GENERATION_PROJECT,BUILD_YEAR,gen_overnight_cost,gen_fixed_om,gen_storage_energy_overnight_cost,gen_storage_energy_fixed_om
BASN_id_natural_gas_fired_combined_cycle_1,2012,0.0,16492.0,.,.
BASN_nv_natural_gas_fired_combined_cycle_1,1967,0.0,11560.731,.,.
BASN_nv_natural_gas_fired_combined_cycle_1,1970,0.0,11560.731,.,.
BASN_nv_natural_gas_fired_combined_cycle_1,1972,0.0,11560.731,.,.
BASN_nv_natural_gas_fired_combined_cycle_1,1979,0.0,11560.731,.,.
BASN_nv_natural_gas_fired_combined_cycle_1,1980,0.0,11560.731,.,.
BASN_nv_natural_gas_fired_combined_cycle_1,1982,0.0,11560.731,.,.
BASN_nv_natural_gas_fired_combined_cycle_1,1993,0.0,11560.731,.,.
BASN_nv_natural_gas_fired_combined_cycle_1,1994,0.0,11560.731,.,.
BASN_nv_natural_gas_fired_combined_cycle_1,1996,0.0,11560.731,.,.
BASN_nv_natural_gas_fired_combined_cycle_1,2003,0.0,11560.731,.,.
BASN_nv_natural_gas_fired_combined_cycle_1,2004,0.0,11560.731,.,.
BASN_nv_natural_gas_fired_combined_cycle_1,2006,0.0,11560.731,.,.
BASN_nv_natural_gas_fired_combined_cycle_1,2008,0.0,11560.731,.,.
BASN_nv_natural_gas_fired_combined_cycle_1,2011,0.0,11560.731,.,.
BASN_ut_natural_gas_fired_combined_cycle_1,2004,0.0,11250.964,.,.
BASN_ut_natural_gas_fired_combined_cycle_1,2005,0.0,11250.964,.,.
BASN_ut_natural_gas_fired_combined_cycle_1,2006,0.0,11250.964,.,.
BASN_ut_natural_gas_fired_combined_cycle_1,2007,0.0,11250.964,.,.
BASN_ut_natural_gas_fired_combined_cycle_1,2014,0.0,11250.964,.,.
BASN_ut_natural_gas_fired_combined_cycle_1,2025,0.0,11250.964,.,.
BASN_id_natural_gas_fired_combustion_turbine_1,2001,0.0,10931.0,.,.
BASN_id_natural_gas_fired_combustion_turbine_1,2005,0.0,10931.0,.,.
BASN_id_natural_gas_fired_combustion_turbine_1,2008,0.0,10931.0,.,.
BASN_id_natural_gas_fired_combustion_turbine_2,2015,0.0,13412.0,.,.
BASN_nv_natural_gas_fired_combustion_turbine_1,1973,0.0,9488.545,.,.
BASN_nv_natural_gas_fired_combustion_turbine_1,1995,0.0,9488.545,.,.
BASN_nv_natural_gas_fired_combustion_turbine_1,2006,0.0,9488.545,.,.
BASN_nv_natural_gas_fired_combustion_turbine_1,2008,0.0,9488.545,.,.
BASN_nv_natural_gas_fired_combustion_turbine_2,1991,0.0,10984.07,.,.
BASN_nv_natural_gas_fired_combustion_turbine_2,1994,0.0,10984.07,.,.
BASN_nv_natural_gas_fired_combustion_turbine_2,2009,0.0,10984.07,.,.
BASN_ut_natural_gas_fired_combustion_turbine_1,1972,0.0,13412.0,.,.
BASN_ut_natural_gas_fired_combustion_turbine_1,2001,0.0,13412.0,.,.
BASN_ut_natural_gas_fired_combustion_turbine_1,2002,0.0,13412.0,.,.
BASN_ut_natural_gas_fired_combustion_turbine_1,2004,0.0,13412.0,.,.
BASN_ut_natural_gas_fired_combustion_turbine_1,2006,0.0,13412.0,.,.
BASN_ut_natural_gas_fired_combustion_turbine_1,2008,0.0,13412.0,.,.
BASN_ut_natural_gas_fired_combustion_turbine_1,2010,0.0,13412.0,.,.
BASN_ut_natural_gas_fired_combustion_turbine_1,2012,0.0,13412.0,.,.
BASN_ut_natural_gas_fired_combustion_turbine_1,2019,0.0,13412.0,.,.
BASN_ut_natural_gas_fired_combustion_turbine_2,1982,0.0,10931.0,.,.
BASN_ut_natural_gas_fired_combustion_turbine_2,2001,0.0,10931.0,.,.
BASN_ut_natural_gas_fired_combustion_turbine_2,2002,0.0,10931.0,.,.
BASN_nv_natural_gas_internal_combustion_engine_1,2005,0.0,24000.0,.,.
BASN_ut_natural_gas_internal_combustion_engine_1,1986,0.0,24000.0,.,.
BASN_ut_natural_gas_internal_combustion_engine_1,1988,0.0,24000.0,.,.
BASN_ut_natural_gas_internal_combustion_engine_1,1989,0.0,24000.0,.,.
BASN_ut_natural_gas_internal_combustion_engine_1,1995,0.0,24000.0,.,.
BASN_ut_natural_gas_internal_combustion_engine_1,1996,0.0,24000.0,.,.
BASN_ut_natural_gas_internal_combustion_engine_1,2000,0.0,24000.0,.,.
BASN_ut_natural_gas_internal_combustion_engine_1,2002,0.0,24000.0,.,.
BASN_ut_natural_gas_internal_combustion_engine_1,2003,0.0,24000.0,.,.
BASN_ut_natural_gas_internal_combustion_engine_1,2004,0.0,24000.0,.,.
BASN_ut_natural_gas_internal_combustion_engine_1,2006,0.0,24000.0,.,.
BASN_ut_natural_gas_internal_combustion_engine_1,2007,0.0,24000.0,.,.
BASN_ut_natural_gas_internal_combustion_engine_1,2008,0.0,24000.0,.,.
BASN_ut_natural_gas_internal_combustion_engine_1,2015,0.0,24000.0,.,.
BASN_ut_natural_gas_internal_combustion_engine_1,2016,0.0,24000.0,.,.
BASN_ut_natural_gas_internal_combustion_engine_1,2018,0.0,24000.0,.,.
BASN_ut_natural_gas_internal_combustion_engine_1,2022,0.0,24000.0,.,.
BASN_id_natural_gas_steam_turbine_1,1948,0.0,51303.0,.,.
BASN_id_natural_gas_steam_turbine_1,1968,0.0,51303.0,.,.
BASN_id_natural_gas_steam_turbine_1,1994,0.0,51303.0,.,.
BASN_nv_natural_gas_steam_turbine_1,1974,0.0,51303.0,.,.
BASN_nv_natural_gas_steam_turbine_1,1978,0.0,51303.0,.,.
BASN_ut_natural_gas_steam_turbine_1,1982,0.0,51303.0,.,.
CANO_ca_natural_gas_fired_combined_cycle_1,1987,0.0,16492.0,.,.
CANO_ca_natural_gas_fired_combined_cycle_1,1989,0.0,16492.0,.,.
CANO_ca_natural_gas_fired_combined_cycle_1,1990,0.0,16492.0,.,.
CANO_ca_natural_gas_fired_combined_cycle_1,1992,0.0,16492.0,.,.
CANO_ca_natural_gas_fired_combined_cycle_1,1995,0.0,16492.0,.,.
CANO_ca_natural_gas_fired_combined_cycle_1,1996,0.0,16492.0,.,.
CANO_ca_natural_gas_fired_combined_cycle_1,1997,0.0,16492.0,.,.
CANO_ca_natural_gas_fired_combined_cycle_1,2002,0.0,16492.0,.,.
CANO_ca_natural_gas_fired_combined_cycle_1,2003,0.0,16492.0,.,.
CANO_ca_natural_gas_fired_combined_cycle_1,2004,0.0,16492.0,.,.
CANO_ca_natural_gas_fired_combined_cycle_1,2005,0.0,16492.0,.,.
CANO_ca_natural_gas_fired_combined_cycle_1,2006,0.0,16492.0,.,.
CANO_ca_natural_gas_fired_combined_cycle_1,2007,0.0,16492.0,.,.
CANO_ca_natural_gas_fired_combined_cycle_1,2011,0.0,16492.0,.,.
CANO_ca_natural_gas_fired_combined_cycle_1,2012,0.0,16492.0,.,.
CANO_ca_natural_gas_fired_combined_cycle_1,2013,0.0,16492.0,.,.
CANO_ca_natural_gas_fired_combined_cycle_2,2001,0.0,10426.862,.,.
CANO_ca_natural_gas_fired_combined_cycle_2,2002,0.0,10426.862,.,.
CANO_ca_natural_gas_fired_combined_cycle_2,2003,0.0,10426.862,.,.
CANO_ca_natural_gas_fired_combined_cycle_2,2005,0.0,10426.862,.,.
CANO_ca_natural_gas_fired_combined_cycle_2,2006,0.0,10426.862,.,.
CANO_ca_natural_gas_fired_combined_cycle_2,2009,0.0,10426.862,.,.
CANO_ca_natural_gas_fired_combined_cycle_2,2010,0.0,10426.862,.,.
CANO_ca_natural_gas_fired_combined_cycle_2,2013,0.0,10426.862,.,.
CANO_ca_natural_gas_fired_combustion_turbine_1,1989,0.0,9973.255,.,.
CANO_ca_natural_gas_fired_combustion_turbine_1,1996,0.0,9973.255,.,.
CANO_ca_natural_gas_fired_combustion_turbine_1,2001,0.0,9973.255,.,.
CANO_ca_natural_gas_fired_combustion_turbine_1,2002,0.0,9973.255,.,.
CANO_ca_natural_gas_fired_combustion_turbine_1,2006,0.0,9973.255,.,.
CANO_ca_natural_gas_fired_combustion_turbine_1,2009,0.0,9973.255,.,.
CANO_ca_natural_gas_fired_combustion_turbine_1,2012,0.0,9973.255,.,.
CANO_ca_natural_gas_fired_combustion_turbine_1,2013,0.0,9973.255,.,.
CANO_ca_natural_gas_fired_combustion_turbine_2,1973,0.0,13412.0,.,.
CANO_ca_natural_gas_fired_combustion_turbine_2,1980,0.0,13412.0,.,.
CANO_ca_natural_gas_fired_combustion_turbine_2,1981,0.0,13412.0,.,.
CANO_ca_natural_gas_fired_combustion_turbine_2,1982,0.0,13412.0,.,.
CANO_ca_natural_gas_fired_combustion_turbine_2,1986,0.0,13412.0,.,.
CANO_ca_natural_gas_fired_combustion_turbine_2,1987,0.0,13412.0,.,.
CANO_ca_natural_gas_fired_combustion_turbine_2,1988,0.0,13412.0,.,.
CANO_ca_natural_gas_fired_combustion_turbine_2,1989,0.0,13412.0,.,.
CANO_ca_natural_gas_fired_combustion_turbine_2,1990,0.0,13412.0,.,.
CANO_ca_natural_gas_fired_combustion_turbine_2,1991,0.0,13412.0,.,.
CANO_ca_natural_gas_fired_combustion_turbine_2,1992,0.0,13412.0,.,.
CANO_ca_natural_gas_fired_combustion_turbine_2,1993,0.0,13412.0,.,.
CANO_ca_natural_gas_fired_combustion_turbine_2,1995,0.0,13412.0,.,.
CANO_ca_natural_gas_fired_combustion_turbine_2,1996,0.0,13412.0,.,.
CANO_ca_natural_gas_fired_combustion_turbine_2,2001,0.0,13412.0,.,.
CANO_ca_natural_gas_fired_combustion_turbine_2,2002,0.0,13412.0,.,.
CANO_ca_natural_gas_fired_combustion_turbine_2,2003,0.0,13412.0,.,.
CANO_ca_natural_gas_fired_combustion_turbine_2,2005,0.0,13412.0,.,.
CANO_ca_natural_gas_fired_combustion_turbine_2,2015,0.0,13412.0,.,.
CANO_ca_natural_gas_fired_combustion_turbine_2,2016,0.0,13412.0,.,.
CANO_ca_natural_gas_fired_combustion_turbine_2,2022,0.0,13412.0,.,.
CANO_ca_natural_gas_internal_combustion_engine_1,1987,0.0,24000.0,.,.
CANO_ca_natural_gas_internal_combustion_engine_1,1989,0.0,24000.0,.,.
CANO_ca_natural_gas_internal_combustion_engine_1,1990,0.0,24000.0,.,.
CANO_ca_natural_gas_internal_combustion_engine_1,1997,0.0,24000.0,.,.
CANO_ca_natural_gas_internal_combustion_engine_1,2001,0.0,24000.0,.,.
CANO_ca_natural_gas_internal_combustion_engine_1,2002,0.0,24000.0,.,.
CANO_ca_natural_gas_internal_combustion_engine_1,2003,0.0,24000.0,.,.
CANO_ca_natural_gas_internal_combustion_engine_1,2004,0.0,24000.0,.,.
CANO_ca_natural_gas_internal_combustion_engine_1,2007,0.0,24000.0,.,.
CANO_ca_natural_gas_internal_combustion_engine_1,2008,0.0,24000.0,.,.
CANO_ca_natural_gas_internal_combustion_engine_1,2010,0.0,24000.0,.,.
CANO_ca_natural_gas_internal_combustion_engine_1,2011,0.0,24000.0,.,.
CANO_ca_natural_gas_internal_combustion_engine_1,2020,0.0,24000.0,.,.
CANO_ca_natural_gas_internal_combustion_engine_1,2023,0.0,24000.0,.,.
CANO_ca_natural_gas_steam_turbine_1,2010,0.0,51303.0,.,.
CASO_ca_natural_gas_fired_combined_cycle_1,1949,0.0,16492.0,.,.
CASO_ca_natural_gas_fired_combined_cycle_1,1977,0.0,16492.0,.,.
CASO_ca_natural_gas_fired_combined_cycle_1,1987,0.0,16492.0,.,.
CASO_ca_natural_gas_fired_combined_cycle_1,1988,0.0,16492.0,.,.
CASO_ca_natural_gas_fired_combined_cycle_1,1989,0.0,16492.0,.,.
CASO_ca_natural_gas_fired_combined_cycle_1,1990,0.0,16492.0,.,.
CASO_ca_natural_gas_fired_combined_cycle_1,1993,0.0,16492.0,.,.
CASO_ca_natural_gas_fired_combined_cycle_1,1994,0.0,16492.0,.,.
CASO_ca_natural_gas_fired_combined_cycle_1,1996,0.0,16492.0,.,.
CASO_ca_natural_gas_fired_combined_cycle_1,2001,0.0,16492.0,.,.
CASO_ca_natural_gas_fired_combined_cycle_1,2002,0.0,16492.0,.,.
CASO_ca_natural_gas_fired_combined_cycle_1,2003,0.0,16492.0,.,.
CASO_ca_natural_gas_fired_combined_cycle_1,2005,0.0,16492.0,.,.
CASO_ca_natural_gas_fired_combined_cycle_1,2007,0.0,16492.0,.,.
CASO_ca_natural_gas_fired_combined_cycle_1,2013,0.0,16492.0,.,.
CASO_ca_natural_gas_fired_combined_cycle_1,2015,0.0,16492.0,.,.
CASO_ca_natural_gas_fired_combined_cycle_1,2016,0.0,16492.0,.,.
CASO_ca_natural_gas_fired_combined_cycle_2,2003,0.0,10164.586,.,.
CASO_ca_natural_gas_fired_combined_cycle_2,2005,0.0,10164.586,.,.
CASO_ca_natural_gas_fired_combined_cycle_2,2006,0.0,10164.586,.,.
CASO_ca_natural_gas_fired_combined_cycle_2,2009,0.0,10164.586,.,.
CASO_ca_natural_gas_fired_combined_cycle_2,2013,0.0,10164.586,.,.
CASO_ca_natural_gas_fired_combined_cycle_2,2020,0.0,10164.586,.,.
CASO_ca_natural_gas_fired_combustion_turbine_1,1969,0.0,13412.0,.,.
CASO_ca_natural_gas_fired_combustion_turbine_1,1974,0.0,13412.0,.,.
CASO_ca_natural_gas_fired_combustion_turbine_1,1982,0.0,13412.0,.,.
CASO_ca_natural_gas_fired_combustion_turbine_1,1983,0.0,13412.0,.,.
CASO_ca_natural_gas_fired_combustion_turbine_1,1984,0.0,13412.0,.,.
CASO_ca_natural_gas_fired_combustion_turbine_1,1985,0.0,13412.0,.,.
CASO_ca_natural_gas_fired_combustion_turbine_1,1986,0.0,13412.0,.,.
CASO_ca_natural_gas_fired_combustion_turbine_1,1987,0.0,13412.0,.,.
CASO_ca_natural_gas_fired_combustion_turbine_1,1989,0.0,13412.0,.,.
CASO_ca_natural_gas_fired_combustion_turbine_1,1990,0.0,13412.0,.,.
CASO_ca_natural_gas_fired_combustion_turbine_1,1992,0.0,13412.0,.,.
CASO_ca_natural_gas_fired_combustion_turbine_1,1994,0.0,13412.0,.,.
CASO_ca_natural_gas_fired_combustion_turbine_1,1995,0.0,13412.0,.,.
CASO_ca_natural_gas_fired_combustion_turbine_1,2000,0.0,13412.0,.,.
CASO_ca_natural_gas_fired_combustion_turbine_1,2001,0.0,13412.0,.,.
CASO_ca_natural_gas_fired_combustion_turbine_1,2002,0.0,13412.0,.,.
CASO_ca_natural_gas_fired_combustion_turbine_1,2003,0.0,13412.0,.,.
CASO_ca_natural_gas_fired_combustion_turbine_1,2004,0.0,13412.0,.,.
CASO_ca_natural_gas_fired_combustion_turbine_1,2005,0.0,13412.0,.,.
CASO_ca_natural_gas_fired_combustion_turbine_1,2007,0.0,13412.0,.,.
CASO_ca_natural_gas_fired_combustion_turbine_1,2008,0.0,13412.0,.,.
CASO_ca_natural_gas_fired_combustion_turbine_1,2009,0.0,13412.0,.,.
CASO_ca_natural_gas_fired_combustion_turbine_1,2010,0.0,13412.0,.,.
CASO_ca_natural_gas_fired_combustion_turbine_1,2012,0.0,13412.0,.,.
CASO_ca_natural_gas_fired_combustion_turbine_1,2013,0.0,13412.0,.,.
CASO_ca_natural_gas_fired_combustion_turbine_1,2014,0.0,13412.0,.,.
CASO_ca_natural_gas_fired_combustion_turbine_1,2015,0.0,13412.0,.,.
CASO_ca_natural_gas_fired_combustion_turbine_1,2016,0.0,13412.0,.,.
CASO_ca_natural_gas_fired_combustion_turbine_1,2017,0.0,13412.0,.,.
CASO_ca_natural_gas_fired_combustion_turbine_1,2019,0.0,13412.0,.,.
CASO_ca_natural_gas_fired_combustion_turbine_2,1976,0.0,9715.147,.,.
CASO_ca_natural_gas_fired_combustion_turbine_2,1985,0.0,9715.147,.,.
CASO_ca_natural_gas_fired_combustion_turbine_2,1987,0.0,9715.147,.,.
CASO_ca_natural_gas_fired_combustion_turbine_2,2001,0.0,9715.147,.,.
CASO_ca_natural_gas_fired_combustion_turbine_2,2002,0.0,9715.147,.,.
CASO_ca_natural_gas_fired_combustion_turbine_2,2004,0.0,9715.147,.,.
CASO_ca_natural_gas_fired_combustion_turbine_2,2006,0.0,9715.147,.,.
CASO_ca_natural_gas_fired_combustion_turbine_2,2011,0.0,9715.147,.,.
CASO_ca_natural_gas_fired_combustion_turbine_2,2013,0.0,9715.147,.,.
CASO_ca_natural_gas_fired_combustion_turbine_2,2015,0.0,9715.147,.,.
CASO_ca_natural_gas_fired_combustion_turbine_2,2016,0.0,9715.147,.,.
CASO_ca_natural_gas_fired_combustion_turbine_2,2018,0.0,9715.147,.,.
CASO_ca_natural_gas_fired_combustion_turbine_2,2020,0.0,9715.147,.,.
CASO_ca_natural_gas_internal_combustion_engine_1,1985,0.0,24000.0,.,.
CASO_ca_natural_gas_internal_combustion_engine_1,2001,0.0,24000.0,.,.
CASO_ca_natural_gas_internal_combustion_engine_1,2002,0.0,24000.0,.,.
CASO_ca_natural_gas_internal_combustion_engine_1,2005,0.0,24000.0,.,.
CASO_ca_natural_gas_internal_combustion_engine_1,2006,0.0,24000.0,.,.
CASO_ca_natural_gas_internal_combustion_engine_1,2012,0.0,24000.0,.,.
CASO_ca_natural_gas_internal_combustion_engine_1,2013,0.0,24000.0,.,.
CASO_ca_natural_gas_internal_combustion_engine_1,2015,0.0,24000.0,.,.
CASO_ca_natural_gas_internal_combustion_engine_1,2018,0.0,24000.0,.,.
CASO_ca_natural_gas_internal_combustion_engine_1,2021,0.0,24000.0,.,.
CASO_ca_natural_gas_internal_combustion_engine_1,2022,0.0,24000.0,.,.
CASO_ca_natural_gas_internal_combustion_engine_1,2023,0.0,24000.0,.,.
CASO_ca_natural_gas_steam_turbine_1,1953,0.0,30424.069,.,.
CASO_ca_natural_gas_steam_turbine_1,1954,0.0,30424.069,.,.
CASO_ca_natural_gas_steam_turbine_1,1957,0.0,30424.069,.,.
CASO_ca_natural_gas_steam_turbine_1,1958,0.0,30424.069,.,.
CASO_ca_natural_gas_steam_turbine_1,1959,0.0,30424.069,.,.
CASO_ca_natural_gas_steam_turbine_1,1961,0.0,30424.069,.,.
CASO_ca_natural_gas_steam_turbine_1,1962,0.0,30424.069,.,.
CASO_ca_natural_gas_steam_turbine_1,1963,0.0,30424.069,.,.
CASO_ca_natural_gas_steam_turbine_1,1964,0.0,30424.069,.,.
CASO_ca_natural_gas_steam_turbine_1,1967,0.0,30424.069,.,.
CASO_ca_natural_gas_steam_turbine_1,1974,0.0,30424.069,.,.
CASO_ca_natural_gas_steam_turbine_1,1982,0.0,30424.069,.,.
FRCC_fl_natural_gas_fired_combined_cycle_1,1958,0.0,12042.91,.,.
FRCC_fl_natural_gas_fired_combined_cycle_1,1965,0.0,12042.91,.,.
FRCC_fl_natural_gas_fired_combined_cycle_1,1967,0.0,12042.91,.,.
FRCC_fl_natural_gas_fired_combined_cycle_1,1969,0.0,12042.91,.,.
FRCC_fl_natural_gas_fired_combined_cycle_1,1974,0.0,12042.91,.,.
FRCC_fl_natural_gas_fired_combined_cycle_1,1994,0.0,12042.91,.,.
FRCC_fl_natural_gas_fired_combined_cycle_1,1995,0.0,12042.91,.,.
FRCC_fl_natural_gas_fired_combined_cycle_1,1999,0.0,12042.91,.,.
FRCC_fl_natural_gas_fired_combined_cycle_1,2000,0.0,12042.91,.,.
FRCC_fl_natural_gas_fired_combined_cycle_1,2001,0.0,12042.91,.,.
FRCC_fl_natural_gas_fired_combined_cycle_1,2002,0.0,12042.91,.,.
FRCC_fl_natural_gas_fired_combined_cycle_1,2003,0.0,12042.91,.,.
FRCC_fl_natural_gas_fired_combined_cycle_1,2004,0.0,12042.91,.,.
FRCC_fl_natural_gas_fired_combined_cycle_1,2005,0.0,12042.91,.,.
FRCC_fl_natural_gas_fired_combined_cycle_1,2007,0.0,12042.91,.,.
FRCC_fl_natural_gas_fired_combined_cycle_1,2009,0.0,12042.91,.,.
FRCC_fl_natural_gas_fired_combined_cycle_1,2011,0.0,12042.91,.,.
FRCC_fl_natural_gas_fired_combined_cycle_1,2013,0.0,12042.91,.,.
FRCC_fl_natural_gas_fired_combined_cycle_1,2014,0.0,12042.91,.,.
FRCC_fl_natural_gas_fired_combined_cycle_1,2016,0.0,12042.91,.,.
FRCC_fl_natural_gas_fired_combined_cycle_1,2017,0.0,12042.91,.,.
FRCC_fl_natural_gas_fired_combined_cycle_1,2018,0.0,12042.91,.,.
FRCC_fl_natural_gas_fired_combined_cycle_1,2019,0.0,12042.91,.,.
FRCC_fl_natural_gas_fired_combined_cycle_1,2022,0.0,12042.91,.,.
FRCC_fl_natural_gas_fired_combined_cycle_1,2023,0.0,12042.91,.,.
FRCC_fl_natural_gas_fired_combined_cycle_1,2026,0.0,12042.91,.,.
FRCC_fl_natural_gas_fired_combined_cycle_2,1956,0.0,16492.0,.,.
FRCC_fl_natural_gas_fired_combined_cycle_2,1977,0.0,16492.0,.,.
FRCC_fl_natural_gas_fired_combined_cycle_2,1978,0.0,16492.0,.,.
FRCC_fl_natural_gas_fired_combined_cycle_2,1989,0.0,16492.0,.,.
FRCC_fl_natural_gas_fired_combined_cycle_2,1992,0.0,16492.0,.,.
FRCC_fl_natural_gas_fired_combined_cycle_2,1993,0.0,16492.0,.,.
FRCC_fl_natural_gas_fired_combined_cycle_2,1994,0.0,16492.0,.,.
FRCC_fl_natural_gas_fired_combined_cycle_2,1995,0.0,16492.0,.,.
FRCC_fl_natural_gas_fired_combined_cycle_2,1997,0.0,16492.0,.,.
FRCC_fl_natural_gas_fired_combined_cycle_2,2000,0.0,16492.0,.,.
FRCC_fl_natural_gas_fired_combined_cycle_2,2001,0.0,16492.0,.,.
FRCC_fl_natural_gas_fired_combined_cycle_2,2002,0.0,16492.0,.,.
FRCC_fl_natural_gas_fired_combined_cycle_2,2008,0.0,16492.0,.,.
FRCC_fl_natural_gas_fired_combined_cycle_2,2010,0.0,16492.0,.,.
FRCC_fl_natural_gas_fired_combined_cycle_2,2021,0.0,16492.0,.,.
FRCC_fl_natural_gas_fired_combustion_turbine_1,1970,0.0,9265.561,.,.
FRCC_fl_natural_gas_fired_combustion_turbine_1,1989,0.0,9265.561,.,.
FRCC_fl_natural_gas_fired_combustion_turbine_1,1992,0.0,9265.561,.,.
FRCC_fl_natural_gas_fired_combustion_turbine_1,1993,0.0,9265.561,.,.
FRCC_fl_natural_gas_fired_combustion_turbine_1,2000,0.0,9265.561,.,.
FRCC_fl_natural_gas_fired_combustion_turbine_1,2001,0.0,9265.561,.,.
FRCC_fl_natural_gas_fired_combustion_turbine_1,2002,0.0,9265.561,.,.
FRCC_fl_natural_gas_fired_combustion_turbine_1,2003,0.0,9265.561,.,.
FRCC_fl_natural_gas_fired_combustion_turbine_1,2006,0.0,9265.561,.,.
FRCC_fl_natural_gas_fired_combustion_turbine_1,2007,0.0,9265.561,.,.
FRCC_fl_natural_gas_fired_combustion_turbine_1,2009,0.0,9265.561,.,.
FRCC_fl_natural_gas_fired_combustion_turbine_1,2011,0.0,9265.561,.,.
FRCC_fl_natural_gas_fired_combustion_turbine_1,2016,0.0,9265.561,.,.
FRCC_fl_natural_gas_fired_combustion_turbine_1,2021,0.0,9265.561,.,.
FRCC_fl_natural_gas_fired_combustion_turbine_2,1962,0.0,11570.659,.,.
FRCC_fl_natural_gas_fired_combustion_turbine_2,1972,0.0,11570.659,.,.
FRCC_fl_natural_gas_fired_combustion_turbine_2,1973,0.0,11570.659,.,.
FRCC_fl_natural_gas_fired_combustion_turbine_2,1976,0.0,11570.659,.,.
FRCC_fl_natural_gas_fired_combustion_turbine_2,1980,0.0,11570.659,.,.
FRCC_fl_natural_gas_fired_combustion_turbine_2,1983,0.0,11570.659,.,.
FRCC_fl_natural_gas_fired_combustion_turbine_2,1986,0.0,11570.659,.,.
FRCC_fl_natural_gas_fired_combustion_turbine_2,1987,0.0,11570.659,.,.
FRCC_fl_natural_gas_fired_combustion_turbine_2,1989,0.0,11570.659,.,.
FRCC_fl_natural_gas_fired_combustion_turbine_2,1990,0.0,11570.659,.,.
FRCC_fl_natural_gas_fired_combustion_turbine_2,1992,0.0,11570.659,.,.
FRCC_fl_natural_gas_fired_combustion_turbine_2,1993,0.0,11570.659,.,.
FRCC_fl_natural_gas_fired_combustion_turbine_2,1994,0.0,11570.659,.,.
FRCC_fl_natural_gas_fired_combustion_turbine_2,1996,0.0,11570.659,.,.
FRCC_fl_natural_gas_fired_combustion_turbine_2,2000,0.0,11570.659,.,.
FRCC_fl_natural_gas_fired_combustion_turbine_2,2005,0.0,11570.659,.,.
FRCC_fl_natural_gas_fired_combustion_turbine_2,2009,0.0,11570.659,.,.
FRCC_fl_natural_gas_fired_combustion_turbine_2,2015,0.0,11570.659,.,.
FRCC_fl_natural_gas_fired_combustion_turbine_2,2016,0.0,11570.659,.,.
FRCC_fl_natural_gas_fired_combustion_turbine_2,2020,0.0,11570.659,.,.
FRCC_fl_natural_gas_internal_combustion_engine_1,2017,0.0,24000.0,.,.
FRCC_fl_natural_gas_internal_combustion_engine_1,2018,0.0,24000.0,.,.
FRCC_fl_natural_gas_internal_combustion_engine_1,2019,0.0,24000.0,.,.
FRCC_fl_natural_gas_internal_combustion_engine_1,2020,0.0,24000.0,.,.
FRCC_fl_natural_gas_internal_combustion_engine_1,2023,0.0,24000.0,.,.
FRCC_fl_natural_gas_internal_combustion_engine_1,2024,0.0,24000.0,.,.
FRCC_fl_natural_gas_steam_turbine_1,1957,0.0,29699.146,.,.
FRCC_fl_natural_gas_steam_turbine_1,1960,0.0,29699.146,.,.
FRCC_fl_natural_gas_steam_turbine_1,1964,0.0,29699.146,.,.
FRCC_fl_natural_gas_steam_turbine_1,1967,0.0,29699.146,.,.
FRCC_fl_natural_gas_steam_turbine_1,1970,0.0,29699.146,.,.
FRCC_fl_natural_gas_steam_turbine_1,1974,0.0,29699.146,.,.
FRCC_fl_natural_gas_steam_turbine_1,1976,0.0,29699.146,.,.
FRCC_fl_natural_gas_steam_turbine_1,1977,0.0,29699.146,.,.
FRCC_fl_natural_gas_steam_turbine_1,1978,0.0,29699.146,.,.
FRCC_fl_natural_gas_steam_turbine_1,1981,0.0,29699.146,.,.
ISNE_ct_natural_gas_fired_combined_cycle_1,1965,0.0,16492.0,.,.
ISNE_ct_natural_gas_fired_combined_cycle_1,1990,0.0,16492.0,.,.
ISNE_ct_natural_gas_fired_combined_cycle_1,2006,0.0,16492.0,.,.
ISNE_ct_natural_gas_fired_combined_cycle_1,2008,0.0,16492.0,.,.
ISNE_ct_natural_gas_fired_combined_cycle_1,2010,0.0,16492.0,.,.
ISNE_ct_natural_gas_fired_combined_cycle_1,2012,0.0,16492.0,.,.
ISNE_ct_natural_gas_fired_combined_cycle_1,2016,0.0,16492.0,.,.
ISNE_ct_natural_gas_fired_combined_cycle_1,2024,0.0,16492.0,.,.
ISNE_ct_natural_gas_fired_combined_cycle_2,1998,0.0,9787.0,.,.
ISNE_ct_natural_gas_fired_combined_cycle_2,1999,0.0,9787.0,.,.
ISNE_ct_natural_gas_fired_combined_cycle_2,2002,0.0,9787.0,.,.
ISNE_ct_natural_gas_fired_combined_cycle_2,2004,0.0,9787.0,.,.
ISNE_ct_natural_gas_fired_combined_cycle_2,2011,0.0,9787.0,.,.
ISNE_ct_natural_gas_fired_combined_cycle_2,2018,0.0,9787.0,.,.
ISNE_ct_natural_gas_fired_combined_cycle_2,2019,0.0,9787.0,.,.
ISNE_ma_natural_gas_fired_combined_cycle_1,1958,0.0,16492.0,.,.
ISNE_ma_natural_gas_fired_combined_cycle_1,1975,0.0,16492.0,.,.
ISNE_ma_natural_gas_fired_combined_cycle_1,1976,0.0,16492.0,.,.
ISNE_ma_natural_gas_fired_combined_cycle_1,1977,0.0,16492.0,.,.
ISNE_ma_natural_gas_fired_combined_cycle_1,1981,0.0,16492.0,.,.
ISNE_ma_natural_gas_fired_combined_cycle_1,1990,0.0,16492.0,.,.
ISNE_ma_natural_gas_fired_combined_cycle_1,1991,0.0,16492.0,.,.
ISNE_ma_natural_gas_fired_combined_cycle_1,1992,0.0,16492.0,.,.
ISNE_ma_natural_gas_fired_combined_cycle_1,1993,0.0,16492.0,.,.
ISNE_ma_natural_gas_fired_combined_cycle_1,1999,0.0,16492.0,.,.
ISNE_ma_natural_gas_fired_combined_cycle_1,2001,0.0,16492.0,.,.
ISNE_ma_natural_gas_fired_combined_cycle_1,2002,0.0,16492.0,.,.
ISNE_ma_natural_gas_fired_combined_cycle_1,2008,0.0,16492.0,.,.
ISNE_ma_natural_gas_fired_combined_cycle_2,1964,0.0,10745.239,.,.
ISNE_ma_natural_gas_fired_combined_cycle_2,2001,0.0,10745.239,.,.
ISNE_ma_natural_gas_fired_combined_cycle_2,2002,0.0,10745.239,.,.
ISNE_ma_natural_gas_fired_combined_cycle_2,2003,0.0,10745.239,.,.
ISNE_ma_natural_gas_fired_combined_cycle_2,2018,0.0,10745.239,.,.
ISNE_me_natural_gas_fired_combined_cycle_1,2000,0.0,9787.0,.,.
ISNE_me_natural_gas_fired_combined_cycle_1,2001,0.0,9787.0,.,.
ISNE_me_natural_gas_fired_combined_cycle_2,2000,0.0,16492.0,.,.
ISNE_nh_natural_gas_fired_combined_cycle_1,2003,0.0,9787.0,.,.
ISNE_nh_natural_gas_fired_combined_cycle_2,2002,0.0,9787.0,.,.
ISNE_ri_natural_gas_fired_combined_cycle_1,1995,0.0,9787.0,.,.
ISNE_ri_natural_gas_fired_combined_cycle_1,2002,0.0,9787.0,.,.
ISNE_ri_natural_gas_fired_combined_cycle_2,1990,0.0,16492.0,.,.
ISNE_ri_natural_gas_fired_combined_cycle_2,1991,0.0,16492.0,.,.
ISNE_ri_natural_gas_fired_combined_cycle_2,2000,0.0,16492.0,.,.
ISNE_ct_natural_gas_fired_combustion_turbine_1,1989,0.0,13412.0,.,.
ISNE_ct_natural_gas_fired_combustion_turbine_1,1992,0.0,13412.0,.,.
ISNE_ct_natural_gas_fired_combustion_turbine_1,2005,0.0,13412.0,.,.
ISNE_ct_natural_gas_fired_combustion_turbine_1,2007,0.0,13412.0,.,.
ISNE_ct_natural_gas_fired_combustion_turbine_1,2008,0.0,13412.0,.,.
ISNE_ct_natural_gas_fired_combustion_turbine_1,2009,0.0,13412.0,.,.
ISNE_ct_natural_gas_fired_combustion_turbine_1,2011,0.0,13412.0,.,.
ISNE_ct_natural_gas_fired_combustion_turbine_1,2024,0.0,13412.0,.,.
ISNE_ct_natural_gas_fired_combustion_turbine_2,2001,0.0,9601.543,.,.
ISNE_ct_natural_gas_fired_combustion_turbine_2,2007,0.0,9601.543,.,.
ISNE_ct_natural_gas_fired_combustion_turbine_2,2009,0.0,9601.543,.,.
ISNE_ct_natural_gas_fired_combustion_turbine_2,2018,0.0,9601.543,.,.
ISNE_ma_natural_gas_fired_combustion_turbine_1,1976,0.0,13412.0,.,.
ISNE_ma_natural_gas_fired_combustion_turbine_1,1990,0.0,13412.0,.,.
ISNE_ma_natural_gas_fired_combustion_turbine_1,2003,0.0,13412.0,.,.
ISNE_ma_natural_gas_fired_combustion_turbine_1,2009,0.0,13412.0,.,.
ISNE_ma_natural_gas_fired_combustion_turbine_1,2011,0.0,13412.0,.,.
ISNE_ma_natural_gas_fired_combustion_turbine_1,2015,0.0,13412.0,.,.
ISNE_ma_natural_gas_fired_combustion_turbine_1,2017,0.0,13412.0,.,.
ISNE_ma_natural_gas_fired_combustion_turbine_2,2006,0.0,10493.286,.,.
ISNE_ma_natural_gas_fired_combustion_turbine_2,2008,0.0,10493.286,.,.
ISNE_ma_natural_gas_fired_combustion_turbine_2,2009,0.0,10493.286,.,.
ISNE_ma_natural_gas_fired_combustion_turbine_2,2013,0.0,10493.286,.,.
ISNE_ma_natural_gas_fired_combustion_turbine_2,2015,0.0,10493.286,.,.
ISNE_ma_natural_gas_fired_combustion_turbine_2,2019,0.0,10493.286,.,.
ISNE_ma_natural_gas_fired_combustion_turbine_2,2021,0.0,10493.286,.,.
ISNE_ma_natural_gas_fired_combustion_turbine_2,2022,0.0,10493.286,.,.
ISNE_ma_natural_gas_fired_combustion_turbine_2,2023,0.0,10493.286,.,.
ISNE_me_natural_gas_fired_combustion_turbine_1,2001,0.0,10931.0,.,.
ISNE_me_natural_gas_fired_combustion_turbine_2,2006,0.0,13412.0,.,.
ISNE_nh_natural_gas_fired_combustion_turbine_1,2000,0.0,13412.0,.,.
ISNE_ri_natural_gas_fired_combustion_turbine_1,2003,0.0,13412.0,.,.
ISNE_ri_natural_gas_fired_combustion_turbine_1,2004,0.0,13412.0,.,.
ISNE_ct_natural_gas_internal_combustion_engine_1,2002,0.0,24000.0,.,.
ISNE_ct_natural_gas_internal_combustion_engine_1,2004,0.0,24000.0,.,.
ISNE_ct_natural_gas_internal_combustion_engine_1,2009,0.0,24000.0,.,.
ISNE_ct_natural_gas_internal_combustion_engine_1,2010,0.0,24000.0,.,.
ISNE_ct_natural_gas_internal_combustion_engine_1,2015,0.0,24000.0,.,.
ISNE_ma_natural_gas_internal_combustion_engine_1,1951,0.0,24000.0,.,.
ISNE_ma_natural_gas_internal_combustion_engine_1,1954,0.0,24000.0,.,.
ISNE_ma_natural_gas_internal_combustion_engine_1,1956,0.0,24000.0,.,.
ISNE_ma_natural_gas_internal_combustion_engine_1,1961,0.0,24000.0,.,.
ISNE_ma_natural_gas_internal_combustion_engine_1,1970,0.0,24000.0,.,.
ISNE_ma_natural_gas_internal_combustion_engine_1,1972,0.0,24000.0,.,.
ISNE_ma_natural_gas_internal_combustion_engine_1,1982,0.0,24000.0,.,.
ISNE_ma_natural_gas_internal_combustion_engine_1,1983,0.0,24000.0,.,.
ISNE_ma_natural_gas_internal_combustion_engine_1,1984,0.0,24000.0,.,.
ISNE_ma_natural_gas_internal_combustion_engine_1,1986,0.0,24000.0,.,.
ISNE_ma_natural_gas_internal_combustion_engine_1,1994,0.0,24000.0,.,.
ISNE_ma_natural_gas_internal_combustion_engine_1,1999,0.0,24000.0,.,.
ISNE_ma_natural_gas_internal_combustion_engine_1,2013,0.0,24000.0,.,.
ISNE_ma_natural_gas_internal_combustion_engine_1,2017,0.0,24000.0,.,.
ISNE_ma_natural_gas_internal_combustion_engine_1,2019,0.0,24000.0,.,.
ISNE_ma_natural_gas_internal_combustion_engine_1,2021,0.0,24000.0,.,.
ISNE_ri_natural_gas_internal_combustion_engine_1,2014,0.0,24000.0,.,.
ISNE_ri_natural_gas_internal_combustion_engine_1,2015,0.0,24000.0,.,.
ISNE_ct_natural_gas_steam_turbine_1,1954,0.0,51303.0,.,.
ISNE_ct_natural_gas_steam_turbine_1,1958,0.0,51303.0,.,.
ISNE_ct_natural_gas_steam_turbine_1,1964,0.0,51303.0,.,.
ISNE_ct_natural_gas_steam_turbine_1,1975,0.0,51303.0,.,.
ISNE_ct_natural_gas_steam_turbine_1,2021,0.0,51303.0,.,.
ISNE_ma_natural_gas_steam_turbine_1,1939,0.0,51303.0,.,.
ISNE_ma_natural_gas_steam_turbine_1,1947,0.0,51303.0,.,.
ISNE_ma_natural_gas_steam_turbine_1,1954,0.0,51303.0,.,.
ISNE_ma_natural_gas_steam_turbine_1,1969,0.0,51303.0,.,.
ISNE_ma_natural_gas_steam_turbine_1,1971,0.0,51303.0,.,.
ISNE_ma_natural_gas_steam_turbine_1,1974,0.0,51303.0,.,.
ISNE_ma_natural_gas_steam_turbine_1,1980,0.0,51303.0,.,.
ISNE_ma_natural_gas_steam_turbine_1,1985,0.0,51303.0,.,.
ISNE_ma_natural_gas_steam_turbine_1,2002,0.0,51303.0,.,.
ISNE_ma_natural_gas_steam_turbine_1,2003,0.0,51303.0,.,.
ISNE_ma_natural_gas_steam_turbine_1,2007,0.0,51303.0,.,.
ISNE_ma_natural_gas_steam_turbine_1,2013,0.0,51303.0,.,.
ISNE_nh_natural_gas_steam_turbine_1,1974,0.0,51303.0,.,.
ISNE_ri_natural_gas_steam_turbine_1,1958,0.0,51303.0,.,.
ISNE_ri_natural_gas_steam_turbine_1,1974,0.0,51303.0,.,.
ISNE_ri_natural_gas_steam_turbine_1,1993,0.0,51303.0,.,.
MISC_ar_natural_gas_fired_combined_cycle_1,2007,0.0,16492.0,.,.
MISC_ia_natural_gas_fired_combined_cycle_1,2004,0.0,16492.0,.,.
MISC_il_natural_gas_fired_combined_cycle_1,1951,0.0,9787.0,.,.
MISC_il_natural_gas_fired_combined_cycle_1,1958,0.0,9787.0,.,.
MISC_il_natural_gas_fired_combined_cycle_1,2001,0.0,9787.0,.,.
MISC_il_natural_gas_fired_combined_cycle_1,2002,0.0,9787.0,.,.
MISC_in_natural_gas_fired_combined_cycle_1,1950,0.0,9787.0,.,.
MISC_in_natural_gas_fired_combined_cycle_1,2002,0.0,9787.0,.,.
MISC_in_natural_gas_fired_combined_cycle_1,2003,0.0,9787.0,.,.
MISC_in_natural_gas_fired_combined_cycle_1,2018,0.0,9787.0,.,.
MISC_mo_natural_gas_fired_combined_cycle_1,1999,0.0,16492.0,.,.
MISC_mo_natural_gas_fired_combined_cycle_1,2000,0.0,16492.0,.,.
MISC_mo_natural_gas_fired_combined_cycle_1,2001,0.0,16492.0,.,.
MISC_ok_natural_gas_fired_combined_cycle_1,2000,0.0,9787.0,.,.
MISC_ok_natural_gas_fired_combined_cycle_1,2011,0.0,9787.0,.,.
MISC_il_natural_gas_fired_combustion_turbine_1,1999,0.0,9715.965,.,.
MISC_il_natural_gas_fired_combustion_turbine_1,2000,0.0,9715.965,.,.
MISC_il_natural_gas_fired_combustion_turbine_1,2001,0.0,9715.965,.,.
MISC_il_natural_gas_fired_combustion_turbine_1,2002,0.0,9715.965,.,.
MISC_il_natural_gas_fired_combustion_turbine_1,2003,0.0,9715.965,.,.
MISC_il_natural_gas_fired_combustion_turbine_1,2005,0.0,9715.965,.,.
MISC_il_natural_gas_fired_combustion_turbine_1,2016,0.0,9715.965,.,.
MISC_il_natural_gas_fired_combustion_turbine_2,1988,0.0,13412.0,.,.
MISC_il_natural_gas_fired_combustion_turbine_2,2000,0.0,13412.0,.,.
MISC_il_natural_gas_fired_combustion_turbine_2,2002,0.0,13412.0,.,.
MISC_il_natural_gas_fired_combustion_turbine_2,2003,0.0,13412.0,.,.
MISC_il_natural_gas_fired_combustion_turbine_2,2012,0.0,13412.0,.,.
MISC_in_natural_gas_fired_combustion_turbine_1,1979,0.0,9307.563,.,.
MISC_in_natural_gas_fired_combustion_turbine_1,1991,0.0,9307.563,.,.
MISC_in_natural_gas_fired_combustion_turbine_1,2000,0.0,9307.563,.,.
MISC_in_natural_gas_fired_combustion_turbine_1,2001,0.0,9307.563,.,.
MISC_in_natural_gas_fired_combustion_turbine_1,2002,0.0,9307.563,.,.
MISC_in_natural_gas_fired_combustion_turbine_2,1993,0.0,10784.608,.,.
MISC_in_natural_gas_fired_combustion_turbine_2,1994,0.0,10784.608,.,.
MISC_in_natural_gas_fired_combustion_turbine_2,1995,0.0,10784.608,.,.
MISC_in_natural_gas_fired_combustion_turbine_2,1997,0.0,10784.608,.,.
MISC_in_natural_gas_fired_combustion_turbine_2,2000,0.0,10784.608,.,.
MISC_in_natural_gas_fired_combustion_turbine_2,2001,0.0,10784.608,.,.
MISC_in_natural_gas_fired_combustion_turbine_2,2002,0.0,10784.608,.,.
MISC_in_natural_gas_fired_combustion_turbine_2,2005,0.0,10784.608,.,.
MISC_in_natural_gas_fired_combustion_turbine_2,2017,0.0,10784.608,.,.
MISC_in_natural_gas_fired_combustion_turbine_2,2021,0.0,10784.608,.,.
MISC_in_natural_gas_fired_combustion_turbine_2,2022,0.0,10784.608,.,.
MISC_in_natural_gas_fired_combustion_turbine_2,2025,0.0,10784.608,.,.
MISC_ky_natural_gas_fired_combustion_turbine_1,1976,0.0,13412.0,.,.
MISC_mo_natural_gas_fired_combustion_turbine_1,1963,0.0,10274.615,.,.
MISC_mo_natural_gas_fired_combustion_turbine_1,1972,0.0,10274.615,.,.
MISC_mo_natural_gas_fired_combustion_turbine_1,1986,0.0,10274.615,.,.
MISC_mo_natural_gas_fired_combustion_turbine_1,1999,0.0,10274.615,.,.
MISC_mo_natural_gas_fired_combustion_turbine_1,2000,0.0,10274.615,.,.
MISC_mo_natural_gas_fired_combustion_turbine_1,2001,0.0,10274.615,.,.
MISC_mo_natural_gas_fired_combustion_turbine_1,2002,0.0,10274.615,.,.
MISC_mo_natural_gas_fired_combustion_turbine_1,2003,0.0,10274.615,.,.
MISC_mo_natural_gas_fired_combustion_turbine_1,2007,0.0,10274.615,.,.
MISC_mo_natural_gas_fired_combustion_turbine_1,2015,0.0,10274.615,.,.
MISC_ia_natural_gas_internal_combustion_engine_1,1955,0.0,24000.0,.,.
MISC_ia_natural_gas_internal_combustion_engine_1,1961,0.0,24000.0,.,.
MISC_ia_natural_gas_internal_combustion_engine_1,1967,0.0,24000.0,.,.
MISC_ia_natural_gas_internal_combustion_engine_1,1971,0.0,24000.0,.,.
MISC_ia_natural_gas_internal_combustion_engine_1,1972,0.0,24000.0,.,.
MISC_ia_natural_gas_internal_combustion_engine_1,1973,0.0,24000.0,.,.
MISC_ia_natural_gas_internal_combustion_engine_1,1992,0.0,24000.0,.,.
MISC_ia_natural_gas_internal_combustion_engine_1,2001,0.0,24000.0,.,.
MISC_il_natural_gas_internal_combustion_engine_1,1953,0.0,24000.0,.,.
MISC_il_natural_gas_internal_combustion_engine_1,1958,0.0,24000.0,.,.
MISC_il_natural_gas_internal_combustion_engine_1,1965,0.0,24000.0,.,.
MISC_il_natural_gas_internal_combustion_engine_1,1967,0.0,24000.0,.,.
MISC_il_natural_gas_internal_combustion_engine_1,1971,0.0,24000.0,.,.
MISC_il_natural_gas_internal_combustion_engine_1,1974,0.0,24000.0,.,.
MISC_il_natural_gas_internal_combustion_engine_1,1976,0.0,24000.0,.,.
MISC_il_natural_gas_internal_combustion_engine_1,1991,0.0,24000.0,.,.
MISC_il_natural_gas_internal_combustion_engine_1,1993,0.0,24000.0,.,.
MISC_il_natural_gas_internal_combustion_engine_1,2017,0.0,24000.0,.,.
MISC_in_natural_gas_internal_combustion_engine_1,1994,0.0,24000.0,.,.
MISC_in_natural_gas_internal_combustion_engine_1,1999,0.0,24000.0,.,.
MISC_in_natural_gas_internal_combustion_engine_1,2006,0.0,24000.0,.,.
MISC_in_natural_gas_internal_combustion_engine_1,2011,0.0,24000.0,.,.
MISC_in_natural_gas_internal_combustion_engine_1,2013,0.0,24000.0,.,.
MISC_in_natural_gas_internal_combustion_engine_1,2020,0.0,24000.0,.,.
MISC_in_natural_gas_internal_combustion_engine_1,2022,0.0,24000.0,.,.
MISC_mo_natural_gas_internal_combustion_engine_1,1956,0.0,24000.0,.,.
MISC_mo_natural_gas_internal_combustion_engine_1,1963,0.0,24000.0,.,.
MISC_mo_natural_gas_internal_combustion_engine_1,1967,0.0,24000.0,.,.
MISC_mo_natural_gas_internal_combustion_engine_1,1969,0.0,24000.0,.,.
MISC_mo_natural_gas_internal_combustion_engine_1,1979,0.0,24000.0,.,.
MISC_mo_natural_gas_internal_combustion_engine_1,1982,0.0,24000.0,.,.
MISC_il_natural_gas_steam_turbine_1,1940,0.0,51303.0,.,.
MISC_il_natural_gas_steam_turbine_1,1948,0.0,51303.0,.,.
MISC_il_natural_gas_steam_turbine_1,1951,0.0,51303.0,.,.
MISC_il_natural_gas_steam_turbine_1,1959,0.0,51303.0,.,.
MISC_il_natural_gas_steam_turbine_1,1962,0.0,51303.0,.,.
MISC_il_natural_gas_steam_turbine_1,1989,0.0,51303.0,.,.
MISC_il_natural_gas_steam_turbine_1,2004,0.0,51303.0,.,.
MISC_in_natural_gas_steam_turbine_1,1938,0.0,51303.0,.,.
MISC_in_natural_gas_steam_turbine_1,1958,0.0,51303.0,.,.
MISC_in_natural_gas_steam_turbine_1,1961,0.0,51303.0,.,.
MISC_in_natural_gas_steam_turbine_1,1969,0.0,51303.0,.,.
MISC_in_natural_gas_steam_turbine_1,1973,0.0,51303.0,.,.
MISC_in_natural_gas_steam_turbine_1,1984,0.0,51303.0,.,.
MISC_in_natural_gas_steam_turbine_1,1995,0.0,51303.0,.,.
MISC_in_natural_gas_steam_turbine_1,1997,0.0,51303.0,.,.
MISC_in_natural_gas_steam_turbine_1,2009,0.0,51303.0,.,.
MISC_in_natural_gas_steam_turbine_1,2017,0.0,51303.0,.,.
MISC_in_natural_gas_steam_turbine_1,2020,0.0,51303.0,.,.
MISC_mo_natural_gas_steam_turbine_1,1939,0.0,51303.0,.,.
MISC_mo_natural_gas_steam_turbine_1,1947,0.0,51303.0,.,.
MISC_mo_natural_gas_steam_turbine_1,1948,0.0,51303.0,.,.
MISC_mo_natural_gas_steam_turbine_1,1961,0.0,51303.0,.,.
MISC_mo_natural_gas_steam_turbine_1,1970,0.0,51303.0,.,.
MISC_mo_natural_gas_steam_turbine_1,1974,0.0,51303.0,.,.
MISC_mo_natural_gas_steam_turbine_1,1986,0.0,51303.0,.,.
MISC_mo_natural_gas_steam_turbine_1,1988,0.0,51303.0,.,.
MISC_mo_natural_gas_steam_turbine_1,1999,0.0,51303.0,.,.
MISC_mo_natural_gas_steam_turbine_1,2017,0.0,51303.0,.,.
MISC_mo_natural_gas_steam_turbine_1,2023,0.0,51303.0,.,.
MISE_mi_natural_gas_fired_combined_cycle_1,1989,0.0,11640.493,.,.
MISE_mi_natural_gas_fired_combined_cycle_1,1990,0.0,11640.493,.,.
MISE_mi_natural_gas_fired_combined_cycle_1,1998,0.0,11640.493,.,.
MISE_mi_natural_gas_fired_combined_cycle_1,2002,0.0,11640.493,.,.
MISE_mi_natural_gas_fired_combined_cycle_1,2004,0.0,11640.493,.,.
MISE_mi_natural_gas_fired_combined_cycle_1,2022,0.0,11640.493,.,.
MISE_mi_natural_gas_fired_combined_cycle_1,2025,0.0,11640.493,.,.
MISE_mi_natural_gas_fired_combined_cycle_2,1975,0.0,16492.0,.,.
MISE_mi_natural_gas_fired_combined_cycle_2,1986,0.0,16492.0,.,.
MISE_mi_natural_gas_fired_combined_cycle_2,1990,0.0,16492.0,.,.
MISE_mi_natural_gas_fired_combined_cycle_2,1992,0.0,16492.0,.,.
MISE_mi_natural_gas_fired_combined_cycle_2,1995,0.0,16492.0,.,.
MISE_mi_natural_gas_fired_combined_cycle_2,1997,0.0,16492.0,.,.
MISE_mi_natural_gas_fired_combined_cycle_2,1999,0.0,16492.0,.,.
MISE_mi_natural_gas_fired_combined_cycle_2,2013,0.0,16492.0,.,.
MISE_mi_natural_gas_fired_combined_cycle_2,2017,0.0,16492.0,.,.
MISE_mi_natural_gas_fired_combined_cycle_2,2019,0.0,16492.0,.,.
MISE_mi_natural_gas_fired_combined_cycle_2,2022,0.0,16492.0,.,.
MISE_mi_natural_gas_fired_combustion_turbine_1,1968,0.0,13412.0,.,.
MISE_mi_natural_gas_fired_combustion_turbine_1,1972,0.0,13412.0,.,.
MISE_mi_natural_gas_fired_combustion_turbine_1,1989,0.0,13412.0,.,.
MISE_mi_natural_gas_fired_combustion_turbine_1,1990,0.0,13412.0,.,.
MISE_mi_natural_gas_fired_combustion_turbine_1,1995,0.0,13412.0,.,.
MISE_mi_natural_gas_fired_combustion_turbine_1,1999,0.0,13412.0,.,.
MISE_mi_natural_gas_fired_combustion_turbine_1,2000,0.0,13412.0,.,.
MISE_mi_natural_gas_fired_combustion_turbine_1,2001,0.0,13412.0,.,.
MISE_mi_natural_gas_fired_combustion_turbine_1,2002,0.0,13412.0,.,.
MISE_mi_natural_gas_fired_combustion_turbine_1,2006,0.0,13412.0,.,.
MISE_mi_natural_gas_fired_combustion_turbine_1,2013,0.0,13412.0,.,.
MISE_mi_natural_gas_fired_combustion_turbine_1,2016,0.0,13412.0,.,.
MISE_mi_natural_gas_fired_combustion_turbine_1,2018,0.0,13412.0,.,.
MISE_mi_natural_gas_fired_combustion_turbine_1,2022,0.0,13412.0,.,.
MISE_mi_natural_gas_fired_combustion_turbine_2,1966,0.0,9628.116,.,.
MISE_mi_natural_gas_fired_combustion_turbine_2,1967,0.0,9628.116,.,.
MISE_mi_natural_gas_fired_combustion_turbine_2,1970,0.0,9628.116,.,.
MISE_mi_natural_gas_fired_combustion_turbine_2,1971,0.0,9628.116,.,.
MISE_mi_natural_gas_fired_combustion_turbine_2,1992,0.0,9628.116,.,.
MISE_mi_natural_gas_fired_combustion_turbine_2,1999,0.0,9628.116,.,.
MISE_mi_natural_gas_fired_combustion_turbine_2,2000,0.0,9628.116,.,.
MISE_mi_natural_gas_fired_combustion_turbine_2,2001,0.0,9628.116,.,.
MISE_mi_natural_gas_fired_combustion_turbine_2,2002,0.0,9628.116,.,.
MISE_mi_natural_gas_fired_combustion_turbine_2,2016,0.0,9628.116,.,.
MISE_mi_natural_gas_internal_combustion_engine_1,1948,0.0,24000.0,.,.
MISE_mi_natural_gas_internal_combustion_engine_1,1957,0.0,24000.0,.,.
MISE_mi_natural_gas_internal_combustion_engine_1,1963,0.0,24000.0,.,.
MISE_mi_natural_gas_internal_combustion_engine_1,1964,0.0,24000.0,.,.
MISE_mi_natural_gas_internal_combustion_engine_1,1966,0.0,24000.0,.,.
MISE_mi_natural_gas_internal_combustion_engine_1,1967,0.0,24000.0,.,.
MISE_mi_natural_gas_internal_combustion_engine_1,1971,0.0,24000.0,.,.
MISE_mi_natural_gas_internal_combustion_engine_1,1973,0.0,24000.0,.,.
MISE_mi_natural_gas_internal_combustion_engine_1,1974,0.0,24000.0,.,.
MISE_mi_natural_gas_internal_combustion_engine_1,1976,0.0,24000.0,.,.
MISE_mi_natural_gas_internal_combustion_engine_1,1978,0.0,24000.0,.,.
MISE_mi_natural_gas_internal_combustion_engine_1,1980,0.0,24000.0,.,.
MISE_mi_natural_gas_internal_combustion_engine_1,1984,0.0,24000.0,.,.
MISE_mi_natural_gas_internal_combustion_engine_1,1990,0.0,24000.0,.,.
MISE_mi_natural_gas_internal_combustion_engine_1,1993,0.0,24000.0,.,.
MISE_mi_natural_gas_internal_combustion_engine_1,1999,0.0,24000.0,.,.
MISE_mi_natural_gas_internal_combustion_engine_1,2002,0.0,24000.0,.,.
MISE_mi_natural_gas_internal_combustion_engine_1,2006,0.0,24000.0,.,.
MISE_mi_natural_gas_internal_combustion_engine_1,2015,0.0,24000.0,.,.
MISE_mi_natural_gas_internal_combustion_engine_1,2020,0.0,24000.0,.,.
MISE_mi_natural_gas_internal_combustion_engine_1,2021,0.0,24000.0,.,.
MISE_mi_natural_gas_internal_combustion_engine_1,2022,0.0,24000.0,.,.
MISE_mi_natural_gas_steam_turbine_1,1948,0.0,31824.261,.,.
MISE_mi_natural_gas_steam_turbine_1,1950,0.0,31824.261,.,.
MISE_mi_natural_gas_steam_turbine_1,1951,0.0,31824.261,.,.
MISE_mi_natural_gas_steam_turbine_1,1957,0.0,31824.261,.,.
MISE_mi_natural_gas_steam_turbine_1,1965,0.0,31824.261,.,.
MISE_mi_natural_gas_steam_turbine_1,1966,0.0,31824.261,.,.
MISE_mi_natural_gas_steam_turbine_1,1968,0.0,31824.261,.,.
MISE_mi_natural_gas_steam_turbine_1,1969,0.0,31824.261,.,.
MISE_mi_natural_gas_steam_turbine_1,1974,0.0,31824.261,.,.
MISE_mi_natural_gas_steam_turbine_1,1975,0.0,31824.261,.,.
MISE_mi_natural_gas_steam_turbine_1,1976,0.0,31824.261,.,.
MISE_mi_natural_gas_steam_turbine_1,1977,0.0,31824.261,.,.
MISE_mi_natural_gas_steam_turbine_1,1979,0.0,31824.261,.,.
MISE_mi_natural_gas_steam_turbine_1,1987,0.0,31824.261,.,.
MISE_mi_natural_gas_steam_turbine_1,1992,0.0,31824.261,.,.
MISE_mi_natural_gas_steam_turbine_1,1993,0.0,31824.261,.,.
MISE_mi_natural_gas_steam_turbine_1,1998,0.0,31824.261,.,.
MISE_mi_natural_gas_steam_turbine_1,2000,0.0,31824.261,.,.
MISE_mi_natural_gas_steam_turbine_1,2006,0.0,31824.261,.,.
MISE_mi_natural_gas_steam_turbine_1,2017,0.0,31824.261,.,.
MISS_ar_natural_gas_fired_combined_cycle_1,2002,0.0,11193.903,.,.
MISS_ar_natural_gas_fired_combined_cycle_1,2003,0.0,11193.903,.,.
MISS_ar_natural_gas_fired_combined_cycle_1,2005,0.0,11193.903,.,.
MISS_ar_natural_gas_fired_combined_cycle_1,2006,0.0,11193.903,.,.
MISS_ar_natural_gas_fired_combined_cycle_2,2001,0.0,16492.0,.,.
MISS_la_natural_gas_fired_combined_cycle_1,1961,0.0,10847.772,.,.
MISS_la_natural_gas_fired_combined_cycle_1,1966,0.0,10847.772,.,.
MISS_la_natural_gas_fired_combined_cycle_1,2000,0.0,10847.772,.,.
MISS_la_natural_gas_fired_combined_cycle_1,2002,0.0,10847.772,.,.
MISS_la_natural_gas_fired_combined_cycle_1,2003,0.0,10847.772,.,.
MISS_la_natural_gas_fired_combined_cycle_1,2014,0.0,10847.772,.,.
MISS_la_natural_gas_fired_combined_cycle_1,2019,0.0,10847.772,.,.
MISS_la_natural_gas_fired_combined_cycle_1,2020,0.0,10847.772,.,.
MISS_la_natural_gas_fired_combined_cycle_1,2024,0.0,10847.772,.,.
MISS_la_natural_gas_fired_combined_cycle_2,1958,0.0,14271.08,.,.
MISS_la_natural_gas_fired_combined_cycle_2,1962,0.0,14271.08,.,.
MISS_la_natural_gas_fired_combined_cycle_2,1966,0.0,14271.08,.,.
MISS_la_natural_gas_fired_combined_cycle_2,1969,0.0,14271.08,.,.
MISS_la_natural_gas_fired_combined_cycle_2,1978,0.0,14271.08,.,.
MISS_la_natural_gas_fired_combined_cycle_2,1979,0.0,14271.08,.,.
MISS_la_natural_gas_fired_combined_cycle_2,1996,0.0,14271.08,.,.
MISS_la_natural_gas_fired_combined_cycle_2,1997,0.0,14271.08,.,.
MISS_la_natural_gas_fired_combined_cycle_2,2002,0.0,14271.08,.,.
MISS_la_natural_gas_fired_combined_cycle_2,2004,0.0,14271.08,.,.
MISS_la_natural_gas_fired_combined_cycle_2,2016,0.0,14271.08,.,.
MISS_ms_natural_gas_fired_combined_cycle_1,1945,0.0,16492.0,.,.
MISS_ms_natural_gas_fired_combined_cycle_1,1954,0.0,16492.0,.,.
MISS_ms_natural_gas_fired_combined_cycle_1,1961,0.0,16492.0,.,.
MISS_ms_natural_gas_fired_combined_cycle_1,1965,0.0,16492.0,.,.
MISS_ms_natural_gas_fired_combined_cycle_1,1968,0.0,16492.0,.,.
MISS_ms_natural_gas_fired_combined_cycle_1,1970,0.0,16492.0,.,.
MISS_ms_natural_gas_fired_combined_cycle_1,1971,0.0,16492.0,.,.
MISS_ms_natural_gas_fired_combined_cycle_1,1996,0.0,16492.0,.,.
MISS_ms_natural_gas_fired_combined_cycle_1,2012,0.0,16492.0,.,.
MISS_ms_natural_gas_fired_combined_cycle_2,2001,0.0,9787.0,.,.
MISS_ms_natural_gas_fired_combined_cycle_2,2023,0.0,9787.0,.,.
MISS_tx_natural_gas_fired_combined_cycle_1,2003,0.0,12332.0,.,.
MISS_tx_natural_gas_fired_combined_cycle_2,1948,0.0,12208.125,.,.
MISS_tx_natural_gas_fired_combined_cycle_2,1957,0.0,12208.125,.,.
MISS_tx_natural_gas_fired_combined_cycle_2,1962,0.0,12208.125,.,.
MISS_tx_natural_gas_fired_combined_cycle_2,1978,0.0,12208.125,.,.
MISS_tx_natural_gas_fired_combined_cycle_2,1983,0.0,12208.125,.,.
MISS_tx_natural_gas_fired_combined_cycle_2,1987,0.0,12208.125,.,.
MISS_tx_natural_gas_fired_combined_cycle_2,2001,0.0,12208.125,.,.
MISS_tx_natural_gas_fired_combined_cycle_2,2011,0.0,12208.125,.,.
MISS_tx_natural_gas_fired_combined_cycle_2,2021,0.0,12208.125,.,.
MISS_tx_natural_gas_fired_combined_cycle_2,2026,0.0,12208.125,.,.
MISS_ar_natural_gas_fired_combustion_turbine_1,1999,0.0,10931.0,.,.
MISS_ar_natural_gas_fired_combustion_turbine_1,2000,0.0,10931.0,.,.
MISS_ar_natural_gas_fired_combustion_turbine_1,2003,0.0,10931.0,.,.
MISS_ar_natural_gas_fired_combustion_turbine_1,2007,0.0,10931.0,.,.
MISS_la_natural_gas_fired_combustion_turbine_1,1969,0.0,13049.71,.,.
MISS_la_natural_gas_fired_combustion_turbine_1,1974,0.0,13049.71,.,.
MISS_la_natural_gas_fired_combustion_turbine_1,1980,0.0,13049.71,.,.
MISS_la_natural_gas_fired_combustion_turbine_1,1985,0.0,13049.71,.,.
MISS_la_natural_gas_fired_combustion_turbine_1,1990,0.0,13049.71,.,.
MISS_la_natural_gas_fired_combustion_turbine_1,1996,0.0,13049.71,.,.
MISS_la_natural_gas_fired_combustion_turbine_1,1998,0.0,13049.71,.,.
MISS_la_natural_gas_fired_combustion_turbine_1,1999,0.0,13049.71,.,.
MISS_la_natural_gas_fired_combustion_turbine_1,2002,0.0,13049.71,.,.
MISS_la_natural_gas_fired_combustion_turbine_1,2004,0.0,13049.71,.,.
MISS_la_natural_gas_fired_combustion_turbine_1,2005,0.0,13049.71,.,.
MISS_la_natural_gas_fired_combustion_turbine_1,2006,0.0,13049.71,.,.
MISS_la_natural_gas_fired_combustion_turbine_1,2011,0.0,13049.71,.,.
MISS_la_natural_gas_fired_combustion_turbine_1,2016,0.0,13049.71,.,.
MISS_la_natural_gas_fired_combustion_turbine_1,2019,0.0,13049.71,.,.
MISS_la_natural_gas_fired_combustion_turbine_1,2020,0.0,13049.71,.,.
MISS_la_natural_gas_fired_combustion_turbine_2,1973,0.0,10170.161,.,.
MISS_la_natural_gas_fired_combustion_turbine_2,1977,0.0,10170.161,.,.
MISS_la_natural_gas_fired_combustion_turbine_2,1978,0.0,10170.161,.,.
MISS_la_natural_gas_fired_combustion_turbine_2,1986,0.0,10170.161,.,.
MISS_la_natural_gas_fired_combustion_turbine_2,1987,0.0,10170.161,.,.
MISS_la_natural_gas_fired_combustion_turbine_2,1997,0.0,10170.161,.,.
MISS_la_natural_gas_fired_combustion_turbine_2,1999,0.0,10170.161,.,.
MISS_la_natural_gas_fired_combustion_turbine_2,2000,0.0,10170.161,.,.
MISS_la_natural_gas_fired_combustion_turbine_2,2001,0.0,10170.161,.,.
MISS_la_natural_gas_fired_combustion_turbine_2,2002,0.0,10170.161,.,.
MISS_la_natural_gas_fired_combustion_turbine_2,2011,0.0,10170.161,.,.
MISS_la_natural_gas_fired_combustion_turbine_2,2020,0.0,10170.161,.,.
MISS_ms_natural_gas_fired_combustion_turbine_1,1997,0.0,10182.029,.,.
MISS_ms_natural_gas_fired_combustion_turbine_1,2002,0.0,10182.029,.,.
MISS_ms_natural_gas_fired_combustion_turbine_1,2003,0.0,10182.029,.,.
MISS_ms_natural_gas_fired_combustion_turbine_1,2004,0.0,10182.029,.,.
MISS_ms_natural_gas_fired_combustion_turbine_1,2005,0.0,10182.029,.,.
MISS_ms_natural_gas_fired_combustion_turbine_1,2006,0.0,10182.029,.,.
MISS_ms_natural_gas_fired_combustion_turbine_2,1984,0.0,11755.651,.,.
MISS_ms_natural_gas_fired_combustion_turbine_2,1991,0.0,11755.651,.,.
MISS_ms_natural_gas_fired_combustion_turbine_2,1995,0.0,11755.651,.,.
MISS_ms_natural_gas_fired_combustion_turbine_2,2003,0.0,11755.651,.,.
MISS_ms_natural_gas_fired_combustion_turbine_2,2018,0.0,11755.651,.,.
MISS_ms_natural_gas_fired_combustion_turbine_2,2020,0.0,11755.651,.,.
MISS_tx_natural_gas_fired_combustion_turbine_1,1970,0.0,11655.731,.,.
MISS_tx_natural_gas_fired_combustion_turbine_1,1973,0.0,11655.731,.,.
MISS_tx_natural_gas_fired_combustion_turbine_1,1988,0.0,11655.731,.,.
MISS_tx_natural_gas_fired_combustion_turbine_1,1992,0.0,11655.731,.,.
MISS_tx_natural_gas_fired_combustion_turbine_1,1999,0.0,11655.731,.,.
MISS_tx_natural_gas_fired_combustion_turbine_1,2000,0.0,11655.731,.,.
MISS_tx_natural_gas_fired_combustion_turbine_1,2001,0.0,11655.731,.,.
MISS_tx_natural_gas_fired_combustion_turbine_1,2006,0.0,11655.731,.,.
MISS_tx_natural_gas_fired_combustion_turbine_1,2012,0.0,11655.731,.,.
MISS_tx_natural_gas_fired_combustion_turbine_2,1993,0.0,9168.0,.,.
MISS_tx_natural_gas_fired_combustion_turbine_2,2004,0.0,9168.0,.,.
MISS_tx_natural_gas_fired_combustion_turbine_2,2005,0.0,9168.0,.,.
MISS_la_natural_gas_internal_combustion_engine_1,2011,0.0,24000.0,.,.
MISS_la_natural_gas_internal_combustion_engine_1,2016,0.0,24000.0,.,.
MISS_ms_natural_gas_internal_combustion_engine_1,2020,0.0,24000.0,.,.
MISS_ms_natural_gas_internal_combustion_engine_1,2021,0.0,24000.0,.,.
MISS_tx_natural_gas_internal_combustion_engine_1,2019,0.0,24000.0,.,.
MISS_tx_natural_gas_internal_combustion_engine_1,2020,0.0,24000.0,.,.
MISS_tx_natural_gas_internal_combustion_engine_1,2021,0.0,24000.0,.,.
MISS_ar_natural_gas_steam_turbine_1,1972,0.0,31200.0,.,.
MISS_ar_natural_gas_steam_turbine_1,1975,0.0,31200.0,.,.
MISS_ar_natural_gas_steam_turbine_2,1962,0.0,51303.0,.,.
MISS_ar_natural_gas_steam_turbine_2,1966,0.0,51303.0,.,.
MISS_la_natural_gas_steam_turbine_1,1967,0.0,30038.079,.,.
MISS_la_natural_gas_steam_turbine_1,1970,0.0,30038.079,.,.
MISS_la_natural_gas_steam_turbine_1,1971,0.0,30038.079,.,.
MISS_la_natural_gas_steam_turbine_1,1972,0.0,30038.079,.,.
MISS_la_natural_gas_steam_turbine_1,1975,0.0,30038.079,.,.
MISS_la_natural_gas_steam_turbine_1,1976,0.0,30038.079,.,.
MISS_la_natural_gas_steam_turbine_1,1977,0.0,30038.079,.,.
MISS_la_natural_gas_steam_turbine_1,1979,0.0,30038.079,.,.
MISS_la_natural_gas_steam_turbine_1,1981,0.0,30038.079,.,.
MISS_la_natural_gas_steam_turbine_1,1982,0.0,30038.079,.,.
MISS_la_natural_gas_steam_turbine_1,1983,0.0,30038.079,.,.
MISS_la_natural_gas_steam_turbine_1,1985,0.0,30038.079,.,.
MISS_la_natural_gas_steam_turbine_1,1986,0.0,30038.079,.,.
MISS_la_natural_gas_steam_turbine_1,1990,0.0,30038.079,.,.
MISS_la_natural_gas_steam_turbine_2,1949,0.0,51303.0,.,.
MISS_la_natural_gas_steam_turbine_2,1950,0.0,51303.0,.,.
MISS_la_natural_gas_steam_turbine_2,1953,0.0,51303.0,.,.
MISS_la_natural_gas_steam_turbine_2,1957,0.0,51303.0,.,.
MISS_la_natural_gas_steam_turbine_2,1958,0.0,51303.0,.,.
MISS_la_natural_gas_steam_turbine_2,1969,0.0,51303.0,.,.
MISS_la_natural_gas_steam_turbine_2,1975,0.0,51303.0,.,.
MISS_la_natural_gas_steam_turbine_2,1977,0.0,51303.0,.,.
MISS_la_natural_gas_steam_turbine_2,2003,0.0,51303.0,.,.
MISS_la_natural_gas_steam_turbine_2,2005,0.0,51303.0,.,.
MISS_ms_natural_gas_steam_turbine_1,1967,0.0,31200.0,.,.
MISS_ms_natural_gas_steam_turbine_1,1985,0.0,31200.0,.,.
MISS_ms_natural_gas_steam_turbine_2,1975,0.0,51303.0,.,.
MISS_tx_natural_gas_steam_turbine_1,1966,0.0,51303.0,.,.
MISS_tx_natural_gas_steam_turbine_1,1967,0.0,51303.0,.,.
MISS_tx_natural_gas_steam_turbine_1,1970,0.0,51303.0,.,.
MISS_tx_natural_gas_steam_turbine_1,1978,0.0,51303.0,.,.
MISS_tx_natural_gas_steam_turbine_1,1987,0.0,51303.0,.,.
MISS_tx_natural_gas_steam_turbine_1,1993,0.0,51303.0,.,.
MISS_tx_natural_gas_steam_turbine_1,2006,0.0,51303.0,.,.
MISS_tx_natural_gas_steam_turbine_2,1974,0.0,27858.0,.,.
MISS_tx_natural_gas_steam_turbine_2,1976,0.0,27858.0,.,.
MISS_tx_natural_gas_steam_turbine_2,1979,0.0,27858.0,.,.
MISS_tx_natural_gas_steam_turbine_2,1984,0.0,27858.0,.,.
MISW_ia_natural_gas_fired_combined_cycle_1,2017,0.0,9787.0,.,.
MISW_ia_natural_gas_fired_combined_cycle_2,2003,0.0,9787.0,.,.
MISW_ia_natural_gas_fired_combined_cycle_2,2004,0.0,9787.0,.,.
MISW_mn_natural_gas_fired_combined_cycle_1,1971,0.0,16492.0,.,.
MISW_mn_natural_gas_fired_combined_cycle_1,1994,0.0,16492.0,.,.
MISW_mn_natural_gas_fired_combined_cycle_1,1997,0.0,16492.0,.,.
MISW_mn_natural_gas_fired_combined_cycle_1,2005,0.0,16492.0,.,.
MISW_mn_natural_gas_fired_combined_cycle_1,2007,0.0,16492.0,.,.
MISW_mn_natural_gas_fired_combined_cycle_1,2019,0.0,16492.0,.,.
MISW_mn_natural_gas_fired_combined_cycle_2,1987,0.0,9787.0,.,.
MISW_mn_natural_gas_fired_combined_cycle_2,2006,0.0,9787.0,.,.
MISW_mn_natural_gas_fired_combined_cycle_2,2008,0.0,9787.0,.,.
MISW_mn_natural_gas_fired_combined_cycle_2,2009,0.0,9787.0,.,.
MISW_mn_natural_gas_fired_combined_cycle_2,2019,0.0,9787.0,.,.
MISW_wi_natural_gas_fired_combined_cycle_1,1997,0.0,16492.0,.,.
MISW_wi_natural_gas_fired_combined_cycle_1,2002,0.0,16492.0,.,.
MISW_wi_natural_gas_fired_combined_cycle_1,2005,0.0,16492.0,.,.
MISW_wi_natural_gas_fired_combined_cycle_2,2004,0.0,10830.402,.,.
MISW_wi_natural_gas_fired_combined_cycle_2,2005,0.0,10830.402,.,.
MISW_wi_natural_gas_fired_combined_cycle_2,2006,0.0,10830.402,.,.
MISW_wi_natural_gas_fired_combined_cycle_2,2008,0.0,10830.402,.,.
MISW_wi_natural_gas_fired_combined_cycle_2,2020,0.0,10830.402,.,.
MISW_ia_natural_gas_fired_combustion_turbine_1,1966,0.0,10931.0,.,.
MISW_ia_natural_gas_fired_combustion_turbine_1,1967,0.0,10931.0,.,.
MISW_ia_natural_gas_fired_combustion_turbine_1,1968,0.0,10931.0,.,.
MISW_ia_natural_gas_fired_combustion_turbine_1,1974,0.0,10931.0,.,.
MISW_ia_natural_gas_fired_combustion_turbine_1,1975,0.0,10931.0,.,.
MISW_ia_natural_gas_fired_combustion_turbine_1,1978,0.0,10931.0,.,.
MISW_ia_natural_gas_fired_combustion_turbine_1,1990,0.0,10931.0,.,.
MISW_ia_natural_gas_fired_combustion_turbine_1,1994,0.0,10931.0,.,.
MISW_ia_natural_gas_fired_combustion_turbine_2,1969,0.0,13412.0,.,.
MISW_ia_natural_gas_fired_combustion_turbine_2,1970,0.0,13412.0,.,.
MISW_ia_natural_gas_fired_combustion_turbine_2,1976,0.0,13412.0,.,.
MISW_ia_natural_gas_fired_combustion_turbine_3,1968,0.0,13412.0,.,.
MISW_ia_natural_gas_fired_combustion_turbine_3,1973,0.0,13412.0,.,.
MISW_ia_natural_gas_fired_combustion_turbine_3,1975,0.0,13412.0,.,.
MISW_ia_natural_gas_fired_combustion_turbine_3,1999,0.0,13412.0,.,.
MISW_ia_natural_gas_fired_combustion_turbine_3,2000,0.0,13412.0,.,.
MISW_ia_natural_gas_fired_combustion_turbine_3,2004,0.0,13412.0,.,.
MISW_ia_natural_gas_fired_combustion_turbine_3,2006,0.0,13412.0,.,.
MISW_ia_natural_gas_fired_combustion_turbine_3,2016,0.0,13412.0,.,.
MISW_il_natural_gas_fired_combustion_turbine_1,1970,0.0,13412.0,.,.
MISW_mn_natural_gas_fired_combustion_turbine_1,2001,0.0,9489.64,.,.
MISW_mn_natural_gas_fired_combustion_turbine_1,2002,0.0,9489.64,.,.
MISW_mn_natural_gas_fired_combustion_turbine_1,2005,0.0,9489.64,.,.
MISW_mn_natural_gas_fired_combustion_turbine_1,2007,0.0,9489.64,.,.
MISW_mn_natural_gas_fired_combustion_turbine_1,2008,0.0,9489.64,.,.
MISW_mn_natural_gas_fired_combustion_turbine_1,2009,0.0,9489.64,.,.
MISW_mn_natural_gas_fired_combustion_turbine_2,1975,0.0,12143.402,.,.
MISW_mn_natural_gas_fired_combustion_turbine_2,1996,0.0,12143.402,.,.
MISW_mn_natural_gas_fired_combustion_turbine_2,2001,0.0,12143.402,.,.
MISW_mn_natural_gas_fired_combustion_turbine_2,2002,0.0,12143.402,.,.
MISW_mn_natural_gas_fired_combustion_turbine_2,2003,0.0,12143.402,.,.
MISW_mn_natural_gas_fired_combustion_turbine_2,2008,0.0,12143.402,.,.
MISW_mn_natural_gas_fired_combustion_turbine_2,2017,0.0,12143.402,.,.
MISW_mn_natural_gas_fired_combustion_turbine_3,1976,0.0,9349.761,.,.
MISW_mn_natural_gas_fired_combustion_turbine_3,1982,0.0,9349.761,.,.
MISW_mt_natural_gas_fired_combustion_turbine_1,2003,0.0,13412.0,.,.
MISW_mt_natural_gas_fired_combustion_turbine_2,1979,0.0,13412.0,.,.
MISW_mt_natural_gas_fired_combustion_turbine_3,1972,0.0,13412.0,.,.
MISW_nd_natural_gas_fired_combustion_turbine_1,2014,0.0,10931.0,.,.
MISW_nd_natural_gas_fired_combustion_turbine_2,2023,0.0,10931.0,.,.
MISW_sd_natural_gas_fired_combustion_turbine_1,1975,0.0,9168.0,.,.
MISW_sd_natural_gas_fired_combustion_turbine_1,2005,0.0,9168.0,.,.
MISW_wi_natural_gas_fired_combustion_turbine_1,1969,0.0,9663.388,.,.
MISW_wi_natural_gas_fired_combustion_turbine_1,1975,0.0,9663.388,.,.
MISW_wi_natural_gas_fired_combustion_turbine_1,1993,0.0,9663.388,.,.
MISW_wi_natural_gas_fired_combustion_turbine_1,1994,0.0,9663.388,.,.
MISW_wi_natural_gas_fired_combustion_turbine_1,1995,0.0,9663.388,.,.
MISW_wi_natural_gas_fired_combustion_turbine_1,1996,0.0,9663.388,.,.
MISW_wi_natural_gas_fired_combustion_turbine_1,1999,0.0,9663.388,.,.
MISW_wi_natural_gas_fired_combustion_turbine_1,2000,0.0,9663.388,.,.
MISW_wi_natural_gas_fired_combustion_turbine_1,2001,0.0,9663.388,.,.
MISW_wi_natural_gas_fired_combustion_turbine_1,2003,0.0,9663.388,.,.
MISW_wi_natural_gas_fired_combustion_turbine_1,2005,0.0,9663.388,.,.
MISW_wi_natural_gas_fired_combustion_turbine_2,1964,0.0,13412.0,.,.
MISW_wi_natural_gas_fired_combustion_turbine_2,1967,0.0,13412.0,.,.
MISW_wi_natural_gas_fired_combustion_turbine_2,1971,0.0,13412.0,.,.
MISW_wi_natural_gas_fired_combustion_turbine_2,1973,0.0,13412.0,.,.
MISW_wi_natural_gas_fired_combustion_turbine_2,2000,0.0,13412.0,.,.
MISW_wi_natural_gas_fired_combustion_turbine_2,2001,0.0,13412.0,.,.
MISW_wi_natural_gas_fired_combustion_turbine_2,2004,0.0,13412.0,.,.
MISW_wi_natural_gas_fired_combustion_turbine_2,2005,0.0,13412.0,.,.
MISW_wi_natural_gas_fired_combustion_turbine_2,2011,0.0,13412.0,.,.
MISW_wi_natural_gas_fired_combustion_turbine_2,2013,0.0,13412.0,.,.
MISW_ia_natural_gas_internal_combustion_engine_1,1951,0.0,24000.0,.,.
MISW_ia_natural_gas_internal_combustion_engine_1,1956,0.0,24000.0,.,.
MISW_ia_natural_gas_internal_combustion_engine_1,1958,0.0,24000.0,.,.
MISW_ia_natural_gas_internal_combustion_engine_1,1960,0.0,24000.0,.,.
MISW_ia_natural_gas_internal_combustion_engine_1,1962,0.0,24000.0,.,.
MISW_ia_natural_gas_internal_combustion_engine_1,1963,0.0,24000.0,.,.
MISW_ia_natural_gas_internal_combustion_engine_1,1964,0.0,24000.0,.,.
MISW_ia_natural_gas_internal_combustion_engine_1,1967,0.0,24000.0,.,.
MISW_ia_natural_gas_internal_combustion_engine_1,1969,0.0,24000.0,.,.
MISW_ia_natural_gas_internal_combustion_engine_1,1973,0.0,24000.0,.,.
MISW_ia_natural_gas_internal_combustion_engine_1,1974,0.0,24000.0,.,.
MISW_ia_natural_gas_internal_combustion_engine_1,1975,0.0,24000.0,.,.
MISW_ia_natural_gas_internal_combustion_engine_1,1980,0.0,24000.0,.,.
MISW_ia_natural_gas_internal_combustion_engine_1,1982,0.0,24000.0,.,.
MISW_ia_natural_gas_internal_combustion_engine_1,1998,0.0,24000.0,.,.
MISW_ia_natural_gas_internal_combustion_engine_1,2004,0.0,24000.0,.,.
MISW_ia_natural_gas_internal_combustion_engine_1,2010,0.0,24000.0,.,.
MISW_ia_natural_gas_internal_combustion_engine_1,2014,0.0,24000.0,.,.
MISW_ia_natural_gas_internal_combustion_engine_1,2021,0.0,24000.0,.,.
MISW_il_natural_gas_internal_combustion_engine_1,1957,0.0,24000.0,.,.
MISW_il_natural_gas_internal_combustion_engine_1,1961,0.0,24000.0,.,.
MISW_il_natural_gas_internal_combustion_engine_1,1966,0.0,24000.0,.,.
MISW_il_natural_gas_internal_combustion_engine_1,1967,0.0,24000.0,.,.
MISW_il_natural_gas_internal_combustion_engine_1,1974,0.0,24000.0,.,.
MISW_il_natural_gas_internal_combustion_engine_1,1990,0.0,24000.0,.,.
MISW_il_natural_gas_internal_combustion_engine_1,2003,0.0,24000.0,.,.
MISW_mi_natural_gas_internal_combustion_engine_1,2017,0.0,24000.0,.,.
MISW_mi_natural_gas_internal_combustion_engine_1,2019,0.0,24000.0,.,.
MISW_mn_natural_gas_internal_combustion_engine_1,1944,0.0,24000.0,.,.
MISW_mn_natural_gas_internal_combustion_engine_1,1953,0.0,24000.0,.,.
MISW_mn_natural_gas_internal_combustion_engine_1,1954,0.0,24000.0,.,.
MISW_mn_natural_gas_internal_combustion_engine_1,1957,0.0,24000.0,.,.
MISW_mn_natural_gas_internal_combustion_engine_1,1962,0.0,24000.0,.,.
MISW_mn_natural_gas_internal_combustion_engine_1,1966,0.0,24000.0,.,.
MISW_mn_natural_gas_internal_combustion_engine_1,1968,0.0,24000.0,.,.
MISW_mn_natural_gas_internal_combustion_engine_1,1972,0.0,24000.0,.,.
MISW_mn_natural_gas_internal_combustion_engine_1,1973,0.0,24000.0,.,.
MISW_mn_natural_gas_internal_combustion_engine_1,1974,0.0,24000.0,.,.
MISW_mn_natural_gas_internal_combustion_engine_1,1975,0.0,24000.0,.,.
MISW_mn_natural_gas_internal_combustion_engine_1,1982,0.0,24000.0,.,.
MISW_mn_natural_gas_internal_combustion_engine_1,2013,0.0,24000.0,.,.
MISW_mn_natural_gas_internal_combustion_engine_1,2014,0.0,24000.0,.,.
MISW_mn_natural_gas_internal_combustion_engine_1,2017,0.0,24000.0,.,.
MISW_mn_natural_gas_internal_combustion_engine_1,2018,0.0,24000.0,.,.
MISW_mn_natural_gas_internal_combustion_engine_1,2019,0.0,24000.0,.,.
MISW_mt_natural_gas_internal_combustion_engine_1,2016,0.0,24000.0,.,.
MISW_wi_natural_gas_internal_combustion_engine_1,1966,0.0,24000.0,.,.
MISW_wi_natural_gas_internal_combustion_engine_1,1970,0.0,24000.0,.,.
MISW_wi_natural_gas_internal_combustion_engine_1,1972,0.0,24000.0,.,.
MISW_wi_natural_gas_internal_combustion_engine_1,1987,0.0,24000.0,.,.
MISW_wi_natural_gas_internal_combustion_engine_1,2000,0.0,24000.0,.,.
MISW_wi_natural_gas_internal_combustion_engine_1,2001,0.0,24000.0,.,.
MISW_wi_natural_gas_internal_combustion_engine_1,2023,0.0,24000.0,.,.
MISW_ia_natural_gas_steam_turbine_1,1952,0.0,51303.0,.,.
MISW_ia_natural_gas_steam_turbine_1,1960,0.0,51303.0,.,.
MISW_ia_natural_gas_steam_turbine_1,1963,0.0,51303.0,.,.
MISW_ia_natural_gas_steam_turbine_1,1967,0.0,51303.0,.,.
MISW_ia_natural_gas_steam_turbine_1,1968,0.0,51303.0,.,.
MISW_ia_natural_gas_steam_turbine_1,1970,0.0,51303.0,.,.
MISW_ia_natural_gas_steam_turbine_1,1973,0.0,51303.0,.,.
MISW_ia_natural_gas_steam_turbine_1,1974,0.0,51303.0,.,.
MISW_ia_natural_gas_steam_turbine_1,1978,0.0,51303.0,.,.
MISW_ia_natural_gas_steam_turbine_1,1982,0.0,51303.0,.,.
MISW_ia_natural_gas_steam_turbine_1,2005,0.0,51303.0,.,.
MISW_ia_natural_gas_steam_turbine_1,2018,0.0,51303.0,.,.
MISW_ia_natural_gas_steam_turbine_1,2019,0.0,51303.0,.,.
MISW_ia_natural_gas_steam_turbine_1,2022,0.0,51303.0,.,.
MISW_mn_natural_gas_steam_turbine_1,1951,0.0,51303.0,.,.
MISW_mn_natural_gas_steam_turbine_1,1953,0.0,51303.0,.,.
MISW_mn_natural_gas_steam_turbine_1,1954,0.0,51303.0,.,.
MISW_mn_natural_gas_steam_turbine_1,1957,0.0,51303.0,.,.
MISW_mn_natural_gas_steam_turbine_1,1965,0.0,51303.0,.,.
MISW_mn_natural_gas_steam_turbine_1,1968,0.0,51303.0,.,.
MISW_mn_natural_gas_steam_turbine_1,1969,0.0,51303.0,.,.
MISW_mn_natural_gas_steam_turbine_1,1971,0.0,51303.0,.,.
MISW_mn_natural_gas_steam_turbine_1,1980,0.0,51303.0,.,.
MISW_mn_natural_gas_steam_turbine_1,1997,0.0,51303.0,.,.
MISW_mn_natural_gas_steam_turbine_1,1998,0.0,51303.0,.,.
MISW_mn_natural_gas_steam_turbine_1,2005,0.0,51303.0,.,.
MISW_wi_natural_gas_steam_turbine_1,1947,0.0,51303.0,.,.
MISW_wi_natural_gas_steam_turbine_1,1951,0.0,51303.0,.,.
MISW_wi_natural_gas_steam_turbine_1,1957,0.0,51303.0,.,.
MISW_wi_natural_gas_steam_turbine_1,1961,0.0,51303.0,.,.
MISW_wi_natural_gas_steam_turbine_1,1963,0.0,51303.0,.,.
MISW_wi_natural_gas_steam_turbine_1,1965,0.0,51303.0,.,.
MISW_wi_natural_gas_steam_turbine_1,1966,0.0,51303.0,.,.
MISW_wi_natural_gas_steam_turbine_1,1968,0.0,51303.0,.,.
MISW_wi_natural_gas_steam_turbine_1,1969,0.0,51303.0,.,.
MISW_wi_natural_gas_steam_turbine_1,2002,0.0,51303.0,.,.
NWPP_id_natural_gas_fired_combined_cycle_1,2001,0.0,16492.0,.,.
NWPP_or_natural_gas_fired_combined_cycle_1,1974,0.0,13367.787,.,.
NWPP_or_natural_gas_fired_combined_cycle_1,1977,0.0,13367.787,.,.
NWPP_or_natural_gas_fired_combined_cycle_1,1995,0.0,13367.787,.,.
NWPP_or_natural_gas_fired_combined_cycle_1,1996,0.0,13367.787,.,.
NWPP_or_natural_gas_fired_combined_cycle_1,2001,0.0,13367.787,.,.
NWPP_or_natural_gas_fired_combined_cycle_1,2002,0.0,13367.787,.,.
NWPP_or_natural_gas_fired_combined_cycle_1,2003,0.0,13367.787,.,.
NWPP_or_natural_gas_fired_combined_cycle_1,2007,0.0,13367.787,.,.
NWPP_or_natural_gas_fired_combined_cycle_1,2010,0.0,13367.787,.,.
NWPP_or_natural_gas_fired_combined_cycle_1,2012,0.0,13367.787,.,.
NWPP_or_natural_gas_fired_combined_cycle_1,2016,0.0,13367.787,.,.
NWPP_wa_natural_gas_fired_combined_cycle_1,1983,0.0,13805.797,.,.
NWPP_wa_natural_gas_fired_combined_cycle_1,1993,0.0,13805.797,.,.
NWPP_wa_natural_gas_fired_combined_cycle_1,1994,0.0,13805.797,.,.
NWPP_wa_natural_gas_fired_combined_cycle_1,1997,0.0,13805.797,.,.
NWPP_wa_natural_gas_fired_combined_cycle_1,2002,0.0,13805.797,.,.
NWPP_wa_natural_gas_fired_combined_cycle_1,2004,0.0,13805.797,.,.
NWPP_wa_natural_gas_fired_combined_cycle_1,2008,0.0,13805.797,.,.
NWPP_id_natural_gas_fired_combustion_turbine_1,1994,0.0,10931.0,.,.
NWPP_id_natural_gas_fired_combustion_turbine_2,1994,0.0,10931.0,.,.
NWPP_mt_natural_gas_fired_combustion_turbine_1,2011,0.0,10931.0,.,.
NWPP_or_natural_gas_fired_combustion_turbine_1,2002,0.0,10931.0,.,.
NWPP_or_natural_gas_fired_combustion_turbine_2,2001,0.0,13412.0,.,.
NWPP_wa_natural_gas_fired_combustion_turbine_1,1981,0.0,11391.828,.,.
NWPP_wa_natural_gas_fired_combustion_turbine_1,1985,0.0,11391.828,.,.
NWPP_wa_natural_gas_fired_combustion_turbine_1,2002,0.0,11391.828,.,.
NWPP_wa_natural_gas_fired_combustion_turbine_2,1984,0.0,9668.605,.,.
NWPP_wa_natural_gas_fired_combustion_turbine_2,1991,0.0,9668.605,.,.
NWPP_wa_natural_gas_fired_combustion_turbine_2,1993,0.0,9668.605,.,.
NWPP_wa_natural_gas_fired_combustion_turbine_2,2001,0.0,9668.605,.,.
NWPP_mt_natural_gas_internal_combustion_engine_1,2006,0.0,24000.0,.,.
NWPP_or_natural_gas_internal_combustion_engine_1,2012,0.0,24000.0,.,.
NWPP_or_natural_gas_internal_combustion_engine_1,2014,0.0,24000.0,.,.
NWPP_or_natural_gas_internal_combustion_engine_1,2015,0.0,24000.0,.,.
NWPP_wa_natural_gas_internal_combustion_engine_1,2002,0.0,24000.0,.,.
NWPP_wa_natural_gas_internal_combustion_engine_1,2005,0.0,24000.0,.,.
NWPP_wa_natural_gas_steam_turbine_1,2023,0.0,51303.0,.,.
NYCW_nj_natural_gas_fired_combined_cycle_1,1992,0.0,9787.0,.,.
NYCW_nj_natural_gas_fired_combined_cycle_1,2002,0.0,9787.0,.,.
NYCW_ny_natural_gas_fired_combined_cycle_1,1984,0.0,12806.016,.,.
NYCW_ny_natural_gas_fired_combined_cycle_1,1989,0.0,12806.016,.,.
NYCW_ny_natural_gas_fired_combined_cycle_1,1994,0.0,12806.016,.,.
NYCW_ny_natural_gas_fired_combined_cycle_1,1995,0.0,12806.016,.,.
NYCW_ny_natural_gas_fired_combined_cycle_1,1996,0.0,12806.016,.,.
NYCW_ny_natural_gas_fired_combined_cycle_1,2003,0.0,12806.016,.,.
NYCW_ny_natural_gas_fired_combined_cycle_1,2005,0.0,12806.016,.,.
NYCW_ny_natural_gas_fired_combined_cycle_1,2006,0.0,12806.016,.,.
NYCW_ny_natural_gas_fired_combined_cycle_1,2009,0.0,12806.016,.,.
NYCW_ny_natural_gas_fired_combined_cycle_1,2010,0.0,12806.016,.,.
NYCW_ny_natural_gas_fired_combined_cycle_1,2011,0.0,12806.016,.,.
NYCW_nj_natural_gas_fired_combustion_turbine_1,2012,0.0,9168.0,.,.
NYCW_nj_natural_gas_fired_combustion_turbine_1,2018,0.0,9168.0,.,.
NYCW_ny_natural_gas_fired_combustion_turbine_1,1967,0.0,12294.627,.,.
NYCW_ny_natural_gas_fired_combustion_turbine_1,1995,0.0,12294.627,.,.
NYCW_ny_natural_gas_fired_combustion_turbine_1,2001,0.0,12294.627,.,.
NYCW_ny_natural_gas_fired_combustion_turbine_1,2002,0.0,12294.627,.,.
NYCW_ny_natural_gas_fired_combustion_turbine_1,2003,0.0,12294.627,.,.
NYCW_ny_natural_gas_fired_combustion_turbine_1,2004,0.0,12294.627,.,.
NYCW_ny_natural_gas_fired_combustion_turbine_1,2005,0.0,12294.627,.,.
NYCW_ny_natural_gas_fired_combustion_turbine_1,2009,0.0,12294.627,.,.
NYCW_ny_natural_gas_fired_combustion_turbine_1,2010,0.0,12294.627,.,.
NYCW_ny_natural_gas_fired_combustion_turbine_1,2016,0.0,12294.627,.,.
NYCW_ny_natural_gas_fired_combustion_turbine_2,1970,0.0,9168.0,.,.
NYCW_ny_natural_gas_fired_combustion_turbine_2,1971,0.0,9168.0,.,.
NYCW_ny_natural_gas_fired_combustion_turbine_2,1972,0.0,9168.0,.,.
NYCW_ny_natural_gas_fired_combustion_turbine_3,1967,0.0,13412.0,.,.
NYCW_ny_natural_gas_fired_combustion_turbine_3,1969,0.0,13412.0,.,.
NYCW_ny_natural_gas_fired_combustion_turbine_3,1970,0.0,13412.0,.,.
NYCW_ny_natural_gas_fired_combustion_turbine_3,1975,0.0,13412.0,.,.
NYCW_ny_natural_gas_internal_combustion_engine_1,1991,0.0,24000.0,.,.
NYCW_ny_natural_gas_internal_combustion_engine_1,1994,0.0,24000.0,.,.
NYCW_ny_natural_gas_internal_combustion_engine_1,1995,0.0,24000.0,.,.
NYCW_ny_natural_gas_internal_combustion_engine_1,2002,0.0,24000.0,.,.
NYCW_ny_natural_gas_internal_combustion_engine_1,2004,0.0,24000.0,.,.
NYCW_ny_natural_gas_internal_combustion_engine_1,2007,0.0,24000.0,.,.
NYCW_ny_natural_gas_internal_combustion_engine_1,2008,0.0,24000.0,.,.
NYCW_ny_natural_gas_internal_combustion_engine_1,2010,0.0,24000.0,.,.
NYCW_ny_natural_gas_internal_combustion_engine_1,2013,0.0,24000.0,.,.
NYCW_ny_natural_gas_internal_combustion_engine_1,2020,0.0,24000.0,.,.
NYCW_ny_natural_gas_internal_combustion_engine_1,2023,0.0,24000.0,.,.
NYCW_ny_natural_gas_steam_turbine_1,1951,0.0,26744.0,.,.
NYCW_ny_natural_gas_steam_turbine_1,1954,0.0,26744.0,.,.
NYCW_ny_natural_gas_steam_turbine_1,1955,0.0,26744.0,.,.
NYCW_ny_natural_gas_steam_turbine_1,1956,0.0,26744.0,.,.
NYCW_ny_natural_gas_steam_turbine_1,1958,0.0,26744.0,.,.
NYCW_ny_natural_gas_steam_turbine_1,1959,0.0,26744.0,.,.
NYCW_ny_natural_gas_steam_turbine_1,1960,0.0,26744.0,.,.
NYCW_ny_natural_gas_steam_turbine_1,1961,0.0,26744.0,.,.
NYCW_ny_natural_gas_steam_turbine_1,1962,0.0,26744.0,.,.
NYCW_ny_natural_gas_steam_turbine_1,1963,0.0,26744.0,.,.
NYCW_ny_natural_gas_steam_turbine_1,1965,0.0,26744.0,.,.
NYCW_ny_natural_gas_steam_turbine_1,1967,0.0,26744.0,.,.
NYCW_ny_natural_gas_steam_turbine_1,1968,0.0,26744.0,.,.
NYCW_ny_natural_gas_steam_turbine_1,1969,0.0,26744.0,.,.
NYCW_ny_natural_gas_steam_turbine_1,1972,0.0,26744.0,.,.
NYCW_ny_natural_gas_steam_turbine_1,1977,0.0,26744.0,.,.
NYUP_ny_natural_gas_fired_combined_cycle_1,1992,0.0,11153.243,.,.
NYUP_ny_natural_gas_fired_combined_cycle_1,1994,0.0,11153.243,.,.
NYUP_ny_natural_gas_fired_combined_cycle_1,2003,0.0,11153.243,.,.
NYUP_ny_natural_gas_fired_combined_cycle_1,2004,0.0,11153.243,.,.
NYUP_ny_natural_gas_fired_combined_cycle_1,2005,0.0,11153.243,.,.
NYUP_ny_natural_gas_fired_combined_cycle_1,2010,0.0,11153.243,.,.
NYUP_ny_natural_gas_fired_combined_cycle_1,2018,0.0,11153.243,.,.
NYUP_ny_natural_gas_fired_combined_cycle_1,2020,0.0,11153.243,.,.
NYUP_ny_natural_gas_fired_combined_cycle_2,1988,0.0,16492.0,.,.
NYUP_ny_natural_gas_fired_combined_cycle_2,1989,0.0,16492.0,.,.
NYUP_ny_natural_gas_fired_combined_cycle_2,1990,0.0,16492.0,.,.
NYUP_ny_natural_gas_fired_combined_cycle_2,1991,0.0,16492.0,.,.
NYUP_ny_natural_gas_fired_combined_cycle_2,1992,0.0,16492.0,.,.
NYUP_ny_natural_gas_fired_combined_cycle_2,1993,0.0,16492.0,.,.
NYUP_ny_natural_gas_fired_combined_cycle_2,1994,0.0,16492.0,.,.
NYUP_ny_natural_gas_fired_combined_cycle_2,1995,0.0,16492.0,.,.
NYUP_ny_natural_gas_fired_combined_cycle_2,1997,0.0,16492.0,.,.
NYUP_ny_natural_gas_fired_combined_cycle_2,1998,0.0,16492.0,.,.
NYUP_ny_natural_gas_fired_combined_cycle_2,2009,0.0,16492.0,.,.
NYUP_ny_natural_gas_fired_combustion_turbine_1,1972,0.0,13412.0,.,.
NYUP_ny_natural_gas_fired_combustion_turbine_2,1969,0.0,13412.0,.,.
NYUP_ny_natural_gas_fired_combustion_turbine_2,1986,0.0,13412.0,.,.
NYUP_ny_natural_gas_fired_combustion_turbine_2,2001,0.0,13412.0,.,.
NYUP_ny_natural_gas_fired_combustion_turbine_2,2015,0.0,13412.0,.,.
NYUP_ny_natural_gas_fired_combustion_turbine_2,2020,0.0,13412.0,.,.
NYUP_ny_natural_gas_internal_combustion_engine_1,1971,0.0,24000.0,.,.
NYUP_ny_natural_gas_internal_combustion_engine_1,1996,0.0,24000.0,.,.
NYUP_ny_natural_gas_internal_combustion_engine_1,2000,0.0,24000.0,.,.
NYUP_ny_natural_gas_internal_combustion_engine_1,2004,0.0,24000.0,.,.
NYUP_ny_natural_gas_internal_combustion_engine_1,2005,0.0,24000.0,.,.
NYUP_ny_natural_gas_internal_combustion_engine_1,2009,0.0,24000.0,.,.
NYUP_ny_natural_gas_internal_combustion_engine_1,2010,0.0,24000.0,.,.
NYUP_ny_natural_gas_internal_combustion_engine_1,2012,0.0,24000.0,.,.
NYUP_ny_natural_gas_steam_turbine_1,1951,0.0,27401.258,.,.
NYUP_ny_natural_gas_steam_turbine_1,1953,0.0,27401.258,.,.
NYUP_ny_natural_gas_steam_turbine_1,1954,0.0,27401.258,.,.
NYUP_ny_natural_gas_steam_turbine_1,1959,0.0,27401.258,.,.
NYUP_ny_natural_gas_steam_turbine_1,1967,0.0,27401.258,.,.
NYUP_ny_natural_gas_steam_turbine_1,1968,0.0,27401.258,.,.
NYUP_ny_natural_gas_steam_turbine_1,1970,0.0,27401.258,.,.
NYUP_ny_natural_gas_steam_turbine_1,1972,0.0,27401.258,.,.
NYUP_ny_natural_gas_steam_turbine_1,1974,0.0,27401.258,.,.
NYUP_ny_natural_gas_steam_turbine_1,1993,0.0,27401.258,.,.
NYUP_ny_natural_gas_steam_turbine_1,2005,0.0,27401.258,.,.
PJMC_il_natural_gas_fired_combined_cycle_1,1985,0.0,11698.123,.,.
PJMC_il_natural_gas_fired_combined_cycle_1,2001,0.0,11698.123,.,.
PJMC_il_natural_gas_fired_combined_cycle_1,2002,0.0,11698.123,.,.
PJMC_il_natural_gas_fired_combined_cycle_1,2015,0.0,11698.123,.,.
PJMC_il_natural_gas_fired_combined_cycle_1,2022,0.0,11698.123,.,.
PJMC_il_natural_gas_fired_combined_cycle_1,2023,0.0,11698.123,.,.
PJMC_il_natural_gas_fired_combined_cycle_2,1998,0.0,16492.0,.,.
PJMC_il_natural_gas_fired_combined_cycle_2,2000,0.0,16492.0,.,.
PJMC_il_natural_gas_fired_combustion_turbine_1,1987,0.0,13412.0,.,.
PJMC_il_natural_gas_fired_combustion_turbine_1,1990,0.0,13412.0,.,.
PJMC_il_natural_gas_fired_combustion_turbine_1,1991,0.0,13412.0,.,.
PJMC_il_natural_gas_fired_combustion_turbine_1,1993,0.0,13412.0,.,.
PJMC_il_natural_gas_fired_combustion_turbine_1,1995,0.0,13412.0,.,.
PJMC_il_natural_gas_fired_combustion_turbine_1,1996,0.0,13412.0,.,.
PJMC_il_natural_gas_fired_combustion_turbine_1,2002,0.0,13412.0,.,.
PJMC_il_natural_gas_fired_combustion_turbine_1,2003,0.0,13412.0,.,.
PJMC_il_natural_gas_fired_combustion_turbine_1,2005,0.0,13412.0,.,.
PJMC_il_natural_gas_fired_combustion_turbine_1,2016,0.0,13412.0,.,.
PJMC_il_natural_gas_fired_combustion_turbine_2,1999,0.0,9206.884,.,.
PJMC_il_natural_gas_fired_combustion_turbine_2,2000,0.0,9206.884,.,.
PJMC_il_natural_gas_fired_combustion_turbine_2,2001,0.0,9206.884,.,.
PJMC_il_natural_gas_fired_combustion_turbine_2,2002,0.0,9206.884,.,.
PJMC_il_natural_gas_fired_combustion_turbine_2,2003,0.0,9206.884,.,.
PJMC_il_natural_gas_fired_combustion_turbine_2,2023,0.0,9206.884,.,.
PJMC_il_natural_gas_internal_combustion_engine_1,1954,0.0,24000.0,.,.
PJMC_il_natural_gas_internal_combustion_engine_1,1956,0.0,24000.0,.,.
PJMC_il_natural_gas_internal_combustion_engine_1,1967,0.0,24000.0,.,.
PJMC_il_natural_gas_internal_combustion_engine_1,1986,0.0,24000.0,.,.
PJMC_il_natural_gas_internal_combustion_engine_1,1989,0.0,24000.0,.,.
PJMC_il_natural_gas_internal_combustion_engine_1,1992,0.0,24000.0,.,.
PJMC_il_natural_gas_internal_combustion_engine_1,1993,0.0,24000.0,.,.
PJMC_il_natural_gas_internal_combustion_engine_1,1995,0.0,24000.0,.,.
PJMC_il_natural_gas_internal_combustion_engine_1,1996,0.0,24000.0,.,.
PJMC_il_natural_gas_internal_combustion_engine_1,1998,0.0,24000.0,.,.
PJMC_il_natural_gas_internal_combustion_engine_1,2000,0.0,24000.0,.,.
PJMC_il_natural_gas_internal_combustion_engine_1,2002,0.0,24000.0,.,.
PJMC_il_natural_gas_internal_combustion_engine_1,2003,0.0,24000.0,.,.
PJMC_il_natural_gas_internal_combustion_engine_1,2005,0.0,24000.0,.,.
PJMC_il_natural_gas_internal_combustion_engine_1,2015,0.0,24000.0,.,.
PJMC_il_natural_gas_steam_turbine_1,1948,0.0,51303.0,.,.
PJMC_il_natural_gas_steam_turbine_1,1953,0.0,51303.0,.,.
PJMC_il_natural_gas_steam_turbine_1,1960,0.0,51303.0,.,.
PJMC_il_natural_gas_steam_turbine_1,1973,0.0,51303.0,.,.
PJMC_il_natural_gas_steam_turbine_1,1991,0.0,51303.0,.,.
PJMC_il_natural_gas_steam_turbine_1,2019,0.0,51303.0,.,.
PJMD_va_natural_gas_fired_combined_cycle_1,1991,0.0,11312.802,.,.
PJMD_va_natural_gas_fired_combined_cycle_1,1992,0.0,11312.802,.,.
PJMD_va_natural_gas_fired_combined_cycle_1,2003,0.0,11312.802,.,.
PJMD_va_natural_gas_fired_combined_cycle_1,2004,0.0,11312.802,.,.
PJMD_va_natural_gas_fired_combined_cycle_1,2011,0.0,11312.802,.,.
PJMD_va_natural_gas_fired_combined_cycle_1,2016,0.0,11312.802,.,.
PJMD_va_natural_gas_fired_combined_cycle_1,2017,0.0,11312.802,.,.
PJMD_va_natural_gas_fired_combined_cycle_1,2018,0.0,11312.802,.,.
PJMD_va_natural_gas_fired_combined_cycle_2,1960,0.0,16492.0,.,.
PJMD_va_natural_gas_fired_combined_cycle_2,1990,0.0,16492.0,.,.
PJMD_va_natural_gas_fired_combined_cycle_2,1992,0.0,16492.0,.,.
PJMD_va_natural_gas_fired_combined_cycle_2,1994,0.0,16492.0,.,.
PJMD_va_natural_gas_fired_combustion_turbine_1,1989,0.0,9168.0,.,.
PJMD_va_natural_gas_fired_combustion_turbine_1,1992,0.0,9168.0,.,.
PJMD_va_natural_gas_fired_combustion_turbine_1,2001,0.0,9168.0,.,.
PJMD_va_natural_gas_fired_combustion_turbine_1,2003,0.0,9168.0,.,.
PJMD_va_natural_gas_fired_combustion_turbine_1,2018,0.0,9168.0,.,.
PJMD_va_natural_gas_fired_combustion_turbine_2,1997,0.0,13412.0,.,.
PJMD_va_natural_gas_fired_combustion_turbine_3,1990,0.0,9168.0,.,.
PJMD_va_natural_gas_fired_combustion_turbine_3,2000,0.0,9168.0,.,.
PJMD_va_natural_gas_fired_combustion_turbine_3,2001,0.0,9168.0,.,.
PJMD_va_natural_gas_fired_combustion_turbine_3,2004,0.0,9168.0,.,.
PJMD_va_natural_gas_fired_combustion_turbine_3,2008,0.0,9168.0,.,.
PJMD_va_natural_gas_fired_combustion_turbine_3,2009,0.0,9168.0,.,.
PJMD_va_natural_gas_internal_combustion_engine_1,2016,0.0,24000.0,.,.
PJMD_va_natural_gas_internal_combustion_engine_1,2023,0.0,24000.0,.,.
PJMD_va_natural_gas_steam_turbine_1,1971,0.0,51303.0,.,.
PJMD_va_natural_gas_steam_turbine_1,1982,0.0,51303.0,.,.
PJMD_va_natural_gas_steam_turbine_1,1983,0.0,51303.0,.,.
PJMD_va_natural_gas_steam_turbine_1,2021,0.0,51303.0,.,.
PJME_de_natural_gas_fired_combined_cycle_1,1985,0.0,16492.0,.,.
PJME_de_natural_gas_fired_combined_cycle_1,2001,0.0,16492.0,.,.
PJME_de_natural_gas_fired_combined_cycle_1,2015,0.0,16492.0,.,.
PJME_de_natural_gas_fired_combined_cycle_2,1989,0.0,12332.0,.,.
PJME_de_natural_gas_fired_combined_cycle_2,1991,0.0,12332.0,.,.
PJME_de_natural_gas_fired_combined_cycle_2,1993,0.0,12332.0,.,.
PJME_de_natural_gas_fired_combined_cycle_2,2001,0.0,12332.0,.,.
PJME_de_natural_gas_fired_combined_cycle_2,2002,0.0,12332.0,.,.
PJME_md_natural_gas_fired_combined_cycle_1,1996,0.0,16492.0,.,.
PJME_md_natural_gas_fired_combined_cycle_1,2014,0.0,16492.0,.,.
PJME_md_natural_gas_fired_combined_cycle_2,2017,0.0,10840.137,.,.
PJME_md_natural_gas_fired_combined_cycle_2,2018,0.0,10840.137,.,.
PJME_nj_natural_gas_fired_combined_cycle_1,1974,0.0,16492.0,.,.
PJME_nj_natural_gas_fired_combined_cycle_1,1977,0.0,16492.0,.,.
PJME_nj_natural_gas_fired_combined_cycle_1,1984,0.0,16492.0,.,.
PJME_nj_natural_gas_fired_combined_cycle_1,1989,0.0,16492.0,.,.
PJME_nj_natural_gas_fired_combined_cycle_1,1990,0.0,16492.0,.,.
PJME_nj_natural_gas_fired_combined_cycle_1,1991,0.0,16492.0,.,.
PJME_nj_natural_gas_fired_combined_cycle_1,1993,0.0,16492.0,.,.
PJME_nj_natural_gas_fired_combined_cycle_1,1994,0.0,16492.0,.,.
PJME_nj_natural_gas_fired_combined_cycle_1,2016,0.0,16492.0,.,.
PJME_nj_natural_gas_fired_combined_cycle_2,1959,0.0,10455.411,.,.
PJME_nj_natural_gas_fired_combined_cycle_2,1995,0.0,10455.411,.,.
PJME_nj_natural_gas_fired_combined_cycle_2,2002,0.0,10455.411,.,.
PJME_nj_natural_gas_fired_combined_cycle_2,2006,0.0,10455.411,.,.
PJME_nj_natural_gas_fired_combined_cycle_2,2014,0.0,10455.411,.,.
PJME_nj_natural_gas_fired_combined_cycle_2,2015,0.0,10455.411,.,.
PJME_nj_natural_gas_fired_combined_cycle_2,2018,0.0,10455.411,.,.
PJME_pa_natural_gas_fired_combined_cycle_1,2001,0.0,11505.433,.,.
PJME_pa_natural_gas_fired_combined_cycle_1,2002,0.0,11505.433,.,.
PJME_pa_natural_gas_fired_combined_cycle_1,2003,0.0,11505.433,.,.
PJME_pa_natural_gas_fired_combined_cycle_1,2004,0.0,11505.433,.,.
PJME_pa_natural_gas_fired_combined_cycle_1,2011,0.0,11505.433,.,.
PJME_pa_natural_gas_fired_combined_cycle_1,2016,0.0,11505.433,.,.
PJME_pa_natural_gas_fired_combined_cycle_1,2018,0.0,11505.433,.,.
PJME_pa_natural_gas_fired_combined_cycle_1,2019,0.0,11505.433,.,.
PJME_pa_natural_gas_fired_combined_cycle_2,1959,0.0,16492.0,.,.
PJME_pa_natural_gas_fired_combined_cycle_2,1991,0.0,16492.0,.,.
PJME_pa_natural_gas_fired_combined_cycle_2,1998,0.0,16492.0,.,.
PJME_pa_natural_gas_fired_combined_cycle_2,2011,0.0,16492.0,.,.
PJME_pa_natural_gas_fired_combined_cycle_2,2020,0.0,16492.0,.,.
PJME_dc_natural_gas_fired_combustion_turbine_1,2016,0.0,13412.0,.,.
PJME_dc_natural_gas_fired_combustion_turbine_1,2018,0.0,13412.0,.,.
PJME_dc_natural_gas_fired_combustion_turbine_2,2004,0.0,13412.0,.,.
PJME_de_natural_gas_fired_combustion_turbine_1,1991,0.0,13412.0,.,.
PJME_de_natural_gas_fired_combustion_turbine_1,2002,0.0,13412.0,.,.
PJME_de_natural_gas_fired_combustion_turbine_1,2012,0.0,13412.0,.,.
PJME_de_natural_gas_fired_combustion_turbine_2,2000,0.0,10931.0,.,.
PJME_de_natural_gas_fired_combustion_turbine_3,2001,0.0,13412.0,.,.
PJME_md_natural_gas_fired_combustion_turbine_1,1992,0.0,9539.958,.,.
PJME_md_natural_gas_fired_combustion_turbine_1,1995,0.0,9539.958,.,.
PJME_md_natural_gas_fired_combustion_turbine_1,2003,0.0,9539.958,.,.
PJME_md_natural_gas_fired_combustion_turbine_1,2015,0.0,9539.958,.,.
PJME_md_natural_gas_fired_combustion_turbine_2,1991,0.0,9168.0,.,.
PJME_md_natural_gas_fired_combustion_turbine_3,2003,0.0,13412.0,.,.
PJME_md_natural_gas_fired_combustion_turbine_3,2008,0.0,13412.0,.,.
PJME_md_natural_gas_fired_combustion_turbine_3,2009,0.0,13412.0,.,.
PJME_md_natural_gas_fired_combustion_turbine_3,2010,0.0,13412.0,.,.
PJME_md_natural_gas_fired_combustion_turbine_3,2016,0.0,13412.0,.,.
PJME_md_natural_gas_fired_combustion_turbine_3,2018,0.0,13412.0,.,.
PJME_md_natural_gas_fired_combustion_turbine_3,2022,0.0,13412.0,.,.
PJME_nj_natural_gas_fired_combustion_turbine_1,1972,0.0,9595.688,.,.
PJME_nj_natural_gas_fired_combustion_turbine_1,1973,0.0,9595.688,.,.
PJME_nj_natural_gas_fired_combustion_turbine_1,1990,0.0,9595.688,.,.
PJME_nj_natural_gas_fired_combustion_turbine_1,1995,0.0,9595.688,.,.
PJME_nj_natural_gas_fired_combustion_turbine_1,2000,0.0,9595.688,.,.
PJME_nj_natural_gas_fired_combustion_turbine_1,2001,0.0,9595.688,.,.
PJME_nj_natural_gas_fired_combustion_turbine_1,2003,0.0,9595.688,.,.
PJME_nj_natural_gas_fired_combustion_turbine_1,2009,0.0,9595.688,.,.
PJME_nj_natural_gas_fired_combustion_turbine_1,2012,0.0,9595.688,.,.
PJME_nj_natural_gas_fired_combustion_turbine_2,1989,0.0,13412.0,.,.
PJME_nj_natural_gas_fired_combustion_turbine_2,1991,0.0,13412.0,.,.
PJME_nj_natural_gas_fired_combustion_turbine_2,1992,0.0,13412.0,.,.
PJME_nj_natural_gas_fired_combustion_turbine_2,1995,0.0,13412.0,.,.
PJME_nj_natural_gas_fired_combustion_turbine_2,1996,0.0,13412.0,.,.
PJME_nj_natural_gas_fired_combustion_turbine_2,2002,0.0,13412.0,.,.
PJME_nj_natural_gas_fired_combustion_turbine_2,2004,0.0,13412.0,.,.
PJME_nj_natural_gas_fired_combustion_turbine_2,2010,0.0,13412.0,.,.
PJME_nj_natural_gas_fired_combustion_turbine_2,2012,0.0,13412.0,.,.
PJME_nj_natural_gas_fired_combustion_turbine_2,2013,0.0,13412.0,.,.
PJME_nj_natural_gas_fired_combustion_turbine_2,2015,0.0,13412.0,.,.
PJME_nj_natural_gas_fired_combustion_turbine_2,2021,0.0,13412.0,.,.
PJME_nj_natural_gas_fired_combustion_turbine_3,1974,0.0,12628.18,.,.
PJME_nj_natural_gas_fired_combustion_turbine_3,1989,0.0,12628.18,.,.
PJME_nj_natural_gas_fired_combustion_turbine_3,1991,0.0,12628.18,.,.
PJME_nj_natural_gas_fired_combustion_turbine_3,1996,0.0,12628.18,.,.
PJME_pa_natural_gas_fired_combustion_turbine_1,1971,0.0,13412.0,.,.
PJME_pa_natural_gas_fired_combustion_turbine_1,1972,0.0,13412.0,.,.
PJME_pa_natural_gas_fired_combustion_turbine_1,1989,0.0,13412.0,.,.
PJME_pa_natural_gas_fired_combustion_turbine_1,2000,0.0,13412.0,.,.
PJME_pa_natural_gas_fired_combustion_turbine_1,2001,0.0,13412.0,.,.
PJME_pa_natural_gas_fired_combustion_turbine_1,2014,0.0,13412.0,.,.
PJME_pa_natural_gas_fired_combustion_turbine_1,2015,0.0,13412.0,.,.
PJME_pa_natural_gas_fired_combustion_turbine_2,1985,0.0,10931.0,.,.
PJME_pa_natural_gas_fired_combustion_turbine_2,1989,0.0,10931.0,.,.
PJME_pa_natural_gas_fired_combustion_turbine_2,1997,0.0,10931.0,.,.
PJME_pa_natural_gas_fired_combustion_turbine_2,2002,0.0,10931.0,.,.
PJME_pa_natural_gas_fired_combustion_turbine_2,2013,0.0,10931.0,.,.
PJME_pa_natural_gas_fired_combustion_turbine_3,2001,0.0,10931.0,.,.
PJME_md_natural_gas_internal_combustion_engine_1,2003,0.0,24000.0,.,.
PJME_md_natural_gas_internal_combustion_engine_1,2004,0.0,24000.0,.,.
PJME_md_natural_gas_internal_combustion_engine_1,2020,0.0,24000.0,.,.
PJME_md_natural_gas_internal_combustion_engine_1,2023,0.0,24000.0,.,.
PJME_nj_natural_gas_internal_combustion_engine_1,1983,0.0,24000.0,.,.
PJME_nj_natural_gas_internal_combustion_engine_1,1996,0.0,24000.0,.,.
PJME_nj_natural_gas_internal_combustion_engine_1,2003,0.0,24000.0,.,.
PJME_nj_natural_gas_internal_combustion_engine_1,2004,0.0,24000.0,.,.
PJME_nj_natural_gas_internal_combustion_engine_1,2009,0.0,24000.0,.,.
PJME_nj_natural_gas_internal_combustion_engine_1,2015,0.0,24000.0,.,.
PJME_nj_natural_gas_internal_combustion_engine_1,2018,0.0,24000.0,.,.
PJME_nj_natural_gas_internal_combustion_engine_1,2019,0.0,24000.0,.,.
PJME_pa_natural_gas_internal_combustion_engine_1,1986,0.0,24000.0,.,.
PJME_pa_natural_gas_internal_combustion_engine_1,1988,0.0,24000.0,.,.
PJME_pa_natural_gas_internal_combustion_engine_1,1993,0.0,24000.0,.,.
PJME_pa_natural_gas_internal_combustion_engine_1,1999,0.0,24000.0,.,.
PJME_pa_natural_gas_internal_combustion_engine_1,2004,0.0,24000.0,.,.
PJME_pa_natural_gas_internal_combustion_engine_1,2007,0.0,24000.0,.,.
PJME_pa_natural_gas_internal_combustion_engine_1,2011,0.0,24000.0,.,.
PJME_pa_natural_gas_internal_combustion_engine_1,2013,0.0,24000.0,.,.
PJME_pa_natural_gas_internal_combustion_engine_1,2015,0.0,24000.0,.,.
PJME_pa_natural_gas_internal_combustion_engine_1,2016,0.0,24000.0,.,.
PJME_pa_natural_gas_internal_combustion_engine_1,2017,0.0,24000.0,.,.
PJME_pa_natural_gas_internal_combustion_engine_1,2018,0.0,24000.0,.,.
PJME_pa_natural_gas_internal_combustion_engine_1,2019,0.0,24000.0,.,.
PJME_pa_natural_gas_internal_combustion_engine_1,2020,0.0,24000.0,.,.
PJME_pa_natural_gas_internal_combustion_engine_1,2021,0.0,24000.0,.,.
PJME_pa_natural_gas_internal_combustion_engine_1,2022,0.0,24000.0,.,.
PJME_pa_natural_gas_internal_combustion_engine_1,2023,0.0,24000.0,.,.
PJME_pa_natural_gas_internal_combustion_engine_1,2024,0.0,24000.0,.,.
PJME_de_natural_gas_steam_turbine_1,1954,0.0,31200.0,.,.
PJME_de_natural_gas_steam_turbine_1,1966,0.0,31200.0,.,.
PJME_de_natural_gas_steam_turbine_1,1973,0.0,31200.0,.,.
PJME_md_natural_gas_steam_turbine_1,1955,0.0,51303.0,.,.
PJME_md_natural_gas_steam_turbine_1,1959,0.0,51303.0,.,.
PJME_md_natural_gas_steam_turbine_1,1971,0.0,51303.0,.,.
PJME_md_natural_gas_steam_turbine_1,2001,0.0,51303.0,.,.
PJME_md_natural_gas_steam_turbine_1,2003,0.0,51303.0,.,.
PJME_nj_natural_gas_steam_turbine_1,1977,0.0,51303.0,.,.
PJME_nj_natural_gas_steam_turbine_1,1999,0.0,51303.0,.,.
PJME_nj_natural_gas_steam_turbine_1,2004,0.0,51303.0,.,.
PJME_nj_natural_gas_steam_turbine_1,2017,0.0,51303.0,.,.
PJME_pa_natural_gas_steam_turbine_1,1948,0.0,28656.435,.,.
PJME_pa_natural_gas_steam_turbine_1,1954,0.0,28656.435,.,.
PJME_pa_natural_gas_steam_turbine_1,1959,0.0,28656.435,.,.
PJME_pa_natural_gas_steam_turbine_1,1960,0.0,28656.435,.,.
PJME_pa_natural_gas_steam_turbine_1,1962,0.0,28656.435,.,.
PJME_pa_natural_gas_steam_turbine_1,1964,0.0,28656.435,.,.
PJME_pa_natural_gas_steam_turbine_1,1974,0.0,28656.435,.,.
PJME_pa_natural_gas_steam_turbine_1,1975,0.0,28656.435,.,.
PJME_pa_natural_gas_steam_turbine_1,1976,0.0,28656.435,.,.
PJME_pa_natural_gas_steam_turbine_1,1977,0.0,28656.435,.,.
PJME_pa_natural_gas_steam_turbine_1,1984,0.0,28656.435,.,.
PJME_pa_natural_gas_steam_turbine_1,1997,0.0,28656.435,.,.
PJMW_in_natural_gas_fired_combined_cycle_1,2004,0.0,12332.0,.,.
PJMW_in_natural_gas_fired_combined_cycle_2,2018,0.0,9787.0,.,.
PJMW_mi_natural_gas_fired_combined_cycle_1,2022,0.0,12332.0,.,.
PJMW_oh_natural_gas_fired_combined_cycle_1,2002,0.0,11133.618,.,.
PJMW_oh_natural_gas_fired_combined_cycle_1,2003,0.0,11133.618,.,.
PJMW_oh_natural_gas_fired_combined_cycle_1,2004,0.0,11133.618,.,.
PJMW_oh_natural_gas_fired_combined_cycle_1,2012,0.0,11133.618,.,.
PJMW_oh_natural_gas_fired_combined_cycle_1,2017,0.0,11133.618,.,.
PJMW_oh_natural_gas_fired_combined_cycle_1,2018,0.0,11133.618,.,.
PJMW_oh_natural_gas_fired_combined_cycle_1,2021,0.0,11133.618,.,.
PJMW_oh_natural_gas_fired_combined_cycle_1,2023,0.0,11133.618,.,.
PJMW_oh_natural_gas_fired_combined_cycle_2,2001,0.0,16492.0,.,.
PJMW_pa_natural_gas_fired_combined_cycle_1,2003,0.0,10713.73,.,.
PJMW_pa_natural_gas_fired_combined_cycle_1,2020,0.0,10713.73,.,.
PJMW_pa_natural_gas_fired_combined_cycle_1,2021,0.0,10713.73,.,.
PJMW_pa_natural_gas_fired_combined_cycle_2,1973,0.0,16492.0,.,.
PJMW_pa_natural_gas_fired_combined_cycle_2,1974,0.0,16492.0,.,.
PJMW_pa_natural_gas_fired_combined_cycle_2,2021,0.0,16492.0,.,.
PJMW_va_natural_gas_fired_combined_cycle_1,2014,0.0,12332.0,.,.
PJMW_in_natural_gas_fired_combustion_turbine_1,1992,0.0,10931.0,.,.
PJMW_in_natural_gas_fired_combustion_turbine_1,2004,0.0,10931.0,.,.
PJMW_in_natural_gas_fired_combustion_turbine_2,2019,0.0,13412.0,.,.
PJMW_in_natural_gas_fired_combustion_turbine_3,1992,0.0,13412.0,.,.
PJMW_ky_natural_gas_fired_combustion_turbine_1,2002,0.0,9168.0,.,.
PJMW_ky_natural_gas_fired_combustion_turbine_2,1999,0.0,9168.0,.,.
PJMW_ky_natural_gas_fired_combustion_turbine_2,2001,0.0,9168.0,.,.
PJMW_ky_natural_gas_fired_combustion_turbine_2,2005,0.0,9168.0,.,.
PJMW_ky_natural_gas_fired_combustion_turbine_2,2010,0.0,9168.0,.,.
PJMW_ky_natural_gas_fired_combustion_turbine_3,2001,0.0,9168.0,.,.
PJMW_ky_natural_gas_fired_combustion_turbine_3,2002,0.0,9168.0,.,.
PJMW_oh_natural_gas_fired_combustion_turbine_1,1966,0.0,9237.925,.,.
PJMW_oh_natural_gas_fired_combustion_turbine_1,1969,0.0,9237.925,.,.
PJMW_oh_natural_gas_fired_combustion_turbine_1,1970,0.0,9237.925,.,.
PJMW_oh_natural_gas_fired_combustion_turbine_1,1992,0.0,9237.925,.,.
PJMW_oh_natural_gas_fired_combustion_turbine_1,1993,0.0,9237.925,.,.
PJMW_oh_natural_gas_fired_combustion_turbine_1,1995,0.0,9237.925,.,.
PJMW_oh_natural_gas_fired_combustion_turbine_1,1996,0.0,9237.925,.,.
PJMW_oh_natural_gas_fired_combustion_turbine_1,1998,0.0,9237.925,.,.
PJMW_oh_natural_gas_fired_combustion_turbine_1,2000,0.0,9237.925,.,.
PJMW_oh_natural_gas_fired_combustion_turbine_1,2001,0.0,9237.925,.,.
PJMW_oh_natural_gas_fired_combustion_turbine_1,2002,0.0,9237.925,.,.
PJMW_oh_natural_gas_fired_combustion_turbine_1,2003,0.0,9237.925,.,.
PJMW_oh_natural_gas_fired_combustion_turbine_2,1965,0.0,11758.0,.,.
PJMW_oh_natural_gas_fired_combustion_turbine_2,1968,0.0,11758.0,.,.
PJMW_oh_natural_gas_fired_combustion_turbine_2,1969,0.0,11758.0,.,.
PJMW_oh_natural_gas_fired_combustion_turbine_2,1971,0.0,11758.0,.,.
PJMW_oh_natural_gas_fired_combustion_turbine_3,1963,0.0,13412.0,.,.
PJMW_oh_natural_gas_fired_combustion_turbine_3,1970,0.0,13412.0,.,.
PJMW_oh_natural_gas_fired_combustion_turbine_3,1988,0.0,13412.0,.,.
PJMW_oh_natural_gas_fired_combustion_turbine_3,1992,0.0,13412.0,.,.
PJMW_oh_natural_gas_fired_combustion_turbine_3,1999,0.0,13412.0,.,.
PJMW_oh_natural_gas_fired_combustion_turbine_3,2000,0.0,13412.0,.,.
PJMW_oh_natural_gas_fired_combustion_turbine_3,2001,0.0,13412.0,.,.
PJMW_oh_natural_gas_fired_combustion_turbine_3,2003,0.0,13412.0,.,.
PJMW_oh_natural_gas_fired_combustion_turbine_3,2004,0.0,13412.0,.,.
PJMW_oh_natural_gas_fired_combustion_turbine_3,2005,0.0,13412.0,.,.
PJMW_pa_natural_gas_fired_combustion_turbine_1,1997,0.0,13412.0,.,.
PJMW_pa_natural_gas_fired_combustion_turbine_1,1999,0.0,13412.0,.,.
PJMW_pa_natural_gas_fired_combustion_turbine_1,2000,0.0,13412.0,.,.
PJMW_pa_natural_gas_fired_combustion_turbine_1,2001,0.0,13412.0,.,.
PJMW_pa_natural_gas_fired_combustion_turbine_1,2021,0.0,13412.0,.,.
PJMW_pa_natural_gas_fired_combustion_turbine_2,2002,0.0,9168.0,.,.
PJMW_pa_natural_gas_fired_combustion_turbine_3,2011,0.0,13412.0,.,.
PJMW_va_natural_gas_fired_combustion_turbine_1,2001,0.0,10931.0,.,.
PJMW_va_natural_gas_fired_combustion_turbine_2,1973,0.0,13412.0,.,.
PJMW_va_natural_gas_fired_combustion_turbine_3,2015,0.0,13412.0,.,.
PJMW_wv_natural_gas_fired_combustion_turbine_1,2001,0.0,9168.0,.,.
PJMW_wv_natural_gas_fired_combustion_turbine_2,2002,0.0,9168.0,.,.
PJMW_wv_natural_gas_fired_combustion_turbine_3,2001,0.0,9168.0,.,.
PJMW_mi_natural_gas_internal_combustion_engine_1,1981,0.0,24000.0,.,.
PJMW_oh_natural_gas_internal_combustion_engine_1,1958,0.0,24000.0,.,.
PJMW_oh_natural_gas_internal_combustion_engine_1,1961,0.0,24000.0,.,.
PJMW_oh_natural_gas_internal_combustion_engine_1,1966,0.0,24000.0,.,.
PJMW_oh_natural_gas_internal_combustion_engine_1,1990,0.0,24000.0,.,.
PJMW_oh_natural_gas_internal_combustion_engine_1,1996,0.0,24000.0,.,.
PJMW_oh_natural_gas_internal_combustion_engine_1,2001,0.0,24000.0,.,.
PJMW_oh_natural_gas_internal_combustion_engine_1,2007,0.0,24000.0,.,.
PJMW_oh_natural_gas_internal_combustion_engine_1,2020,0.0,24000.0,.,.
PJMW_pa_natural_gas_internal_combustion_engine_1,1967,0.0,24000.0,.,.
PJMW_pa_natural_gas_internal_combustion_engine_1,2001,0.0,24000.0,.,.
PJMW_pa_natural_gas_internal_combustion_engine_1,2003,0.0,24000.0,.,.
PJMW_pa_natural_gas_internal_combustion_engine_1,2021,0.0,24000.0,.,.
PJMW_in_natural_gas_steam_turbine_1,1950,0.0,51303.0,.,.
PJMW_in_natural_gas_steam_turbine_1,1970,0.0,51303.0,.,.
PJMW_in_natural_gas_steam_turbine_1,2008,0.0,51303.0,.,.
PJMW_in_natural_gas_steam_turbine_1,2017,0.0,51303.0,.,.
PJMW_ky_natural_gas_steam_turbine_1,1963,0.0,51303.0,.,.
PJMW_oh_natural_gas_steam_turbine_1,1965,0.0,51303.0,.,.
PJMW_oh_natural_gas_steam_turbine_1,1971,0.0,51303.0,.,.
PJMW_oh_natural_gas_steam_turbine_1,1978,0.0,51303.0,.,.
PJMW_oh_natural_gas_steam_turbine_1,2010,0.0,51303.0,.,.
PJMW_oh_natural_gas_steam_turbine_1,2015,0.0,51303.0,.,.
PJMW_oh_natural_gas_steam_turbine_1,2017,0.0,51303.0,.,.
PJMW_pa_natural_gas_steam_turbine_1,1952,0.0,51303.0,.,.
PJMW_pa_natural_gas_steam_turbine_1,1958,0.0,51303.0,.,.
PJMW_pa_natural_gas_steam_turbine_1,1964,0.0,51303.0,.,.
PJMW_pa_natural_gas_steam_turbine_1,2017,0.0,51303.0,.,.
PJMW_pa_natural_gas_steam_turbine_1,2021,0.0,51303.0,.,.
PJMW_va_natural_gas_steam_turbine_1,1942,0.0,51303.0,.,.
PJMW_va_natural_gas_steam_turbine_1,1944,0.0,51303.0,.,.
PJMW_va_natural_gas_steam_turbine_1,1958,0.0,51303.0,.,.
PJMW_va_natural_gas_steam_turbine_1,1966,0.0,51303.0,.,.
PJMW_va_natural_gas_steam_turbine_1,1976,0.0,51303.0,.,.
PJMW_va_natural_gas_steam_turbine_1,1990,0.0,51303.0,.,.
PJMW_wv_natural_gas_steam_turbine_1,1943,0.0,51303.0,.,.
PJMW_wv_natural_gas_steam_turbine_1,1954,0.0,51303.0,.,.
PJMW_wv_natural_gas_steam_turbine_1,1966,0.0,51303.0,.,.
RMRG_co_natural_gas_fired_combined_cycle_1,1990,0.0,16492.0,.,.
RMRG_co_natural_gas_fired_combined_cycle_1,1992,0.0,16492.0,.,.
RMRG_co_natural_gas_fired_combined_cycle_1,1994,0.0,16492.0,.,.
RMRG_co_natural_gas_fired_combined_cycle_1,1999,0.0,16492.0,.,.
RMRG_co_natural_gas_fired_combined_cycle_1,2000,0.0,16492.0,.,.
RMRG_co_natural_gas_fired_combined_cycle_1,2002,0.0,16492.0,.,.
RMRG_co_natural_gas_fired_combined_cycle_1,2003,0.0,16492.0,.,.
RMRG_co_natural_gas_fired_combined_cycle_1,2012,0.0,16492.0,.,.
RMRG_co_natural_gas_fired_combined_cycle_2,1996,0.0,9787.0,.,.
RMRG_co_natural_gas_fired_combined_cycle_2,1998,0.0,9787.0,.,.
RMRG_co_natural_gas_fired_combined_cycle_2,1999,0.0,9787.0,.,.
RMRG_co_natural_gas_fired_combined_cycle_2,2001,0.0,9787.0,.,.
RMRG_co_natural_gas_fired_combined_cycle_2,2004,0.0,9787.0,.,.
RMRG_co_natural_gas_fired_combined_cycle_2,2015,0.0,9787.0,.,.
RMRG_wy_natural_gas_fired_combined_cycle_1,2014,0.0,16492.0,.,.
RMRG_co_natural_gas_fired_combustion_turbine_1,1990,0.0,10019.708,.,.
RMRG_co_natural_gas_fired_combustion_turbine_1,2000,0.0,10019.708,.,.
RMRG_co_natural_gas_fired_combustion_turbine_1,2001,0.0,10019.708,.,.
RMRG_co_natural_gas_fired_combustion_turbine_1,2002,0.0,10019.708,.,.
RMRG_co_natural_gas_fired_combustion_turbine_1,2003,0.0,10019.708,.,.
RMRG_co_natural_gas_fired_combustion_turbine_1,2004,0.0,10019.708,.,.
RMRG_co_natural_gas_fired_combustion_turbine_1,2007,0.0,10019.708,.,.
RMRG_co_natural_gas_fired_combustion_turbine_1,2008,0.0,10019.708,.,.
RMRG_co_natural_gas_fired_combustion_turbine_1,2009,0.0,10019.708,.,.
RMRG_co_natural_gas_fired_combustion_turbine_1,2012,0.0,10019.708,.,.
RMRG_co_natural_gas_fired_combustion_turbine_1,2016,0.0,10019.708,.,.
RMRG_co_natural_gas_fired_combustion_turbine_1,2023,0.0,10019.708,.,.
RMRG_co_natural_gas_fired_combustion_turbine_2,1976,0.0,12755.303,.,.
RMRG_co_natural_gas_fired_combustion_turbine_2,1990,0.0,12755.303,.,.
RMRG_co_natural_gas_fired_combustion_turbine_2,1999,0.0,12755.303,.,.
RMRG_co_natural_gas_fired_combustion_turbine_2,2000,0.0,12755.303,.,.
RMRG_co_natural_gas_fired_combustion_turbine_2,2001,0.0,12755.303,.,.
RMRG_sd_natural_gas_fired_combustion_turbine_1,1977,0.0,10931.0,.,.
RMRG_sd_natural_gas_fired_combustion_turbine_1,1978,0.0,10931.0,.,.
RMRG_sd_natural_gas_fired_combustion_turbine_1,1979,0.0,10931.0,.,.
RMRG_sd_natural_gas_fired_combustion_turbine_2,2002,0.0,13412.0,.,.
RMRG_wy_natural_gas_fired_combustion_turbine_1,2005,0.0,10931.0,.,.
RMRG_wy_natural_gas_fired_combustion_turbine_2,1983,0.0,13412.0,.,.
RMRG_wy_natural_gas_fired_combustion_turbine_2,1992,0.0,13412.0,.,.
RMRG_wy_natural_gas_fired_combustion_turbine_2,2000,0.0,13412.0,.,.
RMRG_wy_natural_gas_fired_combustion_turbine_2,2001,0.0,13412.0,.,.
RMRG_wy_natural_gas_fired_combustion_turbine_2,2002,0.0,13412.0,.,.
RMRG_wy_natural_gas_fired_combustion_turbine_2,2014,0.0,13412.0,.,.
RMRG_co_natural_gas_internal_combustion_engine_1,1966,0.0,24000.0,.,.
RMRG_co_natural_gas_internal_combustion_engine_1,2002,0.0,24000.0,.,.
RMRG_co_natural_gas_internal_combustion_engine_1,2008,0.0,24000.0,.,.
RMRG_co_natural_gas_internal_combustion_engine_1,2022,0.0,24000.0,.,.
RMRG_wy_natural_gas_internal_combustion_engine_1,2015,0.0,24000.0,.,.
RMRG_wy_natural_gas_internal_combustion_engine_1,2023,0.0,24000.0,.,.
RMRG_co_natural_gas_steam_turbine_1,1947,0.0,51303.0,.,.
RMRG_co_natural_gas_steam_turbine_1,1953,0.0,51303.0,.,.
RMRG_co_natural_gas_steam_turbine_1,1954,0.0,51303.0,.,.
RMRG_co_natural_gas_steam_turbine_1,1957,0.0,51303.0,.,.
RMRG_co_natural_gas_steam_turbine_1,1976,0.0,51303.0,.,.
RMRG_co_natural_gas_steam_turbine_1,1977,0.0,51303.0,.,.
RMRG_co_natural_gas_steam_turbine_1,1983,0.0,51303.0,.,.
RMRG_wy_natural_gas_steam_turbine_1,1979,0.0,51303.0,.,.
SPPC_ks_natural_gas_fired_combined_cycle_1,2007,0.0,16492.0,.,.
SPPC_ks_natural_gas_fired_combined_cycle_1,2016,0.0,16492.0,.,.
SPPC_mo_natural_gas_fired_combined_cycle_1,1997,0.0,11117.789,.,.
SPPC_mo_natural_gas_fired_combined_cycle_1,2000,0.0,11117.789,.,.
SPPC_mo_natural_gas_fired_combined_cycle_1,2001,0.0,11117.789,.,.
SPPC_mo_natural_gas_fired_combined_cycle_1,2002,0.0,11117.789,.,.
SPPC_ks_natural_gas_fired_combustion_turbine_1,1968,0.0,9872.95,.,.
SPPC_ks_natural_gas_fired_combustion_turbine_1,1973,0.0,9872.95,.,.
SPPC_ks_natural_gas_fired_combustion_turbine_1,1974,0.0,9872.95,.,.
SPPC_ks_natural_gas_fired_combustion_turbine_1,1976,0.0,9872.95,.,.
SPPC_ks_natural_gas_fired_combustion_turbine_1,1979,0.0,9872.95,.,.
SPPC_ks_natural_gas_fired_combustion_turbine_1,2000,0.0,9872.95,.,.
SPPC_ks_natural_gas_fired_combustion_turbine_1,2001,0.0,9872.95,.,.
SPPC_ks_natural_gas_fired_combustion_turbine_1,2003,0.0,9872.95,.,.
SPPC_ks_natural_gas_fired_combustion_turbine_1,2008,0.0,9872.95,.,.
SPPC_ks_natural_gas_fired_combustion_turbine_1,2009,0.0,9872.95,.,.
SPPC_ks_natural_gas_fired_combustion_turbine_2,1962,0.0,13412.0,.,.
SPPC_ks_natural_gas_fired_combustion_turbine_2,1974,0.0,13412.0,.,.
SPPC_ks_natural_gas_fired_combustion_turbine_2,1988,0.0,13412.0,.,.
SPPC_ks_natural_gas_fired_combustion_turbine_2,1990,0.0,13412.0,.,.
SPPC_ks_natural_gas_fired_combustion_turbine_3,1968,0.0,13412.0,.,.
SPPC_ks_natural_gas_fired_combustion_turbine_3,1982,0.0,13412.0,.,.
SPPC_ks_natural_gas_fired_combustion_turbine_3,1989,0.0,13412.0,.,.
SPPC_ks_natural_gas_fired_combustion_turbine_3,1996,0.0,13412.0,.,.
SPPC_ks_natural_gas_fired_combustion_turbine_3,1998,0.0,13412.0,.,.
SPPC_ks_natural_gas_fired_combustion_turbine_3,2002,0.0,13412.0,.,.
SPPC_ks_natural_gas_fired_combustion_turbine_3,2006,0.0,13412.0,.,.
SPPC_ks_natural_gas_fired_combustion_turbine_3,2020,0.0,13412.0,.,.
SPPC_mo_natural_gas_fired_combustion_turbine_1,1972,0.0,11197.583,.,.
SPPC_mo_natural_gas_fired_combustion_turbine_1,1974,0.0,11197.583,.,.
SPPC_mo_natural_gas_fired_combustion_turbine_1,1975,0.0,11197.583,.,.
SPPC_mo_natural_gas_fired_combustion_turbine_1,1977,0.0,11197.583,.,.
SPPC_mo_natural_gas_fired_combustion_turbine_1,1979,0.0,11197.583,.,.
SPPC_mo_natural_gas_fired_combustion_turbine_1,1981,0.0,11197.583,.,.
SPPC_mo_natural_gas_fired_combustion_turbine_2,1972,0.0,13412.0,.,.
SPPC_mo_natural_gas_fired_combustion_turbine_2,1974,0.0,13412.0,.,.
SPPC_mo_natural_gas_fired_combustion_turbine_2,1996,0.0,13412.0,.,.
SPPC_mo_natural_gas_fired_combustion_turbine_2,2000,0.0,13412.0,.,.
SPPC_mo_natural_gas_fired_combustion_turbine_3,1983,0.0,10044.703,.,.
SPPC_mo_natural_gas_fired_combustion_turbine_3,1985,0.0,10044.703,.,.
SPPC_mo_natural_gas_fired_combustion_turbine_3,1989,0.0,10044.703,.,.
SPPC_mo_natural_gas_fired_combustion_turbine_3,1992,0.0,10044.703,.,.
SPPC_mo_natural_gas_fired_combustion_turbine_3,1995,0.0,10044.703,.,.
SPPC_mo_natural_gas_fired_combustion_turbine_3,2000,0.0,10044.703,.,.
SPPC_mo_natural_gas_fired_combustion_turbine_3,2002,0.0,10044.703,.,.
SPPC_mo_natural_gas_fired_combustion_turbine_3,2003,0.0,10044.703,.,.
SPPC_mo_natural_gas_fired_combustion_turbine_3,2005,0.0,10044.703,.,.
SPPC_ok_natural_gas_fired_combustion_turbine_1,2001,0.0,9168.0,.,.
SPPC_ks_natural_gas_internal_combustion_engine_1,1949,0.0,24000.0,.,.
SPPC_ks_natural_gas_internal_combustion_engine_1,1951,0.0,24000.0,.,.
SPPC_ks_natural_gas_internal_combustion_engine_1,1953,0.0,24000.0,.,.
SPPC_ks_natural_gas_internal_combustion_engine_1,1954,0.0,24000.0,.,.
SPPC_ks_natural_gas_internal_combustion_engine_1,1955,0.0,24000.0,.,.
SPPC_ks_natural_gas_internal_combustion_engine_1,1956,0.0,24000.0,.,.
SPPC_ks_natural_gas_internal_combustion_engine_1,1957,0.0,24000.0,.,.
SPPC_ks_natural_gas_internal_combustion_engine_1,1958,0.0,24000.0,.,.
SPPC_ks_natural_gas_internal_combustion_engine_1,1960,0.0,24000.0,.,.
SPPC_ks_natural_gas_internal_combustion_engine_1,1961,0.0,24000.0,.,.
SPPC_ks_natural_gas_internal_combustion_engine_1,1962,0.0,24000.0,.,.
SPPC_ks_natural_gas_internal_combustion_engine_1,1963,0.0,24000.0,.,.
SPPC_ks_natural_gas_internal_combustion_engine_1,1964,0.0,24000.0,.,.
SPPC_ks_natural_gas_internal_combustion_engine_1,1965,0.0,24000.0,.,.
SPPC_ks_natural_gas_internal_combustion_engine_1,1966,0.0,24000.0,.,.
SPPC_ks_natural_gas_internal_combustion_engine_1,1967,0.0,24000.0,.,.
SPPC_ks_natural_gas_internal_combustion_engine_1,1968,0.0,24000.0,.,.
SPPC_ks_natural_gas_internal_combustion_engine_1,1969,0.0,24000.0,.,.
SPPC_ks_natural_gas_internal_combustion_engine_1,1970,0.0,24000.0,.,.
SPPC_ks_natural_gas_internal_combustion_engine_1,1971,0.0,24000.0,.,.
SPPC_ks_natural_gas_internal_combustion_engine_1,1972,0.0,24000.0,.,.
SPPC_ks_natural_gas_internal_combustion_engine_1,1973,0.0,24000.0,.,.
SPPC_ks_natural_gas_internal_combustion_engine_1,1974,0.0,24000.0,.,.
SPPC_ks_natural_gas_internal_combustion_engine_1,1975,0.0,24000.0,.,.
SPPC_ks_natural_gas_internal_combustion_engine_1,1977,0.0,24000.0,.,.
SPPC_ks_natural_gas_internal_combustion_engine_1,1978,0.0,24000.0,.,.
SPPC_ks_natural_gas_internal_combustion_engine_1,1979,0.0,24000.0,.,.
SPPC_ks_natural_gas_internal_combustion_engine_1,1980,0.0,24000.0,.,.
SPPC_ks_natural_gas_internal_combustion_engine_1,1981,0.0,24000.0,.,.
SPPC_ks_natural_gas_internal_combustion_engine_1,1983,0.0,24000.0,.,.
SPPC_ks_natural_gas_internal_combustion_engine_1,1984,0.0,24000.0,.,.
SPPC_ks_natural_gas_internal_combustion_engine_1,1985,0.0,24000.0,.,.
SPPC_ks_natural_gas_internal_combustion_engine_1,1986,0.0,24000.0,.,.
SPPC_ks_natural_gas_internal_combustion_engine_1,1992,0.0,24000.0,.,.
SPPC_ks_natural_gas_internal_combustion_engine_1,1993,0.0,24000.0,.,.
SPPC_ks_natural_gas_internal_combustion_engine_1,1994,0.0,24000.0,.,.
SPPC_ks_natural_gas_internal_combustion_engine_1,1995,0.0,24000.0,.,.
SPPC_ks_natural_gas_internal_combustion_engine_1,1996,0.0,24000.0,.,.
SPPC_ks_natural_gas_internal_combustion_engine_1,1998,0.0,24000.0,.,.
SPPC_ks_natural_gas_internal_combustion_engine_1,1999,0.0,24000.0,.,.
SPPC_ks_natural_gas_internal_combustion_engine_1,2000,0.0,24000.0,.,.
SPPC_ks_natural_gas_internal_combustion_engine_1,2001,0.0,24000.0,.,.
SPPC_ks_natural_gas_internal_combustion_engine_1,2004,0.0,24000.0,.,.
SPPC_ks_natural_gas_internal_combustion_engine_1,2005,0.0,24000.0,.,.
SPPC_ks_natural_gas_internal_combustion_engine_1,2011,0.0,24000.0,.,.
SPPC_ks_natural_gas_internal_combustion_engine_1,2014,0.0,24000.0,.,.
SPPC_ks_natural_gas_internal_combustion_engine_1,2016,0.0,24000.0,.,.
SPPC_ks_natural_gas_internal_combustion_engine_1,2017,0.0,24000.0,.,.
SPPC_ks_natural_gas_internal_combustion_engine_1,2023,0.0,24000.0,.,.
SPPC_mo_natural_gas_internal_combustion_engine_1,1947,0.0,24000.0,.,.
SPPC_mo_natural_gas_internal_combustion_engine_1,1959,0.0,24000.0,.,.
SPPC_mo_natural_gas_internal_combustion_engine_1,1966,0.0,24000.0,.,.
SPPC_mo_natural_gas_internal_combustion_engine_1,1970,0.0,24000.0,.,.
SPPC_mo_natural_gas_internal_combustion_engine_1,1972,0.0,24000.0,.,.
SPPC_mo_natural_gas_internal_combustion_engine_1,1990,0.0,24000.0,.,.
SPPC_mo_natural_gas_internal_combustion_engine_1,1994,0.0,24000.0,.,.
SPPC_ne_natural_gas_internal_combustion_engine_1,1998,0.0,24000.0,.,.
SPPC_ks_natural_gas_steam_turbine_1,1948,0.0,51303.0,.,.
SPPC_ks_natural_gas_steam_turbine_1,1955,0.0,51303.0,.,.
SPPC_ks_natural_gas_steam_turbine_1,1957,0.0,51303.0,.,.
SPPC_ks_natural_gas_steam_turbine_1,1961,0.0,51303.0,.,.
SPPC_ks_natural_gas_steam_turbine_1,1962,0.0,51303.0,.,.
SPPC_ks_natural_gas_steam_turbine_1,1963,0.0,51303.0,.,.
SPPC_ks_natural_gas_steam_turbine_1,1965,0.0,51303.0,.,.
SPPC_ks_natural_gas_steam_turbine_1,1969,0.0,51303.0,.,.
SPPC_ks_natural_gas_steam_turbine_1,1970,0.0,51303.0,.,.
SPPC_ks_natural_gas_steam_turbine_1,1971,0.0,51303.0,.,.
SPPC_ks_natural_gas_steam_turbine_1,1972,0.0,51303.0,.,.
SPPC_ks_natural_gas_steam_turbine_1,1973,0.0,51303.0,.,.
SPPC_ks_natural_gas_steam_turbine_1,2006,0.0,51303.0,.,.
SPPC_ks_natural_gas_steam_turbine_1,2008,0.0,51303.0,.,.
SPPC_mo_natural_gas_steam_turbine_1,1950,0.0,51303.0,.,.
SPPC_mo_natural_gas_steam_turbine_1,1958,0.0,51303.0,.,.
SPPC_mo_natural_gas_steam_turbine_1,1962,0.0,51303.0,.,.
SPPC_mo_natural_gas_steam_turbine_1,1974,0.0,51303.0,.,.
SPPC_mo_natural_gas_steam_turbine_1,1991,0.0,51303.0,.,.
SPPN_ne_natural_gas_fired_combined_cycle_1,2003,0.0,16492.0,.,.
SPPN_ne_natural_gas_fired_combined_cycle_1,2004,0.0,16492.0,.,.
SPPN_ne_natural_gas_fired_combined_cycle_2,2005,0.0,16492.0,.,.
SPPN_sd_natural_gas_fired_combined_cycle_1,2012,0.0,16492.0,.,.
SPPN_ia_natural_gas_fired_combustion_turbine_1,2004,0.0,10931.0,.,.
SPPN_ia_natural_gas_fired_combustion_turbine_1,2007,0.0,10931.0,.,.
SPPN_mt_natural_gas_fired_combustion_turbine_1,2010,0.0,13412.0,.,.
SPPN_nd_natural_gas_fired_combustion_turbine_1,2013,0.0,10931.0,.,.
SPPN_nd_natural_gas_fired_combustion_turbine_1,2014,0.0,10931.0,.,.
SPPN_nd_natural_gas_fired_combustion_turbine_1,2015,0.0,10931.0,.,.
SPPN_nd_natural_gas_fired_combustion_turbine_1,2017,0.0,10931.0,.,.
SPPN_nd_natural_gas_fired_combustion_turbine_1,2021,0.0,10931.0,.,.
SPPN_ne_natural_gas_fired_combustion_turbine_1,1968,0.0,10392.904,.,.
SPPN_ne_natural_gas_fired_combustion_turbine_1,1972,0.0,10392.904,.,.
SPPN_ne_natural_gas_fired_combustion_turbine_1,1975,0.0,10392.904,.,.
SPPN_ne_natural_gas_fired_combustion_turbine_1,1996,0.0,10392.904,.,.
SPPN_ne_natural_gas_fired_combustion_turbine_1,1997,0.0,10392.904,.,.
SPPN_ne_natural_gas_fired_combustion_turbine_1,2000,0.0,10392.904,.,.
SPPN_ne_natural_gas_fired_combustion_turbine_1,2001,0.0,10392.904,.,.
SPPN_ne_natural_gas_fired_combustion_turbine_1,2003,0.0,10392.904,.,.
SPPN_ne_natural_gas_fired_combustion_turbine_1,2024,0.0,10392.904,.,.
SPPN_sd_natural_gas_fired_combustion_turbine_1,2006,0.0,11210.549,.,.
SPPN_sd_natural_gas_fired_combustion_turbine_1,2008,0.0,11210.549,.,.
SPPN_sd_natural_gas_fired_combustion_turbine_1,2013,0.0,11210.549,.,.
SPPN_sd_natural_gas_fired_combustion_turbine_1,2021,0.0,11210.549,.,.
SPPN_ks_natural_gas_internal_combustion_engine_1,1955,0.0,24000.0,.,.
SPPN_ks_natural_gas_internal_combustion_engine_1,1961,0.0,24000.0,.,.
SPPN_ks_natural_gas_internal_combustion_engine_1,1966,0.0,24000.0,.,.
SPPN_ks_natural_gas_internal_combustion_engine_1,1971,0.0,24000.0,.,.
SPPN_nd_natural_gas_internal_combustion_engine_1,2017,0.0,24000.0,.,.
SPPN_ne_natural_gas_internal_combustion_engine_1,1946,0.0,24000.0,.,.
SPPN_ne_natural_gas_internal_combustion_engine_1,1947,0.0,24000.0,.,.
SPPN_ne_natural_gas_internal_combustion_engine_1,1948,0.0,24000.0,.,.
SPPN_ne_natural_gas_internal_combustion_engine_1,1949,0.0,24000.0,.,.
SPPN_ne_natural_gas_internal_combustion_engine_1,1950,0.0,24000.0,.,.
SPPN_ne_natural_gas_internal_combustion_engine_1,1951,0.0,24000.0,.,.
SPPN_ne_natural_gas_internal_combustion_engine_1,1952,0.0,24000.0,.,.
SPPN_ne_natural_gas_internal_combustion_engine_1,1953,0.0,24000.0,.,.
SPPN_ne_natural_gas_internal_combustion_engine_1,1955,0.0,24000.0,.,.
SPPN_ne_natural_gas_internal_combustion_engine_1,1956,0.0,24000.0,.,.
SPPN_ne_natural_gas_internal_combustion_engine_1,1957,0.0,24000.0,.,.
SPPN_ne_natural_gas_internal_combustion_engine_1,1958,0.0,24000.0,.,.
SPPN_ne_natural_gas_internal_combustion_engine_1,1960,0.0,24000.0,.,.
SPPN_ne_natural_gas_internal_combustion_engine_1,1961,0.0,24000.0,.,.
SPPN_ne_natural_gas_internal_combustion_engine_1,1963,0.0,24000.0,.,.
SPPN_ne_natural_gas_internal_combustion_engine_1,1964,0.0,24000.0,.,.
SPPN_ne_natural_gas_internal_combustion_engine_1,1965,0.0,24000.0,.,.
SPPN_ne_natural_gas_internal_combustion_engine_1,1966,0.0,24000.0,.,.
SPPN_ne_natural_gas_internal_combustion_engine_1,1967,0.0,24000.0,.,.
SPPN_ne_natural_gas_internal_combustion_engine_1,1968,0.0,24000.0,.,.
SPPN_ne_natural_gas_internal_combustion_engine_1,1969,0.0,24000.0,.,.
SPPN_ne_natural_gas_internal_combustion_engine_1,1970,0.0,24000.0,.,.
SPPN_ne_natural_gas_internal_combustion_engine_1,1971,0.0,24000.0,.,.
SPPN_ne_natural_gas_internal_combustion_engine_1,1972,0.0,24000.0,.,.
SPPN_ne_natural_gas_internal_combustion_engine_1,1973,0.0,24000.0,.,.
SPPN_ne_natural_gas_internal_combustion_engine_1,1974,0.0,24000.0,.,.
SPPN_ne_natural_gas_internal_combustion_engine_1,1975,0.0,24000.0,.,.
SPPN_ne_natural_gas_internal_combustion_engine_1,1976,0.0,24000.0,.,.
SPPN_ne_natural_gas_internal_combustion_engine_1,1979,0.0,24000.0,.,.
SPPN_ne_natural_gas_internal_combustion_engine_1,1982,0.0,24000.0,.,.
SPPN_ne_natural_gas_internal_combustion_engine_1,1987,0.0,24000.0,.,.
SPPN_ne_natural_gas_internal_combustion_engine_1,1992,0.0,24000.0,.,.
SPPN_ne_natural_gas_internal_combustion_engine_1,1993,0.0,24000.0,.,.
SPPN_ne_natural_gas_internal_combustion_engine_1,2018,0.0,24000.0,.,.
SPPN_ne_natural_gas_internal_combustion_engine_1,2024,0.0,24000.0,.,.
SPPN_sd_natural_gas_internal_combustion_engine_1,1974,0.0,24000.0,.,.
SPPN_sd_natural_gas_internal_combustion_engine_1,1975,0.0,24000.0,.,.
SPPN_sd_natural_gas_internal_combustion_engine_1,2022,0.0,24000.0,.,.
SPPN_ne_natural_gas_steam_turbine_1,1957,0.0,51303.0,.,.
SPPN_ne_natural_gas_steam_turbine_1,1958,0.0,51303.0,.,.
SPPN_ne_natural_gas_steam_turbine_1,1967,0.0,51303.0,.,.
SPPN_ne_natural_gas_steam_turbine_1,1976,0.0,51303.0,.,.
SPPN_sd_natural_gas_steam_turbine_1,2019,0.0,51303.0,.,.
SPPN_sd_natural_gas_steam_turbine_1,2021,0.0,51303.0,.,.
SPPS_ar_natural_gas_fired_combined_cycle_1,1963,0.0,16492.0,.,.
SPPS_ar_natural_gas_fired_combined_cycle_1,2002,0.0,16492.0,.,.
SPPS_la_natural_gas_fired_combined_cycle_1,2010,0.0,9787.0,.,.
SPPS_nm_natural_gas_fired_combined_cycle_1,2008,0.0,9787.0,.,.
SPPS_ok_natural_gas_fired_combined_cycle_1,1961,0.0,12610.613,.,.
SPPS_ok_natural_gas_fired_combined_cycle_1,1966,0.0,12610.613,.,.
SPPS_ok_natural_gas_fired_combined_cycle_1,1973,0.0,12610.613,.,.
SPPS_ok_natural_gas_fired_combined_cycle_1,1974,0.0,12610.613,.,.
SPPS_ok_natural_gas_fired_combined_cycle_1,1977,0.0,12610.613,.,.
SPPS_ok_natural_gas_fired_combined_cycle_1,1989,0.0,12610.613,.,.
SPPS_ok_natural_gas_fired_combined_cycle_1,1995,0.0,12610.613,.,.
SPPS_ok_natural_gas_fired_combined_cycle_1,2001,0.0,12610.613,.,.
SPPS_ok_natural_gas_fired_combined_cycle_1,2002,0.0,12610.613,.,.
SPPS_ok_natural_gas_fired_combined_cycle_1,2003,0.0,12610.613,.,.
SPPS_ok_natural_gas_fired_combined_cycle_1,2004,0.0,12610.613,.,.
SPPS_ok_natural_gas_fired_combined_cycle_1,2017,0.0,12610.613,.,.
SPPS_tx_natural_gas_fired_combined_cycle_1,1957,0.0,13959.947,.,.
SPPS_tx_natural_gas_fired_combined_cycle_1,1959,0.0,13959.947,.,.
SPPS_tx_natural_gas_fired_combined_cycle_1,1999,0.0,13959.947,.,.
SPPS_tx_natural_gas_fired_combined_cycle_1,2000,0.0,13959.947,.,.
SPPS_tx_natural_gas_fired_combined_cycle_1,2001,0.0,13959.947,.,.
SPPS_tx_natural_gas_fired_combined_cycle_1,2003,0.0,13959.947,.,.
SPPS_ar_natural_gas_fired_combustion_turbine_1,2001,0.0,11672.344,.,.
SPPS_ar_natural_gas_fired_combustion_turbine_1,2010,0.0,11672.344,.,.
SPPS_ar_natural_gas_fired_combustion_turbine_1,2013,0.0,11672.344,.,.
SPPS_ar_natural_gas_fired_combustion_turbine_1,2016,0.0,11672.344,.,.
SPPS_ar_natural_gas_fired_combustion_turbine_2,2007,0.0,9168.0,.,.
SPPS_ar_natural_gas_fired_combustion_turbine_3,1990,0.0,13412.0,.,.
SPPS_ks_natural_gas_fired_combustion_turbine_1,1970,0.0,13412.0,.,.
SPPS_nm_natural_gas_fired_combustion_turbine_1,1975,0.0,11651.406,.,.
SPPS_nm_natural_gas_fired_combustion_turbine_1,1990,0.0,11651.406,.,.
SPPS_nm_natural_gas_fired_combustion_turbine_1,2008,0.0,11651.406,.,.
SPPS_ok_natural_gas_fired_combustion_turbine_1,1971,0.0,10814.253,.,.
SPPS_ok_natural_gas_fired_combustion_turbine_1,1975,0.0,10814.253,.,.
SPPS_ok_natural_gas_fired_combustion_turbine_1,2001,0.0,10814.253,.,.
SPPS_ok_natural_gas_fired_combustion_turbine_1,2003,0.0,10814.253,.,.
SPPS_ok_natural_gas_fired_combustion_turbine_1,2008,0.0,10814.253,.,.
SPPS_ok_natural_gas_fired_combustion_turbine_1,2009,0.0,10814.253,.,.
SPPS_ok_natural_gas_fired_combustion_turbine_1,2015,0.0,10814.253,.,.
SPPS_ok_natural_gas_fired_combustion_turbine_1,2017,0.0,10814.253,.,.
SPPS_tx_natural_gas_fired_combustion_turbine_1,1971,0.0,9545.427,.,.
SPPS_tx_natural_gas_fired_combustion_turbine_1,1974,0.0,9545.427,.,.
SPPS_tx_natural_gas_fired_combustion_turbine_1,1988,0.0,9545.427,.,.
SPPS_tx_natural_gas_fired_combustion_turbine_1,1990,0.0,9545.427,.,.
SPPS_tx_natural_gas_fired_combustion_turbine_1,1999,0.0,9545.427,.,.
SPPS_tx_natural_gas_fired_combustion_turbine_1,2005,0.0,9545.427,.,.
SPPS_tx_natural_gas_fired_combustion_turbine_1,2006,0.0,9545.427,.,.
SPPS_tx_natural_gas_fired_combustion_turbine_1,2007,0.0,9545.427,.,.
SPPS_tx_natural_gas_fired_combustion_turbine_1,2008,0.0,9545.427,.,.
SPPS_tx_natural_gas_fired_combustion_turbine_1,2013,0.0,9545.427,.,.
SPPS_tx_natural_gas_fired_combustion_turbine_1,2015,0.0,9545.427,.,.
SPPS_tx_natural_gas_fired_combustion_turbine_1,2016,0.0,9545.427,.,.
SPPS_ar_natural_gas_internal_combustion_engine_1,2001,0.0,24000.0,.,.
SPPS_ks_natural_gas_internal_combustion_engine_1,2008,0.0,24000.0,.,.
SPPS_ks_natural_gas_internal_combustion_engine_1,2016,0.0,24000.0,.,.
SPPS_mo_natural_gas_internal_combustion_engine_1,1965,0.0,24000.0,.,.
SPPS_mo_natural_gas_internal_combustion_engine_1,1971,0.0,24000.0,.,.
SPPS_mo_natural_gas_internal_combustion_engine_1,1975,0.0,24000.0,.,.
SPPS_mo_natural_gas_internal_combustion_engine_1,1976,0.0,24000.0,.,.
SPPS_mo_natural_gas_internal_combustion_engine_1,2001,0.0,24000.0,.,.
SPPS_nm_natural_gas_internal_combustion_engine_1,2012,0.0,24000.0,.,.
SPPS_ok_natural_gas_internal_combustion_engine_1,1946,0.0,24000.0,.,.
SPPS_ok_natural_gas_internal_combustion_engine_1,1954,0.0,24000.0,.,.
SPPS_ok_natural_gas_internal_combustion_engine_1,1956,0.0,24000.0,.,.
SPPS_ok_natural_gas_internal_combustion_engine_1,1959,0.0,24000.0,.,.
SPPS_ok_natural_gas_internal_combustion_engine_1,1963,0.0,24000.0,.,.
SPPS_ok_natural_gas_internal_combustion_engine_1,1965,0.0,24000.0,.,.
SPPS_ok_natural_gas_internal_combustion_engine_1,1969,0.0,24000.0,.,.
SPPS_ok_natural_gas_internal_combustion_engine_1,1970,0.0,24000.0,.,.
SPPS_ok_natural_gas_internal_combustion_engine_1,2006,0.0,24000.0,.,.
SPPS_ok_natural_gas_internal_combustion_engine_1,2016,0.0,24000.0,.,.
SPPS_tx_natural_gas_internal_combustion_engine_1,2011,0.0,24000.0,.,.
SPPS_tx_natural_gas_internal_combustion_engine_1,2012,0.0,24000.0,.,.
SPPS_la_natural_gas_steam_turbine_1,1957,0.0,51303.0,.,.
SPPS_la_natural_gas_steam_turbine_1,1959,0.0,51303.0,.,.
SPPS_la_natural_gas_steam_turbine_1,1975,0.0,51303.0,.,.
SPPS_nm_natural_gas_steam_turbine_1,1957,0.0,51303.0,.,.
SPPS_nm_natural_gas_steam_turbine_1,1975,0.0,51303.0,.,.
SPPS_nm_natural_gas_steam_turbine_1,1978,0.0,51303.0,.,.
SPPS_ok_natural_gas_steam_turbine_1,1949,0.0,32015.944,.,.
SPPS_ok_natural_gas_steam_turbine_1,1952,0.0,32015.944,.,.
SPPS_ok_natural_gas_steam_turbine_1,1953,0.0,32015.944,.,.
SPPS_ok_natural_gas_steam_turbine_1,1954,0.0,32015.944,.,.
SPPS_ok_natural_gas_steam_turbine_1,1956,0.0,32015.944,.,.
SPPS_ok_natural_gas_steam_turbine_1,1958,0.0,32015.944,.,.
SPPS_ok_natural_gas_steam_turbine_1,1959,0.0,32015.944,.,.
SPPS_ok_natural_gas_steam_turbine_1,1963,0.0,32015.944,.,.
SPPS_ok_natural_gas_steam_turbine_1,1964,0.0,32015.944,.,.
SPPS_ok_natural_gas_steam_turbine_1,1967,0.0,32015.944,.,.
SPPS_ok_natural_gas_steam_turbine_1,1968,0.0,32015.944,.,.
SPPS_ok_natural_gas_steam_turbine_1,1969,0.0,32015.944,.,.
SPPS_ok_natural_gas_steam_turbine_1,1970,0.0,32015.944,.,.
SPPS_ok_natural_gas_steam_turbine_1,1971,0.0,32015.944,.,.
SPPS_ok_natural_gas_steam_turbine_1,1973,0.0,32015.944,.,.
SPPS_ok_natural_gas_steam_turbine_1,1974,0.0,32015.944,.,.
SPPS_ok_natural_gas_steam_turbine_1,1975,0.0,32015.944,.,.
SPPS_ok_natural_gas_steam_turbine_1,1976,0.0,32015.944,.,.
SPPS_ok_natural_gas_steam_turbine_1,1977,0.0,32015.944,.,.
SPPS_ok_natural_gas_steam_turbine_1,1978,0.0,32015.944,.,.
SPPS_ok_natural_gas_steam_turbine_1,1979,0.0,32015.944,.,.
SPPS_ok_natural_gas_steam_turbine_1,1980,0.0,32015.944,.,.
SPPS_ok_natural_gas_steam_turbine_1,1982,0.0,32015.944,.,.
SPPS_ok_natural_gas_steam_turbine_1,1985,0.0,32015.944,.,.
SPPS_tx_natural_gas_steam_turbine_1,1952,0.0,51303.0,.,.
SPPS_tx_natural_gas_steam_turbine_1,1953,0.0,51303.0,.,.
SPPS_tx_natural_gas_steam_turbine_1,1960,0.0,51303.0,.,.
SPPS_tx_natural_gas_steam_turbine_1,1964,0.0,51303.0,.,.
SPPS_tx_natural_gas_steam_turbine_1,1965,0.0,51303.0,.,.
SPPS_tx_natural_gas_steam_turbine_1,1970,0.0,51303.0,.,.
SPPS_tx_natural_gas_steam_turbine_1,1971,0.0,51303.0,.,.
SPPS_tx_natural_gas_steam_turbine_1,1974,0.0,51303.0,.,.
SPPS_tx_natural_gas_steam_turbine_1,1977,0.0,51303.0,.,.
SPPS_tx_natural_gas_steam_turbine_1,1978,0.0,51303.0,.,.
SPPS_tx_natural_gas_steam_turbine_1,1980,0.0,51303.0,.,.
SPPS_tx_natural_gas_steam_turbine_1,1981,0.0,51303.0,.,.
SPPS_tx_natural_gas_steam_turbine_1,1984,0.0,51303.0,.,.
SPPS_tx_natural_gas_steam_turbine_1,1985,0.0,51303.0,.,.
SRCA_nc_natural_gas_fired_combined_cycle_1,2003,0.0,9787.0,.,.
SRCA_nc_natural_gas_fired_combined_cycle_1,2011,0.0,9787.0,.,.
SRCA_nc_natural_gas_fired_combined_cycle_1,2012,0.0,9787.0,.,.
SRCA_nc_natural_gas_fired_combined_cycle_1,2013,0.0,9787.0,.,.
SRCA_nc_natural_gas_fired_combined_cycle_1,2018,0.0,9787.0,.,.
SRCA_nc_natural_gas_fired_combined_cycle_1,2019,0.0,9787.0,.,.
SRCA_nc_natural_gas_fired_combined_cycle_1,2020,0.0,9787.0,.,.
SRCA_nc_natural_gas_fired_combined_cycle_2,1976,0.0,12687.062,.,.
SRCA_nc_natural_gas_fired_combined_cycle_2,1978,0.0,12687.062,.,.
SRCA_nc_natural_gas_fired_combined_cycle_2,1979,0.0,12687.062,.,.
SRCA_nc_natural_gas_fired_combined_cycle_2,1980,0.0,12687.062,.,.
SRCA_nc_natural_gas_fired_combined_cycle_2,1988,0.0,12687.062,.,.
SRCA_nc_natural_gas_fired_combined_cycle_2,2002,0.0,12687.062,.,.
SRCA_nc_natural_gas_fired_combined_cycle_2,2011,0.0,12687.062,.,.
SRCA_nc_natural_gas_fired_combined_cycle_2,2012,0.0,12687.062,.,.
SRCA_sc_natural_gas_fired_combined_cycle_1,1953,0.0,16492.0,.,.
SRCA_sc_natural_gas_fired_combined_cycle_1,1954,0.0,16492.0,.,.
SRCA_sc_natural_gas_fired_combined_cycle_1,1998,0.0,16492.0,.,.
SRCA_sc_natural_gas_fired_combined_cycle_1,2002,0.0,16492.0,.,.
SRCA_sc_natural_gas_fired_combined_cycle_2,2001,0.0,9787.0,.,.
SRCA_sc_natural_gas_fired_combined_cycle_2,2004,0.0,9787.0,.,.
SRCA_sc_natural_gas_fired_combined_cycle_2,2018,0.0,9787.0,.,.
SRCA_nc_natural_gas_fired_combustion_turbine_1,1976,0.0,9291.632,.,.
SRCA_nc_natural_gas_fired_combustion_turbine_1,1977,0.0,9291.632,.,.
SRCA_nc_natural_gas_fired_combustion_turbine_1,1992,0.0,9291.632,.,.
SRCA_nc_natural_gas_fired_combustion_turbine_1,1993,0.0,9291.632,.,.
SRCA_nc_natural_gas_fired_combustion_turbine_1,1995,0.0,9291.632,.,.
SRCA_nc_natural_gas_fired_combustion_turbine_1,1996,0.0,9291.632,.,.
SRCA_nc_natural_gas_fired_combustion_turbine_1,1999,0.0,9291.632,.,.
SRCA_nc_natural_gas_fired_combustion_turbine_1,2000,0.0,9291.632,.,.
SRCA_nc_natural_gas_fired_combustion_turbine_1,2001,0.0,9291.632,.,.
SRCA_nc_natural_gas_fired_combustion_turbine_1,2002,0.0,9291.632,.,.
SRCA_nc_natural_gas_fired_combustion_turbine_1,2007,0.0,9291.632,.,.
SRCA_nc_natural_gas_fired_combustion_turbine_1,2009,0.0,9291.632,.,.
SRCA_nc_natural_gas_fired_combustion_turbine_1,2012,0.0,9291.632,.,.
SRCA_nc_natural_gas_fired_combustion_turbine_1,2013,0.0,9291.632,.,.
SRCA_nc_natural_gas_fired_combustion_turbine_1,2017,0.0,9291.632,.,.
SRCA_nc_natural_gas_fired_combustion_turbine_1,2019,0.0,9291.632,.,.
SRCA_nc_natural_gas_fired_combustion_turbine_1,2024,0.0,9291.632,.,.
SRCA_nc_natural_gas_fired_combustion_turbine_2,2010,0.0,13412.0,.,.
SRCA_sc_natural_gas_fired_combustion_turbine_1,1969,0.0,11977.892,.,.
SRCA_sc_natural_gas_fired_combustion_turbine_1,1974,0.0,11977.892,.,.
SRCA_sc_natural_gas_fired_combustion_turbine_1,1994,0.0,11977.892,.,.
SRCA_sc_natural_gas_fired_combustion_turbine_1,1997,0.0,11977.892,.,.
SRCA_sc_natural_gas_fired_combustion_turbine_1,1999,0.0,11977.892,.,.
SRCA_sc_natural_gas_fired_combustion_turbine_1,2000,0.0,11977.892,.,.
SRCA_sc_natural_gas_fired_combustion_turbine_1,2005,0.0,11977.892,.,.
SRCA_sc_natural_gas_fired_combustion_turbine_1,2007,0.0,11977.892,.,.
SRCA_sc_natural_gas_fired_combustion_turbine_1,2014,0.0,11977.892,.,.
SRCA_sc_natural_gas_fired_combustion_turbine_1,2019,0.0,11977.892,.,.
SRCA_sc_natural_gas_fired_combustion_turbine_1,2024,0.0,11977.892,.,.
SRCA_sc_natural_gas_fired_combustion_turbine_1,2025,0.0,11977.892,.,.
SRCA_sc_natural_gas_fired_combustion_turbine_2,1991,0.0,9267.31,.,.
SRCA_sc_natural_gas_fired_combustion_turbine_2,2000,0.0,9267.31,.,.
SRCA_sc_natural_gas_fired_combustion_turbine_2,2001,0.0,9267.31,.,.
SRCA_sc_natural_gas_fired_combustion_turbine_2,2002,0.0,9267.31,.,.
SRCA_sc_natural_gas_fired_combustion_turbine_2,2003,0.0,9267.31,.,.
SRCA_sc_natural_gas_fired_combustion_turbine_2,2004,0.0,9267.31,.,.
SRCA_sc_natural_gas_fired_combustion_turbine_2,2009,0.0,9267.31,.,.
SRCA_sc_natural_gas_fired_combustion_turbine_2,2010,0.0,9267.31,.,.
SRCA_nc_natural_gas_steam_turbine_1,1991,0.0,51303.0,.,.
SRCA_nc_natural_gas_steam_turbine_1,2019,0.0,51303.0,.,.
SRCA_sc_natural_gas_steam_turbine_1,1950,0.0,51303.0,.,.
SRCA_sc_natural_gas_steam_turbine_1,1955,0.0,51303.0,.,.
SRCA_sc_natural_gas_steam_turbine_1,1958,0.0,51303.0,.,.
SRCA_sc_natural_gas_steam_turbine_1,1984,0.0,51303.0,.,.
SRCA_sc_natural_gas_steam_turbine_1,1991,0.0,51303.0,.,.
SRCA_sc_natural_gas_steam_turbine_1,1993,0.0,51303.0,.,.
SRCA_sc_natural_gas_steam_turbine_1,1996,0.0,51303.0,.,.
SRCE_al_natural_gas_fired_combined_cycle_1,2002,0.0,9787.0,.,.
SRCE_al_natural_gas_fired_combined_cycle_1,2003,0.0,9787.0,.,.
SRCE_al_natural_gas_fired_combined_cycle_2,2003,0.0,9787.0,.,.
SRCE_al_natural_gas_fired_combined_cycle_2,2004,0.0,9787.0,.,.
SRCE_ky_natural_gas_fired_combined_cycle_1,2015,0.0,9787.0,.,.
SRCE_ky_natural_gas_fired_combined_cycle_2,2017,0.0,12332.0,.,.
SRCE_ms_natural_gas_fired_combined_cycle_1,2003,0.0,9787.0,.,.
SRCE_ms_natural_gas_fired_combined_cycle_1,2006,0.0,9787.0,.,.
SRCE_ms_natural_gas_fired_combined_cycle_2,2000,0.0,9787.0,.,.
SRCE_tn_natural_gas_fired_combined_cycle_1,2010,0.0,9787.0,.,.
SRCE_tn_natural_gas_fired_combined_cycle_1,2012,0.0,9787.0,.,.
SRCE_tn_natural_gas_fired_combined_cycle_2,2018,0.0,12332.0,.,.
SRCE_al_natural_gas_fired_combustion_turbine_1,1972,0.0,9168.0,.,.
SRCE_ky_natural_gas_fired_combustion_turbine_1,1968,0.0,10931.0,.,.
SRCE_ky_natural_gas_fired_combustion_turbine_1,2001,0.0,10931.0,.,.
SRCE_ky_natural_gas_fired_combustion_turbine_2,1994,0.0,9242.247,.,.
SRCE_ky_natural_gas_fired_combustion_turbine_2,1995,0.0,9242.247,.,.
SRCE_ky_natural_gas_fired_combustion_turbine_2,1996,0.0,9242.247,.,.
SRCE_ky_natural_gas_fired_combustion_turbine_2,1999,0.0,9242.247,.,.
SRCE_ky_natural_gas_fired_combustion_turbine_2,2001,0.0,9242.247,.,.
SRCE_ky_natural_gas_fired_combustion_turbine_2,2002,0.0,9242.247,.,.
SRCE_ky_natural_gas_fired_combustion_turbine_2,2004,0.0,9242.247,.,.
SRCE_ky_natural_gas_fired_combustion_turbine_2,2010,0.0,9242.247,.,.
SRCE_ky_natural_gas_fired_combustion_turbine_3,1970,0.0,13412.0,.,.
SRCE_ky_natural_gas_fired_combustion_turbine_3,2000,0.0,13412.0,.,.
SRCE_ms_natural_gas_fired_combustion_turbine_1,2002,0.0,9168.0,.,.
SRCE_tn_natural_gas_fired_combustion_turbine_1,1973,0.0,9168.0,.,.
SRCE_tn_natural_gas_fired_combustion_turbine_1,2000,0.0,9168.0,.,.
SRCE_tn_natural_gas_fired_combustion_turbine_2,1974,0.0,9168.0,.,.
SRCE_tn_natural_gas_fired_combustion_turbine_2,1981,0.0,9168.0,.,.
SRCE_tn_natural_gas_fired_combustion_turbine_2,1999,0.0,9168.0,.,.
SRCE_tn_natural_gas_fired_combustion_turbine_2,2000,0.0,9168.0,.,.
SRCE_tn_natural_gas_fired_combustion_turbine_2,2001,0.0,9168.0,.,.
SRCE_tn_natural_gas_fired_combustion_turbine_2,2002,0.0,9168.0,.,.
SRCE_tn_natural_gas_fired_combustion_turbine_3,1995,0.0,13412.0,.,.
SRCE_tn_natural_gas_fired_combustion_turbine_3,1996,0.0,13412.0,.,.
SRCE_tn_natural_gas_fired_combustion_turbine_3,1997,0.0,13412.0,.,.
SRCE_tn_natural_gas_fired_combustion_turbine_3,2002,0.0,13412.0,.,.
SRCE_tn_natural_gas_fired_combustion_turbine_3,2015,0.0,13412.0,.,.
SRCE_tn_natural_gas_fired_combustion_turbine_3,2016,0.0,13412.0,.,.
SRCE_tn_natural_gas_fired_combustion_turbine_3,2017,0.0,13412.0,.,.
SRCE_tn_natural_gas_internal_combustion_engine_1,2002,0.0,24000.0,.,.
SRCE_tn_natural_gas_steam_turbine_1,1966,0.0,51303.0,.,.
SRCE_tn_natural_gas_steam_turbine_1,1967,0.0,51303.0,.,.
SRCE_tn_natural_gas_steam_turbine_1,1969,0.0,51303.0,.,.
SRCE_tn_natural_gas_steam_turbine_1,1970,0.0,51303.0,.,.
SRCE_tn_natural_gas_steam_turbine_1,1983,0.0,51303.0,.,.
SRCE_tn_natural_gas_steam_turbine_1,2006,0.0,51303.0,.,.
SRSE_al_natural_gas_fired_combined_cycle_1,1993,0.0,16492.0,.,.
SRSE_al_natural_gas_fired_combined_cycle_1,1994,0.0,16492.0,.,.
SRSE_al_natural_gas_fired_combined_cycle_1,1999,0.0,16492.0,.,.
SRSE_al_natural_gas_fired_combined_cycle_1,2000,0.0,16492.0,.,.
SRSE_al_natural_gas_fired_combined_cycle_1,2001,0.0,16492.0,.,.
SRSE_al_natural_gas_fired_combined_cycle_2,1954,0.0,11238.071,.,.
SRSE_al_natural_gas_fired_combined_cycle_2,1959,0.0,11238.071,.,.
SRSE_al_natural_gas_fired_combined_cycle_2,1996,0.0,11238.071,.,.
SRSE_al_natural_gas_fired_combined_cycle_2,2000,0.0,11238.071,.,.
SRSE_al_natural_gas_fired_combined_cycle_2,2002,0.0,11238.071,.,.
SRSE_al_natural_gas_fired_combined_cycle_2,2003,0.0,11238.071,.,.
SRSE_al_natural_gas_fired_combined_cycle_2,2008,0.0,11238.071,.,.
SRSE_al_natural_gas_fired_combined_cycle_2,2010,0.0,11238.071,.,.
SRSE_al_natural_gas_fired_combined_cycle_2,2023,0.0,11238.071,.,.
SRSE_fl_natural_gas_fired_combined_cycle_1,2002,0.0,9787.0,.,.
SRSE_fl_natural_gas_fired_combined_cycle_2,2003,0.0,16492.0,.,.
SRSE_ga_natural_gas_fired_combined_cycle_1,2002,0.0,11839.51,.,.
SRSE_ga_natural_gas_fired_combined_cycle_1,2003,0.0,11839.51,.,.
SRSE_ga_natural_gas_fired_combined_cycle_1,2004,0.0,11839.51,.,.
SRSE_ga_natural_gas_fired_combined_cycle_1,2005,0.0,11839.51,.,.
SRSE_ga_natural_gas_fired_combined_cycle_1,2011,0.0,11839.51,.,.
SRSE_ga_natural_gas_fired_combined_cycle_1,2012,0.0,11839.51,.,.
SRSE_ga_natural_gas_fired_combined_cycle_2,1997,0.0,16492.0,.,.
SRSE_ga_natural_gas_fired_combined_cycle_2,1998,0.0,16492.0,.,.
SRSE_ms_natural_gas_fired_combined_cycle_1,2014,0.0,9787.0,.,.
SRSE_ms_natural_gas_fired_combined_cycle_2,2001,0.0,12332.0,.,.
SRSE_al_natural_gas_fired_combustion_turbine_1,1995,0.0,9168.0,.,.
SRSE_al_natural_gas_fired_combustion_turbine_1,1996,0.0,9168.0,.,.
SRSE_al_natural_gas_fired_combustion_turbine_1,1998,0.0,9168.0,.,.
SRSE_al_natural_gas_fired_combustion_turbine_1,2003,0.0,9168.0,.,.
SRSE_al_natural_gas_fired_combustion_turbine_1,2010,0.0,9168.0,.,.
SRSE_al_natural_gas_fired_combustion_turbine_2,1998,0.0,12484.87,.,.
SRSE_al_natural_gas_fired_combustion_turbine_2,1999,0.0,12484.87,.,.
SRSE_al_natural_gas_fired_combustion_turbine_2,2004,0.0,12484.87,.,.
SRSE_al_natural_gas_fired_combustion_turbine_2,2019,0.0,12484.87,.,.
SRSE_fl_natural_gas_fired_combustion_turbine_1,1993,0.0,9339.465,.,.
SRSE_fl_natural_gas_fired_combustion_turbine_1,2021,0.0,9339.465,.,.
SRSE_fl_natural_gas_fired_combustion_turbine_2,1975,0.0,13412.0,.,.
SRSE_ga_natural_gas_fired_combustion_turbine_1,1957,0.0,12150.256,.,.
SRSE_ga_natural_gas_fired_combustion_turbine_1,1971,0.0,12150.256,.,.
SRSE_ga_natural_gas_fired_combustion_turbine_1,1986,0.0,12150.256,.,.
SRSE_ga_natural_gas_fired_combustion_turbine_1,1989,0.0,12150.256,.,.
SRSE_ga_natural_gas_fired_combustion_turbine_1,1999,0.0,12150.256,.,.
SRSE_ga_natural_gas_fired_combustion_turbine_1,2000,0.0,12150.256,.,.
SRSE_ga_natural_gas_fired_combustion_turbine_1,2022,0.0,12150.256,.,.
SRSE_ga_natural_gas_fired_combustion_turbine_2,1994,0.0,9252.506,.,.
SRSE_ga_natural_gas_fired_combustion_turbine_2,1995,0.0,9252.506,.,.
SRSE_ga_natural_gas_fired_combustion_turbine_2,1999,0.0,9252.506,.,.
SRSE_ga_natural_gas_fired_combustion_turbine_2,2000,0.0,9252.506,.,.
SRSE_ga_natural_gas_fired_combustion_turbine_2,2001,0.0,9252.506,.,.
SRSE_ga_natural_gas_fired_combustion_turbine_2,2002,0.0,9252.506,.,.
SRSE_ga_natural_gas_fired_combustion_turbine_2,2003,0.0,9252.506,.,.
SRSE_ms_natural_gas_fired_combustion_turbine_1,1967,0.0,10931.0,.,.
SRSE_ms_natural_gas_fired_combustion_turbine_1,1971,0.0,10931.0,.,.
SRSE_ms_natural_gas_fired_combustion_turbine_1,1994,0.0,10931.0,.,.
SRSE_ms_natural_gas_fired_combustion_turbine_2,1970,0.0,13412.0,.,.
SRSE_ms_natural_gas_fired_combustion_turbine_2,1971,0.0,13412.0,.,.
SRSE_fl_natural_gas_internal_combustion_engine_1,1988,0.0,24000.0,.,.
SRSE_fl_natural_gas_internal_combustion_engine_1,2006,0.0,24000.0,.,.
SRSE_ga_natural_gas_internal_combustion_engine_1,2012,0.0,24000.0,.,.
SRSE_ga_natural_gas_internal_combustion_engine_1,2020,0.0,24000.0,.,.
SRSE_al_natural_gas_steam_turbine_1,1954,0.0,51303.0,.,.
SRSE_al_natural_gas_steam_turbine_1,1958,0.0,51303.0,.,.
SRSE_al_natural_gas_steam_turbine_1,1960,0.0,51303.0,.,.
SRSE_al_natural_gas_steam_turbine_1,1961,0.0,51303.0,.,.
SRSE_al_natural_gas_steam_turbine_1,1962,0.0,51303.0,.,.
SRSE_al_natural_gas_steam_turbine_1,1964,0.0,51303.0,.,.
SRSE_al_natural_gas_steam_turbine_1,1965,0.0,51303.0,.,.
SRSE_al_natural_gas_steam_turbine_1,1966,0.0,51303.0,.,.
SRSE_al_natural_gas_steam_turbine_1,1967,0.0,51303.0,.,.
SRSE_al_natural_gas_steam_turbine_1,1982,0.0,51303.0,.,.
SRSE_fl_natural_gas_steam_turbine_1,1953,0.0,35220.6,.,.
SRSE_fl_natural_gas_steam_turbine_1,1957,0.0,35220.6,.,.
SRSE_fl_natural_gas_steam_turbine_1,1958,0.0,35220.6,.,.
SRSE_fl_natural_gas_steam_turbine_1,1959,0.0,35220.6,.,.
SRSE_fl_natural_gas_steam_turbine_1,1961,0.0,35220.6,.,.
SRSE_fl_natural_gas_steam_turbine_1,1970,0.0,35220.6,.,.
SRSE_fl_natural_gas_steam_turbine_1,1973,0.0,35220.6,.,.
SRSE_ga_natural_gas_steam_turbine_1,1946,0.0,33127.057,.,.
SRSE_ga_natural_gas_steam_turbine_1,1948,0.0,33127.057,.,.
SRSE_ga_natural_gas_steam_turbine_1,1957,0.0,33127.057,.,.
SRSE_ga_natural_gas_steam_turbine_1,1959,0.0,33127.057,.,.
SRSE_ga_natural_gas_steam_turbine_1,1965,0.0,33127.057,.,.
SRSE_ga_natural_gas_steam_turbine_1,1974,0.0,33127.057,.,.
SRSE_ga_natural_gas_steam_turbine_1,1981,0.0,33127.057,.,.
SRSE_ga_natural_gas_steam_turbine_1,1985,0.0,33127.057,.,.
SRSE_ms_natural_gas_steam_turbine_1,1973,0.0,31200.0,.,.
SRSG_az_natural_gas_fired_combined_cycle_1,1994,0.0,16492.0,.,.
SRSG_az_natural_gas_fired_combined_cycle_1,2002,0.0,16492.0,.,.
SRSG_az_natural_gas_fired_combined_cycle_1,2006,0.0,16492.0,.,.
SRSG_az_natural_gas_fired_combined_cycle_2,1974,0.0,10664.253,.,.
SRSG_az_natural_gas_fired_combined_cycle_2,1975,0.0,10664.253,.,.
SRSG_az_natural_gas_fired_combined_cycle_2,1976,0.0,10664.253,.,.
SRSG_az_natural_gas_fired_combined_cycle_2,2001,0.0,10664.253,.,.
SRSG_az_natural_gas_fired_combined_cycle_2,2002,0.0,10664.253,.,.
SRSG_az_natural_gas_fired_combined_cycle_2,2003,0.0,10664.253,.,.
SRSG_az_natural_gas_fired_combined_cycle_2,2004,0.0,10664.253,.,.
SRSG_az_natural_gas_fired_combined_cycle_2,2005,0.0,10664.253,.,.
SRSG_az_natural_gas_fired_combined_cycle_2,2006,0.0,10664.253,.,.
SRSG_ca_natural_gas_fired_combined_cycle_1,1952,0.0,16492.0,.,.
SRSG_ca_natural_gas_fired_combined_cycle_1,1993,0.0,16492.0,.,.
SRSG_ca_natural_gas_fired_combined_cycle_2,2012,0.0,16492.0,.,.
SRSG_nm_natural_gas_fired_combined_cycle_1,2002,0.0,12121.662,.,.
SRSG_nm_natural_gas_fired_combined_cycle_1,2005,0.0,12121.662,.,.
SRSG_nm_natural_gas_fired_combined_cycle_1,2006,0.0,12121.662,.,.
SRSG_nm_natural_gas_fired_combined_cycle_1,2007,0.0,12121.662,.,.
SRSG_nm_natural_gas_fired_combined_cycle_2,1959,0.0,16492.0,.,.
SRSG_nm_natural_gas_fired_combined_cycle_2,2001,0.0,16492.0,.,.
SRSG_tx_natural_gas_fired_combined_cycle_1,1966,0.0,9787.0,.,.
SRSG_tx_natural_gas_fired_combined_cycle_1,1971,0.0,9787.0,.,.
SRSG_tx_natural_gas_fired_combined_cycle_2,2009,0.0,9787.0,.,.
SRSG_tx_natural_gas_fired_combined_cycle_2,2011,0.0,9787.0,.,.
SRSG_az_natural_gas_fired_combustion_turbine_1,1963,0.0,10070.855,.,.
SRSG_az_natural_gas_fired_combustion_turbine_1,1971,0.0,10070.855,.,.
SRSG_az_natural_gas_fired_combustion_turbine_1,1972,0.0,10070.855,.,.
SRSG_az_natural_gas_fired_combustion_turbine_1,1973,0.0,10070.855,.,.
SRSG_az_natural_gas_fired_combustion_turbine_1,1975,0.0,10070.855,.,.
SRSG_az_natural_gas_fired_combustion_turbine_1,1989,0.0,10070.855,.,.
SRSG_az_natural_gas_fired_combustion_turbine_1,2001,0.0,10070.855,.,.
SRSG_az_natural_gas_fired_combustion_turbine_1,2002,0.0,10070.855,.,.
SRSG_az_natural_gas_fired_combustion_turbine_1,2006,0.0,10070.855,.,.
SRSG_az_natural_gas_fired_combustion_turbine_1,2008,0.0,10070.855,.,.
SRSG_az_natural_gas_fired_combustion_turbine_1,2011,0.0,10070.855,.,.
SRSG_az_natural_gas_fired_combustion_turbine_1,2019,0.0,10070.855,.,.
SRSG_az_natural_gas_fired_combustion_turbine_1,2022,0.0,10070.855,.,.
SRSG_az_natural_gas_fired_combustion_turbine_2,1974,0.0,9168.0,.,.
SRSG_az_natural_gas_fired_combustion_turbine_2,1975,0.0,9168.0,.,.
SRSG_az_natural_gas_fired_combustion_turbine_2,2022,0.0,9168.0,.,.
SRSG_ca_natural_gas_fired_combustion_turbine_1,1973,0.0,13412.0,.,.
SRSG_ca_natural_gas_fired_combustion_turbine_1,1974,0.0,13412.0,.,.
SRSG_ca_natural_gas_fired_combustion_turbine_1,1976,0.0,13412.0,.,.
SRSG_ca_natural_gas_fired_combustion_turbine_2,1979,0.0,13412.0,.,.
SRSG_ca_natural_gas_fired_combustion_turbine_2,2008,0.0,13412.0,.,.
SRSG_nm_natural_gas_fired_combustion_turbine_1,2003,0.0,10931.0,.,.
SRSG_nm_natural_gas_fired_combustion_turbine_1,2008,0.0,10931.0,.,.
SRSG_nm_natural_gas_fired_combustion_turbine_2,1996,0.0,13412.0,.,.
SRSG_nm_natural_gas_fired_combustion_turbine_2,2002,0.0,13412.0,.,.
SRSG_nm_natural_gas_fired_combustion_turbine_2,2005,0.0,13412.0,.,.
SRSG_nm_natural_gas_fired_combustion_turbine_2,2013,0.0,13412.0,.,.
SRSG_nm_natural_gas_fired_combustion_turbine_2,2014,0.0,13412.0,.,.
SRSG_nm_natural_gas_fired_combustion_turbine_2,2015,0.0,13412.0,.,.
SRSG_tx_natural_gas_fired_combustion_turbine_1,1980,0.0,13412.0,.,.
SRSG_tx_natural_gas_fired_combustion_turbine_2,1986,0.0,9938.345,.,.
SRSG_tx_natural_gas_fired_combustion_turbine_2,1992,0.0,9938.345,.,.
SRSG_tx_natural_gas_fired_combustion_turbine_2,2015,0.0,9938.345,.,.
SRSG_tx_natural_gas_fired_combustion_turbine_2,2016,0.0,9938.345,.,.
SRSG_tx_natural_gas_fired_combustion_turbine_2,2023,0.0,9938.345,.,.
SRSG_az_natural_gas_internal_combustion_engine_1,2000,0.0,24000.0,.,.
SRSG_az_natural_gas_internal_combustion_engine_1,2019,0.0,24000.0,.,.
SRSG_az_natural_gas_internal_combustion_engine_1,2020,0.0,24000.0,.,.
SRSG_nm_natural_gas_internal_combustion_engine_1,2002,0.0,24000.0,.,.
SRSG_tx_natural_gas_internal_combustion_engine_1,1987,0.0,24000.0,.,.
SRSG_az_natural_gas_steam_turbine_1,1952,0.0,51303.0,.,.
SRSG_az_natural_gas_steam_turbine_1,1954,0.0,51303.0,.,.
SRSG_az_natural_gas_steam_turbine_1,1957,0.0,51303.0,.,.
SRSG_az_natural_gas_steam_turbine_1,1958,0.0,51303.0,.,.
SRSG_az_natural_gas_steam_turbine_1,1959,0.0,51303.0,.,.
SRSG_az_natural_gas_steam_turbine_1,1961,0.0,51303.0,.,.
SRSG_az_natural_gas_steam_turbine_1,1962,0.0,51303.0,.,.
SRSG_az_natural_gas_steam_turbine_1,1964,0.0,51303.0,.,.
SRSG_az_natural_gas_steam_turbine_1,1967,0.0,51303.0,.,.
SRSG_az_natural_gas_steam_turbine_1,1979,0.0,51303.0,.,.
SRSG_ca_natural_gas_steam_turbine_1,1948,0.0,51303.0,.,.
SRSG_ca_natural_gas_steam_turbine_1,1968,0.0,51303.0,.,.
SRSG_nm_natural_gas_steam_turbine_1,1954,0.0,51303.0,.,.
SRSG_nm_natural_gas_steam_turbine_1,1959,0.0,51303.0,.,.
SRSG_nm_natural_gas_steam_turbine_1,1960,0.0,51303.0,.,.
SRSG_nm_natural_gas_steam_turbine_1,1962,0.0,51303.0,.,.
SRSG_nm_natural_gas_steam_turbine_1,1972,0.0,51303.0,.,.
SRSG_nm_natural_gas_steam_turbine_1,1974,0.0,51303.0,.,.
SRSG_nm_natural_gas_steam_turbine_1,1975,0.0,51303.0,.,.
SRSG_tx_natural_gas_steam_turbine_1,1975,0.0,51303.0,.,.
SRSG_tx_natural_gas_steam_turbine_1,1977,0.0,51303.0,.,.
SRSG_tx_natural_gas_steam_turbine_1,1981,0.0,51303.0,.,.
TRE_tx_natural_gas_fired_combined_cycle_1,1972,0.0,10859.131,.,.
TRE_tx_natural_gas_fired_combined_cycle_1,1974,0.0,10859.131,.,.
TRE_tx_natural_gas_fired_combined_cycle_1,1976,0.0,10859.131,.,.
TRE_tx_natural_gas_fired_combined_cycle_1,1985,0.0,10859.131,.,.
TRE_tx_natural_gas_fired_combined_cycle_1,1986,0.0,10859.131,.,.
TRE_tx_natural_gas_fired_combined_cycle_1,1987,0.0,10859.131,.,.
TRE_tx_natural_gas_fired_combined_cycle_1,1993,0.0,10859.131,.,.
TRE_tx_natural_gas_fired_combined_cycle_1,1994,0.0,10859.131,.,.
TRE_tx_natural_gas_fired_combined_cycle_1,1995,0.0,10859.131,.,.
TRE_tx_natural_gas_fired_combined_cycle_1,1998,0.0,10859.131,.,.
TRE_tx_natural_gas_fired_combined_cycle_1,2000,0.0,10859.131,.,.
TRE_tx_natural_gas_fired_combined_cycle_1,2001,0.0,10859.131,.,.
TRE_tx_natural_gas_fired_combined_cycle_1,2002,0.0,10859.131,.,.
TRE_tx_natural_gas_fired_combined_cycle_1,2003,0.0,10859.131,.,.
TRE_tx_natural_gas_fired_combined_cycle_1,2004,0.0,10859.131,.,.
TRE_tx_natural_gas_fired_combined_cycle_1,2006,0.0,10859.131,.,.
TRE_tx_natural_gas_fired_combined_cycle_1,2007,0.0,10859.131,.,.
TRE_tx_natural_gas_fired_combined_cycle_1,2008,0.0,10859.131,.,.
TRE_tx_natural_gas_fired_combined_cycle_1,2009,0.0,10859.131,.,.
TRE_tx_natural_gas_fired_combined_cycle_1,2010,0.0,10859.131,.,.
TRE_tx_natural_gas_fired_combined_cycle_1,2011,0.0,10859.131,.,.
TRE_tx_natural_gas_fired_combined_cycle_1,2014,0.0,10859.131,.,.
TRE_tx_natural_gas_fired_combined_cycle_1,2015,0.0,10859.131,.,.
TRE_tx_natural_gas_fired_combined_cycle_1,2017,0.0,10859.131,.,.
TRE_tx_natural_gas_fired_combined_cycle_1,2023,0.0,10859.131,.,.
TRE_tx_natural_gas_fired_combined_cycle_2,1951,0.0,15798.667,.,.
TRE_tx_natural_gas_fired_combined_cycle_2,1959,0.0,15798.667,.,.
TRE_tx_natural_gas_fired_combined_cycle_2,1963,0.0,15798.667,.,.
TRE_tx_natural_gas_fired_combined_cycle_2,1979,0.0,15798.667,.,.
TRE_tx_natural_gas_fired_combined_cycle_2,1982,0.0,15798.667,.,.
TRE_tx_natural_gas_fired_combined_cycle_2,1983,0.0,15798.667,.,.
TRE_tx_natural_gas_fired_combined_cycle_2,1984,0.0,15798.667,.,.
TRE_tx_natural_gas_fired_combined_cycle_2,1986,0.0,15798.667,.,.
TRE_tx_natural_gas_fired_combined_cycle_2,1987,0.0,15798.667,.,.
TRE_tx_natural_gas_fired_combined_cycle_2,1989,0.0,15798.667,.,.
TRE_tx_natural_gas_fired_combined_cycle_2,1994,0.0,15798.667,.,.
TRE_tx_natural_gas_fired_combined_cycle_2,1996,0.0,15798.667,.,.
TRE_tx_natural_gas_fired_combined_cycle_2,1999,0.0,15798.667,.,.
TRE_tx_natural_gas_fired_combined_cycle_2,2000,0.0,15798.667,.,.
TRE_tx_natural_gas_fired_combined_cycle_2,2002,0.0,15798.667,.,.
TRE_tx_natural_gas_fired_combined_cycle_2,2003,0.0,15798.667,.,.
TRE_tx_natural_gas_fired_combined_cycle_2,2004,0.0,15798.667,.,.
TRE_tx_natural_gas_fired_combined_cycle_2,2005,0.0,15798.667,.,.
TRE_tx_natural_gas_fired_combined_cycle_2,2007,0.0,15798.667,.,.
TRE_tx_natural_gas_fired_combined_cycle_2,2009,0.0,15798.667,.,.
TRE_tx_natural_gas_fired_combined_cycle_2,2010,0.0,15798.667,.,.
TRE_tx_natural_gas_fired_combined_cycle_2,2011,0.0,15798.667,.,.
TRE_tx_natural_gas_fired_combined_cycle_2,2024,0.0,15798.667,.,.
TRE_tx_natural_gas_fired_combustion_turbine_1,1967,0.0,9853.048,.,.
TRE_tx_natural_gas_fired_combustion_turbine_1,1969,0.0,9853.048,.,.
TRE_tx_natural_gas_fired_combustion_turbine_1,1975,0.0,9853.048,.,.
TRE_tx_natural_gas_fired_combustion_turbine_1,1976,0.0,9853.048,.,.
TRE_tx_natural_gas_fired_combustion_turbine_1,1977,0.0,9853.048,.,.
TRE_tx_natural_gas_fired_combustion_turbine_1,1981,0.0,9853.048,.,.
TRE_tx_natural_gas_fired_combustion_turbine_1,1985,0.0,9853.048,.,.
TRE_tx_natural_gas_fired_combustion_turbine_1,1987,0.0,9853.048,.,.
TRE_tx_natural_gas_fired_combustion_turbine_1,1988,0.0,9853.048,.,.
TRE_tx_natural_gas_fired_combustion_turbine_1,1989,0.0,9853.048,.,.
TRE_tx_natural_gas_fired_combustion_turbine_1,1990,0.0,9853.048,.,.
TRE_tx_natural_gas_fired_combustion_turbine_1,1994,0.0,9853.048,.,.
TRE_tx_natural_gas_fired_combustion_turbine_1,1995,0.0,9853.048,.,.
TRE_tx_natural_gas_fired_combustion_turbine_1,1997,0.0,9853.048,.,.
TRE_tx_natural_gas_fired_combustion_turbine_1,2000,0.0,9853.048,.,.
TRE_tx_natural_gas_fired_combustion_turbine_1,2001,0.0,9853.048,.,.
TRE_tx_natural_gas_fired_combustion_turbine_1,2004,0.0,9853.048,.,.
TRE_tx_natural_gas_fired_combustion_turbine_1,2008,0.0,9853.048,.,.
TRE_tx_natural_gas_fired_combustion_turbine_1,2010,0.0,9853.048,.,.
TRE_tx_natural_gas_fired_combustion_turbine_1,2014,0.0,9853.048,.,.
TRE_tx_natural_gas_fired_combustion_turbine_1,2015,0.0,9853.048,.,.
TRE_tx_natural_gas_fired_combustion_turbine_1,2016,0.0,9853.048,.,.
TRE_tx_natural_gas_fired_combustion_turbine_1,2018,0.0,9853.048,.,.
TRE_tx_natural_gas_fired_combustion_turbine_1,2019,0.0,9853.048,.,.
TRE_tx_natural_gas_fired_combustion_turbine_1,2020,0.0,9853.048,.,.
TRE_tx_natural_gas_fired_combustion_turbine_1,2021,0.0,9853.048,.,.
TRE_tx_natural_gas_fired_combustion_turbine_1,2022,0.0,9853.048,.,.
TRE_tx_natural_gas_fired_combustion_turbine_1,2023,0.0,9853.048,.,.
TRE_tx_natural_gas_fired_combustion_turbine_1,2024,0.0,9853.048,.,.
TRE_tx_natural_gas_fired_combustion_turbine_1,2025,0.0,9853.048,.,.
TRE_tx_natural_gas_fired_combustion_turbine_2,1967,0.0,13412.0,.,.
TRE_tx_natural_gas_fired_combustion_turbine_2,1975,0.0,13412.0,.,.
TRE_tx_natural_gas_fired_combustion_turbine_2,1978,0.0,13412.0,.,.
TRE_tx_natural_gas_fired_combustion_turbine_2,1984,0.0,13412.0,.,.
TRE_tx_natural_gas_fired_combustion_turbine_2,1986,0.0,13412.0,.,.
TRE_tx_natural_gas_fired_combustion_turbine_2,1987,0.0,13412.0,.,.
TRE_tx_natural_gas_fired_combustion_turbine_2,1988,0.0,13412.0,.,.
TRE_tx_natural_gas_fired_combustion_turbine_2,1989,0.0,13412.0,.,.
TRE_tx_natural_gas_fired_combustion_turbine_2,1991,0.0,13412.0,.,.
TRE_tx_natural_gas_fired_combustion_turbine_2,1996,0.0,13412.0,.,.
TRE_tx_natural_gas_fired_combustion_turbine_2,1999,0.0,13412.0,.,.
TRE_tx_natural_gas_fired_combustion_turbine_2,2001,0.0,13412.0,.,.
TRE_tx_natural_gas_fired_combustion_turbine_2,2004,0.0,13412.0,.,.
TRE_tx_natural_gas_fired_combustion_turbine_2,2006,0.0,13412.0,.,.
TRE_tx_natural_gas_fired_combustion_turbine_2,2009,0.0,13412.0,.,.
TRE_tx_natural_gas_fired_combustion_turbine_2,2010,0.0,13412.0,.,.
TRE_tx_natural_gas_fired_combustion_turbine_2,2013,0.0,13412.0,.,.
TRE_tx_natural_gas_fired_combustion_turbine_2,2017,0.0,13412.0,.,.
TRE_tx_natural_gas_fired_combustion_turbine_2,2018,0.0,13412.0,.,.
TRE_tx_natural_gas_fired_combustion_turbine_2,2019,0.0,13412.0,.,.
TRE_tx_natural_gas_fired_combustion_turbine_2,2020,0.0,13412.0,.,.
TRE_tx_natural_gas_fired_combustion_turbine_2,2022,0.0,13412.0,.,.
TRE_tx_natural_gas_fired_combustion_turbine_2,2023,0.0,13412.0,.,.
TRE_tx_natural_gas_internal_combustion_engine_1,1988,0.0,24000.0,.,.
TRE_tx_natural_gas_internal_combustion_engine_1,1994,0.0,24000.0,.,.
TRE_tx_natural_gas_internal_combustion_engine_1,2000,0.0,24000.0,.,.
TRE_tx_natural_gas_internal_combustion_engine_1,2001,0.0,24000.0,.,.
TRE_tx_natural_gas_internal_combustion_engine_1,2002,0.0,24000.0,.,.
TRE_tx_natural_gas_internal_combustion_engine_1,2009,0.0,24000.0,.,.
TRE_tx_natural_gas_internal_combustion_engine_1,2010,0.0,24000.0,.,.
TRE_tx_natural_gas_internal_combustion_engine_1,2013,0.0,24000.0,.,.
TRE_tx_natural_gas_internal_combustion_engine_1,2016,0.0,24000.0,.,.
TRE_tx_natural_gas_internal_combustion_engine_1,2017,0.0,24000.0,.,.
TRE_tx_natural_gas_internal_combustion_engine_1,2018,0.0,24000.0,.,.
TRE_tx_natural_gas_internal_combustion_engine_1,2019,0.0,24000.0,.,.
TRE_tx_natural_gas_internal_combustion_engine_1,2020,0.0,24000.0,.,.
TRE_tx_natural_gas_internal_combustion_engine_1,2021,0.0,24000.0,.,.
TRE_tx_natural_gas_internal_combustion_engine_1,2022,0.0,24000.0,.,.
TRE_tx_natural_gas_steam_turbine_1,1956,0.0,33969.058,.,.
TRE_tx_natural_gas_steam_turbine_1,1958,0.0,33969.058,.,.
TRE_tx_natural_gas_steam_turbine_1,1963,0.0,33969.058,.,.
TRE_tx_natural_gas_steam_turbine_1,1964,0.0,33969.058,.,.
TRE_tx_natural_gas_steam_turbine_1,1965,0.0,33969.058,.,.
TRE_tx_natural_gas_steam_turbine_1,1966,0.0,33969.058,.,.
TRE_tx_natural_gas_steam_turbine_1,1967,0.0,33969.058,.,.
TRE_tx_natural_gas_steam_turbine_1,1968,0.0,33969.058,.,.
TRE_tx_natural_gas_steam_turbine_1,1969,0.0,33969.058,.,.
TRE_tx_natural_gas_steam_turbine_1,1970,0.0,33969.058,.,.
TRE_tx_natural_gas_steam_turbine_1,1971,0.0,33969.058,.,.
TRE_tx_natural_gas_steam_turbine_1,1972,0.0,33969.058,.,.
TRE_tx_natural_gas_steam_turbine_1,1973,0.0,33969.058,.,.
TRE_tx_natural_gas_steam_turbine_1,1974,0.0,33969.058,.,.
TRE_tx_natural_gas_steam_turbine_1,1975,0.0,33969.058,.,.
TRE_tx_natural_gas_steam_turbine_1,1976,0.0,33969.058,.,.
TRE_tx_natural_gas_steam_turbine_1,1977,0.0,33969.058,.,.
TRE_tx_natural_gas_steam_turbine_1,1978,0.0,33969.058,.,.
TRE_tx_natural_gas_steam_turbine_1,1979,0.0,33969.058,.,.
TRE_tx_natural_gas_steam_turbine_1,1987,0.0,33969.058,.,.
TRE_tx_natural_gas_steam_turbine_1,1988,0.0,33969.058,.,.
TRE_tx_natural_gas_steam_turbine_1,1993,0.0,33969.058,.,.
TRE_tx_natural_gas_steam_turbine_1,2000,0.0,33969.058,.,.
TRE_tx_natural_gas_steam_turbine_1,2012,0.0,33969.058,.,.
TREW_tx_natural_gas_fired_combined_cycle_1,2001,0.0,10744.28,.,.
TREW_tx_natural_gas_fired_combined_cycle_1,2002,0.0,10744.28,.,.
TREW_tx_natural_gas_fired_combined_cycle_1,2007,0.0,10744.28,.,.
TREW_tx_natural_gas_fired_combined_cycle_1,2008,0.0,10744.28,.,.
TREW_tx_natural_gas_fired_combined_cycle_1,2025,0.0,10744.28,.,.
TREW_tx_natural_gas_fired_combined_cycle_2,1987,0.0,16492.0,.,.
TREW_tx_natural_gas_fired_combined_cycle_2,1988,0.0,16492.0,.,.
TREW_tx_natural_gas_fired_combined_cycle_2,2005,0.0,16492.0,.,.
TREW_tx_natural_gas_fired_combustion_turbine_1,1988,0.0,9168.0,.,.
TREW_tx_natural_gas_fired_combustion_turbine_1,1990,0.0,9168.0,.,.
TREW_tx_natural_gas_fired_combustion_turbine_2,2015,0.0,9168.0,.,.
TREW_tx_natural_gas_internal_combustion_engine_1,1981,0.0,24000.0,.,.
TREW_tx_natural_gas_internal_combustion_engine_1,1986,0.0,24000.0,.,.
TREW_tx_natural_gas_internal_combustion_engine_1,2017,0.0,24000.0,.,.
TREW_tx_natural_gas_internal_combustion_engine_1,2018,0.0,24000.0,.,.
TREW_tx_natural_gas_internal_combustion_engine_1,2021,0.0,24000.0,.,.
TREW_tx_natural_gas_steam_turbine_1,1960,0.0,31200.0,.,.
TREW_tx_natural_gas_steam_turbine_1,1969,0.0,31200.0,.,.
BASN_batteries_1,2020,0.0,7476.0,0.0,0.0
BASN_batteries_1,2021,0.0,7476.0,0.0,0.0
BASN_batteries_1,2022,0.0,7476.0,0.0,0.0
BASN_batteries_1,2023,0.0,7476.0,0.0,0.0
BASN_biomass_1,1995,0.0,157220.0,.,.
BASN_biomass_1,1996,0.0,157220.0,.,.
BASN_biomass_1,1998,0.0,157220.0,.,.
BASN_biomass_1,2002,0.0,157220.0,.,.
BASN_biomass_2,1983,0.0,157220.0,.,.
BASN_biomass_2,1997,0.0,157220.0,.,.
BASN_biomass_2,1999,0.0,157220.0,.,.
BASN_biomass_2,2002,0.0,157220.0,.,.
BASN_biomass_2,2004,0.0,157220.0,.,.
BASN_biomass_2,2008,0.0,157220.0,.,.
BASN_biomass_2,2009,0.0,157220.0,.,.
BASN_biomass_2,2011,0.0,157220.0,.,.
BASN_biomass_2,2012,0.0,157220.0,.,.
BASN_biomass_2,2013,0.0,157220.0,.,.
BASN_conventional_hydroelectric_1,1923,0.0,47048.0,.,.
BASN_conventional_hydroelectric_1,1935,0.0,47048.0,.,.
BASN_conventional_hydroelectric_1,1936,0.0,47048.0,.,.
BASN_conventional_hydroelectric_1,1937,0.0,47048.0,.,.
BASN_conventional_hydroelectric_1,1938,0.0,47048.0,.,.
BASN_conventional_hydroelectric_1,1944,0.0,47048.0,.,.
BASN_conventional_hydroelectric_1,1949,0.0,47048.0,.,.
BASN_conventional_hydroelectric_1,1950,0.0,47048.0,.,.
BASN_conventional_hydroelectric_1,1951,0.0,47048.0,.,.
BASN_conventional_hydroelectric_1,1952,0.0,47048.0,.,.
BASN_conventional_hydroelectric_1,1957,0.0,47048.0,.,.
BASN_conventional_hydroelectric_1,1958,0.0,47048.0,.,.
BASN_conventional_hydroelectric_1,1959,0.0,47048.0,.,.
BASN_conventional_hydroelectric_1,1961,0.0,47048.0,.,.
BASN_conventional_hydroelectric_1,1963,0.0,47048.0,.,.
BASN_conventional_hydroelectric_1,1964,0.0,47048.0,.,.
BASN_conventional_hydroelectric_1,1978,0.0,47048.0,.,.
BASN_conventional_hydroelectric_1,1980,0.0,47048.0,.,.
BASN_conventional_hydroelectric_1,1988,0.0,47048.0,.,.
BASN_conventional_hydroelectric_1,1992,0.0,47048.0,.,.
BASN_conventional_hydroelectric_1,1995,0.0,47048.0,.,.
BASN_conventional_hydroelectric_1,2015,0.0,47048.0,.,.
BASN_conventional_steam_coal_1,1960,0.0,69038.517,.,.
BASN_conventional_steam_coal_1,1971,0.0,69038.517,.,.
BASN_conventional_steam_coal_1,1986,0.0,69038.517,.,.
BASN_conventional_steam_coal_1,1993,0.0,69038.517,.,.
BASN_conventional_steam_coal_1,2008,0.0,69038.517,.,.
BASN_conventional_steam_coal_2,1960,0.0,59621.076,.,.
BASN_conventional_steam_coal_2,1971,0.0,59621.076,.,.
BASN_conventional_steam_coal_2,1978,0.0,59621.076,.,.
BASN_conventional_steam_coal_2,1980,0.0,59621.076,.,.
BASN_conventional_steam_coal_2,1983,0.0,59621.076,.,.
BASN_geothermal_1,1984,0.0,209101.0,.,.
BASN_geothermal_1,1985,0.0,209101.0,.,.
BASN_geothermal_1,1992,0.0,209101.0,.,.
BASN_geothermal_1,1998,0.0,209101.0,.,.
BASN_geothermal_1,2002,0.0,209101.0,.,.
BASN_geothermal_1,2005,0.0,209101.0,.,.
BASN_geothermal_1,2006,0.0,209101.0,.,.
BASN_geothermal_1,2007,0.0,209101.0,.,.
BASN_geothermal_1,2008,0.0,209101.0,.,.
BASN_geothermal_1,2009,0.0,209101.0,.,.
BASN_geothermal_1,2010,0.0,209101.0,.,.
BASN_geothermal_1,2011,0.0,209101.0,.,.
BASN_geothermal_1,2012,0.0,209101.0,.,.
BASN_geothermal_1,2013,0.0,209101.0,.,.
BASN_geothermal_1,2014,0.0,209101.0,.,.
BASN_geothermal_1,2015,0.0,209101.0,.,.
BASN_geothermal_1,2017,0.0,209101.0,.,.
BASN_geothermal_1,2018,0.0,209101.0,.,.
BASN_geothermal_1,2019,0.0,209101.0,.,.
BASN_geothermal_1,2020,0.0,209101.0,.,.
BASN_geothermal_1,2021,0.0,209101.0,.,.
BASN_geothermal_1,2022,0.0,209101.0,.,.
BASN_geothermal_1,2023,0.0,209101.0,.,.
BASN_onshore_wind_turbine_1,2005,0.0,30300.0,.,.
BASN_onshore_wind_turbine_1,2006,0.0,30300.0,.,.
BASN_onshore_wind_turbine_1,2008,0.0,30300.0,.,.
BASN_onshore_wind_turbine_1,2009,0.0,30300.0,.,.
BASN_onshore_wind_turbine_1,2010,0.0,30300.0,.,.
BASN_onshore_wind_turbine_1,2011,0.0,30300.0,.,.
BASN_onshore_wind_turbine_1,2012,0.0,30300.0,.,.
BASN_onshore_wind_turbine_1,2016,0.0,30300.0,.,.
BASN_onshore_wind_turbine_1,2024,0.0,30300.0,.,.
BASN_onshore_wind_turbine_1,2026,0.0,30300.0,.,.
BASN_petroleum_liquids_1,1960,0.0,24000.0,.,.
BASN_petroleum_liquids_1,1967,0.0,24000.0,.,.
BASN_petroleum_liquids_1,1987,0.0,24000.0,.,.
BASN_petroleum_liquids_1,1999,0.0,24000.0,.,.
BASN_petroleum_liquids_1,2001,0.0,24000.0,.,.
BASN_petroleum_liquids_1,2008,0.0,24000.0,.,.
BASN_small_hydroelectric_1,1896,0.0,47048.0,.,.
BASN_small_hydroelectric_1,1904,0.0,47048.0,.,.
BASN_small_hydroelectric_1,1907,0.0,47048.0,.,.
BASN_small_hydroelectric_1,1910,0.0,47048.0,.,.
BASN_small_hydroelectric_1,1911,0.0,47048.0,.,.
BASN_small_hydroelectric_1,1912,0.0,47048.0,.,.
BASN_small_hydroelectric_1,1914,0.0,47048.0,.,.
BASN_small_hydroelectric_1,1915,0.0,47048.0,.,.
BASN_small_hydroelectric_1,1916,0.0,47048.0,.,.
BASN_small_hydroelectric_1,1917,0.0,47048.0,.,.
BASN_small_hydroelectric_1,1920,0.0,47048.0,.,.
BASN_small_hydroelectric_1,1921,0.0,47048.0,.,.
BASN_small_hydroelectric_1,1924,0.0,47048.0,.,.
BASN_small_hydroelectric_1,1925,0.0,47048.0,.,.
BASN_small_hydroelectric_1,1927,0.0,47048.0,.,.
BASN_small_hydroelectric_1,1937,0.0,47048.0,.,.
BASN_small_hydroelectric_1,1939,0.0,47048.0,.,.
BASN_small_hydroelectric_1,1940,0.0,47048.0,.,.
BASN_small_hydroelectric_1,1942,0.0,47048.0,.,.
BASN_small_hydroelectric_1,1946,0.0,47048.0,.,.
BASN_small_hydroelectric_1,1947,0.0,47048.0,.,.
BASN_small_hydroelectric_1,1948,0.0,47048.0,.,.
BASN_small_hydroelectric_1,1958,0.0,47048.0,.,.
BASN_small_hydroelectric_1,1961,0.0,47048.0,.,.
BASN_small_hydroelectric_1,1964,0.0,47048.0,.,.
BASN_small_hydroelectric_1,1981,0.0,47048.0,.,.
BASN_small_hydroelectric_1,1982,0.0,47048.0,.,.
BASN_small_hydroelectric_1,1983,0.0,47048.0,.,.
BASN_small_hydroelectric_1,1984,0.0,47048.0,.,.
BASN_small_hydroelectric_1,1985,0.0,47048.0,.,.
BASN_small_hydroelectric_1,1986,0.0,47048.0,.,.
BASN_small_hydroelectric_1,1987,0.0,47048.0,.,.
BASN_small_hydroelectric_1,1988,0.0,47048.0,.,.
BASN_small_hydroelectric_1,1989,0.0,47048.0,.,.
BASN_small_hydroelectric_1,1990,0.0,47048.0,.,.
BASN_small_hydroelectric_1,1991,0.0,47048.0,.,.
BASN_small_hydroelectric_1,1992,0.0,47048.0,.,.
BASN_small_hydroelectric_1,1993,0.0,47048.0,.,.
BASN_small_hydroelectric_1,1994,0.0,47048.0,.,.
BASN_small_hydroelectric_1,1995,0.0,47048.0,.,.
BASN_small_hydroelectric_1,1997,0.0,47048.0,.,.
BASN_small_hydroelectric_1,1998,0.0,47048.0,.,.
BASN_small_hydroelectric_1,2004,0.0,47048.0,.,.
BASN_small_hydroelectric_1,2006,0.0,47048.0,.,.
BASN_small_hydroelectric_1,2008,0.0,47048.0,.,.
BASN_small_hydroelectric_1,2010,0.0,47048.0,.,.
BASN_small_hydroelectric_1,2013,0.0,47048.0,.,.
BASN_small_hydroelectric_1,2014,0.0,47048.0,.,.
BASN_small_hydroelectric_1,2015,0.0,47048.0,.,.
BASN_small_hydroelectric_1,2016,0.0,47048.0,.,.
BASN_small_hydroelectric_1,2020,0.0,47048.0,.,.
BASN_small_hydroelectric_1,2021,0.0,47048.0,.,.
BASN_solar_photovoltaic_1,2007,0.0,22528.0,.,.
BASN_solar_photovoltaic_1,2008,0.0,22528.0,.,.
BASN_solar_photovoltaic_1,2010,0.0,22528.0,.,.
BASN_solar_photovoltaic_1,2012,0.0,22528.0,.,.
BASN_solar_photovoltaic_1,2013,0.0,22528.0,.,.
BASN_solar_photovoltaic_1,2014,0.0,22528.0,.,.
BASN_solar_photovoltaic_1,2015,0.0,22528.0,.,.
BASN_solar_photovoltaic_1,2016,0.0,22528.0,.,.
BASN_solar_photovoltaic_1,2017,0.0,22528.0,.,.
BASN_solar_photovoltaic_1,2018,0.0,22528.0,.,.
BASN_solar_photovoltaic_1,2019,0.0,22528.0,.,.
BASN_solar_photovoltaic_1,2020,0.0,22528.0,.,.
BASN_solar_photovoltaic_1,2021,0.0,22528.0,.,.
BASN_solar_photovoltaic_1,2022,0.0,22528.0,.,.
BASN_solar_photovoltaic_1,2023,0.0,22528.0,.,.
BASN_solar_photovoltaic_1,2024,0.0,22528.0,.,.
BASN_solar_photovoltaic_1,2025,0.0,22528.0,.,.
CANO_batteries_1,2012,0.0,7476.0,0.0,0.0
CANO_batteries_1,2017,0.0,7476.0,0.0,0.0
CANO_batteries_1,2018,0.0,7476.0,0.0,0.0
CANO_batteries_1,2019,0.0,7476.0,0.0,0.0
CANO_batteries_1,2020,0.0,7476.0,0.0,0.0
CANO_batteries_1,2021,0.0,7476.0,0.0,0.0
CANO_batteries_1,2022,0.0,7476.0,0.0,0.0
CANO_batteries_1,2023,0.0,7476.0,0.0,0.0
CANO_batteries_1,2024,0.0,7476.0,0.0,0.0
CANO_biomass_1,1959,0.0,157220.0,.,.
CANO_biomass_1,1975,0.0,157220.0,.,.
CANO_biomass_1,1977,0.0,157220.0,.,.
CANO_biomass_1,1978,0.0,157220.0,.,.
CANO_biomass_1,1979,0.0,157220.0,.,.
CANO_biomass_1,1980,0.0,157220.0,.,.
CANO_biomass_1,1983,0.0,157220.0,.,.
CANO_biomass_1,1986,0.0,157220.0,.,.
CANO_biomass_1,1987,0.0,157220.0,.,.
CANO_biomass_1,1988,0.0,157220.0,.,.
CANO_biomass_1,1989,0.0,157220.0,.,.
CANO_biomass_1,2002,0.0,157220.0,.,.
CANO_biomass_1,2004,0.0,157220.0,.,.
CANO_biomass_1,2008,0.0,157220.0,.,.
CANO_biomass_1,2015,0.0,157220.0,.,.
CANO_biomass_1,2018,0.0,157220.0,.,.
CANO_biomass_2,1938,0.0,157220.0,.,.
CANO_biomass_2,1983,0.0,157220.0,.,.
CANO_biomass_2,1985,0.0,157220.0,.,.
CANO_biomass_2,1986,0.0,157220.0,.,.
CANO_biomass_2,1988,0.0,157220.0,.,.
CANO_biomass_2,1989,0.0,157220.0,.,.
CANO_biomass_2,1994,0.0,157220.0,.,.
CANO_biomass_2,1996,0.0,157220.0,.,.
CANO_biomass_2,1998,0.0,157220.0,.,.
CANO_biomass_2,1999,0.0,157220.0,.,.
CANO_biomass_2,2000,0.0,157220.0,.,.
CANO_biomass_2,2002,0.0,157220.0,.,.
CANO_biomass_2,2003,0.0,157220.0,.,.
CANO_biomass_2,2004,0.0,157220.0,.,.
CANO_biomass_2,2006,0.0,157220.0,.,.
CANO_biomass_2,2007,0.0,157220.0,.,.
CANO_biomass_2,2008,0.0,157220.0,.,.
CANO_biomass_2,2011,0.0,157220.0,.,.
CANO_biomass_2,2013,0.0,157220.0,.,.
CANO_biomass_2,2014,0.0,157220.0,.,.
CANO_biomass_2,2015,0.0,157220.0,.,.
CANO_biomass_2,2016,0.0,157220.0,.,.
CANO_biomass_2,2018,0.0,157220.0,.,.
CANO_biomass_2,2019,0.0,157220.0,.,.
CANO_biomass_2,2020,0.0,157220.0,.,.
CANO_biomass_2,2021,0.0,157220.0,.,.
CANO_biomass_2,2022,0.0,157220.0,.,.
CANO_biomass_2,2023,0.0,157220.0,.,.
CANO_conventional_hydroelectric_1,1900,0.0,47048.0,.,.
CANO_conventional_hydroelectric_1,1906,0.0,47048.0,.,.
CANO_conventional_hydroelectric_1,1913,0.0,47048.0,.,.
CANO_conventional_hydroelectric_1,1920,0.0,47048.0,.,.
CANO_conventional_hydroelectric_1,1921,0.0,47048.0,.,.
CANO_conventional_hydroelectric_1,1922,0.0,47048.0,.,.
CANO_conventional_hydroelectric_1,1923,0.0,47048.0,.,.
CANO_conventional_hydroelectric_1,1924,0.0,47048.0,.,.
CANO_conventional_hydroelectric_1,1925,0.0,47048.0,.,.
CANO_conventional_hydroelectric_1,1927,0.0,47048.0,.,.
CANO_conventional_hydroelectric_1,1928,0.0,47048.0,.,.
CANO_conventional_hydroelectric_1,1929,0.0,47048.0,.,.
CANO_conventional_hydroelectric_1,1931,0.0,47048.0,.,.
CANO_conventional_hydroelectric_1,1944,0.0,47048.0,.,.
CANO_conventional_hydroelectric_1,1948,0.0,47048.0,.,.
CANO_conventional_hydroelectric_1,1949,0.0,47048.0,.,.
CANO_conventional_hydroelectric_1,1950,0.0,47048.0,.,.
CANO_conventional_hydroelectric_1,1953,0.0,47048.0,.,.
CANO_conventional_hydroelectric_1,1955,0.0,47048.0,.,.
CANO_conventional_hydroelectric_1,1957,0.0,47048.0,.,.
CANO_conventional_hydroelectric_1,1958,0.0,47048.0,.,.
CANO_conventional_hydroelectric_1,1960,0.0,47048.0,.,.
CANO_conventional_hydroelectric_1,1961,0.0,47048.0,.,.
CANO_conventional_hydroelectric_1,1962,0.0,47048.0,.,.
CANO_conventional_hydroelectric_1,1963,0.0,47048.0,.,.
CANO_conventional_hydroelectric_1,1964,0.0,47048.0,.,.
CANO_conventional_hydroelectric_1,1965,0.0,47048.0,.,.
CANO_conventional_hydroelectric_1,1966,0.0,47048.0,.,.
CANO_conventional_hydroelectric_1,1967,0.0,47048.0,.,.
CANO_conventional_hydroelectric_1,1968,0.0,47048.0,.,.
CANO_conventional_hydroelectric_1,1969,0.0,47048.0,.,.
CANO_conventional_hydroelectric_1,1971,0.0,47048.0,.,.
CANO_conventional_hydroelectric_1,1979,0.0,47048.0,.,.
CANO_conventional_hydroelectric_1,1983,0.0,47048.0,.,.
CANO_conventional_hydroelectric_1,1984,0.0,47048.0,.,.
CANO_conventional_hydroelectric_1,1985,0.0,47048.0,.,.
CANO_conventional_hydroelectric_1,1986,0.0,47048.0,.,.
CANO_conventional_hydroelectric_1,1987,0.0,47048.0,.,.
CANO_conventional_hydroelectric_1,1989,0.0,47048.0,.,.
CANO_conventional_hydroelectric_1,2017,0.0,47048.0,.,.
CANO_conventional_hydroelectric_1,2020,0.0,47048.0,.,.
CANO_geothermal_1,1971,0.0,209101.0,.,.
CANO_geothermal_1,1972,0.0,209101.0,.,.
CANO_geothermal_1,1975,0.0,209101.0,.,.
CANO_geothermal_1,1979,0.0,209101.0,.,.
CANO_geothermal_1,1980,0.0,209101.0,.,.
CANO_geothermal_1,1982,0.0,209101.0,.,.
CANO_geothermal_1,1983,0.0,209101.0,.,.
CANO_geothermal_1,1984,0.0,209101.0,.,.
CANO_geothermal_1,1985,0.0,209101.0,.,.
CANO_geothermal_1,1986,0.0,209101.0,.,.
CANO_geothermal_1,1988,0.0,209101.0,.,.
CANO_geothermal_1,1989,0.0,209101.0,.,.
CANO_hydroelectric_pumped_storage_1,1967,0.0,47048.0,0.0,0.0
CANO_hydroelectric_pumped_storage_1,1968,0.0,47048.0,0.0,0.0
CANO_hydroelectric_pumped_storage_1,1969,0.0,47048.0,0.0,0.0
CANO_hydroelectric_pumped_storage_1,1984,0.0,47048.0,0.0,0.0
CANO_hydroelectric_pumped_storage_1,1987,0.0,47048.0,0.0,0.0
CANO_nuclear_1,1944,0.0,193275.0,.,.
CANO_nuclear_1,1945,0.0,193275.0,.,.
CANO_onshore_wind_turbine_1,1988,0.0,30300.0,.,.
CANO_onshore_wind_turbine_1,1990,0.0,30300.0,.,.
CANO_onshore_wind_turbine_1,2003,0.0,30300.0,.,.
CANO_onshore_wind_turbine_1,2004,0.0,30300.0,.,.
CANO_onshore_wind_turbine_1,2006,0.0,30300.0,.,.
CANO_onshore_wind_turbine_1,2007,0.0,30300.0,.,.
CANO_onshore_wind_turbine_1,2009,0.0,30300.0,.,.
CANO_onshore_wind_turbine_1,2010,0.0,30300.0,.,.
CANO_onshore_wind_turbine_1,2011,0.0,30300.0,.,.
CANO_onshore_wind_turbine_1,2012,0.0,30300.0,.,.
CANO_onshore_wind_turbine_1,2014,0.0,30300.0,.,.
CANO_onshore_wind_turbine_1,2015,0.0,30300.0,.,.
CANO_onshore_wind_turbine_1,2017,0.0,30300.0,.,.
CANO_onshore_wind_turbine_1,2018,0.0,30300.0,.,.
CANO_onshore_wind_turbine_1,2019,0.0,30300.0,.,.
CANO_onshore_wind_turbine_1,2021,0.0,30300.0,.,.
CANO_onshore_wind_turbine_1,2022,0.0,30300.0,.,.
CANO_petroleum_liquids_1,1978,0.0,24000.0,.,.
CANO_petroleum_liquids_1,1980,0.0,24000.0,.,.
CANO_petroleum_liquids_1,1983,0.0,24000.0,.,.
CANO_petroleum_liquids_1,1992,0.0,24000.0,.,.
CANO_petroleum_liquids_1,2000,0.0,24000.0,.,.
CANO_petroleum_liquids_1,2007,0.0,24000.0,.,.
CANO_petroleum_liquids_1,2010,0.0,24000.0,.,.
CANO_petroleum_liquids_1,2011,0.0,24000.0,.,.
CANO_petroleum_liquids_1,2014,0.0,24000.0,.,.
CANO_petroleum_liquids_1,2015,0.0,24000.0,.,.
CANO_petroleum_liquids_1,2017,0.0,24000.0,.,.
CANO_petroleum_liquids_1,2020,0.0,24000.0,.,.
CANO_small_hydroelectric_1,1902,0.0,47048.0,.,.
CANO_small_hydroelectric_1,1908,0.0,47048.0,.,.
CANO_small_hydroelectric_1,1910,0.0,47048.0,.,.
CANO_small_hydroelectric_1,1916,0.0,47048.0,.,.
CANO_small_hydroelectric_1,1917,0.0,47048.0,.,.
CANO_small_hydroelectric_1,1921,0.0,47048.0,.,.
CANO_small_hydroelectric_1,1924,0.0,47048.0,.,.
CANO_small_hydroelectric_1,1928,0.0,47048.0,.,.
CANO_small_hydroelectric_1,1929,0.0,47048.0,.,.
CANO_small_hydroelectric_1,1930,0.0,47048.0,.,.
CANO_small_hydroelectric_1,1939,0.0,47048.0,.,.
CANO_small_hydroelectric_1,1940,0.0,47048.0,.,.
CANO_small_hydroelectric_1,1942,0.0,47048.0,.,.
CANO_small_hydroelectric_1,1943,0.0,47048.0,.,.
CANO_small_hydroelectric_1,1948,0.0,47048.0,.,.
CANO_small_hydroelectric_1,1954,0.0,47048.0,.,.
CANO_small_hydroelectric_1,1955,0.0,47048.0,.,.
CANO_small_hydroelectric_1,1957,0.0,47048.0,.,.
CANO_small_hydroelectric_1,1958,0.0,47048.0,.,.
CANO_small_hydroelectric_1,1963,0.0,47048.0,.,.
CANO_small_hydroelectric_1,1965,0.0,47048.0,.,.
CANO_small_hydroelectric_1,1966,0.0,47048.0,.,.
CANO_small_hydroelectric_1,1967,0.0,47048.0,.,.
CANO_small_hydroelectric_1,1968,0.0,47048.0,.,.
CANO_small_hydroelectric_1,1979,0.0,47048.0,.,.
CANO_small_hydroelectric_1,1980,0.0,47048.0,.,.
CANO_small_hydroelectric_1,1981,0.0,47048.0,.,.
CANO_small_hydroelectric_1,1982,0.0,47048.0,.,.
CANO_small_hydroelectric_1,1983,0.0,47048.0,.,.
CANO_small_hydroelectric_1,1984,0.0,47048.0,.,.
CANO_small_hydroelectric_1,1985,0.0,47048.0,.,.
CANO_small_hydroelectric_1,1986,0.0,47048.0,.,.
CANO_small_hydroelectric_1,1987,0.0,47048.0,.,.
CANO_small_hydroelectric_1,1988,0.0,47048.0,.,.
CANO_small_hydroelectric_1,1989,0.0,47048.0,.,.
CANO_small_hydroelectric_1,1990,0.0,47048.0,.,.
CANO_small_hydroelectric_1,1992,0.0,47048.0,.,.
CANO_small_hydroelectric_1,1993,0.0,47048.0,.,.
CANO_small_hydroelectric_1,2012,0.0,47048.0,.,.
CANO_small_hydroelectric_1,2014,0.0,47048.0,.,.
CANO_small_hydroelectric_1,2018,0.0,47048.0,.,.
CANO_solar_photovoltaic_1,2007,0.0,22528.0,.,.
CANO_solar_photovoltaic_1,2008,0.0,22528.0,.,.
CANO_solar_photovoltaic_1,2009,0.0,22528.0,.,.
CANO_solar_photovoltaic_1,2010,0.0,22528.0,.,.
CANO_solar_photovoltaic_1,2011,0.0,22528.0,.,.
CANO_solar_photovoltaic_1,2012,0.0,22528.0,.,.
CANO_solar_photovoltaic_1,2013,0.0,22528.0,.,.
CANO_solar_photovoltaic_1,2014,0.0,22528.0,.,.
CANO_solar_photovoltaic_1,2015,0.0,22528.0,.,.
CANO_solar_photovoltaic_1,2016,0.0,22528.0,.,.
CANO_solar_photovoltaic_1,2017,0.0,22528.0,.,.
CANO_solar_photovoltaic_1,2018,0.0,22528.0,.,.
CANO_solar_photovoltaic_1,2019,0.0,22528.0,.,.
CANO_solar_photovoltaic_1,2020,0.0,22528.0,.,.
CANO_solar_photovoltaic_1,2021,0.0,22528.0,.,.
CANO_solar_photovoltaic_1,2022,0.0,22528.0,.,.
CANO_solar_photovoltaic_1,2023,0.0,22528.0,.,.
CANO_solar_photovoltaic_1,2024,0.0,22528.0,.,.
CASO_batteries_1,2012,0.0,7476.0,0.0,0.0
CASO_batteries_1,2014,0.0,7476.0,0.0,0.0
CASO_batteries_1,2015,0.0,7476.0,0.0,0.0
CASO_batteries_1,2016,0.0,7476.0,0.0,0.0
CASO_batteries_1,2017,0.0,7476.0,0.0,0.0
CASO_batteries_1,2018,0.0,7476.0,0.0,0.0
CASO_batteries_1,2019,0.0,7476.0,0.0,0.0
CASO_batteries_1,2020,0.0,7476.0,0.0,0.0
CASO_batteries_1,2021,0.0,7476.0,0.0,0.0
CASO_batteries_1,2022,0.0,7476.0,0.0,0.0
CASO_batteries_1,2023,0.0,7476.0,0.0,0.0
CASO_batteries_1,2024,0.0,7476.0,0.0,0.0
CASO_batteries_1,2026,0.0,7476.0,0.0,0.0
CASO_biomass_1,1976,0.0,157220.0,.,.
CASO_biomass_1,1981,0.0,157220.0,.,.
CASO_biomass_1,1985,0.0,157220.0,.,.
CASO_biomass_1,1986,0.0,157220.0,.,.
CASO_biomass_1,1987,0.0,157220.0,.,.
CASO_biomass_1,1988,0.0,157220.0,.,.
CASO_biomass_1,1989,0.0,157220.0,.,.
CASO_biomass_1,1990,0.0,157220.0,.,.
CASO_biomass_1,1993,0.0,157220.0,.,.
CASO_biomass_1,1996,0.0,157220.0,.,.
CASO_biomass_1,2000,0.0,157220.0,.,.
CASO_biomass_1,2001,0.0,157220.0,.,.
CASO_biomass_1,2002,0.0,157220.0,.,.
CASO_biomass_1,2003,0.0,157220.0,.,.
CASO_biomass_1,2004,0.0,157220.0,.,.
CASO_biomass_1,2006,0.0,157220.0,.,.
CASO_biomass_1,2007,0.0,157220.0,.,.
CASO_biomass_1,2008,0.0,157220.0,.,.
CASO_biomass_1,2009,0.0,157220.0,.,.
CASO_biomass_1,2012,0.0,157220.0,.,.
CASO_biomass_1,2016,0.0,157220.0,.,.
CASO_biomass_1,2017,0.0,157220.0,.,.
CASO_biomass_1,2018,0.0,157220.0,.,.
CASO_biomass_1,2019,0.0,157220.0,.,.
CASO_biomass_1,2021,0.0,157220.0,.,.
CASO_biomass_1,2022,0.0,157220.0,.,.
CASO_biomass_1,2023,0.0,157220.0,.,.
CASO_biomass_2,1978,0.0,157220.0,.,.
CASO_biomass_2,1983,0.0,157220.0,.,.
CASO_biomass_2,1994,0.0,157220.0,.,.
CASO_biomass_2,2000,0.0,157220.0,.,.
CASO_biomass_2,2001,0.0,157220.0,.,.
CASO_biomass_2,2013,0.0,157220.0,.,.
CASO_conventional_hydroelectric_1,1909,0.0,47048.0,.,.
CASO_conventional_hydroelectric_1,1913,0.0,47048.0,.,.
CASO_conventional_hydroelectric_1,1914,0.0,47048.0,.,.
CASO_conventional_hydroelectric_1,1917,0.0,47048.0,.,.
CASO_conventional_hydroelectric_1,1920,0.0,47048.0,.,.
CASO_conventional_hydroelectric_1,1921,0.0,47048.0,.,.
CASO_conventional_hydroelectric_1,1923,0.0,47048.0,.,.
CASO_conventional_hydroelectric_1,1925,0.0,47048.0,.,.
CASO_conventional_hydroelectric_1,1929,0.0,47048.0,.,.
CASO_conventional_hydroelectric_1,1932,0.0,47048.0,.,.
CASO_conventional_hydroelectric_1,1948,0.0,47048.0,.,.
CASO_conventional_hydroelectric_1,1951,0.0,47048.0,.,.
CASO_conventional_hydroelectric_1,1952,0.0,47048.0,.,.
CASO_conventional_hydroelectric_1,1953,0.0,47048.0,.,.
CASO_conventional_hydroelectric_1,1960,0.0,47048.0,.,.
CASO_conventional_hydroelectric_1,1972,0.0,47048.0,.,.
CASO_conventional_hydroelectric_1,1976,0.0,47048.0,.,.
CASO_conventional_hydroelectric_1,1980,0.0,47048.0,.,.
CASO_conventional_hydroelectric_1,1982,0.0,47048.0,.,.
CASO_conventional_hydroelectric_1,1983,0.0,47048.0,.,.
CASO_conventional_hydroelectric_1,1987,0.0,47048.0,.,.
CASO_conventional_hydroelectric_1,1992,0.0,47048.0,.,.
CASO_conventional_hydroelectric_1,1993,0.0,47048.0,.,.
CASO_conventional_hydroelectric_1,1994,0.0,47048.0,.,.
CASO_conventional_hydroelectric_1,1996,0.0,47048.0,.,.
CASO_conventional_hydroelectric_1,2023,0.0,47048.0,.,.
CASO_conventional_steam_coal_1,1947,0.0,77490.667,.,.
CASO_conventional_steam_coal_1,1978,0.0,77490.667,.,.
CASO_geothermal_1,1984,0.0,209101.0,.,.
CASO_geothermal_1,1987,0.0,209101.0,.,.
CASO_geothermal_1,1988,0.0,209101.0,.,.
CASO_geothermal_1,1989,0.0,209101.0,.,.
CASO_geothermal_1,1990,0.0,209101.0,.,.
CASO_geothermal_1,2022,0.0,209101.0,.,.
CASO_hydroelectric_pumped_storage_1,1973,0.0,47048.0,0.0,0.0
CASO_hydroelectric_pumped_storage_1,1974,0.0,47048.0,0.0,0.0
CASO_hydroelectric_pumped_storage_1,1977,0.0,47048.0,0.0,0.0
CASO_hydroelectric_pumped_storage_1,1978,0.0,47048.0,0.0,0.0
CASO_hydroelectric_pumped_storage_1,2012,0.0,47048.0,0.0,0.0
CASO_onshore_wind_turbine_1,1975,0.0,30300.0,.,.
CASO_onshore_wind_turbine_1,1981,0.0,30300.0,.,.
CASO_onshore_wind_turbine_1,1982,0.0,30300.0,.,.
CASO_onshore_wind_turbine_1,1983,0.0,30300.0,.,.
CASO_onshore_wind_turbine_1,1984,0.0,30300.0,.,.
CASO_onshore_wind_turbine_1,1985,0.0,30300.0,.,.
CASO_onshore_wind_turbine_1,1986,0.0,30300.0,.,.
CASO_onshore_wind_turbine_1,1987,0.0,30300.0,.,.
CASO_onshore_wind_turbine_1,1989,0.0,30300.0,.,.
CASO_onshore_wind_turbine_1,1990,0.0,30300.0,.,.
CASO_onshore_wind_turbine_1,1992,0.0,30300.0,.,.
CASO_onshore_wind_turbine_1,1993,0.0,30300.0,.,.
CASO_onshore_wind_turbine_1,1994,0.0,30300.0,.,.
CASO_onshore_wind_turbine_1,1997,0.0,30300.0,.,.
CASO_onshore_wind_turbine_1,1999,0.0,30300.0,.,.
CASO_onshore_wind_turbine_1,2000,0.0,30300.0,.,.
CASO_onshore_wind_turbine_1,2002,0.0,30300.0,.,.
CASO_onshore_wind_turbine_1,2003,0.0,30300.0,.,.
CASO_onshore_wind_turbine_1,2004,0.0,30300.0,.,.
CASO_onshore_wind_turbine_1,2005,0.0,30300.0,.,.
CASO_onshore_wind_turbine_1,2008,0.0,30300.0,.,.
CASO_onshore_wind_turbine_1,2009,0.0,30300.0,.,.
CASO_onshore_wind_turbine_1,2011,0.0,30300.0,.,.
CASO_onshore_wind_turbine_1,2012,0.0,30300.0,.,.
CASO_onshore_wind_turbine_1,2014,0.0,30300.0,.,.
CASO_onshore_wind_turbine_1,2015,0.0,30300.0,.,.
CASO_onshore_wind_turbine_1,2017,0.0,30300.0,.,.
CASO_onshore_wind_turbine_1,2018,0.0,30300.0,.,.
CASO_onshore_wind_turbine_1,2019,0.0,30300.0,.,.
CASO_onshore_wind_turbine_1,2021,0.0,30300.0,.,.
CASO_onshore_wind_turbine_1,2023,0.0,30300.0,.,.
CASO_onshore_wind_turbine_1,2024,0.0,30300.0,.,.
CASO_petroleum_liquids_1,1933,0.0,24000.0,.,.
CASO_petroleum_liquids_1,1958,0.0,24000.0,.,.
CASO_petroleum_liquids_1,1963,0.0,24000.0,.,.
CASO_petroleum_liquids_1,1966,0.0,24000.0,.,.
CASO_petroleum_liquids_1,1976,0.0,24000.0,.,.
CASO_petroleum_liquids_1,1986,0.0,24000.0,.,.
CASO_petroleum_liquids_1,1995,0.0,24000.0,.,.
CASO_petroleum_liquids_1,1999,0.0,24000.0,.,.
CASO_petroleum_liquids_1,2000,0.0,24000.0,.,.
CASO_petroleum_liquids_1,2010,0.0,24000.0,.,.
CASO_petroleum_liquids_1,2011,0.0,24000.0,.,.
CASO_petroleum_liquids_1,2018,0.0,24000.0,.,.
CASO_small_hydroelectric_1,1899,0.0,47048.0,.,.
CASO_small_hydroelectric_1,1903,0.0,47048.0,.,.
CASO_small_hydroelectric_1,1904,0.0,47048.0,.,.
CASO_small_hydroelectric_1,1905,0.0,47048.0,.,.
CASO_small_hydroelectric_1,1906,0.0,47048.0,.,.
CASO_small_hydroelectric_1,1907,0.0,47048.0,.,.
CASO_small_hydroelectric_1,1908,0.0,47048.0,.,.
CASO_small_hydroelectric_1,1909,0.0,47048.0,.,.
CASO_small_hydroelectric_1,1911,0.0,47048.0,.,.
CASO_small_hydroelectric_1,1912,0.0,47048.0,.,.
CASO_small_hydroelectric_1,1913,0.0,47048.0,.,.
CASO_small_hydroelectric_1,1916,0.0,47048.0,.,.
CASO_small_hydroelectric_1,1917,0.0,47048.0,.,.
CASO_small_hydroelectric_1,1919,0.0,47048.0,.,.
CASO_small_hydroelectric_1,1921,0.0,47048.0,.,.
CASO_small_hydroelectric_1,1922,0.0,47048.0,.,.
CASO_small_hydroelectric_1,1924,0.0,47048.0,.,.
CASO_small_hydroelectric_1,1925,0.0,47048.0,.,.
CASO_small_hydroelectric_1,1927,0.0,47048.0,.,.
CASO_small_hydroelectric_1,1929,0.0,47048.0,.,.
CASO_small_hydroelectric_1,1943,0.0,47048.0,.,.
CASO_small_hydroelectric_1,1949,0.0,47048.0,.,.
CASO_small_hydroelectric_1,1956,0.0,47048.0,.,.
CASO_small_hydroelectric_1,1958,0.0,47048.0,.,.
CASO_small_hydroelectric_1,1971,0.0,47048.0,.,.
CASO_small_hydroelectric_1,1980,0.0,47048.0,.,.
CASO_small_hydroelectric_1,1981,0.0,47048.0,.,.
CASO_small_hydroelectric_1,1982,0.0,47048.0,.,.
CASO_small_hydroelectric_1,1983,0.0,47048.0,.,.
CASO_small_hydroelectric_1,1984,0.0,47048.0,.,.
CASO_small_hydroelectric_1,1985,0.0,47048.0,.,.
CASO_small_hydroelectric_1,1986,0.0,47048.0,.,.
CASO_small_hydroelectric_1,1987,0.0,47048.0,.,.
CASO_small_hydroelectric_1,1989,0.0,47048.0,.,.
CASO_small_hydroelectric_1,1990,0.0,47048.0,.,.
CASO_small_hydroelectric_1,1993,0.0,47048.0,.,.
CASO_small_hydroelectric_1,1994,0.0,47048.0,.,.
CASO_small_hydroelectric_1,1999,0.0,47048.0,.,.
CASO_small_hydroelectric_1,2001,0.0,47048.0,.,.
CASO_small_hydroelectric_1,2002,0.0,47048.0,.,.
CASO_solar_photovoltaic_1,2003,0.0,22528.0,.,.
CASO_solar_photovoltaic_1,2005,0.0,22528.0,.,.
CASO_solar_photovoltaic_1,2006,0.0,22528.0,.,.
CASO_solar_photovoltaic_1,2007,0.0,22528.0,.,.
CASO_solar_photovoltaic_1,2008,0.0,22528.0,.,.
CASO_solar_photovoltaic_1,2009,0.0,22528.0,.,.
CASO_solar_photovoltaic_1,2010,0.0,22528.0,.,.
CASO_solar_photovoltaic_1,2011,0.0,22528.0,.,.
CASO_solar_photovoltaic_1,2012,0.0,22528.0,.,.
CASO_solar_photovoltaic_1,2013,0.0,22528.0,.,.
CASO_solar_photovoltaic_1,2014,0.0,22528.0,.,.
CASO_solar_photovoltaic_1,2015,0.0,22528.0,.,.
CASO_solar_photovoltaic_1,2016,0.0,22528.0,.,.
CASO_solar_photovoltaic_1,2017,0.0,22528.0,.,.
CASO_solar_photovoltaic_1,2018,0.0,22528.0,.,.
CASO_solar_photovoltaic_1,2019,0.0,22528.0,.,.
CASO_solar_photovoltaic_1,2020,0.0,22528.0,.,.
CASO_solar_photovoltaic_1,2021,0.0,22528.0,.,.
CASO_solar_photovoltaic_1,2022,0.0,22528.0,.,.
CASO_solar_photovoltaic_1,2023,0.0,22528.0,.,.
CASO_solar_photovoltaic_1,2024,0.0,22528.0,.,.
CASO_solar_photovoltaic_1,2026,0.0,22528.0,.,.
FRCC_batteries_1,2017,0.0,7476.0,0.0,0.0
FRCC_batteries_1,2018,0.0,7476.0,0.0,0.0
FRCC_batteries_1,2019,0.0,7476.0,0.0,0.0
FRCC_batteries_1,2021,0.0,7476.0,0.0,0.0
FRCC_batteries_1,2022,0.0,7476.0,0.0,0.0
FRCC_batteries_1,2023,0.0,7476.0,0.0,0.0
FRCC_biomass_1,1950,0.0,157220.0,.,.
FRCC_biomass_1,1971,0.0,157220.0,.,.
FRCC_biomass_1,1973,0.0,157220.0,.,.
FRCC_biomass_1,1975,0.0,157220.0,.,.
FRCC_biomass_1,1976,0.0,157220.0,.,.
FRCC_biomass_1,1977,0.0,157220.0,.,.
FRCC_biomass_1,1979,0.0,157220.0,.,.
FRCC_biomass_1,1980,0.0,157220.0,.,.
FRCC_biomass_1,1981,0.0,157220.0,.,.
FRCC_biomass_1,1990,0.0,157220.0,.,.
FRCC_biomass_1,1996,0.0,157220.0,.,.
FRCC_biomass_1,1999,0.0,157220.0,.,.
FRCC_biomass_1,2006,0.0,157220.0,.,.
FRCC_biomass_1,2012,0.0,157220.0,.,.
FRCC_biomass_1,2022,0.0,157220.0,.,.
FRCC_biomass_2,1953,0.0,157220.0,.,.
FRCC_biomass_2,1956,0.0,157220.0,.,.
FRCC_biomass_2,1964,0.0,157220.0,.,.
FRCC_biomass_2,1965,0.0,157220.0,.,.
FRCC_biomass_2,1982,0.0,157220.0,.,.
FRCC_biomass_2,1986,0.0,157220.0,.,.
FRCC_biomass_2,1988,0.0,157220.0,.,.
FRCC_biomass_2,1989,0.0,157220.0,.,.
FRCC_biomass_2,1993,0.0,157220.0,.,.
FRCC_biomass_2,1997,0.0,157220.0,.,.
FRCC_biomass_2,1998,0.0,157220.0,.,.
FRCC_biomass_2,1999,0.0,157220.0,.,.
FRCC_biomass_2,2000,0.0,157220.0,.,.
FRCC_biomass_2,2001,0.0,157220.0,.,.
FRCC_biomass_2,2003,0.0,157220.0,.,.
FRCC_biomass_2,2004,0.0,157220.0,.,.
FRCC_biomass_2,2005,0.0,157220.0,.,.
FRCC_biomass_2,2006,0.0,157220.0,.,.
FRCC_biomass_2,2007,0.0,157220.0,.,.
FRCC_biomass_2,2009,0.0,157220.0,.,.
FRCC_biomass_2,2011,0.0,157220.0,.,.
FRCC_biomass_2,2013,0.0,157220.0,.,.
FRCC_biomass_2,2014,0.0,157220.0,.,.
FRCC_biomass_2,2015,0.0,157220.0,.,.
FRCC_biomass_2,2025,0.0,157220.0,.,.
FRCC_conventional_hydroelectric_1,2001,0.0,47048.0,.,.
FRCC_conventional_hydroelectric_1,2002,0.0,47048.0,.,.
FRCC_conventional_hydroelectric_1,2003,0.0,47048.0,.,.
FRCC_conventional_steam_coal_1,1959,0.0,60924.728,.,.
FRCC_conventional_steam_coal_1,1960,0.0,60924.728,.,.
FRCC_conventional_steam_coal_1,1966,0.0,60924.728,.,.
FRCC_conventional_steam_coal_1,1972,0.0,60924.728,.,.
FRCC_conventional_steam_coal_1,1982,0.0,60924.728,.,.
FRCC_conventional_steam_coal_1,1984,0.0,60924.728,.,.
FRCC_conventional_steam_coal_1,1996,0.0,60924.728,.,.
FRCC_conventional_steam_coal_2,1985,0.0,75185.0,.,.
FRCC_nuclear_1,1972,0.0,193275.0,.,.
FRCC_nuclear_1,1973,0.0,193275.0,.,.
FRCC_nuclear_1,1976,0.0,193275.0,.,.
FRCC_nuclear_1,1983,0.0,193275.0,.,.
FRCC_petroleum_liquids_1,1965,0.0,24000.0,.,.
FRCC_petroleum_liquids_1,1970,0.0,24000.0,.,.
FRCC_petroleum_liquids_1,1972,0.0,24000.0,.,.
FRCC_petroleum_liquids_1,1973,0.0,24000.0,.,.
FRCC_petroleum_liquids_1,1974,0.0,24000.0,.,.
FRCC_petroleum_liquids_1,1975,0.0,24000.0,.,.
FRCC_petroleum_liquids_1,1976,0.0,24000.0,.,.
FRCC_petroleum_liquids_1,1978,0.0,24000.0,.,.
FRCC_petroleum_liquids_1,1980,0.0,24000.0,.,.
FRCC_petroleum_liquids_1,1981,0.0,24000.0,.,.
FRCC_petroleum_liquids_1,1989,0.0,24000.0,.,.
FRCC_petroleum_liquids_1,1991,0.0,24000.0,.,.
FRCC_petroleum_liquids_1,1992,0.0,24000.0,.,.
FRCC_petroleum_liquids_1,1997,0.0,24000.0,.,.
FRCC_petroleum_liquids_1,1998,0.0,24000.0,.,.
FRCC_petroleum_liquids_1,1999,0.0,24000.0,.,.
FRCC_petroleum_liquids_1,2001,0.0,24000.0,.,.
FRCC_petroleum_liquids_1,2005,0.0,24000.0,.,.
FRCC_petroleum_liquids_1,2006,0.0,24000.0,.,.
FRCC_petroleum_liquids_1,2012,0.0,24000.0,.,.
FRCC_petroleum_liquids_1,2013,0.0,24000.0,.,.
FRCC_petroleum_liquids_1,2020,0.0,24000.0,.,.
FRCC_solar_photovoltaic_1,2009,0.0,22528.0,.,.
FRCC_solar_photovoltaic_1,2010,0.0,22528.0,.,.
FRCC_solar_photovoltaic_1,2011,0.0,22528.0,.,.
FRCC_solar_photovoltaic_1,2012,0.0,22528.0,.,.
FRCC_solar_photovoltaic_1,2015,0.0,22528.0,.,.
FRCC_solar_photovoltaic_1,2016,0.0,22528.0,.,.
FRCC_solar_photovoltaic_1,2017,0.0,22528.0,.,.
FRCC_solar_photovoltaic_1,2018,0.0,22528.0,.,.
FRCC_solar_photovoltaic_1,2019,0.0,22528.0,.,.
FRCC_solar_photovoltaic_1,2020,0.0,22528.0,.,.
FRCC_solar_photovoltaic_1,2021,0.0,22528.0,.,.
FRCC_solar_photovoltaic_1,2022,0.0,22528.0,.,.
FRCC_solar_photovoltaic_1,2023,0.0,22528.0,.,.
FRCC_solar_photovoltaic_1,2024,0.0,22528.0,.,.
FRCC_solar_photovoltaic_1,2025,0.0,22528.0,.,.
FRCC_solar_photovoltaic_1,2026,0.0,22528.0,.,.
ISNE_batteries_1,2015,0.0,7476.0,0.0,0.0
ISNE_batteries_1,2016,0.0,7476.0,0.0,0.0
ISNE_batteries_1,2017,0.0,7476.0,0.0,0.0
ISNE_batteries_1,2018,0.0,7476.0,0.0,0.0
ISNE_batteries_1,2019,0.0,7476.0,0.0,0.0
ISNE_batteries_1,2020,0.0,7476.0,0.0,0.0
ISNE_batteries_1,2021,0.0,7476.0,0.0,0.0
ISNE_batteries_1,2022,0.0,7476.0,0.0,0.0
ISNE_batteries_1,2023,0.0,7476.0,0.0,0.0
ISNE_batteries_1,2024,0.0,7476.0,0.0,0.0
ISNE_biomass_1,1966,0.0,157220.0,.,.
ISNE_biomass_1,1970,0.0,157220.0,.,.
ISNE_biomass_1,1975,0.0,157220.0,.,.
ISNE_biomass_1,1977,0.0,157220.0,.,.
ISNE_biomass_1,1978,0.0,157220.0,.,.
ISNE_biomass_1,1979,0.0,157220.0,.,.
ISNE_biomass_1,1981,0.0,157220.0,.,.
ISNE_biomass_1,1983,0.0,157220.0,.,.
ISNE_biomass_1,1985,0.0,157220.0,.,.
ISNE_biomass_1,1987,0.0,157220.0,.,.
ISNE_biomass_1,1990,0.0,157220.0,.,.
ISNE_biomass_1,1991,0.0,157220.0,.,.
ISNE_biomass_1,1992,0.0,157220.0,.,.
ISNE_biomass_2,1955,0.0,157220.0,.,.
ISNE_biomass_2,1965,0.0,157220.0,.,.
ISNE_biomass_2,1976,0.0,157220.0,.,.
ISNE_biomass_2,1977,0.0,157220.0,.,.
ISNE_biomass_2,1978,0.0,157220.0,.,.
ISNE_biomass_2,1979,0.0,157220.0,.,.
ISNE_biomass_2,1981,0.0,157220.0,.,.
ISNE_biomass_2,1982,0.0,157220.0,.,.
ISNE_biomass_2,1983,0.0,157220.0,.,.
ISNE_biomass_2,1984,0.0,157220.0,.,.
ISNE_biomass_2,1985,0.0,157220.0,.,.
ISNE_biomass_2,1986,0.0,157220.0,.,.
ISNE_biomass_2,1987,0.0,157220.0,.,.
ISNE_biomass_2,1988,0.0,157220.0,.,.
ISNE_biomass_2,1989,0.0,157220.0,.,.
ISNE_biomass_2,1990,0.0,157220.0,.,.
ISNE_biomass_2,1992,0.0,157220.0,.,.
ISNE_biomass_2,1994,0.0,157220.0,.,.
ISNE_biomass_2,1995,0.0,157220.0,.,.
ISNE_biomass_2,1996,0.0,157220.0,.,.
ISNE_biomass_2,1997,0.0,157220.0,.,.
ISNE_biomass_2,1998,0.0,157220.0,.,.
ISNE_biomass_2,1999,0.0,157220.0,.,.
ISNE_biomass_2,2000,0.0,157220.0,.,.
ISNE_biomass_2,2001,0.0,157220.0,.,.
ISNE_biomass_2,2003,0.0,157220.0,.,.
ISNE_biomass_2,2006,0.0,157220.0,.,.
ISNE_biomass_2,2013,0.0,157220.0,.,.
ISNE_biomass_2,2016,0.0,157220.0,.,.
ISNE_biomass_2,2017,0.0,157220.0,.,.
ISNE_biomass_2,2018,0.0,157220.0,.,.
ISNE_conventional_hydroelectric_1,1903,0.0,47048.0,.,.
ISNE_conventional_hydroelectric_1,1909,0.0,47048.0,.,.
ISNE_conventional_hydroelectric_1,1914,0.0,47048.0,.,.
ISNE_conventional_hydroelectric_1,1915,0.0,47048.0,.,.
ISNE_conventional_hydroelectric_1,1916,0.0,47048.0,.,.
ISNE_conventional_hydroelectric_1,1917,0.0,47048.0,.,.
ISNE_conventional_hydroelectric_1,1918,0.0,47048.0,.,.
ISNE_conventional_hydroelectric_1,1920,0.0,47048.0,.,.
ISNE_conventional_hydroelectric_1,1921,0.0,47048.0,.,.
ISNE_conventional_hydroelectric_1,1924,0.0,47048.0,.,.
ISNE_conventional_hydroelectric_1,1925,0.0,47048.0,.,.
ISNE_conventional_hydroelectric_1,1926,0.0,47048.0,.,.
ISNE_conventional_hydroelectric_1,1928,0.0,47048.0,.,.
ISNE_conventional_hydroelectric_1,1929,0.0,47048.0,.,.
ISNE_conventional_hydroelectric_1,1930,0.0,47048.0,.,.
ISNE_conventional_hydroelectric_1,1931,0.0,47048.0,.,.
ISNE_conventional_hydroelectric_1,1940,0.0,47048.0,.,.
ISNE_conventional_hydroelectric_1,1948,0.0,47048.0,.,.
ISNE_conventional_hydroelectric_1,1950,0.0,47048.0,.,.
ISNE_conventional_hydroelectric_1,1952,0.0,47048.0,.,.
ISNE_conventional_hydroelectric_1,1953,0.0,47048.0,.,.
ISNE_conventional_hydroelectric_1,1954,0.0,47048.0,.,.
ISNE_conventional_hydroelectric_1,1955,0.0,47048.0,.,.
ISNE_conventional_hydroelectric_1,1957,0.0,47048.0,.,.
ISNE_conventional_hydroelectric_1,1967,0.0,47048.0,.,.
ISNE_conventional_hydroelectric_1,1975,0.0,47048.0,.,.
ISNE_conventional_hydroelectric_1,1980,0.0,47048.0,.,.
ISNE_conventional_hydroelectric_1,1981,0.0,47048.0,.,.
ISNE_conventional_hydroelectric_1,1983,0.0,47048.0,.,.
ISNE_conventional_hydroelectric_1,1984,0.0,47048.0,.,.
ISNE_conventional_hydroelectric_1,1986,0.0,47048.0,.,.
ISNE_conventional_hydroelectric_1,1987,0.0,47048.0,.,.
ISNE_conventional_hydroelectric_1,1988,0.0,47048.0,.,.
ISNE_conventional_hydroelectric_1,1989,0.0,47048.0,.,.
ISNE_conventional_hydroelectric_1,2008,0.0,47048.0,.,.
ISNE_conventional_hydroelectric_1,2023,0.0,47048.0,.,.
ISNE_conventional_steam_coal_1,1952,0.0,65611.0,.,.
ISNE_conventional_steam_coal_1,1957,0.0,65611.0,.,.
ISNE_conventional_steam_coal_2,1960,0.0,77708.603,.,.
ISNE_conventional_steam_coal_2,1968,0.0,77708.603,.,.
ISNE_hydroelectric_pumped_storage_1,1928,0.0,47048.0,0.0,0.0
ISNE_hydroelectric_pumped_storage_1,1929,0.0,47048.0,0.0,0.0
ISNE_hydroelectric_pumped_storage_1,1972,0.0,47048.0,0.0,0.0
ISNE_hydroelectric_pumped_storage_1,1973,0.0,47048.0,0.0,0.0
ISNE_hydroelectric_pumped_storage_1,1974,0.0,47048.0,0.0,0.0
ISNE_nuclear_1,1975,0.0,223817.29,.,.
ISNE_nuclear_1,1986,0.0,223817.29,.,.
ISNE_nuclear_1,1990,0.0,223817.29,.,.
ISNE_offshore_wind_turbine_1,2016,0.0,111562.0,.,.
ISNE_onshore_wind_turbine_1,1997,0.0,30300.0,.,.
ISNE_onshore_wind_turbine_1,2006,0.0,30300.0,.,.
ISNE_onshore_wind_turbine_1,2007,0.0,30300.0,.,.
ISNE_onshore_wind_turbine_1,2008,0.0,30300.0,.,.
ISNE_onshore_wind_turbine_1,2009,0.0,30300.0,.,.
ISNE_onshore_wind_turbine_1,2010,0.0,30300.0,.,.
ISNE_onshore_wind_turbine_1,2011,0.0,30300.0,.,.
ISNE_onshore_wind_turbine_1,2012,0.0,30300.0,.,.
ISNE_onshore_wind_turbine_1,2013,0.0,30300.0,.,.
ISNE_onshore_wind_turbine_1,2014,0.0,30300.0,.,.
ISNE_onshore_wind_turbine_1,2015,0.0,30300.0,.,.
ISNE_onshore_wind_turbine_1,2016,0.0,30300.0,.,.
ISNE_onshore_wind_turbine_1,2017,0.0,30300.0,.,.
ISNE_onshore_wind_turbine_1,2018,0.0,30300.0,.,.
ISNE_onshore_wind_turbine_1,2019,0.0,30300.0,.,.
ISNE_onshore_wind_turbine_1,2020,0.0,30300.0,.,.
ISNE_onshore_wind_turbine_1,2021,0.0,30300.0,.,.
ISNE_onshore_wind_turbine_1,2022,0.0,30300.0,.,.
ISNE_petroleum_liquids_1,1951,0.0,24000.0,.,.
ISNE_petroleum_liquids_1,1956,0.0,24000.0,.,.
ISNE_petroleum_liquids_1,1957,0.0,24000.0,.,.
ISNE_petroleum_liquids_1,1958,0.0,24000.0,.,.
ISNE_petroleum_liquids_1,1960,0.0,24000.0,.,.
ISNE_petroleum_liquids_1,1961,0.0,24000.0,.,.
ISNE_petroleum_liquids_1,1962,0.0,24000.0,.,.
ISNE_petroleum_liquids_1,1965,0.0,24000.0,.,.
ISNE_petroleum_liquids_1,1966,0.0,24000.0,.,.
ISNE_petroleum_liquids_1,1967,0.0,24000.0,.,.
ISNE_petroleum_liquids_1,1968,0.0,24000.0,.,.
ISNE_petroleum_liquids_1,1969,0.0,24000.0,.,.
ISNE_petroleum_liquids_1,1970,0.0,24000.0,.,.
ISNE_petroleum_liquids_1,1971,0.0,24000.0,.,.
ISNE_petroleum_liquids_1,1972,0.0,24000.0,.,.
ISNE_petroleum_liquids_1,1973,0.0,24000.0,.,.
ISNE_petroleum_liquids_1,1975,0.0,24000.0,.,.
ISNE_petroleum_liquids_1,1976,0.0,24000.0,.,.
ISNE_petroleum_liquids_1,1978,0.0,24000.0,.,.
ISNE_petroleum_liquids_1,1979,0.0,24000.0,.,.
ISNE_petroleum_liquids_1,1981,0.0,24000.0,.,.
ISNE_petroleum_liquids_1,1982,0.0,24000.0,.,.
ISNE_petroleum_liquids_1,1983,0.0,24000.0,.,.
ISNE_petroleum_liquids_1,1984,0.0,24000.0,.,.
ISNE_petroleum_liquids_1,1985,0.0,24000.0,.,.
ISNE_petroleum_liquids_1,1987,0.0,24000.0,.,.
ISNE_petroleum_liquids_1,1990,0.0,24000.0,.,.
ISNE_petroleum_liquids_1,1991,0.0,24000.0,.,.
ISNE_petroleum_liquids_1,1992,0.0,24000.0,.,.
ISNE_petroleum_liquids_1,1993,0.0,24000.0,.,.
ISNE_petroleum_liquids_1,1994,0.0,24000.0,.,.
ISNE_petroleum_liquids_1,1995,0.0,24000.0,.,.
ISNE_petroleum_liquids_1,1996,0.0,24000.0,.,.
ISNE_petroleum_liquids_1,1997,0.0,24000.0,.,.
ISNE_petroleum_liquids_1,2000,0.0,24000.0,.,.
ISNE_petroleum_liquids_1,2001,0.0,24000.0,.,.
ISNE_petroleum_liquids_1,2002,0.0,24000.0,.,.
ISNE_petroleum_liquids_1,2003,0.0,24000.0,.,.
ISNE_petroleum_liquids_1,2004,0.0,24000.0,.,.
ISNE_petroleum_liquids_1,2005,0.0,24000.0,.,.
ISNE_petroleum_liquids_1,2006,0.0,24000.0,.,.
ISNE_petroleum_liquids_1,2007,0.0,24000.0,.,.
ISNE_petroleum_liquids_1,2008,0.0,24000.0,.,.
ISNE_petroleum_liquids_1,2009,0.0,24000.0,.,.
ISNE_petroleum_liquids_1,2010,0.0,24000.0,.,.
ISNE_petroleum_liquids_1,2011,0.0,24000.0,.,.
ISNE_petroleum_liquids_1,2012,0.0,24000.0,.,.
ISNE_petroleum_liquids_1,2013,0.0,24000.0,.,.
ISNE_petroleum_liquids_1,2014,0.0,24000.0,.,.
ISNE_petroleum_liquids_1,2015,0.0,24000.0,.,.
ISNE_petroleum_liquids_1,2016,0.0,24000.0,.,.
ISNE_petroleum_liquids_1,2017,0.0,24000.0,.,.
ISNE_petroleum_liquids_1,2018,0.0,24000.0,.,.
ISNE_petroleum_liquids_1,2019,0.0,24000.0,.,.
ISNE_small_hydroelectric_1,1893,0.0,47048.0,.,.
ISNE_small_hydroelectric_1,1903,0.0,47048.0,.,.
ISNE_small_hydroelectric_1,1904,0.0,47048.0,.,.
ISNE_small_hydroelectric_1,1905,0.0,47048.0,.,.
ISNE_small_hydroelectric_1,1906,0.0,47048.0,.,.
ISNE_small_hydroelectric_1,1907,0.0,47048.0,.,.
ISNE_small_hydroelectric_1,1909,0.0,47048.0,.,.
ISNE_small_hydroelectric_1,1910,0.0,47048.0,.,.
ISNE_small_hydroelectric_1,1911,0.0,47048.0,.,.
ISNE_small_hydroelectric_1,1912,0.0,47048.0,.,.
ISNE_small_hydroelectric_1,1913,0.0,47048.0,.,.
ISNE_small_hydroelectric_1,1914,0.0,47048.0,.,.
ISNE_small_hydroelectric_1,1915,0.0,47048.0,.,.
ISNE_small_hydroelectric_1,1916,0.0,47048.0,.,.
ISNE_small_hydroelectric_1,1917,0.0,47048.0,.,.
ISNE_small_hydroelectric_1,1918,0.0,47048.0,.,.
ISNE_small_hydroelectric_1,1919,0.0,47048.0,.,.
ISNE_small_hydroelectric_1,1920,0.0,47048.0,.,.
ISNE_small_hydroelectric_1,1921,0.0,47048.0,.,.
ISNE_small_hydroelectric_1,1922,0.0,47048.0,.,.
ISNE_small_hydroelectric_1,1923,0.0,47048.0,.,.
ISNE_small_hydroelectric_1,1924,0.0,47048.0,.,.
ISNE_small_hydroelectric_1,1925,0.0,47048.0,.,.
ISNE_small_hydroelectric_1,1926,0.0,47048.0,.,.
ISNE_small_hydroelectric_1,1927,0.0,47048.0,.,.
ISNE_small_hydroelectric_1,1928,0.0,47048.0,.,.
ISNE_small_hydroelectric_1,1929,0.0,47048.0,.,.
ISNE_small_hydroelectric_1,1930,0.0,47048.0,.,.
ISNE_small_hydroelectric_1,1931,0.0,47048.0,.,.
ISNE_small_hydroelectric_1,1934,0.0,47048.0,.,.
ISNE_small_hydroelectric_1,1935,0.0,47048.0,.,.
ISNE_small_hydroelectric_1,1936,0.0,47048.0,.,.
ISNE_small_hydroelectric_1,1937,0.0,47048.0,.,.
ISNE_small_hydroelectric_1,1938,0.0,47048.0,.,.
ISNE_small_hydroelectric_1,1939,0.0,47048.0,.,.
ISNE_small_hydroelectric_1,1940,0.0,47048.0,.,.
ISNE_small_hydroelectric_1,1941,0.0,47048.0,.,.
ISNE_small_hydroelectric_1,1942,0.0,47048.0,.,.
ISNE_small_hydroelectric_1,1943,0.0,47048.0,.,.
ISNE_small_hydroelectric_1,1944,0.0,47048.0,.,.
ISNE_small_hydroelectric_1,1946,0.0,47048.0,.,.
ISNE_small_hydroelectric_1,1947,0.0,47048.0,.,.
ISNE_small_hydroelectric_1,1948,0.0,47048.0,.,.
ISNE_small_hydroelectric_1,1949,0.0,47048.0,.,.
ISNE_small_hydroelectric_1,1950,0.0,47048.0,.,.
ISNE_small_hydroelectric_1,1951,0.0,47048.0,.,.
ISNE_small_hydroelectric_1,1953,0.0,47048.0,.,.
ISNE_small_hydroelectric_1,1954,0.0,47048.0,.,.
ISNE_small_hydroelectric_1,1956,0.0,47048.0,.,.
ISNE_small_hydroelectric_1,1961,0.0,47048.0,.,.
ISNE_small_hydroelectric_1,1964,0.0,47048.0,.,.
ISNE_small_hydroelectric_1,1966,0.0,47048.0,.,.
ISNE_small_hydroelectric_1,1967,0.0,47048.0,.,.
ISNE_small_hydroelectric_1,1969,0.0,47048.0,.,.
ISNE_small_hydroelectric_1,1970,0.0,47048.0,.,.
ISNE_small_hydroelectric_1,1974,0.0,47048.0,.,.
ISNE_small_hydroelectric_1,1979,0.0,47048.0,.,.
ISNE_small_hydroelectric_1,1980,0.0,47048.0,.,.
ISNE_small_hydroelectric_1,1981,0.0,47048.0,.,.
ISNE_small_hydroelectric_1,1982,0.0,47048.0,.,.
ISNE_small_hydroelectric_1,1983,0.0,47048.0,.,.
ISNE_small_hydroelectric_1,1984,0.0,47048.0,.,.
ISNE_small_hydroelectric_1,1985,0.0,47048.0,.,.
ISNE_small_hydroelectric_1,1986,0.0,47048.0,.,.
ISNE_small_hydroelectric_1,1987,0.0,47048.0,.,.
ISNE_small_hydroelectric_1,1988,0.0,47048.0,.,.
ISNE_small_hydroelectric_1,1989,0.0,47048.0,.,.
ISNE_small_hydroelectric_1,1990,0.0,47048.0,.,.
ISNE_small_hydroelectric_1,1993,0.0,47048.0,.,.
ISNE_small_hydroelectric_1,1995,0.0,47048.0,.,.
ISNE_small_hydroelectric_1,2001,0.0,47048.0,.,.
ISNE_small_hydroelectric_1,2004,0.0,47048.0,.,.
ISNE_small_hydroelectric_1,2006,0.0,47048.0,.,.
ISNE_small_hydroelectric_1,2008,0.0,47048.0,.,.
ISNE_small_hydroelectric_1,2009,0.0,47048.0,.,.
ISNE_small_hydroelectric_1,2011,0.0,47048.0,.,.
ISNE_small_hydroelectric_1,2012,0.0,47048.0,.,.
ISNE_small_hydroelectric_1,2013,0.0,47048.0,.,.
ISNE_small_hydroelectric_1,2016,0.0,47048.0,.,.
ISNE_solar_photovoltaic_1,2008,0.0,22528.0,.,.
ISNE_solar_photovoltaic_1,2010,0.0,22528.0,.,.
ISNE_solar_photovoltaic_1,2011,0.0,22528.0,.,.
ISNE_solar_photovoltaic_1,2012,0.0,22528.0,.,.
ISNE_solar_photovoltaic_1,2013,0.0,22528.0,.,.
ISNE_solar_photovoltaic_1,2014,0.0,22528.0,.,.
ISNE_solar_photovoltaic_1,2015,0.0,22528.0,.,.
ISNE_solar_photovoltaic_1,2016,0.0,22528.0,.,.
ISNE_solar_photovoltaic_1,2017,0.0,22528.0,.,.
ISNE_solar_photovoltaic_1,2018,0.0,22528.0,.,.
ISNE_solar_photovoltaic_1,2019,0.0,22528.0,.,.
ISNE_solar_photovoltaic_1,2020,0.0,22528.0,.,.
ISNE_solar_photovoltaic_1,2021,0.0,22528.0,.,.
ISNE_solar_photovoltaic_1,2022,0.0,22528.0,.,.
ISNE_solar_photovoltaic_1,2023,0.0,22528.0,.,.
ISNE_solar_photovoltaic_1,2024,0.0,22528.0,.,.
ISNE_solar_photovoltaic_1,2025,0.0,22528.0,.,.
MISC_batteries_1,2016,0.0,7476.0,0.0,0.0
MISC_batteries_1,2017,0.0,7476.0,0.0,0.0
MISC_batteries_1,2019,0.0,7476.0,0.0,0.0
MISC_batteries_1,2020,0.0,7476.0,0.0,0.0
MISC_biomass_1,1978,0.0,157220.0,.,.
MISC_biomass_1,1979,0.0,157220.0,.,.
MISC_biomass_1,1984,0.0,157220.0,.,.
MISC_biomass_1,1989,0.0,157220.0,.,.
MISC_biomass_1,1992,0.0,157220.0,.,.
MISC_biomass_1,1993,0.0,157220.0,.,.
MISC_biomass_1,1995,0.0,157220.0,.,.
MISC_biomass_1,1997,0.0,157220.0,.,.
MISC_biomass_1,1998,0.0,157220.0,.,.
MISC_biomass_1,1999,0.0,157220.0,.,.
MISC_biomass_1,2000,0.0,157220.0,.,.
MISC_biomass_1,2002,0.0,157220.0,.,.
MISC_biomass_1,2003,0.0,157220.0,.,.
MISC_biomass_1,2004,0.0,157220.0,.,.
MISC_biomass_1,2007,0.0,157220.0,.,.
MISC_biomass_1,2010,0.0,157220.0,.,.
MISC_biomass_1,2011,0.0,157220.0,.,.
MISC_biomass_1,2014,0.0,157220.0,.,.
MISC_biomass_1,2015,0.0,157220.0,.,.
MISC_biomass_1,2021,0.0,157220.0,.,.
MISC_biomass_2,1996,0.0,157220.0,.,.
MISC_biomass_2,1999,0.0,157220.0,.,.
MISC_biomass_2,2001,0.0,157220.0,.,.
MISC_biomass_2,2004,0.0,157220.0,.,.
MISC_conventional_hydroelectric_1,1913,0.0,47048.0,.,.
MISC_conventional_hydroelectric_1,1931,0.0,47048.0,.,.
MISC_conventional_hydroelectric_1,1953,0.0,47048.0,.,.
MISC_conventional_hydroelectric_1,1967,0.0,47048.0,.,.
MISC_conventional_hydroelectric_1,2016,0.0,47048.0,.,.
MISC_conventional_hydroelectric_1,2017,0.0,47048.0,.,.
MISC_conventional_steam_coal_1,1956,0.0,73949.229,.,.
MISC_conventional_steam_coal_1,1958,0.0,73949.229,.,.
MISC_conventional_steam_coal_1,1963,0.0,73949.229,.,.
MISC_conventional_steam_coal_1,1973,0.0,73949.229,.,.
MISC_conventional_steam_coal_1,1979,0.0,73949.229,.,.
MISC_conventional_steam_coal_1,1981,0.0,73949.229,.,.
MISC_conventional_steam_coal_1,1984,0.0,73949.229,.,.
MISC_conventional_steam_coal_1,2009,0.0,73949.229,.,.
MISC_conventional_steam_coal_2,1955,0.0,61102.505,.,.
MISC_conventional_steam_coal_2,1956,0.0,61102.505,.,.
MISC_conventional_steam_coal_2,1958,0.0,61102.505,.,.
MISC_conventional_steam_coal_2,1960,0.0,61102.505,.,.
MISC_conventional_steam_coal_2,1962,0.0,61102.505,.,.
MISC_conventional_steam_coal_2,1963,0.0,61102.505,.,.
MISC_conventional_steam_coal_2,1964,0.0,61102.505,.,.
MISC_conventional_steam_coal_2,1965,0.0,61102.505,.,.
MISC_conventional_steam_coal_2,1966,0.0,61102.505,.,.
MISC_conventional_steam_coal_2,1969,0.0,61102.505,.,.
MISC_conventional_steam_coal_2,1970,0.0,61102.505,.,.
MISC_conventional_steam_coal_2,1971,0.0,61102.505,.,.
MISC_conventional_steam_coal_2,1972,0.0,61102.505,.,.
MISC_conventional_steam_coal_2,1973,0.0,61102.505,.,.
MISC_conventional_steam_coal_2,1975,0.0,61102.505,.,.
MISC_conventional_steam_coal_2,1976,0.0,61102.505,.,.
MISC_conventional_steam_coal_2,1977,0.0,61102.505,.,.
MISC_conventional_steam_coal_2,1978,0.0,61102.505,.,.
MISC_conventional_steam_coal_2,1979,0.0,61102.505,.,.
MISC_conventional_steam_coal_2,1982,0.0,61102.505,.,.
MISC_conventional_steam_coal_2,1986,0.0,61102.505,.,.
MISC_conventional_steam_coal_2,1987,0.0,61102.505,.,.
MISC_conventional_steam_coal_2,1994,0.0,61102.505,.,.
MISC_conventional_steam_coal_2,1997,0.0,61102.505,.,.
MISC_conventional_steam_coal_2,1998,0.0,61102.505,.,.
MISC_conventional_steam_coal_2,2005,0.0,61102.505,.,.
MISC_conventional_steam_coal_2,2012,0.0,61102.505,.,.
MISC_hydroelectric_pumped_storage_1,1963,0.0,47048.0,0.0,0.0
MISC_hydroelectric_pumped_storage_1,1984,0.0,47048.0,0.0,0.0
MISC_nuclear_1,1984,0.0,275171.0,.,.
MISC_nuclear_1,1987,0.0,275171.0,.,.
MISC_onshore_wind_turbine_1,2005,0.0,30300.0,.,.
MISC_onshore_wind_turbine_1,2007,0.0,30300.0,.,.
MISC_onshore_wind_turbine_1,2008,0.0,30300.0,.,.
MISC_onshore_wind_turbine_1,2009,0.0,30300.0,.,.
MISC_onshore_wind_turbine_1,2010,0.0,30300.0,.,.
MISC_onshore_wind_turbine_1,2011,0.0,30300.0,.,.
MISC_onshore_wind_turbine_1,2012,0.0,30300.0,.,.
MISC_onshore_wind_turbine_1,2015,0.0,30300.0,.,.
MISC_onshore_wind_turbine_1,2016,0.0,30300.0,.,.
MISC_onshore_wind_turbine_1,2017,0.0,30300.0,.,.
MISC_onshore_wind_turbine_1,2018,0.0,30300.0,.,.
MISC_onshore_wind_turbine_1,2019,0.0,30300.0,.,.
MISC_onshore_wind_turbine_1,2020,0.0,30300.0,.,.
MISC_onshore_wind_turbine_1,2021,0.0,30300.0,.,.
MISC_onshore_wind_turbine_1,2022,0.0,30300.0,.,.
MISC_onshore_wind_turbine_1,2023,0.0,30300.0,.,.
MISC_onshore_wind_turbine_1,2024,0.0,30300.0,.,.
MISC_petroleum_liquids_1,1935,0.0,24000.0,.,.
MISC_petroleum_liquids_1,1936,0.0,24000.0,.,.
MISC_petroleum_liquids_1,1939,0.0,24000.0,.,.
MISC_petroleum_liquids_1,1940,0.0,24000.0,.,.
MISC_petroleum_liquids_1,1941,0.0,24000.0,.,.
MISC_petroleum_liquids_1,1945,0.0,24000.0,.,.
MISC_petroleum_liquids_1,1946,0.0,24000.0,.,.
MISC_petroleum_liquids_1,1948,0.0,24000.0,.,.
MISC_petroleum_liquids_1,1950,0.0,24000.0,.,.
MISC_petroleum_liquids_1,1951,0.0,24000.0,.,.
MISC_petroleum_liquids_1,1952,0.0,24000.0,.,.
MISC_petroleum_liquids_1,1953,0.0,24000.0,.,.
MISC_petroleum_liquids_1,1954,0.0,24000.0,.,.
MISC_petroleum_liquids_1,1955,0.0,24000.0,.,.
MISC_petroleum_liquids_1,1956,0.0,24000.0,.,.
MISC_petroleum_liquids_1,1957,0.0,24000.0,.,.
MISC_petroleum_liquids_1,1958,0.0,24000.0,.,.
MISC_petroleum_liquids_1,1959,0.0,24000.0,.,.
MISC_petroleum_liquids_1,1960,0.0,24000.0,.,.
MISC_petroleum_liquids_1,1961,0.0,24000.0,.,.
MISC_petroleum_liquids_1,1962,0.0,24000.0,.,.
MISC_petroleum_liquids_1,1963,0.0,24000.0,.,.
MISC_petroleum_liquids_1,1964,0.0,24000.0,.,.
MISC_petroleum_liquids_1,1965,0.0,24000.0,.,.
MISC_petroleum_liquids_1,1966,0.0,24000.0,.,.
MISC_petroleum_liquids_1,1967,0.0,24000.0,.,.
MISC_petroleum_liquids_1,1968,0.0,24000.0,.,.
MISC_petroleum_liquids_1,1969,0.0,24000.0,.,.
MISC_petroleum_liquids_1,1970,0.0,24000.0,.,.
MISC_petroleum_liquids_1,1971,0.0,24000.0,.,.
MISC_petroleum_liquids_1,1972,0.0,24000.0,.,.
MISC_petroleum_liquids_1,1973,0.0,24000.0,.,.
MISC_petroleum_liquids_1,1974,0.0,24000.0,.,.
MISC_petroleum_liquids_1,1975,0.0,24000.0,.,.
MISC_petroleum_liquids_1,1976,0.0,24000.0,.,.
MISC_petroleum_liquids_1,1977,0.0,24000.0,.,.
MISC_petroleum_liquids_1,1978,0.0,24000.0,.,.
MISC_petroleum_liquids_1,1979,0.0,24000.0,.,.
MISC_petroleum_liquids_1,1980,0.0,24000.0,.,.
MISC_petroleum_liquids_1,1981,0.0,24000.0,.,.
MISC_petroleum_liquids_1,1982,0.0,24000.0,.,.
MISC_petroleum_liquids_1,1983,0.0,24000.0,.,.
MISC_petroleum_liquids_1,1985,0.0,24000.0,.,.
MISC_petroleum_liquids_1,1986,0.0,24000.0,.,.
MISC_petroleum_liquids_1,1987,0.0,24000.0,.,.
MISC_petroleum_liquids_1,1989,0.0,24000.0,.,.
MISC_petroleum_liquids_1,1990,0.0,24000.0,.,.
MISC_petroleum_liquids_1,1992,0.0,24000.0,.,.
MISC_petroleum_liquids_1,1993,0.0,24000.0,.,.
MISC_petroleum_liquids_1,1994,0.0,24000.0,.,.
MISC_petroleum_liquids_1,1995,0.0,24000.0,.,.
MISC_petroleum_liquids_1,1996,0.0,24000.0,.,.
MISC_petroleum_liquids_1,1997,0.0,24000.0,.,.
MISC_petroleum_liquids_1,1998,0.0,24000.0,.,.
MISC_petroleum_liquids_1,1999,0.0,24000.0,.,.
MISC_petroleum_liquids_1,2000,0.0,24000.0,.,.
MISC_petroleum_liquids_1,2001,0.0,24000.0,.,.
MISC_petroleum_liquids_1,2002,0.0,24000.0,.,.
MISC_petroleum_liquids_1,2003,0.0,24000.0,.,.
MISC_petroleum_liquids_1,2004,0.0,24000.0,.,.
MISC_petroleum_liquids_1,2005,0.0,24000.0,.,.
MISC_petroleum_liquids_1,2006,0.0,24000.0,.,.
MISC_petroleum_liquids_1,2007,0.0,24000.0,.,.
MISC_petroleum_liquids_1,2008,0.0,24000.0,.,.
MISC_petroleum_liquids_1,2009,0.0,24000.0,.,.
MISC_petroleum_liquids_1,2010,0.0,24000.0,.,.
MISC_petroleum_liquids_1,2011,0.0,24000.0,.,.
MISC_petroleum_liquids_1,2012,0.0,24000.0,.,.
MISC_petroleum_liquids_1,2013,0.0,24000.0,.,.
MISC_petroleum_liquids_1,2014,0.0,24000.0,.,.
MISC_petroleum_liquids_1,2019,0.0,24000.0,.,.
MISC_small_hydroelectric_1,1923,0.0,47048.0,.,.
MISC_small_hydroelectric_1,1925,0.0,47048.0,.,.
MISC_small_hydroelectric_1,1930,0.0,47048.0,.,.
MISC_small_hydroelectric_1,1984,0.0,47048.0,.,.
MISC_solar_photovoltaic_1,2011,0.0,22528.0,.,.
MISC_solar_photovoltaic_1,2012,0.0,22528.0,.,.
MISC_solar_photovoltaic_1,2013,0.0,22528.0,.,.
MISC_solar_photovoltaic_1,2014,0.0,22528.0,.,.
MISC_solar_photovoltaic_1,2015,0.0,22528.0,.,.
MISC_solar_photovoltaic_1,2016,0.0,22528.0,.,.
MISC_solar_photovoltaic_1,2017,0.0,22528.0,.,.
MISC_solar_photovoltaic_1,2018,0.0,22528.0,.,.
MISC_solar_photovoltaic_1,2019,0.0,22528.0,.,.
MISC_solar_photovoltaic_1,2020,0.0,22528.0,.,.
MISC_solar_photovoltaic_1,2021,0.0,22528.0,.,.
MISC_solar_photovoltaic_1,2022,0.0,22528.0,.,.
MISC_solar_photovoltaic_1,2023,0.0,22528.0,.,.
MISC_solar_photovoltaic_1,2024,0.0,22528.0,.,.
MISC_solar_photovoltaic_1,2025,0.0,22528.0,.,.
MISE_batteries_1,2018,0.0,7476.0,0.0,0.0
MISE_batteries_1,2021,0.0,7476.0,0.0,0.0
MISE_biomass_1,1981,0.0,157220.0,.,.
MISE_biomass_1,1982,0.0,157220.0,.,.
MISE_biomass_1,1984,0.0,157220.0,.,.
MISE_biomass_1,1985,0.0,157220.0,.,.
MISE_biomass_1,1986,0.0,157220.0,.,.
MISE_biomass_1,1987,0.0,157220.0,.,.
MISE_biomass_1,1988,0.0,157220.0,.,.
MISE_biomass_1,1989,0.0,157220.0,.,.
MISE_biomass_1,1990,0.0,157220.0,.,.
MISE_biomass_1,1991,0.0,157220.0,.,.
MISE_biomass_1,1993,0.0,157220.0,.,.
MISE_biomass_1,1995,0.0,157220.0,.,.
MISE_biomass_1,1996,0.0,157220.0,.,.
MISE_biomass_1,1997,0.0,157220.0,.,.
MISE_biomass_1,1999,0.0,157220.0,.,.
MISE_biomass_1,2000,0.0,157220.0,.,.
MISE_biomass_1,2001,0.0,157220.0,.,.
MISE_biomass_1,2002,0.0,157220.0,.,.
MISE_biomass_1,2004,0.0,157220.0,.,.
MISE_biomass_1,2006,0.0,157220.0,.,.
MISE_biomass_1,2008,0.0,157220.0,.,.
MISE_biomass_1,2009,0.0,157220.0,.,.
MISE_biomass_1,2010,0.0,157220.0,.,.
MISE_biomass_1,2011,0.0,157220.0,.,.
MISE_biomass_1,2012,0.0,157220.0,.,.
MISE_biomass_2,1978,0.0,157220.0,.,.
MISE_biomass_2,1979,0.0,157220.0,.,.
MISE_biomass_2,1984,0.0,157220.0,.,.
MISE_biomass_2,1985,0.0,157220.0,.,.
MISE_biomass_2,1992,0.0,157220.0,.,.
MISE_biomass_2,1995,0.0,157220.0,.,.
MISE_biomass_2,1997,0.0,157220.0,.,.
MISE_biomass_2,2020,0.0,157220.0,.,.
MISE_conventional_hydroelectric_1,1929,0.0,47048.0,.,.
MISE_conventional_hydroelectric_1,1931,0.0,47048.0,.,.
MISE_conventional_steam_coal_1,1960,0.0,61892.415,.,.
MISE_conventional_steam_coal_1,1963,0.0,61892.415,.,.
MISE_conventional_steam_coal_1,1971,0.0,61892.415,.,.
MISE_conventional_steam_coal_1,1973,0.0,61892.415,.,.
MISE_conventional_steam_coal_1,1974,0.0,61892.415,.,.
MISE_conventional_steam_coal_1,1979,0.0,61892.415,.,.
MISE_conventional_steam_coal_1,1990,0.0,61892.415,.,.
MISE_conventional_steam_coal_2,1960,0.0,74520.0,.,.
MISE_hydroelectric_pumped_storage_1,1973,0.0,47048.0,0.0,0.0
MISE_nuclear_1,1988,0.0,275171.0,.,.
MISE_onshore_wind_turbine_1,2001,0.0,30300.0,.,.
MISE_onshore_wind_turbine_1,2008,0.0,30300.0,.,.
MISE_onshore_wind_turbine_1,2009,0.0,30300.0,.,.
MISE_onshore_wind_turbine_1,2011,0.0,30300.0,.,.
MISE_onshore_wind_turbine_1,2012,0.0,30300.0,.,.
MISE_onshore_wind_turbine_1,2013,0.0,30300.0,.,.
MISE_onshore_wind_turbine_1,2014,0.0,30300.0,.,.
MISE_onshore_wind_turbine_1,2016,0.0,30300.0,.,.
MISE_onshore_wind_turbine_1,2017,0.0,30300.0,.,.
MISE_onshore_wind_turbine_1,2018,0.0,30300.0,.,.
MISE_onshore_wind_turbine_1,2019,0.0,30300.0,.,.
MISE_onshore_wind_turbine_1,2020,0.0,30300.0,.,.
MISE_onshore_wind_turbine_1,2021,0.0,30300.0,.,.
MISE_onshore_wind_turbine_1,2023,0.0,30300.0,.,.
MISE_petroleum_liquids_1,1938,0.0,24000.0,.,.
MISE_petroleum_liquids_1,1945,0.0,24000.0,.,.
MISE_petroleum_liquids_1,1947,0.0,24000.0,.,.
MISE_petroleum_liquids_1,1949,0.0,24000.0,.,.
MISE_petroleum_liquids_1,1950,0.0,24000.0,.,.
MISE_petroleum_liquids_1,1951,0.0,24000.0,.,.
MISE_petroleum_liquids_1,1952,0.0,24000.0,.,.
MISE_petroleum_liquids_1,1958,0.0,24000.0,.,.
MISE_petroleum_liquids_1,1961,0.0,24000.0,.,.
MISE_petroleum_liquids_1,1966,0.0,24000.0,.,.
MISE_petroleum_liquids_1,1967,0.0,24000.0,.,.
MISE_petroleum_liquids_1,1968,0.0,24000.0,.,.
MISE_petroleum_liquids_1,1969,0.0,24000.0,.,.
MISE_petroleum_liquids_1,1970,0.0,24000.0,.,.
MISE_petroleum_liquids_1,1971,0.0,24000.0,.,.
MISE_petroleum_liquids_1,1979,0.0,24000.0,.,.
MISE_petroleum_liquids_1,1981,0.0,24000.0,.,.
MISE_petroleum_liquids_1,1982,0.0,24000.0,.,.
MISE_petroleum_liquids_1,1984,0.0,24000.0,.,.
MISE_petroleum_liquids_1,1985,0.0,24000.0,.,.
MISE_petroleum_liquids_1,1987,0.0,24000.0,.,.
MISE_petroleum_liquids_1,1988,0.0,24000.0,.,.
MISE_petroleum_liquids_1,1990,0.0,24000.0,.,.
MISE_petroleum_liquids_1,1992,0.0,24000.0,.,.
MISE_petroleum_liquids_1,1993,0.0,24000.0,.,.
MISE_petroleum_liquids_1,1995,0.0,24000.0,.,.
MISE_petroleum_liquids_1,1996,0.0,24000.0,.,.
MISE_petroleum_liquids_1,1999,0.0,24000.0,.,.
MISE_petroleum_liquids_1,2000,0.0,24000.0,.,.
MISE_petroleum_liquids_1,2001,0.0,24000.0,.,.
MISE_petroleum_liquids_1,2002,0.0,24000.0,.,.
MISE_petroleum_liquids_1,2003,0.0,24000.0,.,.
MISE_petroleum_liquids_1,2005,0.0,24000.0,.,.
MISE_petroleum_liquids_1,2006,0.0,24000.0,.,.
MISE_petroleum_liquids_1,2007,0.0,24000.0,.,.
MISE_small_hydroelectric_1,1907,0.0,47048.0,.,.
MISE_small_hydroelectric_1,1911,0.0,47048.0,.,.
MISE_small_hydroelectric_1,1912,0.0,47048.0,.,.
MISE_small_hydroelectric_1,1913,0.0,47048.0,.,.
MISE_small_hydroelectric_1,1915,0.0,47048.0,.,.
MISE_small_hydroelectric_1,1916,0.0,47048.0,.,.
MISE_small_hydroelectric_1,1918,0.0,47048.0,.,.
MISE_small_hydroelectric_1,1919,0.0,47048.0,.,.
MISE_small_hydroelectric_1,1922,0.0,47048.0,.,.
MISE_small_hydroelectric_1,1924,0.0,47048.0,.,.
MISE_small_hydroelectric_1,1925,0.0,47048.0,.,.
MISE_small_hydroelectric_1,1928,0.0,47048.0,.,.
MISE_small_hydroelectric_1,1935,0.0,47048.0,.,.
MISE_small_hydroelectric_1,1945,0.0,47048.0,.,.
MISE_small_hydroelectric_1,1949,0.0,47048.0,.,.
MISE_small_hydroelectric_1,1984,0.0,47048.0,.,.
MISE_small_hydroelectric_1,1986,0.0,47048.0,.,.
MISE_small_hydroelectric_1,1988,0.0,47048.0,.,.
MISE_small_hydroelectric_1,1990,0.0,47048.0,.,.
MISE_small_hydroelectric_1,2005,0.0,47048.0,.,.
MISE_solar_photovoltaic_1,2015,0.0,22528.0,.,.
MISE_solar_photovoltaic_1,2016,0.0,22528.0,.,.
MISE_solar_photovoltaic_1,2017,0.0,22528.0,.,.
MISE_solar_photovoltaic_1,2018,0.0,22528.0,.,.
MISE_solar_photovoltaic_1,2019,0.0,22528.0,.,.
MISE_solar_photovoltaic_1,2020,0.0,22528.0,.,.
MISE_solar_photovoltaic_1,2021,0.0,22528.0,.,.
MISE_solar_photovoltaic_1,2022,0.0,22528.0,.,.
MISE_solar_photovoltaic_1,2023,0.0,22528.0,.,.
MISE_solar_photovoltaic_1,2024,0.0,22528.0,.,.
MISE_solar_photovoltaic_1,2025,0.0,22528.0,.,.
MISS_batteries_1,2016,0.0,7476.0,0.0,0.0
MISS_batteries_1,2022,0.0,7476.0,0.0,0.0
MISS_biomass_1,1964,0.0,157220.0,.,.
MISS_biomass_1,1977,0.0,157220.0,.,.
MISS_biomass_1,1984,0.0,157220.0,.,.
MISS_biomass_1,1993,0.0,157220.0,.,.
MISS_biomass_1,1996,0.0,157220.0,.,.
MISS_biomass_1,2007,0.0,157220.0,.,.
MISS_biomass_1,2009,0.0,157220.0,.,.
MISS_biomass_2,1954,0.0,157220.0,.,.
MISS_biomass_2,1957,0.0,157220.0,.,.
MISS_biomass_2,1958,0.0,157220.0,.,.
MISS_biomass_2,1962,0.0,157220.0,.,.
MISS_biomass_2,1965,0.0,157220.0,.,.
MISS_biomass_2,1966,0.0,157220.0,.,.
MISS_biomass_2,1967,0.0,157220.0,.,.
MISS_biomass_2,1968,0.0,157220.0,.,.
MISS_biomass_2,1969,0.0,157220.0,.,.
MISS_biomass_2,1972,0.0,157220.0,.,.
MISS_biomass_2,1977,0.0,157220.0,.,.
MISS_biomass_2,1979,0.0,157220.0,.,.
MISS_biomass_2,1981,0.0,157220.0,.,.
MISS_biomass_2,1986,0.0,157220.0,.,.
MISS_biomass_2,1999,0.0,157220.0,.,.
MISS_biomass_2,2008,0.0,157220.0,.,.
MISS_biomass_2,2014,0.0,157220.0,.,.
MISS_conventional_hydroelectric_1,1932,0.0,47048.0,.,.
MISS_conventional_hydroelectric_1,1955,0.0,47048.0,.,.
MISS_conventional_hydroelectric_1,1965,0.0,47048.0,.,.
MISS_conventional_hydroelectric_1,1969,0.0,47048.0,.,.
MISS_conventional_hydroelectric_1,1988,0.0,47048.0,.,.
MISS_conventional_hydroelectric_1,1990,0.0,47048.0,.,.
MISS_conventional_hydroelectric_1,1999,0.0,47048.0,.,.
MISS_conventional_hydroelectric_1,2022,0.0,47048.0,.,.
MISS_conventional_steam_coal_1,1982,0.0,66090.672,.,.
MISS_conventional_steam_coal_1,1983,0.0,66090.672,.,.
MISS_conventional_steam_coal_2,1980,0.0,57153.82,.,.
MISS_conventional_steam_coal_2,1981,0.0,57153.82,.,.
MISS_conventional_steam_coal_2,1983,0.0,57153.82,.,.
MISS_conventional_steam_coal_2,1984,0.0,57153.82,.,.
MISS_conventional_steam_coal_2,2010,0.0,57153.82,.,.
MISS_nuclear_1,1974,0.0,247188.106,.,.
MISS_nuclear_1,1980,0.0,247188.106,.,.
MISS_nuclear_1,1985,0.0,247188.106,.,.
MISS_nuclear_1,1986,0.0,247188.106,.,.
MISS_onshore_wind_turbine_1,2024,0.0,30300.0,.,.
MISS_petroleum_liquids_1,1951,0.0,24000.0,.,.
MISS_petroleum_liquids_1,1952,0.0,24000.0,.,.
MISS_petroleum_liquids_1,1953,0.0,24000.0,.,.
MISS_petroleum_liquids_1,1955,0.0,24000.0,.,.
MISS_petroleum_liquids_1,1957,0.0,24000.0,.,.
MISS_petroleum_liquids_1,1959,0.0,24000.0,.,.
MISS_petroleum_liquids_1,1963,0.0,24000.0,.,.
MISS_petroleum_liquids_1,1965,0.0,24000.0,.,.
MISS_petroleum_liquids_1,1969,0.0,24000.0,.,.
MISS_petroleum_liquids_1,1971,0.0,24000.0,.,.
MISS_petroleum_liquids_1,1976,0.0,24000.0,.,.
MISS_petroleum_liquids_1,1992,0.0,24000.0,.,.
MISS_petroleum_liquids_1,2009,0.0,24000.0,.,.
MISS_petroleum_liquids_1,2010,0.0,24000.0,.,.
MISS_petroleum_liquids_1,2014,0.0,24000.0,.,.
MISS_small_hydroelectric_1,1925,0.0,47048.0,.,.
MISS_small_hydroelectric_1,1989,0.0,47048.0,.,.
MISS_small_hydroelectric_1,1993,0.0,47048.0,.,.
MISS_small_hydroelectric_1,2020,0.0,47048.0,.,.
MISS_small_hydroelectric_1,2022,0.0,47048.0,.,.
MISS_solar_photovoltaic_1,2016,0.0,22528.0,.,.
MISS_solar_photovoltaic_1,2017,0.0,22528.0,.,.
MISS_solar_photovoltaic_1,2018,0.0,22528.0,.,.
MISS_solar_photovoltaic_1,2019,0.0,22528.0,.,.
MISS_solar_photovoltaic_1,2020,0.0,22528.0,.,.
MISS_solar_photovoltaic_1,2021,0.0,22528.0,.,.
MISS_solar_photovoltaic_1,2022,0.0,22528.0,.,.
MISS_solar_photovoltaic_1,2023,0.0,22528.0,.,.
MISS_solar_photovoltaic_1,2024,0.0,22528.0,.,.
MISW_batteries_1,2018,0.0,7476.0,0.0,0.0
MISW_batteries_1,2020,0.0,7476.0,0.0,0.0
MISW_batteries_1,2021,0.0,7476.0,0.0,0.0
MISW_batteries_1,2022,0.0,7476.0,0.0,0.0
MISW_batteries_1,2023,0.0,7476.0,0.0,0.0
MISW_biomass_1,1948,0.0,157220.0,.,.
MISW_biomass_1,1951,0.0,157220.0,.,.
MISW_biomass_1,1958,0.0,157220.0,.,.
MISW_biomass_1,1962,0.0,157220.0,.,.
MISW_biomass_1,1968,0.0,157220.0,.,.
MISW_biomass_1,1969,0.0,157220.0,.,.
MISW_biomass_1,1972,0.0,157220.0,.,.
MISW_biomass_1,1976,0.0,157220.0,.,.
MISW_biomass_1,1977,0.0,157220.0,.,.
MISW_biomass_1,1978,0.0,157220.0,.,.
MISW_biomass_1,1982,0.0,157220.0,.,.
MISW_biomass_1,1983,0.0,157220.0,.,.
MISW_biomass_1,1984,0.0,157220.0,.,.
MISW_biomass_1,1985,0.0,157220.0,.,.
MISW_biomass_1,1986,0.0,157220.0,.,.
MISW_biomass_1,1987,0.0,157220.0,.,.
MISW_biomass_1,1988,0.0,157220.0,.,.
MISW_biomass_1,1990,0.0,157220.0,.,.
MISW_biomass_1,1991,0.0,157220.0,.,.
MISW_biomass_1,1992,0.0,157220.0,.,.
MISW_biomass_1,1993,0.0,157220.0,.,.
MISW_biomass_1,1995,0.0,157220.0,.,.
MISW_biomass_1,1996,0.0,157220.0,.,.
MISW_biomass_1,1997,0.0,157220.0,.,.
MISW_biomass_1,1998,0.0,157220.0,.,.
MISW_biomass_1,2000,0.0,157220.0,.,.
MISW_biomass_1,2001,0.0,157220.0,.,.
MISW_biomass_1,2002,0.0,157220.0,.,.
MISW_biomass_1,2003,0.0,157220.0,.,.
MISW_biomass_1,2004,0.0,157220.0,.,.
MISW_biomass_1,2008,0.0,157220.0,.,.
MISW_biomass_1,2009,0.0,157220.0,.,.
MISW_biomass_1,2010,0.0,157220.0,.,.
MISW_biomass_1,2011,0.0,157220.0,.,.
MISW_biomass_1,2012,0.0,157220.0,.,.
MISW_biomass_1,2013,0.0,157220.0,.,.
MISW_biomass_1,2015,0.0,157220.0,.,.
MISW_biomass_2,1949,0.0,157220.0,.,.
MISW_biomass_2,1951,0.0,157220.0,.,.
MISW_biomass_2,1952,0.0,157220.0,.,.
MISW_biomass_2,1955,0.0,157220.0,.,.
MISW_biomass_2,1959,0.0,157220.0,.,.
MISW_biomass_2,1962,0.0,157220.0,.,.
MISW_biomass_2,1975,0.0,157220.0,.,.
MISW_biomass_2,1977,0.0,157220.0,.,.
MISW_biomass_2,1979,0.0,157220.0,.,.
MISW_biomass_2,1980,0.0,157220.0,.,.
MISW_biomass_2,1991,0.0,157220.0,.,.
MISW_biomass_2,1994,0.0,157220.0,.,.
MISW_biomass_2,2000,0.0,157220.0,.,.
MISW_biomass_2,2003,0.0,157220.0,.,.
MISW_conventional_hydroelectric_1,1891,0.0,47048.0,.,.
MISW_conventional_hydroelectric_1,1896,0.0,47048.0,.,.
MISW_conventional_hydroelectric_1,1907,0.0,47048.0,.,.
MISW_conventional_hydroelectric_1,1914,0.0,47048.0,.,.
MISW_conventional_hydroelectric_1,1915,0.0,47048.0,.,.
MISW_conventional_hydroelectric_1,1916,0.0,47048.0,.,.
MISW_conventional_hydroelectric_1,1918,0.0,47048.0,.,.
MISW_conventional_hydroelectric_1,1919,0.0,47048.0,.,.
MISW_conventional_hydroelectric_1,1920,0.0,47048.0,.,.
MISW_conventional_hydroelectric_1,1922,0.0,47048.0,.,.
MISW_conventional_hydroelectric_1,1927,0.0,47048.0,.,.
MISW_conventional_hydroelectric_1,1931,0.0,47048.0,.,.
MISW_conventional_hydroelectric_1,1938,0.0,47048.0,.,.
MISW_conventional_hydroelectric_1,1940,0.0,47048.0,.,.
MISW_conventional_hydroelectric_1,1949,0.0,47048.0,.,.
MISW_conventional_hydroelectric_1,1963,0.0,47048.0,.,.
MISW_conventional_hydroelectric_1,1971,0.0,47048.0,.,.
MISW_conventional_hydroelectric_1,1977,0.0,47048.0,.,.
MISW_conventional_hydroelectric_1,1984,0.0,47048.0,.,.
MISW_conventional_hydroelectric_1,2021,0.0,47048.0,.,.
MISW_conventional_hydroelectric_1,2024,0.0,47048.0,.,.
MISW_conventional_steam_coal_1,1930,0.0,63718.923,.,.
MISW_conventional_steam_coal_1,1950,0.0,63718.923,.,.
MISW_conventional_steam_coal_1,1954,0.0,63718.923,.,.
MISW_conventional_steam_coal_1,1955,0.0,63718.923,.,.
MISW_conventional_steam_coal_1,1958,0.0,63718.923,.,.
MISW_conventional_steam_coal_1,1959,0.0,63718.923,.,.
MISW_conventional_steam_coal_1,1960,0.0,63718.923,.,.
MISW_conventional_steam_coal_1,1961,0.0,63718.923,.,.
MISW_conventional_steam_coal_1,1962,0.0,63718.923,.,.
MISW_conventional_steam_coal_1,1964,0.0,63718.923,.,.
MISW_conventional_steam_coal_1,1965,0.0,63718.923,.,.
MISW_conventional_steam_coal_1,1967,0.0,63718.923,.,.
MISW_conventional_steam_coal_1,1968,0.0,63718.923,.,.
MISW_conventional_steam_coal_1,1969,0.0,63718.923,.,.
MISW_conventional_steam_coal_1,1970,0.0,63718.923,.,.
MISW_conventional_steam_coal_1,1973,0.0,63718.923,.,.
MISW_conventional_steam_coal_1,1975,0.0,63718.923,.,.
MISW_conventional_steam_coal_1,1976,0.0,63718.923,.,.
MISW_conventional_steam_coal_1,1977,0.0,63718.923,.,.
MISW_conventional_steam_coal_1,1978,0.0,63718.923,.,.
MISW_conventional_steam_coal_1,1979,0.0,63718.923,.,.
MISW_conventional_steam_coal_1,1980,0.0,63718.923,.,.
MISW_conventional_steam_coal_1,1981,0.0,63718.923,.,.
MISW_conventional_steam_coal_1,1983,0.0,63718.923,.,.
MISW_conventional_steam_coal_1,1985,0.0,63718.923,.,.
MISW_conventional_steam_coal_1,1987,0.0,63718.923,.,.
MISW_conventional_steam_coal_1,1988,0.0,63718.923,.,.
MISW_conventional_steam_coal_1,1990,0.0,63718.923,.,.
MISW_conventional_steam_coal_1,1996,0.0,63718.923,.,.
MISW_conventional_steam_coal_1,1997,0.0,63718.923,.,.
MISW_conventional_steam_coal_1,2007,0.0,63718.923,.,.
MISW_conventional_steam_coal_1,2008,0.0,63718.923,.,.
MISW_conventional_steam_coal_1,2009,0.0,63718.923,.,.
MISW_conventional_steam_coal_1,2010,0.0,63718.923,.,.
MISW_conventional_steam_coal_1,2011,0.0,63718.923,.,.
MISW_conventional_steam_coal_2,1988,0.0,73713.673,.,.
MISW_conventional_steam_coal_2,1995,0.0,73713.673,.,.
MISW_conventional_steam_coal_2,2000,0.0,73713.673,.,.
MISW_conventional_steam_coal_2,2014,0.0,73713.673,.,.
MISW_nuclear_1,1970,0.0,226520.14,.,.
MISW_nuclear_1,1971,0.0,226520.14,.,.
MISW_nuclear_1,1972,0.0,226520.14,.,.
MISW_nuclear_1,1974,0.0,226520.14,.,.
MISW_onshore_wind_turbine_1,1998,0.0,30300.0,.,.
MISW_onshore_wind_turbine_1,1999,0.0,30300.0,.,.
MISW_onshore_wind_turbine_1,2000,0.0,30300.0,.,.
MISW_onshore_wind_turbine_1,2001,0.0,30300.0,.,.
MISW_onshore_wind_turbine_1,2002,0.0,30300.0,.,.
MISW_onshore_wind_turbine_1,2003,0.0,30300.0,.,.
MISW_onshore_wind_turbine_1,2004,0.0,30300.0,.,.
MISW_onshore_wind_turbine_1,2005,0.0,30300.0,.,.
MISW_onshore_wind_turbine_1,2006,0.0,30300.0,.,.
MISW_onshore_wind_turbine_1,2007,0.0,30300.0,.,.
MISW_onshore_wind_turbine_1,2008,0.0,30300.0,.,.
MISW_onshore_wind_turbine_1,2009,0.0,30300.0,.,.
MISW_onshore_wind_turbine_1,2010,0.0,30300.0,.,.
MISW_onshore_wind_turbine_1,2011,0.0,30300.0,.,.
MISW_onshore_wind_turbine_1,2012,0.0,30300.0,.,.
MISW_onshore_wind_turbine_1,2013,0.0,30300.0,.,.
MISW_onshore_wind_turbine_1,2014,0.0,30300.0,.,.
MISW_onshore_wind_turbine_1,2015,0.0,30300.0,.,.
MISW_onshore_wind_turbine_1,2016,0.0,30300.0,.,.
MISW_onshore_wind_turbine_1,2017,0.0,30300.0,.,.
MISW_onshore_wind_turbine_1,2018,0.0,30300.0,.,.
MISW_onshore_wind_turbine_1,2019,0.0,30300.0,.,.
MISW_onshore_wind_turbine_1,2020,0.0,30300.0,.,.
MISW_onshore_wind_turbine_1,2021,0.0,30300.0,.,.
MISW_onshore_wind_turbine_1,2022,0.0,30300.0,.,.
MISW_onshore_wind_turbine_1,2023,0.0,30300.0,.,.
MISW_onshore_wind_turbine_1,2025,0.0,30300.0,.,.
MISW_petroleum_liquids_1,1928,0.0,24000.0,.,.
MISW_petroleum_liquids_1,1930,0.0,24000.0,.,.
MISW_petroleum_liquids_1,1932,0.0,24000.0,.,.
MISW_petroleum_liquids_1,1937,0.0,24000.0,.,.
MISW_petroleum_liquids_1,1939,0.0,24000.0,.,.
MISW_petroleum_liquids_1,1940,0.0,24000.0,.,.
MISW_petroleum_liquids_1,1941,0.0,24000.0,.,.
MISW_petroleum_liquids_1,1944,0.0,24000.0,.,.
MISW_petroleum_liquids_1,1945,0.0,24000.0,.,.
MISW_petroleum_liquids_1,1946,0.0,24000.0,.,.
MISW_petroleum_liquids_1,1947,0.0,24000.0,.,.
MISW_petroleum_liquids_1,1948,0.0,24000.0,.,.
MISW_petroleum_liquids_1,1949,0.0,24000.0,.,.
MISW_petroleum_liquids_1,1950,0.0,24000.0,.,.
MISW_petroleum_liquids_1,1951,0.0,24000.0,.,.
MISW_petroleum_liquids_1,1952,0.0,24000.0,.,.
MISW_petroleum_liquids_1,1953,0.0,24000.0,.,.
MISW_petroleum_liquids_1,1954,0.0,24000.0,.,.
MISW_petroleum_liquids_1,1955,0.0,24000.0,.,.
MISW_petroleum_liquids_1,1956,0.0,24000.0,.,.
MISW_petroleum_liquids_1,1957,0.0,24000.0,.,.
MISW_petroleum_liquids_1,1958,0.0,24000.0,.,.
MISW_petroleum_liquids_1,1959,0.0,24000.0,.,.
MISW_petroleum_liquids_1,1960,0.0,24000.0,.,.
MISW_petroleum_liquids_1,1961,0.0,24000.0,.,.
MISW_petroleum_liquids_1,1962,0.0,24000.0,.,.
MISW_petroleum_liquids_1,1963,0.0,24000.0,.,.
MISW_petroleum_liquids_1,1964,0.0,24000.0,.,.
MISW_petroleum_liquids_1,1965,0.0,24000.0,.,.
MISW_petroleum_liquids_1,1966,0.0,24000.0,.,.
MISW_petroleum_liquids_1,1967,0.0,24000.0,.,.
MISW_petroleum_liquids_1,1968,0.0,24000.0,.,.
MISW_petroleum_liquids_1,1969,0.0,24000.0,.,.
MISW_petroleum_liquids_1,1970,0.0,24000.0,.,.
MISW_petroleum_liquids_1,1971,0.0,24000.0,.,.
MISW_petroleum_liquids_1,1972,0.0,24000.0,.,.
MISW_petroleum_liquids_1,1973,0.0,24000.0,.,.
MISW_petroleum_liquids_1,1974,0.0,24000.0,.,.
MISW_petroleum_liquids_1,1975,0.0,24000.0,.,.
MISW_petroleum_liquids_1,1976,0.0,24000.0,.,.
MISW_petroleum_liquids_1,1977,0.0,24000.0,.,.
MISW_petroleum_liquids_1,1978,0.0,24000.0,.,.
MISW_petroleum_liquids_1,1979,0.0,24000.0,.,.
MISW_petroleum_liquids_1,1980,0.0,24000.0,.,.
MISW_petroleum_liquids_1,1981,0.0,24000.0,.,.
MISW_petroleum_liquids_1,1982,0.0,24000.0,.,.
MISW_petroleum_liquids_1,1985,0.0,24000.0,.,.
MISW_petroleum_liquids_1,1986,0.0,24000.0,.,.
MISW_petroleum_liquids_1,1987,0.0,24000.0,.,.
MISW_petroleum_liquids_1,1988,0.0,24000.0,.,.
MISW_petroleum_liquids_1,1989,0.0,24000.0,.,.
MISW_petroleum_liquids_1,1990,0.0,24000.0,.,.
MISW_petroleum_liquids_1,1991,0.0,24000.0,.,.
MISW_petroleum_liquids_1,1992,0.0,24000.0,.,.
MISW_petroleum_liquids_1,1993,0.0,24000.0,.,.
MISW_petroleum_liquids_1,1994,0.0,24000.0,.,.
MISW_petroleum_liquids_1,1995,0.0,24000.0,.,.
MISW_petroleum_liquids_1,1996,0.0,24000.0,.,.
MISW_petroleum_liquids_1,1997,0.0,24000.0,.,.
MISW_petroleum_liquids_1,1998,0.0,24000.0,.,.
MISW_petroleum_liquids_1,1999,0.0,24000.0,.,.
MISW_petroleum_liquids_1,2000,0.0,24000.0,.,.
MISW_petroleum_liquids_1,2001,0.0,24000.0,.,.
MISW_petroleum_liquids_1,2002,0.0,24000.0,.,.
MISW_petroleum_liquids_1,2003,0.0,24000.0,.,.
MISW_petroleum_liquids_1,2004,0.0,24000.0,.,.
MISW_petroleum_liquids_1,2005,0.0,24000.0,.,.
MISW_petroleum_liquids_1,2006,0.0,24000.0,.,.
MISW_petroleum_liquids_1,2007,0.0,24000.0,.,.
MISW_petroleum_liquids_1,2009,0.0,24000.0,.,.
MISW_petroleum_liquids_1,2010,0.0,24000.0,.,.
MISW_petroleum_liquids_1,2011,0.0,24000.0,.,.
MISW_petroleum_liquids_1,2012,0.0,24000.0,.,.
MISW_petroleum_liquids_1,2013,0.0,24000.0,.,.
MISW_petroleum_liquids_1,2014,0.0,24000.0,.,.
MISW_petroleum_liquids_1,2015,0.0,24000.0,.,.
MISW_petroleum_liquids_1,2016,0.0,24000.0,.,.
MISW_petroleum_liquids_1,2018,0.0,24000.0,.,.
MISW_petroleum_liquids_1,2019,0.0,24000.0,.,.
MISW_petroleum_liquids_1,2020,0.0,24000.0,.,.
MISW_petroleum_liquids_1,2021,0.0,24000.0,.,.
MISW_petroleum_liquids_1,2022,0.0,24000.0,.,.
MISW_petroleum_liquids_1,2023,0.0,24000.0,.,.
MISW_small_hydroelectric_1,1891,0.0,47048.0,.,.
MISW_small_hydroelectric_1,1896,0.0,47048.0,.,.
MISW_small_hydroelectric_1,1900,0.0,47048.0,.,.
MISW_small_hydroelectric_1,1901,0.0,47048.0,.,.
MISW_small_hydroelectric_1,1903,0.0,47048.0,.,.
MISW_small_hydroelectric_1,1905,0.0,47048.0,.,.
MISW_small_hydroelectric_1,1906,0.0,47048.0,.,.
MISW_small_hydroelectric_1,1909,0.0,47048.0,.,.
MISW_small_hydroelectric_1,1910,0.0,47048.0,.,.
MISW_small_hydroelectric_1,1911,0.0,47048.0,.,.
MISW_small_hydroelectric_1,1912,0.0,47048.0,.,.
MISW_small_hydroelectric_1,1913,0.0,47048.0,.,.
MISW_small_hydroelectric_1,1914,0.0,47048.0,.,.
MISW_small_hydroelectric_1,1915,0.0,47048.0,.,.
MISW_small_hydroelectric_1,1916,0.0,47048.0,.,.
MISW_small_hydroelectric_1,1917,0.0,47048.0,.,.
MISW_small_hydroelectric_1,1918,0.0,47048.0,.,.
MISW_small_hydroelectric_1,1919,0.0,47048.0,.,.
MISW_small_hydroelectric_1,1920,0.0,47048.0,.,.
MISW_small_hydroelectric_1,1921,0.0,47048.0,.,.
MISW_small_hydroelectric_1,1922,0.0,47048.0,.,.
MISW_small_hydroelectric_1,1923,0.0,47048.0,.,.
MISW_small_hydroelectric_1,1924,0.0,47048.0,.,.
MISW_small_hydroelectric_1,1925,0.0,47048.0,.,.
MISW_small_hydroelectric_1,1926,0.0,47048.0,.,.
MISW_small_hydroelectric_1,1927,0.0,47048.0,.,.
MISW_small_hydroelectric_1,1928,0.0,47048.0,.,.
MISW_small_hydroelectric_1,1929,0.0,47048.0,.,.
MISW_small_hydroelectric_1,1930,0.0,47048.0,.,.
MISW_small_hydroelectric_1,1931,0.0,47048.0,.,.
MISW_small_hydroelectric_1,1932,0.0,47048.0,.,.
MISW_small_hydroelectric_1,1935,0.0,47048.0,.,.
MISW_small_hydroelectric_1,1936,0.0,47048.0,.,.
MISW_small_hydroelectric_1,1937,0.0,47048.0,.,.
MISW_small_hydroelectric_1,1938,0.0,47048.0,.,.
MISW_small_hydroelectric_1,1939,0.0,47048.0,.,.
MISW_small_hydroelectric_1,1940,0.0,47048.0,.,.
MISW_small_hydroelectric_1,1941,0.0,47048.0,.,.
MISW_small_hydroelectric_1,1942,0.0,47048.0,.,.
MISW_small_hydroelectric_1,1943,0.0,47048.0,.,.
MISW_small_hydroelectric_1,1945,0.0,47048.0,.,.
MISW_small_hydroelectric_1,1946,0.0,47048.0,.,.
MISW_small_hydroelectric_1,1948,0.0,47048.0,.,.
MISW_small_hydroelectric_1,1949,0.0,47048.0,.,.
MISW_small_hydroelectric_1,1950,0.0,47048.0,.,.
MISW_small_hydroelectric_1,1951,0.0,47048.0,.,.
MISW_small_hydroelectric_1,1952,0.0,47048.0,.,.
MISW_small_hydroelectric_1,1953,0.0,47048.0,.,.
MISW_small_hydroelectric_1,1954,0.0,47048.0,.,.
MISW_small_hydroelectric_1,1955,0.0,47048.0,.,.
MISW_small_hydroelectric_1,1958,0.0,47048.0,.,.
MISW_small_hydroelectric_1,1963,0.0,47048.0,.,.
MISW_small_hydroelectric_1,1964,0.0,47048.0,.,.
MISW_small_hydroelectric_1,1966,0.0,47048.0,.,.
MISW_small_hydroelectric_1,1967,0.0,47048.0,.,.
MISW_small_hydroelectric_1,1968,0.0,47048.0,.,.
MISW_small_hydroelectric_1,1971,0.0,47048.0,.,.
MISW_small_hydroelectric_1,1973,0.0,47048.0,.,.
MISW_small_hydroelectric_1,1976,0.0,47048.0,.,.
MISW_small_hydroelectric_1,1977,0.0,47048.0,.,.
MISW_small_hydroelectric_1,1978,0.0,47048.0,.,.
MISW_small_hydroelectric_1,1979,0.0,47048.0,.,.
MISW_small_hydroelectric_1,1980,0.0,47048.0,.,.
MISW_small_hydroelectric_1,1983,0.0,47048.0,.,.
MISW_small_hydroelectric_1,1984,0.0,47048.0,.,.
MISW_small_hydroelectric_1,1985,0.0,47048.0,.,.
MISW_small_hydroelectric_1,1986,0.0,47048.0,.,.
MISW_small_hydroelectric_1,1988,0.0,47048.0,.,.
MISW_small_hydroelectric_1,1992,0.0,47048.0,.,.
MISW_small_hydroelectric_1,1993,0.0,47048.0,.,.
MISW_small_hydroelectric_1,2011,0.0,47048.0,.,.
MISW_small_hydroelectric_1,2013,0.0,47048.0,.,.
MISW_small_hydroelectric_1,2014,0.0,47048.0,.,.
MISW_small_hydroelectric_1,2016,0.0,47048.0,.,.
MISW_solar_photovoltaic_1,2011,0.0,22528.0,.,.
MISW_solar_photovoltaic_1,2013,0.0,22528.0,.,.
MISW_solar_photovoltaic_1,2015,0.0,22528.0,.,.
MISW_solar_photovoltaic_1,2016,0.0,22528.0,.,.
MISW_solar_photovoltaic_1,2017,0.0,22528.0,.,.
MISW_solar_photovoltaic_1,2018,0.0,22528.0,.,.
MISW_solar_photovoltaic_1,2019,0.0,22528.0,.,.
MISW_solar_photovoltaic_1,2020,0.0,22528.0,.,.
MISW_solar_photovoltaic_1,2021,0.0,22528.0,.,.
MISW_solar_photovoltaic_1,2022,0.0,22528.0,.,.
MISW_solar_photovoltaic_1,2023,0.0,22528.0,.,.
MISW_solar_photovoltaic_1,2024,0.0,22528.0,.,.
NWPP_batteries_1,2013,0.0,7476.0,0.0,0.0
NWPP_batteries_1,2015,0.0,7476.0,0.0,0.0
NWPP_batteries_1,2016,0.0,7476.0,0.0,0.0
NWPP_batteries_1,2020,0.0,7476.0,0.0,0.0
NWPP_batteries_1,2021,0.0,7476.0,0.0,0.0
NWPP_batteries_1,2022,0.0,7476.0,0.0,0.0
NWPP_batteries_1,2025,0.0,7476.0,0.0,0.0
NWPP_biomass_1,1955,0.0,157220.0,.,.
NWPP_biomass_1,1976,0.0,157220.0,.,.
NWPP_biomass_1,1981,0.0,157220.0,.,.
NWPP_biomass_1,1985,0.0,157220.0,.,.
NWPP_biomass_1,1989,0.0,157220.0,.,.
NWPP_biomass_1,2003,0.0,157220.0,.,.
NWPP_biomass_1,2007,0.0,157220.0,.,.
NWPP_biomass_1,2009,0.0,157220.0,.,.
NWPP_biomass_2,1948,0.0,157220.0,.,.
NWPP_biomass_2,1949,0.0,157220.0,.,.
NWPP_biomass_2,1950,0.0,157220.0,.,.
NWPP_biomass_2,1953,0.0,157220.0,.,.
NWPP_biomass_2,1954,0.0,157220.0,.,.
NWPP_biomass_2,1955,0.0,157220.0,.,.
NWPP_biomass_2,1956,0.0,157220.0,.,.
NWPP_biomass_2,1957,0.0,157220.0,.,.
NWPP_biomass_2,1958,0.0,157220.0,.,.
NWPP_biomass_2,1965,0.0,157220.0,.,.
NWPP_biomass_2,1966,0.0,157220.0,.,.
NWPP_biomass_2,1976,0.0,157220.0,.,.
NWPP_biomass_2,1977,0.0,157220.0,.,.
NWPP_biomass_2,1981,0.0,157220.0,.,.
NWPP_biomass_2,1982,0.0,157220.0,.,.
NWPP_biomass_2,1983,0.0,157220.0,.,.
NWPP_biomass_2,1985,0.0,157220.0,.,.
NWPP_biomass_2,1986,0.0,157220.0,.,.
NWPP_biomass_2,1987,0.0,157220.0,.,.
NWPP_biomass_2,1991,0.0,157220.0,.,.
NWPP_biomass_2,1996,0.0,157220.0,.,.
NWPP_biomass_2,1997,0.0,157220.0,.,.
NWPP_biomass_2,1999,0.0,157220.0,.,.
NWPP_biomass_2,2000,0.0,157220.0,.,.
NWPP_biomass_2,2001,0.0,157220.0,.,.
NWPP_biomass_2,2002,0.0,157220.0,.,.
NWPP_biomass_2,2003,0.0,157220.0,.,.
NWPP_biomass_2,2004,0.0,157220.0,.,.
NWPP_biomass_2,2006,0.0,157220.0,.,.
NWPP_biomass_2,2007,0.0,157220.0,.,.
NWPP_biomass_2,2011,0.0,157220.0,.,.
NWPP_biomass_2,2012,0.0,157220.0,.,.
NWPP_biomass_2,2013,0.0,157220.0,.,.
NWPP_biomass_2,2015,0.0,157220.0,.,.
NWPP_biomass_2,2020,0.0,157220.0,.,.
NWPP_biomass_2,2022,0.0,157220.0,.,.
NWPP_conventional_hydroelectric_1,1908,0.0,47048.0,.,.
NWPP_conventional_hydroelectric_1,1910,0.0,47048.0,.,.
NWPP_conventional_hydroelectric_1,1911,0.0,47048.0,.,.
NWPP_conventional_hydroelectric_1,1912,0.0,47048.0,.,.
NWPP_conventional_hydroelectric_1,1915,0.0,47048.0,.,.
NWPP_conventional_hydroelectric_1,1916,0.0,47048.0,.,.
NWPP_conventional_hydroelectric_1,1917,0.0,47048.0,.,.
NWPP_conventional_hydroelectric_1,1918,0.0,47048.0,.,.
NWPP_conventional_hydroelectric_1,1919,0.0,47048.0,.,.
NWPP_conventional_hydroelectric_1,1924,0.0,47048.0,.,.
NWPP_conventional_hydroelectric_1,1926,0.0,47048.0,.,.
NWPP_conventional_hydroelectric_1,1927,0.0,47048.0,.,.
NWPP_conventional_hydroelectric_1,1928,0.0,47048.0,.,.
NWPP_conventional_hydroelectric_1,1929,0.0,47048.0,.,.
NWPP_conventional_hydroelectric_1,1930,0.0,47048.0,.,.
NWPP_conventional_hydroelectric_1,1931,0.0,47048.0,.,.
NWPP_conventional_hydroelectric_1,1932,0.0,47048.0,.,.
NWPP_conventional_hydroelectric_1,1936,0.0,47048.0,.,.
NWPP_conventional_hydroelectric_1,1937,0.0,47048.0,.,.
NWPP_conventional_hydroelectric_1,1938,0.0,47048.0,.,.
NWPP_conventional_hydroelectric_1,1941,0.0,47048.0,.,.
NWPP_conventional_hydroelectric_1,1942,0.0,47048.0,.,.
NWPP_conventional_hydroelectric_1,1943,0.0,47048.0,.,.
NWPP_conventional_hydroelectric_1,1944,0.0,47048.0,.,.
NWPP_conventional_hydroelectric_1,1945,0.0,47048.0,.,.
NWPP_conventional_hydroelectric_1,1947,0.0,47048.0,.,.
NWPP_conventional_hydroelectric_1,1948,0.0,47048.0,.,.
NWPP_conventional_hydroelectric_1,1949,0.0,47048.0,.,.
NWPP_conventional_hydroelectric_1,1950,0.0,47048.0,.,.
NWPP_conventional_hydroelectric_1,1951,0.0,47048.0,.,.
NWPP_conventional_hydroelectric_1,1952,0.0,47048.0,.,.
NWPP_conventional_hydroelectric_1,1953,0.0,47048.0,.,.
NWPP_conventional_hydroelectric_1,1954,0.0,47048.0,.,.
NWPP_conventional_hydroelectric_1,1955,0.0,47048.0,.,.
NWPP_conventional_hydroelectric_1,1956,0.0,47048.0,.,.
NWPP_conventional_hydroelectric_1,1957,0.0,47048.0,.,.
NWPP_conventional_hydroelectric_1,1958,0.0,47048.0,.,.
NWPP_conventional_hydroelectric_1,1959,0.0,47048.0,.,.
NWPP_conventional_hydroelectric_1,1960,0.0,47048.0,.,.
NWPP_conventional_hydroelectric_1,1961,0.0,47048.0,.,.
NWPP_conventional_hydroelectric_1,1962,0.0,47048.0,.,.
NWPP_conventional_hydroelectric_1,1963,0.0,47048.0,.,.
NWPP_conventional_hydroelectric_1,1964,0.0,47048.0,.,.
NWPP_conventional_hydroelectric_1,1966,0.0,47048.0,.,.
NWPP_conventional_hydroelectric_1,1967,0.0,47048.0,.,.
NWPP_conventional_hydroelectric_1,1968,0.0,47048.0,.,.
NWPP_conventional_hydroelectric_1,1969,0.0,47048.0,.,.
NWPP_conventional_hydroelectric_1,1970,0.0,47048.0,.,.
NWPP_conventional_hydroelectric_1,1971,0.0,47048.0,.,.
NWPP_conventional_hydroelectric_1,1973,0.0,47048.0,.,.
NWPP_conventional_hydroelectric_1,1974,0.0,47048.0,.,.
NWPP_conventional_hydroelectric_1,1975,0.0,47048.0,.,.
NWPP_conventional_hydroelectric_1,1976,0.0,47048.0,.,.
NWPP_conventional_hydroelectric_1,1977,0.0,47048.0,.,.
NWPP_conventional_hydroelectric_1,1978,0.0,47048.0,.,.
NWPP_conventional_hydroelectric_1,1979,0.0,47048.0,.,.
NWPP_conventional_hydroelectric_1,1980,0.0,47048.0,.,.
NWPP_conventional_hydroelectric_1,1981,0.0,47048.0,.,.
NWPP_conventional_hydroelectric_1,1982,0.0,47048.0,.,.
NWPP_conventional_hydroelectric_1,1983,0.0,47048.0,.,.
NWPP_conventional_hydroelectric_1,1984,0.0,47048.0,.,.
NWPP_conventional_hydroelectric_1,1985,0.0,47048.0,.,.
NWPP_conventional_hydroelectric_1,1986,0.0,47048.0,.,.
NWPP_conventional_hydroelectric_1,1989,0.0,47048.0,.,.
NWPP_conventional_hydroelectric_1,1990,0.0,47048.0,.,.
NWPP_conventional_hydroelectric_1,1994,0.0,47048.0,.,.
NWPP_conventional_hydroelectric_1,2011,0.0,47048.0,.,.
NWPP_conventional_hydroelectric_1,2012,0.0,47048.0,.,.
NWPP_conventional_hydroelectric_1,2013,0.0,47048.0,.,.
NWPP_conventional_hydroelectric_1,2014,0.0,47048.0,.,.
NWPP_conventional_hydroelectric_1,2015,0.0,47048.0,.,.
NWPP_conventional_hydroelectric_1,2016,0.0,47048.0,.,.
NWPP_conventional_hydroelectric_1,2017,0.0,47048.0,.,.
NWPP_conventional_hydroelectric_1,2018,0.0,47048.0,.,.
NWPP_conventional_hydroelectric_1,2020,0.0,47048.0,.,.
NWPP_conventional_hydroelectric_1,2021,0.0,47048.0,.,.
NWPP_conventional_hydroelectric_1,2022,0.0,47048.0,.,.
NWPP_conventional_hydroelectric_1,2023,0.0,47048.0,.,.
NWPP_conventional_steam_coal_1,1960,0.0,60928.56,.,.
NWPP_conventional_steam_coal_1,1984,0.0,60928.56,.,.
NWPP_conventional_steam_coal_1,1986,0.0,60928.56,.,.
NWPP_conventional_steam_coal_1,2011,0.0,60928.56,.,.
NWPP_conventional_steam_coal_2,1990,0.0,72975.573,.,.
NWPP_conventional_steam_coal_2,2006,0.0,72975.573,.,.
NWPP_geothermal_1,2012,0.0,209101.0,.,.
NWPP_geothermal_1,2015,0.0,209101.0,.,.
NWPP_hydroelectric_pumped_storage_1,1973,0.0,47048.0,0.0,0.0
NWPP_hydroelectric_pumped_storage_1,1983,0.0,47048.0,0.0,0.0
NWPP_hydroelectric_pumped_storage_1,1984,0.0,47048.0,0.0,0.0
NWPP_nuclear_1,1984,0.0,275171.0,.,.
NWPP_onshore_wind_turbine_1,1998,0.0,30300.0,.,.
NWPP_onshore_wind_turbine_1,2001,0.0,30300.0,.,.
NWPP_onshore_wind_turbine_1,2002,0.0,30300.0,.,.
NWPP_onshore_wind_turbine_1,2003,0.0,30300.0,.,.
NWPP_onshore_wind_turbine_1,2005,0.0,30300.0,.,.
NWPP_onshore_wind_turbine_1,2006,0.0,30300.0,.,.
NWPP_onshore_wind_turbine_1,2007,0.0,30300.0,.,.
NWPP_onshore_wind_turbine_1,2008,0.0,30300.0,.,.
NWPP_onshore_wind_turbine_1,2009,0.0,30300.0,.,.
NWPP_onshore_wind_turbine_1,2010,0.0,30300.0,.,.
NWPP_onshore_wind_turbine_1,2011,0.0,30300.0,.,.
NWPP_onshore_wind_turbine_1,2012,0.0,30300.0,.,.
NWPP_onshore_wind_turbine_1,2014,0.0,30300.0,.,.
NWPP_onshore_wind_turbine_1,2016,0.0,30300.0,.,.
NWPP_onshore_wind_turbine_1,2017,0.0,30300.0,.,.
NWPP_onshore_wind_turbine_1,2018,0.0,30300.0,.,.
NWPP_onshore_wind_turbine_1,2019,0.0,30300.0,.,.
NWPP_onshore_wind_turbine_1,2020,0.0,30300.0,.,.
NWPP_onshore_wind_turbine_1,2021,0.0,30300.0,.,.
NWPP_onshore_wind_turbine_1,2022,0.0,30300.0,.,.
NWPP_onshore_wind_turbine_1,2024,0.0,30300.0,.,.
NWPP_onshore_wind_turbine_1,2025,0.0,30300.0,.,.
NWPP_petroleum_liquids_1,1969,0.0,24000.0,.,.
NWPP_petroleum_liquids_1,1993,0.0,24000.0,.,.
NWPP_petroleum_liquids_1,1994,0.0,24000.0,.,.
NWPP_petroleum_liquids_1,2003,0.0,24000.0,.,.
NWPP_petroleum_liquids_1,2005,0.0,24000.0,.,.
NWPP_petroleum_liquids_1,2009,0.0,24000.0,.,.
NWPP_petroleum_liquids_1,2022,0.0,24000.0,.,.
NWPP_small_hydroelectric_1,1898,0.0,47048.0,.,.
NWPP_small_hydroelectric_1,1903,0.0,47048.0,.,.
NWPP_small_hydroelectric_1,1904,0.0,47048.0,.,.
NWPP_small_hydroelectric_1,1906,0.0,47048.0,.,.
NWPP_small_hydroelectric_1,1907,0.0,47048.0,.,.
NWPP_small_hydroelectric_1,1908,0.0,47048.0,.,.
NWPP_small_hydroelectric_1,1910,0.0,47048.0,.,.
NWPP_small_hydroelectric_1,1911,0.0,47048.0,.,.
NWPP_small_hydroelectric_1,1912,0.0,47048.0,.,.
NWPP_small_hydroelectric_1,1913,0.0,47048.0,.,.
NWPP_small_hydroelectric_1,1915,0.0,47048.0,.,.
NWPP_small_hydroelectric_1,1916,0.0,47048.0,.,.
NWPP_small_hydroelectric_1,1917,0.0,47048.0,.,.
NWPP_small_hydroelectric_1,1918,0.0,47048.0,.,.
NWPP_small_hydroelectric_1,1921,0.0,47048.0,.,.
NWPP_small_hydroelectric_1,1922,0.0,47048.0,.,.
NWPP_small_hydroelectric_1,1923,0.0,47048.0,.,.
NWPP_small_hydroelectric_1,1924,0.0,47048.0,.,.
NWPP_small_hydroelectric_1,1925,0.0,47048.0,.,.
NWPP_small_hydroelectric_1,1926,0.0,47048.0,.,.
NWPP_small_hydroelectric_1,1927,0.0,47048.0,.,.
NWPP_small_hydroelectric_1,1928,0.0,47048.0,.,.
NWPP_small_hydroelectric_1,1929,0.0,47048.0,.,.
NWPP_small_hydroelectric_1,1930,0.0,47048.0,.,.
NWPP_small_hydroelectric_1,1932,0.0,47048.0,.,.
NWPP_small_hydroelectric_1,1936,0.0,47048.0,.,.
NWPP_small_hydroelectric_1,1941,0.0,47048.0,.,.
NWPP_small_hydroelectric_1,1944,0.0,47048.0,.,.
NWPP_small_hydroelectric_1,1949,0.0,47048.0,.,.
NWPP_small_hydroelectric_1,1950,0.0,47048.0,.,.
NWPP_small_hydroelectric_1,1951,0.0,47048.0,.,.
NWPP_small_hydroelectric_1,1952,0.0,47048.0,.,.
NWPP_small_hydroelectric_1,1953,0.0,47048.0,.,.
NWPP_small_hydroelectric_1,1954,0.0,47048.0,.,.
NWPP_small_hydroelectric_1,1955,0.0,47048.0,.,.
NWPP_small_hydroelectric_1,1956,0.0,47048.0,.,.
NWPP_small_hydroelectric_1,1957,0.0,47048.0,.,.
NWPP_small_hydroelectric_1,1958,0.0,47048.0,.,.
NWPP_small_hydroelectric_1,1960,0.0,47048.0,.,.
NWPP_small_hydroelectric_1,1962,0.0,47048.0,.,.
NWPP_small_hydroelectric_1,1964,0.0,47048.0,.,.
NWPP_small_hydroelectric_1,1968,0.0,47048.0,.,.
NWPP_small_hydroelectric_1,1982,0.0,47048.0,.,.
NWPP_small_hydroelectric_1,1983,0.0,47048.0,.,.
NWPP_small_hydroelectric_1,1984,0.0,47048.0,.,.
NWPP_small_hydroelectric_1,1985,0.0,47048.0,.,.
NWPP_small_hydroelectric_1,1986,0.0,47048.0,.,.
NWPP_small_hydroelectric_1,1987,0.0,47048.0,.,.
NWPP_small_hydroelectric_1,1988,0.0,47048.0,.,.
NWPP_small_hydroelectric_1,1989,0.0,47048.0,.,.
NWPP_small_hydroelectric_1,1990,0.0,47048.0,.,.
NWPP_small_hydroelectric_1,1991,0.0,47048.0,.,.
NWPP_small_hydroelectric_1,1992,0.0,47048.0,.,.
NWPP_small_hydroelectric_1,1993,0.0,47048.0,.,.
NWPP_small_hydroelectric_1,1994,0.0,47048.0,.,.
NWPP_small_hydroelectric_1,1995,0.0,47048.0,.,.
NWPP_small_hydroelectric_1,1997,0.0,47048.0,.,.
NWPP_small_hydroelectric_1,2004,0.0,47048.0,.,.
NWPP_small_hydroelectric_1,2006,0.0,47048.0,.,.
NWPP_small_hydroelectric_1,2010,0.0,47048.0,.,.
NWPP_small_hydroelectric_1,2011,0.0,47048.0,.,.
NWPP_small_hydroelectric_1,2012,0.0,47048.0,.,.
NWPP_small_hydroelectric_1,2013,0.0,47048.0,.,.
NWPP_small_hydroelectric_1,2014,0.0,47048.0,.,.
NWPP_small_hydroelectric_1,2015,0.0,47048.0,.,.
NWPP_small_hydroelectric_1,2018,0.0,47048.0,.,.
NWPP_small_hydroelectric_1,2019,0.0,47048.0,.,.
NWPP_solar_photovoltaic_1,2007,0.0,22528.0,.,.
NWPP_solar_photovoltaic_1,2011,0.0,22528.0,.,.
NWPP_solar_photovoltaic_1,2012,0.0,22528.0,.,.
NWPP_solar_photovoltaic_1,2014,0.0,22528.0,.,.
NWPP_solar_photovoltaic_1,2015,0.0,22528.0,.,.
NWPP_solar_photovoltaic_1,2016,0.0,22528.0,.,.
NWPP_solar_photovoltaic_1,2017,0.0,22528.0,.,.
NWPP_solar_photovoltaic_1,2018,0.0,22528.0,.,.
NWPP_solar_photovoltaic_1,2019,0.0,22528.0,.,.
NWPP_solar_photovoltaic_1,2020,0.0,22528.0,.,.
NWPP_solar_photovoltaic_1,2021,0.0,22528.0,.,.
NWPP_solar_photovoltaic_1,2022,0.0,22528.0,.,.
NWPP_solar_photovoltaic_1,2023,0.0,22528.0,.,.
NWPP_solar_photovoltaic_1,2024,0.0,22528.0,.,.
NYCW_batteries_1,1970,0.0,7476.0,0.0,0.0
NYCW_batteries_1,1998,0.0,7476.0,0.0,0.0
NYCW_batteries_1,2018,0.0,7476.0,0.0,0.0
NYCW_batteries_1,2019,0.0,7476.0,0.0,0.0
NYCW_batteries_1,2021,0.0,7476.0,0.0,0.0
NYCW_batteries_1,2023,0.0,7476.0,0.0,0.0
NYCW_batteries_1,2024,0.0,7476.0,0.0,0.0
NYCW_biomass_1,1979,0.0,157220.0,.,.
NYCW_biomass_1,1980,0.0,157220.0,.,.
NYCW_biomass_2,1979,0.0,157220.0,.,.
NYCW_biomass_2,1981,0.0,157220.0,.,.
NYCW_biomass_2,2013,0.0,157220.0,.,.
NYCW_petroleum_liquids_1,1949,0.0,24000.0,.,.
NYCW_petroleum_liquids_1,1954,0.0,24000.0,.,.
NYCW_petroleum_liquids_1,1957,0.0,24000.0,.,.
NYCW_petroleum_liquids_1,1962,0.0,24000.0,.,.
NYCW_petroleum_liquids_1,1963,0.0,24000.0,.,.
NYCW_petroleum_liquids_1,1964,0.0,24000.0,.,.
NYCW_petroleum_liquids_1,1965,0.0,24000.0,.,.
NYCW_petroleum_liquids_1,1966,0.0,24000.0,.,.
NYCW_petroleum_liquids_1,1967,0.0,24000.0,.,.
NYCW_petroleum_liquids_1,1968,0.0,24000.0,.,.
NYCW_petroleum_liquids_1,1970,0.0,24000.0,.,.
NYCW_petroleum_liquids_1,1971,0.0,24000.0,.,.
NYCW_petroleum_liquids_1,1972,0.0,24000.0,.,.
NYCW_petroleum_liquids_1,1973,0.0,24000.0,.,.
NYCW_petroleum_liquids_1,1974,0.0,24000.0,.,.
NYCW_petroleum_liquids_1,1975,0.0,24000.0,.,.
NYCW_petroleum_liquids_1,1976,0.0,24000.0,.,.
NYCW_petroleum_liquids_1,1978,0.0,24000.0,.,.
NYCW_petroleum_liquids_1,1983,0.0,24000.0,.,.
NYCW_petroleum_liquids_1,1986,0.0,24000.0,.,.
NYCW_petroleum_liquids_1,1988,0.0,24000.0,.,.
NYCW_petroleum_liquids_1,1989,0.0,24000.0,.,.
NYCW_petroleum_liquids_1,1990,0.0,24000.0,.,.
NYCW_petroleum_liquids_1,1992,0.0,24000.0,.,.
NYCW_petroleum_liquids_1,1993,0.0,24000.0,.,.
NYCW_petroleum_liquids_1,1994,0.0,24000.0,.,.
NYCW_petroleum_liquids_1,1995,0.0,24000.0,.,.
NYCW_petroleum_liquids_1,1996,0.0,24000.0,.,.
NYCW_petroleum_liquids_1,1997,0.0,24000.0,.,.
NYCW_petroleum_liquids_1,1998,0.0,24000.0,.,.
NYCW_petroleum_liquids_1,1999,0.0,24000.0,.,.
NYCW_petroleum_liquids_1,2000,0.0,24000.0,.,.
NYCW_petroleum_liquids_1,2001,0.0,24000.0,.,.
NYCW_petroleum_liquids_1,2002,0.0,24000.0,.,.
NYCW_petroleum_liquids_1,2003,0.0,24000.0,.,.
NYCW_petroleum_liquids_1,2004,0.0,24000.0,.,.
NYCW_petroleum_liquids_1,2005,0.0,24000.0,.,.
NYCW_petroleum_liquids_1,2006,0.0,24000.0,.,.
NYCW_petroleum_liquids_1,2007,0.0,24000.0,.,.
NYCW_petroleum_liquids_1,2008,0.0,24000.0,.,.
NYCW_petroleum_liquids_1,2010,0.0,24000.0,.,.
NYCW_petroleum_liquids_1,2011,0.0,24000.0,.,.
NYCW_petroleum_liquids_1,2012,0.0,24000.0,.,.
NYCW_petroleum_liquids_1,2014,0.0,24000.0,.,.
NYCW_petroleum_liquids_1,2015,0.0,24000.0,.,.
NYCW_petroleum_liquids_1,2016,0.0,24000.0,.,.
NYCW_petroleum_liquids_1,2017,0.0,24000.0,.,.
NYCW_petroleum_liquids_1,2018,0.0,24000.0,.,.
NYCW_petroleum_liquids_1,2019,0.0,24000.0,.,.
NYCW_petroleum_liquids_1,2020,0.0,24000.0,.,.
NYCW_petroleum_liquids_1,2022,0.0,24000.0,.,.
NYCW_petroleum_liquids_1,2023,0.0,24000.0,.,.
NYCW_solar_photovoltaic_1,2011,0.0,22528.0,.,.
NYCW_solar_photovoltaic_1,2012,0.0,22528.0,.,.
NYCW_solar_photovoltaic_1,2015,0.0,22528.0,.,.
NYCW_solar_photovoltaic_1,2016,0.0,22528.0,.,.
NYCW_solar_photovoltaic_1,2017,0.0,22528.0,.,.
NYCW_solar_photovoltaic_1,2018,0.0,22528.0,.,.
NYCW_solar_photovoltaic_1,2019,0.0,22528.0,.,.
NYCW_solar_photovoltaic_1,2021,0.0,22528.0,.,.
NYCW_solar_photovoltaic_1,2022,0.0,22528.0,.,.
NYUP_batteries_1,2017,0.0,7476.0,0.0,0.0
NYUP_batteries_1,2018,0.0,7476.0,0.0,0.0
NYUP_batteries_1,2019,0.0,7476.0,0.0,0.0
NYUP_batteries_1,2020,0.0,7476.0,0.0,0.0
NYUP_batteries_1,2021,0.0,7476.0,0.0,0.0
NYUP_batteries_1,2022,0.0,7476.0,0.0,0.0
NYUP_batteries_1,2023,0.0,7476.0,0.0,0.0
NYUP_biomass_1,1970,0.0,157220.0,.,.
NYUP_biomass_1,1974,0.0,157220.0,.,.
NYUP_biomass_1,1976,0.0,157220.0,.,.
NYUP_biomass_1,1977,0.0,157220.0,.,.
NYUP_biomass_1,1981,0.0,157220.0,.,.
NYUP_biomass_1,1986,0.0,157220.0,.,.
NYUP_biomass_1,1987,0.0,157220.0,.,.
NYUP_biomass_1,1988,0.0,157220.0,.,.
NYUP_biomass_1,1991,0.0,157220.0,.,.
NYUP_biomass_1,1993,0.0,157220.0,.,.
NYUP_biomass_1,1995,0.0,157220.0,.,.
NYUP_biomass_1,1996,0.0,157220.0,.,.
NYUP_biomass_1,1997,0.0,157220.0,.,.
NYUP_biomass_1,1998,0.0,157220.0,.,.
NYUP_biomass_1,1999,0.0,157220.0,.,.
NYUP_biomass_1,2000,0.0,157220.0,.,.
NYUP_biomass_1,2001,0.0,157220.0,.,.
NYUP_biomass_1,2002,0.0,157220.0,.,.
NYUP_biomass_1,2003,0.0,157220.0,.,.
NYUP_biomass_1,2006,0.0,157220.0,.,.
NYUP_biomass_1,2011,0.0,157220.0,.,.
NYUP_biomass_1,2024,0.0,157220.0,.,.
NYUP_biomass_2,1974,0.0,157220.0,.,.
NYUP_biomass_2,1981,0.0,157220.0,.,.
NYUP_biomass_2,1984,0.0,157220.0,.,.
NYUP_biomass_2,1989,0.0,157220.0,.,.
NYUP_conventional_hydroelectric_1,1915,0.0,47048.0,.,.
NYUP_conventional_hydroelectric_1,1918,0.0,47048.0,.,.
NYUP_conventional_hydroelectric_1,1921,0.0,47048.0,.,.
NYUP_conventional_hydroelectric_1,1922,0.0,47048.0,.,.
NYUP_conventional_hydroelectric_1,1923,0.0,47048.0,.,.
NYUP_conventional_hydroelectric_1,1924,0.0,47048.0,.,.
NYUP_conventional_hydroelectric_1,1927,0.0,47048.0,.,.
NYUP_conventional_hydroelectric_1,1928,0.0,47048.0,.,.
NYUP_conventional_hydroelectric_1,1930,0.0,47048.0,.,.
NYUP_conventional_hydroelectric_1,1949,0.0,47048.0,.,.
NYUP_conventional_hydroelectric_1,1952,0.0,47048.0,.,.
NYUP_conventional_hydroelectric_1,1958,0.0,47048.0,.,.
NYUP_conventional_hydroelectric_1,1959,0.0,47048.0,.,.
NYUP_conventional_hydroelectric_1,1960,0.0,47048.0,.,.
NYUP_conventional_hydroelectric_1,1961,0.0,47048.0,.,.
NYUP_conventional_hydroelectric_1,1962,0.0,47048.0,.,.
NYUP_conventional_hydroelectric_1,1984,0.0,47048.0,.,.
NYUP_conventional_hydroelectric_1,1985,0.0,47048.0,.,.
NYUP_conventional_hydroelectric_1,1986,0.0,47048.0,.,.
NYUP_conventional_hydroelectric_1,1987,0.0,47048.0,.,.
NYUP_conventional_hydroelectric_1,1995,0.0,47048.0,.,.
NYUP_conventional_hydroelectric_1,1999,0.0,47048.0,.,.
NYUP_conventional_hydroelectric_1,2009,0.0,47048.0,.,.
NYUP_conventional_hydroelectric_1,2013,0.0,47048.0,.,.
NYUP_hydroelectric_pumped_storage_1,1961,0.0,47048.0,0.0,0.0
NYUP_hydroelectric_pumped_storage_1,1962,0.0,47048.0,0.0,0.0
NYUP_hydroelectric_pumped_storage_1,1973,0.0,47048.0,0.0,0.0
NYUP_nuclear_1,1969,0.0,257745.105,.,.
NYUP_nuclear_1,1970,0.0,257745.105,.,.
NYUP_nuclear_1,1976,0.0,257745.105,.,.
NYUP_nuclear_1,1987,0.0,257745.105,.,.
NYUP_onshore_wind_turbine_1,2000,0.0,30300.0,.,.
NYUP_onshore_wind_turbine_1,2001,0.0,30300.0,.,.
NYUP_onshore_wind_turbine_1,2005,0.0,30300.0,.,.
NYUP_onshore_wind_turbine_1,2006,0.0,30300.0,.,.
NYUP_onshore_wind_turbine_1,2007,0.0,30300.0,.,.
NYUP_onshore_wind_turbine_1,2008,0.0,30300.0,.,.
NYUP_onshore_wind_turbine_1,2009,0.0,30300.0,.,.
NYUP_onshore_wind_turbine_1,2011,0.0,30300.0,.,.
NYUP_onshore_wind_turbine_1,2012,0.0,30300.0,.,.
NYUP_onshore_wind_turbine_1,2013,0.0,30300.0,.,.
NYUP_onshore_wind_turbine_1,2014,0.0,30300.0,.,.
NYUP_onshore_wind_turbine_1,2016,0.0,30300.0,.,.
NYUP_onshore_wind_turbine_1,2017,0.0,30300.0,.,.
NYUP_onshore_wind_turbine_1,2018,0.0,30300.0,.,.
NYUP_onshore_wind_turbine_1,2021,0.0,30300.0,.,.
NYUP_onshore_wind_turbine_1,2023,0.0,30300.0,.,.
NYUP_onshore_wind_turbine_1,2024,0.0,30300.0,.,.
NYUP_onshore_wind_turbine_1,2025,0.0,30300.0,.,.
NYUP_onshore_wind_turbine_1,2026,0.0,30300.0,.,.
NYUP_petroleum_liquids_1,1960,0.0,24000.0,.,.
NYUP_petroleum_liquids_1,1967,0.0,24000.0,.,.
NYUP_petroleum_liquids_1,1968,0.0,24000.0,.,.
NYUP_petroleum_liquids_1,1970,0.0,24000.0,.,.
NYUP_petroleum_liquids_1,1971,0.0,24000.0,.,.
NYUP_petroleum_liquids_1,1974,0.0,24000.0,.,.
NYUP_petroleum_liquids_1,1975,0.0,24000.0,.,.
NYUP_petroleum_liquids_1,1978,0.0,24000.0,.,.
NYUP_petroleum_liquids_1,1979,0.0,24000.0,.,.
NYUP_petroleum_liquids_1,1980,0.0,24000.0,.,.
NYUP_petroleum_liquids_1,1981,0.0,24000.0,.,.
NYUP_petroleum_liquids_1,1991,0.0,24000.0,.,.
NYUP_petroleum_liquids_1,1992,0.0,24000.0,.,.
NYUP_petroleum_liquids_1,1993,0.0,24000.0,.,.
NYUP_petroleum_liquids_1,1995,0.0,24000.0,.,.
NYUP_petroleum_liquids_1,1996,0.0,24000.0,.,.
NYUP_petroleum_liquids_1,1998,0.0,24000.0,.,.
NYUP_petroleum_liquids_1,2000,0.0,24000.0,.,.
NYUP_petroleum_liquids_1,2001,0.0,24000.0,.,.
NYUP_petroleum_liquids_1,2002,0.0,24000.0,.,.
NYUP_petroleum_liquids_1,2003,0.0,24000.0,.,.
NYUP_petroleum_liquids_1,2004,0.0,24000.0,.,.
NYUP_petroleum_liquids_1,2006,0.0,24000.0,.,.
NYUP_petroleum_liquids_1,2009,0.0,24000.0,.,.
NYUP_petroleum_liquids_1,2010,0.0,24000.0,.,.
NYUP_petroleum_liquids_1,2012,0.0,24000.0,.,.
NYUP_petroleum_liquids_1,2013,0.0,24000.0,.,.
NYUP_petroleum_liquids_1,2015,0.0,24000.0,.,.
NYUP_petroleum_liquids_1,2016,0.0,24000.0,.,.
NYUP_petroleum_liquids_1,2017,0.0,24000.0,.,.
NYUP_petroleum_liquids_1,2018,0.0,24000.0,.,.
NYUP_petroleum_liquids_1,2019,0.0,24000.0,.,.
NYUP_petroleum_liquids_1,2020,0.0,24000.0,.,.
NYUP_petroleum_liquids_1,2021,0.0,24000.0,.,.
NYUP_petroleum_liquids_1,2022,0.0,24000.0,.,.
NYUP_small_hydroelectric_1,1902,0.0,47048.0,.,.
NYUP_small_hydroelectric_1,1903,0.0,47048.0,.,.
NYUP_small_hydroelectric_1,1907,0.0,47048.0,.,.
NYUP_small_hydroelectric_1,1908,0.0,47048.0,.,.
NYUP_small_hydroelectric_1,1909,0.0,47048.0,.,.
NYUP_small_hydroelectric_1,1910,0.0,47048.0,.,.
NYUP_small_hydroelectric_1,1911,0.0,47048.0,.,.
NYUP_small_hydroelectric_1,1912,0.0,47048.0,.,.
NYUP_small_hydroelectric_1,1913,0.0,47048.0,.,.
NYUP_small_hydroelectric_1,1914,0.0,47048.0,.,.
NYUP_small_hydroelectric_1,1915,0.0,47048.0,.,.
NYUP_small_hydroelectric_1,1916,0.0,47048.0,.,.
NYUP_small_hydroelectric_1,1917,0.0,47048.0,.,.
NYUP_small_hydroelectric_1,1918,0.0,47048.0,.,.
NYUP_small_hydroelectric_1,1919,0.0,47048.0,.,.
NYUP_small_hydroelectric_1,1920,0.0,47048.0,.,.
NYUP_small_hydroelectric_1,1921,0.0,47048.0,.,.
NYUP_small_hydroelectric_1,1922,0.0,47048.0,.,.
NYUP_small_hydroelectric_1,1923,0.0,47048.0,.,.
NYUP_small_hydroelectric_1,1924,0.0,47048.0,.,.
NYUP_small_hydroelectric_1,1925,0.0,47048.0,.,.
NYUP_small_hydroelectric_1,1926,0.0,47048.0,.,.
NYUP_small_hydroelectric_1,1927,0.0,47048.0,.,.
NYUP_small_hydroelectric_1,1928,0.0,47048.0,.,.
NYUP_small_hydroelectric_1,1929,0.0,47048.0,.,.
NYUP_small_hydroelectric_1,1930,0.0,47048.0,.,.
NYUP_small_hydroelectric_1,1931,0.0,47048.0,.,.
NYUP_small_hydroelectric_1,1932,0.0,47048.0,.,.
NYUP_small_hydroelectric_1,1939,0.0,47048.0,.,.
NYUP_small_hydroelectric_1,1940,0.0,47048.0,.,.
NYUP_small_hydroelectric_1,1942,0.0,47048.0,.,.
NYUP_small_hydroelectric_1,1943,0.0,47048.0,.,.
NYUP_small_hydroelectric_1,1944,0.0,47048.0,.,.
NYUP_small_hydroelectric_1,1948,0.0,47048.0,.,.
NYUP_small_hydroelectric_1,1949,0.0,47048.0,.,.
NYUP_small_hydroelectric_1,1950,0.0,47048.0,.,.
NYUP_small_hydroelectric_1,1952,0.0,47048.0,.,.
NYUP_small_hydroelectric_1,1953,0.0,47048.0,.,.
NYUP_small_hydroelectric_1,1954,0.0,47048.0,.,.
NYUP_small_hydroelectric_1,1955,0.0,47048.0,.,.
NYUP_small_hydroelectric_1,1956,0.0,47048.0,.,.
NYUP_small_hydroelectric_1,1957,0.0,47048.0,.,.
NYUP_small_hydroelectric_1,1958,0.0,47048.0,.,.
NYUP_small_hydroelectric_1,1959,0.0,47048.0,.,.
NYUP_small_hydroelectric_1,1963,0.0,47048.0,.,.
NYUP_small_hydroelectric_1,1965,0.0,47048.0,.,.
NYUP_small_hydroelectric_1,1966,0.0,47048.0,.,.
NYUP_small_hydroelectric_1,1971,0.0,47048.0,.,.
NYUP_small_hydroelectric_1,1974,0.0,47048.0,.,.
NYUP_small_hydroelectric_1,1979,0.0,47048.0,.,.
NYUP_small_hydroelectric_1,1980,0.0,47048.0,.,.
NYUP_small_hydroelectric_1,1981,0.0,47048.0,.,.
NYUP_small_hydroelectric_1,1982,0.0,47048.0,.,.
NYUP_small_hydroelectric_1,1983,0.0,47048.0,.,.
NYUP_small_hydroelectric_1,1984,0.0,47048.0,.,.
NYUP_small_hydroelectric_1,1985,0.0,47048.0,.,.
NYUP_small_hydroelectric_1,1986,0.0,47048.0,.,.
NYUP_small_hydroelectric_1,1987,0.0,47048.0,.,.
NYUP_small_hydroelectric_1,1988,0.0,47048.0,.,.
NYUP_small_hydroelectric_1,1989,0.0,47048.0,.,.
NYUP_small_hydroelectric_1,1990,0.0,47048.0,.,.
NYUP_small_hydroelectric_1,1991,0.0,47048.0,.,.
NYUP_small_hydroelectric_1,1992,0.0,47048.0,.,.
NYUP_small_hydroelectric_1,1993,0.0,47048.0,.,.
NYUP_small_hydroelectric_1,1994,0.0,47048.0,.,.
NYUP_small_hydroelectric_1,2002,0.0,47048.0,.,.
NYUP_small_hydroelectric_1,2003,0.0,47048.0,.,.
NYUP_small_hydroelectric_1,2008,0.0,47048.0,.,.
NYUP_small_hydroelectric_1,2011,0.0,47048.0,.,.
NYUP_small_hydroelectric_1,2012,0.0,47048.0,.,.
NYUP_small_hydroelectric_1,2013,0.0,47048.0,.,.
NYUP_small_hydroelectric_1,2019,0.0,47048.0,.,.
NYUP_small_hydroelectric_1,2022,0.0,47048.0,.,.
NYUP_solar_photovoltaic_1,2013,0.0,22528.0,.,.
NYUP_solar_photovoltaic_1,2014,0.0,22528.0,.,.
NYUP_solar_photovoltaic_1,2015,0.0,22528.0,.,.
NYUP_solar_photovoltaic_1,2016,0.0,22528.0,.,.
NYUP_solar_photovoltaic_1,2017,0.0,22528.0,.,.
NYUP_solar_photovoltaic_1,2018,0.0,22528.0,.,.
NYUP_solar_photovoltaic_1,2019,0.0,22528.0,.,.
NYUP_solar_photovoltaic_1,2020,0.0,22528.0,.,.
NYUP_solar_photovoltaic_1,2021,0.0,22528.0,.,.
NYUP_solar_photovoltaic_1,2022,0.0,22528.0,.,.
NYUP_solar_photovoltaic_1,2023,0.0,22528.0,.,.
NYUP_solar_photovoltaic_1,2024,0.0,22528.0,.,.
NYUP_solar_photovoltaic_1,2025,0.0,22528.0,.,.
PJMC_batteries_1,2013,0.0,7476.0,0.0,0.0
PJMC_batteries_1,2014,0.0,7476.0,0.0,0.0
PJMC_batteries_1,2015,0.0,7476.0,0.0,0.0
PJMC_batteries_1,2016,0.0,7476.0,0.0,0.0
PJMC_batteries_1,2018,0.0,7476.0,0.0,0.0
PJMC_biomass_1,1978,0.0,157220.0,.,.
PJMC_biomass_1,1979,0.0,157220.0,.,.
PJMC_biomass_1,1983,0.0,157220.0,.,.
PJMC_biomass_1,1986,0.0,157220.0,.,.
PJMC_biomass_1,1988,0.0,157220.0,.,.
PJMC_biomass_1,1996,0.0,157220.0,.,.
PJMC_biomass_1,1998,0.0,157220.0,.,.
PJMC_biomass_2,1982,0.0,157220.0,.,.
PJMC_biomass_2,1989,0.0,157220.0,.,.
PJMC_biomass_2,1990,0.0,157220.0,.,.
PJMC_biomass_2,2000,0.0,157220.0,.,.
PJMC_biomass_2,2001,0.0,157220.0,.,.
PJMC_biomass_2,2010,0.0,157220.0,.,.
PJMC_conventional_hydroelectric_1,1991,0.0,47048.0,.,.
PJMC_conventional_hydroelectric_1,2025,0.0,47048.0,.,.
PJMC_conventional_steam_coal_1,1972,0.0,57149.5,.,.
PJMC_conventional_steam_coal_1,1975,0.0,57149.5,.,.
PJMC_conventional_steam_coal_2,1962,0.0,60946.5,.,.
PJMC_nuclear_1,1970,0.0,193275.0,.,.
PJMC_nuclear_1,1971,0.0,193275.0,.,.
PJMC_nuclear_1,1972,0.0,193275.0,.,.
PJMC_nuclear_1,1984,0.0,193275.0,.,.
PJMC_nuclear_1,1985,0.0,193275.0,.,.
PJMC_nuclear_1,1987,0.0,193275.0,.,.
PJMC_nuclear_1,1988,0.0,193275.0,.,.
PJMC_onshore_wind_turbine_1,2003,0.0,30300.0,.,.
PJMC_onshore_wind_turbine_1,2007,0.0,30300.0,.,.
PJMC_onshore_wind_turbine_1,2008,0.0,30300.0,.,.
PJMC_onshore_wind_turbine_1,2009,0.0,30300.0,.,.
PJMC_onshore_wind_turbine_1,2010,0.0,30300.0,.,.
PJMC_onshore_wind_turbine_1,2011,0.0,30300.0,.,.
PJMC_onshore_wind_turbine_1,2012,0.0,30300.0,.,.
PJMC_onshore_wind_turbine_1,2015,0.0,30300.0,.,.
PJMC_onshore_wind_turbine_1,2018,0.0,30300.0,.,.
PJMC_onshore_wind_turbine_1,2019,0.0,30300.0,.,.
PJMC_onshore_wind_turbine_1,2020,0.0,30300.0,.,.
PJMC_onshore_wind_turbine_1,2021,0.0,30300.0,.,.
PJMC_onshore_wind_turbine_1,2023,0.0,30300.0,.,.
PJMC_petroleum_liquids_1,1940,0.0,24000.0,.,.
PJMC_petroleum_liquids_1,1946,0.0,24000.0,.,.
PJMC_petroleum_liquids_1,1949,0.0,24000.0,.,.
PJMC_petroleum_liquids_1,1968,0.0,24000.0,.,.
PJMC_petroleum_liquids_1,1979,0.0,24000.0,.,.
PJMC_petroleum_liquids_1,1993,0.0,24000.0,.,.
PJMC_petroleum_liquids_1,2000,0.0,24000.0,.,.
PJMC_petroleum_liquids_1,2001,0.0,24000.0,.,.
PJMC_petroleum_liquids_1,2002,0.0,24000.0,.,.
PJMC_petroleum_liquids_1,2006,0.0,24000.0,.,.
PJMC_petroleum_liquids_1,2010,0.0,24000.0,.,.
PJMC_petroleum_liquids_1,2011,0.0,24000.0,.,.
PJMC_petroleum_liquids_1,2014,0.0,24000.0,.,.
PJMC_petroleum_liquids_1,2016,0.0,24000.0,.,.
PJMC_small_hydroelectric_1,1925,0.0,47048.0,.,.
PJMC_small_hydroelectric_1,1929,0.0,47048.0,.,.
PJMC_small_hydroelectric_1,1988,0.0,47048.0,.,.
PJMC_small_hydroelectric_1,1991,0.0,47048.0,.,.
PJMC_small_hydroelectric_1,1996,0.0,47048.0,.,.
PJMC_small_hydroelectric_1,1999,0.0,47048.0,.,.
PJMC_small_hydroelectric_1,2001,0.0,47048.0,.,.
PJMC_solar_photovoltaic_1,2009,0.0,22528.0,.,.
PJMC_solar_photovoltaic_1,2012,0.0,22528.0,.,.
PJMC_solar_photovoltaic_1,2014,0.0,22528.0,.,.
PJMC_solar_photovoltaic_1,2017,0.0,22528.0,.,.
PJMC_solar_photovoltaic_1,2019,0.0,22528.0,.,.
PJMC_solar_photovoltaic_1,2020,0.0,22528.0,.,.
PJMC_solar_photovoltaic_1,2021,0.0,22528.0,.,.
PJMC_solar_photovoltaic_1,2022,0.0,22528.0,.,.
PJMC_solar_photovoltaic_1,2023,0.0,22528.0,.,.
PJMC_solar_photovoltaic_1,2024,0.0,22528.0,.,.
PJMD_batteries_1,2021,0.0,7476.0,0.0,0.0
PJMD_batteries_1,2022,0.0,7476.0,0.0,0.0
PJMD_batteries_1,2023,0.0,7476.0,0.0,0.0
PJMD_biomass_1,1954,0.0,157220.0,.,.
PJMD_biomass_1,1960,0.0,157220.0,.,.
PJMD_biomass_1,1966,0.0,157220.0,.,.
PJMD_biomass_1,1968,0.0,157220.0,.,.
PJMD_biomass_1,1969,0.0,157220.0,.,.
PJMD_biomass_1,1976,0.0,157220.0,.,.
PJMD_biomass_1,1977,0.0,157220.0,.,.
PJMD_biomass_1,1978,0.0,157220.0,.,.
PJMD_biomass_1,1980,0.0,157220.0,.,.
PJMD_biomass_1,1983,0.0,157220.0,.,.
PJMD_biomass_1,1985,0.0,157220.0,.,.
PJMD_biomass_1,1988,0.0,157220.0,.,.
PJMD_biomass_1,1991,0.0,157220.0,.,.
PJMD_biomass_1,1993,0.0,157220.0,.,.
PJMD_biomass_1,1994,0.0,157220.0,.,.
PJMD_biomass_1,1997,0.0,157220.0,.,.
PJMD_biomass_1,1998,0.0,157220.0,.,.
PJMD_biomass_1,1999,0.0,157220.0,.,.
PJMD_biomass_1,2000,0.0,157220.0,.,.
PJMD_biomass_1,2002,0.0,157220.0,.,.
PJMD_biomass_1,2003,0.0,157220.0,.,.
PJMD_biomass_1,2012,0.0,157220.0,.,.
PJMD_biomass_1,2013,0.0,157220.0,.,.
PJMD_biomass_2,1977,0.0,157220.0,.,.
PJMD_biomass_2,1978,0.0,157220.0,.,.
PJMD_biomass_2,1980,0.0,157220.0,.,.
PJMD_biomass_2,1991,0.0,157220.0,.,.
PJMD_biomass_2,2000,0.0,157220.0,.,.
PJMD_biomass_2,2001,0.0,157220.0,.,.
PJMD_conventional_hydroelectric_1,1903,0.0,47048.0,.,.
PJMD_conventional_hydroelectric_1,1920,0.0,47048.0,.,.
PJMD_conventional_hydroelectric_1,1952,0.0,47048.0,.,.
PJMD_conventional_hydroelectric_1,1953,0.0,47048.0,.,.
PJMD_conventional_hydroelectric_1,1955,0.0,47048.0,.,.
PJMD_conventional_hydroelectric_1,1963,0.0,47048.0,.,.
PJMD_conventional_hydroelectric_1,1983,0.0,47048.0,.,.
PJMD_conventional_hydroelectric_1,2008,0.0,47048.0,.,.
PJMD_conventional_steam_coal_1,1951,0.0,77180.5,.,.
PJMD_conventional_steam_coal_1,1989,0.0,77180.5,.,.
PJMD_conventional_steam_coal_2,1995,0.0,63028.877,.,.
PJMD_conventional_steam_coal_2,1996,0.0,63028.877,.,.
PJMD_hydroelectric_pumped_storage_1,1985,0.0,47048.0,0.0,0.0
PJMD_nuclear_1,1972,0.0,193275.0,.,.
PJMD_nuclear_1,1973,0.0,193275.0,.,.
PJMD_nuclear_1,1978,0.0,193275.0,.,.
PJMD_nuclear_1,1980,0.0,193275.0,.,.
PJMD_onshore_wind_turbine_1,2016,0.0,30300.0,.,.
PJMD_petroleum_liquids_1,1967,0.0,24000.0,.,.
PJMD_petroleum_liquids_1,1968,0.0,24000.0,.,.
PJMD_petroleum_liquids_1,1969,0.0,24000.0,.,.
PJMD_petroleum_liquids_1,1970,0.0,24000.0,.,.
PJMD_petroleum_liquids_1,1971,0.0,24000.0,.,.
PJMD_petroleum_liquids_1,1987,0.0,24000.0,.,.
PJMD_petroleum_liquids_1,1988,0.0,24000.0,.,.
PJMD_petroleum_liquids_1,1990,0.0,24000.0,.,.
PJMD_petroleum_liquids_1,1991,0.0,24000.0,.,.
PJMD_petroleum_liquids_1,1992,0.0,24000.0,.,.
PJMD_petroleum_liquids_1,1993,0.0,24000.0,.,.
PJMD_petroleum_liquids_1,1995,0.0,24000.0,.,.
PJMD_petroleum_liquids_1,1996,0.0,24000.0,.,.
PJMD_petroleum_liquids_1,1997,0.0,24000.0,.,.
PJMD_petroleum_liquids_1,1999,0.0,24000.0,.,.
PJMD_petroleum_liquids_1,2000,0.0,24000.0,.,.
PJMD_petroleum_liquids_1,2001,0.0,24000.0,.,.
PJMD_petroleum_liquids_1,2002,0.0,24000.0,.,.
PJMD_petroleum_liquids_1,2004,0.0,24000.0,.,.
PJMD_petroleum_liquids_1,2005,0.0,24000.0,.,.
PJMD_petroleum_liquids_1,2007,0.0,24000.0,.,.
PJMD_petroleum_liquids_1,2009,0.0,24000.0,.,.
PJMD_petroleum_liquids_1,2014,0.0,24000.0,.,.
PJMD_small_hydroelectric_1,1915,0.0,47048.0,.,.
PJMD_small_hydroelectric_1,1930,0.0,47048.0,.,.
PJMD_small_hydroelectric_1,1986,0.0,47048.0,.,.
PJMD_small_hydroelectric_1,1987,0.0,47048.0,.,.
PJMD_small_hydroelectric_1,1990,0.0,47048.0,.,.
PJMD_small_hydroelectric_1,1993,0.0,47048.0,.,.
PJMD_solar_photovoltaic_1,2011,0.0,22528.0,.,.
PJMD_solar_photovoltaic_1,2012,0.0,22528.0,.,.
PJMD_solar_photovoltaic_1,2014,0.0,22528.0,.,.
PJMD_solar_photovoltaic_1,2015,0.0,22528.0,.,.
PJMD_solar_photovoltaic_1,2016,0.0,22528.0,.,.
PJMD_solar_photovoltaic_1,2017,0.0,22528.0,.,.
PJMD_solar_photovoltaic_1,2018,0.0,22528.0,.,.
PJMD_solar_photovoltaic_1,2019,0.0,22528.0,.,.
PJMD_solar_photovoltaic_1,2020,0.0,22528.0,.,.
PJMD_solar_photovoltaic_1,2021,0.0,22528.0,.,.
PJMD_solar_photovoltaic_1,2022,0.0,22528.0,.,.
PJMD_solar_photovoltaic_1,2023,0.0,22528.0,.,.
PJMD_solar_photovoltaic_1,2024,0.0,22528.0,.,.
PJMD_solar_photovoltaic_1,2026,0.0,22528.0,.,.
PJME_batteries_1,2015,0.0,7476.0,0.0,0.0
PJME_batteries_1,2016,0.0,7476.0,0.0,0.0
PJME_batteries_1,2018,0.0,7476.0,0.0,0.0
PJME_batteries_1,2019,0.0,7476.0,0.0,0.0
PJME_batteries_1,2021,0.0,7476.0,0.0,0.0
PJME_batteries_1,2022,0.0,7476.0,0.0,0.0
PJME_batteries_1,2023,0.0,7476.0,0.0,0.0
PJME_biomass_1,1951,0.0,157220.0,.,.
PJME_biomass_1,1977,0.0,157220.0,.,.
PJME_biomass_1,1978,0.0,157220.0,.,.
PJME_biomass_1,1979,0.0,157220.0,.,.
PJME_biomass_1,1986,0.0,157220.0,.,.
PJME_biomass_1,1987,0.0,157220.0,.,.
PJME_biomass_1,1988,0.0,157220.0,.,.
PJME_biomass_1,1991,0.0,157220.0,.,.
PJME_biomass_1,1993,0.0,157220.0,.,.
PJME_biomass_1,1994,0.0,157220.0,.,.
PJME_biomass_1,1996,0.0,157220.0,.,.
PJME_biomass_1,1997,0.0,157220.0,.,.
PJME_biomass_1,1998,0.0,157220.0,.,.
PJME_biomass_1,1999,0.0,157220.0,.,.
PJME_biomass_1,2000,0.0,157220.0,.,.
PJME_biomass_1,2001,0.0,157220.0,.,.
PJME_biomass_1,2002,0.0,157220.0,.,.
PJME_biomass_1,2003,0.0,157220.0,.,.
PJME_biomass_1,2004,0.0,157220.0,.,.
PJME_biomass_1,2006,0.0,157220.0,.,.
PJME_biomass_1,2009,0.0,157220.0,.,.
PJME_biomass_1,2011,0.0,157220.0,.,.
PJME_biomass_1,2012,0.0,157220.0,.,.
PJME_biomass_1,2013,0.0,157220.0,.,.
PJME_biomass_1,2015,0.0,157220.0,.,.
PJME_biomass_2,1974,0.0,157220.0,.,.
PJME_biomass_2,1980,0.0,157220.0,.,.
PJME_biomass_2,1981,0.0,157220.0,.,.
PJME_biomass_2,1984,0.0,157220.0,.,.
PJME_biomass_2,1985,0.0,157220.0,.,.
PJME_biomass_2,1991,0.0,157220.0,.,.
PJME_biomass_2,1994,0.0,157220.0,.,.
PJME_biomass_2,1996,0.0,157220.0,.,.
PJME_biomass_2,1999,0.0,157220.0,.,.
PJME_biomass_2,2001,0.0,157220.0,.,.
PJME_conventional_hydroelectric_1,1910,0.0,47048.0,.,.
PJME_conventional_hydroelectric_1,1911,0.0,47048.0,.,.
PJME_conventional_hydroelectric_1,1913,0.0,47048.0,.,.
PJME_conventional_hydroelectric_1,1914,0.0,47048.0,.,.
PJME_conventional_hydroelectric_1,1924,0.0,47048.0,.,.
PJME_conventional_hydroelectric_1,1926,0.0,47048.0,.,.
PJME_conventional_hydroelectric_1,1928,0.0,47048.0,.,.
PJME_conventional_hydroelectric_1,1931,0.0,47048.0,.,.
PJME_conventional_hydroelectric_1,1932,0.0,47048.0,.,.
PJME_conventional_hydroelectric_1,1933,0.0,47048.0,.,.
PJME_conventional_hydroelectric_1,1934,0.0,47048.0,.,.
PJME_conventional_hydroelectric_1,1935,0.0,47048.0,.,.
PJME_conventional_hydroelectric_1,1940,0.0,47048.0,.,.
PJME_conventional_hydroelectric_1,1964,0.0,47048.0,.,.
PJME_conventional_hydroelectric_1,1985,0.0,47048.0,.,.
PJME_conventional_hydroelectric_1,1986,0.0,47048.0,.,.
PJME_conventional_hydroelectric_1,2011,0.0,47048.0,.,.
PJME_conventional_hydroelectric_1,2013,0.0,47048.0,.,.
PJME_conventional_steam_coal_1,1958,0.0,60411.986,.,.
PJME_conventional_steam_coal_1,1961,0.0,60411.986,.,.
PJME_conventional_steam_coal_1,1965,0.0,60411.986,.,.
PJME_conventional_steam_coal_1,1967,0.0,60411.986,.,.
PJME_conventional_steam_coal_1,1968,0.0,60411.986,.,.
PJME_conventional_steam_coal_1,1969,0.0,60411.986,.,.
PJME_conventional_steam_coal_1,1970,0.0,60411.986,.,.
PJME_conventional_steam_coal_1,1971,0.0,60411.986,.,.
PJME_conventional_steam_coal_1,1972,0.0,60411.986,.,.
PJME_conventional_steam_coal_1,1973,0.0,60411.986,.,.
PJME_conventional_steam_coal_1,1984,0.0,60411.986,.,.
PJME_conventional_steam_coal_1,1991,0.0,60411.986,.,.
PJME_conventional_steam_coal_1,2004,0.0,60411.986,.,.
PJME_conventional_steam_coal_2,1955,0.0,75631.798,.,.
PJME_conventional_steam_coal_2,1961,0.0,75631.798,.,.
PJME_conventional_steam_coal_2,1966,0.0,75631.798,.,.
PJME_conventional_steam_coal_2,1987,0.0,75631.798,.,.
PJME_conventional_steam_coal_2,1988,0.0,75631.798,.,.
PJME_conventional_steam_coal_2,1989,0.0,75631.798,.,.
PJME_conventional_steam_coal_2,1990,0.0,75631.798,.,.
PJME_conventional_steam_coal_2,1992,0.0,75631.798,.,.
PJME_conventional_steam_coal_2,1993,0.0,75631.798,.,.
PJME_conventional_steam_coal_2,1995,0.0,75631.798,.,.
PJME_hydroelectric_pumped_storage_1,1965,0.0,47048.0,0.0,0.0
PJME_hydroelectric_pumped_storage_1,1967,0.0,47048.0,0.0,0.0
PJME_hydroelectric_pumped_storage_1,1968,0.0,47048.0,0.0,0.0
PJME_hydroelectric_pumped_storage_1,1970,0.0,47048.0,0.0,0.0
PJME_nuclear_1,1974,0.0,200756.419,.,.
PJME_nuclear_1,1975,0.0,200756.419,.,.
PJME_nuclear_1,1977,0.0,200756.419,.,.
PJME_nuclear_1,1981,0.0,200756.419,.,.
PJME_nuclear_1,1983,0.0,200756.419,.,.
PJME_nuclear_1,1985,0.0,200756.419,.,.
PJME_nuclear_1,1986,0.0,200756.419,.,.
PJME_nuclear_1,1990,0.0,200756.419,.,.
PJME_onshore_wind_turbine_1,2001,0.0,30300.0,.,.
PJME_onshore_wind_turbine_1,2003,0.0,30300.0,.,.
PJME_onshore_wind_turbine_1,2006,0.0,30300.0,.,.
PJME_onshore_wind_turbine_1,2007,0.0,30300.0,.,.
PJME_onshore_wind_turbine_1,2008,0.0,30300.0,.,.
PJME_onshore_wind_turbine_1,2009,0.0,30300.0,.,.
PJME_onshore_wind_turbine_1,2010,0.0,30300.0,.,.
PJME_onshore_wind_turbine_1,2011,0.0,30300.0,.,.
PJME_onshore_wind_turbine_1,2012,0.0,30300.0,.,.
PJME_onshore_wind_turbine_1,2016,0.0,30300.0,.,.
PJME_petroleum_liquids_1,1954,0.0,24000.0,.,.
PJME_petroleum_liquids_1,1956,0.0,24000.0,.,.
PJME_petroleum_liquids_1,1957,0.0,24000.0,.,.
PJME_petroleum_liquids_1,1960,0.0,24000.0,.,.
PJME_petroleum_liquids_1,1961,0.0,24000.0,.,.
PJME_petroleum_liquids_1,1963,0.0,24000.0,.,.
PJME_petroleum_liquids_1,1964,0.0,24000.0,.,.
PJME_petroleum_liquids_1,1966,0.0,24000.0,.,.
PJME_petroleum_liquids_1,1967,0.0,24000.0,.,.
PJME_petroleum_liquids_1,1968,0.0,24000.0,.,.
PJME_petroleum_liquids_1,1969,0.0,24000.0,.,.
PJME_petroleum_liquids_1,1970,0.0,24000.0,.,.
PJME_petroleum_liquids_1,1971,0.0,24000.0,.,.
PJME_petroleum_liquids_1,1972,0.0,24000.0,.,.
PJME_petroleum_liquids_1,1973,0.0,24000.0,.,.
PJME_petroleum_liquids_1,1974,0.0,24000.0,.,.
PJME_petroleum_liquids_1,1978,0.0,24000.0,.,.
PJME_petroleum_liquids_1,1988,0.0,24000.0,.,.
PJME_petroleum_liquids_1,1989,0.0,24000.0,.,.
PJME_petroleum_liquids_1,1990,0.0,24000.0,.,.
PJME_petroleum_liquids_1,1991,0.0,24000.0,.,.
PJME_petroleum_liquids_1,1993,0.0,24000.0,.,.
PJME_petroleum_liquids_1,1994,0.0,24000.0,.,.
PJME_petroleum_liquids_1,1995,0.0,24000.0,.,.
PJME_petroleum_liquids_1,1996,0.0,24000.0,.,.
PJME_petroleum_liquids_1,1997,0.0,24000.0,.,.
PJME_petroleum_liquids_1,2000,0.0,24000.0,.,.
PJME_petroleum_liquids_1,2001,0.0,24000.0,.,.
PJME_petroleum_liquids_1,2002,0.0,24000.0,.,.
PJME_petroleum_liquids_1,2003,0.0,24000.0,.,.
PJME_petroleum_liquids_1,2004,0.0,24000.0,.,.
PJME_petroleum_liquids_1,2006,0.0,24000.0,.,.
PJME_petroleum_liquids_1,2008,0.0,24000.0,.,.
PJME_petroleum_liquids_1,2010,0.0,24000.0,.,.
PJME_petroleum_liquids_1,2011,0.0,24000.0,.,.
PJME_petroleum_liquids_1,2012,0.0,24000.0,.,.
PJME_petroleum_liquids_1,2014,0.0,24000.0,.,.
PJME_petroleum_liquids_1,2018,0.0,24000.0,.,.
PJME_petroleum_liquids_1,2021,0.0,24000.0,.,.
PJME_petroleum_liquids_1,2022,0.0,24000.0,.,.
PJME_petroleum_liquids_1,2023,0.0,24000.0,.,.
PJME_small_hydroelectric_1,1905,0.0,47048.0,.,.
PJME_small_hydroelectric_1,1925,0.0,47048.0,.,.
PJME_small_hydroelectric_1,1970,0.0,47048.0,.,.
PJME_small_hydroelectric_1,1985,0.0,47048.0,.,.
PJME_small_hydroelectric_1,1988,0.0,47048.0,.,.
PJME_small_hydroelectric_1,1989,0.0,47048.0,.,.
PJME_small_hydroelectric_1,1990,0.0,47048.0,.,.
PJME_small_hydroelectric_1,2013,0.0,47048.0,.,.
PJME_solar_photovoltaic_1,1996,0.0,22528.0,.,.
PJME_solar_photovoltaic_1,1997,0.0,22528.0,.,.
PJME_solar_photovoltaic_1,1998,0.0,22528.0,.,.
PJME_solar_photovoltaic_1,2005,0.0,22528.0,.,.
PJME_solar_photovoltaic_1,2006,0.0,22528.0,.,.
PJME_solar_photovoltaic_1,2007,0.0,22528.0,.,.
PJME_solar_photovoltaic_1,2008,0.0,22528.0,.,.
PJME_solar_photovoltaic_1,2009,0.0,22528.0,.,.
PJME_solar_photovoltaic_1,2010,0.0,22528.0,.,.
PJME_solar_photovoltaic_1,2011,0.0,22528.0,.,.
PJME_solar_photovoltaic_1,2012,0.0,22528.0,.,.
PJME_solar_photovoltaic_1,2013,0.0,22528.0,.,.
PJME_solar_photovoltaic_1,2014,0.0,22528.0,.,.
PJME_solar_photovoltaic_1,2015,0.0,22528.0,.,.
PJME_solar_photovoltaic_1,2016,0.0,22528.0,.,.
PJME_solar_photovoltaic_1,2017,0.0,22528.0,.,.
PJME_solar_photovoltaic_1,2018,0.0,22528.0,.,.
PJME_solar_photovoltaic_1,2019,0.0,22528.0,.,.
PJME_solar_photovoltaic_1,2020,0.0,22528.0,.,.
PJME_solar_photovoltaic_1,2021,0.0,22528.0,.,.
PJME_solar_photovoltaic_1,2022,0.0,22528.0,.,.
PJME_solar_photovoltaic_1,2023,0.0,22528.0,.,.
PJME_solar_photovoltaic_1,2024,0.0,22528.0,.,.
PJME_solar_photovoltaic_1,2025,0.0,22528.0,.,.
PJMW_batteries_1,2011,0.0,7476.0,0.0,0.0
PJMW_batteries_1,2014,0.0,7476.0,0.0,0.0
PJMW_batteries_1,2015,0.0,7476.0,0.0,0.0
PJMW_batteries_1,2016,0.0,7476.0,0.0,0.0
PJMW_batteries_1,2021,0.0,7476.0,0.0,0.0
PJMW_batteries_1,2023,0.0,7476.0,0.0,0.0
PJMW_biomass_1,1965,0.0,157220.0,.,.
PJMW_biomass_1,1978,0.0,157220.0,.,.
PJMW_biomass_1,1984,0.0,157220.0,.,.
PJMW_biomass_1,1993,0.0,157220.0,.,.
PJMW_biomass_1,1996,0.0,157220.0,.,.
PJMW_biomass_1,1997,0.0,157220.0,.,.
PJMW_biomass_1,1999,0.0,157220.0,.,.
PJMW_biomass_1,2001,0.0,157220.0,.,.
PJMW_biomass_1,2002,0.0,157220.0,.,.
PJMW_biomass_1,2003,0.0,157220.0,.,.
PJMW_biomass_1,2005,0.0,157220.0,.,.
PJMW_biomass_1,2006,0.0,157220.0,.,.
PJMW_biomass_1,2007,0.0,157220.0,.,.
PJMW_biomass_1,2009,0.0,157220.0,.,.
PJMW_biomass_1,2013,0.0,157220.0,.,.
PJMW_biomass_1,2014,0.0,157220.0,.,.
PJMW_biomass_2,1952,0.0,157220.0,.,.
PJMW_biomass_2,1958,0.0,157220.0,.,.
PJMW_biomass_2,1967,0.0,157220.0,.,.
PJMW_biomass_2,1999,0.0,157220.0,.,.
PJMW_biomass_2,2000,0.0,157220.0,.,.
PJMW_biomass_2,2001,0.0,157220.0,.,.
PJMW_biomass_2,2004,0.0,157220.0,.,.
PJMW_biomass_2,2007,0.0,157220.0,.,.
PJMW_biomass_2,2011,0.0,157220.0,.,.
PJMW_conventional_hydroelectric_1,1926,0.0,47048.0,.,.
PJMW_conventional_hydroelectric_1,1929,0.0,47048.0,.,.
PJMW_conventional_hydroelectric_1,1936,0.0,47048.0,.,.
PJMW_conventional_hydroelectric_1,1939,0.0,47048.0,.,.
PJMW_conventional_hydroelectric_1,1953,0.0,47048.0,.,.
PJMW_conventional_hydroelectric_1,1964,0.0,47048.0,.,.
PJMW_conventional_hydroelectric_1,1965,0.0,47048.0,.,.
PJMW_conventional_hydroelectric_1,1966,0.0,47048.0,.,.
PJMW_conventional_hydroelectric_1,1982,0.0,47048.0,.,.
PJMW_conventional_hydroelectric_1,1988,0.0,47048.0,.,.
PJMW_conventional_hydroelectric_1,1999,0.0,47048.0,.,.
PJMW_conventional_hydroelectric_1,2001,0.0,47048.0,.,.
PJMW_conventional_hydroelectric_1,2016,0.0,47048.0,.,.
PJMW_conventional_hydroelectric_1,2021,0.0,47048.0,.,.
PJMW_conventional_steam_coal_1,1957,0.0,61848.791,.,.
PJMW_conventional_steam_coal_1,1962,0.0,61848.791,.,.
PJMW_conventional_steam_coal_1,1963,0.0,61848.791,.,.
PJMW_conventional_steam_coal_1,1965,0.0,61848.791,.,.
PJMW_conventional_steam_coal_1,1966,0.0,61848.791,.,.
PJMW_conventional_steam_coal_1,1967,0.0,61848.791,.,.
PJMW_conventional_steam_coal_1,1968,0.0,61848.791,.,.
PJMW_conventional_steam_coal_1,1971,0.0,61848.791,.,.
PJMW_conventional_steam_coal_1,1972,0.0,61848.791,.,.
PJMW_conventional_steam_coal_1,1973,0.0,61848.791,.,.
PJMW_conventional_steam_coal_1,1974,0.0,61848.791,.,.
PJMW_conventional_steam_coal_1,1975,0.0,61848.791,.,.
PJMW_conventional_steam_coal_1,1977,0.0,61848.791,.,.
PJMW_conventional_steam_coal_1,1980,0.0,61848.791,.,.
PJMW_conventional_steam_coal_1,1981,0.0,61848.791,.,.
PJMW_conventional_steam_coal_1,1991,0.0,61848.791,.,.
PJMW_conventional_steam_coal_1,2005,0.0,61848.791,.,.
PJMW_conventional_steam_coal_1,2009,0.0,61848.791,.,.
PJMW_conventional_steam_coal_1,2011,0.0,61848.791,.,.
PJMW_conventional_steam_coal_1,2012,0.0,61848.791,.,.
PJMW_conventional_steam_coal_2,1949,0.0,63767.0,.,.
PJMW_conventional_steam_coal_2,1953,0.0,63767.0,.,.
PJMW_conventional_steam_coal_2,1954,0.0,63767.0,.,.
PJMW_conventional_steam_coal_2,1961,0.0,63767.0,.,.
PJMW_conventional_steam_coal_2,1963,0.0,63767.0,.,.
PJMW_conventional_steam_coal_2,1965,0.0,63767.0,.,.
PJMW_conventional_steam_coal_2,1968,0.0,63767.0,.,.
PJMW_conventional_steam_coal_2,1971,0.0,63767.0,.,.
PJMW_conventional_steam_coal_2,1990,0.0,63767.0,.,.
PJMW_conventional_steam_coal_3,1949,0.0,75907.817,.,.
PJMW_conventional_steam_coal_3,1955,0.0,75907.817,.,.
PJMW_conventional_steam_coal_3,1965,0.0,75907.817,.,.
PJMW_conventional_steam_coal_3,1969,0.0,75907.817,.,.
PJMW_conventional_steam_coal_3,1973,0.0,75907.817,.,.
PJMW_conventional_steam_coal_3,1992,0.0,75907.817,.,.
PJMW_conventional_steam_coal_3,1999,0.0,75907.817,.,.
PJMW_hydroelectric_pumped_storage_1,1965,0.0,47048.0,0.0,0.0
PJMW_hydroelectric_pumped_storage_1,1966,0.0,47048.0,0.0,0.0
PJMW_hydroelectric_pumped_storage_1,1980,0.0,47048.0,0.0,0.0
PJMW_nuclear_1,1975,0.0,221445.36,.,.
PJMW_nuclear_1,1976,0.0,221445.36,.,.
PJMW_nuclear_1,1977,0.0,221445.36,.,.
PJMW_nuclear_1,1978,0.0,221445.36,.,.
PJMW_nuclear_1,1987,0.0,221445.36,.,.
PJMW_onshore_wind_turbine_1,2001,0.0,30300.0,.,.
PJMW_onshore_wind_turbine_1,2002,0.0,30300.0,.,.
PJMW_onshore_wind_turbine_1,2003,0.0,30300.0,.,.
PJMW_onshore_wind_turbine_1,2004,0.0,30300.0,.,.
PJMW_onshore_wind_turbine_1,2008,0.0,30300.0,.,.
PJMW_onshore_wind_turbine_1,2009,0.0,30300.0,.,.
PJMW_onshore_wind_turbine_1,2010,0.0,30300.0,.,.
PJMW_onshore_wind_turbine_1,2011,0.0,30300.0,.,.
PJMW_onshore_wind_turbine_1,2012,0.0,30300.0,.,.
PJMW_onshore_wind_turbine_1,2013,0.0,30300.0,.,.
PJMW_onshore_wind_turbine_1,2014,0.0,30300.0,.,.
PJMW_onshore_wind_turbine_1,2015,0.0,30300.0,.,.
PJMW_onshore_wind_turbine_1,2016,0.0,30300.0,.,.
PJMW_onshore_wind_turbine_1,2017,0.0,30300.0,.,.
PJMW_onshore_wind_turbine_1,2018,0.0,30300.0,.,.
PJMW_onshore_wind_turbine_1,2019,0.0,30300.0,.,.
PJMW_onshore_wind_turbine_1,2020,0.0,30300.0,.,.
PJMW_onshore_wind_turbine_1,2021,0.0,30300.0,.,.
PJMW_onshore_wind_turbine_1,2022,0.0,30300.0,.,.
PJMW_onshore_wind_turbine_1,2023,0.0,30300.0,.,.
PJMW_onshore_wind_turbine_1,2025,0.0,30300.0,.,.
PJMW_petroleum_liquids_1,1948,0.0,24000.0,.,.
PJMW_petroleum_liquids_1,1949,0.0,24000.0,.,.
PJMW_petroleum_liquids_1,1952,0.0,24000.0,.,.
PJMW_petroleum_liquids_1,1957,0.0,24000.0,.,.
PJMW_petroleum_liquids_1,1965,0.0,24000.0,.,.
PJMW_petroleum_liquids_1,1966,0.0,24000.0,.,.
PJMW_petroleum_liquids_1,1967,0.0,24000.0,.,.
PJMW_petroleum_liquids_1,1968,0.0,24000.0,.,.
PJMW_petroleum_liquids_1,1971,0.0,24000.0,.,.
PJMW_petroleum_liquids_1,1972,0.0,24000.0,.,.
PJMW_petroleum_liquids_1,1973,0.0,24000.0,.,.
PJMW_petroleum_liquids_1,1983,0.0,24000.0,.,.
PJMW_petroleum_liquids_1,1984,0.0,24000.0,.,.
PJMW_petroleum_liquids_1,1989,0.0,24000.0,.,.
PJMW_petroleum_liquids_1,1992,0.0,24000.0,.,.
PJMW_petroleum_liquids_1,1998,0.0,24000.0,.,.
PJMW_petroleum_liquids_1,1999,0.0,24000.0,.,.
PJMW_petroleum_liquids_1,2000,0.0,24000.0,.,.
PJMW_petroleum_liquids_1,2001,0.0,24000.0,.,.
PJMW_petroleum_liquids_1,2003,0.0,24000.0,.,.
PJMW_petroleum_liquids_1,2004,0.0,24000.0,.,.
PJMW_petroleum_liquids_1,2005,0.0,24000.0,.,.
PJMW_petroleum_liquids_1,2006,0.0,24000.0,.,.
PJMW_petroleum_liquids_1,2007,0.0,24000.0,.,.
PJMW_petroleum_liquids_1,2008,0.0,24000.0,.,.
PJMW_petroleum_liquids_1,2010,0.0,24000.0,.,.
PJMW_petroleum_liquids_1,2016,0.0,24000.0,.,.
PJMW_petroleum_liquids_1,2017,0.0,24000.0,.,.
PJMW_petroleum_liquids_1,2018,0.0,24000.0,.,.
PJMW_petroleum_liquids_1,2019,0.0,24000.0,.,.
PJMW_petroleum_liquids_1,2020,0.0,24000.0,.,.
PJMW_petroleum_liquids_1,2022,0.0,24000.0,.,.
PJMW_petroleum_liquids_1,2023,0.0,24000.0,.,.
PJMW_small_hydroelectric_1,1903,0.0,47048.0,.,.
PJMW_small_hydroelectric_1,1909,0.0,47048.0,.,.
PJMW_small_hydroelectric_1,1911,0.0,47048.0,.,.
PJMW_small_hydroelectric_1,1912,0.0,47048.0,.,.
PJMW_small_hydroelectric_1,1913,0.0,47048.0,.,.
PJMW_small_hydroelectric_1,1917,0.0,47048.0,.,.
PJMW_small_hydroelectric_1,1919,0.0,47048.0,.,.
PJMW_small_hydroelectric_1,1920,0.0,47048.0,.,.
PJMW_small_hydroelectric_1,1921,0.0,47048.0,.,.
PJMW_small_hydroelectric_1,1922,0.0,47048.0,.,.
PJMW_small_hydroelectric_1,1923,0.0,47048.0,.,.
PJMW_small_hydroelectric_1,1927,0.0,47048.0,.,.
PJMW_small_hydroelectric_1,1929,0.0,47048.0,.,.
PJMW_small_hydroelectric_1,1930,0.0,47048.0,.,.
PJMW_small_hydroelectric_1,1932,0.0,47048.0,.,.
PJMW_small_hydroelectric_1,1933,0.0,47048.0,.,.
PJMW_small_hydroelectric_1,1934,0.0,47048.0,.,.
PJMW_small_hydroelectric_1,1935,0.0,47048.0,.,.
PJMW_small_hydroelectric_1,1938,0.0,47048.0,.,.
PJMW_small_hydroelectric_1,1939,0.0,47048.0,.,.
PJMW_small_hydroelectric_1,1954,0.0,47048.0,.,.
PJMW_small_hydroelectric_1,1981,0.0,47048.0,.,.
PJMW_small_hydroelectric_1,1982,0.0,47048.0,.,.
PJMW_small_hydroelectric_1,1983,0.0,47048.0,.,.
PJMW_small_hydroelectric_1,1986,0.0,47048.0,.,.
PJMW_small_hydroelectric_1,1987,0.0,47048.0,.,.
PJMW_small_hydroelectric_1,1988,0.0,47048.0,.,.
PJMW_small_hydroelectric_1,1989,0.0,47048.0,.,.
PJMW_small_hydroelectric_1,1991,0.0,47048.0,.,.
PJMW_small_hydroelectric_1,1994,0.0,47048.0,.,.
PJMW_small_hydroelectric_1,1996,0.0,47048.0,.,.
PJMW_small_hydroelectric_1,2004,0.0,47048.0,.,.
PJMW_small_hydroelectric_1,2014,0.0,47048.0,.,.
PJMW_small_hydroelectric_1,2022,0.0,47048.0,.,.
PJMW_small_hydroelectric_1,2023,0.0,47048.0,.,.
PJMW_small_hydroelectric_1,2025,0.0,47048.0,.,.
PJMW_solar_photovoltaic_1,2010,0.0,22528.0,.,.
PJMW_solar_photovoltaic_1,2011,0.0,22528.0,.,.
PJMW_solar_photovoltaic_1,2012,0.0,22528.0,.,.
PJMW_solar_photovoltaic_1,2013,0.0,22528.0,.,.
PJMW_solar_photovoltaic_1,2014,0.0,22528.0,.,.
PJMW_solar_photovoltaic_1,2015,0.0,22528.0,.,.
PJMW_solar_photovoltaic_1,2016,0.0,22528.0,.,.
PJMW_solar_photovoltaic_1,2017,0.0,22528.0,.,.
PJMW_solar_photovoltaic_1,2018,0.0,22528.0,.,.
PJMW_solar_photovoltaic_1,2019,0.0,22528.0,.,.
PJMW_solar_photovoltaic_1,2020,0.0,22528.0,.,.
PJMW_solar_photovoltaic_1,2021,0.0,22528.0,.,.
PJMW_solar_photovoltaic_1,2022,0.0,22528.0,.,.
PJMW_solar_photovoltaic_1,2023,0.0,22528.0,.,.
PJMW_solar_photovoltaic_1,2024,0.0,22528.0,.,.
PJMW_solar_photovoltaic_1,2025,0.0,22528.0,.,.
RMRG_batteries_1,2017,0.0,7476.0,0.0,0.0
RMRG_batteries_1,2018,0.0,7476.0,0.0,0.0
RMRG_batteries_1,2021,0.0,7476.0,0.0,0.0
RMRG_batteries_1,2023,0.0,7476.0,0.0,0.0
RMRG_biomass_1,1998,0.0,157220.0,.,.
RMRG_biomass_1,2001,0.0,157220.0,.,.
RMRG_biomass_1,2013,0.0,157220.0,.,.
RMRG_biomass_2,1985,0.0,157220.0,.,.
RMRG_biomass_2,2000,0.0,157220.0,.,.
RMRG_conventional_hydroelectric_1,1925,0.0,47048.0,.,.
RMRG_conventional_hydroelectric_1,1929,0.0,47048.0,.,.
RMRG_conventional_hydroelectric_1,1939,0.0,47048.0,.,.
RMRG_conventional_hydroelectric_1,1950,0.0,47048.0,.,.
RMRG_conventional_hydroelectric_1,1951,0.0,47048.0,.,.
RMRG_conventional_hydroelectric_1,1954,0.0,47048.0,.,.
RMRG_conventional_hydroelectric_1,1955,0.0,47048.0,.,.
RMRG_conventional_hydroelectric_1,1958,0.0,47048.0,.,.
RMRG_conventional_hydroelectric_1,1959,0.0,47048.0,.,.
RMRG_conventional_hydroelectric_1,1960,0.0,47048.0,.,.
RMRG_conventional_hydroelectric_1,1961,0.0,47048.0,.,.
RMRG_conventional_hydroelectric_1,1967,0.0,47048.0,.,.
RMRG_conventional_hydroelectric_1,1970,0.0,47048.0,.,.
RMRG_conventional_hydroelectric_1,1971,0.0,47048.0,.,.
RMRG_conventional_hydroelectric_1,1978,0.0,47048.0,.,.
RMRG_conventional_hydroelectric_1,2007,0.0,47048.0,.,.
RMRG_conventional_steam_coal_1,1953,0.0,59903.136,.,.
RMRG_conventional_steam_coal_1,1960,0.0,59903.136,.,.
RMRG_conventional_steam_coal_1,1963,0.0,59903.136,.,.
RMRG_conventional_steam_coal_1,1964,0.0,59903.136,.,.
RMRG_conventional_steam_coal_1,1968,0.0,59903.136,.,.
RMRG_conventional_steam_coal_1,1972,0.0,59903.136,.,.
RMRG_conventional_steam_coal_1,1975,0.0,59903.136,.,.
RMRG_conventional_steam_coal_1,1977,0.0,59903.136,.,.
RMRG_conventional_steam_coal_1,1981,0.0,59903.136,.,.
RMRG_conventional_steam_coal_1,1982,0.0,59903.136,.,.
RMRG_conventional_steam_coal_1,2010,0.0,59903.136,.,.
RMRG_conventional_steam_coal_2,1960,0.0,70363.082,.,.
RMRG_conventional_steam_coal_2,1962,0.0,70363.082,.,.
RMRG_conventional_steam_coal_2,1963,0.0,70363.082,.,.
RMRG_conventional_steam_coal_2,1964,0.0,70363.082,.,.
RMRG_conventional_steam_coal_2,1972,0.0,70363.082,.,.
RMRG_conventional_steam_coal_2,1974,0.0,70363.082,.,.
RMRG_conventional_steam_coal_2,1981,0.0,70363.082,.,.
RMRG_conventional_steam_coal_2,1995,0.0,70363.082,.,.
RMRG_conventional_steam_coal_2,2003,0.0,70363.082,.,.
RMRG_conventional_steam_coal_2,2008,0.0,70363.082,.,.
RMRG_conventional_steam_coal_2,2010,0.0,70363.082,.,.
RMRG_conventional_steam_coal_2,2011,0.0,70363.082,.,.
RMRG_hydroelectric_pumped_storage_1,1954,0.0,47048.0,0.0,0.0
RMRG_hydroelectric_pumped_storage_1,1967,0.0,47048.0,0.0,0.0
RMRG_hydroelectric_pumped_storage_1,1981,0.0,47048.0,0.0,0.0
RMRG_hydroelectric_pumped_storage_1,1984,0.0,47048.0,0.0,0.0
RMRG_onshore_wind_turbine_1,1999,0.0,30300.0,.,.
RMRG_onshore_wind_turbine_1,2000,0.0,30300.0,.,.
RMRG_onshore_wind_turbine_1,2001,0.0,30300.0,.,.
RMRG_onshore_wind_turbine_1,2003,0.0,30300.0,.,.
RMRG_onshore_wind_turbine_1,2004,0.0,30300.0,.,.
RMRG_onshore_wind_turbine_1,2006,0.0,30300.0,.,.
RMRG_onshore_wind_turbine_1,2007,0.0,30300.0,.,.
RMRG_onshore_wind_turbine_1,2008,0.0,30300.0,.,.
RMRG_onshore_wind_turbine_1,2009,0.0,30300.0,.,.
RMRG_onshore_wind_turbine_1,2010,0.0,30300.0,.,.
RMRG_onshore_wind_turbine_1,2011,0.0,30300.0,.,.
RMRG_onshore_wind_turbine_1,2012,0.0,30300.0,.,.
RMRG_onshore_wind_turbine_1,2013,0.0,30300.0,.,.
RMRG_onshore_wind_turbine_1,2014,0.0,30300.0,.,.
RMRG_onshore_wind_turbine_1,2015,0.0,30300.0,.,.
RMRG_onshore_wind_turbine_1,2016,0.0,30300.0,.,.
RMRG_onshore_wind_turbine_1,2017,0.0,30300.0,.,.
RMRG_onshore_wind_turbine_1,2018,0.0,30300.0,.,.
RMRG_onshore_wind_turbine_1,2019,0.0,30300.0,.,.
RMRG_onshore_wind_turbine_1,2020,0.0,30300.0,.,.
RMRG_onshore_wind_turbine_1,2021,0.0,30300.0,.,.
RMRG_onshore_wind_turbine_1,2022,0.0,30300.0,.,.
RMRG_onshore_wind_turbine_1,2024,0.0,30300.0,.,.
RMRG_onshore_wind_turbine_1,2027,0.0,30300.0,.,.
RMRG_onshore_wind_turbine_1,2028,0.0,30300.0,.,.
RMRG_onshore_wind_turbine_1,2029,0.0,30300.0,.,.
RMRG_petroleum_liquids_1,1941,0.0,24000.0,.,.
RMRG_petroleum_liquids_1,1944,0.0,24000.0,.,.
RMRG_petroleum_liquids_1,1945,0.0,24000.0,.,.
RMRG_petroleum_liquids_1,1946,0.0,24000.0,.,.
RMRG_petroleum_liquids_1,1949,0.0,24000.0,.,.
RMRG_petroleum_liquids_1,1950,0.0,24000.0,.,.
RMRG_petroleum_liquids_1,1951,0.0,24000.0,.,.
RMRG_petroleum_liquids_1,1955,0.0,24000.0,.,.
RMRG_petroleum_liquids_1,1956,0.0,24000.0,.,.
RMRG_petroleum_liquids_1,1959,0.0,24000.0,.,.
RMRG_petroleum_liquids_1,1960,0.0,24000.0,.,.
RMRG_petroleum_liquids_1,1964,0.0,24000.0,.,.
RMRG_petroleum_liquids_1,1965,0.0,24000.0,.,.
RMRG_petroleum_liquids_1,1967,0.0,24000.0,.,.
RMRG_petroleum_liquids_1,1974,0.0,24000.0,.,.
RMRG_petroleum_liquids_1,1977,0.0,24000.0,.,.
RMRG_petroleum_liquids_1,1979,0.0,24000.0,.,.
RMRG_petroleum_liquids_1,1990,0.0,24000.0,.,.
RMRG_petroleum_liquids_1,1993,0.0,24000.0,.,.
RMRG_petroleum_liquids_1,1999,0.0,24000.0,.,.
RMRG_petroleum_liquids_1,2000,0.0,24000.0,.,.
RMRG_petroleum_liquids_1,2002,0.0,24000.0,.,.
RMRG_petroleum_liquids_1,2007,0.0,24000.0,.,.
RMRG_small_hydroelectric_1,1905,0.0,47048.0,.,.
RMRG_small_hydroelectric_1,1906,0.0,47048.0,.,.
RMRG_small_hydroelectric_1,1908,0.0,47048.0,.,.
RMRG_small_hydroelectric_1,1909,0.0,47048.0,.,.
RMRG_small_hydroelectric_1,1912,0.0,47048.0,.,.
RMRG_small_hydroelectric_1,1922,0.0,47048.0,.,.
RMRG_small_hydroelectric_1,1925,0.0,47048.0,.,.
RMRG_small_hydroelectric_1,1927,0.0,47048.0,.,.
RMRG_small_hydroelectric_1,1928,0.0,47048.0,.,.
RMRG_small_hydroelectric_1,1931,0.0,47048.0,.,.
RMRG_small_hydroelectric_1,1939,0.0,47048.0,.,.
RMRG_small_hydroelectric_1,1940,0.0,47048.0,.,.
RMRG_small_hydroelectric_1,1943,0.0,47048.0,.,.
RMRG_small_hydroelectric_1,1948,0.0,47048.0,.,.
RMRG_small_hydroelectric_1,1951,0.0,47048.0,.,.
RMRG_small_hydroelectric_1,1952,0.0,47048.0,.,.
RMRG_small_hydroelectric_1,1959,0.0,47048.0,.,.
RMRG_small_hydroelectric_1,1962,0.0,47048.0,.,.
RMRG_small_hydroelectric_1,1968,0.0,47048.0,.,.
RMRG_small_hydroelectric_1,1983,0.0,47048.0,.,.
RMRG_small_hydroelectric_1,1985,0.0,47048.0,.,.
RMRG_small_hydroelectric_1,1986,0.0,47048.0,.,.
RMRG_small_hydroelectric_1,1987,0.0,47048.0,.,.
RMRG_small_hydroelectric_1,1988,0.0,47048.0,.,.
RMRG_small_hydroelectric_1,1989,0.0,47048.0,.,.
RMRG_small_hydroelectric_1,1992,0.0,47048.0,.,.
RMRG_small_hydroelectric_1,1993,0.0,47048.0,.,.
RMRG_small_hydroelectric_1,1994,0.0,47048.0,.,.
RMRG_small_hydroelectric_1,1997,0.0,47048.0,.,.
RMRG_small_hydroelectric_1,2000,0.0,47048.0,.,.
RMRG_small_hydroelectric_1,2004,0.0,47048.0,.,.
RMRG_small_hydroelectric_1,2006,0.0,47048.0,.,.
RMRG_small_hydroelectric_1,2007,0.0,47048.0,.,.
RMRG_small_hydroelectric_1,2009,0.0,47048.0,.,.
RMRG_small_hydroelectric_1,2010,0.0,47048.0,.,.
RMRG_small_hydroelectric_1,2012,0.0,47048.0,.,.
RMRG_small_hydroelectric_1,2013,0.0,47048.0,.,.
RMRG_small_hydroelectric_1,2014,0.0,47048.0,.,.
RMRG_small_hydroelectric_1,2015,0.0,47048.0,.,.
RMRG_small_hydroelectric_1,2016,0.0,47048.0,.,.
RMRG_small_hydroelectric_1,2017,0.0,47048.0,.,.
RMRG_small_hydroelectric_1,2019,0.0,47048.0,.,.
RMRG_solar_photovoltaic_1,2007,0.0,22528.0,.,.
RMRG_solar_photovoltaic_1,2008,0.0,22528.0,.,.
RMRG_solar_photovoltaic_1,2009,0.0,22528.0,.,.
RMRG_solar_photovoltaic_1,2010,0.0,22528.0,.,.
RMRG_solar_photovoltaic_1,2011,0.0,22528.0,.,.
RMRG_solar_photovoltaic_1,2012,0.0,22528.0,.,.
RMRG_solar_photovoltaic_1,2013,0.0,22528.0,.,.
RMRG_solar_photovoltaic_1,2014,0.0,22528.0,.,.
RMRG_solar_photovoltaic_1,2015,0.0,22528.0,.,.
RMRG_solar_photovoltaic_1,2016,0.0,22528.0,.,.
RMRG_solar_photovoltaic_1,2017,0.0,22528.0,.,.
RMRG_solar_photovoltaic_1,2018,0.0,22528.0,.,.
RMRG_solar_photovoltaic_1,2019,0.0,22528.0,.,.
RMRG_solar_photovoltaic_1,2020,0.0,22528.0,.,.
RMRG_solar_photovoltaic_1,2021,0.0,22528.0,.,.
RMRG_solar_photovoltaic_1,2022,0.0,22528.0,.,.
RMRG_solar_photovoltaic_1,2023,0.0,22528.0,.,.
RMRG_solar_photovoltaic_1,2024,0.0,22528.0,.,.
SPPC_batteries_1,2012,0.0,7476.0,0.0,0.0
SPPC_batteries_1,2017,0.0,7476.0,0.0,0.0
SPPC_biomass_1,1996,0.0,157220.0,.,.
SPPC_biomass_1,2001,0.0,157220.0,.,.
SPPC_biomass_2,2000,0.0,157220.0,.,.
SPPC_biomass_2,2003,0.0,157220.0,.,.
SPPC_conventional_hydroelectric_1,1973,0.0,47048.0,.,.
SPPC_conventional_steam_coal_1,1960,0.0,67535.416,.,.
SPPC_conventional_steam_coal_1,1969,0.0,67535.416,.,.
SPPC_conventional_steam_coal_1,1971,0.0,67535.416,.,.
SPPC_conventional_steam_coal_1,1976,0.0,67535.416,.,.
SPPC_conventional_steam_coal_1,1977,0.0,67535.416,.,.
SPPC_conventional_steam_coal_1,1978,0.0,67535.416,.,.
SPPC_conventional_steam_coal_1,1980,0.0,67535.416,.,.
SPPC_conventional_steam_coal_1,1981,0.0,67535.416,.,.
SPPC_conventional_steam_coal_1,1983,0.0,67535.416,.,.
SPPC_conventional_steam_coal_1,2011,0.0,67535.416,.,.
SPPC_conventional_steam_coal_2,1973,0.0,58088.23,.,.
SPPC_conventional_steam_coal_2,1980,0.0,58088.23,.,.
SPPC_conventional_steam_coal_2,2010,0.0,58088.23,.,.
SPPC_nuclear_1,1985,0.0,275171.0,.,.
SPPC_onshore_wind_turbine_1,2001,0.0,30300.0,.,.
SPPC_onshore_wind_turbine_1,2005,0.0,30300.0,.,.
SPPC_onshore_wind_turbine_1,2006,0.0,30300.0,.,.
SPPC_onshore_wind_turbine_1,2008,0.0,30300.0,.,.
SPPC_onshore_wind_turbine_1,2009,0.0,30300.0,.,.
SPPC_onshore_wind_turbine_1,2010,0.0,30300.0,.,.
SPPC_onshore_wind_turbine_1,2011,0.0,30300.0,.,.
SPPC_onshore_wind_turbine_1,2012,0.0,30300.0,.,.
SPPC_onshore_wind_turbine_1,2013,0.0,30300.0,.,.
SPPC_onshore_wind_turbine_1,2015,0.0,30300.0,.,.
SPPC_onshore_wind_turbine_1,2016,0.0,30300.0,.,.
SPPC_onshore_wind_turbine_1,2017,0.0,30300.0,.,.
SPPC_onshore_wind_turbine_1,2018,0.0,30300.0,.,.
SPPC_onshore_wind_turbine_1,2019,0.0,30300.0,.,.
SPPC_onshore_wind_turbine_1,2020,0.0,30300.0,.,.
SPPC_onshore_wind_turbine_1,2021,0.0,30300.0,.,.
SPPC_onshore_wind_turbine_1,2022,0.0,30300.0,.,.
SPPC_onshore_wind_turbine_1,2023,0.0,30300.0,.,.
SPPC_petroleum_liquids_1,1929,0.0,24000.0,.,.
SPPC_petroleum_liquids_1,1930,0.0,24000.0,.,.
SPPC_petroleum_liquids_1,1939,0.0,24000.0,.,.
SPPC_petroleum_liquids_1,1945,0.0,24000.0,.,.
SPPC_petroleum_liquids_1,1947,0.0,24000.0,.,.
SPPC_petroleum_liquids_1,1948,0.0,24000.0,.,.
SPPC_petroleum_liquids_1,1950,0.0,24000.0,.,.
SPPC_petroleum_liquids_1,1951,0.0,24000.0,.,.
SPPC_petroleum_liquids_1,1952,0.0,24000.0,.,.
SPPC_petroleum_liquids_1,1953,0.0,24000.0,.,.
SPPC_petroleum_liquids_1,1955,0.0,24000.0,.,.
SPPC_petroleum_liquids_1,1957,0.0,24000.0,.,.
SPPC_petroleum_liquids_1,1958,0.0,24000.0,.,.
SPPC_petroleum_liquids_1,1959,0.0,24000.0,.,.
SPPC_petroleum_liquids_1,1961,0.0,24000.0,.,.
SPPC_petroleum_liquids_1,1962,0.0,24000.0,.,.
SPPC_petroleum_liquids_1,1963,0.0,24000.0,.,.
SPPC_petroleum_liquids_1,1964,0.0,24000.0,.,.
SPPC_petroleum_liquids_1,1965,0.0,24000.0,.,.
SPPC_petroleum_liquids_1,1966,0.0,24000.0,.,.
SPPC_petroleum_liquids_1,1967,0.0,24000.0,.,.
SPPC_petroleum_liquids_1,1969,0.0,24000.0,.,.
SPPC_petroleum_liquids_1,1970,0.0,24000.0,.,.
SPPC_petroleum_liquids_1,1971,0.0,24000.0,.,.
SPPC_petroleum_liquids_1,1972,0.0,24000.0,.,.
SPPC_petroleum_liquids_1,1974,0.0,24000.0,.,.
SPPC_petroleum_liquids_1,1975,0.0,24000.0,.,.
SPPC_petroleum_liquids_1,1976,0.0,24000.0,.,.
SPPC_petroleum_liquids_1,1977,0.0,24000.0,.,.
SPPC_petroleum_liquids_1,1978,0.0,24000.0,.,.
SPPC_petroleum_liquids_1,1980,0.0,24000.0,.,.
SPPC_petroleum_liquids_1,1981,0.0,24000.0,.,.
SPPC_petroleum_liquids_1,1983,0.0,24000.0,.,.
SPPC_petroleum_liquids_1,1985,0.0,24000.0,.,.
SPPC_petroleum_liquids_1,1986,0.0,24000.0,.,.
SPPC_petroleum_liquids_1,1988,0.0,24000.0,.,.
SPPC_petroleum_liquids_1,1989,0.0,24000.0,.,.
SPPC_petroleum_liquids_1,1990,0.0,24000.0,.,.
SPPC_petroleum_liquids_1,1991,0.0,24000.0,.,.
SPPC_petroleum_liquids_1,1992,0.0,24000.0,.,.
SPPC_petroleum_liquids_1,1993,0.0,24000.0,.,.
SPPC_petroleum_liquids_1,1994,0.0,24000.0,.,.
SPPC_petroleum_liquids_1,1996,0.0,24000.0,.,.
SPPC_petroleum_liquids_1,1997,0.0,24000.0,.,.
SPPC_petroleum_liquids_1,1998,0.0,24000.0,.,.
SPPC_petroleum_liquids_1,1999,0.0,24000.0,.,.
SPPC_petroleum_liquids_1,2000,0.0,24000.0,.,.
SPPC_petroleum_liquids_1,2001,0.0,24000.0,.,.
SPPC_petroleum_liquids_1,2002,0.0,24000.0,.,.
SPPC_petroleum_liquids_1,2003,0.0,24000.0,.,.
SPPC_petroleum_liquids_1,2004,0.0,24000.0,.,.
SPPC_petroleum_liquids_1,2005,0.0,24000.0,.,.
SPPC_petroleum_liquids_1,2007,0.0,24000.0,.,.
SPPC_petroleum_liquids_1,2014,0.0,24000.0,.,.
SPPC_petroleum_liquids_1,2015,0.0,24000.0,.,.
SPPC_petroleum_liquids_1,2016,0.0,24000.0,.,.
SPPC_petroleum_liquids_1,2017,0.0,24000.0,.,.
SPPC_petroleum_liquids_1,2018,0.0,24000.0,.,.
SPPC_petroleum_liquids_1,2019,0.0,24000.0,.,.
SPPC_petroleum_liquids_1,2020,0.0,24000.0,.,.
SPPC_petroleum_liquids_1,2021,0.0,24000.0,.,.
SPPC_petroleum_liquids_1,2022,0.0,24000.0,.,.
SPPC_petroleum_liquids_1,2023,0.0,24000.0,.,.
SPPC_small_hydroelectric_1,1920,0.0,47048.0,.,.
SPPC_small_hydroelectric_1,1922,0.0,47048.0,.,.
SPPC_small_hydroelectric_1,1925,0.0,47048.0,.,.
SPPC_small_hydroelectric_1,1931,0.0,47048.0,.,.
SPPC_small_hydroelectric_1,2012,0.0,47048.0,.,.
SPPC_solar_photovoltaic_1,2014,0.0,22528.0,.,.
SPPC_solar_photovoltaic_1,2015,0.0,22528.0,.,.
SPPC_solar_photovoltaic_1,2016,0.0,22528.0,.,.
SPPC_solar_photovoltaic_1,2017,0.0,22528.0,.,.
SPPC_solar_photovoltaic_1,2018,0.0,22528.0,.,.
SPPC_solar_photovoltaic_1,2019,0.0,22528.0,.,.
SPPC_solar_photovoltaic_1,2020,0.0,22528.0,.,.
SPPC_solar_photovoltaic_1,2021,0.0,22528.0,.,.
SPPC_solar_photovoltaic_1,2022,0.0,22528.0,.,.
SPPC_solar_photovoltaic_1,2023,0.0,22528.0,.,.
SPPN_batteries_1,2018,0.0,7476.0,0.0,0.0
SPPN_batteries_1,2020,0.0,7476.0,0.0,0.0
SPPN_batteries_1,2021,0.0,7476.0,0.0,0.0
SPPN_batteries_1,2022,0.0,7476.0,0.0,0.0
SPPN_biomass_1,1992,0.0,157220.0,.,.
SPPN_biomass_1,1996,0.0,157220.0,.,.
SPPN_biomass_1,1999,0.0,157220.0,.,.
SPPN_biomass_2,1985,0.0,157220.0,.,.
SPPN_biomass_2,2001,0.0,157220.0,.,.
SPPN_biomass_2,2004,0.0,157220.0,.,.
SPPN_biomass_2,2018,0.0,157220.0,.,.
SPPN_conventional_hydroelectric_1,1936,0.0,47048.0,.,.
SPPN_conventional_hydroelectric_1,1943,0.0,47048.0,.,.
SPPN_conventional_hydroelectric_1,1948,0.0,47048.0,.,.
SPPN_conventional_hydroelectric_1,1951,0.0,47048.0,.,.
SPPN_conventional_hydroelectric_1,1954,0.0,47048.0,.,.
SPPN_conventional_hydroelectric_1,1955,0.0,47048.0,.,.
SPPN_conventional_hydroelectric_1,1956,0.0,47048.0,.,.
SPPN_conventional_hydroelectric_1,1957,0.0,47048.0,.,.
SPPN_conventional_hydroelectric_1,1960,0.0,47048.0,.,.
SPPN_conventional_hydroelectric_1,1961,0.0,47048.0,.,.
SPPN_conventional_hydroelectric_1,1962,0.0,47048.0,.,.
SPPN_conventional_hydroelectric_1,1963,0.0,47048.0,.,.
SPPN_conventional_hydroelectric_1,1964,0.0,47048.0,.,.
SPPN_conventional_hydroelectric_1,1965,0.0,47048.0,.,.
SPPN_conventional_hydroelectric_1,1966,0.0,47048.0,.,.
SPPN_conventional_hydroelectric_1,1984,0.0,47048.0,.,.
SPPN_conventional_steam_coal_1,1948,0.0,59872.813,.,.
SPPN_conventional_steam_coal_1,1961,0.0,59872.813,.,.
SPPN_conventional_steam_coal_1,1966,0.0,59872.813,.,.
SPPN_conventional_steam_coal_1,1975,0.0,59872.813,.,.
SPPN_conventional_steam_coal_1,1979,0.0,59872.813,.,.
SPPN_conventional_steam_coal_1,1982,0.0,59872.813,.,.
SPPN_conventional_steam_coal_1,1984,0.0,59872.813,.,.
SPPN_conventional_steam_coal_1,1986,0.0,59872.813,.,.
SPPN_conventional_steam_coal_1,1987,0.0,59872.813,.,.
SPPN_conventional_steam_coal_1,1988,0.0,59872.813,.,.
SPPN_conventional_steam_coal_1,2009,0.0,59872.813,.,.
SPPN_conventional_steam_coal_2,1957,0.0,74035.275,.,.
SPPN_conventional_steam_coal_2,1961,0.0,74035.275,.,.
SPPN_conventional_steam_coal_2,1963,0.0,74035.275,.,.
SPPN_conventional_steam_coal_2,1965,0.0,74035.275,.,.
SPPN_conventional_steam_coal_2,1968,0.0,74035.275,.,.
SPPN_conventional_steam_coal_2,1976,0.0,74035.275,.,.
SPPN_conventional_steam_coal_2,1981,0.0,74035.275,.,.
SPPN_conventional_steam_coal_2,1982,0.0,74035.275,.,.
SPPN_conventional_steam_coal_2,2010,0.0,74035.275,.,.
SPPN_conventional_steam_coal_2,2011,0.0,74035.275,.,.
SPPN_nuclear_1,1974,0.0,343964.0,.,.
SPPN_onshore_wind_turbine_1,1998,0.0,30300.0,.,.
SPPN_onshore_wind_turbine_1,1999,0.0,30300.0,.,.
SPPN_onshore_wind_turbine_1,2001,0.0,30300.0,.,.
SPPN_onshore_wind_turbine_1,2003,0.0,30300.0,.,.
SPPN_onshore_wind_turbine_1,2005,0.0,30300.0,.,.
SPPN_onshore_wind_turbine_1,2006,0.0,30300.0,.,.
SPPN_onshore_wind_turbine_1,2009,0.0,30300.0,.,.
SPPN_onshore_wind_turbine_1,2010,0.0,30300.0,.,.
SPPN_onshore_wind_turbine_1,2011,0.0,30300.0,.,.
SPPN_onshore_wind_turbine_1,2012,0.0,30300.0,.,.
SPPN_onshore_wind_turbine_1,2013,0.0,30300.0,.,.
SPPN_onshore_wind_turbine_1,2014,0.0,30300.0,.,.
SPPN_onshore_wind_turbine_1,2015,0.0,30300.0,.,.
SPPN_onshore_wind_turbine_1,2016,0.0,30300.0,.,.
SPPN_onshore_wind_turbine_1,2017,0.0,30300.0,.,.
SPPN_onshore_wind_turbine_1,2018,0.0,30300.0,.,.
SPPN_onshore_wind_turbine_1,2019,0.0,30300.0,.,.
SPPN_onshore_wind_turbine_1,2020,0.0,30300.0,.,.
SPPN_onshore_wind_turbine_1,2021,0.0,30300.0,.,.
SPPN_onshore_wind_turbine_1,2022,0.0,30300.0,.,.
SPPN_onshore_wind_turbine_1,2023,0.0,30300.0,.,.
SPPN_petroleum_liquids_1,1915,0.0,24000.0,.,.
SPPN_petroleum_liquids_1,1930,0.0,24000.0,.,.
SPPN_petroleum_liquids_1,1931,0.0,24000.0,.,.
SPPN_petroleum_liquids_1,1936,0.0,24000.0,.,.
SPPN_petroleum_liquids_1,1937,0.0,24000.0,.,.
SPPN_petroleum_liquids_1,1945,0.0,24000.0,.,.
SPPN_petroleum_liquids_1,1947,0.0,24000.0,.,.
SPPN_petroleum_liquids_1,1949,0.0,24000.0,.,.
SPPN_petroleum_liquids_1,1951,0.0,24000.0,.,.
SPPN_petroleum_liquids_1,1952,0.0,24000.0,.,.
SPPN_petroleum_liquids_1,1953,0.0,24000.0,.,.
SPPN_petroleum_liquids_1,1954,0.0,24000.0,.,.
SPPN_petroleum_liquids_1,1955,0.0,24000.0,.,.
SPPN_petroleum_liquids_1,1956,0.0,24000.0,.,.
SPPN_petroleum_liquids_1,1957,0.0,24000.0,.,.
SPPN_petroleum_liquids_1,1959,0.0,24000.0,.,.
SPPN_petroleum_liquids_1,1960,0.0,24000.0,.,.
SPPN_petroleum_liquids_1,1961,0.0,24000.0,.,.
SPPN_petroleum_liquids_1,1963,0.0,24000.0,.,.
SPPN_petroleum_liquids_1,1964,0.0,24000.0,.,.
SPPN_petroleum_liquids_1,1965,0.0,24000.0,.,.
SPPN_petroleum_liquids_1,1966,0.0,24000.0,.,.
SPPN_petroleum_liquids_1,1967,0.0,24000.0,.,.
SPPN_petroleum_liquids_1,1968,0.0,24000.0,.,.
SPPN_petroleum_liquids_1,1969,0.0,24000.0,.,.
SPPN_petroleum_liquids_1,1970,0.0,24000.0,.,.
SPPN_petroleum_liquids_1,1971,0.0,24000.0,.,.
SPPN_petroleum_liquids_1,1972,0.0,24000.0,.,.
SPPN_petroleum_liquids_1,1973,0.0,24000.0,.,.
SPPN_petroleum_liquids_1,1974,0.0,24000.0,.,.
SPPN_petroleum_liquids_1,1975,0.0,24000.0,.,.
SPPN_petroleum_liquids_1,1978,0.0,24000.0,.,.
SPPN_petroleum_liquids_1,1980,0.0,24000.0,.,.
SPPN_petroleum_liquids_1,1982,0.0,24000.0,.,.
SPPN_petroleum_liquids_1,1983,0.0,24000.0,.,.
SPPN_petroleum_liquids_1,1987,0.0,24000.0,.,.
SPPN_petroleum_liquids_1,1994,0.0,24000.0,.,.
SPPN_petroleum_liquids_1,1996,0.0,24000.0,.,.
SPPN_petroleum_liquids_1,1997,0.0,24000.0,.,.
SPPN_petroleum_liquids_1,1998,0.0,24000.0,.,.
SPPN_petroleum_liquids_1,1999,0.0,24000.0,.,.
SPPN_petroleum_liquids_1,2004,0.0,24000.0,.,.
SPPN_petroleum_liquids_1,2005,0.0,24000.0,.,.
SPPN_petroleum_liquids_1,2006,0.0,24000.0,.,.
SPPN_petroleum_liquids_1,2007,0.0,24000.0,.,.
SPPN_petroleum_liquids_1,2010,0.0,24000.0,.,.
SPPN_petroleum_liquids_1,2011,0.0,24000.0,.,.
SPPN_petroleum_liquids_1,2020,0.0,24000.0,.,.
SPPN_small_hydroelectric_1,1919,0.0,47048.0,.,.
SPPN_small_hydroelectric_1,1921,0.0,47048.0,.,.
SPPN_small_hydroelectric_1,1935,0.0,47048.0,.,.
SPPN_small_hydroelectric_1,1936,0.0,47048.0,.,.
SPPN_small_hydroelectric_1,1941,0.0,47048.0,.,.
SPPN_small_hydroelectric_1,1956,0.0,47048.0,.,.
SPPN_solar_photovoltaic_1,2016,0.0,22528.0,.,.
SPPN_solar_photovoltaic_1,2017,0.0,22528.0,.,.
SPPN_solar_photovoltaic_1,2018,0.0,22528.0,.,.
SPPN_solar_photovoltaic_1,2019,0.0,22528.0,.,.
SPPN_solar_photovoltaic_1,2020,0.0,22528.0,.,.
SPPN_solar_photovoltaic_1,2021,0.0,22528.0,.,.
SPPN_solar_photovoltaic_1,2022,0.0,22528.0,.,.
SPPN_solar_photovoltaic_1,2023,0.0,22528.0,.,.
SPPS_batteries_1,2019,0.0,7476.0,0.0,0.0
SPPS_batteries_1,2020,0.0,7476.0,0.0,0.0
SPPS_batteries_1,2024,0.0,7476.0,0.0,0.0
SPPS_biomass_1,1983,0.0,157220.0,.,.
SPPS_biomass_1,2000,0.0,157220.0,.,.
SPPS_biomass_1,2001,0.0,157220.0,.,.
SPPS_biomass_1,2010,0.0,157220.0,.,.
SPPS_biomass_2,1968,0.0,157220.0,.,.
SPPS_biomass_2,1971,0.0,157220.0,.,.
SPPS_biomass_2,1972,0.0,157220.0,.,.
SPPS_biomass_2,1977,0.0,157220.0,.,.
SPPS_biomass_2,1979,0.0,157220.0,.,.
SPPS_biomass_2,1991,0.0,157220.0,.,.
SPPS_conventional_hydroelectric_1,1940,0.0,47048.0,.,.
SPPS_conventional_hydroelectric_1,1944,0.0,47048.0,.,.
SPPS_conventional_hydroelectric_1,1946,0.0,47048.0,.,.
SPPS_conventional_hydroelectric_1,1950,0.0,47048.0,.,.
SPPS_conventional_hydroelectric_1,1952,0.0,47048.0,.,.
SPPS_conventional_hydroelectric_1,1953,0.0,47048.0,.,.
SPPS_conventional_hydroelectric_1,1959,0.0,47048.0,.,.
SPPS_conventional_hydroelectric_1,1961,0.0,47048.0,.,.
SPPS_conventional_hydroelectric_1,1962,0.0,47048.0,.,.
SPPS_conventional_hydroelectric_1,1963,0.0,47048.0,.,.
SPPS_conventional_hydroelectric_1,1964,0.0,47048.0,.,.
SPPS_conventional_hydroelectric_1,1965,0.0,47048.0,.,.
SPPS_conventional_hydroelectric_1,1966,0.0,47048.0,.,.
SPPS_conventional_hydroelectric_1,1968,0.0,47048.0,.,.
SPPS_conventional_hydroelectric_1,1970,0.0,47048.0,.,.
SPPS_conventional_hydroelectric_1,1971,0.0,47048.0,.,.
SPPS_conventional_hydroelectric_1,1972,0.0,47048.0,.,.
SPPS_conventional_hydroelectric_1,1973,0.0,47048.0,.,.
SPPS_conventional_hydroelectric_1,1974,0.0,47048.0,.,.
SPPS_conventional_hydroelectric_1,1992,0.0,47048.0,.,.
SPPS_conventional_steam_coal_1,1963,0.0,57919.182,.,.
SPPS_conventional_steam_coal_1,1971,0.0,57919.182,.,.
SPPS_conventional_steam_coal_1,1972,0.0,57919.182,.,.
SPPS_conventional_steam_coal_1,1973,0.0,57919.182,.,.
SPPS_conventional_steam_coal_1,1975,0.0,57919.182,.,.
SPPS_conventional_steam_coal_1,1979,0.0,57919.182,.,.
SPPS_conventional_steam_coal_1,1980,0.0,57919.182,.,.
SPPS_conventional_steam_coal_1,1984,0.0,57919.182,.,.
SPPS_conventional_steam_coal_1,2012,0.0,57919.182,.,.
SPPS_conventional_steam_coal_2,1978,0.0,75020.394,.,.
SPPS_conventional_steam_coal_2,1979,0.0,75020.394,.,.
SPPS_conventional_steam_coal_2,1981,0.0,75020.394,.,.
SPPS_conventional_steam_coal_2,1982,0.0,75020.394,.,.
SPPS_conventional_steam_coal_2,1985,0.0,75020.394,.,.
SPPS_conventional_steam_coal_2,1990,0.0,75020.394,.,.
SPPS_hydroelectric_pumped_storage_1,1968,0.0,47048.0,0.0,0.0
SPPS_hydroelectric_pumped_storage_1,1971,0.0,47048.0,0.0,0.0
SPPS_hydroelectric_pumped_storage_1,1972,0.0,47048.0,0.0,0.0
SPPS_hydroelectric_pumped_storage_1,1979,0.0,47048.0,0.0,0.0
SPPS_hydroelectric_pumped_storage_1,1981,0.0,47048.0,0.0,0.0
SPPS_hydroelectric_pumped_storage_1,1982,0.0,47048.0,0.0,0.0
SPPS_onshore_wind_turbine_1,2001,0.0,30300.0,.,.
SPPS_onshore_wind_turbine_1,2003,0.0,30300.0,.,.
SPPS_onshore_wind_turbine_1,2004,0.0,30300.0,.,.
SPPS_onshore_wind_turbine_1,2005,0.0,30300.0,.,.
SPPS_onshore_wind_turbine_1,2006,0.0,30300.0,.,.
SPPS_onshore_wind_turbine_1,2007,0.0,30300.0,.,.
SPPS_onshore_wind_turbine_1,2008,0.0,30300.0,.,.
SPPS_onshore_wind_turbine_1,2009,0.0,30300.0,.,.
SPPS_onshore_wind_turbine_1,2010,0.0,30300.0,.,.
SPPS_onshore_wind_turbine_1,2011,0.0,30300.0,.,.
SPPS_onshore_wind_turbine_1,2012,0.0,30300.0,.,.
SPPS_onshore_wind_turbine_1,2014,0.0,30300.0,.,.
SPPS_onshore_wind_turbine_1,2015,0.0,30300.0,.,.
SPPS_onshore_wind_turbine_1,2016,0.0,30300.0,.,.
SPPS_onshore_wind_turbine_1,2017,0.0,30300.0,.,.
SPPS_onshore_wind_turbine_1,2018,0.0,30300.0,.,.
SPPS_onshore_wind_turbine_1,2019,0.0,30300.0,.,.
SPPS_onshore_wind_turbine_1,2020,0.0,30300.0,.,.
SPPS_onshore_wind_turbine_1,2021,0.0,30300.0,.,.
SPPS_onshore_wind_turbine_1,2022,0.0,30300.0,.,.
SPPS_onshore_wind_turbine_1,2023,0.0,30300.0,.,.
SPPS_onshore_wind_turbine_1,2024,0.0,30300.0,.,.
SPPS_petroleum_liquids_1,1936,0.0,24000.0,.,.
SPPS_petroleum_liquids_1,1939,0.0,24000.0,.,.
SPPS_petroleum_liquids_1,1946,0.0,24000.0,.,.
SPPS_petroleum_liquids_1,1949,0.0,24000.0,.,.
SPPS_petroleum_liquids_1,1952,0.0,24000.0,.,.
SPPS_petroleum_liquids_1,1954,0.0,24000.0,.,.
SPPS_petroleum_liquids_1,1956,0.0,24000.0,.,.
SPPS_petroleum_liquids_1,1957,0.0,24000.0,.,.
SPPS_petroleum_liquids_1,1958,0.0,24000.0,.,.
SPPS_petroleum_liquids_1,1960,0.0,24000.0,.,.
SPPS_petroleum_liquids_1,1962,0.0,24000.0,.,.
SPPS_petroleum_liquids_1,1963,0.0,24000.0,.,.
SPPS_petroleum_liquids_1,1964,0.0,24000.0,.,.
SPPS_petroleum_liquids_1,1965,0.0,24000.0,.,.
SPPS_petroleum_liquids_1,1966,0.0,24000.0,.,.
SPPS_petroleum_liquids_1,1967,0.0,24000.0,.,.
SPPS_petroleum_liquids_1,1969,0.0,24000.0,.,.
SPPS_petroleum_liquids_1,1970,0.0,24000.0,.,.
SPPS_petroleum_liquids_1,1971,0.0,24000.0,.,.
SPPS_petroleum_liquids_1,1972,0.0,24000.0,.,.
SPPS_petroleum_liquids_1,1973,0.0,24000.0,.,.
SPPS_petroleum_liquids_1,1975,0.0,24000.0,.,.
SPPS_petroleum_liquids_1,1976,0.0,24000.0,.,.
SPPS_petroleum_liquids_1,1980,0.0,24000.0,.,.
SPPS_petroleum_liquids_1,1982,0.0,24000.0,.,.
SPPS_petroleum_liquids_1,1983,0.0,24000.0,.,.
SPPS_petroleum_liquids_1,1988,0.0,24000.0,.,.
SPPS_petroleum_liquids_1,1991,0.0,24000.0,.,.
SPPS_petroleum_liquids_1,1996,0.0,24000.0,.,.
SPPS_petroleum_liquids_1,2001,0.0,24000.0,.,.
SPPS_petroleum_liquids_1,2002,0.0,24000.0,.,.
SPPS_petroleum_liquids_1,2006,0.0,24000.0,.,.
SPPS_petroleum_liquids_1,2010,0.0,24000.0,.,.
SPPS_petroleum_liquids_1,2012,0.0,24000.0,.,.
SPPS_petroleum_liquids_1,2019,0.0,24000.0,.,.
SPPS_petroleum_liquids_1,2023,0.0,24000.0,.,.
SPPS_small_hydroelectric_1,1950,0.0,47048.0,.,.
SPPS_small_hydroelectric_1,1969,0.0,47048.0,.,.
SPPS_small_hydroelectric_1,1988,0.0,47048.0,.,.
SPPS_small_hydroelectric_1,1989,0.0,47048.0,.,.
SPPS_small_hydroelectric_1,2006,0.0,47048.0,.,.
SPPS_small_hydroelectric_1,2007,0.0,47048.0,.,.
SPPS_solar_photovoltaic_1,2011,0.0,22528.0,.,.
SPPS_solar_photovoltaic_1,2013,0.0,22528.0,.,.
SPPS_solar_photovoltaic_1,2015,0.0,22528.0,.,.
SPPS_solar_photovoltaic_1,2016,0.0,22528.0,.,.
SPPS_solar_photovoltaic_1,2017,0.0,22528.0,.,.
SPPS_solar_photovoltaic_1,2018,0.0,22528.0,.,.
SPPS_solar_photovoltaic_1,2019,0.0,22528.0,.,.
SPPS_solar_photovoltaic_1,2020,0.0,22528.0,.,.
SPPS_solar_photovoltaic_1,2021,0.0,22528.0,.,.
SPPS_solar_photovoltaic_1,2022,0.0,22528.0,.,.
SPPS_solar_photovoltaic_1,2023,0.0,22528.0,.,.
SRCA_batteries_1,2017,0.0,7476.0,0.0,0.0
SRCA_batteries_1,2018,0.0,7476.0,0.0,0.0
SRCA_batteries_1,2019,0.0,7476.0,0.0,0.0
SRCA_batteries_1,2020,0.0,7476.0,0.0,0.0
SRCA_batteries_1,2021,0.0,7476.0,0.0,0.0
SRCA_batteries_1,2022,0.0,7476.0,0.0,0.0
SRCA_batteries_1,2023,0.0,7476.0,0.0,0.0
SRCA_biomass_1,1987,0.0,157220.0,.,.
SRCA_biomass_1,1995,0.0,157220.0,.,.
SRCA_biomass_1,1996,0.0,157220.0,.,.
SRCA_biomass_1,1999,0.0,157220.0,.,.
SRCA_biomass_1,2001,0.0,157220.0,.,.
SRCA_biomass_1,2002,0.0,157220.0,.,.
SRCA_biomass_1,2007,0.0,157220.0,.,.
SRCA_biomass_1,2012,0.0,157220.0,.,.
SRCA_biomass_1,2013,0.0,157220.0,.,.
SRCA_biomass_2,1947,0.0,157220.0,.,.
SRCA_biomass_2,1957,0.0,157220.0,.,.
SRCA_biomass_2,1963,0.0,157220.0,.,.
SRCA_biomass_2,1966,0.0,157220.0,.,.
SRCA_biomass_2,1974,0.0,157220.0,.,.
SRCA_biomass_2,1976,0.0,157220.0,.,.
SRCA_biomass_2,1984,0.0,157220.0,.,.
SRCA_biomass_2,1985,0.0,157220.0,.,.
SRCA_biomass_2,1989,0.0,157220.0,.,.
SRCA_biomass_2,1990,0.0,157220.0,.,.
SRCA_biomass_2,1991,0.0,157220.0,.,.
SRCA_biomass_2,1992,0.0,157220.0,.,.
SRCA_biomass_2,1993,0.0,157220.0,.,.
SRCA_biomass_2,1996,0.0,157220.0,.,.
SRCA_biomass_2,1997,0.0,157220.0,.,.
SRCA_biomass_2,1998,0.0,157220.0,.,.
SRCA_biomass_2,1999,0.0,157220.0,.,.
SRCA_biomass_2,2000,0.0,157220.0,.,.
SRCA_biomass_2,2001,0.0,157220.0,.,.
SRCA_biomass_2,2002,0.0,157220.0,.,.
SRCA_biomass_2,2003,0.0,157220.0,.,.
SRCA_biomass_2,2004,0.0,157220.0,.,.
SRCA_biomass_2,2005,0.0,157220.0,.,.
SRCA_biomass_2,2009,0.0,157220.0,.,.
SRCA_biomass_2,2010,0.0,157220.0,.,.
SRCA_biomass_2,2013,0.0,157220.0,.,.
SRCA_biomass_2,2014,0.0,157220.0,.,.
SRCA_biomass_2,2016,0.0,157220.0,.,.
SRCA_biomass_2,2019,0.0,157220.0,.,.
SRCA_conventional_hydroelectric_1,1916,0.0,47048.0,.,.
SRCA_conventional_hydroelectric_1,1917,0.0,47048.0,.,.
SRCA_conventional_hydroelectric_1,1919,0.0,47048.0,.,.
SRCA_conventional_hydroelectric_1,1922,0.0,47048.0,.,.
SRCA_conventional_hydroelectric_1,1923,0.0,47048.0,.,.
SRCA_conventional_hydroelectric_1,1924,0.0,47048.0,.,.
SRCA_conventional_hydroelectric_1,1925,0.0,47048.0,.,.
SRCA_conventional_hydroelectric_1,1926,0.0,47048.0,.,.
SRCA_conventional_hydroelectric_1,1927,0.0,47048.0,.,.
SRCA_conventional_hydroelectric_1,1928,0.0,47048.0,.,.
SRCA_conventional_hydroelectric_1,1929,0.0,47048.0,.,.
SRCA_conventional_hydroelectric_1,1930,0.0,47048.0,.,.
SRCA_conventional_hydroelectric_1,1942,0.0,47048.0,.,.
SRCA_conventional_hydroelectric_1,1949,0.0,47048.0,.,.
SRCA_conventional_hydroelectric_1,1953,0.0,47048.0,.,.
SRCA_conventional_hydroelectric_1,1954,0.0,47048.0,.,.
SRCA_conventional_hydroelectric_1,1960,0.0,47048.0,.,.
SRCA_conventional_hydroelectric_1,1962,0.0,47048.0,.,.
SRCA_conventional_hydroelectric_1,1963,0.0,47048.0,.,.
SRCA_conventional_hydroelectric_1,1967,0.0,47048.0,.,.
SRCA_conventional_hydroelectric_1,1971,0.0,47048.0,.,.
SRCA_conventional_hydroelectric_1,1985,0.0,47048.0,.,.
SRCA_conventional_hydroelectric_1,2011,0.0,47048.0,.,.
SRCA_conventional_steam_coal_1,1963,0.0,63372.579,.,.
SRCA_conventional_steam_coal_1,1966,0.0,63372.579,.,.
SRCA_conventional_steam_coal_1,1968,0.0,63372.579,.,.
SRCA_conventional_steam_coal_1,1969,0.0,63372.579,.,.
SRCA_conventional_steam_coal_1,1970,0.0,63372.579,.,.
SRCA_conventional_steam_coal_1,1971,0.0,63372.579,.,.
SRCA_conventional_steam_coal_1,1972,0.0,63372.579,.,.
SRCA_conventional_steam_coal_1,1973,0.0,63372.579,.,.
SRCA_conventional_steam_coal_1,1974,0.0,63372.579,.,.
SRCA_conventional_steam_coal_1,1975,0.0,63372.579,.,.
SRCA_conventional_steam_coal_1,1980,0.0,63372.579,.,.
SRCA_conventional_steam_coal_1,1983,0.0,63372.579,.,.
SRCA_conventional_steam_coal_1,1984,0.0,63372.579,.,.
SRCA_conventional_steam_coal_1,1995,0.0,63372.579,.,.
SRCA_conventional_steam_coal_1,2007,0.0,63372.579,.,.
SRCA_conventional_steam_coal_1,2008,0.0,63372.579,.,.
SRCA_conventional_steam_coal_1,2012,0.0,63372.579,.,.
SRCA_conventional_steam_coal_2,1959,0.0,70292.181,.,.
SRCA_conventional_steam_coal_2,1973,0.0,70292.181,.,.
SRCA_hydroelectric_pumped_storage_1,1973,0.0,47048.0,0.0,0.0
SRCA_hydroelectric_pumped_storage_1,1975,0.0,47048.0,0.0,0.0
SRCA_hydroelectric_pumped_storage_1,1978,0.0,47048.0,0.0,0.0
SRCA_hydroelectric_pumped_storage_1,1991,0.0,47048.0,0.0,0.0
SRCA_nuclear_1,1971,0.0,216694.031,.,.
SRCA_nuclear_1,1973,0.0,216694.031,.,.
SRCA_nuclear_1,1974,0.0,216694.031,.,.
SRCA_nuclear_1,1975,0.0,216694.031,.,.
SRCA_nuclear_1,1977,0.0,216694.031,.,.
SRCA_nuclear_1,1981,0.0,216694.031,.,.
SRCA_nuclear_1,1984,0.0,216694.031,.,.
SRCA_nuclear_1,1985,0.0,216694.031,.,.
SRCA_nuclear_1,1986,0.0,216694.031,.,.
SRCA_nuclear_1,1987,0.0,216694.031,.,.
SRCA_petroleum_liquids_1,1962,0.0,24000.0,.,.
SRCA_petroleum_liquids_1,1967,0.0,24000.0,.,.
SRCA_petroleum_liquids_1,1970,0.0,24000.0,.,.
SRCA_petroleum_liquids_1,1971,0.0,24000.0,.,.
SRCA_petroleum_liquids_1,1972,0.0,24000.0,.,.
SRCA_petroleum_liquids_1,1973,0.0,24000.0,.,.
SRCA_petroleum_liquids_1,1974,0.0,24000.0,.,.
SRCA_petroleum_liquids_1,1975,0.0,24000.0,.,.
SRCA_petroleum_liquids_1,1976,0.0,24000.0,.,.
SRCA_petroleum_liquids_1,1978,0.0,24000.0,.,.
SRCA_petroleum_liquids_1,1979,0.0,24000.0,.,.
SRCA_petroleum_liquids_1,1987,0.0,24000.0,.,.
SRCA_petroleum_liquids_1,1988,0.0,24000.0,.,.
SRCA_petroleum_liquids_1,1991,0.0,24000.0,.,.
SRCA_petroleum_liquids_1,1993,0.0,24000.0,.,.
SRCA_petroleum_liquids_1,1994,0.0,24000.0,.,.
SRCA_petroleum_liquids_1,1995,0.0,24000.0,.,.
SRCA_petroleum_liquids_1,1998,0.0,24000.0,.,.
SRCA_petroleum_liquids_1,1999,0.0,24000.0,.,.
SRCA_petroleum_liquids_1,2002,0.0,24000.0,.,.
SRCA_petroleum_liquids_1,2003,0.0,24000.0,.,.
SRCA_petroleum_liquids_1,2004,0.0,24000.0,.,.
SRCA_petroleum_liquids_1,2005,0.0,24000.0,.,.
SRCA_petroleum_liquids_1,2006,0.0,24000.0,.,.
SRCA_petroleum_liquids_1,2007,0.0,24000.0,.,.
SRCA_petroleum_liquids_1,2008,0.0,24000.0,.,.
SRCA_petroleum_liquids_1,2009,0.0,24000.0,.,.
SRCA_petroleum_liquids_1,2011,0.0,24000.0,.,.
SRCA_petroleum_liquids_1,2012,0.0,24000.0,.,.
SRCA_petroleum_liquids_1,2013,0.0,24000.0,.,.
SRCA_petroleum_liquids_1,2015,0.0,24000.0,.,.
SRCA_petroleum_liquids_1,2019,0.0,24000.0,.,.
SRCA_small_hydroelectric_1,1905,0.0,47048.0,.,.
SRCA_small_hydroelectric_1,1907,0.0,47048.0,.,.
SRCA_small_hydroelectric_1,1908,0.0,47048.0,.,.
SRCA_small_hydroelectric_1,1910,0.0,47048.0,.,.
SRCA_small_hydroelectric_1,1912,0.0,47048.0,.,.
SRCA_small_hydroelectric_1,1914,0.0,47048.0,.,.
SRCA_small_hydroelectric_1,1915,0.0,47048.0,.,.
SRCA_small_hydroelectric_1,1920,0.0,47048.0,.,.
SRCA_small_hydroelectric_1,1921,0.0,47048.0,.,.
SRCA_small_hydroelectric_1,1924,0.0,47048.0,.,.
SRCA_small_hydroelectric_1,1925,0.0,47048.0,.,.
SRCA_small_hydroelectric_1,1926,0.0,47048.0,.,.
SRCA_small_hydroelectric_1,1927,0.0,47048.0,.,.
SRCA_small_hydroelectric_1,1934,0.0,47048.0,.,.
SRCA_small_hydroelectric_1,1939,0.0,47048.0,.,.
SRCA_small_hydroelectric_1,1941,0.0,47048.0,.,.
SRCA_small_hydroelectric_1,1943,0.0,47048.0,.,.
SRCA_small_hydroelectric_1,1949,0.0,47048.0,.,.
SRCA_small_hydroelectric_1,1950,0.0,47048.0,.,.
SRCA_small_hydroelectric_1,1952,0.0,47048.0,.,.
SRCA_small_hydroelectric_1,1954,0.0,47048.0,.,.
SRCA_small_hydroelectric_1,1955,0.0,47048.0,.,.
SRCA_small_hydroelectric_1,1981,0.0,47048.0,.,.
SRCA_small_hydroelectric_1,1982,0.0,47048.0,.,.
SRCA_small_hydroelectric_1,1985,0.0,47048.0,.,.
SRCA_small_hydroelectric_1,1986,0.0,47048.0,.,.
SRCA_small_hydroelectric_1,1987,0.0,47048.0,.,.
SRCA_small_hydroelectric_1,1988,0.0,47048.0,.,.
SRCA_small_hydroelectric_1,1989,0.0,47048.0,.,.
SRCA_small_hydroelectric_1,1996,0.0,47048.0,.,.
SRCA_small_hydroelectric_1,1997,0.0,47048.0,.,.
SRCA_small_hydroelectric_1,2000,0.0,47048.0,.,.
SRCA_small_hydroelectric_1,2012,0.0,47048.0,.,.
SRCA_small_hydroelectric_1,2013,0.0,47048.0,.,.
SRCA_solar_photovoltaic_1,2008,0.0,22528.0,.,.
SRCA_solar_photovoltaic_1,2010,0.0,22528.0,.,.
SRCA_solar_photovoltaic_1,2011,0.0,22528.0,.,.
SRCA_solar_photovoltaic_1,2012,0.0,22528.0,.,.
SRCA_solar_photovoltaic_1,2013,0.0,22528.0,.,.
SRCA_solar_photovoltaic_1,2014,0.0,22528.0,.,.
SRCA_solar_photovoltaic_1,2015,0.0,22528.0,.,.
SRCA_solar_photovoltaic_1,2016,0.0,22528.0,.,.
SRCA_solar_photovoltaic_1,2017,0.0,22528.0,.,.
SRCA_solar_photovoltaic_1,2018,0.0,22528.0,.,.
SRCA_solar_photovoltaic_1,2019,0.0,22528.0,.,.
SRCA_solar_photovoltaic_1,2020,0.0,22528.0,.,.
SRCA_solar_photovoltaic_1,2021,0.0,22528.0,.,.
SRCA_solar_photovoltaic_1,2022,0.0,22528.0,.,.
SRCA_solar_photovoltaic_1,2023,0.0,22528.0,.,.
SRCA_solar_photovoltaic_1,2024,0.0,22528.0,.,.
SRCA_solar_photovoltaic_1,2025,0.0,22528.0,.,.
SRCA_solar_photovoltaic_1,2026,0.0,22528.0,.,.
SRCE_batteries_1,2017,0.0,7476.0,0.0,0.0
SRCE_batteries_1,2023,0.0,7476.0,0.0,0.0
SRCE_biomass_1,1954,0.0,157220.0,.,.
SRCE_biomass_1,1957,0.0,157220.0,.,.
SRCE_biomass_1,1982,0.0,157220.0,.,.
SRCE_biomass_1,1985,0.0,157220.0,.,.
SRCE_biomass_1,1987,0.0,157220.0,.,.
SRCE_biomass_1,2000,0.0,157220.0,.,.
SRCE_biomass_1,2001,0.0,157220.0,.,.
SRCE_biomass_1,2002,0.0,157220.0,.,.
SRCE_biomass_1,2003,0.0,157220.0,.,.
SRCE_biomass_1,2005,0.0,157220.0,.,.
SRCE_biomass_1,2006,0.0,157220.0,.,.
SRCE_biomass_1,2009,0.0,157220.0,.,.
SRCE_biomass_1,2010,0.0,157220.0,.,.
SRCE_biomass_2,1990,0.0,157220.0,.,.
SRCE_biomass_2,1995,0.0,157220.0,.,.
SRCE_biomass_2,2002,0.0,157220.0,.,.
SRCE_conventional_hydroelectric_1,1916,0.0,47048.0,.,.
SRCE_conventional_hydroelectric_1,1924,0.0,47048.0,.,.
SRCE_conventional_hydroelectric_1,1925,0.0,47048.0,.,.
SRCE_conventional_hydroelectric_1,1928,0.0,47048.0,.,.
SRCE_conventional_hydroelectric_1,1930,0.0,47048.0,.,.
SRCE_conventional_hydroelectric_1,1936,0.0,47048.0,.,.
SRCE_conventional_hydroelectric_1,1937,0.0,47048.0,.,.
SRCE_conventional_hydroelectric_1,1938,0.0,47048.0,.,.
SRCE_conventional_hydroelectric_1,1939,0.0,47048.0,.,.
SRCE_conventional_hydroelectric_1,1940,0.0,47048.0,.,.
SRCE_conventional_hydroelectric_1,1941,0.0,47048.0,.,.
SRCE_conventional_hydroelectric_1,1942,0.0,47048.0,.,.
SRCE_conventional_hydroelectric_1,1943,0.0,47048.0,.,.
SRCE_conventional_hydroelectric_1,1944,0.0,47048.0,.,.
SRCE_conventional_hydroelectric_1,1945,0.0,47048.0,.,.
SRCE_conventional_hydroelectric_1,1948,0.0,47048.0,.,.
SRCE_conventional_hydroelectric_1,1949,0.0,47048.0,.,.
SRCE_conventional_hydroelectric_1,1950,0.0,47048.0,.,.
SRCE_conventional_hydroelectric_1,1951,0.0,47048.0,.,.
SRCE_conventional_hydroelectric_1,1952,0.0,47048.0,.,.
SRCE_conventional_hydroelectric_1,1953,0.0,47048.0,.,.
SRCE_conventional_hydroelectric_1,1954,0.0,47048.0,.,.
SRCE_conventional_hydroelectric_1,1957,0.0,47048.0,.,.
SRCE_conventional_hydroelectric_1,1958,0.0,47048.0,.,.
SRCE_conventional_hydroelectric_1,1961,0.0,47048.0,.,.
SRCE_conventional_hydroelectric_1,1962,0.0,47048.0,.,.
SRCE_conventional_hydroelectric_1,1963,0.0,47048.0,.,.
SRCE_conventional_hydroelectric_1,1964,0.0,47048.0,.,.
SRCE_conventional_hydroelectric_1,1966,0.0,47048.0,.,.
SRCE_conventional_hydroelectric_1,1968,0.0,47048.0,.,.
SRCE_conventional_hydroelectric_1,1972,0.0,47048.0,.,.
SRCE_conventional_hydroelectric_1,1973,0.0,47048.0,.,.
SRCE_conventional_hydroelectric_1,1974,0.0,47048.0,.,.
SRCE_conventional_hydroelectric_1,1977,0.0,47048.0,.,.
SRCE_conventional_hydroelectric_1,1987,0.0,47048.0,.,.
SRCE_conventional_hydroelectric_1,2012,0.0,47048.0,.,.
SRCE_conventional_hydroelectric_1,2013,0.0,47048.0,.,.
SRCE_conventional_hydroelectric_1,2016,0.0,47048.0,.,.
SRCE_conventional_hydroelectric_1,2024,0.0,47048.0,.,.
SRCE_conventional_hydroelectric_1,2026,0.0,47048.0,.,.
SRCE_conventional_steam_coal_1,1953,0.0,62311.052,.,.
SRCE_conventional_steam_coal_1,1958,0.0,62311.052,.,.
SRCE_conventional_steam_coal_1,1961,0.0,62311.052,.,.
SRCE_conventional_steam_coal_1,1962,0.0,62311.052,.,.
SRCE_conventional_steam_coal_1,1963,0.0,62311.052,.,.
SRCE_conventional_steam_coal_1,1966,0.0,62311.052,.,.
SRCE_conventional_steam_coal_1,1968,0.0,62311.052,.,.
SRCE_conventional_steam_coal_1,1971,0.0,62311.052,.,.
SRCE_conventional_steam_coal_1,1972,0.0,62311.052,.,.
SRCE_conventional_steam_coal_1,1974,0.0,62311.052,.,.
SRCE_conventional_steam_coal_1,1977,0.0,62311.052,.,.
SRCE_conventional_steam_coal_1,1978,0.0,62311.052,.,.
SRCE_conventional_steam_coal_1,1981,0.0,62311.052,.,.
SRCE_conventional_steam_coal_1,1982,0.0,62311.052,.,.
SRCE_conventional_steam_coal_1,1984,0.0,62311.052,.,.
SRCE_conventional_steam_coal_1,1990,0.0,62311.052,.,.
SRCE_conventional_steam_coal_1,2011,0.0,62311.052,.,.
SRCE_conventional_steam_coal_2,1936,0.0,71730.559,.,.
SRCE_conventional_steam_coal_2,1939,0.0,71730.559,.,.
SRCE_conventional_steam_coal_2,1941,0.0,71730.559,.,.
SRCE_conventional_steam_coal_2,1946,0.0,71730.559,.,.
SRCE_conventional_steam_coal_2,1949,0.0,71730.559,.,.
SRCE_conventional_steam_coal_2,1953,0.0,71730.559,.,.
SRCE_conventional_steam_coal_2,1960,0.0,71730.559,.,.
SRCE_conventional_steam_coal_2,1962,0.0,71730.559,.,.
SRCE_conventional_steam_coal_2,1963,0.0,71730.559,.,.
SRCE_conventional_steam_coal_2,1966,0.0,71730.559,.,.
SRCE_conventional_steam_coal_2,1972,0.0,71730.559,.,.
SRCE_conventional_steam_coal_2,1982,0.0,71730.559,.,.
SRCE_conventional_steam_coal_2,1994,0.0,71730.559,.,.
SRCE_conventional_steam_coal_2,2001,0.0,71730.559,.,.
SRCE_hydroelectric_pumped_storage_1,1956,0.0,47048.0,0.0,0.0
SRCE_hydroelectric_pumped_storage_1,1978,0.0,47048.0,0.0,0.0
SRCE_hydroelectric_pumped_storage_1,1979,0.0,47048.0,0.0,0.0
SRCE_nuclear_1,1974,0.0,193275.0,.,.
SRCE_nuclear_1,1975,0.0,193275.0,.,.
SRCE_nuclear_1,1977,0.0,193275.0,.,.
SRCE_nuclear_1,1981,0.0,193275.0,.,.
SRCE_nuclear_1,1982,0.0,193275.0,.,.
SRCE_nuclear_1,1996,0.0,193275.0,.,.
SRCE_nuclear_1,2016,0.0,193275.0,.,.
SRCE_onshore_wind_turbine_1,2000,0.0,30300.0,.,.
SRCE_onshore_wind_turbine_1,2004,0.0,30300.0,.,.
SRCE_petroleum_liquids_1,1934,0.0,24000.0,.,.
SRCE_petroleum_liquids_1,1947,0.0,24000.0,.,.
SRCE_petroleum_liquids_1,1949,0.0,24000.0,.,.
SRCE_petroleum_liquids_1,1952,0.0,24000.0,.,.
SRCE_petroleum_liquids_1,1954,0.0,24000.0,.,.
SRCE_petroleum_liquids_1,1974,0.0,24000.0,.,.
SRCE_petroleum_liquids_1,1998,0.0,24000.0,.,.
SRCE_petroleum_liquids_1,2000,0.0,24000.0,.,.
SRCE_petroleum_liquids_1,2001,0.0,24000.0,.,.
SRCE_petroleum_liquids_1,2002,0.0,24000.0,.,.
SRCE_small_hydroelectric_1,1912,0.0,47048.0,.,.
SRCE_small_hydroelectric_1,1913,0.0,47048.0,.,.
SRCE_small_hydroelectric_1,1914,0.0,47048.0,.,.
SRCE_small_hydroelectric_1,1926,0.0,47048.0,.,.
SRCE_small_hydroelectric_1,1931,0.0,47048.0,.,.
SRCE_small_hydroelectric_1,1943,0.0,47048.0,.,.
SRCE_small_hydroelectric_1,1950,0.0,47048.0,.,.
SRCE_small_hydroelectric_1,1954,0.0,47048.0,.,.
SRCE_small_hydroelectric_1,1956,0.0,47048.0,.,.
SRCE_small_hydroelectric_1,1970,0.0,47048.0,.,.
SRCE_small_hydroelectric_1,1993,0.0,47048.0,.,.
SRCE_small_hydroelectric_1,1994,0.0,47048.0,.,.
SRCE_small_hydroelectric_1,2007,0.0,47048.0,.,.
SRCE_small_hydroelectric_1,2008,0.0,47048.0,.,.
SRCE_small_hydroelectric_1,2021,0.0,47048.0,.,.
SRCE_small_hydroelectric_1,2022,0.0,47048.0,.,.
SRCE_solar_photovoltaic_1,2011,0.0,22528.0,.,.
SRCE_solar_photovoltaic_1,2012,0.0,22528.0,.,.
SRCE_solar_photovoltaic_1,2013,0.0,22528.0,.,.
SRCE_solar_photovoltaic_1,2014,0.0,22528.0,.,.
SRCE_solar_photovoltaic_1,2016,0.0,22528.0,.,.
SRCE_solar_photovoltaic_1,2017,0.0,22528.0,.,.
SRCE_solar_photovoltaic_1,2018,0.0,22528.0,.,.
SRCE_solar_photovoltaic_1,2019,0.0,22528.0,.,.
SRCE_solar_photovoltaic_1,2020,0.0,22528.0,.,.
SRCE_solar_photovoltaic_1,2021,0.0,22528.0,.,.
SRCE_solar_photovoltaic_1,2022,0.0,22528.0,.,.
SRCE_solar_photovoltaic_1,2023,0.0,22528.0,.,.
SRCE_solar_photovoltaic_1,2024,0.0,22528.0,.,.
SRSE_batteries_1,2020,0.0,7476.0,0.0,0.0
SRSE_batteries_1,2021,0.0,7476.0,0.0,0.0
SRSE_batteries_1,2022,0.0,7476.0,0.0,0.0
SRSE_batteries_1,2024,0.0,7476.0,0.0,0.0
SRSE_biomass_1,1930,0.0,157220.0,.,.
SRSE_biomass_1,1949,0.0,157220.0,.,.
SRSE_biomass_1,1954,0.0,157220.0,.,.
SRSE_biomass_1,1956,0.0,157220.0,.,.
SRSE_biomass_1,1957,0.0,157220.0,.,.
SRSE_biomass_1,1960,0.0,157220.0,.,.
SRSE_biomass_1,1963,0.0,157220.0,.,.
SRSE_biomass_1,1965,0.0,157220.0,.,.
SRSE_biomass_1,1966,0.0,157220.0,.,.
SRSE_biomass_1,1967,0.0,157220.0,.,.
SRSE_biomass_1,1968,0.0,157220.0,.,.
SRSE_biomass_1,1971,0.0,157220.0,.,.
SRSE_biomass_1,1980,0.0,157220.0,.,.
SRSE_biomass_1,1981,0.0,157220.0,.,.
SRSE_biomass_1,1982,0.0,157220.0,.,.
SRSE_biomass_1,1985,0.0,157220.0,.,.
SRSE_biomass_1,1990,0.0,157220.0,.,.
SRSE_biomass_1,1993,0.0,157220.0,.,.
SRSE_biomass_1,1995,0.0,157220.0,.,.
SRSE_biomass_1,1996,0.0,157220.0,.,.
SRSE_biomass_1,1998,0.0,157220.0,.,.
SRSE_biomass_1,2006,0.0,157220.0,.,.
SRSE_biomass_1,2007,0.0,157220.0,.,.
SRSE_biomass_1,2010,0.0,157220.0,.,.
SRSE_biomass_1,2011,0.0,157220.0,.,.
SRSE_biomass_1,2014,0.0,157220.0,.,.
SRSE_biomass_1,2017,0.0,157220.0,.,.
SRSE_biomass_1,2019,0.0,157220.0,.,.
SRSE_biomass_1,2023,0.0,157220.0,.,.
SRSE_biomass_2,1948,0.0,157220.0,.,.
SRSE_biomass_2,1967,0.0,157220.0,.,.
SRSE_biomass_2,1973,0.0,157220.0,.,.
SRSE_biomass_2,1978,0.0,157220.0,.,.
SRSE_biomass_2,1980,0.0,157220.0,.,.
SRSE_biomass_2,1981,0.0,157220.0,.,.
SRSE_biomass_2,1984,0.0,157220.0,.,.
SRSE_biomass_2,1991,0.0,157220.0,.,.
SRSE_biomass_2,1993,0.0,157220.0,.,.
SRSE_biomass_2,1996,0.0,157220.0,.,.
SRSE_biomass_2,1999,0.0,157220.0,.,.
SRSE_biomass_2,2000,0.0,157220.0,.,.
SRSE_biomass_2,2001,0.0,157220.0,.,.
SRSE_biomass_2,2003,0.0,157220.0,.,.
SRSE_biomass_2,2004,0.0,157220.0,.,.
SRSE_biomass_2,2010,0.0,157220.0,.,.
SRSE_biomass_2,2011,0.0,157220.0,.,.
SRSE_biomass_2,2013,0.0,157220.0,.,.
SRSE_biomass_2,2015,0.0,157220.0,.,.
SRSE_biomass_2,2017,0.0,157220.0,.,.
SRSE_conventional_hydroelectric_1,1913,0.0,47048.0,.,.
SRSE_conventional_hydroelectric_1,1914,0.0,47048.0,.,.
SRSE_conventional_hydroelectric_1,1915,0.0,47048.0,.,.
SRSE_conventional_hydroelectric_1,1920,0.0,47048.0,.,.
SRSE_conventional_hydroelectric_1,1923,0.0,47048.0,.,.
SRSE_conventional_hydroelectric_1,1924,0.0,47048.0,.,.
SRSE_conventional_hydroelectric_1,1926,0.0,47048.0,.,.
SRSE_conventional_hydroelectric_1,1927,0.0,47048.0,.,.
SRSE_conventional_hydroelectric_1,1928,0.0,47048.0,.,.
SRSE_conventional_hydroelectric_1,1929,0.0,47048.0,.,.
SRSE_conventional_hydroelectric_1,1931,0.0,47048.0,.,.
SRSE_conventional_hydroelectric_1,1949,0.0,47048.0,.,.
SRSE_conventional_hydroelectric_1,1950,0.0,47048.0,.,.
SRSE_conventional_hydroelectric_1,1951,0.0,47048.0,.,.
SRSE_conventional_hydroelectric_1,1952,0.0,47048.0,.,.
SRSE_conventional_hydroelectric_1,1953,0.0,47048.0,.,.
SRSE_conventional_hydroelectric_1,1955,0.0,47048.0,.,.
SRSE_conventional_hydroelectric_1,1956,0.0,47048.0,.,.
SRSE_conventional_hydroelectric_1,1959,0.0,47048.0,.,.
SRSE_conventional_hydroelectric_1,1961,0.0,47048.0,.,.
SRSE_conventional_hydroelectric_1,1962,0.0,47048.0,.,.
SRSE_conventional_hydroelectric_1,1963,0.0,47048.0,.,.
SRSE_conventional_hydroelectric_1,1964,0.0,47048.0,.,.
SRSE_conventional_hydroelectric_1,1966,0.0,47048.0,.,.
SRSE_conventional_hydroelectric_1,1967,0.0,47048.0,.,.
SRSE_conventional_hydroelectric_1,1968,0.0,47048.0,.,.
SRSE_conventional_hydroelectric_1,1970,0.0,47048.0,.,.
SRSE_conventional_hydroelectric_1,1975,0.0,47048.0,.,.
SRSE_conventional_hydroelectric_1,1980,0.0,47048.0,.,.
SRSE_conventional_hydroelectric_1,1983,0.0,47048.0,.,.
SRSE_conventional_hydroelectric_1,1985,0.0,47048.0,.,.
SRSE_conventional_hydroelectric_1,1986,0.0,47048.0,.,.
SRSE_conventional_hydroelectric_1,2003,0.0,47048.0,.,.
SRSE_conventional_hydroelectric_1,2004,0.0,47048.0,.,.
SRSE_conventional_hydroelectric_1,2005,0.0,47048.0,.,.
SRSE_conventional_steam_coal_1,1971,0.0,64606.92,.,.
SRSE_conventional_steam_coal_1,1972,0.0,64606.92,.,.
SRSE_conventional_steam_coal_1,1974,0.0,64606.92,.,.
SRSE_conventional_steam_coal_1,1975,0.0,64606.92,.,.
SRSE_conventional_steam_coal_1,1978,0.0,64606.92,.,.
SRSE_conventional_steam_coal_1,1985,0.0,64606.92,.,.
SRSE_conventional_steam_coal_1,1989,0.0,64606.92,.,.
SRSE_conventional_steam_coal_1,1991,0.0,64606.92,.,.
SRSE_conventional_steam_coal_2,1962,0.0,62052.831,.,.
SRSE_conventional_steam_coal_2,1969,0.0,62052.831,.,.
SRSE_conventional_steam_coal_2,1971,0.0,62052.831,.,.
SRSE_conventional_steam_coal_2,1982,0.0,62052.831,.,.
SRSE_conventional_steam_coal_2,1984,0.0,62052.831,.,.
SRSE_conventional_steam_coal_2,1987,0.0,62052.831,.,.
SRSE_hydroelectric_pumped_storage_1,1977,0.0,47048.0,0.0,0.0
SRSE_hydroelectric_pumped_storage_1,1979,0.0,47048.0,0.0,0.0
SRSE_hydroelectric_pumped_storage_1,1980,0.0,47048.0,0.0,0.0
SRSE_hydroelectric_pumped_storage_1,1995,0.0,47048.0,0.0,0.0
SRSE_hydroelectric_pumped_storage_1,2002,0.0,47048.0,0.0,0.0
SRSE_nuclear_1,1975,0.0,193275.0,.,.
SRSE_nuclear_1,1977,0.0,193275.0,.,.
SRSE_nuclear_1,1979,0.0,193275.0,.,.
SRSE_nuclear_1,1981,0.0,193275.0,.,.
SRSE_nuclear_1,1987,0.0,193275.0,.,.
SRSE_nuclear_1,1989,0.0,193275.0,.,.
SRSE_nuclear_1,2023,0.0,193275.0,.,.
SRSE_nuclear_1,2024,0.0,193275.0,.,.
SRSE_petroleum_liquids_1,1954,0.0,24000.0,.,.
SRSE_petroleum_liquids_1,1961,0.0,24000.0,.,.
SRSE_petroleum_liquids_1,1964,0.0,24000.0,.,.
SRSE_petroleum_liquids_1,1970,0.0,24000.0,.,.
SRSE_petroleum_liquids_1,1971,0.0,24000.0,.,.
SRSE_petroleum_liquids_1,1972,0.0,24000.0,.,.
SRSE_petroleum_liquids_1,1973,0.0,24000.0,.,.
SRSE_petroleum_liquids_1,1981,0.0,24000.0,.,.
SRSE_petroleum_liquids_1,1982,0.0,24000.0,.,.
SRSE_petroleum_liquids_1,1984,0.0,24000.0,.,.
SRSE_petroleum_liquids_1,1986,0.0,24000.0,.,.
SRSE_petroleum_liquids_1,1988,0.0,24000.0,.,.
SRSE_petroleum_liquids_1,1989,0.0,24000.0,.,.
SRSE_petroleum_liquids_1,1991,0.0,24000.0,.,.
SRSE_petroleum_liquids_1,1992,0.0,24000.0,.,.
SRSE_petroleum_liquids_1,1993,0.0,24000.0,.,.
SRSE_petroleum_liquids_1,1994,0.0,24000.0,.,.
SRSE_petroleum_liquids_1,1995,0.0,24000.0,.,.
SRSE_petroleum_liquids_1,1996,0.0,24000.0,.,.
SRSE_petroleum_liquids_1,1997,0.0,24000.0,.,.
SRSE_petroleum_liquids_1,1998,0.0,24000.0,.,.
SRSE_petroleum_liquids_1,2000,0.0,24000.0,.,.
SRSE_petroleum_liquids_1,2001,0.0,24000.0,.,.
SRSE_petroleum_liquids_1,2002,0.0,24000.0,.,.
SRSE_petroleum_liquids_1,2003,0.0,24000.0,.,.
SRSE_petroleum_liquids_1,2004,0.0,24000.0,.,.
SRSE_petroleum_liquids_1,2005,0.0,24000.0,.,.
SRSE_petroleum_liquids_1,2007,0.0,24000.0,.,.
SRSE_petroleum_liquids_1,2008,0.0,24000.0,.,.
SRSE_petroleum_liquids_1,2013,0.0,24000.0,.,.
SRSE_petroleum_liquids_1,2015,0.0,24000.0,.,.
SRSE_petroleum_liquids_1,2020,0.0,24000.0,.,.
SRSE_small_hydroelectric_1,1903,0.0,47048.0,.,.
SRSE_small_hydroelectric_1,1911,0.0,47048.0,.,.
SRSE_small_hydroelectric_1,1916,0.0,47048.0,.,.
SRSE_small_hydroelectric_1,1917,0.0,47048.0,.,.
SRSE_small_hydroelectric_1,1921,0.0,47048.0,.,.
SRSE_small_hydroelectric_1,1925,0.0,47048.0,.,.
SRSE_small_hydroelectric_1,1926,0.0,47048.0,.,.
SRSE_small_hydroelectric_1,1927,0.0,47048.0,.,.
SRSE_small_hydroelectric_1,1930,0.0,47048.0,.,.
SRSE_small_hydroelectric_1,1944,0.0,47048.0,.,.
SRSE_small_hydroelectric_1,1946,0.0,47048.0,.,.
SRSE_small_hydroelectric_1,1949,0.0,47048.0,.,.
SRSE_small_hydroelectric_1,1985,0.0,47048.0,.,.
SRSE_small_hydroelectric_1,1986,0.0,47048.0,.,.
SRSE_small_hydroelectric_1,1988,0.0,47048.0,.,.
SRSE_solar_photovoltaic_1,2011,0.0,22528.0,.,.
SRSE_solar_photovoltaic_1,2012,0.0,22528.0,.,.
SRSE_solar_photovoltaic_1,2013,0.0,22528.0,.,.
SRSE_solar_photovoltaic_1,2014,0.0,22528.0,.,.
SRSE_solar_photovoltaic_1,2015,0.0,22528.0,.,.
SRSE_solar_photovoltaic_1,2016,0.0,22528.0,.,.
SRSE_solar_photovoltaic_1,2017,0.0,22528.0,.,.
SRSE_solar_photovoltaic_1,2018,0.0,22528.0,.,.
SRSE_solar_photovoltaic_1,2019,0.0,22528.0,.,.
SRSE_solar_photovoltaic_1,2020,0.0,22528.0,.,.
SRSE_solar_photovoltaic_1,2021,0.0,22528.0,.,.
SRSE_solar_photovoltaic_1,2022,0.0,22528.0,.,.
SRSE_solar_photovoltaic_1,2023,0.0,22528.0,.,.
SRSE_solar_photovoltaic_1,2024,0.0,22528.0,.,.
SRSE_solar_photovoltaic_1,2025,0.0,22528.0,.,.
SRSE_solar_photovoltaic_1,2026,0.0,22528.0,.,.
SRSG_batteries_1,2011,0.0,7476.0,0.0,0.0
SRSG_batteries_1,2016,0.0,7476.0,0.0,0.0
SRSG_batteries_1,2017,0.0,7476.0,0.0,0.0
SRSG_batteries_1,2018,0.0,7476.0,0.0,0.0
SRSG_batteries_1,2019,0.0,7476.0,0.0,0.0
SRSG_batteries_1,2021,0.0,7476.0,0.0,0.0
SRSG_batteries_1,2022,0.0,7476.0,0.0,0.0
SRSG_batteries_1,2023,0.0,7476.0,0.0,0.0
SRSG_batteries_1,2024,0.0,7476.0,0.0,0.0
SRSG_biomass_1,1987,0.0,157220.0,.,.
SRSG_biomass_1,1998,0.0,157220.0,.,.
SRSG_biomass_1,2002,0.0,157220.0,.,.
SRSG_biomass_1,2004,0.0,157220.0,.,.
SRSG_biomass_2,1991,0.0,157220.0,.,.
SRSG_biomass_2,2008,0.0,157220.0,.,.
SRSG_conventional_hydroelectric_1,1936,0.0,47048.0,.,.
SRSG_conventional_hydroelectric_1,1937,0.0,47048.0,.,.
SRSG_conventional_hydroelectric_1,1939,0.0,47048.0,.,.
SRSG_conventional_hydroelectric_1,1941,0.0,47048.0,.,.
SRSG_conventional_hydroelectric_1,1942,0.0,47048.0,.,.
SRSG_conventional_hydroelectric_1,1943,0.0,47048.0,.,.
SRSG_conventional_hydroelectric_1,1951,0.0,47048.0,.,.
SRSG_conventional_hydroelectric_1,1952,0.0,47048.0,.,.
SRSG_conventional_hydroelectric_1,1964,0.0,47048.0,.,.
SRSG_conventional_hydroelectric_1,1965,0.0,47048.0,.,.
SRSG_conventional_hydroelectric_1,1966,0.0,47048.0,.,.
SRSG_conventional_hydroelectric_1,1973,0.0,47048.0,.,.
SRSG_conventional_steam_coal_1,1962,0.0,59995.165,.,.
SRSG_conventional_steam_coal_1,1966,0.0,59995.165,.,.
SRSG_conventional_steam_coal_1,1967,0.0,59995.165,.,.
SRSG_conventional_steam_coal_1,2006,0.0,59995.165,.,.
SRSG_conventional_steam_coal_1,2009,0.0,59995.165,.,.
SRSG_conventional_steam_coal_2,1962,0.0,76385.756,.,.
SRSG_conventional_steam_coal_2,1979,0.0,76385.756,.,.
SRSG_conventional_steam_coal_2,1980,0.0,76385.756,.,.
SRSG_geothermal_1,1982,0.0,209101.0,.,.
SRSG_geothermal_1,1985,0.0,209101.0,.,.
SRSG_geothermal_1,1986,0.0,209101.0,.,.
SRSG_geothermal_1,1988,0.0,209101.0,.,.
SRSG_geothermal_1,1989,0.0,209101.0,.,.
SRSG_geothermal_1,1990,0.0,209101.0,.,.
SRSG_geothermal_1,1996,0.0,209101.0,.,.
SRSG_geothermal_1,2000,0.0,209101.0,.,.
SRSG_geothermal_1,2003,0.0,209101.0,.,.
SRSG_geothermal_1,2006,0.0,209101.0,.,.
SRSG_geothermal_1,2007,0.0,209101.0,.,.
SRSG_geothermal_1,2008,0.0,209101.0,.,.
SRSG_geothermal_1,2009,0.0,209101.0,.,.
SRSG_geothermal_1,2012,0.0,209101.0,.,.
SRSG_geothermal_1,2013,0.0,209101.0,.,.
SRSG_geothermal_1,2018,0.0,209101.0,.,.
SRSG_geothermal_1,2020,0.0,209101.0,.,.
SRSG_geothermal_1,2022,0.0,209101.0,.,.
SRSG_hydroelectric_pumped_storage_1,1971,0.0,47048.0,0.0,0.0
SRSG_hydroelectric_pumped_storage_1,1972,0.0,47048.0,0.0,0.0
SRSG_hydroelectric_pumped_storage_1,1993,0.0,47048.0,0.0,0.0
SRSG_nuclear_1,1986,0.0,193275.0,.,.
SRSG_nuclear_1,1988,0.0,193275.0,.,.
SRSG_onshore_wind_turbine_1,2003,0.0,30300.0,.,.
SRSG_onshore_wind_turbine_1,2006,0.0,30300.0,.,.
SRSG_onshore_wind_turbine_1,2009,0.0,30300.0,.,.
SRSG_onshore_wind_turbine_1,2010,0.0,30300.0,.,.
SRSG_onshore_wind_turbine_1,2011,0.0,30300.0,.,.
SRSG_onshore_wind_turbine_1,2012,0.0,30300.0,.,.
SRSG_onshore_wind_turbine_1,2015,0.0,30300.0,.,.
SRSG_onshore_wind_turbine_1,2016,0.0,30300.0,.,.
SRSG_onshore_wind_turbine_1,2017,0.0,30300.0,.,.
SRSG_onshore_wind_turbine_1,2018,0.0,30300.0,.,.
SRSG_onshore_wind_turbine_1,2020,0.0,30300.0,.,.
SRSG_onshore_wind_turbine_1,2021,0.0,30300.0,.,.
SRSG_onshore_wind_turbine_1,2022,0.0,30300.0,.,.
SRSG_onshore_wind_turbine_1,2023,0.0,30300.0,.,.
SRSG_onshore_wind_turbine_1,2024,0.0,30300.0,.,.
SRSG_petroleum_liquids_1,1967,0.0,24000.0,.,.
SRSG_petroleum_liquids_1,1971,0.0,24000.0,.,.
SRSG_petroleum_liquids_1,1972,0.0,24000.0,.,.
SRSG_petroleum_liquids_1,1974,0.0,24000.0,.,.
SRSG_petroleum_liquids_1,1978,0.0,24000.0,.,.
SRSG_petroleum_liquids_1,1980,0.0,24000.0,.,.
SRSG_petroleum_liquids_1,1990,0.0,24000.0,.,.
SRSG_petroleum_liquids_1,1994,0.0,24000.0,.,.
SRSG_petroleum_liquids_1,2000,0.0,24000.0,.,.
SRSG_small_hydroelectric_1,1926,0.0,47048.0,.,.
SRSG_small_hydroelectric_1,1927,0.0,47048.0,.,.
SRSG_small_hydroelectric_1,1930,0.0,47048.0,.,.
SRSG_small_hydroelectric_1,1940,0.0,47048.0,.,.
SRSG_small_hydroelectric_1,1941,0.0,47048.0,.,.
SRSG_small_hydroelectric_1,1950,0.0,47048.0,.,.
SRSG_small_hydroelectric_1,1953,0.0,47048.0,.,.
SRSG_small_hydroelectric_1,1957,0.0,47048.0,.,.
SRSG_small_hydroelectric_1,1966,0.0,47048.0,.,.
SRSG_small_hydroelectric_1,1981,0.0,47048.0,.,.
SRSG_small_hydroelectric_1,1982,0.0,47048.0,.,.
SRSG_small_hydroelectric_1,1984,0.0,47048.0,.,.
SRSG_small_hydroelectric_1,1987,0.0,47048.0,.,.
SRSG_small_hydroelectric_1,1988,0.0,47048.0,.,.
SRSG_small_hydroelectric_1,1989,0.0,47048.0,.,.
SRSG_small_hydroelectric_1,1993,0.0,47048.0,.,.
SRSG_small_hydroelectric_1,2011,0.0,47048.0,.,.
SRSG_solar_photovoltaic_1,2001,0.0,22528.0,.,.
SRSG_solar_photovoltaic_1,2002,0.0,22528.0,.,.
SRSG_solar_photovoltaic_1,2003,0.0,22528.0,.,.
SRSG_solar_photovoltaic_1,2008,0.0,22528.0,.,.
SRSG_solar_photovoltaic_1,2009,0.0,22528.0,.,.
SRSG_solar_photovoltaic_1,2010,0.0,22528.0,.,.
SRSG_solar_photovoltaic_1,2011,0.0,22528.0,.,.
SRSG_solar_photovoltaic_1,2012,0.0,22528.0,.,.
SRSG_solar_photovoltaic_1,2013,0.0,22528.0,.,.
SRSG_solar_photovoltaic_1,2014,0.0,22528.0,.,.
SRSG_solar_photovoltaic_1,2015,0.0,22528.0,.,.
SRSG_solar_photovoltaic_1,2016,0.0,22528.0,.,.
SRSG_solar_photovoltaic_1,2017,0.0,22528.0,.,.
SRSG_solar_photovoltaic_1,2018,0.0,22528.0,.,.
SRSG_solar_photovoltaic_1,2019,0.0,22528.0,.,.
SRSG_solar_photovoltaic_1,2020,0.0,22528.0,.,.
SRSG_solar_photovoltaic_1,2021,0.0,22528.0,.,.
SRSG_solar_photovoltaic_1,2022,0.0,22528.0,.,.
SRSG_solar_photovoltaic_1,2023,0.0,22528.0,.,.
SRSG_solar_photovoltaic_1,2024,0.0,22528.0,.,.
TRE_batteries_1,2018,0.0,7476.0,0.0,0.0
TRE_batteries_1,2019,0.0,7476.0,0.0,0.0
TRE_batteries_1,2020,0.0,7476.0,0.0,0.0
TRE_batteries_1,2021,0.0,7476.0,0.0,0.0
TRE_batteries_1,2022,0.0,7476.0,0.0,0.0
TRE_batteries_1,2023,0.0,7476.0,0.0,0.0
TRE_batteries_1,2024,0.0,7476.0,0.0,0.0
TRE_batteries_1,2025,0.0,7476.0,0.0,0.0
TRE_biomass_1,1995,0.0,157220.0,.,.
TRE_biomass_1,2012,0.0,157220.0,.,.
TRE_biomass_2,1973,0.0,157220.0,.,.
TRE_biomass_2,1995,0.0,157220.0,.,.
TRE_biomass_2,1997,0.0,157220.0,.,.
TRE_biomass_2,2000,0.0,157220.0,.,.
TRE_biomass_2,2001,0.0,157220.0,.,.
TRE_biomass_2,2004,0.0,157220.0,.,.
TRE_biomass_2,2009,0.0,157220.0,.,.
TRE_conventional_hydroelectric_1,1927,0.0,47048.0,.,.
TRE_conventional_hydroelectric_1,1931,0.0,47048.0,.,.
TRE_conventional_hydroelectric_1,1938,0.0,47048.0,.,.
TRE_conventional_hydroelectric_1,1941,0.0,47048.0,.,.
TRE_conventional_hydroelectric_1,1945,0.0,47048.0,.,.
TRE_conventional_hydroelectric_1,1949,0.0,47048.0,.,.
TRE_conventional_hydroelectric_1,1950,0.0,47048.0,.,.
TRE_conventional_hydroelectric_1,1951,0.0,47048.0,.,.
TRE_conventional_hydroelectric_1,1953,0.0,47048.0,.,.
TRE_conventional_hydroelectric_1,1954,0.0,47048.0,.,.
TRE_conventional_hydroelectric_1,1983,0.0,47048.0,.,.
TRE_conventional_steam_coal_1,1962,0.0,59341.798,.,.
TRE_conventional_steam_coal_1,1963,0.0,59341.798,.,.
TRE_conventional_steam_coal_1,1964,0.0,59341.798,.,.
TRE_conventional_steam_coal_1,1979,0.0,59341.798,.,.
TRE_conventional_steam_coal_1,1980,0.0,59341.798,.,.
TRE_conventional_steam_coal_1,1982,0.0,59341.798,.,.
TRE_conventional_steam_coal_1,1988,0.0,59341.798,.,.
TRE_conventional_steam_coal_1,2010,0.0,59341.798,.,.
TRE_conventional_steam_coal_1,2011,0.0,59341.798,.,.
TRE_conventional_steam_coal_1,2013,0.0,59341.798,.,.
TRE_conventional_steam_coal_2,1977,0.0,66625.339,.,.
TRE_conventional_steam_coal_2,1978,0.0,66625.339,.,.
TRE_conventional_steam_coal_2,1982,0.0,66625.339,.,.
TRE_conventional_steam_coal_2,1990,0.0,66625.339,.,.
TRE_conventional_steam_coal_2,1991,0.0,66625.339,.,.
TRE_nuclear_1,1988,0.0,193275.0,.,.
TRE_nuclear_1,1989,0.0,193275.0,.,.
TRE_nuclear_1,1990,0.0,193275.0,.,.
TRE_nuclear_1,1993,0.0,193275.0,.,.
TRE_onshore_wind_turbine_1,2008,0.0,30300.0,.,.
TRE_onshore_wind_turbine_1,2009,0.0,30300.0,.,.
TRE_onshore_wind_turbine_1,2010,0.0,30300.0,.,.
TRE_onshore_wind_turbine_1,2012,0.0,30300.0,.,.
TRE_onshore_wind_turbine_1,2013,0.0,30300.0,.,.
TRE_onshore_wind_turbine_1,2014,0.0,30300.0,.,.
TRE_onshore_wind_turbine_1,2015,0.0,30300.0,.,.
TRE_onshore_wind_turbine_1,2016,0.0,30300.0,.,.
TRE_onshore_wind_turbine_1,2017,0.0,30300.0,.,.
TRE_onshore_wind_turbine_1,2018,0.0,30300.0,.,.
TRE_onshore_wind_turbine_1,2019,0.0,30300.0,.,.
TRE_onshore_wind_turbine_1,2020,0.0,30300.0,.,.
TRE_onshore_wind_turbine_1,2021,0.0,30300.0,.,.
TRE_onshore_wind_turbine_1,2022,0.0,30300.0,.,.
TRE_onshore_wind_turbine_1,2023,0.0,30300.0,.,.
TRE_petroleum_liquids_1,1966,0.0,24000.0,.,.
TRE_petroleum_liquids_1,1991,0.0,24000.0,.,.
TRE_petroleum_liquids_1,1998,0.0,24000.0,.,.
TRE_petroleum_liquids_1,2001,0.0,24000.0,.,.
TRE_petroleum_liquids_1,2006,0.0,24000.0,.,.
TRE_petroleum_liquids_1,2011,0.0,24000.0,.,.
TRE_petroleum_liquids_1,2013,0.0,24000.0,.,.
TRE_petroleum_liquids_1,2014,0.0,24000.0,.,.
TRE_petroleum_liquids_1,2020,0.0,24000.0,.,.
TRE_small_hydroelectric_1,1927,0.0,47048.0,.,.
TRE_small_hydroelectric_1,1931,0.0,47048.0,.,.
TRE_small_hydroelectric_1,1932,0.0,47048.0,.,.
TRE_small_hydroelectric_1,1938,0.0,47048.0,.,.
TRE_small_hydroelectric_1,1940,0.0,47048.0,.,.
TRE_small_hydroelectric_1,1989,0.0,47048.0,.,.
TRE_small_hydroelectric_1,1992,0.0,47048.0,.,.
TRE_small_hydroelectric_1,2015,0.0,47048.0,.,.
TRE_solar_photovoltaic_1,2010,0.0,22528.0,.,.
TRE_solar_photovoltaic_1,2011,0.0,22528.0,.,.
TRE_solar_photovoltaic_1,2012,0.0,22528.0,.,.
TRE_solar_photovoltaic_1,2013,0.0,22528.0,.,.
TRE_solar_photovoltaic_1,2014,0.0,22528.0,.,.
TRE_solar_photovoltaic_1,2015,0.0,22528.0,.,.
TRE_solar_photovoltaic_1,2016,0.0,22528.0,.,.
TRE_solar_photovoltaic_1,2017,0.0,22528.0,.,.
TRE_solar_photovoltaic_1,2018,0.0,22528.0,.,.
TRE_solar_photovoltaic_1,2019,0.0,22528.0,.,.
TRE_solar_photovoltaic_1,2020,0.0,22528.0,.,.
TRE_solar_photovoltaic_1,2021,0.0,22528.0,.,.
TRE_solar_photovoltaic_1,2022,0.0,22528.0,.,.
TRE_solar_photovoltaic_1,2023,0.0,22528.0,.,.
TRE_solar_photovoltaic_1,2024,0.0,22528.0,.,.
TREW_batteries_1,2012,0.0,7476.0,0.0,0.0
TREW_batteries_1,2017,0.0,7476.0,0.0,0.0
TREW_batteries_1,2018,0.0,7476.0,0.0,0.0
TREW_batteries_1,2019,0.0,7476.0,0.0,0.0
TREW_batteries_1,2020,0.0,7476.0,0.0,0.0
TREW_batteries_1,2021,0.0,7476.0,0.0,0.0
TREW_batteries_1,2022,0.0,7476.0,0.0,0.0
TREW_batteries_1,2023,0.0,7476.0,0.0,0.0
TREW_batteries_1,2024,0.0,7476.0,0.0,0.0
TREW_onshore_wind_turbine_1,1998,0.0,30300.0,.,.
TREW_onshore_wind_turbine_1,1999,0.0,30300.0,.,.
TREW_onshore_wind_turbine_1,2001,0.0,30300.0,.,.
TREW_onshore_wind_turbine_1,2002,0.0,30300.0,.,.
TREW_onshore_wind_turbine_1,2003,0.0,30300.0,.,.
TREW_onshore_wind_turbine_1,2005,0.0,30300.0,.,.
TREW_onshore_wind_turbine_1,2006,0.0,30300.0,.,.
TREW_onshore_wind_turbine_1,2007,0.0,30300.0,.,.
TREW_onshore_wind_turbine_1,2008,0.0,30300.0,.,.
TREW_onshore_wind_turbine_1,2009,0.0,30300.0,.,.
TREW_onshore_wind_turbine_1,2011,0.0,30300.0,.,.
TREW_onshore_wind_turbine_1,2012,0.0,30300.0,.,.
TREW_onshore_wind_turbine_1,2014,0.0,30300.0,.,.
TREW_onshore_wind_turbine_1,2015,0.0,30300.0,.,.
TREW_onshore_wind_turbine_1,2016,0.0,30300.0,.,.
TREW_onshore_wind_turbine_1,2017,0.0,30300.0,.,.
TREW_onshore_wind_turbine_1,2018,0.0,30300.0,.,.
TREW_onshore_wind_turbine_1,2019,0.0,30300.0,.,.
TREW_onshore_wind_turbine_1,2020,0.0,30300.0,.,.
TREW_onshore_wind_turbine_1,2021,0.0,30300.0,.,.
TREW_onshore_wind_turbine_1,2022,0.0,30300.0,.,.
TREW_onshore_wind_turbine_1,2023,0.0,30300.0,.,.
TREW_onshore_wind_turbine_1,2024,0.0,30300.0,.,.
TREW_petroleum_liquids_1,1974,0.0,24000.0,.,.
TREW_petroleum_liquids_1,1975,0.0,24000.0,.,.
TREW_petroleum_liquids_1,1980,0.0,24000.0,.,.
TREW_petroleum_liquids_1,2013,0.0,24000.0,.,.
TREW_solar_photovoltaic_1,2013,0.0,22528.0,.,.
TREW_solar_photovoltaic_1,2015,0.0,22528.0,.,.
TREW_solar_photovoltaic_1,2016,0.0,22528.0,.,.
TREW_solar_photovoltaic_1,2017,0.0,22528.0,.,.
TREW_solar_photovoltaic_1,2018,0.0,22528.0,.,.
TREW_solar_photovoltaic_1,2019,0.0,22528.0,.,.
TREW_solar_photovoltaic_1,2020,0.0,22528.0,.,.
TREW_solar_photovoltaic_1,2021,0.0,22528.0,.,.
TREW_solar_photovoltaic_1,2023,0.0,22528.0,.,.
TREW_solar_photovoltaic_1,2024,0.0,22528.0,.,.
BASN_distributed_generation_1,2023,0.0,0.0,.,.
CANO_distributed_generation_1,2023,0.0,0.0,.,.
CASO_distributed_generation_1,2023,0.0,0.0,.,.
FRCC_distributed_generation_1,2023,0.0,0.0,.,.
ISNE_distributed_generation_1,2023,0.0,0.0,.,.
MISC_distributed_generation_1,2023,0.0,0.0,.,.
MISE_distributed_generation_1,2023,0.0,0.0,.,.
MISS_distributed_generation_1,2023,0.0,0.0,.,.
MISW_distributed_generation_1,2023,0.0,0.0,.,.
NWPP_distributed_generation_1,2023,0.0,0.0,.,.
NYCW_distributed_generation_1,2023,0.0,0.0,.,.
NYUP_distributed_generation_1,2023,0.0,0.0,.,.
PJMC_distributed_generation_1,2023,0.0,0.0,.,.
PJMD_distributed_generation_1,2023,0.0,0.0,.,.
PJME_distributed_generation_1,2023,0.0,0.0,.,.
PJMW_distributed_generation_1,2023,0.0,0.0,.,.
RMRG_distributed_generation_1,2023,0.0,0.0,.,.
SPPC_distributed_generation_1,2023,0.0,0.0,.,.
SPPN_distributed_generation_1,2023,0.0,0.0,.,.
SPPS_distributed_generation_1,2023,0.0,0.0,.,.
SRCA_distributed_generation_1,2023,0.0,0.0,.,.
SRCE_distributed_generation_1,2023,0.0,0.0,.,.
SRSE_distributed_generation_1,2023,0.0,0.0,.,.
SRSG_distributed_generation_1,2023,0.0,0.0,.,.
TRE_distributed_generation_1,2023,0.0,0.0,.,.
TREW_distributed_generation_1,2023,0.0,0.0,.,.
