GENERATION_PROJECT,gen_tech,gen_energy_source,gen_load_zone,gen_max_age,gen_amortization_period,gen_can_retire_early,gen_is_variable,gen_is_baseload,gen_full_load_heat_rate,gen_variable_om,gen_connect_cost_per_mw,gen_dbid,gen_scheduled_outage_rate,gen_forced_outage_rate,gen_capacity_limit_mw,gen_min_load_fraction,gen_ramp_limit_up,gen_ramp_limit_down,gen_min_uptime,gen_min_downtime,gen_startup_om,gen_is_cogen,gen_storage_efficiency,gen_store_to_release_ratio,gen_can_provide_cap_reserves,gen_self_discharge_rate,gen_ccs_capture_efficiency,gen_ccs_energy_load,gen_storage_energy_to_power_ratio,gen_type,state
BASN_id_natural_gas_fired_combined_cycle_1,Natural Gas Fired Combined Cycle,Naturalgas,BASN,60.0,.,0,False,False,7.053,4.551,0.0,BASN_id_natural_gas_fired_combined_cycle_1,0.0,0.0,.,0.0,1.0,1.0,6.0,6.0,92.081,False,.,.,1,.,.,.,.,Naturalgas,ID
BASN_nv_natural_gas_fired_combined_cycle_1,Natural Gas Fired Combined Cycle,Naturalgas,BASN,60.0,.,0,False,False,7.765,3.774,0.0,BASN_nv_natural_gas_fired_combined_cycle_1,0.0,0.0,.,0.0,1.0,1.0,6.0,6.0,92.081,False,.,.,1,.,.,.,.,Naturalgas,NV
BASN_ut_natural_gas_fired_combined_cycle_1,Natural Gas Fired Combined Cycle,Naturalgas,BASN,60.0,.,0,False,False,7.451,3.636,0.0,BASN_ut_natural_gas_fired_combined_cycle_1,0.0,0.0,.,0.0,1.0,1.0,6.0,6.0,92.081,False,.,.,1,.,.,.,.,Naturalgas,UT
BASN_id_natural_gas_fired_combustion_turbine_1,Natural Gas Fired Combustion Turbine,Naturalgas,BASN,50.0,.,0,False,False,10.941,6.8,0.0,BASN_id_natural_gas_fired_combustion_turbine_1,0.0,0.0,.,0.0,1.0,1.0,1.0,1.0,119.396,False,.,.,1,.,.,.,.,Naturalgas,ID
BASN_id_natural_gas_fired_combustion_turbine_2,Natural Gas Fired Combustion Turbine,Naturalgas,BASN,50.0,.,0,False,False,12.007,6.8,0.0,BASN_id_natural_gas_fired_combustion_turbine_2,0.0,0.0,.,0.0,1.0,1.0,1.0,1.0,119.396,False,.,.,1,.,.,.,.,Naturalgas,ID
BASN_nv_natural_gas_fired_combustion_turbine_1,Natural Gas Fired Combustion Turbine,Naturalgas,BASN,50.0,.,0,False,False,11.69,6.8,0.0,BASN_nv_natural_gas_fired_combustion_turbine_1,0.0,0.0,.,0.0,1.0,1.0,1.0,1.0,119.396,False,.,.,1,.,.,.,.,Naturalgas,NV
BASN_nv_natural_gas_fired_combustion_turbine_2,Natural Gas Fired Combustion Turbine,Naturalgas,BASN,50.0,.,0,False,False,13.227,6.8,0.0,BASN_nv_natural_gas_fired_combustion_turbine_2,0.0,0.0,.,0.0,1.0,1.0,1.0,1.0,119.396,False,.,.,1,.,.,.,.,Naturalgas,NV
BASN_ut_natural_gas_fired_combustion_turbine_1,Natural Gas Fired Combustion Turbine,Naturalgas,BASN,50.0,.,0,False,False,11.084,6.8,0.0,BASN_ut_natural_gas_fired_combustion_turbine_1,0.0,0.0,.,0.0,1.0,1.0,1.0,1.0,119.396,False,.,.,1,.,.,.,.,Naturalgas,UT
BASN_ut_natural_gas_fired_combustion_turbine_2,Natural Gas Fired Combustion Turbine,Naturalgas,BASN,50.0,.,0,False,False,13.13,6.8,0.0,BASN_ut_natural_gas_fired_combustion_turbine_2,0.0,0.0,.,0.0,1.0,1.0,1.0,1.0,119.396,False,.,.,1,.,.,.,.,Naturalgas,UT
BASN_nv_natural_gas_internal_combustion_engine_1,Natural Gas Internal Combustion Engine,Naturalgas,BASN,60.0,.,0,False,False,8.759,5.805,0.0,BASN_nv_natural_gas_internal_combustion_engine_1,0.0,0.0,.,0.0,1.0,1.0,1.0,1.0,37.624,False,.,.,1,.,.,.,.,Naturalgas,NV
BASN_ut_natural_gas_internal_combustion_engine_1,Natural Gas Internal Combustion Engine,Naturalgas,BASN,60.0,.,0,False,False,10.552,6.994,0.0,BASN_ut_natural_gas_internal_combustion_engine_1,0.0,0.0,.,0.0,1.0,1.0,1.0,1.0,37.624,False,.,.,1,.,.,.,.,Naturalgas,UT
BASN_id_natural_gas_steam_turbine_1,Natural Gas Steam Turbine,Naturalgas,BASN,50.0,.,0,False,False,9.21,1.056,0.0,BASN_id_natural_gas_steam_turbine_1,0.0,0.0,.,0.0,1.0,1.0,6.0,6.0,87.479,False,.,.,1,.,.,.,.,Naturalgas,ID
BASN_nv_natural_gas_steam_turbine_1,Natural Gas Steam Turbine,Naturalgas,BASN,50.0,.,0,False,False,12.339,1.056,0.0,BASN_nv_natural_gas_steam_turbine_1,0.0,0.0,.,0.0,1.0,1.0,6.0,6.0,87.479,False,.,.,1,.,.,.,.,Naturalgas,NV
BASN_ut_natural_gas_steam_turbine_1,Natural Gas Steam Turbine,Naturalgas,BASN,50.0,.,0,False,False,18.793,1.056,0.0,BASN_ut_natural_gas_steam_turbine_1,0.0,0.0,.,0.0,1.0,1.0,6.0,6.0,87.479,False,.,.,1,.,.,.,.,Naturalgas,UT
CANO_ca_natural_gas_fired_combined_cycle_1,Natural Gas Fired Combined Cycle,Naturalgas,CANO,60.0,.,0,False,False,8.626,4.551,0.0,CANO_ca_natural_gas_fired_combined_cycle_1,0.0,0.0,.,0.0,1.0,1.0,6.0,6.0,92.081,False,.,.,1,.,.,.,.,Naturalgas,CA
CANO_ca_natural_gas_fired_combined_cycle_2,Natural Gas Fired Combined Cycle,Naturalgas,CANO,60.0,.,0,False,False,7.419,3.598,0.0,CANO_ca_natural_gas_fired_combined_cycle_2,0.0,0.0,.,0.0,1.0,1.0,6.0,6.0,92.081,False,.,.,1,.,.,.,.,Naturalgas,CA
CANO_ca_natural_gas_fired_combustion_turbine_1,Natural Gas Fired Combustion Turbine,Naturalgas,CANO,50.0,.,0,False,False,10.765,6.8,0.0,CANO_ca_natural_gas_fired_combustion_turbine_1,0.0,0.0,.,0.0,1.0,1.0,1.0,1.0,119.396,False,.,.,1,.,.,.,.,Naturalgas,CA
CANO_ca_natural_gas_fired_combustion_turbine_2,Natural Gas Fired Combustion Turbine,Naturalgas,CANO,50.0,.,0,False,False,10.916,6.8,0.0,CANO_ca_natural_gas_fired_combustion_turbine_2,0.0,0.0,.,0.0,1.0,1.0,1.0,1.0,119.396,False,.,.,1,.,.,.,.,Naturalgas,CA
CANO_ca_natural_gas_internal_combustion_engine_1,Natural Gas Internal Combustion Engine,Naturalgas,CANO,60.0,.,0,False,False,9.016,5.976,0.0,CANO_ca_natural_gas_internal_combustion_engine_1,0.0,0.0,.,0.0,1.0,1.0,1.0,1.0,37.624,False,.,.,1,.,.,.,.,Naturalgas,CA
CANO_ca_natural_gas_steam_turbine_1,Natural Gas Steam Turbine,Naturalgas,CANO,50.0,.,0,False,False,9.21,1.056,0.0,CANO_ca_natural_gas_steam_turbine_1,0.0,0.0,.,0.0,1.0,1.0,6.0,6.0,87.479,False,.,.,1,.,.,.,.,Naturalgas,CA
CASO_ca_natural_gas_fired_combined_cycle_1,Natural Gas Fired Combined Cycle,Naturalgas,CASO,60.0,.,0,False,False,9.663,4.551,0.0,CASO_ca_natural_gas_fired_combined_cycle_1,0.0,0.0,.,0.0,1.0,1.0,6.0,6.0,92.081,False,.,.,1,.,.,.,.,Naturalgas,CA
CASO_ca_natural_gas_fired_combined_cycle_2,Natural Gas Fired Combined Cycle,Naturalgas,CASO,60.0,.,0,False,False,7.419,3.603,0.0,CASO_ca_natural_gas_fired_combined_cycle_2,0.0,0.0,.,0.0,1.0,1.0,6.0,6.0,92.081,False,.,.,1,.,.,.,.,Naturalgas,CA
CASO_ca_natural_gas_fired_combustion_turbine_1,Natural Gas Fired Combustion Turbine,Naturalgas,CASO,50.0,.,0,False,False,10.966,6.8,0.0,CASO_ca_natural_gas_fired_combustion_turbine_1,0.0,0.0,.,0.0,1.0,1.0,1.0,1.0,119.396,False,.,.,1,.,.,.,.,Naturalgas,CA
CASO_ca_natural_gas_fired_combustion_turbine_2,Natural Gas Fired Combustion Turbine,Naturalgas,CASO,50.0,.,0,False,False,10.789,6.8,0.0,CASO_ca_natural_gas_fired_combustion_turbine_2,0.0,0.0,.,0.0,1.0,1.0,1.0,1.0,119.396,False,.,.,1,.,.,.,.,Naturalgas,CA
CASO_ca_natural_gas_internal_combustion_engine_1,Natural Gas Internal Combustion Engine,Naturalgas,CASO,60.0,.,0,False,False,8.627,5.718,0.0,CASO_ca_natural_gas_internal_combustion_engine_1,0.0,0.0,.,0.0,1.0,1.0,1.0,1.0,37.624,False,.,.,1,.,.,.,.,Naturalgas,CA
CASO_ca_natural_gas_steam_turbine_1,Natural Gas Steam Turbine,Naturalgas,CASO,50.0,.,0,False,False,15.267,1.056,0.0,CASO_ca_natural_gas_steam_turbine_1,0.0,0.0,.,0.0,1.0,1.0,6.0,6.0,87.479,False,.,.,1,.,.,.,.,Naturalgas,CA
FRCC_fl_natural_gas_fired_combined_cycle_1,Natural Gas Fired Combined Cycle,Naturalgas,FRCC,60.0,.,0,False,False,7.117,3.564,0.0,FRCC_fl_natural_gas_fired_combined_cycle_1,0.0,0.0,.,0.0,1.0,1.0,6.0,6.0,92.081,False,.,.,1,.,.,.,.,Naturalgas,FL
FRCC_fl_natural_gas_fired_combined_cycle_2,Natural Gas Fired Combined Cycle,Naturalgas,FRCC,60.0,.,0,False,False,7.935,4.551,0.0,FRCC_fl_natural_gas_fired_combined_cycle_2,0.0,0.0,.,0.0,1.0,1.0,6.0,6.0,92.081,False,.,.,1,.,.,.,.,Naturalgas,FL
FRCC_fl_natural_gas_fired_combustion_turbine_1,Natural Gas Fired Combustion Turbine,Naturalgas,FRCC,50.0,.,0,False,False,10.957,6.8,0.0,FRCC_fl_natural_gas_fired_combustion_turbine_1,0.0,0.0,.,0.0,1.0,1.0,1.0,1.0,119.396,False,.,.,1,.,.,.,.,Naturalgas,FL
FRCC_fl_natural_gas_fired_combustion_turbine_2,Natural Gas Fired Combustion Turbine,Naturalgas,FRCC,50.0,.,0,False,False,14.021,6.8,0.0,FRCC_fl_natural_gas_fired_combustion_turbine_2,0.0,0.0,.,0.0,1.0,1.0,1.0,1.0,119.396,False,.,.,1,.,.,.,.,Naturalgas,FL
FRCC_fl_natural_gas_internal_combustion_engine_1,Natural Gas Internal Combustion Engine,Naturalgas,FRCC,60.0,.,0,False,False,8.346,5.531,0.0,FRCC_fl_natural_gas_internal_combustion_engine_1,0.0,0.0,.,0.0,1.0,1.0,1.0,1.0,37.624,False,.,.,1,.,.,.,.,Naturalgas,FL
FRCC_fl_natural_gas_steam_turbine_1,Natural Gas Steam Turbine,Naturalgas,FRCC,50.0,.,0,False,False,11.859,1.056,0.0,FRCC_fl_natural_gas_steam_turbine_1,0.0,0.0,.,0.0,1.0,1.0,6.0,6.0,87.479,False,.,.,1,.,.,.,.,Naturalgas,FL
ISNE_ct_natural_gas_fired_combined_cycle_1,Natural Gas Fired Combined Cycle,Naturalgas,ISNE,60.0,.,0,False,False,9.599,4.551,0.0,ISNE_ct_natural_gas_fired_combined_cycle_1,0.0,0.0,.,0.0,1.0,1.0,6.0,6.0,92.081,False,.,.,1,.,.,.,.,Naturalgas,CT
ISNE_ct_natural_gas_fired_combined_cycle_2,Natural Gas Fired Combined Cycle,Naturalgas,ISNE,60.0,.,0,False,False,7.183,3.611,0.0,ISNE_ct_natural_gas_fired_combined_cycle_2,0.0,0.0,.,0.0,1.0,1.0,6.0,6.0,92.081,False,.,.,1,.,.,.,.,Naturalgas,CT
ISNE_ma_natural_gas_fired_combined_cycle_1,Natural Gas Fired Combined Cycle,Naturalgas,ISNE,60.0,.,0,False,False,9.011,4.551,0.0,ISNE_ma_natural_gas_fired_combined_cycle_1,0.0,0.0,.,0.0,1.0,1.0,6.0,6.0,92.081,False,.,.,1,.,.,.,.,Naturalgas,MA
ISNE_ma_natural_gas_fired_combined_cycle_2,Natural Gas Fired Combined Cycle,Naturalgas,ISNE,60.0,.,0,False,False,7.735,3.591,0.0,ISNE_ma_natural_gas_fired_combined_cycle_2,0.0,0.0,.,0.0,1.0,1.0,6.0,6.0,92.081,False,.,.,1,.,.,.,.,Naturalgas,MA
ISNE_me_natural_gas_fired_combined_cycle_1,Natural Gas Fired Combined Cycle,Naturalgas,ISNE,60.0,.,0,False,False,7.471,3.611,0.0,ISNE_me_natural_gas_fired_combined_cycle_1,0.0,0.0,.,0.0,1.0,1.0,6.0,6.0,92.081,False,.,.,1,.,.,.,.,Naturalgas,ME
ISNE_me_natural_gas_fired_combined_cycle_2,Natural Gas Fired Combined Cycle,Naturalgas,ISNE,60.0,.,0,False,False,8.508,4.551,0.0,ISNE_me_natural_gas_fired_combined_cycle_2,0.0,0.0,.,0.0,1.0,1.0,6.0,6.0,92.081,False,.,.,1,.,.,.,.,Naturalgas,ME
ISNE_nh_natural_gas_fired_combined_cycle_1,Natural Gas Fired Combined Cycle,Naturalgas,ISNE,60.0,.,0,False,False,7.414,3.611,0.0,ISNE_nh_natural_gas_fired_combined_cycle_1,0.0,0.0,.,0.0,1.0,1.0,6.0,6.0,92.081,False,.,.,1,.,.,.,.,Naturalgas,NH
ISNE_nh_natural_gas_fired_combined_cycle_2,Natural Gas Fired Combined Cycle,Naturalgas,ISNE,60.0,.,0,False,False,7.431,3.611,0.0,ISNE_nh_natural_gas_fired_combined_cycle_2,0.0,0.0,.,0.0,1.0,1.0,6.0,6.0,92.081,False,.,.,1,.,.,.,.,Naturalgas,NH
ISNE_ri_natural_gas_fired_combined_cycle_1,Natural Gas Fired Combined Cycle,Naturalgas,ISNE,60.0,.,0,False,False,7.652,3.611,0.0,ISNE_ri_natural_gas_fired_combined_cycle_1,0.0,0.0,.,0.0,1.0,1.0,6.0,6.0,92.081,False,.,.,1,.,.,.,.,Naturalgas,RI
ISNE_ri_natural_gas_fired_combined_cycle_2,Natural Gas Fired Combined Cycle,Naturalgas,ISNE,60.0,.,0,False,False,8.154,4.551,0.0,ISNE_ri_natural_gas_fired_combined_cycle_2,0.0,0.0,.,0.0,1.0,1.0,6.0,6.0,92.081,False,.,.,1,.,.,.,.,Naturalgas,RI
ISNE_ct_natural_gas_fired_combustion_turbine_1,Natural Gas Fired Combustion Turbine,Naturalgas,ISNE,50.0,.,0,False,False,11.403,6.8,0.0,ISNE_ct_natural_gas_fired_combustion_turbine_1,0.0,0.0,.,0.0,1.0,1.0,1.0,1.0,119.396,False,.,.,1,.,.,.,.,Naturalgas,CT
ISNE_ct_natural_gas_fired_combustion_turbine_2,Natural Gas Fired Combustion Turbine,Naturalgas,ISNE,50.0,.,0,False,False,10.147,6.8,0.0,ISNE_ct_natural_gas_fired_combustion_turbine_2,0.0,0.0,.,0.0,1.0,1.0,1.0,1.0,119.396,False,.,.,1,.,.,.,.,Naturalgas,CT
ISNE_ma_natural_gas_fired_combustion_turbine_1,Natural Gas Fired Combustion Turbine,Naturalgas,ISNE,50.0,.,0,False,False,12.26,6.8,0.0,ISNE_ma_natural_gas_fired_combustion_turbine_1,0.0,0.0,.,0.0,1.0,1.0,1.0,1.0,119.396,False,.,.,1,.,.,.,.,Naturalgas,MA
ISNE_ma_natural_gas_fired_combustion_turbine_2,Natural Gas Fired Combustion Turbine,Naturalgas,ISNE,50.0,.,0,False,False,9.715,6.8,0.0,ISNE_ma_natural_gas_fired_combustion_turbine_2,0.0,0.0,.,0.0,1.0,1.0,1.0,1.0,119.396,False,.,.,1,.,.,.,.,Naturalgas,MA
ISNE_me_natural_gas_fired_combustion_turbine_1,Natural Gas Fired Combustion Turbine,Naturalgas,ISNE,50.0,.,0,False,False,12.223,6.8,0.0,ISNE_me_natural_gas_fired_combustion_turbine_1,0.0,0.0,.,0.0,1.0,1.0,1.0,1.0,119.396,False,.,.,1,.,.,.,.,Naturalgas,ME
ISNE_me_natural_gas_fired_combustion_turbine_2,Natural Gas Fired Combustion Turbine,Naturalgas,ISNE,50.0,.,0,False,False,9.66,6.8,0.0,ISNE_me_natural_gas_fired_combustion_turbine_2,0.0,0.0,.,0.0,1.0,1.0,1.0,1.0,119.396,False,.,.,1,.,.,.,.,Naturalgas,ME
ISNE_nh_natural_gas_fired_combustion_turbine_1,Natural Gas Fired Combustion Turbine,Naturalgas,ISNE,50.0,.,0,False,False,9.66,6.8,0.0,ISNE_nh_natural_gas_fired_combustion_turbine_1,0.0,0.0,.,0.0,1.0,1.0,1.0,1.0,119.396,False,.,.,1,.,.,.,.,Naturalgas,NH
ISNE_ri_natural_gas_fired_combustion_turbine_1,Natural Gas Fired Combustion Turbine,Naturalgas,ISNE,50.0,.,0,False,False,10.841,6.8,0.0,ISNE_ri_natural_gas_fired_combustion_turbine_1,0.0,0.0,.,0.0,1.0,1.0,1.0,1.0,119.396,False,.,.,1,.,.,.,.,Naturalgas,RI
ISNE_ct_natural_gas_internal_combustion_engine_1,Natural Gas Internal Combustion Engine,Naturalgas,ISNE,60.0,.,0,False,False,8.195,5.431,0.0,ISNE_ct_natural_gas_internal_combustion_engine_1,0.0,0.0,.,0.0,1.0,1.0,1.0,1.0,37.624,False,.,.,1,.,.,.,.,Naturalgas,CT
ISNE_ma_natural_gas_internal_combustion_engine_1,Natural Gas Internal Combustion Engine,Naturalgas,ISNE,60.0,.,0,False,False,9.359,6.203,0.0,ISNE_ma_natural_gas_internal_combustion_engine_1,0.0,0.0,.,0.0,1.0,1.0,1.0,1.0,37.624,False,.,.,1,.,.,.,.,Naturalgas,MA
ISNE_ri_natural_gas_internal_combustion_engine_1,Natural Gas Internal Combustion Engine,Naturalgas,ISNE,60.0,.,0,False,False,8.364,5.544,0.0,ISNE_ri_natural_gas_internal_combustion_engine_1,0.0,0.0,.,0.0,1.0,1.0,1.0,1.0,37.624,False,.,.,1,.,.,.,.,Naturalgas,RI
ISNE_ct_natural_gas_steam_turbine_1,Natural Gas Steam Turbine,Naturalgas,ISNE,50.0,.,0,False,False,21.351,1.056,0.0,ISNE_ct_natural_gas_steam_turbine_1,0.0,0.0,.,0.0,1.0,1.0,6.0,6.0,87.479,False,.,.,1,.,.,.,.,Naturalgas,CT
ISNE_ma_natural_gas_steam_turbine_1,Natural Gas Steam Turbine,Naturalgas,ISNE,50.0,.,0,False,False,11.122,1.056,0.0,ISNE_ma_natural_gas_steam_turbine_1,0.0,0.0,.,0.0,1.0,1.0,6.0,6.0,87.479,False,.,.,1,.,.,.,.,Naturalgas,MA
ISNE_nh_natural_gas_steam_turbine_1,Natural Gas Steam Turbine,Naturalgas,ISNE,50.0,.,0,False,False,16.224,1.056,0.0,ISNE_nh_natural_gas_steam_turbine_1,0.0,0.0,.,0.0,1.0,1.0,6.0,6.0,87.479,False,.,.,1,.,.,.,.,Naturalgas,NH
ISNE_ri_natural_gas_steam_turbine_1,Natural Gas Steam Turbine,Naturalgas,ISNE,50.0,.,0,False,False,9.21,1.056,0.0,ISNE_ri_natural_gas_steam_turbine_1,0.0,0.0,.,0.0,1.0,1.0,6.0,6.0,87.479,False,.,.,1,.,.,.,.,Naturalgas,RI
MISC_ar_natural_gas_fired_combined_cycle_1,Natural Gas Fired Combined Cycle,Naturalgas,MISC,60.0,.,0,False,False,8.578,4.551,0.0,MISC_ar_natural_gas_fired_combined_cycle_1,0.0,0.0,.,0.0,1.0,1.0,6.0,6.0,92.081,False,.,.,1,.,.,.,.,Naturalgas,AR
MISC_ia_natural_gas_fired_combined_cycle_1,Natural Gas Fired Combined Cycle,Naturalgas,MISC,60.0,.,0,False,False,7.316,4.551,0.0,MISC_ia_natural_gas_fired_combined_cycle_1,0.0,0.0,.,0.0,1.0,1.0,6.0,6.0,92.081,False,.,.,1,.,.,.,.,Naturalgas,IA
MISC_il_natural_gas_fired_combined_cycle_1,Natural Gas Fired Combined Cycle,Naturalgas,MISC,60.0,.,0,False,False,7.284,3.611,0.0,MISC_il_natural_gas_fired_combined_cycle_1,0.0,0.0,.,0.0,1.0,1.0,6.0,6.0,92.081,False,.,.,1,.,.,.,.,Naturalgas,IL
MISC_in_natural_gas_fired_combined_cycle_1,Natural Gas Fired Combined Cycle,Naturalgas,MISC,60.0,.,0,False,False,7.846,3.611,0.0,MISC_in_natural_gas_fired_combined_cycle_1,0.0,0.0,.,0.0,1.0,1.0,6.0,6.0,92.081,False,.,.,1,.,.,.,.,Naturalgas,IN
MISC_mo_natural_gas_fired_combined_cycle_1,Natural Gas Fired Combined Cycle,Naturalgas,MISC,60.0,.,0,False,False,7.778,4.551,0.0,MISC_mo_natural_gas_fired_combined_cycle_1,0.0,0.0,.,0.0,1.0,1.0,6.0,6.0,92.081,False,.,.,1,.,.,.,.,Naturalgas,MO
MISC_ok_natural_gas_fired_combined_cycle_1,Natural Gas Fired Combined Cycle,Naturalgas,MISC,60.0,.,0,False,False,7.248,3.611,0.0,MISC_ok_natural_gas_fired_combined_cycle_1,0.0,0.0,.,0.0,1.0,1.0,6.0,6.0,92.081,False,.,.,1,.,.,.,.,Naturalgas,OK
MISC_il_natural_gas_fired_combustion_turbine_1,Natural Gas Fired Combustion Turbine,Naturalgas,MISC,50.0,.,0,False,False,12.422,6.8,0.0,MISC_il_natural_gas_fired_combustion_turbine_1,0.0,0.0,.,0.0,1.0,1.0,1.0,1.0,119.396,False,.,.,1,.,.,.,.,Naturalgas,IL
MISC_il_natural_gas_fired_combustion_turbine_2,Natural Gas Fired Combustion Turbine,Naturalgas,MISC,50.0,.,0,False,False,9.792,6.8,0.0,MISC_il_natural_gas_fired_combustion_turbine_2,0.0,0.0,.,0.0,1.0,1.0,1.0,1.0,119.396,False,.,.,1,.,.,.,.,Naturalgas,IL
MISC_in_natural_gas_fired_combustion_turbine_1,Natural Gas Fired Combustion Turbine,Naturalgas,MISC,50.0,.,0,False,False,13.583,6.8,0.0,MISC_in_natural_gas_fired_combustion_turbine_1,0.0,0.0,.,0.0,1.0,1.0,1.0,1.0,119.396,False,.,.,1,.,.,.,.,Naturalgas,IN
MISC_in_natural_gas_fired_combustion_turbine_2,Natural Gas Fired Combustion Turbine,Naturalgas,MISC,50.0,.,0,False,False,11.077,6.8,0.0,MISC_in_natural_gas_fired_combustion_turbine_2,0.0,0.0,.,0.0,1.0,1.0,1.0,1.0,119.396,False,.,.,1,.,.,.,.,Naturalgas,IN
MISC_ky_natural_gas_fired_combustion_turbine_1,Natural Gas Fired Combustion Turbine,Naturalgas,MISC,50.0,.,0,False,False,25.689,6.8,0.0,MISC_ky_natural_gas_fired_combustion_turbine_1,0.0,0.0,.,0.0,1.0,1.0,1.0,1.0,119.396,False,.,.,1,.,.,.,.,Naturalgas,KY
MISC_mo_natural_gas_fired_combustion_turbine_1,Natural Gas Fired Combustion Turbine,Naturalgas,MISC,50.0,.,0,False,False,12.222,6.8,0.0,MISC_mo_natural_gas_fired_combustion_turbine_1,0.0,0.0,.,0.0,1.0,1.0,1.0,1.0,119.396,False,.,.,1,.,.,.,.,Naturalgas,MO
MISC_ia_natural_gas_internal_combustion_engine_1,Natural Gas Internal Combustion Engine,Naturalgas,MISC,60.0,.,0,False,False,23.113,15.318,0.0,MISC_ia_natural_gas_internal_combustion_engine_1,0.0,0.0,.,0.0,1.0,1.0,1.0,1.0,37.624,False,.,.,1,.,.,.,.,Naturalgas,IA
MISC_il_natural_gas_internal_combustion_engine_1,Natural Gas Internal Combustion Engine,Naturalgas,MISC,60.0,.,0,False,False,9.67,6.409,0.0,MISC_il_natural_gas_internal_combustion_engine_1,0.0,0.0,.,0.0,1.0,1.0,1.0,1.0,37.624,False,.,.,1,.,.,.,.,Naturalgas,IL
MISC_in_natural_gas_internal_combustion_engine_1,Natural Gas Internal Combustion Engine,Naturalgas,MISC,60.0,.,0,False,False,8.981,5.953,0.0,MISC_in_natural_gas_internal_combustion_engine_1,0.0,0.0,.,0.0,1.0,1.0,1.0,1.0,37.624,False,.,.,1,.,.,.,.,Naturalgas,IN
MISC_mo_natural_gas_internal_combustion_engine_1,Natural Gas Internal Combustion Engine,Naturalgas,MISC,60.0,.,0,False,False,9.642,6.39,0.0,MISC_mo_natural_gas_internal_combustion_engine_1,0.0,0.0,.,0.0,1.0,1.0,1.0,1.0,37.624,False,.,.,1,.,.,.,.,Naturalgas,MO
MISC_il_natural_gas_steam_turbine_1,Natural Gas Steam Turbine,Naturalgas,MISC,50.0,.,0,False,False,9.21,1.056,0.0,MISC_il_natural_gas_steam_turbine_1,0.0,0.0,.,0.0,1.0,1.0,6.0,6.0,87.479,False,.,.,1,.,.,.,.,Naturalgas,IL
MISC_in_natural_gas_steam_turbine_1,Natural Gas Steam Turbine,Naturalgas,MISC,50.0,.,0,False,False,14.846,1.056,0.0,MISC_in_natural_gas_steam_turbine_1,0.0,0.0,.,0.0,1.0,1.0,6.0,6.0,87.479,False,.,.,1,.,.,.,.,Naturalgas,IN
MISC_mo_natural_gas_steam_turbine_1,Natural Gas Steam Turbine,Naturalgas,MISC,50.0,.,0,False,False,9.389,1.056,0.0,MISC_mo_natural_gas_steam_turbine_1,0.0,0.0,.,0.0,1.0,1.0,6.0,6.0,87.479,False,.,.,1,.,.,.,.,Naturalgas,MO
MISE_mi_natural_gas_fired_combined_cycle_1,Natural Gas Fired Combined Cycle,Naturalgas,MISE,60.0,.,0,False,False,7.934,3.573,0.0,MISE_mi_natural_gas_fired_combined_cycle_1,0.0,0.0,.,0.0,1.0,1.0,6.0,6.0,92.081,False,.,.,1,.,.,.,.,Naturalgas,MI
MISE_mi_natural_gas_fired_combined_cycle_2,Natural Gas Fired Combined Cycle,Naturalgas,MISE,60.0,.,0,False,False,8.781,4.551,0.0,MISE_mi_natural_gas_fired_combined_cycle_2,0.0,0.0,.,0.0,1.0,1.0,6.0,6.0,92.081,False,.,.,1,.,.,.,.,Naturalgas,MI
MISE_mi_natural_gas_fired_combustion_turbine_1,Natural Gas Fired Combustion Turbine,Naturalgas,MISE,50.0,.,0,False,False,11.728,6.8,0.0,MISE_mi_natural_gas_fired_combustion_turbine_1,0.0,0.0,.,0.0,1.0,1.0,1.0,1.0,119.396,False,.,.,1,.,.,.,.,Naturalgas,MI
MISE_mi_natural_gas_fired_combustion_turbine_2,Natural Gas Fired Combustion Turbine,Naturalgas,MISE,50.0,.,0,False,False,11.35,6.8,0.0,MISE_mi_natural_gas_fired_combustion_turbine_2,0.0,0.0,.,0.0,1.0,1.0,1.0,1.0,119.396,False,.,.,1,.,.,.,.,Naturalgas,MI
MISE_mi_natural_gas_internal_combustion_engine_1,Natural Gas Internal Combustion Engine,Naturalgas,MISE,60.0,.,0,False,False,9.927,6.579,0.0,MISE_mi_natural_gas_internal_combustion_engine_1,0.0,0.0,.,0.0,1.0,1.0,1.0,1.0,37.624,False,.,.,1,.,.,.,.,Naturalgas,MI
MISE_mi_natural_gas_steam_turbine_1,Natural Gas Steam Turbine,Naturalgas,MISE,50.0,.,0,False,False,19.678,1.056,0.0,MISE_mi_natural_gas_steam_turbine_1,0.0,0.0,.,0.0,1.0,1.0,6.0,6.0,87.479,False,.,.,1,.,.,.,.,Naturalgas,MI
MISS_ar_natural_gas_fired_combined_cycle_1,Natural Gas Fired Combined Cycle,Naturalgas,MISS,60.0,.,0,False,False,7.526,3.582,0.0,MISS_ar_natural_gas_fired_combined_cycle_1,0.0,0.0,.,0.0,1.0,1.0,6.0,6.0,92.081,False,.,.,1,.,.,.,.,Naturalgas,AR
MISS_ar_natural_gas_fired_combined_cycle_2,Natural Gas Fired Combined Cycle,Naturalgas,MISS,60.0,.,0,False,False,10.463,4.551,0.0,MISS_ar_natural_gas_fired_combined_cycle_2,0.0,0.0,.,0.0,1.0,1.0,6.0,6.0,92.081,False,.,.,1,.,.,.,.,Naturalgas,AR
MISS_la_natural_gas_fired_combined_cycle_1,Natural Gas Fired Combined Cycle,Naturalgas,MISS,60.0,.,0,False,False,7.367,3.589,0.0,MISS_la_natural_gas_fired_combined_cycle_1,0.0,0.0,.,0.0,1.0,1.0,6.0,6.0,92.081,False,.,.,1,.,.,.,.,Naturalgas,LA
MISS_la_natural_gas_fired_combined_cycle_2,Natural Gas Fired Combined Cycle,Naturalgas,MISS,60.0,.,0,False,False,11.415,4.021,0.0,MISS_la_natural_gas_fired_combined_cycle_2,0.0,0.0,.,0.0,1.0,1.0,6.0,6.0,92.081,False,.,.,1,.,.,.,.,Naturalgas,LA
MISS_ms_natural_gas_fired_combined_cycle_1,Natural Gas Fired Combined Cycle,Naturalgas,MISS,60.0,.,0,False,False,8.237,4.551,0.0,MISS_ms_natural_gas_fired_combined_cycle_1,0.0,0.0,.,0.0,1.0,1.0,6.0,6.0,92.081,False,.,.,1,.,.,.,.,Naturalgas,MS
MISS_ms_natural_gas_fired_combined_cycle_2,Natural Gas Fired Combined Cycle,Naturalgas,MISS,60.0,.,0,False,False,7.027,3.611,0.0,MISS_ms_natural_gas_fired_combined_cycle_2,0.0,0.0,.,0.0,1.0,1.0,6.0,6.0,92.081,False,.,.,1,.,.,.,.,Naturalgas,MS
MISS_tx_natural_gas_fired_combined_cycle_1,Natural Gas Fired Combined Cycle,Naturalgas,MISS,60.0,.,0,False,False,7.335,3.558,0.0,MISS_tx_natural_gas_fired_combined_cycle_1,0.0,0.0,.,0.0,1.0,1.0,6.0,6.0,92.081,False,.,.,1,.,.,.,.,Naturalgas,TX
MISS_tx_natural_gas_fired_combined_cycle_2,Natural Gas Fired Combined Cycle,Naturalgas,MISS,60.0,.,0,False,False,6.41,3.649,0.0,MISS_tx_natural_gas_fired_combined_cycle_2,0.0,0.0,.,0.0,1.0,1.0,6.0,6.0,92.081,False,.,.,1,.,.,.,.,Naturalgas,TX
MISS_ar_natural_gas_fired_combustion_turbine_1,Natural Gas Fired Combustion Turbine,Naturalgas,MISS,50.0,.,0,False,False,9.835,6.8,0.0,MISS_ar_natural_gas_fired_combustion_turbine_1,0.0,0.0,.,0.0,1.0,1.0,1.0,1.0,119.396,False,.,.,1,.,.,.,.,Naturalgas,AR
MISS_la_natural_gas_fired_combustion_turbine_1,Natural Gas Fired Combustion Turbine,Naturalgas,MISS,50.0,.,0,False,False,10.367,6.8,0.0,MISS_la_natural_gas_fired_combustion_turbine_1,0.0,0.0,.,0.0,1.0,1.0,1.0,1.0,119.396,False,.,.,1,.,.,.,.,Naturalgas,LA
MISS_la_natural_gas_fired_combustion_turbine_2,Natural Gas Fired Combustion Turbine,Naturalgas,MISS,50.0,.,0,False,False,11.822,6.8,0.0,MISS_la_natural_gas_fired_combustion_turbine_2,0.0,0.0,.,0.0,1.0,1.0,1.0,1.0,119.396,False,.,.,1,.,.,.,.,Naturalgas,LA
MISS_ms_natural_gas_fired_combustion_turbine_1,Natural Gas Fired Combustion Turbine,Naturalgas,MISS,50.0,.,0,False,False,12.94,6.8,0.0,MISS_ms_natural_gas_fired_combustion_turbine_1,0.0,0.0,.,0.0,1.0,1.0,1.0,1.0,119.396,False,.,.,1,.,.,.,.,Naturalgas,MS
MISS_ms_natural_gas_fired_combustion_turbine_2,Natural Gas Fired Combustion Turbine,Naturalgas,MISS,50.0,.,0,False,False,10.146,6.8,0.0,MISS_ms_natural_gas_fired_combustion_turbine_2,0.0,0.0,.,0.0,1.0,1.0,1.0,1.0,119.396,False,.,.,1,.,.,.,.,Naturalgas,MS
MISS_tx_natural_gas_fired_combustion_turbine_1,Natural Gas Fired Combustion Turbine,Naturalgas,MISS,50.0,.,0,False,False,11.964,6.8,0.0,MISS_tx_natural_gas_fired_combustion_turbine_1,0.0,0.0,.,0.0,1.0,1.0,1.0,1.0,119.396,False,.,.,1,.,.,.,.,Naturalgas,TX
MISS_tx_natural_gas_fired_combustion_turbine_2,Natural Gas Fired Combustion Turbine,Naturalgas,MISS,50.0,.,0,False,False,6.48,6.8,0.0,MISS_tx_natural_gas_fired_combustion_turbine_2,0.0,0.0,.,0.0,1.0,1.0,1.0,1.0,119.396,False,.,.,1,.,.,.,.,Naturalgas,TX
MISS_la_natural_gas_internal_combustion_engine_1,Natural Gas Internal Combustion Engine,Naturalgas,MISS,60.0,.,0,False,False,9.11,6.038,0.0,MISS_la_natural_gas_internal_combustion_engine_1,0.0,0.0,.,0.0,1.0,1.0,1.0,1.0,37.624,False,.,.,1,.,.,.,.,Naturalgas,LA
MISS_ms_natural_gas_internal_combustion_engine_1,Natural Gas Internal Combustion Engine,Naturalgas,MISS,60.0,.,0,False,False,7.726,5.12,0.0,MISS_ms_natural_gas_internal_combustion_engine_1,0.0,0.0,.,0.0,1.0,1.0,1.0,1.0,37.624,False,.,.,1,.,.,.,.,Naturalgas,MS
MISS_tx_natural_gas_internal_combustion_engine_1,Natural Gas Internal Combustion Engine,Naturalgas,MISS,60.0,.,0,False,False,8.16,5.408,0.0,MISS_tx_natural_gas_internal_combustion_engine_1,0.0,0.0,.,0.0,1.0,1.0,1.0,1.0,37.624,False,.,.,1,.,.,.,.,Naturalgas,TX
MISS_ar_natural_gas_steam_turbine_1,Natural Gas Steam Turbine,Naturalgas,MISS,50.0,.,0,False,False,11.648,1.056,0.0,MISS_ar_natural_gas_steam_turbine_1,0.0,0.0,.,0.0,1.0,1.0,6.0,6.0,87.479,False,.,.,1,.,.,.,.,Naturalgas,AR
MISS_ar_natural_gas_steam_turbine_2,Natural Gas Steam Turbine,Naturalgas,MISS,50.0,.,0,False,False,9.21,1.056,0.0,MISS_ar_natural_gas_steam_turbine_2,0.0,0.0,.,0.0,1.0,1.0,6.0,6.0,87.479,False,.,.,1,.,.,.,.,Naturalgas,AR
MISS_la_natural_gas_steam_turbine_1,Natural Gas Steam Turbine,Naturalgas,MISS,50.0,.,0,False,False,11.552,1.056,0.0,MISS_la_natural_gas_steam_turbine_1,0.0,0.0,.,0.0,1.0,1.0,6.0,6.0,87.479,False,.,.,1,.,.,.,.,Naturalgas,LA
MISS_la_natural_gas_steam_turbine_2,Natural Gas Steam Turbine,Naturalgas,MISS,50.0,.,0,False,False,10.574,1.056,0.0,MISS_la_natural_gas_steam_turbine_2,0.0,0.0,.,0.0,1.0,1.0,6.0,6.0,87.479,False,.,.,1,.,.,.,.,Naturalgas,LA
MISS_ms_natural_gas_steam_turbine_1,Natural Gas Steam Turbine,Naturalgas,MISS,50.0,.,0,False,False,12.706,1.056,0.0,MISS_ms_natural_gas_steam_turbine_1,0.0,0.0,.,0.0,1.0,1.0,6.0,6.0,87.479,False,.,.,1,.,.,.,.,Naturalgas,MS
MISS_ms_natural_gas_steam_turbine_2,Natural Gas Steam Turbine,Naturalgas,MISS,50.0,.,0,False,False,12.285,1.056,0.0,MISS_ms_natural_gas_steam_turbine_2,0.0,0.0,.,0.0,1.0,1.0,6.0,6.0,87.479,False,.,.,1,.,.,.,.,Naturalgas,MS
MISS_tx_natural_gas_steam_turbine_1,Natural Gas Steam Turbine,Naturalgas,MISS,50.0,.,0,False,False,12.925,1.056,0.0,MISS_tx_natural_gas_steam_turbine_1,0.0,0.0,.,0.0,1.0,1.0,6.0,6.0,87.479,False,.,.,1,.,.,.,.,Naturalgas,TX
MISS_tx_natural_gas_steam_turbine_2,Natural Gas Steam Turbine,Naturalgas,MISS,50.0,.,0,False,False,11.946,1.056,0.0,MISS_tx_natural_gas_steam_turbine_2,0.0,0.0,.,0.0,1.0,1.0,6.0,6.0,87.479,False,.,.,1,.,.,.,.,Naturalgas,TX
MISW_ia_natural_gas_fired_combined_cycle_1,Natural Gas Fired Combined Cycle,Naturalgas,MISW,60.0,.,0,False,False,9.621,3.611,0.0,MISW_ia_natural_gas_fired_combined_cycle_1,0.0,0.0,.,0.0,1.0,1.0,6.0,6.0,92.081,False,.,.,1,.,.,.,.,Naturalgas,IA
MISW_ia_natural_gas_fired_combined_cycle_2,Natural Gas Fired Combined Cycle,Naturalgas,MISW,60.0,.,0,False,False,7.691,3.611,0.0,MISW_ia_natural_gas_fired_combined_cycle_2,0.0,0.0,.,0.0,1.0,1.0,6.0,6.0,92.081,False,.,.,1,.,.,.,.,Naturalgas,IA
MISW_mn_natural_gas_fired_combined_cycle_1,Natural Gas Fired Combined Cycle,Naturalgas,MISW,60.0,.,0,False,False,7.86,4.551,0.0,MISW_mn_natural_gas_fired_combined_cycle_1,0.0,0.0,.,0.0,1.0,1.0,6.0,6.0,92.081,False,.,.,1,.,.,.,.,Naturalgas,MN
MISW_mn_natural_gas_fired_combined_cycle_2,Natural Gas Fired Combined Cycle,Naturalgas,MISW,60.0,.,0,False,False,7.211,3.611,0.0,MISW_mn_natural_gas_fired_combined_cycle_2,0.0,0.0,.,0.0,1.0,1.0,6.0,6.0,92.081,False,.,.,1,.,.,.,.,Naturalgas,MN
MISW_wi_natural_gas_fired_combined_cycle_1,Natural Gas Fired Combined Cycle,Naturalgas,MISW,60.0,.,0,False,False,9.676,4.551,0.0,MISW_wi_natural_gas_fired_combined_cycle_1,0.0,0.0,.,0.0,1.0,1.0,6.0,6.0,92.081,False,.,.,1,.,.,.,.,Naturalgas,WI
MISW_wi_natural_gas_fired_combined_cycle_2,Natural Gas Fired Combined Cycle,Naturalgas,MISW,60.0,.,0,False,False,6.79,3.589,0.0,MISW_wi_natural_gas_fired_combined_cycle_2,0.0,0.0,.,0.0,1.0,1.0,6.0,6.0,92.081,False,.,.,1,.,.,.,.,Naturalgas,WI
MISW_ia_natural_gas_fired_combustion_turbine_1,Natural Gas Fired Combustion Turbine,Naturalgas,MISW,50.0,.,0,False,False,15.29,6.8,0.0,MISW_ia_natural_gas_fired_combustion_turbine_1,0.0,0.0,.,0.0,1.0,1.0,1.0,1.0,119.396,False,.,.,1,.,.,.,.,Naturalgas,IA
MISW_ia_natural_gas_fired_combustion_turbine_2,Natural Gas Fired Combustion Turbine,Naturalgas,MISW,50.0,.,0,False,False,24.991,6.8,0.0,MISW_ia_natural_gas_fired_combustion_turbine_2,0.0,0.0,.,0.0,1.0,1.0,1.0,1.0,119.396,False,.,.,1,.,.,.,.,Naturalgas,IA
MISW_ia_natural_gas_fired_combustion_turbine_3,Natural Gas Fired Combustion Turbine,Naturalgas,MISW,50.0,.,0,False,False,12.013,6.8,0.0,MISW_ia_natural_gas_fired_combustion_turbine_3,0.0,0.0,.,0.0,1.0,1.0,1.0,1.0,119.396,False,.,.,1,.,.,.,.,Naturalgas,IA
MISW_il_natural_gas_fired_combustion_turbine_1,Natural Gas Fired Combustion Turbine,Naturalgas,MISW,50.0,.,0,False,False,12.007,6.8,0.0,MISW_il_natural_gas_fired_combustion_turbine_1,0.0,0.0,.,0.0,1.0,1.0,1.0,1.0,119.396,False,.,.,1,.,.,.,.,Naturalgas,IL
MISW_mn_natural_gas_fired_combustion_turbine_1,Natural Gas Fired Combustion Turbine,Naturalgas,MISW,50.0,.,0,False,False,11.799,6.8,0.0,MISW_mn_natural_gas_fired_combustion_turbine_1,0.0,0.0,.,0.0,1.0,1.0,1.0,1.0,119.396,False,.,.,1,.,.,.,.,Naturalgas,MN
MISW_mn_natural_gas_fired_combustion_turbine_2,Natural Gas Fired Combustion Turbine,Naturalgas,MISW,50.0,.,0,False,False,9.771,6.8,0.0,MISW_mn_natural_gas_fired_combustion_turbine_2,0.0,0.0,.,0.0,1.0,1.0,1.0,1.0,119.396,False,.,.,1,.,.,.,.,Naturalgas,MN
MISW_mn_natural_gas_fired_combustion_turbine_3,Natural Gas Fired Combustion Turbine,Naturalgas,MISW,50.0,.,0,False,False,15.755,6.8,0.0,MISW_mn_natural_gas_fired_combustion_turbine_3,0.0,0.0,.,0.0,1.0,1.0,1.0,1.0,119.396,False,.,.,1,.,.,.,.,Naturalgas,MN
MISW_mt_natural_gas_fired_combustion_turbine_1,Natural Gas Fired Combustion Turbine,Naturalgas,MISW,50.0,.,0,False,False,13.094,6.8,0.0,MISW_mt_natural_gas_fired_combustion_turbine_1,0.0,0.0,.,0.0,1.0,1.0,1.0,1.0,119.396,False,.,.,1,.,.,.,.,Naturalgas,MT
MISW_mt_natural_gas_fired_combustion_turbine_2,Natural Gas Fired Combustion Turbine,Naturalgas,MISW,50.0,.,0,False,False,13.094,6.8,0.0,MISW_mt_natural_gas_fired_combustion_turbine_2,0.0,0.0,.,0.0,1.0,1.0,1.0,1.0,119.396,False,.,.,1,.,.,.,.,Naturalgas,MT
MISW_mt_natural_gas_fired_combustion_turbine_3,Natural Gas Fired Combustion Turbine,Naturalgas,MISW,50.0,.,0,False,False,15.765,6.8,0.0,MISW_mt_natural_gas_fired_combustion_turbine_3,0.0,0.0,.,0.0,1.0,1.0,1.0,1.0,119.396,False,.,.,1,.,.,.,.,Naturalgas,MT
MISW_nd_natural_gas_fired_combustion_turbine_1,Natural Gas Fired Combustion Turbine,Naturalgas,MISW,50.0,.,0,False,False,20.387,6.8,0.0,MISW_nd_natural_gas_fired_combustion_turbine_1,0.0,0.0,.,0.0,1.0,1.0,1.0,1.0,119.396,False,.,.,1,.,.,.,.,Naturalgas,ND
MISW_nd_natural_gas_fired_combustion_turbine_2,Natural Gas Fired Combustion Turbine,Naturalgas,MISW,50.0,.,0,False,False,9.66,6.8,0.0,MISW_nd_natural_gas_fired_combustion_turbine_2,0.0,0.0,.,0.0,1.0,1.0,1.0,1.0,119.396,False,.,.,1,.,.,.,.,Naturalgas,ND
MISW_sd_natural_gas_fired_combustion_turbine_1,Natural Gas Fired Combustion Turbine,Naturalgas,MISW,50.0,.,0,False,False,11.873,6.8,0.0,MISW_sd_natural_gas_fired_combustion_turbine_1,0.0,0.0,.,0.0,1.0,1.0,1.0,1.0,119.396,False,.,.,1,.,.,.,.,Naturalgas,SD
MISW_wi_natural_gas_fired_combustion_turbine_1,Natural Gas Fired Combustion Turbine,Naturalgas,MISW,50.0,.,0,False,False,13.44,6.8,0.0,MISW_wi_natural_gas_fired_combustion_turbine_1,0.0,0.0,.,0.0,1.0,1.0,1.0,1.0,119.396,False,.,.,1,.,.,.,.,Naturalgas,WI
MISW_wi_natural_gas_fired_combustion_turbine_2,Natural Gas Fired Combustion Turbine,Naturalgas,MISW,50.0,.,0,False,False,12.158,6.8,0.0,MISW_wi_natural_gas_fired_combustion_turbine_2,0.0,0.0,.,0.0,1.0,1.0,1.0,1.0,119.396,False,.,.,1,.,.,.,.,Naturalgas,WI
MISW_ia_natural_gas_internal_combustion_engine_1,Natural Gas Internal Combustion Engine,Naturalgas,MISW,60.0,.,0,False,False,9.747,6.46,0.0,MISW_ia_natural_gas_internal_combustion_engine_1,0.0,0.0,.,0.0,1.0,1.0,1.0,1.0,37.624,False,.,.,1,.,.,.,.,Naturalgas,IA
MISW_il_natural_gas_internal_combustion_engine_1,Natural Gas Internal Combustion Engine,Naturalgas,MISW,60.0,.,0,False,False,9.642,6.39,0.0,MISW_il_natural_gas_internal_combustion_engine_1,0.0,0.0,.,0.0,1.0,1.0,1.0,1.0,37.624,False,.,.,1,.,.,.,.,Naturalgas,IL
MISW_mi_natural_gas_internal_combustion_engine_1,Natural Gas Internal Combustion Engine,Naturalgas,MISW,60.0,.,0,False,False,8.304,5.504,0.0,MISW_mi_natural_gas_internal_combustion_engine_1,0.0,0.0,.,0.0,1.0,1.0,1.0,1.0,37.624,False,.,.,1,.,.,.,.,Naturalgas,MI
MISW_mn_natural_gas_internal_combustion_engine_1,Natural Gas Internal Combustion Engine,Naturalgas,MISW,60.0,.,0,False,False,9.388,6.222,0.0,MISW_mn_natural_gas_internal_combustion_engine_1,0.0,0.0,.,0.0,1.0,1.0,1.0,1.0,37.624,False,.,.,1,.,.,.,.,Naturalgas,MN
MISW_mt_natural_gas_internal_combustion_engine_1,Natural Gas Internal Combustion Engine,Naturalgas,MISW,60.0,.,0,False,False,15.1,10.008,0.0,MISW_mt_natural_gas_internal_combustion_engine_1,0.0,0.0,.,0.0,1.0,1.0,1.0,1.0,37.624,False,.,.,1,.,.,.,.,Naturalgas,MT
MISW_wi_natural_gas_internal_combustion_engine_1,Natural Gas Internal Combustion Engine,Naturalgas,MISW,60.0,.,0,False,False,9.029,5.984,0.0,MISW_wi_natural_gas_internal_combustion_engine_1,0.0,0.0,.,0.0,1.0,1.0,1.0,1.0,37.624,False,.,.,1,.,.,.,.,Naturalgas,WI
MISW_ia_natural_gas_steam_turbine_1,Natural Gas Steam Turbine,Naturalgas,MISW,50.0,.,0,False,False,11.623,1.056,0.0,MISW_ia_natural_gas_steam_turbine_1,0.0,0.0,.,0.0,1.0,1.0,6.0,6.0,87.479,False,.,.,1,.,.,.,.,Naturalgas,IA
MISW_mn_natural_gas_steam_turbine_1,Natural Gas Steam Turbine,Naturalgas,MISW,50.0,.,0,False,False,9.21,1.056,0.0,MISW_mn_natural_gas_steam_turbine_1,0.0,0.0,.,0.0,1.0,1.0,6.0,6.0,87.479,False,.,.,1,.,.,.,.,Naturalgas,MN
MISW_wi_natural_gas_steam_turbine_1,Natural Gas Steam Turbine,Naturalgas,MISW,50.0,.,0,False,False,9.21,1.056,0.0,MISW_wi_natural_gas_steam_turbine_1,0.0,0.0,.,0.0,1.0,1.0,6.0,6.0,87.479,False,.,.,1,.,.,.,.,Naturalgas,WI
NWPP_id_natural_gas_fired_combined_cycle_1,Natural Gas Fired Combined Cycle,Naturalgas,NWPP,60.0,.,0,False,False,7.025,4.551,0.0,NWPP_id_natural_gas_fired_combined_cycle_1,0.0,0.0,.,0.0,1.0,1.0,6.0,6.0,92.081,False,.,.,1,.,.,.,.,Naturalgas,ID
NWPP_or_natural_gas_fired_combined_cycle_1,Natural Gas Fired Combined Cycle,Naturalgas,NWPP,60.0,.,0,False,False,7.619,4.113,0.0,NWPP_or_natural_gas_fired_combined_cycle_1,0.0,0.0,.,0.0,1.0,1.0,6.0,6.0,92.081,False,.,.,1,.,.,.,.,Naturalgas,OR
NWPP_wa_natural_gas_fired_combined_cycle_1,Natural Gas Fired Combined Cycle,Naturalgas,NWPP,60.0,.,0,False,False,7.787,4.174,0.0,NWPP_wa_natural_gas_fired_combined_cycle_1,0.0,0.0,.,0.0,1.0,1.0,6.0,6.0,92.081,False,.,.,1,.,.,.,.,Naturalgas,WA
NWPP_id_natural_gas_fired_combustion_turbine_1,Natural Gas Fired Combustion Turbine,Naturalgas,NWPP,50.0,.,0,False,False,12.179,6.8,0.0,NWPP_id_natural_gas_fired_combustion_turbine_1,0.0,0.0,.,0.0,1.0,1.0,1.0,1.0,119.396,False,.,.,1,.,.,.,.,Naturalgas,ID
NWPP_id_natural_gas_fired_combustion_turbine_2,Natural Gas Fired Combustion Turbine,Naturalgas,NWPP,50.0,.,0,False,False,12.179,6.8,0.0,NWPP_id_natural_gas_fired_combustion_turbine_2,0.0,0.0,.,0.0,1.0,1.0,1.0,1.0,119.396,False,.,.,1,.,.,.,.,Naturalgas,ID
NWPP_mt_natural_gas_fired_combustion_turbine_1,Natural Gas Fired Combustion Turbine,Naturalgas,NWPP,50.0,.,0,False,False,12.344,6.8,0.0,NWPP_mt_natural_gas_fired_combustion_turbine_1,0.0,0.0,.,0.0,1.0,1.0,1.0,1.0,119.396,False,.,.,1,.,.,.,.,Naturalgas,MT
NWPP_or_natural_gas_fired_combustion_turbine_1,Natural Gas Fired Combustion Turbine,Naturalgas,NWPP,50.0,.,0,False,False,11.51,6.8,0.0,NWPP_or_natural_gas_fired_combustion_turbine_1,0.0,0.0,.,0.0,1.0,1.0,1.0,1.0,119.396,False,.,.,1,.,.,.,.,Naturalgas,OR
NWPP_or_natural_gas_fired_combustion_turbine_2,Natural Gas Fired Combustion Turbine,Naturalgas,NWPP,50.0,.,0,False,False,12.078,6.8,0.0,NWPP_or_natural_gas_fired_combustion_turbine_2,0.0,0.0,.,0.0,1.0,1.0,1.0,1.0,119.396,False,.,.,1,.,.,.,.,Naturalgas,OR
NWPP_wa_natural_gas_fired_combustion_turbine_1,Natural Gas Fired Combustion Turbine,Naturalgas,NWPP,50.0,.,0,False,False,14.274,6.8,0.0,NWPP_wa_natural_gas_fired_combustion_turbine_1,0.0,0.0,.,0.0,1.0,1.0,1.0,1.0,119.396,False,.,.,1,.,.,.,.,Naturalgas,WA
NWPP_wa_natural_gas_fired_combustion_turbine_2,Natural Gas Fired Combustion Turbine,Naturalgas,NWPP,50.0,.,0,False,False,11.826,6.8,0.0,NWPP_wa_natural_gas_fired_combustion_turbine_2,0.0,0.0,.,0.0,1.0,1.0,1.0,1.0,119.396,False,.,.,1,.,.,.,.,Naturalgas,WA
NWPP_mt_natural_gas_internal_combustion_engine_1,Natural Gas Internal Combustion Engine,Naturalgas,NWPP,60.0,.,0,False,False,9.304,6.166,0.0,NWPP_mt_natural_gas_internal_combustion_engine_1,0.0,0.0,.,0.0,1.0,1.0,1.0,1.0,37.624,False,.,.,1,.,.,.,.,Naturalgas,MT
NWPP_or_natural_gas_internal_combustion_engine_1,Natural Gas Internal Combustion Engine,Naturalgas,NWPP,60.0,.,0,False,False,8.689,5.759,0.0,NWPP_or_natural_gas_internal_combustion_engine_1,0.0,0.0,.,0.0,1.0,1.0,1.0,1.0,37.624,False,.,.,1,.,.,.,.,Naturalgas,OR
NWPP_wa_natural_gas_internal_combustion_engine_1,Natural Gas Internal Combustion Engine,Naturalgas,NWPP,60.0,.,0,False,False,9.152,6.066,0.0,NWPP_wa_natural_gas_internal_combustion_engine_1,0.0,0.0,.,0.0,1.0,1.0,1.0,1.0,37.624,False,.,.,1,.,.,.,.,Naturalgas,WA
NWPP_wa_natural_gas_steam_turbine_1,Natural Gas Steam Turbine,Naturalgas,NWPP,50.0,.,0,False,False,9.21,1.056,0.0,NWPP_wa_natural_gas_steam_turbine_1,0.0,0.0,.,0.0,1.0,1.0,6.0,6.0,87.479,False,.,.,1,.,.,.,.,Naturalgas,WA
NYCW_nj_natural_gas_fired_combined_cycle_1,Natural Gas Fired Combined Cycle,Naturalgas,NYCW,60.0,.,0,False,False,9.397,3.611,0.0,NYCW_nj_natural_gas_fired_combined_cycle_1,0.0,0.0,.,0.0,1.0,1.0,6.0,6.0,92.081,False,.,.,1,.,.,.,.,Naturalgas,NJ
NYCW_ny_natural_gas_fired_combined_cycle_1,Natural Gas Fired Combined Cycle,Naturalgas,NYCW,60.0,.,0,False,False,7.677,4.034,0.0,NYCW_ny_natural_gas_fired_combined_cycle_1,0.0,0.0,.,0.0,1.0,1.0,6.0,6.0,92.081,False,.,.,1,.,.,.,.,Naturalgas,NY
NYCW_nj_natural_gas_fired_combustion_turbine_1,Natural Gas Fired Combustion Turbine,Naturalgas,NYCW,50.0,.,0,False,False,10.236,6.8,0.0,NYCW_nj_natural_gas_fired_combustion_turbine_1,0.0,0.0,.,0.0,1.0,1.0,1.0,1.0,119.396,False,.,.,1,.,.,.,.,Naturalgas,NJ
NYCW_ny_natural_gas_fired_combustion_turbine_1,Natural Gas Fired Combustion Turbine,Naturalgas,NYCW,50.0,.,0,False,False,10.12,6.8,0.0,NYCW_ny_natural_gas_fired_combustion_turbine_1,0.0,0.0,.,0.0,1.0,1.0,1.0,1.0,119.396,False,.,.,1,.,.,.,.,Naturalgas,NY
NYCW_ny_natural_gas_fired_combustion_turbine_2,Natural Gas Fired Combustion Turbine,Naturalgas,NYCW,50.0,.,0,False,False,16.984,6.8,0.0,NYCW_ny_natural_gas_fired_combustion_turbine_2,0.0,0.0,.,0.0,1.0,1.0,1.0,1.0,119.396,False,.,.,1,.,.,.,.,Naturalgas,NY
NYCW_ny_natural_gas_fired_combustion_turbine_3,Natural Gas Fired Combustion Turbine,Naturalgas,NYCW,50.0,.,0,False,False,17.225,6.8,0.0,NYCW_ny_natural_gas_fired_combustion_turbine_3,0.0,0.0,.,0.0,1.0,1.0,1.0,1.0,119.396,False,.,.,1,.,.,.,.,Naturalgas,NY
NYCW_ny_natural_gas_internal_combustion_engine_1,Natural Gas Internal Combustion Engine,Naturalgas,NYCW,60.0,.,0,False,False,8.632,5.721,0.0,NYCW_ny_natural_gas_internal_combustion_engine_1,0.0,0.0,.,0.0,1.0,1.0,1.0,1.0,37.624,False,.,.,1,.,.,.,.,Naturalgas,NY
NYCW_ny_natural_gas_steam_turbine_1,Natural Gas Steam Turbine,Naturalgas,NYCW,50.0,.,0,False,False,10.296,1.056,0.0,NYCW_ny_natural_gas_steam_turbine_1,0.0,0.0,.,0.0,1.0,1.0,6.0,6.0,87.479,False,.,.,1,.,.,.,.,Naturalgas,NY
NYUP_ny_natural_gas_fired_combined_cycle_1,Natural Gas Fired Combined Cycle,Naturalgas,NYUP,60.0,.,0,False,False,7.169,3.583,0.0,NYUP_ny_natural_gas_fired_combined_cycle_1,0.0,0.0,.,0.0,1.0,1.0,6.0,6.0,92.081,False,.,.,1,.,.,.,.,Naturalgas,NY
NYUP_ny_natural_gas_fired_combined_cycle_2,Natural Gas Fired Combined Cycle,Naturalgas,NYUP,60.0,.,0,False,False,9.204,4.551,0.0,NYUP_ny_natural_gas_fired_combined_cycle_2,0.0,0.0,.,0.0,1.0,1.0,6.0,6.0,92.081,False,.,.,1,.,.,.,.,Naturalgas,NY
NYUP_ny_natural_gas_fired_combustion_turbine_1,Natural Gas Fired Combustion Turbine,Naturalgas,NYUP,50.0,.,0,False,False,23.467,6.8,0.0,NYUP_ny_natural_gas_fired_combustion_turbine_1,0.0,0.0,.,0.0,1.0,1.0,1.0,1.0,119.396,False,.,.,1,.,.,.,.,Naturalgas,NY
NYUP_ny_natural_gas_fired_combustion_turbine_2,Natural Gas Fired Combustion Turbine,Naturalgas,NYUP,50.0,.,0,False,False,10.022,6.8,0.0,NYUP_ny_natural_gas_fired_combustion_turbine_2,0.0,0.0,.,0.0,1.0,1.0,1.0,1.0,119.396,False,.,.,1,.,.,.,.,Naturalgas,NY
NYUP_ny_natural_gas_internal_combustion_engine_1,Natural Gas Internal Combustion Engine,Naturalgas,NYUP,60.0,.,0,False,False,8.125,5.385,0.0,NYUP_ny_natural_gas_internal_combustion_engine_1,0.0,0.0,.,0.0,1.0,1.0,1.0,1.0,37.624,False,.,.,1,.,.,.,.,Naturalgas,NY
NYUP_ny_natural_gas_steam_turbine_1,Natural Gas Steam Turbine,Naturalgas,NYUP,50.0,.,0,False,False,11.534,1.056,0.0,NYUP_ny_natural_gas_steam_turbine_1,0.0,0.0,.,0.0,1.0,1.0,6.0,6.0,87.479,False,.,.,1,.,.,.,.,Naturalgas,NY
PJMC_il_natural_gas_fired_combined_cycle_1,Natural Gas Fired Combined Cycle,Naturalgas,PJMC,60.0,.,0,False,False,6.823,3.572,0.0,PJMC_il_natural_gas_fired_combined_cycle_1,0.0,0.0,.,0.0,1.0,1.0,6.0,6.0,92.081,False,.,.,1,.,.,.,.,Naturalgas,IL
PJMC_il_natural_gas_fired_combined_cycle_2,Natural Gas Fired Combined Cycle,Naturalgas,PJMC,60.0,.,0,False,False,13.016,4.551,0.0,PJMC_il_natural_gas_fired_combined_cycle_2,0.0,0.0,.,0.0,1.0,1.0,6.0,6.0,92.081,False,.,.,1,.,.,.,.,Naturalgas,IL
PJMC_il_natural_gas_fired_combustion_turbine_1,Natural Gas Fired Combustion Turbine,Naturalgas,PJMC,50.0,.,0,False,False,10.612,6.8,0.0,PJMC_il_natural_gas_fired_combustion_turbine_1,0.0,0.0,.,0.0,1.0,1.0,1.0,1.0,119.396,False,.,.,1,.,.,.,.,Naturalgas,IL
PJMC_il_natural_gas_fired_combustion_turbine_2,Natural Gas Fired Combustion Turbine,Naturalgas,PJMC,50.0,.,0,False,False,12.284,6.8,0.0,PJMC_il_natural_gas_fired_combustion_turbine_2,0.0,0.0,.,0.0,1.0,1.0,1.0,1.0,119.396,False,.,.,1,.,.,.,.,Naturalgas,IL
PJMC_il_natural_gas_internal_combustion_engine_1,Natural Gas Internal Combustion Engine,Naturalgas,PJMC,60.0,.,0,False,False,8.94,5.925,0.0,PJMC_il_natural_gas_internal_combustion_engine_1,0.0,0.0,.,0.0,1.0,1.0,1.0,1.0,37.624,False,.,.,1,.,.,.,.,Naturalgas,IL
PJMC_il_natural_gas_steam_turbine_1,Natural Gas Steam Turbine,Naturalgas,PJMC,50.0,.,0,False,False,33.928,1.056,0.0,PJMC_il_natural_gas_steam_turbine_1,0.0,0.0,.,0.0,1.0,1.0,6.0,6.0,87.479,False,.,.,1,.,.,.,.,Naturalgas,IL
PJMD_va_natural_gas_fired_combined_cycle_1,Natural Gas Fired Combined Cycle,Naturalgas,PJMD,60.0,.,0,False,False,7.063,3.579,0.0,PJMD_va_natural_gas_fired_combined_cycle_1,0.0,0.0,.,0.0,1.0,1.0,6.0,6.0,92.081,False,.,.,1,.,.,.,.,Naturalgas,VA
PJMD_va_natural_gas_fired_combined_cycle_2,Natural Gas Fired Combined Cycle,Naturalgas,PJMD,60.0,.,0,False,False,7.824,4.551,0.0,PJMD_va_natural_gas_fired_combined_cycle_2,0.0,0.0,.,0.0,1.0,1.0,6.0,6.0,92.081,False,.,.,1,.,.,.,.,Naturalgas,VA
PJMD_va_natural_gas_fired_combustion_turbine_1,Natural Gas Fired Combustion Turbine,Naturalgas,PJMD,50.0,.,0,False,False,11.969,6.8,0.0,PJMD_va_natural_gas_fired_combustion_turbine_1,0.0,0.0,.,0.0,1.0,1.0,1.0,1.0,119.396,False,.,.,1,.,.,.,.,Naturalgas,VA
PJMD_va_natural_gas_fired_combustion_turbine_2,Natural Gas Fired Combustion Turbine,Naturalgas,PJMD,50.0,.,0,False,False,9.66,6.8,0.0,PJMD_va_natural_gas_fired_combustion_turbine_2,0.0,0.0,.,0.0,1.0,1.0,1.0,1.0,119.396,False,.,.,1,.,.,.,.,Naturalgas,VA
PJMD_va_natural_gas_fired_combustion_turbine_3,Natural Gas Fired Combustion Turbine,Naturalgas,PJMD,50.0,.,0,False,False,10.454,6.8,0.0,PJMD_va_natural_gas_fired_combustion_turbine_3,0.0,0.0,.,0.0,1.0,1.0,1.0,1.0,119.396,False,.,.,1,.,.,.,.,Naturalgas,VA
PJMD_va_natural_gas_internal_combustion_engine_1,Natural Gas Internal Combustion Engine,Naturalgas,PJMD,60.0,.,0,False,False,8.16,5.408,0.0,PJMD_va_natural_gas_internal_combustion_engine_1,0.0,0.0,.,0.0,1.0,1.0,1.0,1.0,37.624,False,.,.,1,.,.,.,.,Naturalgas,VA
PJMD_va_natural_gas_steam_turbine_1,Natural Gas Steam Turbine,Naturalgas,PJMD,50.0,.,0,False,False,9.21,1.056,0.0,PJMD_va_natural_gas_steam_turbine_1,0.0,0.0,.,0.0,1.0,1.0,6.0,6.0,87.479,False,.,.,1,.,.,.,.,Naturalgas,VA
PJME_de_natural_gas_fired_combined_cycle_1,Natural Gas Fired Combined Cycle,Naturalgas,PJME,60.0,.,0,False,False,8.592,4.551,0.0,PJME_de_natural_gas_fired_combined_cycle_1,0.0,0.0,.,0.0,1.0,1.0,6.0,6.0,92.081,False,.,.,1,.,.,.,.,Naturalgas,DE
PJME_de_natural_gas_fired_combined_cycle_2,Natural Gas Fired Combined Cycle,Naturalgas,PJME,60.0,.,0,False,False,9.296,3.558,0.0,PJME_de_natural_gas_fired_combined_cycle_2,0.0,0.0,.,0.0,1.0,1.0,6.0,6.0,92.081,False,.,.,1,.,.,.,.,Naturalgas,DE
PJME_md_natural_gas_fired_combined_cycle_1,Natural Gas Fired Combined Cycle,Naturalgas,PJME,60.0,.,0,False,False,8.936,4.551,0.0,PJME_md_natural_gas_fired_combined_cycle_1,0.0,0.0,.,0.0,1.0,1.0,6.0,6.0,92.081,False,.,.,1,.,.,.,.,Naturalgas,MD
PJME_md_natural_gas_fired_combined_cycle_2,Natural Gas Fired Combined Cycle,Naturalgas,PJME,60.0,.,0,False,False,7.241,3.589,0.0,PJME_md_natural_gas_fired_combined_cycle_2,0.0,0.0,.,0.0,1.0,1.0,6.0,6.0,92.081,False,.,.,1,.,.,.,.,Naturalgas,MD
PJME_nj_natural_gas_fired_combined_cycle_1,Natural Gas Fired Combined Cycle,Naturalgas,PJME,60.0,.,0,False,False,9.409,4.551,0.0,PJME_nj_natural_gas_fired_combined_cycle_1,0.0,0.0,.,0.0,1.0,1.0,6.0,6.0,92.081,False,.,.,1,.,.,.,.,Naturalgas,NJ
PJME_nj_natural_gas_fired_combined_cycle_2,Natural Gas Fired Combined Cycle,Naturalgas,PJME,60.0,.,0,False,False,9.956,3.597,0.0,PJME_nj_natural_gas_fired_combined_cycle_2,0.0,0.0,.,0.0,1.0,1.0,6.0,6.0,92.081,False,.,.,1,.,.,.,.,Naturalgas,NJ
PJME_pa_natural_gas_fired_combined_cycle_1,Natural Gas Fired Combined Cycle,Naturalgas,PJME,60.0,.,0,False,False,6.944,3.608,0.0,PJME_pa_natural_gas_fired_combined_cycle_1,0.0,0.0,.,0.0,1.0,1.0,6.0,6.0,92.081,False,.,.,1,.,.,.,.,Naturalgas,PA
PJME_pa_natural_gas_fired_combined_cycle_2,Natural Gas Fired Combined Cycle,Naturalgas,PJME,60.0,.,0,False,False,11.763,4.551,0.0,PJME_pa_natural_gas_fired_combined_cycle_2,0.0,0.0,.,0.0,1.0,1.0,6.0,6.0,92.081,False,.,.,1,.,.,.,.,Naturalgas,PA
PJME_dc_natural_gas_fired_combustion_turbine_1,Natural Gas Fired Combustion Turbine,Naturalgas,PJME,50.0,.,0,False,False,9.66,6.8,0.0,PJME_dc_natural_gas_fired_combustion_turbine_1,0.0,0.0,.,0.0,1.0,1.0,1.0,1.0,119.396,False,.,.,1,.,.,.,.,Naturalgas,DC
PJME_dc_natural_gas_fired_combustion_turbine_2,Natural Gas Fired Combustion Turbine,Naturalgas,PJME,50.0,.,0,False,False,11.605,6.8,0.0,PJME_dc_natural_gas_fired_combustion_turbine_2,0.0,0.0,.,0.0,1.0,1.0,1.0,1.0,119.396,False,.,.,1,.,.,.,.,Naturalgas,DC
PJME_de_natural_gas_fired_combustion_turbine_1,Natural Gas Fired Combustion Turbine,Naturalgas,PJME,50.0,.,0,False,False,12.826,6.8,0.0,PJME_de_natural_gas_fired_combustion_turbine_1,0.0,0.0,.,0.0,1.0,1.0,1.0,1.0,119.396,False,.,.,1,.,.,.,.,Naturalgas,DE
PJME_de_natural_gas_fired_combustion_turbine_2,Natural Gas Fired Combustion Turbine,Naturalgas,PJME,50.0,.,0,False,False,12.007,6.8,0.0,PJME_de_natural_gas_fired_combustion_turbine_2,0.0,0.0,.,0.0,1.0,1.0,1.0,1.0,119.396,False,.,.,1,.,.,.,.,Naturalgas,DE
PJME_de_natural_gas_fired_combustion_turbine_3,Natural Gas Fired Combustion Turbine,Naturalgas,PJME,50.0,.,0,False,False,7.26,6.8,0.0,PJME_de_natural_gas_fired_combustion_turbine_3,0.0,0.0,.,0.0,1.0,1.0,1.0,1.0,119.396,False,.,.,1,.,.,.,.,Naturalgas,DE
PJME_md_natural_gas_fired_combustion_turbine_1,Natural Gas Fired Combustion Turbine,Naturalgas,PJME,50.0,.,0,False,False,11.146,6.8,0.0,PJME_md_natural_gas_fired_combustion_turbine_1,0.0,0.0,.,0.0,1.0,1.0,1.0,1.0,119.396,False,.,.,1,.,.,.,.,Naturalgas,MD
PJME_md_natural_gas_fired_combustion_turbine_2,Natural Gas Fired Combustion Turbine,Naturalgas,PJME,50.0,.,0,False,False,14.347,6.8,0.0,PJME_md_natural_gas_fired_combustion_turbine_2,0.0,0.0,.,0.0,1.0,1.0,1.0,1.0,119.396,False,.,.,1,.,.,.,.,Naturalgas,MD
PJME_md_natural_gas_fired_combustion_turbine_3,Natural Gas Fired Combustion Turbine,Naturalgas,PJME,50.0,.,0,False,False,11.971,6.8,0.0,PJME_md_natural_gas_fired_combustion_turbine_3,0.0,0.0,.,0.0,1.0,1.0,1.0,1.0,119.396,False,.,.,1,.,.,.,.,Naturalgas,MD
PJME_nj_natural_gas_fired_combustion_turbine_1,Natural Gas Fired Combustion Turbine,Naturalgas,PJME,50.0,.,0,False,False,11.616,6.8,0.0,PJME_nj_natural_gas_fired_combustion_turbine_1,0.0,0.0,.,0.0,1.0,1.0,1.0,1.0,119.396,False,.,.,1,.,.,.,.,Naturalgas,NJ
PJME_nj_natural_gas_fired_combustion_turbine_2,Natural Gas Fired Combustion Turbine,Naturalgas,PJME,50.0,.,0,False,False,10.499,6.8,0.0,PJME_nj_natural_gas_fired_combustion_turbine_2,0.0,0.0,.,0.0,1.0,1.0,1.0,1.0,119.396,False,.,.,1,.,.,.,.,Naturalgas,NJ
PJME_nj_natural_gas_fired_combustion_turbine_3,Natural Gas Fired Combustion Turbine,Naturalgas,PJME,50.0,.,0,False,False,15.628,6.8,0.0,PJME_nj_natural_gas_fired_combustion_turbine_3,0.0,0.0,.,0.0,1.0,1.0,1.0,1.0,119.396,False,.,.,1,.,.,.,.,Naturalgas,NJ
PJME_pa_natural_gas_fired_combustion_turbine_1,Natural Gas Fired Combustion Turbine,Naturalgas,PJME,50.0,.,0,False,False,9.988,6.8,0.0,PJME_pa_natural_gas_fired_combustion_turbine_1,0.0,0.0,.,0.0,1.0,1.0,1.0,1.0,119.396,False,.,.,1,.,.,.,.,Naturalgas,PA
PJME_pa_natural_gas_fired_combustion_turbine_2,Natural Gas Fired Combustion Turbine,Naturalgas,PJME,50.0,.,0,False,False,11.996,6.8,0.0,PJME_pa_natural_gas_fired_combustion_turbine_2,0.0,0.0,.,0.0,1.0,1.0,1.0,1.0,119.396,False,.,.,1,.,.,.,.,Naturalgas,PA
PJME_pa_natural_gas_fired_combustion_turbine_3,Natural Gas Fired Combustion Turbine,Naturalgas,PJME,50.0,.,0,False,False,25.223,6.8,0.0,PJME_pa_natural_gas_fired_combustion_turbine_3,0.0,0.0,.,0.0,1.0,1.0,1.0,1.0,119.396,False,.,.,1,.,.,.,.,Naturalgas,PA
PJME_md_natural_gas_internal_combustion_engine_1,Natural Gas Internal Combustion Engine,Naturalgas,PJME,60.0,.,0,False,False,9.899,6.56,0.0,PJME_md_natural_gas_internal_combustion_engine_1,0.0,0.0,.,0.0,1.0,1.0,1.0,1.0,37.624,False,.,.,1,.,.,.,.,Naturalgas,MD
PJME_nj_natural_gas_internal_combustion_engine_1,Natural Gas Internal Combustion Engine,Naturalgas,PJME,60.0,.,0,False,False,9.463,6.272,0.0,PJME_nj_natural_gas_internal_combustion_engine_1,0.0,0.0,.,0.0,1.0,1.0,1.0,1.0,37.624,False,.,.,1,.,.,.,.,Naturalgas,NJ
PJME_pa_natural_gas_internal_combustion_engine_1,Natural Gas Internal Combustion Engine,Naturalgas,PJME,60.0,.,0,False,False,8.838,5.857,0.0,PJME_pa_natural_gas_internal_combustion_engine_1,0.0,0.0,.,0.0,1.0,1.0,1.0,1.0,37.624,False,.,.,1,.,.,.,.,Naturalgas,PA
PJME_de_natural_gas_steam_turbine_1,Natural Gas Steam Turbine,Naturalgas,PJME,50.0,.,0,False,False,11.999,1.056,0.0,PJME_de_natural_gas_steam_turbine_1,0.0,0.0,.,0.0,1.0,1.0,6.0,6.0,87.479,False,.,.,1,.,.,.,.,Naturalgas,DE
PJME_md_natural_gas_steam_turbine_1,Natural Gas Steam Turbine,Naturalgas,PJME,50.0,.,0,False,False,10.346,1.056,0.0,PJME_md_natural_gas_steam_turbine_1,0.0,0.0,.,0.0,1.0,1.0,6.0,6.0,87.479,False,.,.,1,.,.,.,.,Naturalgas,MD
PJME_nj_natural_gas_steam_turbine_1,Natural Gas Steam Turbine,Naturalgas,PJME,50.0,.,0,False,False,9.21,1.056,0.0,PJME_nj_natural_gas_steam_turbine_1,0.0,0.0,.,0.0,1.0,1.0,6.0,6.0,87.479,False,.,.,1,.,.,.,.,Naturalgas,NJ
PJME_pa_natural_gas_steam_turbine_1,Natural Gas Steam Turbine,Naturalgas,PJME,50.0,.,0,False,False,14.704,1.056,0.0,PJME_pa_natural_gas_steam_turbine_1,0.0,0.0,.,0.0,1.0,1.0,6.0,6.0,87.479,False,.,.,1,.,.,.,.,Naturalgas,PA
PJMW_in_natural_gas_fired_combined_cycle_1,Natural Gas Fired Combined Cycle,Naturalgas,PJMW,60.0,.,0,False,False,7.098,3.558,0.0,PJMW_in_natural_gas_fired_combined_cycle_1,0.0,0.0,.,0.0,1.0,1.0,6.0,6.0,92.081,False,.,.,1,.,.,.,.,Naturalgas,IN
PJMW_in_natural_gas_fired_combined_cycle_2,Natural Gas Fired Combined Cycle,Naturalgas,PJMW,60.0,.,0,False,False,6.865,3.611,0.0,PJMW_in_natural_gas_fired_combined_cycle_2,0.0,0.0,.,0.0,1.0,1.0,6.0,6.0,92.081,False,.,.,1,.,.,.,.,Naturalgas,IN
PJMW_mi_natural_gas_fired_combined_cycle_1,Natural Gas Fired Combined Cycle,Naturalgas,PJMW,60.0,.,0,False,False,6.41,3.558,0.0,PJMW_mi_natural_gas_fired_combined_cycle_1,0.0,0.0,.,0.0,1.0,1.0,6.0,6.0,92.081,False,.,.,1,.,.,.,.,Naturalgas,MI
PJMW_oh_natural_gas_fired_combined_cycle_1,Natural Gas Fired Combined Cycle,Naturalgas,PJMW,60.0,.,0,False,False,6.74,3.634,0.0,PJMW_oh_natural_gas_fired_combined_cycle_1,0.0,0.0,.,0.0,1.0,1.0,6.0,6.0,92.081,False,.,.,1,.,.,.,.,Naturalgas,OH
PJMW_oh_natural_gas_fired_combined_cycle_2,Natural Gas Fired Combined Cycle,Naturalgas,PJMW,60.0,.,0,False,False,18.784,4.551,0.0,PJMW_oh_natural_gas_fired_combined_cycle_2,0.0,0.0,.,0.0,1.0,1.0,6.0,6.0,92.081,False,.,.,1,.,.,.,.,Naturalgas,OH
PJMW_pa_natural_gas_fired_combined_cycle_1,Natural Gas Fired Combined Cycle,Naturalgas,PJMW,60.0,.,0,False,False,6.634,3.592,0.0,PJMW_pa_natural_gas_fired_combined_cycle_1,0.0,0.0,.,0.0,1.0,1.0,6.0,6.0,92.081,False,.,.,1,.,.,.,.,Naturalgas,PA
PJMW_pa_natural_gas_fired_combined_cycle_2,Natural Gas Fired Combined Cycle,Naturalgas,PJMW,60.0,.,0,False,False,11.88,4.551,0.0,PJMW_pa_natural_gas_fired_combined_cycle_2,0.0,0.0,.,0.0,1.0,1.0,6.0,6.0,92.081,False,.,.,1,.,.,.,.,Naturalgas,PA
PJMW_va_natural_gas_fired_combined_cycle_1,Natural Gas Fired Combined Cycle,Naturalgas,PJMW,60.0,.,0,False,False,6.84,3.558,0.0,PJMW_va_natural_gas_fired_combined_cycle_1,0.0,0.0,.,0.0,1.0,1.0,6.0,6.0,92.081,False,.,.,1,.,.,.,.,Naturalgas,VA
PJMW_in_natural_gas_fired_combustion_turbine_1,Natural Gas Fired Combustion Turbine,Naturalgas,PJMW,50.0,.,0,False,False,13.472,6.8,0.0,PJMW_in_natural_gas_fired_combustion_turbine_1,0.0,0.0,.,0.0,1.0,1.0,1.0,1.0,119.396,False,.,.,1,.,.,.,.,Naturalgas,IN
PJMW_in_natural_gas_fired_combustion_turbine_2,Natural Gas Fired Combustion Turbine,Naturalgas,PJMW,50.0,.,0,False,False,12.007,6.8,0.0,PJMW_in_natural_gas_fired_combustion_turbine_2,0.0,0.0,.,0.0,1.0,1.0,1.0,1.0,119.396,False,.,.,1,.,.,.,.,Naturalgas,IN
PJMW_in_natural_gas_fired_combustion_turbine_3,Natural Gas Fired Combustion Turbine,Naturalgas,PJMW,50.0,.,0,False,False,14.119,6.8,0.0,PJMW_in_natural_gas_fired_combustion_turbine_3,0.0,0.0,.,0.0,1.0,1.0,1.0,1.0,119.396,False,.,.,1,.,.,.,.,Naturalgas,IN
PJMW_ky_natural_gas_fired_combustion_turbine_1,Natural Gas Fired Combustion Turbine,Naturalgas,PJMW,50.0,.,0,False,False,11.306,6.8,0.0,PJMW_ky_natural_gas_fired_combustion_turbine_1,0.0,0.0,.,0.0,1.0,1.0,1.0,1.0,119.396,False,.,.,1,.,.,.,.,Naturalgas,KY
PJMW_ky_natural_gas_fired_combustion_turbine_2,Natural Gas Fired Combustion Turbine,Naturalgas,PJMW,50.0,.,0,False,False,12.571,6.8,0.0,PJMW_ky_natural_gas_fired_combustion_turbine_2,0.0,0.0,.,0.0,1.0,1.0,1.0,1.0,119.396,False,.,.,1,.,.,.,.,Naturalgas,KY
PJMW_ky_natural_gas_fired_combustion_turbine_3,Natural Gas Fired Combustion Turbine,Naturalgas,PJMW,50.0,.,0,False,False,12.939,6.8,0.0,PJMW_ky_natural_gas_fired_combustion_turbine_3,0.0,0.0,.,0.0,1.0,1.0,1.0,1.0,119.396,False,.,.,1,.,.,.,.,Naturalgas,KY
PJMW_oh_natural_gas_fired_combustion_turbine_1,Natural Gas Fired Combustion Turbine,Naturalgas,PJMW,50.0,.,0,False,False,11.891,6.8,0.0,PJMW_oh_natural_gas_fired_combustion_turbine_1,0.0,0.0,.,0.0,1.0,1.0,1.0,1.0,119.396,False,.,.,1,.,.,.,.,Naturalgas,OH
PJMW_oh_natural_gas_fired_combustion_turbine_2,Natural Gas Fired Combustion Turbine,Naturalgas,PJMW,50.0,.,0,False,False,25.295,6.8,0.0,PJMW_oh_natural_gas_fired_combustion_turbine_2,0.0,0.0,.,0.0,1.0,1.0,1.0,1.0,119.396,False,.,.,1,.,.,.,.,Naturalgas,OH
PJMW_oh_natural_gas_fired_combustion_turbine_3,Natural Gas Fired Combustion Turbine,Naturalgas,PJMW,50.0,.,0,False,False,15.416,6.8,0.0,PJMW_oh_natural_gas_fired_combustion_turbine_3,0.0,0.0,.,0.0,1.0,1.0,1.0,1.0,119.396,False,.,.,1,.,.,.,.,Naturalgas,OH
PJMW_pa_natural_gas_fired_combustion_turbine_1,Natural Gas Fired Combustion Turbine,Naturalgas,PJMW,50.0,.,0,False,False,10.344,6.8,0.0,PJMW_pa_natural_gas_fired_combustion_turbine_1,0.0,0.0,.,0.0,1.0,1.0,1.0,1.0,119.396,False,.,.,1,.,.,.,.,Naturalgas,PA
PJMW_pa_natural_gas_fired_combustion_turbine_2,Natural Gas Fired Combustion Turbine,Naturalgas,PJMW,50.0,.,0,False,False,10.614,6.8,0.0,PJMW_pa_natural_gas_fired_combustion_turbine_2,0.0,0.0,.,0.0,1.0,1.0,1.0,1.0,119.396,False,.,.,1,.,.,.,.,Naturalgas,PA
PJMW_pa_natural_gas_fired_combustion_turbine_3,Natural Gas Fired Combustion Turbine,Naturalgas,PJMW,50.0,.,0,False,False,12.007,6.8,0.0,PJMW_pa_natural_gas_fired_combustion_turbine_3,0.0,0.0,.,0.0,1.0,1.0,1.0,1.0,119.396,False,.,.,1,.,.,.,.,Naturalgas,PA
PJMW_va_natural_gas_fired_combustion_turbine_1,Natural Gas Fired Combustion Turbine,Naturalgas,PJMW,50.0,.,0,False,False,11.272,6.8,0.0,PJMW_va_natural_gas_fired_combustion_turbine_1,0.0,0.0,.,0.0,1.0,1.0,1.0,1.0,119.396,False,.,.,1,.,.,.,.,Naturalgas,VA
PJMW_va_natural_gas_fired_combustion_turbine_2,Natural Gas Fired Combustion Turbine,Naturalgas,PJMW,50.0,.,0,False,False,10.253,6.8,0.0,PJMW_va_natural_gas_fired_combustion_turbine_2,0.0,0.0,.,0.0,1.0,1.0,1.0,1.0,119.396,False,.,.,1,.,.,.,.,Naturalgas,VA
PJMW_va_natural_gas_fired_combustion_turbine_3,Natural Gas Fired Combustion Turbine,Naturalgas,PJMW,50.0,.,0,False,False,12.007,6.8,0.0,PJMW_va_natural_gas_fired_combustion_turbine_3,0.0,0.0,.,0.0,1.0,1.0,1.0,1.0,119.396,False,.,.,1,.,.,.,.,Naturalgas,VA
PJMW_wv_natural_gas_fired_combustion_turbine_1,Natural Gas Fired Combustion Turbine,Naturalgas,PJMW,50.0,.,0,False,False,11.594,6.8,0.0,PJMW_wv_natural_gas_fired_combustion_turbine_1,0.0,0.0,.,0.0,1.0,1.0,1.0,1.0,119.396,False,.,.,1,.,.,.,.,Naturalgas,WV
PJMW_wv_natural_gas_fired_combustion_turbine_2,Natural Gas Fired Combustion Turbine,Naturalgas,PJMW,50.0,.,0,False,False,10.382,6.8,0.0,PJMW_wv_natural_gas_fired_combustion_turbine_2,0.0,0.0,.,0.0,1.0,1.0,1.0,1.0,119.396,False,.,.,1,.,.,.,.,Naturalgas,WV
PJMW_wv_natural_gas_fired_combustion_turbine_3,Natural Gas Fired Combustion Turbine,Naturalgas,PJMW,50.0,.,0,False,False,12.215,6.8,0.0,PJMW_wv_natural_gas_fired_combustion_turbine_3,0.0,0.0,.,0.0,1.0,1.0,1.0,1.0,119.396,False,.,.,1,.,.,.,.,Naturalgas,WV
PJMW_mi_natural_gas_internal_combustion_engine_1,Natural Gas Internal Combustion Engine,Naturalgas,PJMW,60.0,.,0,False,False,13.636,9.037,0.0,PJMW_mi_natural_gas_internal_combustion_engine_1,0.0,0.0,.,0.0,1.0,1.0,1.0,1.0,37.624,False,.,.,1,.,.,.,.,Naturalgas,MI
PJMW_oh_natural_gas_internal_combustion_engine_1,Natural Gas Internal Combustion Engine,Naturalgas,PJMW,60.0,.,0,False,False,11.268,7.468,0.0,PJMW_oh_natural_gas_internal_combustion_engine_1,0.0,0.0,.,0.0,1.0,1.0,1.0,1.0,37.624,False,.,.,1,.,.,.,.,Naturalgas,OH
PJMW_pa_natural_gas_internal_combustion_engine_1,Natural Gas Internal Combustion Engine,Naturalgas,PJMW,60.0,.,0,False,False,8.892,5.893,0.0,PJMW_pa_natural_gas_internal_combustion_engine_1,0.0,0.0,.,0.0,1.0,1.0,1.0,1.0,37.624,False,.,.,1,.,.,.,.,Naturalgas,PA
PJMW_in_natural_gas_steam_turbine_1,Natural Gas Steam Turbine,Naturalgas,PJMW,50.0,.,0,False,False,9.21,1.056,0.0,PJMW_in_natural_gas_steam_turbine_1,0.0,0.0,.,0.0,1.0,1.0,6.0,6.0,87.479,False,.,.,1,.,.,.,.,Naturalgas,IN
PJMW_ky_natural_gas_steam_turbine_1,Natural Gas Steam Turbine,Naturalgas,PJMW,50.0,.,0,False,False,10.824,1.056,0.0,PJMW_ky_natural_gas_steam_turbine_1,0.0,0.0,.,0.0,1.0,1.0,6.0,6.0,87.479,False,.,.,1,.,.,.,.,Naturalgas,KY
PJMW_oh_natural_gas_steam_turbine_1,Natural Gas Steam Turbine,Naturalgas,PJMW,50.0,.,0,False,False,9.333,1.056,0.0,PJMW_oh_natural_gas_steam_turbine_1,0.0,0.0,.,0.0,1.0,1.0,6.0,6.0,87.479,False,.,.,1,.,.,.,.,Naturalgas,OH
PJMW_pa_natural_gas_steam_turbine_1,Natural Gas Steam Turbine,Naturalgas,PJMW,50.0,.,0,False,False,9.21,1.056,0.0,PJMW_pa_natural_gas_steam_turbine_1,0.0,0.0,.,0.0,1.0,1.0,6.0,6.0,87.479,False,.,.,1,.,.,.,.,Naturalgas,PA
PJMW_va_natural_gas_steam_turbine_1,Natural Gas Steam Turbine,Naturalgas,PJMW,50.0,.,0,False,False,10.127,1.056,0.0,PJMW_va_natural_gas_steam_turbine_1,0.0,0.0,.,0.0,1.0,1.0,6.0,6.0,87.479,False,.,.,1,.,.,.,.,Naturalgas,VA
PJMW_wv_natural_gas_steam_turbine_1,Natural Gas Steam Turbine,Naturalgas,PJMW,50.0,.,0,False,False,9.21,1.056,0.0,PJMW_wv_natural_gas_steam_turbine_1,0.0,0.0,.,0.0,1.0,1.0,6.0,6.0,87.479,False,.,.,1,.,.,.,.,Naturalgas,WV
RMRG_co_natural_gas_fired_combined_cycle_1,Natural Gas Fired Combined Cycle,Naturalgas,RMRG,60.0,.,0,False,False,8.944,4.551,0.0,RMRG_co_natural_gas_fired_combined_cycle_1,0.0,0.0,.,0.0,1.0,1.0,6.0,6.0,92.081,False,.,.,1,.,.,.,.,Naturalgas,CO
RMRG_co_natural_gas_fired_combined_cycle_2,Natural Gas Fired Combined Cycle,Naturalgas,RMRG,60.0,.,0,False,False,7.661,3.611,0.0,RMRG_co_natural_gas_fired_combined_cycle_2,0.0,0.0,.,0.0,1.0,1.0,6.0,6.0,92.081,False,.,.,1,.,.,.,.,Naturalgas,CO
RMRG_wy_natural_gas_fired_combined_cycle_1,Natural Gas Fired Combined Cycle,Naturalgas,RMRG,60.0,.,0,False,False,7.805,4.551,0.0,RMRG_wy_natural_gas_fired_combined_cycle_1,0.0,0.0,.,0.0,1.0,1.0,6.0,6.0,92.081,False,.,.,1,.,.,.,.,Naturalgas,WY
RMRG_co_natural_gas_fired_combustion_turbine_1,Natural Gas Fired Combustion Turbine,Naturalgas,RMRG,50.0,.,0,False,False,12.112,6.8,0.0,RMRG_co_natural_gas_fired_combustion_turbine_1,0.0,0.0,.,0.0,1.0,1.0,1.0,1.0,119.396,False,.,.,1,.,.,.,.,Naturalgas,CO
RMRG_co_natural_gas_fired_combustion_turbine_2,Natural Gas Fired Combustion Turbine,Naturalgas,RMRG,50.0,.,0,False,False,16.053,6.8,0.0,RMRG_co_natural_gas_fired_combustion_turbine_2,0.0,0.0,.,0.0,1.0,1.0,1.0,1.0,119.396,False,.,.,1,.,.,.,.,Naturalgas,CO
RMRG_sd_natural_gas_fired_combustion_turbine_1,Natural Gas Fired Combustion Turbine,Naturalgas,RMRG,50.0,.,0,False,False,18.731,6.8,0.0,RMRG_sd_natural_gas_fired_combustion_turbine_1,0.0,0.0,.,0.0,1.0,1.0,1.0,1.0,119.396,False,.,.,1,.,.,.,.,Naturalgas,SD
RMRG_sd_natural_gas_fired_combustion_turbine_2,Natural Gas Fired Combustion Turbine,Naturalgas,RMRG,50.0,.,0,False,False,10.742,6.8,0.0,RMRG_sd_natural_gas_fired_combustion_turbine_2,0.0,0.0,.,0.0,1.0,1.0,1.0,1.0,119.396,False,.,.,1,.,.,.,.,Naturalgas,SD
RMRG_wy_natural_gas_fired_combustion_turbine_1,Natural Gas Fired Combustion Turbine,Naturalgas,RMRG,50.0,.,0,False,False,9.66,6.8,0.0,RMRG_wy_natural_gas_fired_combustion_turbine_1,0.0,0.0,.,0.0,1.0,1.0,1.0,1.0,119.396,False,.,.,1,.,.,.,.,Naturalgas,WY
RMRG_wy_natural_gas_fired_combustion_turbine_2,Natural Gas Fired Combustion Turbine,Naturalgas,RMRG,50.0,.,0,False,False,11.203,6.8,0.0,RMRG_wy_natural_gas_fired_combustion_turbine_2,0.0,0.0,.,0.0,1.0,1.0,1.0,1.0,119.396,False,.,.,1,.,.,.,.,Naturalgas,WY
RMRG_co_natural_gas_internal_combustion_engine_1,Natural Gas Internal Combustion Engine,Naturalgas,RMRG,60.0,.,0,False,False,9.719,6.441,0.0,RMRG_co_natural_gas_internal_combustion_engine_1,0.0,0.0,.,0.0,1.0,1.0,1.0,1.0,37.624,False,.,.,1,.,.,.,.,Naturalgas,CO
RMRG_wy_natural_gas_internal_combustion_engine_1,Natural Gas Internal Combustion Engine,Naturalgas,RMRG,60.0,.,0,False,False,9.904,6.564,0.0,RMRG_wy_natural_gas_internal_combustion_engine_1,0.0,0.0,.,0.0,1.0,1.0,1.0,1.0,37.624,False,.,.,1,.,.,.,.,Naturalgas,WY
RMRG_co_natural_gas_steam_turbine_1,Natural Gas Steam Turbine,Naturalgas,RMRG,50.0,.,0,False,False,13.837,1.056,0.0,RMRG_co_natural_gas_steam_turbine_1,0.0,0.0,.,0.0,1.0,1.0,6.0,6.0,87.479,False,.,.,1,.,.,.,.,Naturalgas,CO
RMRG_wy_natural_gas_steam_turbine_1,Natural Gas Steam Turbine,Naturalgas,RMRG,50.0,.,0,False,False,20.776,1.056,0.0,RMRG_wy_natural_gas_steam_turbine_1,0.0,0.0,.,0.0,1.0,1.0,6.0,6.0,87.479,False,.,.,1,.,.,.,.,Naturalgas,WY
SPPC_ks_natural_gas_fired_combined_cycle_1,Natural Gas Fired Combined Cycle,Naturalgas,SPPC,60.0,.,0,False,False,7.3,4.551,0.0,SPPC_ks_natural_gas_fired_combined_cycle_1,0.0,0.0,.,0.0,1.0,1.0,6.0,6.0,92.081,False,.,.,1,.,.,.,.,Naturalgas,KS
SPPC_mo_natural_gas_fired_combined_cycle_1,Natural Gas Fired Combined Cycle,Naturalgas,SPPC,60.0,.,0,False,False,7.87,3.798,0.0,SPPC_mo_natural_gas_fired_combined_cycle_1,0.0,0.0,.,0.0,1.0,1.0,6.0,6.0,92.081,False,.,.,1,.,.,.,.,Naturalgas,MO
SPPC_ks_natural_gas_fired_combustion_turbine_1,Natural Gas Fired Combustion Turbine,Naturalgas,SPPC,50.0,.,0,False,False,13.094,6.8,0.0,SPPC_ks_natural_gas_fired_combustion_turbine_1,0.0,0.0,.,0.0,1.0,1.0,1.0,1.0,119.396,False,.,.,1,.,.,.,.,Naturalgas,KS
SPPC_ks_natural_gas_fired_combustion_turbine_2,Natural Gas Fired Combustion Turbine,Naturalgas,SPPC,50.0,.,0,False,False,23.509,6.8,0.0,SPPC_ks_natural_gas_fired_combustion_turbine_2,0.0,0.0,.,0.0,1.0,1.0,1.0,1.0,119.396,False,.,.,1,.,.,.,.,Naturalgas,KS
SPPC_ks_natural_gas_fired_combustion_turbine_3,Natural Gas Fired Combustion Turbine,Naturalgas,SPPC,50.0,.,0,False,False,12.148,6.8,0.0,SPPC_ks_natural_gas_fired_combustion_turbine_3,0.0,0.0,.,0.0,1.0,1.0,1.0,1.0,119.396,False,.,.,1,.,.,.,.,Naturalgas,KS
SPPC_mo_natural_gas_fired_combustion_turbine_1,Natural Gas Fired Combustion Turbine,Naturalgas,SPPC,50.0,.,0,False,False,26.797,6.8,0.0,SPPC_mo_natural_gas_fired_combustion_turbine_1,0.0,0.0,.,0.0,1.0,1.0,1.0,1.0,119.396,False,.,.,1,.,.,.,.,Naturalgas,MO
SPPC_mo_natural_gas_fired_combustion_turbine_2,Natural Gas Fired Combustion Turbine,Naturalgas,SPPC,50.0,.,0,False,False,12.372,6.8,0.0,SPPC_mo_natural_gas_fired_combustion_turbine_2,0.0,0.0,.,0.0,1.0,1.0,1.0,1.0,119.396,False,.,.,1,.,.,.,.,Naturalgas,MO
SPPC_mo_natural_gas_fired_combustion_turbine_3,Natural Gas Fired Combustion Turbine,Naturalgas,SPPC,50.0,.,0,False,False,13.18,6.8,0.0,SPPC_mo_natural_gas_fired_combustion_turbine_3,0.0,0.0,.,0.0,1.0,1.0,1.0,1.0,119.396,False,.,.,1,.,.,.,.,Naturalgas,MO
SPPC_ok_natural_gas_fired_combustion_turbine_1,Natural Gas Fired Combustion Turbine,Naturalgas,SPPC,50.0,.,0,False,False,13.732,6.8,0.0,SPPC_ok_natural_gas_fired_combustion_turbine_1,0.0,0.0,.,0.0,1.0,1.0,1.0,1.0,119.396,False,.,.,1,.,.,.,.,Naturalgas,OK
SPPC_ks_natural_gas_internal_combustion_engine_1,Natural Gas Internal Combustion Engine,Naturalgas,SPPC,60.0,.,0,False,False,12.763,8.459,0.0,SPPC_ks_natural_gas_internal_combustion_engine_1,0.0,0.0,.,0.0,1.0,1.0,1.0,1.0,37.624,False,.,.,1,.,.,.,.,Naturalgas,KS
SPPC_mo_natural_gas_internal_combustion_engine_1,Natural Gas Internal Combustion Engine,Naturalgas,SPPC,60.0,.,0,False,False,10.038,6.653,0.0,SPPC_mo_natural_gas_internal_combustion_engine_1,0.0,0.0,.,0.0,1.0,1.0,1.0,1.0,37.624,False,.,.,1,.,.,.,.,Naturalgas,MO
SPPC_ne_natural_gas_internal_combustion_engine_1,Natural Gas Internal Combustion Engine,Naturalgas,SPPC,60.0,.,0,False,False,9.642,6.39,0.0,SPPC_ne_natural_gas_internal_combustion_engine_1,0.0,0.0,.,0.0,1.0,1.0,1.0,1.0,37.624,False,.,.,1,.,.,.,.,Naturalgas,NE
SPPC_ks_natural_gas_steam_turbine_1,Natural Gas Steam Turbine,Naturalgas,SPPC,50.0,.,0,False,False,9.21,1.056,0.0,SPPC_ks_natural_gas_steam_turbine_1,0.0,0.0,.,0.0,1.0,1.0,6.0,6.0,87.479,False,.,.,1,.,.,.,.,Naturalgas,KS
SPPC_mo_natural_gas_steam_turbine_1,Natural Gas Steam Turbine,Naturalgas,SPPC,50.0,.,0,False,False,12.573,1.056,0.0,SPPC_mo_natural_gas_steam_turbine_1,0.0,0.0,.,0.0,1.0,1.0,6.0,6.0,87.479,False,.,.,1,.,.,.,.,Naturalgas,MO
SPPN_ne_natural_gas_fired_combined_cycle_1,Natural Gas Fired Combined Cycle,Naturalgas,SPPN,60.0,.,0,False,False,8.694,4.551,0.0,SPPN_ne_natural_gas_fired_combined_cycle_1,0.0,0.0,.,0.0,1.0,1.0,6.0,6.0,92.081,False,.,.,1,.,.,.,.,Naturalgas,NE
SPPN_ne_natural_gas_fired_combined_cycle_2,Natural Gas Fired Combined Cycle,Naturalgas,SPPN,60.0,.,0,False,False,8.563,4.551,0.0,SPPN_ne_natural_gas_fired_combined_cycle_2,0.0,0.0,.,0.0,1.0,1.0,6.0,6.0,92.081,False,.,.,1,.,.,.,.,Naturalgas,NE
SPPN_sd_natural_gas_fired_combined_cycle_1,Natural Gas Fired Combined Cycle,Naturalgas,SPPN,60.0,.,0,False,False,7.543,4.551,0.0,SPPN_sd_natural_gas_fired_combined_cycle_1,0.0,0.0,.,0.0,1.0,1.0,6.0,6.0,92.081,False,.,.,1,.,.,.,.,Naturalgas,SD
SPPN_ia_natural_gas_fired_combustion_turbine_1,Natural Gas Fired Combustion Turbine,Naturalgas,SPPN,50.0,.,0,False,False,10.566,6.8,0.0,SPPN_ia_natural_gas_fired_combustion_turbine_1,0.0,0.0,.,0.0,1.0,1.0,1.0,1.0,119.396,False,.,.,1,.,.,.,.,Naturalgas,IA
SPPN_mt_natural_gas_fired_combustion_turbine_1,Natural Gas Fired Combustion Turbine,Naturalgas,SPPN,50.0,.,0,False,False,10.55,6.8,0.0,SPPN_mt_natural_gas_fired_combustion_turbine_1,0.0,0.0,.,0.0,1.0,1.0,1.0,1.0,119.396,False,.,.,1,.,.,.,.,Naturalgas,MT
SPPN_nd_natural_gas_fired_combustion_turbine_1,Natural Gas Fired Combustion Turbine,Naturalgas,SPPN,50.0,.,0,False,False,10.173,6.8,0.0,SPPN_nd_natural_gas_fired_combustion_turbine_1,0.0,0.0,.,0.0,1.0,1.0,1.0,1.0,119.396,False,.,.,1,.,.,.,.,Naturalgas,ND
SPPN_ne_natural_gas_fired_combustion_turbine_1,Natural Gas Fired Combustion Turbine,Naturalgas,SPPN,50.0,.,0,False,False,12.518,6.8,0.0,SPPN_ne_natural_gas_fired_combustion_turbine_1,0.0,0.0,.,0.0,1.0,1.0,1.0,1.0,119.396,False,.,.,1,.,.,.,.,Naturalgas,NE
SPPN_sd_natural_gas_fired_combustion_turbine_1,Natural Gas Fired Combustion Turbine,Naturalgas,SPPN,50.0,.,0,False,False,10.0,6.8,0.0,SPPN_sd_natural_gas_fired_combustion_turbine_1,0.0,0.0,.,0.0,1.0,1.0,1.0,1.0,119.396,False,.,.,1,.,.,.,.,Naturalgas,SD
SPPN_ks_natural_gas_internal_combustion_engine_1,Natural Gas Internal Combustion Engine,Naturalgas,SPPN,60.0,.,0,False,False,11.093,7.352,0.0,SPPN_ks_natural_gas_internal_combustion_engine_1,0.0,0.0,.,0.0,1.0,1.0,1.0,1.0,37.624,False,.,.,1,.,.,.,.,Naturalgas,KS
SPPN_nd_natural_gas_internal_combustion_engine_1,Natural Gas Internal Combustion Engine,Naturalgas,SPPN,60.0,.,0,False,False,8.899,5.898,0.0,SPPN_nd_natural_gas_internal_combustion_engine_1,0.0,0.0,.,0.0,1.0,1.0,1.0,1.0,37.624,False,.,.,1,.,.,.,.,Naturalgas,ND
SPPN_ne_natural_gas_internal_combustion_engine_1,Natural Gas Internal Combustion Engine,Naturalgas,SPPN,60.0,.,0,False,False,8.694,5.762,0.0,SPPN_ne_natural_gas_internal_combustion_engine_1,0.0,0.0,.,0.0,1.0,1.0,1.0,1.0,37.624,False,.,.,1,.,.,.,.,Naturalgas,NE
SPPN_sd_natural_gas_internal_combustion_engine_1,Natural Gas Internal Combustion Engine,Naturalgas,SPPN,60.0,.,0,False,False,8.362,5.542,0.0,SPPN_sd_natural_gas_internal_combustion_engine_1,0.0,0.0,.,0.0,1.0,1.0,1.0,1.0,37.624,False,.,.,1,.,.,.,.,Naturalgas,SD
SPPN_ne_natural_gas_steam_turbine_1,Natural Gas Steam Turbine,Naturalgas,SPPN,50.0,.,0,False,False,11.16,1.056,0.0,SPPN_ne_natural_gas_steam_turbine_1,0.0,0.0,.,0.0,1.0,1.0,6.0,6.0,87.479,False,.,.,1,.,.,.,.,Naturalgas,NE
SPPN_sd_natural_gas_steam_turbine_1,Natural Gas Steam Turbine,Naturalgas,SPPN,50.0,.,0,False,False,9.21,1.056,0.0,SPPN_sd_natural_gas_steam_turbine_1,0.0,0.0,.,0.0,1.0,1.0,6.0,6.0,87.479,False,.,.,1,.,.,.,.,Naturalgas,SD
SPPS_ar_natural_gas_fired_combined_cycle_1,Natural Gas Fired Combined Cycle,Naturalgas,SPPS,60.0,.,0,False,False,8.701,4.551,0.0,SPPS_ar_natural_gas_fired_combined_cycle_1,0.0,0.0,.,0.0,1.0,1.0,6.0,6.0,92.081,False,.,.,1,.,.,.,.,Naturalgas,AR
SPPS_la_natural_gas_fired_combined_cycle_1,Natural Gas Fired Combined Cycle,Naturalgas,SPPS,60.0,.,0,False,False,9.664,3.611,0.0,SPPS_la_natural_gas_fired_combined_cycle_1,0.0,0.0,.,0.0,1.0,1.0,6.0,6.0,92.081,False,.,.,1,.,.,.,.,Naturalgas,LA
SPPS_nm_natural_gas_fired_combined_cycle_1,Natural Gas Fired Combined Cycle,Naturalgas,SPPS,60.0,.,0,False,False,7.447,3.611,0.0,SPPS_nm_natural_gas_fired_combined_cycle_1,0.0,0.0,.,0.0,1.0,1.0,6.0,6.0,92.081,False,.,.,1,.,.,.,.,Naturalgas,NM
SPPS_ok_natural_gas_fired_combined_cycle_1,Natural Gas Fired Combined Cycle,Naturalgas,SPPS,60.0,.,0,False,False,7.291,3.761,0.0,SPPS_ok_natural_gas_fired_combined_cycle_1,0.0,0.0,.,0.0,1.0,1.0,6.0,6.0,92.081,False,.,.,1,.,.,.,.,Naturalgas,OK
SPPS_tx_natural_gas_fired_combined_cycle_1,Natural Gas Fired Combined Cycle,Naturalgas,SPPS,60.0,.,0,False,False,8.454,4.196,0.0,SPPS_tx_natural_gas_fired_combined_cycle_1,0.0,0.0,.,0.0,1.0,1.0,6.0,6.0,92.081,False,.,.,1,.,.,.,.,Naturalgas,TX
SPPS_ar_natural_gas_fired_combustion_turbine_1,Natural Gas Fired Combustion Turbine,Naturalgas,SPPS,50.0,.,0,False,False,10.578,6.8,0.0,SPPS_ar_natural_gas_fired_combustion_turbine_1,0.0,0.0,.,0.0,1.0,1.0,1.0,1.0,119.396,False,.,.,1,.,.,.,.,Naturalgas,AR
SPPS_ar_natural_gas_fired_combustion_turbine_2,Natural Gas Fired Combustion Turbine,Naturalgas,SPPS,50.0,.,0,False,False,11.942,6.8,0.0,SPPS_ar_natural_gas_fired_combustion_turbine_2,0.0,0.0,.,0.0,1.0,1.0,1.0,1.0,119.396,False,.,.,1,.,.,.,.,Naturalgas,AR
SPPS_ar_natural_gas_fired_combustion_turbine_3,Natural Gas Fired Combustion Turbine,Naturalgas,SPPS,50.0,.,0,False,False,13.961,6.8,0.0,SPPS_ar_natural_gas_fired_combustion_turbine_3,0.0,0.0,.,0.0,1.0,1.0,1.0,1.0,119.396,False,.,.,1,.,.,.,.,Naturalgas,AR
SPPS_ks_natural_gas_fired_combustion_turbine_1,Natural Gas Fired Combustion Turbine,Naturalgas,SPPS,50.0,.,0,False,False,12.007,6.8,0.0,SPPS_ks_natural_gas_fired_combustion_turbine_1,0.0,0.0,.,0.0,1.0,1.0,1.0,1.0,119.396,False,.,.,1,.,.,.,.,Naturalgas,KS
SPPS_nm_natural_gas_fired_combustion_turbine_1,Natural Gas Fired Combustion Turbine,Naturalgas,SPPS,50.0,.,0,False,False,12.437,6.8,0.0,SPPS_nm_natural_gas_fired_combustion_turbine_1,0.0,0.0,.,0.0,1.0,1.0,1.0,1.0,119.396,False,.,.,1,.,.,.,.,Naturalgas,NM
SPPS_ok_natural_gas_fired_combustion_turbine_1,Natural Gas Fired Combustion Turbine,Naturalgas,SPPS,50.0,.,0,False,False,11.476,6.8,0.0,SPPS_ok_natural_gas_fired_combustion_turbine_1,0.0,0.0,.,0.0,1.0,1.0,1.0,1.0,119.396,False,.,.,1,.,.,.,.,Naturalgas,OK
SPPS_tx_natural_gas_fired_combustion_turbine_1,Natural Gas Fired Combustion Turbine,Naturalgas,SPPS,50.0,.,0,False,False,11.098,6.8,0.0,SPPS_tx_natural_gas_fired_combustion_turbine_1,0.0,0.0,.,0.0,1.0,1.0,1.0,1.0,119.396,False,.,.,1,.,.,.,.,Naturalgas,TX
SPPS_ar_natural_gas_internal_combustion_engine_1,Natural Gas Internal Combustion Engine,Naturalgas,SPPS,60.0,.,0,False,False,10.002,6.629,0.0,SPPS_ar_natural_gas_internal_combustion_engine_1,0.0,0.0,.,0.0,1.0,1.0,1.0,1.0,37.624,False,.,.,1,.,.,.,.,Naturalgas,AR
SPPS_ks_natural_gas_internal_combustion_engine_1,Natural Gas Internal Combustion Engine,Naturalgas,SPPS,60.0,.,0,False,False,9.152,6.065,0.0,SPPS_ks_natural_gas_internal_combustion_engine_1,0.0,0.0,.,0.0,1.0,1.0,1.0,1.0,37.624,False,.,.,1,.,.,.,.,Naturalgas,KS
SPPS_mo_natural_gas_internal_combustion_engine_1,Natural Gas Internal Combustion Engine,Naturalgas,SPPS,60.0,.,0,False,False,13.513,8.956,0.0,SPPS_mo_natural_gas_internal_combustion_engine_1,0.0,0.0,.,0.0,1.0,1.0,1.0,1.0,37.624,False,.,.,1,.,.,.,.,Naturalgas,MO
SPPS_nm_natural_gas_internal_combustion_engine_1,Natural Gas Internal Combustion Engine,Naturalgas,SPPS,60.0,.,0,False,False,9.652,6.397,0.0,SPPS_nm_natural_gas_internal_combustion_engine_1,0.0,0.0,.,0.0,1.0,1.0,1.0,1.0,37.624,False,.,.,1,.,.,.,.,Naturalgas,NM
SPPS_ok_natural_gas_internal_combustion_engine_1,Natural Gas Internal Combustion Engine,Naturalgas,SPPS,60.0,.,0,False,False,9.491,6.291,0.0,SPPS_ok_natural_gas_internal_combustion_engine_1,0.0,0.0,.,0.0,1.0,1.0,1.0,1.0,37.624,False,.,.,1,.,.,.,.,Naturalgas,OK
SPPS_tx_natural_gas_internal_combustion_engine_1,Natural Gas Internal Combustion Engine,Naturalgas,SPPS,60.0,.,0,False,False,9.091,6.025,0.0,SPPS_tx_natural_gas_internal_combustion_engine_1,0.0,0.0,.,0.0,1.0,1.0,1.0,1.0,37.624,False,.,.,1,.,.,.,.,Naturalgas,TX
SPPS_la_natural_gas_steam_turbine_1,Natural Gas Steam Turbine,Naturalgas,SPPS,50.0,.,0,False,False,12.595,1.056,0.0,SPPS_la_natural_gas_steam_turbine_1,0.0,0.0,.,0.0,1.0,1.0,6.0,6.0,87.479,False,.,.,1,.,.,.,.,Naturalgas,LA
SPPS_nm_natural_gas_steam_turbine_1,Natural Gas Steam Turbine,Naturalgas,SPPS,50.0,.,0,False,False,11.002,1.056,0.0,SPPS_nm_natural_gas_steam_turbine_1,0.0,0.0,.,0.0,1.0,1.0,6.0,6.0,87.479,False,.,.,1,.,.,.,.,Naturalgas,NM
SPPS_ok_natural_gas_steam_turbine_1,Natural Gas Steam Turbine,Naturalgas,SPPS,50.0,.,0,False,False,14.537,1.056,0.0,SPPS_ok_natural_gas_steam_turbine_1,0.0,0.0,.,0.0,1.0,1.0,6.0,6.0,87.479,False,.,.,1,.,.,.,.,Naturalgas,OK
SPPS_tx_natural_gas_steam_turbine_1,Natural Gas Steam Turbine,Naturalgas,SPPS,50.0,.,0,False,False,12.18,1.056,0.0,SPPS_tx_natural_gas_steam_turbine_1,0.0,0.0,.,0.0,1.0,1.0,6.0,6.0,87.479,False,.,.,1,.,.,.,.,Naturalgas,TX
SRCA_nc_natural_gas_fired_combined_cycle_1,Natural Gas Fired Combined Cycle,Naturalgas,SRCA,60.0,.,0,False,False,6.872,3.611,0.0,SRCA_nc_natural_gas_fired_combined_cycle_1,0.0,0.0,.,0.0,1.0,1.0,6.0,6.0,92.081,False,.,.,1,.,.,.,.,Naturalgas,NC
SRCA_nc_natural_gas_fired_combined_cycle_2,Natural Gas Fired Combined Cycle,Naturalgas,SRCA,60.0,.,0,False,False,7.22,3.643,0.0,SRCA_nc_natural_gas_fired_combined_cycle_2,0.0,0.0,.,0.0,1.0,1.0,6.0,6.0,92.081,False,.,.,1,.,.,.,.,Naturalgas,NC
SRCA_sc_natural_gas_fired_combined_cycle_1,Natural Gas Fired Combined Cycle,Naturalgas,SRCA,60.0,.,0,False,False,8.543,4.551,0.0,SRCA_sc_natural_gas_fired_combined_cycle_1,0.0,0.0,.,0.0,1.0,1.0,6.0,6.0,92.081,False,.,.,1,.,.,.,.,Naturalgas,SC
SRCA_sc_natural_gas_fired_combined_cycle_2,Natural Gas Fired Combined Cycle,Naturalgas,SRCA,60.0,.,0,False,False,7.176,3.611,0.0,SRCA_sc_natural_gas_fired_combined_cycle_2,0.0,0.0,.,0.0,1.0,1.0,6.0,6.0,92.081,False,.,.,1,.,.,.,.,Naturalgas,SC
SRCA_nc_natural_gas_fired_combustion_turbine_1,Natural Gas Fired Combustion Turbine,Naturalgas,SRCA,50.0,.,0,False,False,11.203,6.8,0.0,SRCA_nc_natural_gas_fired_combustion_turbine_1,0.0,0.0,.,0.0,1.0,1.0,1.0,1.0,119.396,False,.,.,1,.,.,.,.,Naturalgas,NC
SRCA_nc_natural_gas_fired_combustion_turbine_2,Natural Gas Fired Combustion Turbine,Naturalgas,SRCA,50.0,.,0,False,False,30.332,6.8,0.0,SRCA_nc_natural_gas_fired_combustion_turbine_2,0.0,0.0,.,0.0,1.0,1.0,1.0,1.0,119.396,False,.,.,1,.,.,.,.,Naturalgas,NC
SRCA_sc_natural_gas_fired_combustion_turbine_1,Natural Gas Fired Combustion Turbine,Naturalgas,SRCA,50.0,.,0,False,False,16.158,6.8,0.0,SRCA_sc_natural_gas_fired_combustion_turbine_1,0.0,0.0,.,0.0,1.0,1.0,1.0,1.0,119.396,False,.,.,1,.,.,.,.,Naturalgas,SC
SRCA_sc_natural_gas_fired_combustion_turbine_2,Natural Gas Fired Combustion Turbine,Naturalgas,SRCA,50.0,.,0,False,False,11.867,6.8,0.0,SRCA_sc_natural_gas_fired_combustion_turbine_2,0.0,0.0,.,0.0,1.0,1.0,1.0,1.0,119.396,False,.,.,1,.,.,.,.,Naturalgas,SC
SRCA_nc_natural_gas_steam_turbine_1,Natural Gas Steam Turbine,Naturalgas,SRCA,50.0,.,0,False,False,9.21,1.056,0.0,SRCA_nc_natural_gas_steam_turbine_1,0.0,0.0,.,0.0,1.0,1.0,6.0,6.0,87.479,False,.,.,1,.,.,.,.,Naturalgas,NC
SRCA_sc_natural_gas_steam_turbine_1,Natural Gas Steam Turbine,Naturalgas,SRCA,50.0,.,0,False,False,9.823,1.056,0.0,SRCA_sc_natural_gas_steam_turbine_1,0.0,0.0,.,0.0,1.0,1.0,6.0,6.0,87.479,False,.,.,1,.,.,.,.,Naturalgas,SC
SRCE_al_natural_gas_fired_combined_cycle_1,Natural Gas Fired Combined Cycle,Naturalgas,SRCE,60.0,.,0,False,False,7.79,3.611,0.0,SRCE_al_natural_gas_fired_combined_cycle_1,0.0,0.0,.,0.0,1.0,1.0,6.0,6.0,92.081,False,.,.,1,.,.,.,.,Naturalgas,AL
SRCE_al_natural_gas_fired_combined_cycle_2,Natural Gas Fired Combined Cycle,Naturalgas,SRCE,60.0,.,0,False,False,7.904,3.611,0.0,SRCE_al_natural_gas_fired_combined_cycle_2,0.0,0.0,.,0.0,1.0,1.0,6.0,6.0,92.081,False,.,.,1,.,.,.,.,Naturalgas,AL
SRCE_ky_natural_gas_fired_combined_cycle_1,Natural Gas Fired Combined Cycle,Naturalgas,SRCE,60.0,.,0,False,False,6.798,3.611,0.0,SRCE_ky_natural_gas_fired_combined_cycle_1,0.0,0.0,.,0.0,1.0,1.0,6.0,6.0,92.081,False,.,.,1,.,.,.,.,Naturalgas,KY
SRCE_ky_natural_gas_fired_combined_cycle_2,Natural Gas Fired Combined Cycle,Naturalgas,SRCE,60.0,.,0,False,False,7.543,3.558,0.0,SRCE_ky_natural_gas_fired_combined_cycle_2,0.0,0.0,.,0.0,1.0,1.0,6.0,6.0,92.081,False,.,.,1,.,.,.,.,Naturalgas,KY
SRCE_ms_natural_gas_fired_combined_cycle_1,Natural Gas Fired Combined Cycle,Naturalgas,SRCE,60.0,.,0,False,False,6.924,3.611,0.0,SRCE_ms_natural_gas_fired_combined_cycle_1,0.0,0.0,.,0.0,1.0,1.0,6.0,6.0,92.081,False,.,.,1,.,.,.,.,Naturalgas,MS
SRCE_ms_natural_gas_fired_combined_cycle_2,Natural Gas Fired Combined Cycle,Naturalgas,SRCE,60.0,.,0,False,False,7.287,3.611,0.0,SRCE_ms_natural_gas_fired_combined_cycle_2,0.0,0.0,.,0.0,1.0,1.0,6.0,6.0,92.081,False,.,.,1,.,.,.,.,Naturalgas,MS
SRCE_tn_natural_gas_fired_combined_cycle_1,Natural Gas Fired Combined Cycle,Naturalgas,SRCE,60.0,.,0,False,False,6.836,3.611,0.0,SRCE_tn_natural_gas_fired_combined_cycle_1,0.0,0.0,.,0.0,1.0,1.0,6.0,6.0,92.081,False,.,.,1,.,.,.,.,Naturalgas,TN
SRCE_tn_natural_gas_fired_combined_cycle_2,Natural Gas Fired Combined Cycle,Naturalgas,SRCE,60.0,.,0,False,False,7.18,3.558,0.0,SRCE_tn_natural_gas_fired_combined_cycle_2,0.0,0.0,.,0.0,1.0,1.0,6.0,6.0,92.081,False,.,.,1,.,.,.,.,Naturalgas,TN
SRCE_al_natural_gas_fired_combustion_turbine_1,Natural Gas Fired Combustion Turbine,Naturalgas,SRCE,50.0,.,0,False,False,12.007,6.8,0.0,SRCE_al_natural_gas_fired_combustion_turbine_1,0.0,0.0,.,0.0,1.0,1.0,1.0,1.0,119.396,False,.,.,1,.,.,.,.,Naturalgas,AL
SRCE_ky_natural_gas_fired_combustion_turbine_1,Natural Gas Fired Combustion Turbine,Naturalgas,SRCE,50.0,.,0,False,False,16.575,6.8,0.0,SRCE_ky_natural_gas_fired_combustion_turbine_1,0.0,0.0,.,0.0,1.0,1.0,1.0,1.0,119.396,False,.,.,1,.,.,.,.,Naturalgas,KY
SRCE_ky_natural_gas_fired_combustion_turbine_2,Natural Gas Fired Combustion Turbine,Naturalgas,SRCE,50.0,.,0,False,False,12.3,6.8,0.0,SRCE_ky_natural_gas_fired_combustion_turbine_2,0.0,0.0,.,0.0,1.0,1.0,1.0,1.0,119.396,False,.,.,1,.,.,.,.,Naturalgas,KY
SRCE_ky_natural_gas_fired_combustion_turbine_3,Natural Gas Fired Combustion Turbine,Naturalgas,SRCE,50.0,.,0,False,False,12.007,6.8,0.0,SRCE_ky_natural_gas_fired_combustion_turbine_3,0.0,0.0,.,0.0,1.0,1.0,1.0,1.0,119.396,False,.,.,1,.,.,.,.,Naturalgas,KY
SRCE_ms_natural_gas_fired_combustion_turbine_1,Natural Gas Fired Combustion Turbine,Naturalgas,SRCE,50.0,.,0,False,False,21.019,6.8,0.0,SRCE_ms_natural_gas_fired_combustion_turbine_1,0.0,0.0,.,0.0,1.0,1.0,1.0,1.0,119.396,False,.,.,1,.,.,.,.,Naturalgas,MS
SRCE_tn_natural_gas_fired_combustion_turbine_1,Natural Gas Fired Combustion Turbine,Naturalgas,SRCE,50.0,.,0,False,False,21.74,6.8,0.0,SRCE_tn_natural_gas_fired_combustion_turbine_1,0.0,0.0,.,0.0,1.0,1.0,1.0,1.0,119.396,False,.,.,1,.,.,.,.,Naturalgas,TN
SRCE_tn_natural_gas_fired_combustion_turbine_2,Natural Gas Fired Combustion Turbine,Naturalgas,SRCE,50.0,.,0,False,False,12.692,6.8,0.0,SRCE_tn_natural_gas_fired_combustion_turbine_2,0.0,0.0,.,0.0,1.0,1.0,1.0,1.0,119.396,False,.,.,1,.,.,.,.,Naturalgas,TN
SRCE_tn_natural_gas_fired_combustion_turbine_3,Natural Gas Fired Combustion Turbine,Naturalgas,SRCE,50.0,.,0,False,False,9.66,6.8,0.0,SRCE_tn_natural_gas_fired_combustion_turbine_3,0.0,0.0,.,0.0,1.0,1.0,1.0,1.0,119.396,False,.,.,1,.,.,.,.,Naturalgas,TN
SRCE_tn_natural_gas_internal_combustion_engine_1,Natural Gas Internal Combustion Engine,Naturalgas,SRCE,60.0,.,0,False,False,9.208,6.103,0.0,SRCE_tn_natural_gas_internal_combustion_engine_1,0.0,0.0,.,0.0,1.0,1.0,1.0,1.0,37.624,False,.,.,1,.,.,.,.,Naturalgas,TN
SRCE_tn_natural_gas_steam_turbine_1,Natural Gas Steam Turbine,Naturalgas,SRCE,50.0,.,0,False,False,9.21,1.056,0.0,SRCE_tn_natural_gas_steam_turbine_1,0.0,0.0,.,0.0,1.0,1.0,6.0,6.0,87.479,False,.,.,1,.,.,.,.,Naturalgas,TN
SRSE_al_natural_gas_fired_combined_cycle_1,Natural Gas Fired Combined Cycle,Naturalgas,SRSE,60.0,.,0,False,False,8.723,4.551,0.0,SRSE_al_natural_gas_fired_combined_cycle_1,0.0,0.0,.,0.0,1.0,1.0,6.0,6.0,92.081,False,.,.,1,.,.,.,.,Naturalgas,AL
SRSE_al_natural_gas_fired_combined_cycle_2,Natural Gas Fired Combined Cycle,Naturalgas,SRSE,60.0,.,0,False,False,6.999,3.581,0.0,SRSE_al_natural_gas_fired_combined_cycle_2,0.0,0.0,.,0.0,1.0,1.0,6.0,6.0,92.081,False,.,.,1,.,.,.,.,Naturalgas,AL
SRSE_fl_natural_gas_fired_combined_cycle_1,Natural Gas Fired Combined Cycle,Naturalgas,SRSE,60.0,.,0,False,False,6.451,3.611,0.0,SRSE_fl_natural_gas_fired_combined_cycle_1,0.0,0.0,.,0.0,1.0,1.0,6.0,6.0,92.081,False,.,.,1,.,.,.,.,Naturalgas,FL
SRSE_fl_natural_gas_fired_combined_cycle_2,Natural Gas Fired Combined Cycle,Naturalgas,SRSE,60.0,.,0,False,False,7.51,4.551,0.0,SRSE_fl_natural_gas_fired_combined_cycle_2,0.0,0.0,.,0.0,1.0,1.0,6.0,6.0,92.081,False,.,.,1,.,.,.,.,Naturalgas,FL
SRSE_ga_natural_gas_fired_combined_cycle_1,Natural Gas Fired Combined Cycle,Naturalgas,SRSE,60.0,.,0,False,False,7.036,3.568,0.0,SRSE_ga_natural_gas_fired_combined_cycle_1,0.0,0.0,.,0.0,1.0,1.0,6.0,6.0,92.081,False,.,.,1,.,.,.,.,Naturalgas,GA
SRSE_ga_natural_gas_fired_combined_cycle_2,Natural Gas Fired Combined Cycle,Naturalgas,SRSE,60.0,.,0,False,False,9.166,4.551,0.0,SRSE_ga_natural_gas_fired_combined_cycle_2,0.0,0.0,.,0.0,1.0,1.0,6.0,6.0,92.081,False,.,.,1,.,.,.,.,Naturalgas,GA
SRSE_ms_natural_gas_fired_combined_cycle_1,Natural Gas Fired Combined Cycle,Naturalgas,SRSE,60.0,.,0,False,False,7.076,3.611,0.0,SRSE_ms_natural_gas_fired_combined_cycle_1,0.0,0.0,.,0.0,1.0,1.0,6.0,6.0,92.081,False,.,.,1,.,.,.,.,Naturalgas,MS
SRSE_ms_natural_gas_fired_combined_cycle_2,Natural Gas Fired Combined Cycle,Naturalgas,SRSE,60.0,.,0,False,False,6.952,3.558,0.0,SRSE_ms_natural_gas_fired_combined_cycle_2,0.0,0.0,.,0.0,1.0,1.0,6.0,6.0,92.081,False,.,.,1,.,.,.,.,Naturalgas,MS
SRSE_al_natural_gas_fired_combustion_turbine_1,Natural Gas Fired Combustion Turbine,Naturalgas,SRSE,50.0,.,0,False,False,12.355,6.8,0.0,SRSE_al_natural_gas_fired_combustion_turbine_1,0.0,0.0,.,0.0,1.0,1.0,1.0,1.0,119.396,False,.,.,1,.,.,.,.,Naturalgas,AL
SRSE_al_natural_gas_fired_combustion_turbine_2,Natural Gas Fired Combustion Turbine,Naturalgas,SRSE,50.0,.,0,False,False,8.653,6.8,0.0,SRSE_al_natural_gas_fired_combustion_turbine_2,0.0,0.0,.,0.0,1.0,1.0,1.0,1.0,119.396,False,.,.,1,.,.,.,.,Naturalgas,AL
SRSE_fl_natural_gas_fired_combustion_turbine_1,Natural Gas Fired Combustion Turbine,Naturalgas,SRSE,50.0,.,0,False,False,12.007,6.8,0.0,SRSE_fl_natural_gas_fired_combustion_turbine_1,0.0,0.0,.,0.0,1.0,1.0,1.0,1.0,119.396,False,.,.,1,.,.,.,.,Naturalgas,FL
SRSE_fl_natural_gas_fired_combustion_turbine_2,Natural Gas Fired Combustion Turbine,Naturalgas,SRSE,50.0,.,0,False,False,20.629,6.8,0.0,SRSE_fl_natural_gas_fired_combustion_turbine_2,0.0,0.0,.,0.0,1.0,1.0,1.0,1.0,119.396,False,.,.,1,.,.,.,.,Naturalgas,FL
SRSE_ga_natural_gas_fired_combustion_turbine_1,Natural Gas Fired Combustion Turbine,Naturalgas,SRSE,50.0,.,0,False,False,9.884,6.8,0.0,SRSE_ga_natural_gas_fired_combustion_turbine_1,0.0,0.0,.,0.0,1.0,1.0,1.0,1.0,119.396,False,.,.,1,.,.,.,.,Naturalgas,GA
SRSE_ga_natural_gas_fired_combustion_turbine_2,Natural Gas Fired Combustion Turbine,Naturalgas,SRSE,50.0,.,0,False,False,11.903,6.8,0.0,SRSE_ga_natural_gas_fired_combustion_turbine_2,0.0,0.0,.,0.0,1.0,1.0,1.0,1.0,119.396,False,.,.,1,.,.,.,.,Naturalgas,GA
SRSE_ms_natural_gas_fired_combustion_turbine_1,Natural Gas Fired Combustion Turbine,Naturalgas,SRSE,50.0,.,0,False,False,11.494,6.8,0.0,SRSE_ms_natural_gas_fired_combustion_turbine_1,0.0,0.0,.,0.0,1.0,1.0,1.0,1.0,119.396,False,.,.,1,.,.,.,.,Naturalgas,MS
SRSE_ms_natural_gas_fired_combustion_turbine_2,Natural Gas Fired Combustion Turbine,Naturalgas,SRSE,50.0,.,0,False,False,16.493,6.8,0.0,SRSE_ms_natural_gas_fired_combustion_turbine_2,0.0,0.0,.,0.0,1.0,1.0,1.0,1.0,119.396,False,.,.,1,.,.,.,.,Naturalgas,MS
SRSE_fl_natural_gas_internal_combustion_engine_1,Natural Gas Internal Combustion Engine,Naturalgas,SRSE,60.0,.,0,False,False,8.16,5.408,0.0,SRSE_fl_natural_gas_internal_combustion_engine_1,0.0,0.0,.,0.0,1.0,1.0,1.0,1.0,37.624,False,.,.,1,.,.,.,.,Naturalgas,FL
SRSE_ga_natural_gas_internal_combustion_engine_1,Natural Gas Internal Combustion Engine,Naturalgas,SRSE,60.0,.,0,False,False,8.45,5.6,0.0,SRSE_ga_natural_gas_internal_combustion_engine_1,0.0,0.0,.,0.0,1.0,1.0,1.0,1.0,37.624,False,.,.,1,.,.,.,.,Naturalgas,GA
SRSE_al_natural_gas_steam_turbine_1,Natural Gas Steam Turbine,Naturalgas,SRSE,50.0,.,0,False,False,9.21,1.056,0.0,SRSE_al_natural_gas_steam_turbine_1,0.0,0.0,.,0.0,1.0,1.0,6.0,6.0,87.479,False,.,.,1,.,.,.,.,Naturalgas,AL
SRSE_fl_natural_gas_steam_turbine_1,Natural Gas Steam Turbine,Naturalgas,SRSE,50.0,.,0,False,False,11.92,1.056,0.0,SRSE_fl_natural_gas_steam_turbine_1,0.0,0.0,.,0.0,1.0,1.0,6.0,6.0,87.479,False,.,.,1,.,.,.,.,Naturalgas,FL
SRSE_ga_natural_gas_steam_turbine_1,Natural Gas Steam Turbine,Naturalgas,SRSE,50.0,.,0,False,False,13.371,1.056,0.0,SRSE_ga_natural_gas_steam_turbine_1,0.0,0.0,.,0.0,1.0,1.0,6.0,6.0,87.479,False,.,.,1,.,.,.,.,Naturalgas,GA
SRSE_ms_natural_gas_steam_turbine_1,Natural Gas Steam Turbine,Naturalgas,SRSE,50.0,.,0,False,False,11.731,1.056,0.0,SRSE_ms_natural_gas_steam_turbine_1,0.0,0.0,.,0.0,1.0,1.0,6.0,6.0,87.479,False,.,.,1,.,.,.,.,Naturalgas,MS
SRSG_az_natural_gas_fired_combined_cycle_1,Natural Gas Fired Combined Cycle,Naturalgas,SRSG,60.0,.,0,False,False,7.541,4.551,0.0,SRSG_az_natural_gas_fired_combined_cycle_1,0.0,0.0,.,0.0,1.0,1.0,6.0,6.0,92.081,False,.,.,1,.,.,.,.,Naturalgas,AZ
SRSG_az_natural_gas_fired_combined_cycle_2,Natural Gas Fired Combined Cycle,Naturalgas,SRSG,60.0,.,0,False,False,7.561,3.593,0.0,SRSG_az_natural_gas_fired_combined_cycle_2,0.0,0.0,.,0.0,1.0,1.0,6.0,6.0,92.081,False,.,.,1,.,.,.,.,Naturalgas,AZ
SRSG_ca_natural_gas_fired_combined_cycle_1,Natural Gas Fired Combined Cycle,Naturalgas,SRSG,60.0,.,0,False,False,8.229,4.551,0.0,SRSG_ca_natural_gas_fired_combined_cycle_1,0.0,0.0,.,0.0,1.0,1.0,6.0,6.0,92.081,False,.,.,1,.,.,.,.,Naturalgas,CA
SRSG_ca_natural_gas_fired_combined_cycle_2,Natural Gas Fired Combined Cycle,Naturalgas,SRSG,60.0,.,0,False,False,8.265,4.551,0.0,SRSG_ca_natural_gas_fired_combined_cycle_2,0.0,0.0,.,0.0,1.0,1.0,6.0,6.0,92.081,False,.,.,1,.,.,.,.,Naturalgas,CA
SRSG_nm_natural_gas_fired_combined_cycle_1,Natural Gas Fired Combined Cycle,Naturalgas,SRSG,60.0,.,0,False,False,7.344,3.938,0.0,SRSG_nm_natural_gas_fired_combined_cycle_1,0.0,0.0,.,0.0,1.0,1.0,6.0,6.0,92.081,False,.,.,1,.,.,.,.,Naturalgas,NM
SRSG_nm_natural_gas_fired_combined_cycle_2,Natural Gas Fired Combined Cycle,Naturalgas,SRSG,60.0,.,0,False,False,6.41,4.551,0.0,SRSG_nm_natural_gas_fired_combined_cycle_2,0.0,0.0,.,0.0,1.0,1.0,6.0,6.0,92.081,False,.,.,1,.,.,.,.,Naturalgas,NM
SRSG_tx_natural_gas_fired_combined_cycle_1,Natural Gas Fired Combined Cycle,Naturalgas,SRSG,60.0,.,0,False,False,7.543,3.611,0.0,SRSG_tx_natural_gas_fired_combined_cycle_1,0.0,0.0,.,0.0,1.0,1.0,6.0,6.0,92.081,False,.,.,1,.,.,.,.,Naturalgas,TX
SRSG_tx_natural_gas_fired_combined_cycle_2,Natural Gas Fired Combined Cycle,Naturalgas,SRSG,60.0,.,0,False,False,15.291,3.611,0.0,SRSG_tx_natural_gas_fired_combined_cycle_2,0.0,0.0,.,0.0,1.0,1.0,6.0,6.0,92.081,False,.,.,1,.,.,.,.,Naturalgas,TX
SRSG_az_natural_gas_fired_combustion_turbine_1,Natural Gas Fired Combustion Turbine,Naturalgas,SRSG,50.0,.,0,False,False,11.174,6.8,0.0,SRSG_az_natural_gas_fired_combustion_turbine_1,0.0,0.0,.,0.0,1.0,1.0,1.0,1.0,119.396,False,.,.,1,.,.,.,.,Naturalgas,AZ
SRSG_az_natural_gas_fired_combustion_turbine_2,Natural Gas Fired Combustion Turbine,Naturalgas,SRSG,50.0,.,0,False,False,34.021,6.8,0.0,SRSG_az_natural_gas_fired_combustion_turbine_2,0.0,0.0,.,0.0,1.0,1.0,1.0,1.0,119.396,False,.,.,1,.,.,.,.,Naturalgas,AZ
SRSG_ca_natural_gas_fired_combustion_turbine_1,Natural Gas Fired Combustion Turbine,Naturalgas,SRSG,50.0,.,0,False,False,20.345,6.8,0.0,SRSG_ca_natural_gas_fired_combustion_turbine_1,0.0,0.0,.,0.0,1.0,1.0,1.0,1.0,119.396,False,.,.,1,.,.,.,.,Naturalgas,CA
SRSG_ca_natural_gas_fired_combustion_turbine_2,Natural Gas Fired Combustion Turbine,Naturalgas,SRSG,50.0,.,0,False,False,10.997,6.8,0.0,SRSG_ca_natural_gas_fired_combustion_turbine_2,0.0,0.0,.,0.0,1.0,1.0,1.0,1.0,119.396,False,.,.,1,.,.,.,.,Naturalgas,CA
SRSG_nm_natural_gas_fired_combustion_turbine_1,Natural Gas Fired Combustion Turbine,Naturalgas,SRSG,50.0,.,0,False,False,10.737,6.8,0.0,SRSG_nm_natural_gas_fired_combustion_turbine_1,0.0,0.0,.,0.0,1.0,1.0,1.0,1.0,119.396,False,.,.,1,.,.,.,.,Naturalgas,NM
SRSG_nm_natural_gas_fired_combustion_turbine_2,Natural Gas Fired Combustion Turbine,Naturalgas,SRSG,50.0,.,0,False,False,10.593,6.8,0.0,SRSG_nm_natural_gas_fired_combustion_turbine_2,0.0,0.0,.,0.0,1.0,1.0,1.0,1.0,119.396,False,.,.,1,.,.,.,.,Naturalgas,NM
SRSG_tx_natural_gas_fired_combustion_turbine_1,Natural Gas Fired Combustion Turbine,Naturalgas,SRSG,50.0,.,0,False,False,19.716,6.8,0.0,SRSG_tx_natural_gas_fired_combustion_turbine_1,0.0,0.0,.,0.0,1.0,1.0,1.0,1.0,119.396,False,.,.,1,.,.,.,.,Naturalgas,TX
SRSG_tx_natural_gas_fired_combustion_turbine_2,Natural Gas Fired Combustion Turbine,Naturalgas,SRSG,50.0,.,0,False,False,9.573,6.8,0.0,SRSG_tx_natural_gas_fired_combustion_turbine_2,0.0,0.0,.,0.0,1.0,1.0,1.0,1.0,119.396,False,.,.,1,.,.,.,.,Naturalgas,TX
SRSG_az_natural_gas_internal_combustion_engine_1,Natural Gas Internal Combustion Engine,Naturalgas,SRSG,60.0,.,0,False,False,9.629,6.382,0.0,SRSG_az_natural_gas_internal_combustion_engine_1,0.0,0.0,.,0.0,1.0,1.0,1.0,1.0,37.624,False,.,.,1,.,.,.,.,Naturalgas,AZ
SRSG_nm_natural_gas_internal_combustion_engine_1,Natural Gas Internal Combustion Engine,Naturalgas,SRSG,60.0,.,0,False,False,11.866,7.864,0.0,SRSG_nm_natural_gas_internal_combustion_engine_1,0.0,0.0,.,0.0,1.0,1.0,1.0,1.0,37.624,False,.,.,1,.,.,.,.,Naturalgas,NM
SRSG_tx_natural_gas_internal_combustion_engine_1,Natural Gas Internal Combustion Engine,Naturalgas,SRSG,60.0,.,0,False,False,8.16,5.408,0.0,SRSG_tx_natural_gas_internal_combustion_engine_1,0.0,0.0,.,0.0,1.0,1.0,1.0,1.0,37.624,False,.,.,1,.,.,.,.,Naturalgas,TX
SRSG_az_natural_gas_steam_turbine_1,Natural Gas Steam Turbine,Naturalgas,SRSG,50.0,.,0,False,False,11.334,1.056,0.0,SRSG_az_natural_gas_steam_turbine_1,0.0,0.0,.,0.0,1.0,1.0,6.0,6.0,87.479,False,.,.,1,.,.,.,.,Naturalgas,AZ
SRSG_ca_natural_gas_steam_turbine_1,Natural Gas Steam Turbine,Naturalgas,SRSG,50.0,.,0,False,False,11.084,1.056,0.0,SRSG_ca_natural_gas_steam_turbine_1,0.0,0.0,.,0.0,1.0,1.0,6.0,6.0,87.479,False,.,.,1,.,.,.,.,Naturalgas,CA
SRSG_nm_natural_gas_steam_turbine_1,Natural Gas Steam Turbine,Naturalgas,SRSG,50.0,.,0,False,False,12.554,1.056,0.0,SRSG_nm_natural_gas_steam_turbine_1,0.0,0.0,.,0.0,1.0,1.0,6.0,6.0,87.479,False,.,.,1,.,.,.,.,Naturalgas,NM
SRSG_tx_natural_gas_steam_turbine_1,Natural Gas Steam Turbine,Naturalgas,SRSG,50.0,.,0,False,False,13.842,1.056,0.0,SRSG_tx_natural_gas_steam_turbine_1,0.0,0.0,.,0.0,1.0,1.0,6.0,6.0,87.479,False,.,.,1,.,.,.,.,Naturalgas,TX
TRE_tx_natural_gas_fired_combined_cycle_1,Natural Gas Fired Combined Cycle,Naturalgas,TRE,60.0,.,0,False,False,7.853,3.589,0.0,TRE_tx_natural_gas_fired_combined_cycle_1,0.0,0.0,.,0.0,1.0,1.0,6.0,6.0,92.081,False,.,.,1,.,.,.,.,Naturalgas,TX
TRE_tx_natural_gas_fired_combined_cycle_2,Natural Gas Fired Combined Cycle,Naturalgas,TRE,60.0,.,0,False,False,12.25,4.385,0.0,TRE_tx_natural_gas_fired_combined_cycle_2,0.0,0.0,.,0.0,1.0,1.0,6.0,6.0,92.081,False,.,.,1,.,.,.,.,Naturalgas,TX
TRE_tx_natural_gas_fired_combustion_turbine_1,Natural Gas Fired Combustion Turbine,Naturalgas,TRE,50.0,.,0,False,False,11.224,6.8,0.0,TRE_tx_natural_gas_fired_combustion_turbine_1,0.0,0.0,.,0.0,1.0,1.0,1.0,1.0,119.396,False,.,.,1,.,.,.,.,Naturalgas,TX
TRE_tx_natural_gas_fired_combustion_turbine_2,Natural Gas Fired Combustion Turbine,Naturalgas,TRE,50.0,.,0,False,False,10.808,6.8,0.0,TRE_tx_natural_gas_fired_combustion_turbine_2,0.0,0.0,.,0.0,1.0,1.0,1.0,1.0,119.396,False,.,.,1,.,.,.,.,Naturalgas,TX
TRE_tx_natural_gas_internal_combustion_engine_1,Natural Gas Internal Combustion Engine,Naturalgas,TRE,60.0,.,0,False,False,8.581,5.687,0.0,TRE_tx_natural_gas_internal_combustion_engine_1,0.0,0.0,.,0.0,1.0,1.0,1.0,1.0,37.624,False,.,.,1,.,.,.,.,Naturalgas,TX
TRE_tx_natural_gas_steam_turbine_1,Natural Gas Steam Turbine,Naturalgas,TRE,50.0,.,0,False,False,13.995,1.056,0.0,TRE_tx_natural_gas_steam_turbine_1,0.0,0.0,.,0.0,1.0,1.0,6.0,6.0,87.479,False,.,.,1,.,.,.,.,Naturalgas,TX
TREW_tx_natural_gas_fired_combined_cycle_1,Natural Gas Fired Combined Cycle,Naturalgas,TREW,60.0,.,0,False,False,7.046,3.591,0.0,TREW_tx_natural_gas_fired_combined_cycle_1,0.0,0.0,.,0.0,1.0,1.0,6.0,6.0,92.081,False,.,.,1,.,.,.,.,Naturalgas,TX
TREW_tx_natural_gas_fired_combined_cycle_2,Natural Gas Fired Combined Cycle,Naturalgas,TREW,60.0,.,0,False,False,9.882,4.551,0.0,TREW_tx_natural_gas_fired_combined_cycle_2,0.0,0.0,.,0.0,1.0,1.0,6.0,6.0,92.081,False,.,.,1,.,.,.,.,Naturalgas,TX
TREW_tx_natural_gas_fired_combustion_turbine_1,Natural Gas Fired Combustion Turbine,Naturalgas,TREW,50.0,.,0,False,False,13.973,6.8,0.0,TREW_tx_natural_gas_fired_combustion_turbine_1,0.0,0.0,.,0.0,1.0,1.0,1.0,1.0,119.396,False,.,.,1,.,.,.,.,Naturalgas,TX
TREW_tx_natural_gas_fired_combustion_turbine_2,Natural Gas Fired Combustion Turbine,Naturalgas,TREW,50.0,.,0,False,False,11.714,6.8,0.0,TREW_tx_natural_gas_fired_combustion_turbine_2,0.0,0.0,.,0.0,1.0,1.0,1.0,1.0,119.396,False,.,.,1,.,.,.,.,Naturalgas,TX
TREW_tx_natural_gas_internal_combustion_engine_1,Natural Gas Internal Combustion Engine,Naturalgas,TREW,60.0,.,0,False,False,8.16,5.408,0.0,TREW_tx_natural_gas_internal_combustion_engine_1,0.0,0.0,.,0.0,1.0,1.0,1.0,1.0,37.624,False,.,.,1,.,.,.,.,Naturalgas,TX
TREW_tx_natural_gas_steam_turbine_1,Natural Gas Steam Turbine,Naturalgas,TREW,50.0,.,0,False,False,12.867,1.056,0.0,TREW_tx_natural_gas_steam_turbine_1,0.0,0.0,.,0.0,1.0,1.0,6.0,6.0,87.479,False,.,.,1,.,.,.,.,Naturalgas,TX
BASN_batteries_1,Batteries,Electricity,BASN,15.0,.,0,False,False,.,0.15,0.0,BASN_batteries_1,0.0,0.0,.,0.0,1.0,1.0,0.0,0.0,0.0,False,0.8464,1.0,1,.,.,.,.,Storage,.
BASN_biomass_1,Biomass,Waste_biomass,BASN,50.0,.,0,False,False,15.348,5.73,0.0,BASN_biomass_1,0.0,0.358,.,0.0,1.0,1.0,0.0,0.0,172.369,False,.,.,1,.,.,.,.,Biomass,.
BASN_biomass_2,Biomass,Waste_biomass,BASN,50.0,.,0,False,False,9.434,3.522,0.0,BASN_biomass_2,0.0,0.358,.,0.0,1.0,1.0,0.0,0.0,172.369,False,.,.,1,.,.,.,.,Biomass,.
BASN_conventional_hydroelectric_1,Conventional Hydroelectric,Water,BASN,100.0,.,0,False,False,.,0.0,0.0,BASN_conventional_hydroelectric_1,0.0,0.0,.,0.0,1.0,1.0,0.0,0.0,0.0,False,.,.,1,.,.,.,.,Hydro,.
BASN_conventional_steam_coal_1,Conventional Steam Coal,Coal,BASN,65.0,.,0,False,False,10.94,1.879,0.0,BASN_conventional_steam_coal_1,0.0,0.0,.,0.0,1.0,1.0,24.0,24.0,123.906,False,.,.,1,.,.,.,.,Coal,.
BASN_conventional_steam_coal_2,Conventional Steam Coal,Coal,BASN,65.0,.,0,False,False,10.348,1.879,0.0,BASN_conventional_steam_coal_2,0.0,0.0,.,0.0,1.0,1.0,24.0,24.0,123.906,False,.,.,1,.,.,.,.,Coal,.
BASN_geothermal_1,Geothermal,Heat,BASN,30.0,.,0,False,False,.,0.0,0.0,BASN_geothermal_1,0.0,0.483,.,0.0,1.0,1.0,0.0,0.0,0.0,False,.,.,1,.,.,.,.,Geothermal,.
BASN_onshore_wind_turbine_1,Onshore Wind Turbine,Wind,BASN,30.0,.,0,True,False,.,0.0,0.0,BASN_onshore_wind_turbine_1,0.0,0.0,.,0.0,1.0,1.0,0.0,0.0,0.0,False,.,.,1,.,.,.,.,Wind,.
BASN_petroleum_liquids_1,Petroleum Liquids,Distillate,BASN,40.0,.,0,False,False,10.702,7.093,0.0,BASN_petroleum_liquids_1,0.0,0.0,.,0.0,1.0,1.0,1.0,1.0,37.624,False,.,.,1,.,.,.,.,Petroleum,.
BASN_small_hydroelectric_1,Small Hydroelectric,Water,BASN,100.0,.,0,False,True,.,0.0,0.0,BASN_small_hydroelectric_1,0.0,0.536,.,0.0,1.0,1.0,0.0,0.0,0.0,False,.,.,1,.,.,.,.,Hydro,.
BASN_solar_photovoltaic_1,Solar Photovoltaic,Solar,BASN,30.0,.,0,True,False,.,0.0,0.0,BASN_solar_photovoltaic_1,0.0,0.0,.,0.0,1.0,1.0,0.0,0.0,0.0,False,.,.,1,.,.,.,.,Solar,.
CANO_batteries_1,Batteries,Electricity,CANO,15.0,.,0,False,False,.,0.15,0.0,CANO_batteries_1,0.0,0.0,.,0.0,1.0,1.0,0.0,0.0,0.0,False,0.8464,1.0,1,.,.,.,.,Storage,.
CANO_biomass_1,Biomass,Waste_biomass,CANO,50.0,.,0,False,False,18.446,6.887,0.0,CANO_biomass_1,0.0,0.663,.,0.0,1.0,1.0,0.0,0.0,172.369,False,.,.,1,.,.,.,.,Biomass,.
CANO_biomass_2,Biomass,Waste_biomass,CANO,50.0,.,0,False,False,10.802,4.033,0.0,CANO_biomass_2,0.0,0.663,.,0.0,1.0,1.0,0.0,0.0,172.369,False,.,.,1,.,.,.,.,Biomass,.
CANO_conventional_hydroelectric_1,Conventional Hydroelectric,Water,CANO,100.0,.,0,False,False,.,0.0,0.0,CANO_conventional_hydroelectric_1,0.0,0.0,.,0.0,1.0,1.0,0.0,0.0,0.0,False,.,.,1,.,.,.,.,Hydro,.
CANO_geothermal_1,Geothermal,Heat,CANO,30.0,.,0,False,False,.,0.0,0.0,CANO_geothermal_1,0.0,0.2079999999999999,.,0.0,1.0,1.0,0.0,0.0,0.0,False,.,.,1,.,.,.,.,Geothermal,.
CANO_hydroelectric_pumped_storage_1,Hydroelectric Pumped Storage,Electricity,CANO,100.0,.,0,False,False,.,0.0,0.0,CANO_hydroelectric_pumped_storage_1,0.0,0.0,.,0.0,1.0,1.0,0.0,0.0,0.0,False,0.749956,1.0,1,.,.,.,.,Hydro,.
CANO_nuclear_1,Nuclear,Uranium,CANO,80.0,.,0,False,False,10.447,2.47,0.0,CANO_nuclear_1,0.0,0.0,.,0.0,1.0,1.0,24.0,24.0,247.836,False,.,.,1,.,.,.,.,Nuclear,.
CANO_onshore_wind_turbine_1,Onshore Wind Turbine,Wind,CANO,30.0,.,0,True,False,.,0.0,0.0,CANO_onshore_wind_turbine_1,0.0,0.0,.,0.0,1.0,1.0,0.0,0.0,0.0,False,.,.,1,.,.,.,.,Wind,.
CANO_petroleum_liquids_1,Petroleum Liquids,Distillate,CANO,40.0,.,0,False,False,11.647,7.719,0.0,CANO_petroleum_liquids_1,0.0,0.0,.,0.0,1.0,1.0,1.0,1.0,37.624,False,.,.,1,.,.,.,.,Petroleum,.
CANO_small_hydroelectric_1,Small Hydroelectric,Water,CANO,100.0,.,0,False,True,.,0.0,0.0,CANO_small_hydroelectric_1,0.0,0.639,.,0.0,1.0,1.0,0.0,0.0,0.0,False,.,.,1,.,.,.,.,Hydro,.
CANO_solar_photovoltaic_1,Solar Photovoltaic,Solar,CANO,30.0,.,0,True,False,.,0.0,0.0,CANO_solar_photovoltaic_1,0.0,0.0,.,0.0,1.0,1.0,0.0,0.0,0.0,False,.,.,1,.,.,.,.,Solar,.
CASO_batteries_1,Batteries,Electricity,CASO,15.0,.,0,False,False,.,0.15,0.0,CASO_batteries_1,0.0,0.0,.,0.0,1.0,1.0,0.0,0.0,0.0,False,0.8464,1.0,1,.,.,.,.,Storage,.
CASO_biomass_1,Biomass,Waste_biomass,CASO,50.0,.,0,False,False,10.555,3.94,0.0,CASO_biomass_1,0.0,0.558,.,0.0,1.0,1.0,0.0,0.0,172.369,False,.,.,1,.,.,.,.,Biomass,.
CASO_biomass_2,Biomass,Waste_biomass,CASO,50.0,.,0,False,False,18.803,7.02,0.0,CASO_biomass_2,0.0,0.558,.,0.0,1.0,1.0,0.0,0.0,172.369,False,.,.,1,.,.,.,.,Biomass,.
CASO_conventional_hydroelectric_1,Conventional Hydroelectric,Water,CASO,100.0,.,0,False,False,.,0.0,0.0,CASO_conventional_hydroelectric_1,0.0,0.0,.,0.0,1.0,1.0,0.0,0.0,0.0,False,.,.,1,.,.,.,.,Hydro,.
CASO_conventional_steam_coal_1,Conventional Steam Coal,Coal,CASO,65.0,.,0,False,False,10.842,1.879,0.0,CASO_conventional_steam_coal_1,0.0,0.0,.,0.0,1.0,1.0,24.0,24.0,123.906,False,.,.,1,.,.,.,.,Coal,.
CASO_geothermal_1,Geothermal,Heat,CASO,30.0,.,0,False,False,.,0.0,0.0,CASO_geothermal_1,0.0,0.4669999999999999,.,0.0,1.0,1.0,0.0,0.0,0.0,False,.,.,1,.,.,.,.,Geothermal,.
CASO_hydroelectric_pumped_storage_1,Hydroelectric Pumped Storage,Electricity,CASO,100.0,.,0,False,False,.,0.0,0.0,CASO_hydroelectric_pumped_storage_1,0.0,0.0,.,0.0,1.0,1.0,0.0,0.0,0.0,False,0.749956,1.0,1,.,.,.,.,Hydro,.
CASO_onshore_wind_turbine_1,Onshore Wind Turbine,Wind,CASO,30.0,.,0,True,False,.,0.0,0.0,CASO_onshore_wind_turbine_1,0.0,0.0,.,0.0,1.0,1.0,0.0,0.0,0.0,False,.,.,1,.,.,.,.,Wind,.
CASO_petroleum_liquids_1,Petroleum Liquids,Distillate,CASO,40.0,.,0,False,False,11.059,7.329,0.0,CASO_petroleum_liquids_1,0.0,0.0,.,0.0,1.0,1.0,1.0,1.0,37.624,False,.,.,1,.,.,.,.,Petroleum,.
CASO_small_hydroelectric_1,Small Hydroelectric,Water,CASO,100.0,.,0,False,True,.,0.0,0.0,CASO_small_hydroelectric_1,0.0,0.706,.,0.0,1.0,1.0,0.0,0.0,0.0,False,.,.,1,.,.,.,.,Hydro,.
CASO_solar_photovoltaic_1,Solar Photovoltaic,Solar,CASO,30.0,.,0,True,False,.,0.0,0.0,CASO_solar_photovoltaic_1,0.0,0.0,.,0.0,1.0,1.0,0.0,0.0,0.0,False,.,.,1,.,.,.,.,Solar,.
FRCC_batteries_1,Batteries,Electricity,FRCC,15.0,.,0,False,False,.,0.15,0.0,FRCC_batteries_1,0.0,0.0,.,0.0,1.0,1.0,0.0,0.0,0.0,False,0.8464,1.0,1,.,.,.,.,Storage,.
FRCC_biomass_1,Biomass,Waste_biomass,FRCC,50.0,.,0,False,False,20.244,7.558,0.0,FRCC_biomass_1,0.0,0.732,.,0.0,1.0,1.0,0.0,0.0,172.369,False,.,.,1,.,.,.,.,Biomass,.
FRCC_biomass_2,Biomass,Waste_biomass,FRCC,50.0,.,0,False,False,11.18,4.174,0.0,FRCC_biomass_2,0.0,0.732,.,0.0,1.0,1.0,0.0,0.0,172.369,False,.,.,1,.,.,.,.,Biomass,.
FRCC_conventional_hydroelectric_1,Conventional Hydroelectric,Water,FRCC,100.0,.,0,False,False,.,0.0,0.0,FRCC_conventional_hydroelectric_1,0.0,0.0,.,0.0,1.0,1.0,0.0,0.0,0.0,False,.,.,1,.,.,.,.,Hydro,.
FRCC_conventional_steam_coal_1,Conventional Steam Coal,Coal,FRCC,65.0,.,0,False,False,10.171,1.879,0.0,FRCC_conventional_steam_coal_1,0.0,0.0,.,0.0,1.0,1.0,24.0,24.0,123.906,False,.,.,1,.,.,.,.,Coal,.
FRCC_conventional_steam_coal_2,Conventional Steam Coal,Coal,FRCC,65.0,.,0,False,False,17.535,1.879,0.0,FRCC_conventional_steam_coal_2,0.0,0.0,.,0.0,1.0,1.0,24.0,24.0,123.906,False,.,.,1,.,.,.,.,Coal,.
FRCC_nuclear_1,Nuclear,Uranium,FRCC,80.0,.,0,False,False,10.447,2.47,0.0,FRCC_nuclear_1,0.0,0.0,.,0.0,1.0,1.0,24.0,24.0,247.836,False,.,.,1,.,.,.,.,Nuclear,.
FRCC_petroleum_liquids_1,Petroleum Liquids,Distillate,FRCC,40.0,.,0,False,False,12.629,8.37,0.0,FRCC_petroleum_liquids_1,0.0,0.0,.,0.0,1.0,1.0,1.0,1.0,37.624,False,.,.,1,.,.,.,.,Petroleum,.
FRCC_solar_photovoltaic_1,Solar Photovoltaic,Solar,FRCC,30.0,.,0,True,False,.,0.0,0.0,FRCC_solar_photovoltaic_1,0.0,0.0,.,0.0,1.0,1.0,0.0,0.0,0.0,False,.,.,1,.,.,.,.,Solar,.
ISNE_batteries_1,Batteries,Electricity,ISNE,15.0,.,0,False,False,.,0.15,0.0,ISNE_batteries_1,0.0,0.0,.,0.0,1.0,1.0,0.0,0.0,0.0,False,0.8464,1.0,1,.,.,.,.,Storage,.
ISNE_biomass_1,Biomass,Waste_biomass,ISNE,50.0,.,0,False,False,21.989,8.209,0.0,ISNE_biomass_1,0.0,0.81,.,0.0,1.0,1.0,0.0,0.0,172.369,False,.,.,1,.,.,.,.,Biomass,.
ISNE_biomass_2,Biomass,Waste_biomass,ISNE,50.0,.,0,False,False,12.714,4.746,0.0,ISNE_biomass_2,0.0,0.81,.,0.0,1.0,1.0,0.0,0.0,172.369,False,.,.,1,.,.,.,.,Biomass,.
ISNE_conventional_hydroelectric_1,Conventional Hydroelectric,Water,ISNE,100.0,.,0,False,False,.,0.0,0.0,ISNE_conventional_hydroelectric_1,0.0,0.0,.,0.0,1.0,1.0,0.0,0.0,0.0,False,.,.,1,.,.,.,.,Hydro,.
ISNE_conventional_steam_coal_1,Conventional Steam Coal,Coal,ISNE,65.0,.,0,False,False,9.21,1.879,0.0,ISNE_conventional_steam_coal_1,0.0,0.0,.,0.0,1.0,1.0,24.0,24.0,123.906,False,.,.,1,.,.,.,.,Coal,.
ISNE_conventional_steam_coal_2,Conventional Steam Coal,Coal,ISNE,65.0,.,0,False,False,12.515,1.879,0.0,ISNE_conventional_steam_coal_2,0.0,0.0,.,0.0,1.0,1.0,24.0,24.0,123.906,False,.,.,1,.,.,.,.,Coal,.
ISNE_hydroelectric_pumped_storage_1,Hydroelectric Pumped Storage,Electricity,ISNE,100.0,.,0,False,False,.,0.0,0.0,ISNE_hydroelectric_pumped_storage_1,0.0,0.0,.,0.0,1.0,1.0,0.0,0.0,0.0,False,0.749956,1.0,1,.,.,.,.,Hydro,.
ISNE_nuclear_1,Nuclear,Uranium,ISNE,80.0,.,0,False,False,10.447,2.47,0.0,ISNE_nuclear_1,0.0,0.0,.,0.0,1.0,1.0,24.0,24.0,247.836,False,.,.,1,.,.,.,.,Nuclear,.
ISNE_offshore_wind_turbine_1,Offshore Wind Turbine,Wind,ISNE,30.0,.,0,True,False,.,0.0,0.0,ISNE_offshore_wind_turbine_1,0.0,0.0,.,0.0,1.0,1.0,0.0,0.0,0.0,False,.,.,1,.,.,.,.,Wind,.
ISNE_onshore_wind_turbine_1,Onshore Wind Turbine,Wind,ISNE,30.0,.,0,True,False,.,0.0,0.0,ISNE_onshore_wind_turbine_1,0.0,0.0,.,0.0,1.0,1.0,0.0,0.0,0.0,False,.,.,1,.,.,.,.,Wind,.
ISNE_petroleum_liquids_1,Petroleum Liquids,Distillate,ISNE,40.0,.,0,False,False,12.517,8.296,0.0,ISNE_petroleum_liquids_1,0.0,0.0,.,0.0,1.0,1.0,1.0,1.0,37.624,False,.,.,1,.,.,.,.,Petroleum,.
ISNE_small_hydroelectric_1,Small Hydroelectric,Water,ISNE,100.0,.,0,False,True,.,0.0,0.0,ISNE_small_hydroelectric_1,0.0,0.5589999999999999,.,0.0,1.0,1.0,0.0,0.0,0.0,False,.,.,1,.,.,.,.,Hydro,.
ISNE_solar_photovoltaic_1,Solar Photovoltaic,Solar,ISNE,30.0,.,0,True,False,.,0.0,0.0,ISNE_solar_photovoltaic_1,0.0,0.0,.,0.0,1.0,1.0,0.0,0.0,0.0,False,.,.,1,.,.,.,.,Solar,.
MISC_batteries_1,Batteries,Electricity,MISC,15.0,.,0,False,False,.,0.15,0.0,MISC_batteries_1,0.0,0.0,.,0.0,1.0,1.0,0.0,0.0,0.0,False,0.8464,1.0,1,.,.,.,.,Storage,.
MISC_biomass_1,Biomass,Waste_biomass,MISC,50.0,.,0,False,False,12.049,4.498,0.0,MISC_biomass_1,0.0,0.421,.,0.0,1.0,1.0,0.0,0.0,172.369,False,.,.,1,.,.,.,.,Biomass,.
MISC_biomass_2,Biomass,Waste_biomass,MISC,50.0,.,0,False,False,9.242,3.45,0.0,MISC_biomass_2,0.0,0.421,.,0.0,1.0,1.0,0.0,0.0,172.369,False,.,.,1,.,.,.,.,Biomass,.
MISC_conventional_hydroelectric_1,Conventional Hydroelectric,Water,MISC,100.0,.,0,False,False,.,0.0,0.0,MISC_conventional_hydroelectric_1,0.0,0.0,.,0.0,1.0,1.0,0.0,0.0,0.0,False,.,.,1,.,.,.,.,Hydro,.
MISC_conventional_steam_coal_1,Conventional Steam Coal,Coal,MISC,65.0,.,0,False,False,14.07,1.879,0.0,MISC_conventional_steam_coal_1,0.0,0.0,.,0.0,1.0,1.0,24.0,24.0,123.906,False,.,.,1,.,.,.,.,Coal,.
MISC_conventional_steam_coal_2,Conventional Steam Coal,Coal,MISC,65.0,.,0,False,False,10.275,1.879,0.0,MISC_conventional_steam_coal_2,0.0,0.0,.,0.0,1.0,1.0,24.0,24.0,123.906,False,.,.,1,.,.,.,.,Coal,.
MISC_hydroelectric_pumped_storage_1,Hydroelectric Pumped Storage,Electricity,MISC,100.0,.,0,False,False,.,0.0,0.0,MISC_hydroelectric_pumped_storage_1,0.0,0.0,.,0.0,1.0,1.0,0.0,0.0,0.0,False,0.749956,1.0,1,.,.,.,.,Hydro,.
MISC_nuclear_1,Nuclear,Uranium,MISC,80.0,.,0,False,False,10.447,2.47,0.0,MISC_nuclear_1,0.0,0.0,.,0.0,1.0,1.0,24.0,24.0,247.836,False,.,.,1,.,.,.,.,Nuclear,.
MISC_onshore_wind_turbine_1,Onshore Wind Turbine,Wind,MISC,30.0,.,0,True,False,.,0.0,0.0,MISC_onshore_wind_turbine_1,0.0,0.0,.,0.0,1.0,1.0,0.0,0.0,0.0,False,.,.,1,.,.,.,.,Wind,.
MISC_petroleum_liquids_1,Petroleum Liquids,Distillate,MISC,40.0,.,0,False,False,10.914,7.234,0.0,MISC_petroleum_liquids_1,0.0,0.0,.,0.0,1.0,1.0,1.0,1.0,37.624,False,.,.,1,.,.,.,.,Petroleum,.
MISC_small_hydroelectric_1,Small Hydroelectric,Water,MISC,100.0,.,0,False,True,.,0.0,0.0,MISC_small_hydroelectric_1,0.0,0.482,.,0.0,1.0,1.0,0.0,0.0,0.0,False,.,.,1,.,.,.,.,Hydro,.
MISC_solar_photovoltaic_1,Solar Photovoltaic,Solar,MISC,30.0,.,0,True,False,.,0.0,0.0,MISC_solar_photovoltaic_1,0.0,0.0,.,0.0,1.0,1.0,0.0,0.0,0.0,False,.,.,1,.,.,.,.,Solar,.
MISE_batteries_1,Batteries,Electricity,MISE,15.0,.,0,False,False,.,0.15,0.0,MISE_batteries_1,0.0,0.0,.,0.0,1.0,1.0,0.0,0.0,0.0,False,0.8464,1.0,1,.,.,.,.,Storage,.
MISE_biomass_1,Biomass,Waste_biomass,MISE,50.0,.,0,False,False,10.896,4.068,0.0,MISE_biomass_1,0.0,0.585,.,0.0,1.0,1.0,0.0,0.0,172.369,False,.,.,1,.,.,.,.,Biomass,.
MISE_biomass_2,Biomass,Waste_biomass,MISE,50.0,.,0,False,False,18.627,6.954,0.0,MISE_biomass_2,0.0,0.585,.,0.0,1.0,1.0,0.0,0.0,172.369,False,.,.,1,.,.,.,.,Biomass,.
MISE_conventional_hydroelectric_1,Conventional Hydroelectric,Water,MISE,100.0,.,0,False,False,.,0.0,0.0,MISE_conventional_hydroelectric_1,0.0,0.0,.,0.0,1.0,1.0,0.0,0.0,0.0,False,.,.,1,.,.,.,.,Hydro,.
MISE_conventional_steam_coal_1,Conventional Steam Coal,Coal,MISE,65.0,.,0,False,False,10.448,1.879,0.0,MISE_conventional_steam_coal_1,0.0,0.0,.,0.0,1.0,1.0,24.0,24.0,123.906,False,.,.,1,.,.,.,.,Coal,.
MISE_conventional_steam_coal_2,Conventional Steam Coal,Coal,MISE,65.0,.,0,False,False,13.482,1.879,0.0,MISE_conventional_steam_coal_2,0.0,0.0,.,0.0,1.0,1.0,24.0,24.0,123.906,False,.,.,1,.,.,.,.,Coal,.
MISE_hydroelectric_pumped_storage_1,Hydroelectric Pumped Storage,Electricity,MISE,100.0,.,0,False,False,.,0.0,0.0,MISE_hydroelectric_pumped_storage_1,0.0,0.0,.,0.0,1.0,1.0,0.0,0.0,0.0,False,0.749956,1.0,1,.,.,.,.,Hydro,.
MISE_nuclear_1,Nuclear,Uranium,MISE,80.0,.,0,False,False,10.447,2.47,0.0,MISE_nuclear_1,0.0,0.0,.,0.0,1.0,1.0,24.0,24.0,247.836,False,.,.,1,.,.,.,.,Nuclear,.
MISE_onshore_wind_turbine_1,Onshore Wind Turbine,Wind,MISE,30.0,.,0,True,False,.,0.0,0.0,MISE_onshore_wind_turbine_1,0.0,0.0,.,0.0,1.0,1.0,0.0,0.0,0.0,False,.,.,1,.,.,.,.,Wind,.
MISE_petroleum_liquids_1,Petroleum Liquids,Distillate,MISE,40.0,.,0,False,False,11.499,7.621,0.0,MISE_petroleum_liquids_1,0.0,0.0,.,0.0,1.0,1.0,1.0,1.0,37.624,False,.,.,1,.,.,.,.,Petroleum,.
MISE_small_hydroelectric_1,Small Hydroelectric,Water,MISE,100.0,.,0,False,True,.,0.0,0.0,MISE_small_hydroelectric_1,0.0,0.253,.,0.0,1.0,1.0,0.0,0.0,0.0,False,.,.,1,.,.,.,.,Hydro,.
MISE_solar_photovoltaic_1,Solar Photovoltaic,Solar,MISE,30.0,.,0,True,False,.,0.0,0.0,MISE_solar_photovoltaic_1,0.0,0.0,.,0.0,1.0,1.0,0.0,0.0,0.0,False,.,.,1,.,.,.,.,Solar,.
MISS_batteries_1,Batteries,Electricity,MISS,15.0,.,0,False,False,.,0.15,0.0,MISS_batteries_1,0.0,0.0,.,0.0,1.0,1.0,0.0,0.0,0.0,False,0.8464,1.0,1,.,.,.,.,Storage,.
MISS_biomass_1,Biomass,Waste_biomass,MISS,50.0,.,0,False,False,14.573,5.441,0.0,MISS_biomass_1,0.0,0.72,.,0.0,1.0,1.0,0.0,0.0,172.369,False,.,.,1,.,.,.,.,Biomass,.
MISS_biomass_2,Biomass,Waste_biomass,MISS,50.0,.,0,False,False,9.21,3.438,0.0,MISS_biomass_2,0.0,0.72,.,0.0,1.0,1.0,0.0,0.0,172.369,False,.,.,1,.,.,.,.,Biomass,.
MISS_conventional_hydroelectric_1,Conventional Hydroelectric,Water,MISS,100.0,.,0,False,False,.,0.0,0.0,MISS_conventional_hydroelectric_1,0.0,0.0,.,0.0,1.0,1.0,0.0,0.0,0.0,False,.,.,1,.,.,.,.,Hydro,.
MISS_conventional_steam_coal_1,Conventional Steam Coal,Coal,MISS,65.0,.,0,False,False,11.873,1.879,0.0,MISS_conventional_steam_coal_1,0.0,0.0,.,0.0,1.0,1.0,24.0,24.0,123.906,False,.,.,1,.,.,.,.,Coal,.
MISS_conventional_steam_coal_2,Conventional Steam Coal,Coal,MISS,65.0,.,0,False,False,10.494,1.879,0.0,MISS_conventional_steam_coal_2,0.0,0.0,.,0.0,1.0,1.0,24.0,24.0,123.906,False,.,.,1,.,.,.,.,Coal,.
MISS_nuclear_1,Nuclear,Uranium,MISS,80.0,.,0,False,False,10.447,2.47,0.0,MISS_nuclear_1,0.0,0.0,.,0.0,1.0,1.0,24.0,24.0,247.836,False,.,.,1,.,.,.,.,Nuclear,.
MISS_onshore_wind_turbine_1,Onshore Wind Turbine,Wind,MISS,30.0,.,0,True,False,.,0.0,0.0,MISS_onshore_wind_turbine_1,0.0,0.0,.,0.0,1.0,1.0,0.0,0.0,0.0,False,.,.,1,.,.,.,.,Wind,.
MISS_petroleum_liquids_1,Petroleum Liquids,Distillate,MISS,40.0,.,0,False,False,13.554,8.983,0.0,MISS_petroleum_liquids_1,0.0,0.0,.,0.0,1.0,1.0,1.0,1.0,37.624,False,.,.,1,.,.,.,.,Petroleum,.
MISS_small_hydroelectric_1,Small Hydroelectric,Water,MISS,100.0,.,0,False,True,.,0.0,0.0,MISS_small_hydroelectric_1,0.0,0.958,.,0.0,1.0,1.0,0.0,0.0,0.0,False,.,.,1,.,.,.,.,Hydro,.
MISS_solar_photovoltaic_1,Solar Photovoltaic,Solar,MISS,30.0,.,0,True,False,.,0.0,0.0,MISS_solar_photovoltaic_1,0.0,0.0,.,0.0,1.0,1.0,0.0,0.0,0.0,False,.,.,1,.,.,.,.,Solar,.
MISW_batteries_1,Batteries,Electricity,MISW,15.0,.,0,False,False,.,0.15,0.0,MISW_batteries_1,0.0,0.0,.,0.0,1.0,1.0,0.0,0.0,0.0,False,0.8464,1.0,1,.,.,.,.,Storage,.
MISW_biomass_1,Biomass,Waste_biomass,MISW,50.0,.,0,False,False,9.956,3.717,0.0,MISW_biomass_1,0.0,0.78,.,0.0,1.0,1.0,0.0,0.0,172.369,False,.,.,1,.,.,.,.,Biomass,.
MISW_biomass_2,Biomass,Waste_biomass,MISW,50.0,.,0,False,False,17.839,6.66,0.0,MISW_biomass_2,0.0,0.78,.,0.0,1.0,1.0,0.0,0.0,172.369,False,.,.,1,.,.,.,.,Biomass,.
MISW_conventional_hydroelectric_1,Conventional Hydroelectric,Water,MISW,100.0,.,0,False,False,.,0.0,0.0,MISW_conventional_hydroelectric_1,0.0,0.0,.,0.0,1.0,1.0,0.0,0.0,0.0,False,.,.,1,.,.,.,.,Hydro,.
MISW_conventional_steam_coal_1,Conventional Steam Coal,Coal,MISW,65.0,.,0,False,False,10.57,1.879,0.0,MISW_conventional_steam_coal_1,0.0,0.0,.,0.0,1.0,1.0,24.0,24.0,123.906,False,.,.,1,.,.,.,.,Coal,.
MISW_conventional_steam_coal_2,Conventional Steam Coal,Coal,MISW,65.0,.,0,False,False,30.567,1.879,0.0,MISW_conventional_steam_coal_2,0.0,0.0,.,0.0,1.0,1.0,24.0,24.0,123.906,False,.,.,1,.,.,.,.,Coal,.
MISW_nuclear_1,Nuclear,Uranium,MISW,80.0,.,0,False,False,10.447,2.47,0.0,MISW_nuclear_1,0.0,0.0,.,0.0,1.0,1.0,24.0,24.0,247.836,False,.,.,1,.,.,.,.,Nuclear,.
MISW_onshore_wind_turbine_1,Onshore Wind Turbine,Wind,MISW,30.0,.,0,True,False,.,0.0,0.0,MISW_onshore_wind_turbine_1,0.0,0.0,.,0.0,1.0,1.0,0.0,0.0,0.0,False,.,.,1,.,.,.,.,Wind,.
MISW_petroleum_liquids_1,Petroleum Liquids,Distillate,MISW,40.0,.,0,False,False,12.482,8.272,0.0,MISW_petroleum_liquids_1,0.0,0.0,.,0.0,1.0,1.0,1.0,1.0,37.624,False,.,.,1,.,.,.,.,Petroleum,.
MISW_small_hydroelectric_1,Small Hydroelectric,Water,MISW,100.0,.,0,False,True,.,0.0,0.0,MISW_small_hydroelectric_1,0.0,0.0,.,0.0,1.0,1.0,0.0,0.0,0.0,False,.,.,1,.,.,.,.,Hydro,.
MISW_solar_photovoltaic_1,Solar Photovoltaic,Solar,MISW,30.0,.,0,True,False,.,0.0,0.0,MISW_solar_photovoltaic_1,0.0,0.0,.,0.0,1.0,1.0,0.0,0.0,0.0,False,.,.,1,.,.,.,.,Solar,.
NWPP_batteries_1,Batteries,Electricity,NWPP,15.0,.,0,False,False,.,0.15,0.0,NWPP_batteries_1,0.0,0.0,.,0.0,1.0,1.0,0.0,0.0,0.0,False,0.8464,1.0,1,.,.,.,.,Storage,.
NWPP_biomass_1,Biomass,Waste_biomass,NWPP,50.0,.,0,False,False,24.61,9.188,0.0,NWPP_biomass_1,0.0,0.731,.,0.0,1.0,1.0,0.0,0.0,172.369,False,.,.,1,.,.,.,.,Biomass,.
NWPP_biomass_2,Biomass,Waste_biomass,NWPP,50.0,.,0,False,False,11.214,4.187,0.0,NWPP_biomass_2,0.0,0.731,.,0.0,1.0,1.0,0.0,0.0,172.369,False,.,.,1,.,.,.,.,Biomass,.
NWPP_conventional_hydroelectric_1,Conventional Hydroelectric,Water,NWPP,100.0,.,0,False,False,.,0.0,0.0,NWPP_conventional_hydroelectric_1,0.0,0.0,.,0.0,1.0,1.0,0.0,0.0,0.0,False,.,.,1,.,.,.,.,Hydro,.
NWPP_conventional_steam_coal_1,Conventional Steam Coal,Coal,NWPP,65.0,.,0,False,False,10.45,1.879,0.0,NWPP_conventional_steam_coal_1,0.0,0.0,.,0.0,1.0,1.0,24.0,24.0,123.906,False,.,.,1,.,.,.,.,Coal,.
NWPP_conventional_steam_coal_2,Conventional Steam Coal,Coal,NWPP,65.0,.,0,False,False,13.011,1.879,0.0,NWPP_conventional_steam_coal_2,0.0,0.0,.,0.0,1.0,1.0,24.0,24.0,123.906,False,.,.,1,.,.,.,.,Coal,.
NWPP_geothermal_1,Geothermal,Heat,NWPP,30.0,.,0,False,False,.,0.0,0.0,NWPP_geothermal_1,0.0,0.298,.,0.0,1.0,1.0,0.0,0.0,0.0,False,.,.,1,.,.,.,.,Geothermal,.
NWPP_hydroelectric_pumped_storage_1,Hydroelectric Pumped Storage,Electricity,NWPP,100.0,.,0,False,False,.,0.0,0.0,NWPP_hydroelectric_pumped_storage_1,0.0,0.0,.,0.0,1.0,1.0,0.0,0.0,0.0,False,0.749956,1.0,1,.,.,.,.,Hydro,.
NWPP_nuclear_1,Nuclear,Uranium,NWPP,80.0,.,0,False,False,10.447,2.47,0.0,NWPP_nuclear_1,0.0,0.0,.,0.0,1.0,1.0,24.0,24.0,247.836,False,.,.,1,.,.,.,.,Nuclear,.
NWPP_onshore_wind_turbine_1,Onshore Wind Turbine,Wind,NWPP,30.0,.,0,True,False,.,0.0,0.0,NWPP_onshore_wind_turbine_1,0.0,0.0,.,0.0,1.0,1.0,0.0,0.0,0.0,False,.,.,1,.,.,.,.,Wind,.
NWPP_petroleum_liquids_1,Petroleum Liquids,Distillate,NWPP,40.0,.,0,False,False,9.449,6.262,0.0,NWPP_petroleum_liquids_1,0.0,0.0,.,0.0,1.0,1.0,1.0,1.0,37.624,False,.,.,1,.,.,.,.,Petroleum,.
NWPP_small_hydroelectric_1,Small Hydroelectric,Water,NWPP,100.0,.,0,False,True,.,0.0,0.0,NWPP_small_hydroelectric_1,0.0,0.398,.,0.0,1.0,1.0,0.0,0.0,0.0,False,.,.,1,.,.,.,.,Hydro,.
NWPP_solar_photovoltaic_1,Solar Photovoltaic,Solar,NWPP,30.0,.,0,True,False,.,0.0,0.0,NWPP_solar_photovoltaic_1,0.0,0.0,.,0.0,1.0,1.0,0.0,0.0,0.0,False,.,.,1,.,.,.,.,Solar,.
NYCW_batteries_1,Batteries,Electricity,NYCW,15.0,.,0,False,False,.,0.15,0.0,NYCW_batteries_1,0.0,0.0,.,0.0,1.0,1.0,0.0,0.0,0.0,False,0.8464,1.0,1,.,.,.,.,Storage,.
NYCW_biomass_1,Biomass,Waste_biomass,NYCW,50.0,.,0,False,False,23.585,8.805,0.0,NYCW_biomass_1,0.0,0.583,.,0.0,1.0,1.0,0.0,0.0,172.369,False,.,.,1,.,.,.,.,Biomass,.
NYCW_biomass_2,Biomass,Waste_biomass,NYCW,50.0,.,0,False,False,16.926,6.319,0.0,NYCW_biomass_2,0.0,0.583,.,0.0,1.0,1.0,0.0,0.0,172.369,False,.,.,1,.,.,.,.,Biomass,.
NYCW_petroleum_liquids_1,Petroleum Liquids,Distillate,NYCW,40.0,.,0,False,False,11.458,7.594,0.0,NYCW_petroleum_liquids_1,0.0,0.0,.,0.0,1.0,1.0,1.0,1.0,37.624,False,.,.,1,.,.,.,.,Petroleum,.
NYCW_solar_photovoltaic_1,Solar Photovoltaic,Solar,NYCW,30.0,.,0,True,False,.,0.0,0.0,NYCW_solar_photovoltaic_1,0.0,0.0,.,0.0,1.0,1.0,0.0,0.0,0.0,False,.,.,1,.,.,.,.,Solar,.
NYUP_batteries_1,Batteries,Electricity,NYUP,15.0,.,0,False,False,.,0.15,0.0,NYUP_batteries_1,0.0,0.0,.,0.0,1.0,1.0,0.0,0.0,0.0,False,0.8464,1.0,1,.,.,.,.,Storage,.
NYUP_biomass_1,Biomass,Waste_biomass,NYUP,50.0,.,0,False,False,11.035,4.12,0.0,NYUP_biomass_1,0.0,0.509,.,0.0,1.0,1.0,0.0,0.0,172.369,False,.,.,1,.,.,.,.,Biomass,.
NYUP_biomass_2,Biomass,Waste_biomass,NYUP,50.0,.,0,False,False,18.952,7.075,0.0,NYUP_biomass_2,0.0,0.509,.,0.0,1.0,1.0,0.0,0.0,172.369,False,.,.,1,.,.,.,.,Biomass,.
NYUP_conventional_hydroelectric_1,Conventional Hydroelectric,Water,NYUP,100.0,.,0,False,False,.,0.0,0.0,NYUP_conventional_hydroelectric_1,0.0,0.0,.,0.0,1.0,1.0,0.0,0.0,0.0,False,.,.,1,.,.,.,.,Hydro,.
NYUP_hydroelectric_pumped_storage_1,Hydroelectric Pumped Storage,Electricity,NYUP,100.0,.,0,False,False,.,0.0,0.0,NYUP_hydroelectric_pumped_storage_1,0.0,0.0,.,0.0,1.0,1.0,0.0,0.0,0.0,False,0.749956,1.0,1,.,.,.,.,Hydro,.
NYUP_nuclear_1,Nuclear,Uranium,NYUP,80.0,.,0,False,False,10.447,2.47,0.0,NYUP_nuclear_1,0.0,0.0,.,0.0,1.0,1.0,24.0,24.0,247.836,False,.,.,1,.,.,.,.,Nuclear,.
NYUP_onshore_wind_turbine_1,Onshore Wind Turbine,Wind,NYUP,30.0,.,0,True,False,.,0.0,0.0,NYUP_onshore_wind_turbine_1,0.0,0.0,.,0.0,1.0,1.0,0.0,0.0,0.0,False,.,.,1,.,.,.,.,Wind,.
NYUP_petroleum_liquids_1,Petroleum Liquids,Distillate,NYUP,40.0,.,0,False,False,9.424,6.246,0.0,NYUP_petroleum_liquids_1,0.0,0.0,.,0.0,1.0,1.0,1.0,1.0,37.624,False,.,.,1,.,.,.,.,Petroleum,.
NYUP_small_hydroelectric_1,Small Hydroelectric,Water,NYUP,100.0,.,0,False,True,.,0.0,0.0,NYUP_small_hydroelectric_1,0.0,0.291,.,0.0,1.0,1.0,0.0,0.0,0.0,False,.,.,1,.,.,.,.,Hydro,.
NYUP_solar_photovoltaic_1,Solar Photovoltaic,Solar,NYUP,30.0,.,0,True,False,.,0.0,0.0,NYUP_solar_photovoltaic_1,0.0,0.0,.,0.0,1.0,1.0,0.0,0.0,0.0,False,.,.,1,.,.,.,.,Solar,.
PJMC_batteries_1,Batteries,Electricity,PJMC,15.0,.,0,False,False,.,0.15,0.0,PJMC_batteries_1,0.0,0.0,.,0.0,1.0,1.0,0.0,0.0,0.0,False,0.8464,1.0,1,.,.,.,.,Storage,.
PJMC_biomass_1,Biomass,Waste_biomass,PJMC,50.0,.,0,False,False,20.367,7.604,0.0,PJMC_biomass_1,0.0,0.4489999999999999,.,0.0,1.0,1.0,0.0,0.0,172.369,False,.,.,1,.,.,.,.,Biomass,.
PJMC_biomass_2,Biomass,Waste_biomass,PJMC,50.0,.,0,False,False,10.316,3.851,0.0,PJMC_biomass_2,0.0,0.4489999999999999,.,0.0,1.0,1.0,0.0,0.0,172.369,False,.,.,1,.,.,.,.,Biomass,.
PJMC_conventional_hydroelectric_1,Conventional Hydroelectric,Water,PJMC,100.0,.,0,False,False,.,0.0,0.0,PJMC_conventional_hydroelectric_1,0.0,0.0,.,0.0,1.0,1.0,0.0,0.0,0.0,False,.,.,1,.,.,.,.,Hydro,.
PJMC_conventional_steam_coal_1,Conventional Steam Coal,Coal,PJMC,65.0,.,0,False,False,12.232,1.879,0.0,PJMC_conventional_steam_coal_1,0.0,0.0,.,0.0,1.0,1.0,24.0,24.0,123.906,False,.,.,1,.,.,.,.,Coal,.
PJMC_conventional_steam_coal_2,Conventional Steam Coal,Coal,PJMC,65.0,.,0,False,False,11.308,1.879,0.0,PJMC_conventional_steam_coal_2,0.0,0.0,.,0.0,1.0,1.0,24.0,24.0,123.906,False,.,.,1,.,.,.,.,Coal,.
PJMC_nuclear_1,Nuclear,Uranium,PJMC,80.0,.,0,False,False,10.447,2.47,0.0,PJMC_nuclear_1,0.0,0.0,.,0.0,1.0,1.0,24.0,24.0,247.836,False,.,.,1,.,.,.,.,Nuclear,.
PJMC_onshore_wind_turbine_1,Onshore Wind Turbine,Wind,PJMC,30.0,.,0,True,False,.,0.0,0.0,PJMC_onshore_wind_turbine_1,0.0,0.0,.,0.0,1.0,1.0,0.0,0.0,0.0,False,.,.,1,.,.,.,.,Wind,.
PJMC_petroleum_liquids_1,Petroleum Liquids,Distillate,PJMC,40.0,.,0,False,False,10.174,6.743,0.0,PJMC_petroleum_liquids_1,0.0,0.0,.,0.0,1.0,1.0,1.0,1.0,37.624,False,.,.,1,.,.,.,.,Petroleum,.
PJMC_small_hydroelectric_1,Small Hydroelectric,Water,PJMC,100.0,.,0,False,True,.,0.0,0.0,PJMC_small_hydroelectric_1,0.0,0.5780000000000001,.,0.0,1.0,1.0,0.0,0.0,0.0,False,.,.,1,.,.,.,.,Hydro,.
PJMC_solar_photovoltaic_1,Solar Photovoltaic,Solar,PJMC,30.0,.,0,True,False,.,0.0,0.0,PJMC_solar_photovoltaic_1,0.0,0.0,.,0.0,1.0,1.0,0.0,0.0,0.0,False,.,.,1,.,.,.,.,Solar,.
PJMD_batteries_1,Batteries,Electricity,PJMD,15.0,.,0,False,False,.,0.15,0.0,PJMD_batteries_1,0.0,0.0,.,0.0,1.0,1.0,0.0,0.0,0.0,False,0.8464,1.0,1,.,.,.,.,Storage,.
PJMD_biomass_1,Biomass,Waste_biomass,PJMD,50.0,.,0,False,False,11.449,4.274,0.0,PJMD_biomass_1,0.0,0.786,.,0.0,1.0,1.0,0.0,0.0,172.369,False,.,.,1,.,.,.,.,Biomass,.
PJMD_biomass_2,Biomass,Waste_biomass,PJMD,50.0,.,0,False,False,20.055,7.487,0.0,PJMD_biomass_2,0.0,0.786,.,0.0,1.0,1.0,0.0,0.0,172.369,False,.,.,1,.,.,.,.,Biomass,.
PJMD_conventional_hydroelectric_1,Conventional Hydroelectric,Water,PJMD,100.0,.,0,False,False,.,0.0,0.0,PJMD_conventional_hydroelectric_1,0.0,0.0,.,0.0,1.0,1.0,0.0,0.0,0.0,False,.,.,1,.,.,.,.,Hydro,.
PJMD_conventional_steam_coal_1,Conventional Steam Coal,Coal,PJMD,65.0,.,0,False,False,12.823,1.879,0.0,PJMD_conventional_steam_coal_1,0.0,0.0,.,0.0,1.0,1.0,24.0,24.0,123.906,False,.,.,1,.,.,.,.,Coal,.
PJMD_conventional_steam_coal_2,Conventional Steam Coal,Coal,PJMD,65.0,.,0,False,False,11.986,1.879,0.0,PJMD_conventional_steam_coal_2,0.0,0.0,.,0.0,1.0,1.0,24.0,24.0,123.906,False,.,.,1,.,.,.,.,Coal,.
PJMD_hydroelectric_pumped_storage_1,Hydroelectric Pumped Storage,Electricity,PJMD,100.0,.,0,False,False,.,0.0,0.0,PJMD_hydroelectric_pumped_storage_1,0.0,0.0,.,0.0,1.0,1.0,0.0,0.0,0.0,False,0.749956,1.0,1,.,.,.,.,Hydro,.
PJMD_nuclear_1,Nuclear,Uranium,PJMD,80.0,.,0,False,False,10.447,2.47,0.0,PJMD_nuclear_1,0.0,0.0,.,0.0,1.0,1.0,24.0,24.0,247.836,False,.,.,1,.,.,.,.,Nuclear,.
PJMD_onshore_wind_turbine_1,Onshore Wind Turbine,Wind,PJMD,30.0,.,0,True,False,.,0.0,0.0,PJMD_onshore_wind_turbine_1,0.0,0.0,.,0.0,1.0,1.0,0.0,0.0,0.0,False,.,.,1,.,.,.,.,Wind,.
PJMD_petroleum_liquids_1,Petroleum Liquids,Distillate,PJMD,40.0,.,0,False,False,11.208,7.428,0.0,PJMD_petroleum_liquids_1,0.0,0.0,.,0.0,1.0,1.0,1.0,1.0,37.624,False,.,.,1,.,.,.,.,Petroleum,.
PJMD_small_hydroelectric_1,Small Hydroelectric,Water,PJMD,100.0,.,0,False,True,.,0.0,0.0,PJMD_small_hydroelectric_1,0.0,0.647,.,0.0,1.0,1.0,0.0,0.0,0.0,False,.,.,1,.,.,.,.,Hydro,.
PJMD_solar_photovoltaic_1,Solar Photovoltaic,Solar,PJMD,30.0,.,0,True,False,.,0.0,0.0,PJMD_solar_photovoltaic_1,0.0,0.0,.,0.0,1.0,1.0,0.0,0.0,0.0,False,.,.,1,.,.,.,.,Solar,.
PJME_batteries_1,Batteries,Electricity,PJME,15.0,.,0,False,False,.,0.15,0.0,PJME_batteries_1,0.0,0.0,.,0.0,1.0,1.0,0.0,0.0,0.0,False,0.8464,1.0,1,.,.,.,.,Storage,.
PJME_biomass_1,Biomass,Waste_biomass,PJME,50.0,.,0,False,False,11.672,4.358,0.0,PJME_biomass_1,0.0,0.633,.,0.0,1.0,1.0,0.0,0.0,172.369,False,.,.,1,.,.,.,.,Biomass,.
PJME_biomass_2,Biomass,Waste_biomass,PJME,50.0,.,0,False,False,18.877,7.047,0.0,PJME_biomass_2,0.0,0.633,.,0.0,1.0,1.0,0.0,0.0,172.369,False,.,.,1,.,.,.,.,Biomass,.
PJME_conventional_hydroelectric_1,Conventional Hydroelectric,Water,PJME,100.0,.,0,False,False,.,0.0,0.0,PJME_conventional_hydroelectric_1,0.0,0.0,.,0.0,1.0,1.0,0.0,0.0,0.0,False,.,.,1,.,.,.,.,Hydro,.
PJME_conventional_steam_coal_1,Conventional Steam Coal,Coal,PJME,65.0,.,0,False,False,10.888,1.879,0.0,PJME_conventional_steam_coal_1,0.0,0.0,.,0.0,1.0,1.0,24.0,24.0,123.906,False,.,.,1,.,.,.,.,Coal,.
PJME_conventional_steam_coal_2,Conventional Steam Coal,Coal,PJME,65.0,.,0,False,False,15.773,1.879,0.0,PJME_conventional_steam_coal_2,0.0,0.0,.,0.0,1.0,1.0,24.0,24.0,123.906,False,.,.,1,.,.,.,.,Coal,.
PJME_hydroelectric_pumped_storage_1,Hydroelectric Pumped Storage,Electricity,PJME,100.0,.,0,False,False,.,0.0,0.0,PJME_hydroelectric_pumped_storage_1,0.0,0.0,.,0.0,1.0,1.0,0.0,0.0,0.0,False,0.749956,1.0,1,.,.,.,.,Hydro,.
PJME_nuclear_1,Nuclear,Uranium,PJME,80.0,.,0,False,False,10.447,2.47,0.0,PJME_nuclear_1,0.0,0.0,.,0.0,1.0,1.0,24.0,24.0,247.836,False,.,.,1,.,.,.,.,Nuclear,.
PJME_onshore_wind_turbine_1,Onshore Wind Turbine,Wind,PJME,30.0,.,0,True,False,.,0.0,0.0,PJME_onshore_wind_turbine_1,0.0,0.0,.,0.0,1.0,1.0,0.0,0.0,0.0,False,.,.,1,.,.,.,.,Wind,.
PJME_petroleum_liquids_1,Petroleum Liquids,Distillate,PJME,40.0,.,0,False,False,12.35,8.185,0.0,PJME_petroleum_liquids_1,0.0,0.0,.,0.0,1.0,1.0,1.0,1.0,37.624,False,.,.,1,.,.,.,.,Petroleum,.
PJME_small_hydroelectric_1,Small Hydroelectric,Water,PJME,100.0,.,0,False,True,.,0.0,0.0,PJME_small_hydroelectric_1,0.0,0.475,.,0.0,1.0,1.0,0.0,0.0,0.0,False,.,.,1,.,.,.,.,Hydro,.
PJME_solar_photovoltaic_1,Solar Photovoltaic,Solar,PJME,30.0,.,0,True,False,.,0.0,0.0,PJME_solar_photovoltaic_1,0.0,0.0,.,0.0,1.0,1.0,0.0,0.0,0.0,False,.,.,1,.,.,.,.,Solar,.
PJMW_batteries_1,Batteries,Electricity,PJMW,15.0,.,0,False,False,.,0.15,0.0,PJMW_batteries_1,0.0,0.0,.,0.0,1.0,1.0,0.0,0.0,0.0,False,0.8464,1.0,1,.,.,.,.,Storage,.
PJMW_biomass_1,Biomass,Waste_biomass,PJMW,50.0,.,0,False,False,13.746,5.132,0.0,PJMW_biomass_1,0.0,0.77,.,0.0,1.0,1.0,0.0,0.0,172.369,False,.,.,1,.,.,.,.,Biomass,.
PJMW_biomass_2,Biomass,Waste_biomass,PJMW,50.0,.,0,False,False,8.949,3.341,0.0,PJMW_biomass_2,0.0,0.77,.,0.0,1.0,1.0,0.0,0.0,172.369,False,.,.,1,.,.,.,.,Biomass,.
PJMW_conventional_hydroelectric_1,Conventional Hydroelectric,Water,PJMW,100.0,.,0,False,False,.,0.0,0.0,PJMW_conventional_hydroelectric_1,0.0,0.0,.,0.0,1.0,1.0,0.0,0.0,0.0,False,.,.,1,.,.,.,.,Hydro,.
PJMW_conventional_steam_coal_1,Conventional Steam Coal,Coal,PJMW,65.0,.,0,False,False,10.243,1.879,0.0,PJMW_conventional_steam_coal_1,0.0,0.0,.,0.0,1.0,1.0,24.0,24.0,123.906,False,.,.,1,.,.,.,.,Coal,.
PJMW_conventional_steam_coal_2,Conventional Steam Coal,Coal,PJMW,65.0,.,0,False,False,24.203,1.879,0.0,PJMW_conventional_steam_coal_2,0.0,0.0,.,0.0,1.0,1.0,24.0,24.0,123.906,False,.,.,1,.,.,.,.,Coal,.
PJMW_conventional_steam_coal_3,Conventional Steam Coal,Coal,PJMW,65.0,.,0,False,False,12.617,1.879,0.0,PJMW_conventional_steam_coal_3,0.0,0.0,.,0.0,1.0,1.0,24.0,24.0,123.906,False,.,.,1,.,.,.,.,Coal,.
PJMW_hydroelectric_pumped_storage_1,Hydroelectric Pumped Storage,Electricity,PJMW,100.0,.,0,False,False,.,0.0,0.0,PJMW_hydroelectric_pumped_storage_1,0.0,0.0,.,0.0,1.0,1.0,0.0,0.0,0.0,False,0.749956,1.0,1,.,.,.,.,Hydro,.
PJMW_nuclear_1,Nuclear,Uranium,PJMW,80.0,.,0,False,False,10.447,2.47,0.0,PJMW_nuclear_1,0.0,0.0,.,0.0,1.0,1.0,24.0,24.0,247.836,False,.,.,1,.,.,.,.,Nuclear,.
PJMW_onshore_wind_turbine_1,Onshore Wind Turbine,Wind,PJMW,30.0,.,0,True,False,.,0.0,0.0,PJMW_onshore_wind_turbine_1,0.0,0.0,.,0.0,1.0,1.0,0.0,0.0,0.0,False,.,.,1,.,.,.,.,Wind,.
PJMW_petroleum_liquids_1,Petroleum Liquids,Distillate,PJMW,40.0,.,0,False,False,12.048,7.985,0.0,PJMW_petroleum_liquids_1,0.0,0.0,.,0.0,1.0,1.0,1.0,1.0,37.624,False,.,.,1,.,.,.,.,Petroleum,.
PJMW_small_hydroelectric_1,Small Hydroelectric,Water,PJMW,100.0,.,0,False,True,.,0.0,0.0,PJMW_small_hydroelectric_1,0.0,0.373,.,0.0,1.0,1.0,0.0,0.0,0.0,False,.,.,1,.,.,.,.,Hydro,.
PJMW_solar_photovoltaic_1,Solar Photovoltaic,Solar,PJMW,30.0,.,0,True,False,.,0.0,0.0,PJMW_solar_photovoltaic_1,0.0,0.0,.,0.0,1.0,1.0,0.0,0.0,0.0,False,.,.,1,.,.,.,.,Solar,.
RMRG_batteries_1,Batteries,Electricity,RMRG,15.0,.,0,False,False,.,0.15,0.0,RMRG_batteries_1,0.0,0.0,.,0.0,1.0,1.0,0.0,0.0,0.0,False,0.8464,1.0,1,.,.,.,.,Storage,.
RMRG_biomass_1,Biomass,Waste_biomass,RMRG,50.0,.,0,False,False,11.991,4.477,0.0,RMRG_biomass_1,0.0,0.679,.,0.0,1.0,1.0,0.0,0.0,172.369,False,.,.,1,.,.,.,.,Biomass,.
RMRG_biomass_2,Biomass,Waste_biomass,RMRG,50.0,.,0,False,False,8.605,3.212,0.0,RMRG_biomass_2,0.0,0.679,.,0.0,1.0,1.0,0.0,0.0,172.369,False,.,.,1,.,.,.,.,Biomass,.
RMRG_conventional_hydroelectric_1,Conventional Hydroelectric,Water,RMRG,100.0,.,0,False,False,.,0.0,0.0,RMRG_conventional_hydroelectric_1,0.0,0.0,.,0.0,1.0,1.0,0.0,0.0,0.0,False,.,.,1,.,.,.,.,Hydro,.
RMRG_conventional_steam_coal_1,Conventional Steam Coal,Coal,RMRG,65.0,.,0,False,False,10.593,1.879,0.0,RMRG_conventional_steam_coal_1,0.0,0.0,.,0.0,1.0,1.0,24.0,24.0,123.906,False,.,.,1,.,.,.,.,Coal,.
RMRG_conventional_steam_coal_2,Conventional Steam Coal,Coal,RMRG,65.0,.,0,False,False,11.279,1.879,0.0,RMRG_conventional_steam_coal_2,0.0,0.0,.,0.0,1.0,1.0,24.0,24.0,123.906,False,.,.,1,.,.,.,.,Coal,.
RMRG_hydroelectric_pumped_storage_1,Hydroelectric Pumped Storage,Electricity,RMRG,100.0,.,0,False,False,.,0.0,0.0,RMRG_hydroelectric_pumped_storage_1,0.0,0.0,.,0.0,1.0,1.0,0.0,0.0,0.0,False,0.749956,1.0,1,.,.,.,.,Hydro,.
RMRG_onshore_wind_turbine_1,Onshore Wind Turbine,Wind,RMRG,30.0,.,0,True,False,.,0.0,0.0,RMRG_onshore_wind_turbine_1,0.0,0.0,.,0.0,1.0,1.0,0.0,0.0,0.0,False,.,.,1,.,.,.,.,Wind,.
RMRG_petroleum_liquids_1,Petroleum Liquids,Distillate,RMRG,40.0,.,0,False,False,10.375,6.876,0.0,RMRG_petroleum_liquids_1,0.0,0.0,.,0.0,1.0,1.0,1.0,1.0,37.624,False,.,.,1,.,.,.,.,Petroleum,.
RMRG_small_hydroelectric_1,Small Hydroelectric,Water,RMRG,100.0,.,0,False,True,.,0.0,0.0,RMRG_small_hydroelectric_1,0.0,0.5680000000000001,.,0.0,1.0,1.0,0.0,0.0,0.0,False,.,.,1,.,.,.,.,Hydro,.
RMRG_solar_photovoltaic_1,Solar Photovoltaic,Solar,RMRG,30.0,.,0,True,False,.,0.0,0.0,RMRG_solar_photovoltaic_1,0.0,0.0,.,0.0,1.0,1.0,0.0,0.0,0.0,False,.,.,1,.,.,.,.,Solar,.
SPPC_batteries_1,Batteries,Electricity,SPPC,15.0,.,0,False,False,.,0.15,0.0,SPPC_batteries_1,0.0,0.0,.,0.0,1.0,1.0,0.0,0.0,0.0,False,0.8464,1.0,1,.,.,.,.,Storage,.
SPPC_biomass_1,Biomass,Waste_biomass,SPPC,50.0,.,0,False,False,10.365,3.87,0.0,SPPC_biomass_1,0.0,0.136,.,0.0,1.0,1.0,0.0,0.0,172.369,False,.,.,1,.,.,.,.,Biomass,.
SPPC_biomass_2,Biomass,Waste_biomass,SPPC,50.0,.,0,False,False,11.662,4.354,0.0,SPPC_biomass_2,0.0,0.136,.,0.0,1.0,1.0,0.0,0.0,172.369,False,.,.,1,.,.,.,.,Biomass,.
SPPC_conventional_hydroelectric_1,Conventional Hydroelectric,Water,SPPC,100.0,.,0,False,False,.,0.0,0.0,SPPC_conventional_hydroelectric_1,0.0,0.0,.,0.0,1.0,1.0,0.0,0.0,0.0,False,.,.,1,.,.,.,.,Hydro,.
SPPC_conventional_steam_coal_1,Conventional Steam Coal,Coal,SPPC,65.0,.,0,False,False,11.214,1.879,0.0,SPPC_conventional_steam_coal_1,0.0,0.0,.,0.0,1.0,1.0,24.0,24.0,123.906,False,.,.,1,.,.,.,.,Coal,.
SPPC_conventional_steam_coal_2,Conventional Steam Coal,Coal,SPPC,65.0,.,0,False,False,9.785,1.879,0.0,SPPC_conventional_steam_coal_2,0.0,0.0,.,0.0,1.0,1.0,24.0,24.0,123.906,False,.,.,1,.,.,.,.,Coal,.
SPPC_nuclear_1,Nuclear,Uranium,SPPC,80.0,.,0,False,False,10.447,2.47,0.0,SPPC_nuclear_1,0.0,0.0,.,0.0,1.0,1.0,24.0,24.0,247.836,False,.,.,1,.,.,.,.,Nuclear,.
SPPC_onshore_wind_turbine_1,Onshore Wind Turbine,Wind,SPPC,30.0,.,0,True,False,.,0.0,0.0,SPPC_onshore_wind_turbine_1,0.0,0.0,.,0.0,1.0,1.0,0.0,0.0,0.0,False,.,.,1,.,.,.,.,Wind,.
SPPC_petroleum_liquids_1,Petroleum Liquids,Distillate,SPPC,40.0,.,0,False,False,14.097,9.343,0.0,SPPC_petroleum_liquids_1,0.0,0.0,.,0.0,1.0,1.0,1.0,1.0,37.624,False,.,.,1,.,.,.,.,Petroleum,.
SPPC_small_hydroelectric_1,Small Hydroelectric,Water,SPPC,100.0,.,0,False,True,.,0.0,0.0,SPPC_small_hydroelectric_1,0.0,0.0,.,0.0,1.0,1.0,0.0,0.0,0.0,False,.,.,1,.,.,.,.,Hydro,.
SPPC_solar_photovoltaic_1,Solar Photovoltaic,Solar,SPPC,30.0,.,0,True,False,.,0.0,0.0,SPPC_solar_photovoltaic_1,0.0,0.0,.,0.0,1.0,1.0,0.0,0.0,0.0,False,.,.,1,.,.,.,.,Solar,.
SPPN_batteries_1,Batteries,Electricity,SPPN,15.0,.,0,False,False,.,0.15,0.0,SPPN_batteries_1,0.0,0.0,.,0.0,1.0,1.0,0.0,0.0,0.0,False,0.8464,1.0,1,.,.,.,.,Storage,.
SPPN_biomass_1,Biomass,Waste_biomass,SPPN,50.0,.,0,False,False,12.096,4.516,0.0,SPPN_biomass_1,0.0,0.0,.,0.0,1.0,1.0,0.0,0.0,172.369,False,.,.,1,.,.,.,.,Biomass,.
SPPN_biomass_2,Biomass,Waste_biomass,SPPN,50.0,.,0,False,False,9.699,3.621,0.0,SPPN_biomass_2,0.0,0.0,.,0.0,1.0,1.0,0.0,0.0,172.369,False,.,.,1,.,.,.,.,Biomass,.
SPPN_conventional_hydroelectric_1,Conventional Hydroelectric,Water,SPPN,100.0,.,0,False,False,.,0.0,0.0,SPPN_conventional_hydroelectric_1,0.0,0.0,.,0.0,1.0,1.0,0.0,0.0,0.0,False,.,.,1,.,.,.,.,Hydro,.
SPPN_conventional_steam_coal_1,Conventional Steam Coal,Coal,SPPN,65.0,.,0,False,False,10.844,1.879,0.0,SPPN_conventional_steam_coal_1,0.0,0.0,.,0.0,1.0,1.0,24.0,24.0,123.906,False,.,.,1,.,.,.,.,Coal,.
SPPN_conventional_steam_coal_2,Conventional Steam Coal,Coal,SPPN,65.0,.,0,False,False,14.593,1.879,0.0,SPPN_conventional_steam_coal_2,0.0,0.0,.,0.0,1.0,1.0,24.0,24.0,123.906,False,.,.,1,.,.,.,.,Coal,.
SPPN_nuclear_1,Nuclear,Uranium,SPPN,80.0,.,0,False,False,10.447,2.47,0.0,SPPN_nuclear_1,0.0,0.0,.,0.0,1.0,1.0,24.0,24.0,247.836,False,.,.,1,.,.,.,.,Nuclear,.
SPPN_onshore_wind_turbine_1,Onshore Wind Turbine,Wind,SPPN,30.0,.,0,True,False,.,0.0,0.0,SPPN_onshore_wind_turbine_1,0.0,0.0,.,0.0,1.0,1.0,0.0,0.0,0.0,False,.,.,1,.,.,.,.,Wind,.
SPPN_petroleum_liquids_1,Petroleum Liquids,Distillate,SPPN,40.0,.,0,False,False,10.711,7.099,0.0,SPPN_petroleum_liquids_1,0.0,0.0,.,0.0,1.0,1.0,1.0,1.0,37.624,False,.,.,1,.,.,.,.,Petroleum,.
SPPN_small_hydroelectric_1,Small Hydroelectric,Water,SPPN,100.0,.,0,False,True,.,0.0,0.0,SPPN_small_hydroelectric_1,0.0,0.3149999999999999,.,0.0,1.0,1.0,0.0,0.0,0.0,False,.,.,1,.,.,.,.,Hydro,.
SPPN_solar_photovoltaic_1,Solar Photovoltaic,Solar,SPPN,30.0,.,0,True,False,.,0.0,0.0,SPPN_solar_photovoltaic_1,0.0,0.0,.,0.0,1.0,1.0,0.0,0.0,0.0,False,.,.,1,.,.,.,.,Solar,.
SPPS_batteries_1,Batteries,Electricity,SPPS,15.0,.,0,False,False,.,0.15,0.0,SPPS_batteries_1,0.0,0.0,.,0.0,1.0,1.0,0.0,0.0,0.0,False,0.8464,1.0,1,.,.,.,.,Storage,.
SPPS_biomass_1,Biomass,Waste_biomass,SPPS,50.0,.,0,False,False,13.082,4.884,0.0,SPPS_biomass_1,0.0,0.833,.,0.0,1.0,1.0,0.0,0.0,172.369,False,.,.,1,.,.,.,.,Biomass,.
SPPS_biomass_2,Biomass,Waste_biomass,SPPS,50.0,.,0,False,False,9.21,3.438,0.0,SPPS_biomass_2,0.0,0.833,.,0.0,1.0,1.0,0.0,0.0,172.369,False,.,.,1,.,.,.,.,Biomass,.
SPPS_conventional_hydroelectric_1,Conventional Hydroelectric,Water,SPPS,100.0,.,0,False,False,.,0.0,0.0,SPPS_conventional_hydroelectric_1,0.0,0.0,.,0.0,1.0,1.0,0.0,0.0,0.0,False,.,.,1,.,.,.,.,Hydro,.
SPPS_conventional_steam_coal_1,Conventional Steam Coal,Coal,SPPS,65.0,.,0,False,False,11.282,1.879,0.0,SPPS_conventional_steam_coal_1,0.0,0.0,.,0.0,1.0,1.0,24.0,24.0,123.906,False,.,.,1,.,.,.,.,Coal,.
SPPS_conventional_steam_coal_2,Conventional Steam Coal,Coal,SPPS,65.0,.,0,False,False,11.971,1.879,0.0,SPPS_conventional_steam_coal_2,0.0,0.0,.,0.0,1.0,1.0,24.0,24.0,123.906,False,.,.,1,.,.,.,.,Coal,.
SPPS_hydroelectric_pumped_storage_1,Hydroelectric Pumped Storage,Electricity,SPPS,100.0,.,0,False,False,.,0.0,0.0,SPPS_hydroelectric_pumped_storage_1,0.0,0.0,.,0.0,1.0,1.0,0.0,0.0,0.0,False,0.749956,1.0,1,.,.,.,.,Hydro,.
SPPS_onshore_wind_turbine_1,Onshore Wind Turbine,Wind,SPPS,30.0,.,0,True,False,.,0.0,0.0,SPPS_onshore_wind_turbine_1,0.0,0.0,.,0.0,1.0,1.0,0.0,0.0,0.0,False,.,.,1,.,.,.,.,Wind,.
SPPS_petroleum_liquids_1,Petroleum Liquids,Distillate,SPPS,40.0,.,0,False,False,13.127,8.7,0.0,SPPS_petroleum_liquids_1,0.0,0.0,.,0.0,1.0,1.0,1.0,1.0,37.624,False,.,.,1,.,.,.,.,Petroleum,.
SPPS_small_hydroelectric_1,Small Hydroelectric,Water,SPPS,100.0,.,0,False,True,.,0.0,0.0,SPPS_small_hydroelectric_1,0.0,0.5529999999999999,.,0.0,1.0,1.0,0.0,0.0,0.0,False,.,.,1,.,.,.,.,Hydro,.
SPPS_solar_photovoltaic_1,Solar Photovoltaic,Solar,SPPS,30.0,.,0,True,False,.,0.0,0.0,SPPS_solar_photovoltaic_1,0.0,0.0,.,0.0,1.0,1.0,0.0,0.0,0.0,False,.,.,1,.,.,.,.,Solar,.
SRCA_batteries_1,Batteries,Electricity,SRCA,15.0,.,0,False,False,.,0.15,0.0,SRCA_batteries_1,0.0,0.0,.,0.0,1.0,1.0,0.0,0.0,0.0,False,0.8464,1.0,1,.,.,.,.,Storage,.
SRCA_biomass_1,Biomass,Waste_biomass,SRCA,50.0,.,0,False,False,22.045,8.23,0.0,SRCA_biomass_1,0.0,0.795,.,0.0,1.0,1.0,0.0,0.0,172.369,False,.,.,1,.,.,.,.,Biomass,.
SRCA_biomass_2,Biomass,Waste_biomass,SRCA,50.0,.,0,False,False,11.126,4.154,0.0,SRCA_biomass_2,0.0,0.795,.,0.0,1.0,1.0,0.0,0.0,172.369,False,.,.,1,.,.,.,.,Biomass,.
SRCA_conventional_hydroelectric_1,Conventional Hydroelectric,Water,SRCA,100.0,.,0,False,False,.,0.0,0.0,SRCA_conventional_hydroelectric_1,0.0,0.0,.,0.0,1.0,1.0,0.0,0.0,0.0,False,.,.,1,.,.,.,.,Hydro,.
SRCA_conventional_steam_coal_1,Conventional Steam Coal,Coal,SRCA,65.0,.,0,False,False,10.505,1.879,0.0,SRCA_conventional_steam_coal_1,0.0,0.0,.,0.0,1.0,1.0,24.0,24.0,123.906,False,.,.,1,.,.,.,.,Coal,.
SRCA_conventional_steam_coal_2,Conventional Steam Coal,Coal,SRCA,65.0,.,0,False,False,16.649,1.879,0.0,SRCA_conventional_steam_coal_2,0.0,0.0,.,0.0,1.0,1.0,24.0,24.0,123.906,False,.,.,1,.,.,.,.,Coal,.
SRCA_hydroelectric_pumped_storage_1,Hydroelectric Pumped Storage,Electricity,SRCA,100.0,.,0,False,False,.,0.0,0.0,SRCA_hydroelectric_pumped_storage_1,0.0,0.0,.,0.0,1.0,1.0,0.0,0.0,0.0,False,0.749956,1.0,1,.,.,.,.,Hydro,.
SRCA_nuclear_1,Nuclear,Uranium,SRCA,80.0,.,0,False,False,10.447,2.47,0.0,SRCA_nuclear_1,0.0,0.0,.,0.0,1.0,1.0,24.0,24.0,247.836,False,.,.,1,.,.,.,.,Nuclear,.
SRCA_petroleum_liquids_1,Petroleum Liquids,Distillate,SRCA,40.0,.,0,False,False,11.131,7.377,0.0,SRCA_petroleum_liquids_1,0.0,0.0,.,0.0,1.0,1.0,1.0,1.0,37.624,False,.,.,1,.,.,.,.,Petroleum,.
SRCA_small_hydroelectric_1,Small Hydroelectric,Water,SRCA,100.0,.,0,False,True,.,0.0,0.0,SRCA_small_hydroelectric_1,0.0,0.7,.,0.0,1.0,1.0,0.0,0.0,0.0,False,.,.,1,.,.,.,.,Hydro,.
SRCA_solar_photovoltaic_1,Solar Photovoltaic,Solar,SRCA,30.0,.,0,True,False,.,0.0,0.0,SRCA_solar_photovoltaic_1,0.0,0.0,.,0.0,1.0,1.0,0.0,0.0,0.0,False,.,.,1,.,.,.,.,Solar,.
SRCE_batteries_1,Batteries,Electricity,SRCE,15.0,.,0,False,False,.,0.15,0.0,SRCE_batteries_1,0.0,0.0,.,0.0,1.0,1.0,0.0,0.0,0.0,False,0.8464,1.0,1,.,.,.,.,Storage,.
SRCE_biomass_1,Biomass,Waste_biomass,SRCE,50.0,.,0,False,False,12.278,4.584,0.0,SRCE_biomass_1,0.0,0.85,.,0.0,1.0,1.0,0.0,0.0,172.369,False,.,.,1,.,.,.,.,Biomass,.
SRCE_biomass_2,Biomass,Waste_biomass,SRCE,50.0,.,0,False,False,33.314,12.437,0.0,SRCE_biomass_2,0.0,0.85,.,0.0,1.0,1.0,0.0,0.0,172.369,False,.,.,1,.,.,.,.,Biomass,.
SRCE_conventional_hydroelectric_1,Conventional Hydroelectric,Water,SRCE,100.0,.,0,False,False,.,0.0,0.0,SRCE_conventional_hydroelectric_1,0.0,0.0,.,0.0,1.0,1.0,0.0,0.0,0.0,False,.,.,1,.,.,.,.,Hydro,.
SRCE_conventional_steam_coal_1,Conventional Steam Coal,Coal,SRCE,65.0,.,0,False,False,11.034,1.879,0.0,SRCE_conventional_steam_coal_1,0.0,0.0,.,0.0,1.0,1.0,24.0,24.0,123.906,False,.,.,1,.,.,.,.,Coal,.
SRCE_conventional_steam_coal_2,Conventional Steam Coal,Coal,SRCE,65.0,.,0,False,False,10.761,1.879,0.0,SRCE_conventional_steam_coal_2,0.0,0.0,.,0.0,1.0,1.0,24.0,24.0,123.906,False,.,.,1,.,.,.,.,Coal,.
SRCE_hydroelectric_pumped_storage_1,Hydroelectric Pumped Storage,Electricity,SRCE,100.0,.,0,False,False,.,0.0,0.0,SRCE_hydroelectric_pumped_storage_1,0.0,0.0,.,0.0,1.0,1.0,0.0,0.0,0.0,False,0.749956,1.0,1,.,.,.,.,Hydro,.
SRCE_nuclear_1,Nuclear,Uranium,SRCE,80.0,.,0,False,False,10.447,2.47,0.0,SRCE_nuclear_1,0.0,0.0,.,0.0,1.0,1.0,24.0,24.0,247.836,False,.,.,1,.,.,.,.,Nuclear,.
SRCE_onshore_wind_turbine_1,Onshore Wind Turbine,Wind,SRCE,30.0,.,0,True,False,.,0.0,0.0,SRCE_onshore_wind_turbine_1,0.0,0.0,.,0.0,1.0,1.0,0.0,0.0,0.0,False,.,.,1,.,.,.,.,Wind,.
SRCE_petroleum_liquids_1,Petroleum Liquids,Distillate,SRCE,40.0,.,0,False,False,13.799,9.146,0.0,SRCE_petroleum_liquids_1,0.0,0.0,.,0.0,1.0,1.0,1.0,1.0,37.624,False,.,.,1,.,.,.,.,Petroleum,.
SRCE_small_hydroelectric_1,Small Hydroelectric,Water,SRCE,100.0,.,0,False,True,.,0.0,0.0,SRCE_small_hydroelectric_1,0.0,0.648,.,0.0,1.0,1.0,0.0,0.0,0.0,False,.,.,1,.,.,.,.,Hydro,.
SRCE_solar_photovoltaic_1,Solar Photovoltaic,Solar,SRCE,30.0,.,0,True,False,.,0.0,0.0,SRCE_solar_photovoltaic_1,0.0,0.0,.,0.0,1.0,1.0,0.0,0.0,0.0,False,.,.,1,.,.,.,.,Solar,.
SRSE_batteries_1,Batteries,Electricity,SRSE,15.0,.,0,False,False,.,0.15,0.0,SRSE_batteries_1,0.0,0.0,.,0.0,1.0,1.0,0.0,0.0,0.0,False,0.8464,1.0,1,.,.,.,.,Storage,.
SRSE_biomass_1,Biomass,Waste_biomass,SRSE,50.0,.,0,False,False,9.21,3.438,0.0,SRSE_biomass_1,0.0,0.779,.,0.0,1.0,1.0,0.0,0.0,172.369,False,.,.,1,.,.,.,.,Biomass,.
SRSE_biomass_2,Biomass,Waste_biomass,SRSE,50.0,.,0,False,False,14.988,5.596,0.0,SRSE_biomass_2,0.0,0.779,.,0.0,1.0,1.0,0.0,0.0,172.369,False,.,.,1,.,.,.,.,Biomass,.
SRSE_conventional_hydroelectric_1,Conventional Hydroelectric,Water,SRSE,100.0,.,0,False,False,.,0.0,0.0,SRSE_conventional_hydroelectric_1,0.0,0.0,.,0.0,1.0,1.0,0.0,0.0,0.0,False,.,.,1,.,.,.,.,Hydro,.
SRSE_conventional_steam_coal_1,Conventional Steam Coal,Coal,SRSE,65.0,.,0,False,False,9.94,1.879,0.0,SRSE_conventional_steam_coal_1,0.0,0.0,.,0.0,1.0,1.0,24.0,24.0,123.906,False,.,.,1,.,.,.,.,Coal,.
SRSE_conventional_steam_coal_2,Conventional Steam Coal,Coal,SRSE,65.0,.,0,False,False,11.212,1.879,0.0,SRSE_conventional_steam_coal_2,0.0,0.0,.,0.0,1.0,1.0,24.0,24.0,123.906,False,.,.,1,.,.,.,.,Coal,.
SRSE_hydroelectric_pumped_storage_1,Hydroelectric Pumped Storage,Electricity,SRSE,100.0,.,0,False,False,.,0.0,0.0,SRSE_hydroelectric_pumped_storage_1,0.0,0.0,.,0.0,1.0,1.0,0.0,0.0,0.0,False,0.749956,1.0,1,.,.,.,.,Hydro,.
SRSE_nuclear_1,Nuclear,Uranium,SRSE,80.0,.,0,False,False,10.106,2.388,0.0,SRSE_nuclear_1,0.0,0.0,.,0.0,1.0,1.0,24.0,24.0,247.836,False,.,.,1,.,.,.,.,Nuclear,.
SRSE_petroleum_liquids_1,Petroleum Liquids,Distillate,SRSE,40.0,.,0,False,False,14.143,9.373,0.0,SRSE_petroleum_liquids_1,0.0,0.0,.,0.0,1.0,1.0,1.0,1.0,37.624,False,.,.,1,.,.,.,.,Petroleum,.
SRSE_small_hydroelectric_1,Small Hydroelectric,Water,SRSE,100.0,.,0,False,True,.,0.0,0.0,SRSE_small_hydroelectric_1,0.0,0.71,.,0.0,1.0,1.0,0.0,0.0,0.0,False,.,.,1,.,.,.,.,Hydro,.
SRSE_solar_photovoltaic_1,Solar Photovoltaic,Solar,SRSE,30.0,.,0,True,False,.,0.0,0.0,SRSE_solar_photovoltaic_1,0.0,0.0,.,0.0,1.0,1.0,0.0,0.0,0.0,False,.,.,1,.,.,.,.,Solar,.
SRSG_batteries_1,Batteries,Electricity,SRSG,15.0,.,0,False,False,.,0.15,0.0,SRSG_batteries_1,0.0,0.0,.,0.0,1.0,1.0,0.0,0.0,0.0,False,0.8464,1.0,1,.,.,.,.,Storage,.
SRSG_biomass_1,Biomass,Waste_biomass,SRSG,50.0,.,0,False,False,9.944,3.713,0.0,SRSG_biomass_1,0.0,0.63,.,0.0,1.0,1.0,0.0,0.0,172.369,False,.,.,1,.,.,.,.,Biomass,.
SRSG_biomass_2,Biomass,Waste_biomass,SRSG,50.0,.,0,False,False,15.958,5.958,0.0,SRSG_biomass_2,0.0,0.63,.,0.0,1.0,1.0,0.0,0.0,172.369,False,.,.,1,.,.,.,.,Biomass,.
SRSG_conventional_hydroelectric_1,Conventional Hydroelectric,Water,SRSG,100.0,.,0,False,False,.,0.0,0.0,SRSG_conventional_hydroelectric_1,0.0,0.0,.,0.0,1.0,1.0,0.0,0.0,0.0,False,.,.,1,.,.,.,.,Hydro,.
SRSG_conventional_steam_coal_1,Conventional Steam Coal,Coal,SRSG,65.0,.,0,False,False,10.971,1.879,0.0,SRSG_conventional_steam_coal_1,0.0,0.0,.,0.0,1.0,1.0,24.0,24.0,123.906,False,.,.,1,.,.,.,.,Coal,.
SRSG_conventional_steam_coal_2,Conventional Steam Coal,Coal,SRSG,65.0,.,0,False,False,9.544,1.879,0.0,SRSG_conventional_steam_coal_2,0.0,0.0,.,0.0,1.0,1.0,24.0,24.0,123.906,False,.,.,1,.,.,.,.,Coal,.
SRSG_geothermal_1,Geothermal,Heat,SRSG,30.0,.,0,False,False,.,0.0,0.0,SRSG_geothermal_1,0.0,0.538,.,0.0,1.0,1.0,0.0,0.0,0.0,False,.,.,1,.,.,.,.,Geothermal,.
SRSG_hydroelectric_pumped_storage_1,Hydroelectric Pumped Storage,Electricity,SRSG,100.0,.,0,False,False,.,0.0,0.0,SRSG_hydroelectric_pumped_storage_1,0.0,0.0,.,0.0,1.0,1.0,0.0,0.0,0.0,False,0.749956,1.0,1,.,.,.,.,Hydro,.
SRSG_nuclear_1,Nuclear,Uranium,SRSG,80.0,.,0,False,False,10.447,2.47,0.0,SRSG_nuclear_1,0.0,0.0,.,0.0,1.0,1.0,24.0,24.0,247.836,False,.,.,1,.,.,.,.,Nuclear,.
SRSG_onshore_wind_turbine_1,Onshore Wind Turbine,Wind,SRSG,30.0,.,0,True,False,.,0.0,0.0,SRSG_onshore_wind_turbine_1,0.0,0.0,.,0.0,1.0,1.0,0.0,0.0,0.0,False,.,.,1,.,.,.,.,Wind,.
SRSG_petroleum_liquids_1,Petroleum Liquids,Distillate,SRSG,40.0,.,0,False,False,11.684,7.744,0.0,SRSG_petroleum_liquids_1,0.0,0.0,.,0.0,1.0,1.0,1.0,1.0,37.624,False,.,.,1,.,.,.,.,Petroleum,.
SRSG_small_hydroelectric_1,Small Hydroelectric,Water,SRSG,100.0,.,0,False,True,.,0.0,0.0,SRSG_small_hydroelectric_1,0.0,0.624,.,0.0,1.0,1.0,0.0,0.0,0.0,False,.,.,1,.,.,.,.,Hydro,.
SRSG_solar_photovoltaic_1,Solar Photovoltaic,Solar,SRSG,30.0,.,0,True,False,.,0.0,0.0,SRSG_solar_photovoltaic_1,0.0,0.0,.,0.0,1.0,1.0,0.0,0.0,0.0,False,.,.,1,.,.,.,.,Solar,.
TRE_batteries_1,Batteries,Electricity,TRE,15.0,.,0,False,False,.,0.15,0.0,TRE_batteries_1,0.0,0.0,.,0.0,1.0,1.0,0.0,0.0,0.0,False,0.8464,1.0,1,.,.,.,.,Storage,.
TRE_biomass_1,Biomass,Waste_biomass,TRE,50.0,.,0,False,False,14.944,5.579,0.0,TRE_biomass_1,0.0,0.7989999999999999,.,0.0,1.0,1.0,0.0,0.0,172.369,False,.,.,1,.,.,.,.,Biomass,.
TRE_biomass_2,Biomass,Waste_biomass,TRE,50.0,.,0,False,False,11.48,4.286,0.0,TRE_biomass_2,0.0,0.7989999999999999,.,0.0,1.0,1.0,0.0,0.0,172.369,False,.,.,1,.,.,.,.,Biomass,.
TRE_conventional_hydroelectric_1,Conventional Hydroelectric,Water,TRE,100.0,.,0,False,False,.,0.0,0.0,TRE_conventional_hydroelectric_1,0.0,0.0,.,0.0,1.0,1.0,0.0,0.0,0.0,False,.,.,1,.,.,.,.,Hydro,.
TRE_conventional_steam_coal_1,Conventional Steam Coal,Coal,TRE,65.0,.,0,False,False,10.539,1.879,0.0,TRE_conventional_steam_coal_1,0.0,0.0,.,0.0,1.0,1.0,24.0,24.0,123.906,False,.,.,1,.,.,.,.,Coal,.
TRE_conventional_steam_coal_2,Conventional Steam Coal,Coal,TRE,65.0,.,0,False,False,11.665,1.879,0.0,TRE_conventional_steam_coal_2,0.0,0.0,.,0.0,1.0,1.0,24.0,24.0,123.906,False,.,.,1,.,.,.,.,Coal,.
TRE_nuclear_1,Nuclear,Uranium,TRE,80.0,.,0,False,False,10.447,2.47,0.0,TRE_nuclear_1,0.0,0.0,.,0.0,1.0,1.0,24.0,24.0,247.836,False,.,.,1,.,.,.,.,Nuclear,.
TRE_onshore_wind_turbine_1,Onshore Wind Turbine,Wind,TRE,30.0,.,0,True,False,.,0.0,0.0,TRE_onshore_wind_turbine_1,0.0,0.0,.,0.0,1.0,1.0,0.0,0.0,0.0,False,.,.,1,.,.,.,.,Wind,.
TRE_petroleum_liquids_1,Petroleum Liquids,Distillate,TRE,40.0,.,0,False,False,9.328,6.182,0.0,TRE_petroleum_liquids_1,0.0,0.0,.,0.0,1.0,1.0,1.0,1.0,37.624,False,.,.,1,.,.,.,.,Petroleum,.
TRE_small_hydroelectric_1,Small Hydroelectric,Water,TRE,100.0,.,0,False,True,.,0.0,0.0,TRE_small_hydroelectric_1,0.0,0.614,.,0.0,1.0,1.0,0.0,0.0,0.0,False,.,.,1,.,.,.,.,Hydro,.
TRE_solar_photovoltaic_1,Solar Photovoltaic,Solar,TRE,30.0,.,0,True,False,.,0.0,0.0,TRE_solar_photovoltaic_1,0.0,0.0,.,0.0,1.0,1.0,0.0,0.0,0.0,False,.,.,1,.,.,.,.,Solar,.
TREW_batteries_1,Batteries,Electricity,TREW,15.0,.,0,False,False,.,0.15,0.0,TREW_batteries_1,0.0,0.0,.,0.0,1.0,1.0,0.0,0.0,0.0,False,0.8464,1.0,1,.,.,.,.,Storage,.
TREW_onshore_wind_turbine_1,Onshore Wind Turbine,Wind,TREW,30.0,.,0,True,False,.,0.0,0.0,TREW_onshore_wind_turbine_1,0.0,0.0,.,0.0,1.0,1.0,0.0,0.0,0.0,False,.,.,1,.,.,.,.,Wind,.
TREW_petroleum_liquids_1,Petroleum Liquids,Distillate,TREW,40.0,.,0,False,False,9.21,6.104,0.0,TREW_petroleum_liquids_1,0.0,0.0,.,0.0,1.0,1.0,1.0,1.0,37.624,False,.,.,1,.,.,.,.,Petroleum,.
TREW_solar_photovoltaic_1,Solar Photovoltaic,Solar,TREW,30.0,.,0,True,False,.,0.0,0.0,TREW_solar_photovoltaic_1,0.0,0.0,.,0.0,1.0,1.0,0.0,0.0,0.0,False,.,.,1,.,.,.,.,Solar,.
BASN_distributed_generation_1,distributed_generation,Solar,BASN,100.0,.,0,True,False,.,0.0,0.0,BASN_distributed_generation_1,0.0,0.0,.,0.0,1.0,1.0,0.0,0.0,0.0,False,.,.,1,.,.,.,.,Solar,.
CANO_distributed_generation_1,distributed_generation,Solar,CANO,100.0,.,0,True,False,.,0.0,0.0,CANO_distributed_generation_1,0.0,0.0,.,0.0,1.0,1.0,0.0,0.0,0.0,False,.,.,1,.,.,.,.,Solar,.
CASO_distributed_generation_1,distributed_generation,Solar,CASO,100.0,.,0,True,False,.,0.0,0.0,CASO_distributed_generation_1,0.0,0.0,.,0.0,1.0,1.0,0.0,0.0,0.0,False,.,.,1,.,.,.,.,Solar,.
FRCC_distributed_generation_1,distributed_generation,Solar,FRCC,100.0,.,0,True,False,.,0.0,0.0,FRCC_distributed_generation_1,0.0,0.0,.,0.0,1.0,1.0,0.0,0.0,0.0,False,.,.,1,.,.,.,.,Solar,.
ISNE_distributed_generation_1,distributed_generation,Solar,ISNE,100.0,.,0,True,False,.,0.0,0.0,ISNE_distributed_generation_1,0.0,0.0,.,0.0,1.0,1.0,0.0,0.0,0.0,False,.,.,1,.,.,.,.,Solar,.
MISC_distributed_generation_1,distributed_generation,Solar,MISC,100.0,.,0,True,False,.,0.0,0.0,MISC_distributed_generation_1,0.0,0.0,.,0.0,1.0,1.0,0.0,0.0,0.0,False,.,.,1,.,.,.,.,Solar,.
MISE_distributed_generation_1,distributed_generation,Solar,MISE,100.0,.,0,True,False,.,0.0,0.0,MISE_distributed_generation_1,0.0,0.0,.,0.0,1.0,1.0,0.0,0.0,0.0,False,.,.,1,.,.,.,.,Solar,.
MISS_distributed_generation_1,distributed_generation,Solar,MISS,100.0,.,0,True,False,.,0.0,0.0,MISS_distributed_generation_1,0.0,0.0,.,0.0,1.0,1.0,0.0,0.0,0.0,False,.,.,1,.,.,.,.,Solar,.
MISW_distributed_generation_1,distributed_generation,Solar,MISW,100.0,.,0,True,False,.,0.0,0.0,MISW_distributed_generation_1,0.0,0.0,.,0.0,1.0,1.0,0.0,0.0,0.0,False,.,.,1,.,.,.,.,Solar,.
NWPP_distributed_generation_1,distributed_generation,Solar,NWPP,100.0,.,0,True,False,.,0.0,0.0,NWPP_distributed_generation_1,0.0,0.0,.,0.0,1.0,1.0,0.0,0.0,0.0,False,.,.,1,.,.,.,.,Solar,.
NYCW_distributed_generation_1,distributed_generation,Solar,NYCW,100.0,.,0,True,False,.,0.0,0.0,NYCW_distributed_generation_1,0.0,0.0,.,0.0,1.0,1.0,0.0,0.0,0.0,False,.,.,1,.,.,.,.,Solar,.
NYUP_distributed_generation_1,distributed_generation,Solar,NYUP,100.0,.,0,True,False,.,0.0,0.0,NYUP_distributed_generation_1,0.0,0.0,.,0.0,1.0,1.0,0.0,0.0,0.0,False,.,.,1,.,.,.,.,Solar,.
PJMC_distributed_generation_1,distributed_generation,Solar,PJMC,100.0,.,0,True,False,.,0.0,0.0,PJMC_distributed_generation_1,0.0,0.0,.,0.0,1.0,1.0,0.0,0.0,0.0,False,.,.,1,.,.,.,.,Solar,.
PJMD_distributed_generation_1,distributed_generation,Solar,PJMD,100.0,.,0,True,False,.,0.0,0.0,PJMD_distributed_generation_1,0.0,0.0,.,0.0,1.0,1.0,0.0,0.0,0.0,False,.,.,1,.,.,.,.,Solar,.
PJME_distributed_generation_1,distributed_generation,Solar,PJME,100.0,.,0,True,False,.,0.0,0.0,PJME_distributed_generation_1,0.0,0.0,.,0.0,1.0,1.0,0.0,0.0,0.0,False,.,.,1,.,.,.,.,Solar,.
PJMW_distributed_generation_1,distributed_generation,Solar,PJMW,100.0,.,0,True,False,.,0.0,0.0,PJMW_distributed_generation_1,0.0,0.0,.,0.0,1.0,1.0,0.0,0.0,0.0,False,.,.,1,.,.,.,.,Solar,.
RMRG_distributed_generation_1,distributed_generation,Solar,RMRG,100.0,.,0,True,False,.,0.0,0.0,RMRG_distributed_generation_1,0.0,0.0,.,0.0,1.0,1.0,0.0,0.0,0.0,False,.,.,1,.,.,.,.,Solar,.
SPPC_distributed_generation_1,distributed_generation,Solar,SPPC,100.0,.,0,True,False,.,0.0,0.0,SPPC_distributed_generation_1,0.0,0.0,.,0.0,1.0,1.0,0.0,0.0,0.0,False,.,.,1,.,.,.,.,Solar,.
SPPN_distributed_generation_1,distributed_generation,Solar,SPPN,100.0,.,0,True,False,.,0.0,0.0,SPPN_distributed_generation_1,0.0,0.0,.,0.0,1.0,1.0,0.0,0.0,0.0,False,.,.,1,.,.,.,.,Solar,.
SPPS_distributed_generation_1,distributed_generation,Solar,SPPS,100.0,.,0,True,False,.,0.0,0.0,SPPS_distributed_generation_1,0.0,0.0,.,0.0,1.0,1.0,0.0,0.0,0.0,False,.,.,1,.,.,.,.,Solar,.
SRCA_distributed_generation_1,distributed_generation,Solar,SRCA,100.0,.,0,True,False,.,0.0,0.0,SRCA_distributed_generation_1,0.0,0.0,.,0.0,1.0,1.0,0.0,0.0,0.0,False,.,.,1,.,.,.,.,Solar,.
SRCE_distributed_generation_1,distributed_generation,Solar,SRCE,100.0,.,0,True,False,.,0.0,0.0,SRCE_distributed_generation_1,0.0,0.0,.,0.0,1.0,1.0,0.0,0.0,0.0,False,.,.,1,.,.,.,.,Solar,.
SRSE_distributed_generation_1,distributed_generation,Solar,SRSE,100.0,.,0,True,False,.,0.0,0.0,SRSE_distributed_generation_1,0.0,0.0,.,0.0,1.0,1.0,0.0,0.0,0.0,False,.,.,1,.,.,.,.,Solar,.
SRSG_distributed_generation_1,distributed_generation,Solar,SRSG,100.0,.,0,True,False,.,0.0,0.0,SRSG_distributed_generation_1,0.0,0.0,.,0.0,1.0,1.0,0.0,0.0,0.0,False,.,.,1,.,.,.,.,Solar,.
TRE_distributed_generation_1,distributed_generation,Solar,TRE,100.0,.,0,True,False,.,0.0,0.0,TRE_distributed_generation_1,0.0,0.0,.,0.0,1.0,1.0,0.0,0.0,0.0,False,.,.,1,.,.,.,.,Solar,.
TREW_distributed_generation_1,distributed_generation,Solar,TREW,100.0,.,0,True,False,.,0.0,0.0,TREW_distributed_generation_1,0.0,0.0,.,0.0,1.0,1.0,0.0,0.0,0.0,False,.,.,1,.,.,.,.,Solar,.
