LOAD_ZONE,TIMEPOINT,zone_demand_mw
BASN,1,10285
BASN,2,9648
BASN,3,9237
BASN,4,8940
BASN,5,8836
BASN,6,8863
BASN,7,8988
BASN,8,9393
BASN,9,10171
BASN,10,10912
BASN,11,11030
BASN,12,10830
BASN,13,10723
BASN,14,10628
BASN,15,10445
BASN,16,10283
BASN,17,10167
BASN,18,10072
BASN,19,10170
BASN,20,10824
BASN,21,11423
BASN,22,11356
BASN,23,11181
BASN,24,10876
BASN,25,10181
BASN,26,9649
BASN,27,9263
BASN,28,8986
BASN,29,8926
BASN,30,8909
BASN,31,9090
BASN,32,9514
BASN,33,10318
BASN,34,11156
BASN,35,11229
BASN,36,11065
BASN,37,10945
BASN,38,10779
BASN,39,10535
BASN,40,10376
BASN,41,10216
BASN,42,10137
BASN,43,10198
BASN,44,10568
BASN,45,11335
BASN,46,11410
BASN,47,11224
BASN,48,10945
BASN,49,9979
BASN,50,9509
BASN,51,9087
BASN,52,8872
BASN,53,8802
BASN,54,8830
BASN,55,8956
BASN,56,9297
BASN,57,10129
BASN,58,10863
BASN,59,10944
BASN,60,10932
BASN,61,10835
BASN,62,10748
BASN,63,10570
BASN,64,10464
BASN,65,10388
BASN,66,10329
BASN,67,10379
BASN,68,10646
BASN,69,11310
BASN,70,11447
BASN,71,11285
BASN,72,10978
BASN,73,10748
BASN,74,10154
BASN,75,9733
BASN,76,9513
BASN,77,9435
BASN,78,9455
BASN,79,9575
BASN,80,9946
BASN,81,10736
BASN,82,11441
BASN,83,11440
BASN,84,11256
BASN,85,11078
BASN,86,10912
BASN,87,10772
BASN,88,10584
BASN,89,10454
BASN,90,10366
BASN,91,10430
BASN,92,10623
BASN,93,11287
BASN,94,11483
BASN,95,11313
BASN,96,10986
BASN,97,9345
BASN,98,8849
BASN,99,8439
BASN,100,8241
BASN,101,8212
BASN,102,8251
BASN,103,8425
BASN,104,8817
BASN,105,9595
BASN,106,10169
BASN,107,10283
BASN,108,10191
BASN,109,10172
BASN,110,10123
BASN,111,10014
BASN,112,9961
BASN,113,9836
BASN,114,9820
BASN,115,9854
BASN,116,9976
BASN,117,10426
BASN,118,10809
BASN,119,10638
BASN,120,10291
BASN,121,9872
BASN,122,9304
BASN,123,8873
BASN,124,8608
BASN,125,8502
BASN,126,8517
BASN,127,8688
BASN,128,9213
BASN,129,9972
BASN,130,10457
BASN,131,10412
BASN,132,10414
BASN,133,10410
BASN,134,10345
BASN,135,10285
BASN,136,10244
BASN,137,10159
BASN,138,10098
BASN,139,10093
BASN,140,10125
BASN,141,10239
BASN,142,10374
BASN,143,10555
BASN,144,10228
BASN,145,9332
BASN,146,8941
BASN,147,8547
BASN,148,8365
BASN,149,8297
BASN,150,8373
BASN,151,8608
BASN,152,9142
BASN,153,9864
BASN,154,10324
BASN,155,10285
BASN,156,10326
BASN,157,10284
BASN,158,10164
BASN,159,10046
BASN,160,9861
BASN,161,9746
BASN,162,9581
BASN,163,9517
BASN,164,9515
BASN,165,9557
BASN,166,9780
BASN,167,10063
BASN,168,9914
BASN,169,8791
BASN,170,8375
BASN,171,8008
BASN,172,7817
BASN,173,7715
BASN,174,7743
BASN,175,7974
BASN,176,8464
BASN,177,9142
BASN,178,9506
BASN,179,9620
BASN,180,9754
BASN,181,9815
BASN,182,9883
BASN,183,9907
BASN,184,9888
BASN,185,9963
BASN,186,9991
BASN,187,10012
BASN,188,10051
BASN,189,10037
BASN,190,10134
BASN,191,10341
BASN,192,10115
BASN,193,11741
BASN,194,10804
BASN,195,10062
BASN,196,9560
BASN,197,9253
BASN,198,9023
BASN,199,9018
BASN,200,9284
BASN,201,9739
BASN,202,10232
BASN,203,10777
BASN,204,11257
BASN,205,11762
BASN,206,12303
BASN,207,12727
BASN,208,13051
BASN,209,13443
BASN,210,13803
BASN,211,13951
BASN,212,14113
BASN,213,13988
BASN,214,13641
BASN,215,13345
BASN,216,13029
BASN,217,10338
BASN,218,9594
BASN,219,8960
BASN,220,8497
BASN,221,8256
BASN,222,8177
BASN,223,8251
BASN,224,8575
BASN,225,9034
BASN,226,9513
BASN,227,9982
BASN,228,10362
BASN,229,10750
BASN,230,11098
BASN,231,11395
BASN,232,11740
BASN,233,12024
BASN,234,12352
BASN,235,12570
BASN,236,12615
BASN,237,12626
BASN,238,12315
BASN,239,11995
BASN,240,11864
BASN,241,12863
BASN,242,11856
BASN,243,10982
BASN,244,10349
BASN,245,9940
BASN,246,9688
BASN,247,9608
BASN,248,9777
BASN,249,10076
BASN,250,10581
BASN,251,11217
BASN,252,11815
BASN,253,12360
BASN,254,12930
BASN,255,13398
BASN,256,13821
BASN,257,14232
BASN,258,14593
BASN,259,14888
BASN,260,15004
BASN,261,14925
BASN,262,14459
BASN,263,13995
BASN,264,13678
BASN,265,14197
BASN,266,13099
BASN,267,12128
BASN,268,11447
BASN,269,10892
BASN,270,10536
BASN,271,10383
BASN,272,10455
BASN,273,10685
BASN,274,11254
BASN,275,12133
BASN,276,12944
BASN,277,13721
BASN,278,14323
BASN,279,14805
BASN,280,15333
BASN,281,15719
BASN,282,16017
BASN,283,16341
BASN,284,16410
BASN,285,16203
BASN,286,15638
BASN,287,14980
BASN,288,14476
BASN,289,14286
BASN,290,13159
BASN,291,12162
BASN,292,11376
BASN,293,10779
BASN,294,10414
BASN,295,10300
BASN,296,10464
BASN,297,10813
BASN,298,11420
BASN,299,12332
BASN,300,13318
BASN,301,14232
BASN,302,15266
BASN,303,16047
BASN,304,16804
BASN,305,17338
BASN,306,17817
BASN,307,18119
BASN,308,18345
BASN,309,18239
BASN,310,17689
BASN,311,16892
BASN,312,16314
BASN,313,13735
BASN,314,12544
BASN,315,11594
BASN,316,10883
BASN,317,10329
BASN,318,10007
BASN,319,9873
BASN,320,10005
BASN,321,10316
BASN,322,10708
BASN,323,11469
BASN,324,12325
BASN,325,13263
BASN,326,14122
BASN,327,14922
BASN,328,15600
BASN,329,16111
BASN,330,16595
BASN,331,16937
BASN,332,17003
BASN,333,16834
BASN,334,16249
BASN,335,15538
BASN,336,14834
BASN,337,13278
BASN,338,12240
BASN,339,11335
BASN,340,10668
BASN,341,10189
BASN,342,9899
BASN,343,9810
BASN,344,10014
BASN,345,10330
BASN,346,10734
BASN,347,11544
BASN,348,12327
BASN,349,13105
BASN,350,13753
BASN,351,14353
BASN,352,15002
BASN,353,15626
BASN,354,16098
BASN,355,16488
BASN,356,16659
BASN,357,16487
BASN,358,15900
BASN,359,15278
BASN,360,14612
BASN,361,12812
BASN,362,11813
BASN,363,11047
BASN,364,10480
BASN,365,10076
BASN,366,9834
BASN,367,9809
BASN,368,10125
BASN,369,10585
BASN,370,10904
BASN,371,11362
BASN,372,12055
BASN,373,12703
BASN,374,13388
BASN,375,13983
BASN,376,14511
BASN,377,14920
BASN,378,14984
BASN,379,14929
BASN,380,14732
BASN,381,14344
BASN,382,13900
BASN,383,13675
BASN,384,13133
BASN,385,12527
BASN,386,11560
BASN,387,10782
BASN,388,10185
BASN,389,9823
BASN,390,9548
BASN,391,9522
BASN,392,9772
BASN,393,10223
BASN,394,10569
BASN,395,11006
BASN,396,11471
BASN,397,12122
BASN,398,12727
BASN,399,13309
BASN,400,13839
BASN,401,14317
BASN,402,14697
BASN,403,14796
BASN,404,14561
BASN,405,14239
BASN,406,13899
BASN,407,13712
BASN,408,13030
BASN,409,11656
BASN,410,10904
BASN,411,10206
BASN,412,9645
BASN,413,9303
BASN,414,9106
BASN,415,9089
BASN,416,9423
BASN,417,9965
BASN,418,10286
BASN,419,10597
BASN,420,11008
BASN,421,11362
BASN,422,11772
BASN,423,12127
BASN,424,12252
BASN,425,12203
BASN,426,11966
BASN,427,11882
BASN,428,11811
BASN,429,11742
BASN,430,11651
BASN,431,11598
BASN,432,11164
BASN,433,10768
BASN,434,10026
BASN,435,9393
BASN,436,8920
BASN,437,8685
BASN,438,8536
BASN,439,8569
BASN,440,8950
BASN,441,9535
BASN,442,9923
BASN,443,10024
BASN,444,10352
BASN,445,10555
BASN,446,10832
BASN,447,11087
BASN,448,11296
BASN,449,11546
BASN,450,11795
BASN,451,11939
BASN,452,12037
BASN,453,12004
BASN,454,11971
BASN,455,11776
BASN,456,11225
BASN,457,9550
BASN,458,8966
BASN,459,8502
BASN,460,8137
BASN,461,7983
BASN,462,7936
BASN,463,8057
BASN,464,8448
BASN,465,9047
BASN,466,9540
BASN,467,9597
BASN,468,9755
BASN,469,9888
BASN,470,9949
BASN,471,10010
BASN,472,10142
BASN,473,10202
BASN,474,10284
BASN,475,10403
BASN,476,10496
BASN,477,10579
BASN,478,10541
BASN,479,10301
BASN,480,9866
BASN,481,9778
BASN,482,9175
BASN,483,8754
BASN,484,8448
BASN,485,8332
BASN,486,8278
BASN,487,8380
BASN,488,8680
BASN,489,9373
BASN,490,9897
BASN,491,10090
BASN,492,10100
BASN,493,10100
BASN,494,10170
BASN,495,10114
BASN,496,10070
BASN,497,10030
BASN,498,9975
BASN,499,10098
BASN,500,10567
BASN,501,10933
BASN,502,10751
BASN,503,10535
BASN,504,10204
BASN,505,10362
BASN,506,9777
BASN,507,9302
BASN,508,9028
BASN,509,8910
BASN,510,8895
BASN,511,8995
BASN,512,9349
BASN,513,10102
BASN,514,10701
BASN,515,10766
BASN,516,10646
BASN,517,10561
BASN,518,10568
BASN,519,10522
BASN,520,10441
BASN,521,10426
BASN,522,10438
BASN,523,10637
BASN,524,11254
BASN,525,11626
BASN,526,11404
BASN,527,11123
BASN,528,10768
BASN,529,10609
BASN,530,9940
BASN,531,9426
BASN,532,9108
BASN,533,8968
BASN,534,8954
BASN,535,9034
BASN,536,9368
BASN,537,10173
BASN,538,10911
BASN,539,11074
BASN,540,11060
BASN,541,10983
BASN,542,10924
BASN,543,10903
BASN,544,10839
BASN,545,10767
BASN,546,10754
BASN,547,10997
BASN,548,11784
BASN,549,12316
BASN,550,12196
BASN,551,12021
BASN,552,11633
BASN,553,11076
BASN,554,10529
BASN,555,10029
BASN,556,9681
BASN,557,9557
BASN,558,9518
BASN,559,9640
BASN,560,9948
BASN,561,10480
BASN,562,11039
BASN,563,11168
BASN,564,11180
BASN,565,11155
BASN,566,11149
BASN,567,10991
BASN,568,10813
BASN,569,10705
BASN,570,10675
BASN,571,10869
BASN,572,11582
BASN,573,12212
BASN,574,12085
BASN,575,11910
BASN,576,11561
CANO,1,10805
CANO,2,9959
CANO,3,9090
CANO,4,8538
CANO,5,8267
CANO,6,8146
CANO,7,8176
CANO,8,8491
CANO,9,9176
CANO,10,10277
CANO,11,10661
CANO,12,10899
CANO,13,11035
CANO,14,11276
CANO,15,11235
CANO,16,11165
CANO,17,11161
CANO,18,11104
CANO,19,10972
CANO,20,11195
CANO,21,12382
CANO,22,12521
CANO,23,12187
CANO,24,11750
CANO,25,10298
CANO,26,9485
CANO,27,8839
CANO,28,8395
CANO,29,8193
CANO,30,8158
CANO,31,8305
CANO,32,8719
CANO,33,9536
CANO,34,10814
CANO,35,11155
CANO,36,11283
CANO,37,11275
CANO,38,11366
CANO,39,11226
CANO,40,11141
CANO,41,11075
CANO,42,10963
CANO,43,10910
CANO,44,10966
CANO,45,11896
CANO,46,12311
CANO,47,12044
CANO,48,11585
CANO,49,10420
CANO,50,9823
CANO,51,9188
CANO,52,8520
CANO,53,8334
CANO,54,8306
CANO,55,8403
CANO,56,8737
CANO,57,9446
CANO,58,10554
CANO,59,10964
CANO,60,11383
CANO,61,11630
CANO,62,11920
CANO,63,11663
CANO,64,11438
CANO,65,11276
CANO,66,11077
CANO,67,10992
CANO,68,11112
CANO,69,11883
CANO,70,12533
CANO,71,12355
CANO,72,11996
CANO,73,11656
CANO,74,10766
CANO,75,10002
CANO,76,9556
CANO,77,9363
CANO,78,9296
CANO,79,9369
CANO,80,9705
CANO,81,10430
CANO,82,11631
CANO,83,11759
CANO,84,11756
CANO,85,11616
CANO,86,11626
CANO,87,11261
CANO,88,10966
CANO,89,10866
CANO,90,10725
CANO,91,10655
CANO,92,10734
CANO,93,11321
CANO,94,12180
CANO,95,11993
CANO,96,11682
CANO,97,10262
CANO,98,9439
CANO,99,8686
CANO,100,8306
CANO,101,8063
CANO,102,7942
CANO,103,8011
CANO,104,8328
CANO,105,9103
CANO,106,10024
CANO,107,10515
CANO,108,10857
CANO,109,10928
CANO,110,11153
CANO,111,11243
CANO,112,11279
CANO,113,11348
CANO,114,11313
CANO,115,11275
CANO,116,11235
CANO,117,11474
CANO,118,12337
CANO,119,12178
CANO,120,11709
CANO,121,11644
CANO,122,10783
CANO,123,9897
CANO,124,9308
CANO,125,9053
CANO,126,8926
CANO,127,8980
CANO,128,9267
CANO,129,9881
CANO,130,11062
CANO,131,11380
CANO,132,11454
CANO,133,11448
CANO,134,11566
CANO,135,11417
CANO,136,11345
CANO,137,11288
CANO,138,11184
CANO,139,11165
CANO,140,11053
CANO,141,11110
CANO,142,11274
CANO,143,11937
CANO,144,11853
CANO,145,10505
CANO,146,9858
CANO,147,9139
CANO,148,8833
CANO,149,8533
CANO,150,8640
CANO,151,8759
CANO,152,9154
CANO,153,9673
CANO,154,10709
CANO,155,10887
CANO,156,11061
CANO,157,11129
CANO,158,11286
CANO,159,11075
CANO,160,10974
CANO,161,10957
CANO,162,10845
CANO,163,10751
CANO,164,10720
CANO,165,10737
CANO,166,10768
CANO,167,11396
CANO,168,11626
CANO,169,10371
CANO,170,9651
CANO,171,8913
CANO,172,8493
CANO,173,8211
CANO,174,8110
CANO,175,8230
CANO,176,8562
CANO,177,9099
CANO,178,10049
CANO,179,10472
CANO,180,10888
CANO,181,11116
CANO,182,11350
CANO,183,11391
CANO,184,11366
CANO,185,11448
CANO,186,11378
CANO,187,11321
CANO,188,11261
CANO,189,11206
CANO,190,11026
CANO,191,11503
CANO,192,11857
CANO,193,12309
CANO,194,11197
CANO,195,10077
CANO,196,9403
CANO,197,9027
CANO,198,8756
CANO,199,8642
CANO,200,8831
CANO,201,9291
CANO,202,10118
CANO,203,10924
CANO,204,11336
CANO,205,11696
CANO,206,12206
CANO,207,12544
CANO,208,12755
CANO,209,13163
CANO,210,13509
CANO,211,13824
CANO,212,14039
CANO,213,14021
CANO,214,13665
CANO,215,13313
CANO,216,13509
CANO,217,11482
CANO,218,10567
CANO,219,9668
CANO,220,9082
CANO,221,8734
CANO,222,8521
CANO,223,8466
CANO,224,8705
CANO,225,9111
CANO,226,9882
CANO,227,10715
CANO,228,11226
CANO,229,11584
CANO,230,11920
CANO,231,12214
CANO,232,12335
CANO,233,12594
CANO,234,12835
CANO,235,13033
CANO,236,13078
CANO,237,13095
CANO,238,12861
CANO,239,12522
CANO,240,12780
CANO,241,13098
CANO,242,12001
CANO,243,10869
CANO,244,10051
CANO,245,9570
CANO,246,9266
CANO,247,9135
CANO,248,9243
CANO,249,9699
CANO,250,10341
CANO,251,11077
CANO,252,11679
CANO,253,12129
CANO,254,12588
CANO,255,12958
CANO,256,13172
CANO,257,13538
CANO,258,13805
CANO,259,14102
CANO,260,14243
CANO,261,14146
CANO,262,13805
CANO,263,13333
CANO,264,13317
CANO,265,13347
CANO,266,12262
CANO,267,11110
CANO,268,10271
CANO,269,9826
CANO,270,9476
CANO,271,9295
CANO,272,9405
CANO,273,9757
CANO,274,10253
CANO,275,10947
CANO,276,11612
CANO,277,12219
CANO,278,12816
CANO,279,13185
CANO,280,13388
CANO,281,13715
CANO,282,14056
CANO,283,14416
CANO,284,14645
CANO,285,14601
CANO,286,14177
CANO,287,13541
CANO,288,13386
CANO,289,13098
CANO,290,12071
CANO,291,10805
CANO,292,10079
CANO,293,9588
CANO,294,9218
CANO,295,9071
CANO,296,9223
CANO,297,9674
CANO,298,10169
CANO,299,11007
CANO,300,11829
CANO,301,12485
CANO,302,13268
CANO,303,13957
CANO,304,14523
CANO,305,15186
CANO,306,15734
CANO,307,16285
CANO,308,16629
CANO,309,16618
CANO,310,16138
CANO,311,15486
CANO,312,15109
CANO,313,13424
CANO,314,12200
CANO,315,11050
CANO,316,10282
CANO,317,9947
CANO,318,9564
CANO,319,9366
CANO,320,9483
CANO,321,9790
CANO,322,10348
CANO,323,11007
CANO,324,11675
CANO,325,12194
CANO,326,12746
CANO,327,13173
CANO,328,13476
CANO,329,13818
CANO,330,14157
CANO,331,14565
CANO,332,14802
CANO,333,14711
CANO,334,14271
CANO,335,13705
CANO,336,13701
CANO,337,14525
CANO,338,13171
CANO,339,11872
CANO,340,10998
CANO,341,10348
CANO,342,9892
CANO,343,9691
CANO,344,9744
CANO,345,10100
CANO,346,10697
CANO,347,11490
CANO,348,12333
CANO,349,13113
CANO,350,13943
CANO,351,14551
CANO,352,15004
CANO,353,15631
CANO,354,16257
CANO,355,16747
CANO,356,17006
CANO,357,16837
CANO,358,16218
CANO,359,15470
CANO,360,15319
CANO,361,15559
CANO,362,13988
CANO,363,12518
CANO,364,11573
CANO,365,10911
CANO,366,10520
CANO,367,10272
CANO,368,10357
CANO,369,10825
CANO,370,11682
CANO,371,12452
CANO,372,13227
CANO,373,14116
CANO,374,15014
CANO,375,15736
CANO,376,16370
CANO,377,17011
CANO,378,17381
CANO,379,17543
CANO,380,17465
CANO,381,17113
CANO,382,16397
CANO,383,15989
CANO,384,15882
CANO,385,14645
CANO,386,13089
CANO,387,11703
CANO,388,10713
CANO,389,10308
CANO,390,9964
CANO,391,9778
CANO,392,9911
CANO,393,10492
CANO,394,11380
CANO,395,12090
CANO,396,12648
CANO,397,13107
CANO,398,13646
CANO,399,14000
CANO,400,14243
CANO,401,14541
CANO,402,14893
CANO,403,15162
CANO,404,15260
CANO,405,15026
CANO,406,14568
CANO,407,14717
CANO,408,14753
CANO,409,14623
CANO,410,13180
CANO,411,11939
CANO,412,10857
CANO,413,10374
CANO,414,10106
CANO,415,9945
CANO,416,10056
CANO,417,10671
CANO,418,11535
CANO,419,12213
CANO,420,12836
CANO,421,13391
CANO,422,13974
CANO,423,14468
CANO,424,14821
CANO,425,15192
CANO,426,15552
CANO,427,15847
CANO,428,15954
CANO,429,15674
CANO,430,15069
CANO,431,15031
CANO,432,14759
CANO,433,13391
CANO,434,12010
CANO,435,10731
CANO,436,9919
CANO,437,9525
CANO,438,9331
CANO,439,9064
CANO,440,9212
CANO,441,9608
CANO,442,10577
CANO,443,11000
CANO,444,11339
CANO,445,11746
CANO,446,12251
CANO,447,12646
CANO,448,12898
CANO,449,13271
CANO,450,13569
CANO,451,13806
CANO,452,13838
CANO,453,13569
CANO,454,13357
CANO,455,13678
CANO,456,13251
CANO,457,12456
CANO,458,11414
CANO,459,10397
CANO,460,9710
CANO,461,9213
CANO,462,8965
CANO,463,8842
CANO,464,9003
CANO,465,9602
CANO,466,10602
CANO,467,11190
CANO,468,11474
CANO,469,11914
CANO,470,12390
CANO,471,12623
CANO,472,12770
CANO,473,12993
CANO,474,13151
CANO,475,13204
CANO,476,13131
CANO,477,12822
CANO,478,12885
CANO,479,12802
CANO,480,12302
CANO,481,11084
CANO,482,10307
CANO,483,9603
CANO,484,8924
CANO,485,8580
CANO,486,8504
CANO,487,8570
CANO,488,8832
CANO,489,9439
CANO,490,10450
CANO,491,10698
CANO,492,10990
CANO,493,11138
CANO,494,11364
CANO,495,11396
CANO,496,11379
CANO,497,11403
CANO,498,11380
CANO,499,11350
CANO,500,11636
CANO,501,12612
CANO,502,12499
CANO,503,12122
CANO,504,11691
CANO,505,11469
CANO,506,10515
CANO,507,9605
CANO,508,9094
CANO,509,8796
CANO,510,8856
CANO,511,8905
CANO,512,9138
CANO,513,9715
CANO,514,10915
CANO,515,11257
CANO,516,11461
CANO,517,11626
CANO,518,11803
CANO,519,11732
CANO,520,11631
CANO,521,11585
CANO,522,11465
CANO,523,11483
CANO,524,11890
CANO,525,12918
CANO,526,12909
CANO,527,12567
CANO,528,12133
CANO,529,11654
CANO,530,10724
CANO,531,9888
CANO,532,9315
CANO,533,9087
CANO,534,9117
CANO,535,9200
CANO,536,9523
CANO,537,10021
CANO,538,11151
CANO,539,11415
CANO,540,11643
CANO,541,11784
CANO,542,11906
CANO,543,11641
CANO,544,11458
CANO,545,11341
CANO,546,11244
CANO,547,11311
CANO,548,11830
CANO,549,13105
CANO,550,13204
CANO,551,12889
CANO,552,12491
CANO,553,11419
CANO,554,10730
CANO,555,10037
CANO,556,9725
CANO,557,9481
CANO,558,9416
CANO,559,9463
CANO,560,9681
CANO,561,10015
CANO,562,10837
CANO,563,10921
CANO,564,11252
CANO,565,11398
CANO,566,11364
CANO,567,10956
CANO,568,10692
CANO,569,10511
CANO,570,10367
CANO,571,10425
CANO,572,10941
CANO,573,12487
CANO,574,12611
CANO,575,12361
CANO,576,12045
CASO,1,16702
CASO,2,15390
CASO,3,14041
CASO,4,13184
CASO,5,12767
CASO,6,12583
CASO,7,12629
CASO,8,13116
CASO,9,14173
CASO,10,15888
CASO,11,16477
CASO,12,16834
CASO,13,17027
CASO,14,17399
CASO,15,17332
CASO,16,17222
CASO,17,17215
CASO,18,17129
CASO,19,16928
CASO,20,17281
CASO,21,19124
CASO,22,19342
CASO,23,18830
CASO,24,18160
CASO,25,15862
CASO,26,14604
CASO,27,13613
CASO,28,12964
CASO,29,12655
CASO,30,12606
CASO,31,12836
CASO,32,13479
CASO,33,14743
CASO,34,16732
CASO,35,17249
CASO,36,17432
CASO,37,17404
CASO,38,17542
CASO,39,17321
CASO,40,17188
CASO,41,17084
CASO,42,16912
CASO,43,16832
CASO,44,16930
CASO,45,18377
CASO,46,19021
CASO,47,18612
CASO,48,17908
CASO,49,16057
CASO,50,15141
CASO,51,14176
CASO,52,13175
CASO,53,12892
CASO,54,12856
CASO,55,13009
CASO,56,13528
CASO,57,14625
CASO,58,16352
CASO,59,16975
CASO,60,17609
CASO,61,17974
CASO,62,18419
CASO,63,18009
CASO,64,17655
CASO,65,17402
CASO,66,17092
CASO,67,16962
CASO,68,17156
CASO,69,18362
CASO,70,19366
CASO,71,19095
CASO,72,18547
CASO,73,18017
CASO,74,16644
CASO,75,15468
CASO,76,14783
CASO,77,14492
CASO,78,14396
CASO,79,14511
CASO,80,15031
CASO,81,16153
CASO,82,18026
CASO,83,18208
CASO,84,18187
CASO,85,17951
CASO,86,17962
CASO,87,17384
CASO,88,16922
CASO,89,16764
CASO,90,16544
CASO,91,16438
CASO,92,16567
CASO,93,17488
CASO,94,18816
CASO,95,18532
CASO,96,18059
CASO,97,15808
CASO,98,14535
CASO,99,13376
CASO,100,12820
CASO,101,12442
CASO,102,12259
CASO,103,12364
CASO,104,12854
CASO,105,14052
CASO,106,15490
CASO,107,16246
CASO,108,16763
CASO,109,16859
CASO,110,17203
CASO,111,17340
CASO,112,17394
CASO,113,17499
CASO,114,17443
CASO,115,17390
CASO,116,17335
CASO,117,17717
CASO,118,19055
CASO,119,18814
CASO,120,18096
CASO,121,17997
CASO,122,16667
CASO,123,15294
CASO,124,14384
CASO,125,13996
CASO,126,13807
CASO,127,13892
CASO,128,14337
CASO,129,15288
CASO,130,17127
CASO,131,17603
CASO,132,17700
CASO,133,17672
CASO,134,17849
CASO,135,17609
CASO,136,17496
CASO,137,17406
CASO,138,17243
CASO,139,17219
CASO,140,17054
CASO,141,17156
CASO,142,17418
CASO,143,18443
CASO,144,18318
CASO,145,16200
CASO,146,15203
CASO,147,14102
CASO,148,13658
CASO,149,13198
CASO,150,13371
CASO,151,13556
CASO,152,14166
CASO,153,14969
CASO,154,16582
CASO,155,16843
CASO,156,17096
CASO,157,17185
CASO,158,17423
CASO,159,17085
CASO,160,16928
CASO,161,16901
CASO,162,16726
CASO,163,16584
CASO,164,16544
CASO,165,16582
CASO,166,16637
CASO,167,17610
CASO,168,17975
CASO,169,15988
CASO,170,14875
CASO,171,13740
CASO,172,13121
CASO,173,12684
CASO,174,12534
CASO,175,12719
CASO,176,13233
CASO,177,14064
CASO,178,15543
CASO,179,16187
CASO,180,16816
CASO,181,17155
CASO,182,17511
CASO,183,17569
CASO,184,17529
CASO,185,17655
CASO,186,17545
CASO,187,17460
CASO,188,17376
CASO,189,17305
CASO,190,17035
CASO,191,17775
CASO,192,18329
CASO,193,19024
CASO,194,17300
CASO,195,15561
CASO,196,14510
CASO,197,13925
CASO,198,13506
CASO,199,13324
CASO,200,13611
CASO,201,14319
CASO,202,15605
CASO,203,16853
CASO,204,17482
CASO,205,18031
CASO,206,18818
CASO,207,19340
CASO,208,19668
CASO,209,20299
CASO,210,20833
CASO,211,21327
CASO,212,21672
CASO,213,21659
CASO,214,21118
CASO,215,20578
CASO,216,20883
CASO,217,17750
CASO,218,16330
CASO,219,14932
CASO,220,14015
CASO,221,13475
CASO,222,13146
CASO,223,13055
CASO,224,13420
CASO,225,14045
CASO,226,15247
CASO,227,16532
CASO,228,17311
CASO,229,17855
CASO,230,18372
CASO,231,18825
CASO,232,19013
CASO,233,19411
CASO,234,19782
CASO,235,20092
CASO,236,20172
CASO,237,20212
CASO,238,19860
CASO,239,19342
CASO,240,19746
CASO,241,20246
CASO,242,18547
CASO,243,16787
CASO,244,15513
CASO,245,14764
CASO,246,14294
CASO,247,14084
CASO,248,14245
CASO,249,14946
CASO,250,15945
CASO,251,17086
CASO,252,18013
CASO,253,18701
CASO,254,19409
CASO,255,19982
CASO,256,20314
CASO,257,20881
CASO,258,21295
CASO,259,21760
CASO,260,21989
CASO,261,21857
CASO,262,21337
CASO,263,20609
CASO,264,20585
CASO,265,20633
CASO,266,18952
CASO,267,17160
CASO,268,15853
CASO,269,15159
CASO,270,14616
CASO,271,14332
CASO,272,14495
CASO,273,15036
CASO,274,15811
CASO,275,16886
CASO,276,17913
CASO,277,18844
CASO,278,19765
CASO,279,20337
CASO,280,20653
CASO,281,21159
CASO,282,21688
CASO,283,22251
CASO,284,22615
CASO,285,22564
CASO,286,21917
CASO,287,20935
CASO,288,20697
CASO,289,20197
CASO,290,18612
CASO,291,16658
CASO,292,15567
CASO,293,14802
CASO,294,14228
CASO,295,13993
CASO,296,14220
CASO,297,14911
CASO,298,15684
CASO,299,16983
CASO,300,18253
CASO,301,19266
CASO,302,20474
CASO,303,21539
CASO,304,22414
CASO,305,23439
CASO,306,24287
CASO,307,25144
CASO,308,25685
CASO,309,25683
CASO,310,24944
CASO,311,23939
CASO,312,23359
CASO,313,20756
CASO,314,18863
CASO,315,17076
CASO,316,15875
CASO,317,15351
CASO,318,14759
CASO,319,14446
CASO,320,14618
CASO,321,15088
CASO,322,15957
CASO,323,16980
CASO,324,18011
CASO,325,18811
CASO,326,19662
CASO,327,20323
CASO,328,20793
CASO,329,21324
CASO,330,21848
CASO,331,22484
CASO,332,22859
CASO,333,22731
CASO,334,22056
CASO,335,21184
CASO,336,21182
CASO,337,22456
CASO,338,20359
CASO,339,18340
CASO,340,16977
CASO,341,15967
CASO,342,15262
CASO,343,14946
CASO,344,15018
CASO,345,15564
CASO,346,16496
CASO,347,17725
CASO,348,19028
CASO,349,20230
CASO,350,21511
CASO,351,22451
CASO,352,23153
CASO,353,24122
CASO,354,25091
CASO,355,25853
CASO,356,26263
CASO,357,26018
CASO,358,25064
CASO,359,23910
CASO,360,23682
CASO,361,24052
CASO,362,21620
CASO,363,19337
CASO,364,17862
CASO,365,16835
CASO,366,16229
CASO,367,15837
CASO,368,15960
CASO,369,16678
CASO,370,18010
CASO,371,19206
CASO,372,20403
CASO,373,21775
CASO,374,23163
CASO,375,24276
CASO,376,25256
CASO,377,26248
CASO,378,26823
CASO,379,27081
CASO,380,26974
CASO,381,26447
CASO,382,25342
CASO,383,24712
CASO,384,24549
CASO,385,22638
CASO,386,20225
CASO,387,18073
CASO,388,16530
CASO,389,15899
CASO,390,15366
CASO,391,15073
CASO,392,15270
CASO,393,16164
CASO,394,17547
CASO,395,18652
CASO,396,19511
CASO,397,20216
CASO,398,21048
CASO,399,21600
CASO,400,21977
CASO,401,22440
CASO,402,22985
CASO,403,23407
CASO,404,23569
CASO,405,23223
CASO,406,22519
CASO,407,22751
CASO,408,22810
CASO,409,22600
CASO,410,20362
CASO,411,18433
CASO,412,16749
CASO,413,15996
CASO,414,15583
CASO,415,15327
CASO,416,15491
CASO,417,16437
CASO,418,17783
CASO,419,18837
CASO,420,19794
CASO,421,20645
CASO,422,21545
CASO,423,22310
CASO,424,22855
CASO,425,23431
CASO,426,23989
CASO,427,24451
CASO,428,24626
CASO,429,24209
CASO,430,23283
CASO,431,23228
CASO,432,22814
CASO,433,20703
CASO,434,18562
CASO,435,16574
CASO,436,15307
CASO,437,14692
CASO,438,14393
CASO,439,13976
CASO,440,14201
CASO,441,14813
CASO,442,16322
CASO,443,16984
CASO,444,17502
CASO,445,18122
CASO,446,18897
CASO,447,19508
CASO,448,19898
CASO,449,20474
CASO,450,20937
CASO,451,21308
CASO,452,21371
CASO,453,20969
CASO,454,20649
CASO,455,21144
CASO,456,20486
CASO,457,19258
CASO,458,17642
CASO,459,16057
CASO,460,14983
CASO,461,14211
CASO,462,13828
CASO,463,13633
CASO,464,13878
CASO,465,14802
CASO,466,16359
CASO,467,17275
CASO,468,17708
CASO,469,18378
CASO,470,19110
CASO,471,19471
CASO,472,19701
CASO,473,20045
CASO,474,20294
CASO,475,20381
CASO,476,20281
CASO,477,19817
CASO,478,19921
CASO,479,19793
CASO,480,19022
CASO,481,17131
CASO,482,15928
CASO,483,14831
CASO,484,13779
CASO,485,13250
CASO,486,13138
CASO,487,13242
CASO,488,13648
CASO,489,14589
CASO,490,16167
CASO,491,16537
CASO,492,16973
CASO,493,17189
CASO,494,17531
CASO,495,17577
CASO,496,17548
CASO,497,17583
CASO,498,17547
CASO,499,17504
CASO,500,17955
CASO,501,19474
CASO,502,19308
CASO,503,18729
CASO,504,18068
CASO,505,17726
CASO,506,16250
CASO,507,14835
CASO,508,14040
CASO,509,13582
CASO,510,13681
CASO,511,13759
CASO,512,14121
CASO,513,15015
CASO,514,16886
CASO,515,17401
CASO,516,17702
CASO,517,17941
CASO,518,18210
CASO,519,18096
CASO,520,17938
CASO,521,17865
CASO,522,17680
CASO,523,17711
CASO,524,18347
CASO,525,19945
CASO,526,19940
CASO,527,19414
CASO,528,18750
CASO,529,17953
CASO,530,16519
CASO,531,15242
CASO,532,14403
CASO,533,14057
CASO,534,14110
CASO,535,14240
CASO,536,14741
CASO,537,15513
CASO,538,17274
CASO,539,17669
CASO,540,18007
CASO,541,18209
CASO,542,18392
CASO,543,17968
CASO,544,17683
CASO,545,17497
CASO,546,17345
CASO,547,17453
CASO,548,18262
CASO,549,20240
CASO,550,20397
CASO,551,19912
CASO,552,19305
CASO,553,17656
CASO,554,16593
CASO,555,15522
CASO,556,15043
CASO,557,14672
CASO,558,14579
CASO,559,14654
CASO,560,14993
CASO,561,15511
CASO,562,16797
CASO,563,16915
CASO,564,17414
CASO,565,17626
CASO,566,17570
CASO,567,16924
CASO,568,16512
CASO,569,16226
CASO,570,16002
CASO,571,16094
CASO,572,16899
CASO,573,19296
CASO,574,19487
CASO,575,19105
CASO,576,18625
FRCC,1,21877
FRCC,2,21632
FRCC,3,22037
FRCC,4,23273
FRCC,5,26077
FRCC,6,30372
FRCC,7,33277
FRCC,8,34017
FRCC,9,34027
FRCC,10,33558
FRCC,11,32707
FRCC,12,31658
FRCC,13,30473
FRCC,14,29508
FRCC,15,29097
FRCC,16,30009
FRCC,17,33809
FRCC,18,39114
FRCC,19,40725
FRCC,20,41115
FRCC,21,40140
FRCC,22,38420
FRCC,23,36544
FRCC,24,35322
FRCC,25,18624
FRCC,26,18319
FRCC,27,18523
FRCC,28,19503
FRCC,29,21979
FRCC,30,26415
FRCC,31,28869
FRCC,32,29016
FRCC,33,28280
FRCC,34,27321
FRCC,35,26662
FRCC,36,26332
FRCC,37,25819
FRCC,38,25433
FRCC,39,25222
FRCC,40,25349
FRCC,41,26118
FRCC,42,28716
FRCC,43,29393
FRCC,44,28632
FRCC,45,26548
FRCC,46,24183
FRCC,47,21588
FRCC,48,19737
FRCC,49,31050
FRCC,50,31416
FRCC,51,32228
FRCC,52,33675
FRCC,53,36898
FRCC,54,41656
FRCC,55,43716
FRCC,56,41451
FRCC,57,38033
FRCC,58,34284
FRCC,59,31035
FRCC,60,28767
FRCC,61,26849
FRCC,62,25664
FRCC,63,24906
FRCC,64,24913
FRCC,65,26071
FRCC,66,29278
FRCC,67,30738
FRCC,68,30224
FRCC,69,28850
FRCC,70,26838
FRCC,71,24453
FRCC,72,22727
FRCC,73,17105
FRCC,74,16310
FRCC,75,15990
FRCC,76,16327
FRCC,77,17972
FRCC,78,21369
FRCC,79,23800
FRCC,80,25020
FRCC,81,25942
FRCC,82,26698
FRCC,83,27217
FRCC,84,27887
FRCC,85,28153
FRCC,86,28271
FRCC,87,28149
FRCC,88,27993
FRCC,89,28246
FRCC,90,29713
FRCC,91,30368
FRCC,92,29138
FRCC,93,26983
FRCC,94,24286
FRCC,95,21415
FRCC,96,18843
FRCC,97,17770
FRCC,98,17410
FRCC,99,17528
FRCC,100,18412
FRCC,101,21069
FRCC,102,25584
FRCC,103,28189
FRCC,104,27445
FRCC,105,26541
FRCC,106,25597
FRCC,107,24975
FRCC,108,24939
FRCC,109,24652
FRCC,110,24558
FRCC,111,24710
FRCC,112,25033
FRCC,113,25466
FRCC,114,26730
FRCC,115,28267
FRCC,116,27189
FRCC,117,25082
FRCC,118,22526
FRCC,119,19962
FRCC,120,17955
FRCC,121,17846
FRCC,122,16913
FRCC,123,16551
FRCC,124,17066
FRCC,125,18998
FRCC,126,21568
FRCC,127,23592
FRCC,128,25138
FRCC,129,26413
FRCC,130,27215
FRCC,131,28094
FRCC,132,29306
FRCC,133,30365
FRCC,134,31233
FRCC,135,32021
FRCC,136,32504
FRCC,137,32192
FRCC,138,31546
FRCC,139,31511
FRCC,140,30752
FRCC,141,28460
FRCC,142,25371
FRCC,143,22195
FRCC,144,19952
FRCC,145,19038
FRCC,146,18053
FRCC,147,17626
FRCC,148,18291
FRCC,149,20344
FRCC,150,22785
FRCC,151,24831
FRCC,152,27025
FRCC,153,29019
FRCC,154,30644
FRCC,155,32476
FRCC,156,34371
FRCC,157,36033
FRCC,158,37491
FRCC,159,38576
FRCC,160,39095
FRCC,161,38708
FRCC,162,37617
FRCC,163,36800
FRCC,164,35259
FRCC,165,32039
FRCC,166,28044
FRCC,167,24372
FRCC,168,21579
FRCC,169,16931
FRCC,170,16176
FRCC,171,15930
FRCC,172,16708
FRCC,173,18773
FRCC,174,21095
FRCC,175,23076
FRCC,176,25027
FRCC,177,26528
FRCC,178,27513
FRCC,179,28516
FRCC,180,29575
FRCC,181,30602
FRCC,182,31717
FRCC,183,32801
FRCC,184,33432
FRCC,185,33302
FRCC,186,32506
FRCC,187,32280
FRCC,188,31340
FRCC,189,28731
FRCC,190,25111
FRCC,191,21850
FRCC,192,19437
FRCC,193,20785
FRCC,194,19680
FRCC,195,19234
FRCC,196,19755
FRCC,197,21901
FRCC,198,24176
FRCC,199,26045
FRCC,200,27454
FRCC,201,28606
FRCC,202,29195
FRCC,203,29974
FRCC,204,30502
FRCC,205,30829
FRCC,206,31400
FRCC,207,31933
FRCC,208,32000
FRCC,209,31940
FRCC,210,31733
FRCC,211,31784
FRCC,212,31147
FRCC,213,29158
FRCC,214,26243
FRCC,215,23352
FRCC,216,21206
FRCC,217,22223
FRCC,218,21201
FRCC,219,20832
FRCC,220,21359
FRCC,221,23304
FRCC,222,25795
FRCC,223,28665
FRCC,224,31294
FRCC,225,33142
FRCC,226,34304
FRCC,227,35437
FRCC,228,36050
FRCC,229,36233
FRCC,230,36531
FRCC,231,36774
FRCC,232,36961
FRCC,233,36392
FRCC,234,35581
FRCC,235,35262
FRCC,236,34630
FRCC,237,32696
FRCC,238,29630
FRCC,239,26519
FRCC,240,24130
FRCC,241,24488
FRCC,242,23101
FRCC,243,22300
FRCC,244,22597
FRCC,245,23894
FRCC,246,25974
FRCC,247,28979
FRCC,248,32309
FRCC,249,35450
FRCC,250,38403
FRCC,251,40894
FRCC,252,43125
FRCC,253,44557
FRCC,254,44658
FRCC,255,43996
FRCC,256,43148
FRCC,257,42060
FRCC,258,40227
FRCC,259,38569
FRCC,260,36559
FRCC,261,33816
FRCC,262,30511
FRCC,263,27475
FRCC,264,25203
FRCC,265,23329
FRCC,266,21888
FRCC,267,21079
FRCC,268,21242
FRCC,269,22254
FRCC,270,24078
FRCC,271,26904
FRCC,272,30173
FRCC,273,33407
FRCC,274,36196
FRCC,275,38893
FRCC,276,41081
FRCC,277,42902
FRCC,278,44205
FRCC,279,44959
FRCC,280,45120
FRCC,281,44344
FRCC,282,42704
FRCC,283,40896
FRCC,284,39048
FRCC,285,36905
FRCC,286,33504
FRCC,287,30314
FRCC,288,27412
FRCC,289,25545
FRCC,290,24227
FRCC,291,23550
FRCC,292,23735
FRCC,293,24894
FRCC,294,26705
FRCC,295,29599
FRCC,296,32927
FRCC,297,36087
FRCC,298,38887
FRCC,299,41301
FRCC,300,43303
FRCC,301,44103
FRCC,302,44090
FRCC,303,43859
FRCC,304,43409
FRCC,305,42618
FRCC,306,41234
FRCC,307,39975
FRCC,308,38663
FRCC,309,36638
FRCC,310,33188
FRCC,311,29940
FRCC,312,27263
FRCC,313,26536
FRCC,314,25096
FRCC,315,24311
FRCC,316,24518
FRCC,317,25724
FRCC,318,27326
FRCC,319,30009
FRCC,320,33495
FRCC,321,36827
FRCC,322,39879
FRCC,323,42577
FRCC,324,44789
FRCC,325,46424
FRCC,326,47437
FRCC,327,47911
FRCC,328,47850
FRCC,329,46974
FRCC,330,45263
FRCC,331,43640
FRCC,332,42093
FRCC,333,39573
FRCC,334,35767
FRCC,335,32202
FRCC,336,29312
FRCC,337,25821
FRCC,338,24549
FRCC,339,23855
FRCC,340,24061
FRCC,341,25294
FRCC,342,27026
FRCC,343,29787
FRCC,344,33089
FRCC,345,36284
FRCC,346,39474
FRCC,347,42334
FRCC,348,44341
FRCC,349,45430
FRCC,350,45952
FRCC,351,46200
FRCC,352,46142
FRCC,353,45434
FRCC,354,43764
FRCC,355,42226
FRCC,356,40449
FRCC,357,37747
FRCC,358,34421
FRCC,359,31083
FRCC,360,28298
FRCC,361,24613
FRCC,362,23432
FRCC,363,22861
FRCC,364,23884
FRCC,365,25791
FRCC,366,27357
FRCC,367,29378
FRCC,368,31819
FRCC,369,34477
FRCC,370,37289
FRCC,371,40067
FRCC,372,42436
FRCC,373,44177
FRCC,374,45322
FRCC,375,45888
FRCC,376,45556
FRCC,377,44172
FRCC,378,42513
FRCC,379,41586
FRCC,380,40048
FRCC,381,36882
FRCC,382,33407
FRCC,383,30160
FRCC,384,27514
FRCC,385,23700
FRCC,386,22618
FRCC,387,22079
FRCC,388,22540
FRCC,389,24427
FRCC,390,26631
FRCC,391,28369
FRCC,392,30562
FRCC,393,33314
FRCC,394,35968
FRCC,395,38334
FRCC,396,40500
FRCC,397,42228
FRCC,398,43207
FRCC,399,43119
FRCC,400,42360
FRCC,401,41485
FRCC,402,40265
FRCC,403,39126
FRCC,404,37561
FRCC,405,34653
FRCC,406,31027
FRCC,407,27768
FRCC,408,25199
FRCC,409,23113
FRCC,410,22116
FRCC,411,21710
FRCC,412,22244
FRCC,413,24267
FRCC,414,26415
FRCC,415,28458
FRCC,416,30783
FRCC,417,33180
FRCC,418,35514
FRCC,419,37578
FRCC,420,39117
FRCC,421,39764
FRCC,422,39740
FRCC,423,39652
FRCC,424,39413
FRCC,425,38758
FRCC,426,37924
FRCC,427,37291
FRCC,428,36253
FRCC,429,33506
FRCC,430,29905
FRCC,431,26691
FRCC,432,24341
FRCC,433,22575
FRCC,434,21629
FRCC,435,21259
FRCC,436,21960
FRCC,437,24203
FRCC,438,26528
FRCC,439,28577
FRCC,440,31098
FRCC,441,33619
FRCC,442,35924
FRCC,443,38105
FRCC,444,40116
FRCC,445,41324
FRCC,446,41860
FRCC,447,41780
FRCC,448,40674
FRCC,449,39067
FRCC,450,38003
FRCC,451,37292
FRCC,452,35452
FRCC,453,32612
FRCC,454,29387
FRCC,455,26510
FRCC,456,24262
FRCC,457,21078
FRCC,458,20029
FRCC,459,19663
FRCC,460,20122
FRCC,461,22045
FRCC,462,24088
FRCC,463,26041
FRCC,464,28398
FRCC,465,30541
FRCC,466,32019
FRCC,467,33587
FRCC,468,35217
FRCC,469,36270
FRCC,470,36974
FRCC,471,37669
FRCC,472,37424
FRCC,473,36218
FRCC,474,35296
FRCC,475,34444
FRCC,476,32612
FRCC,477,30405
FRCC,478,27761
FRCC,479,25190
FRCC,480,22868
FRCC,481,17169
FRCC,482,16545
FRCC,483,16420
FRCC,484,16812
FRCC,485,18442
FRCC,486,21388
FRCC,487,23728
FRCC,488,24660
FRCC,489,25010
FRCC,490,24956
FRCC,491,24880
FRCC,492,24867
FRCC,493,24785
FRCC,494,24603
FRCC,495,24490
FRCC,496,24475
FRCC,497,25597
FRCC,498,27556
FRCC,499,27227
FRCC,500,26320
FRCC,501,24727
FRCC,502,22616
FRCC,503,20329
FRCC,504,18335
FRCC,505,17090
FRCC,506,16414
FRCC,507,16221
FRCC,508,16641
FRCC,509,18353
FRCC,510,21646
FRCC,511,23837
FRCC,512,24617
FRCC,513,25326
FRCC,514,25835
FRCC,515,26229
FRCC,516,26416
FRCC,517,26503
FRCC,518,26319
FRCC,519,26317
FRCC,520,26514
FRCC,521,27902
FRCC,522,29875
FRCC,523,29499
FRCC,524,28365
FRCC,525,26496
FRCC,526,23979
FRCC,527,21403
FRCC,528,19510
FRCC,529,17302
FRCC,530,16433
FRCC,531,16085
FRCC,532,16414
FRCC,533,17955
FRCC,534,21010
FRCC,535,23119
FRCC,536,24090
FRCC,537,25666
FRCC,538,26901
FRCC,539,27980
FRCC,540,28624
FRCC,541,28983
FRCC,542,28977
FRCC,543,28798
FRCC,544,28758
FRCC,545,29902
FRCC,546,32235
FRCC,547,31757
FRCC,548,30323
FRCC,549,28398
FRCC,550,25499
FRCC,551,22279
FRCC,552,20019
FRCC,553,20037
FRCC,554,19654
FRCC,555,19824
FRCC,556,20623
FRCC,557,22317
FRCC,558,25300
FRCC,559,28407
FRCC,560,30160
FRCC,561,30408
FRCC,562,29762
FRCC,563,28795
FRCC,564,27501
FRCC,565,26329
FRCC,566,25493
FRCC,567,25060
FRCC,568,25238
FRCC,569,27210
FRCC,570,30379
FRCC,571,30584
FRCC,572,30260
FRCC,573,29240
FRCC,574,27745
FRCC,575,25938
FRCC,576,24516
ISNE,1,13754
ISNE,2,13046
ISNE,3,12729
ISNE,4,12646
ISNE,5,12830
ISNE,6,13295
ISNE,7,15698
ISNE,8,19793
ISNE,9,20612
ISNE,10,20156
ISNE,11,19728
ISNE,12,19609
ISNE,13,19397
ISNE,14,19210
ISNE,15,19214
ISNE,16,19378
ISNE,17,20342
ISNE,18,22523
ISNE,19,24607
ISNE,20,24993
ISNE,21,24943
ISNE,22,20017
ISNE,23,18661
ISNE,24,17557
ISNE,25,12747
ISNE,26,12087
ISNE,27,11790
ISNE,28,11692
ISNE,29,11823
ISNE,30,12310
ISNE,31,14732
ISNE,32,18471
ISNE,33,18967
ISNE,34,18445
ISNE,35,18023
ISNE,36,17722
ISNE,37,17319
ISNE,38,16933
ISNE,39,16741
ISNE,40,16708
ISNE,41,17304
ISNE,42,18550
ISNE,43,20685
ISNE,44,21255
ISNE,45,21123
ISNE,46,17311
ISNE,47,15819
ISNE,48,14612
ISNE,49,15155
ISNE,50,14500
ISNE,51,14206
ISNE,52,14104
ISNE,53,14317
ISNE,54,14741
ISNE,55,16958
ISNE,56,21215
ISNE,57,21809
ISNE,58,20953
ISNE,59,20137
ISNE,60,19644
ISNE,61,19149
ISNE,62,18516
ISNE,63,18180
ISNE,64,18015
ISNE,65,18554
ISNE,66,19545
ISNE,67,21368
ISNE,68,22287
ISNE,69,22162
ISNE,70,17634
ISNE,71,16130
ISNE,72,14985
ISNE,73,12712
ISNE,74,12002
ISNE,75,11673
ISNE,76,11558
ISNE,77,11699
ISNE,78,12138
ISNE,79,14509
ISNE,80,17835
ISNE,81,18263
ISNE,82,17749
ISNE,83,17257
ISNE,84,16813
ISNE,85,16447
ISNE,86,16103
ISNE,87,16015
ISNE,88,16008
ISNE,89,16545
ISNE,90,17630
ISNE,91,19126
ISNE,92,19715
ISNE,93,19564
ISNE,94,16210
ISNE,95,14850
ISNE,96,13668
ISNE,97,12769
ISNE,98,12213
ISNE,99,11941
ISNE,100,11910
ISNE,101,12100
ISNE,102,12626
ISNE,103,15150
ISNE,104,18627
ISNE,105,19168
ISNE,106,18754
ISNE,107,18333
ISNE,108,18085
ISNE,109,17728
ISNE,110,17332
ISNE,111,17181
ISNE,112,17026
ISNE,113,17605
ISNE,114,18604
ISNE,115,20037
ISNE,116,21625
ISNE,117,21718
ISNE,118,17544
ISNE,119,16082
ISNE,120,14964
ISNE,121,10588
ISNE,122,9784
ISNE,123,9358
ISNE,124,9160
ISNE,125,9141
ISNE,126,9419
ISNE,127,11031
ISNE,128,13532
ISNE,129,14208
ISNE,130,14115
ISNE,131,14081
ISNE,132,14095
ISNE,133,14046
ISNE,134,13852
ISNE,135,13837
ISNE,136,13812
ISNE,137,14060
ISNE,138,14546
ISNE,139,15048
ISNE,140,15584
ISNE,141,16404
ISNE,142,14437
ISNE,143,13309
ISNE,144,12085
ISNE,145,11029
ISNE,146,10369
ISNE,147,10026
ISNE,148,9913
ISNE,149,9942
ISNE,150,10341
ISNE,151,12443
ISNE,152,15282
ISNE,153,15880
ISNE,154,15688
ISNE,155,15444
ISNE,156,15215
ISNE,157,14863
ISNE,158,14476
ISNE,159,14301
ISNE,160,14155
ISNE,161,14392
ISNE,162,14846
ISNE,163,15272
ISNE,164,15648
ISNE,165,16817
ISNE,166,14959
ISNE,167,13854
ISNE,168,12670
ISNE,169,10422
ISNE,170,9809
ISNE,171,9494
ISNE,172,9395
ISNE,173,9383
ISNE,174,9770
ISNE,175,11731
ISNE,176,14173
ISNE,177,14762
ISNE,178,14686
ISNE,179,14552
ISNE,180,14445
ISNE,181,14258
ISNE,182,14010
ISNE,183,13871
ISNE,184,13744
ISNE,185,13927
ISNE,186,14295
ISNE,187,14584
ISNE,188,14851
ISNE,189,15727
ISNE,190,14381
ISNE,191,13239
ISNE,192,11935
ISNE,193,10385
ISNE,194,9600
ISNE,195,9161
ISNE,196,8935
ISNE,197,8850
ISNE,198,9091
ISNE,199,10074
ISNE,200,11783
ISNE,201,12798
ISNE,202,13196
ISNE,203,13489
ISNE,204,13736
ISNE,205,13856
ISNE,206,13796
ISNE,207,13838
ISNE,208,13931
ISNE,209,14093
ISNE,210,14332
ISNE,211,14203
ISNE,212,13912
ISNE,213,13967
ISNE,214,14177
ISNE,215,13390
ISNE,216,12017
ISNE,217,10998
ISNE,218,10148
ISNE,219,9668
ISNE,220,9419
ISNE,221,9331
ISNE,222,9553
ISNE,223,10410
ISNE,224,12086
ISNE,225,13327
ISNE,226,13980
ISNE,227,14606
ISNE,228,15257
ISNE,229,15782
ISNE,230,16082
ISNE,231,16444
ISNE,232,16812
ISNE,233,17248
ISNE,234,17632
ISNE,235,17234
ISNE,236,16468
ISNE,237,16182
ISNE,238,15870
ISNE,239,14721
ISNE,240,13210
ISNE,241,11083
ISNE,242,10177
ISNE,243,9664
ISNE,244,9351
ISNE,245,9245
ISNE,246,9441
ISNE,247,10159
ISNE,248,11744
ISNE,249,12884
ISNE,250,13433
ISNE,251,13809
ISNE,252,14134
ISNE,253,14269
ISNE,254,14258
ISNE,255,14362
ISNE,256,14537
ISNE,257,14703
ISNE,258,14895
ISNE,259,14674
ISNE,260,14219
ISNE,261,13992
ISNE,262,13950
ISNE,263,13687
ISNE,264,12375
ISNE,265,12642
ISNE,266,11554
ISNE,267,10901
ISNE,268,10530
ISNE,269,10366
ISNE,270,10541
ISNE,271,11151
ISNE,272,12335
ISNE,273,13635
ISNE,274,14364
ISNE,275,14920
ISNE,276,15603
ISNE,277,16326
ISNE,278,16966
ISNE,279,17783
ISNE,280,18693
ISNE,281,19486
ISNE,282,20122
ISNE,283,19694
ISNE,284,18733
ISNE,285,17990
ISNE,286,17409
ISNE,287,16740
ISNE,288,15266
ISNE,289,13264
ISNE,290,12110
ISNE,291,11324
ISNE,292,10849
ISNE,293,10571
ISNE,294,10639
ISNE,295,11072
ISNE,296,12394
ISNE,297,13804
ISNE,298,14666
ISNE,299,15382
ISNE,300,16022
ISNE,301,16463
ISNE,302,16717
ISNE,303,17069
ISNE,304,17499
ISNE,305,17921
ISNE,306,18322
ISNE,307,17989
ISNE,308,17191
ISNE,309,16657
ISNE,310,16086
ISNE,311,15527
ISNE,312,14019
ISNE,313,12626
ISNE,314,11674
ISNE,315,11072
ISNE,316,10741
ISNE,317,10601
ISNE,318,10765
ISNE,319,11471
ISNE,320,12731
ISNE,321,13974
ISNE,322,14662
ISNE,323,15164
ISNE,324,15593
ISNE,325,15824
ISNE,326,15969
ISNE,327,16452
ISNE,328,17106
ISNE,329,17866
ISNE,330,18600
ISNE,331,18483
ISNE,332,17878
ISNE,333,17688
ISNE,334,17306
ISNE,335,16443
ISNE,336,15051
ISNE,337,12876
ISNE,338,11936
ISNE,339,11359
ISNE,340,11043
ISNE,341,10930
ISNE,342,11119
ISNE,343,11800
ISNE,344,12975
ISNE,345,14322
ISNE,346,15283
ISNE,347,16239
ISNE,348,17226
ISNE,349,17988
ISNE,350,18385
ISNE,351,18934
ISNE,352,19526
ISNE,353,20161
ISNE,354,20591
ISNE,355,20038
ISNE,356,19058
ISNE,357,18523
ISNE,358,18205
ISNE,359,17404
ISNE,360,15873
ISNE,361,11334
ISNE,362,10411
ISNE,363,9873
ISNE,364,9545
ISNE,365,9406
ISNE,366,9579
ISNE,367,10409
ISNE,368,11856
ISNE,369,12863
ISNE,370,13519
ISNE,371,14146
ISNE,372,14717
ISNE,373,15089
ISNE,374,15286
ISNE,375,15632
ISNE,376,15966
ISNE,377,16262
ISNE,378,16559
ISNE,379,16271
ISNE,380,15714
ISNE,381,15911
ISNE,382,15646
ISNE,383,14598
ISNE,384,13221
ISNE,385,12293
ISNE,386,11547
ISNE,387,11134
ISNE,388,10962
ISNE,389,10921
ISNE,390,11256
ISNE,391,12313
ISNE,392,14178
ISNE,393,15283
ISNE,394,15715
ISNE,395,16197
ISNE,396,16445
ISNE,397,16483
ISNE,398,16362
ISNE,399,16496
ISNE,400,16848
ISNE,401,17237
ISNE,402,17658
ISNE,403,17328
ISNE,404,16720
ISNE,405,16842
ISNE,406,16391
ISNE,407,15163
ISNE,408,13644
ISNE,409,10340
ISNE,410,9574
ISNE,411,9132
ISNE,412,8886
ISNE,413,8794
ISNE,414,9059
ISNE,415,10196
ISNE,416,11945
ISNE,417,12590
ISNE,418,12833
ISNE,419,13168
ISNE,420,13454
ISNE,421,13616
ISNE,422,13677
ISNE,423,13867
ISNE,424,13976
ISNE,425,14170
ISNE,426,14467
ISNE,427,14490
ISNE,428,14417
ISNE,429,15029
ISNE,430,14163
ISNE,431,12996
ISNE,432,11620
ISNE,433,10738
ISNE,434,9849
ISNE,435,9386
ISNE,436,9143
ISNE,437,9064
ISNE,438,9307
ISNE,439,10385
ISNE,440,12471
ISNE,441,13280
ISNE,442,13481
ISNE,443,13728
ISNE,444,13948
ISNE,445,14029
ISNE,446,13945
ISNE,447,13950
ISNE,448,13930
ISNE,449,13993
ISNE,450,14272
ISNE,451,14515
ISNE,452,14925
ISNE,453,15016
ISNE,454,14103
ISNE,455,13094
ISNE,456,11820
ISNE,457,10548
ISNE,458,9738
ISNE,459,9318
ISNE,460,9108
ISNE,461,9044
ISNE,462,9331
ISNE,463,10780
ISNE,464,13052
ISNE,465,13651
ISNE,466,13626
ISNE,467,13759
ISNE,468,13885
ISNE,469,13900
ISNE,470,13762
ISNE,471,13762
ISNE,472,13728
ISNE,473,13886
ISNE,474,14251
ISNE,475,14669
ISNE,476,15109
ISNE,477,14923
ISNE,478,13710
ISNE,479,12855
ISNE,480,11803
ISNE,481,12455
ISNE,482,11739
ISNE,483,11382
ISNE,484,11289
ISNE,485,11340
ISNE,486,11785
ISNE,487,14095
ISNE,488,17154
ISNE,489,17486
ISNE,490,16958
ISNE,491,16441
ISNE,492,16004
ISNE,493,15576
ISNE,494,15223
ISNE,495,15079
ISNE,496,15059
ISNE,497,15591
ISNE,498,17236
ISNE,499,18587
ISNE,500,18774
ISNE,501,18639
ISNE,502,15695
ISNE,503,14476
ISNE,504,13313
ISNE,505,13349
ISNE,506,12519
ISNE,507,12117
ISNE,508,11947
ISNE,509,12041
ISNE,510,12493
ISNE,511,14878
ISNE,512,18476
ISNE,513,18976
ISNE,514,18253
ISNE,515,17812
ISNE,516,17471
ISNE,517,17019
ISNE,518,16549
ISNE,519,16441
ISNE,520,16535
ISNE,521,17298
ISNE,522,19198
ISNE,523,20691
ISNE,524,20840
ISNE,525,20752
ISNE,526,17140
ISNE,527,15748
ISNE,528,14469
ISNE,529,13462
ISNE,530,12505
ISNE,531,11989
ISNE,532,11804
ISNE,533,11814
ISNE,534,12308
ISNE,535,14725
ISNE,536,18235
ISNE,537,18777
ISNE,538,18412
ISNE,539,18017
ISNE,540,17808
ISNE,541,17520
ISNE,542,17156
ISNE,543,17046
ISNE,544,17063
ISNE,545,17821
ISNE,546,19650
ISNE,547,20736
ISNE,548,20832
ISNE,549,20632
ISNE,550,17172
ISNE,551,15698
ISNE,552,14301
ISNE,553,13970
ISNE,554,13091
ISNE,555,12614
ISNE,556,12378
ISNE,557,12411
ISNE,558,12713
ISNE,559,14740
ISNE,560,17328
ISNE,561,17707
ISNE,562,17764
ISNE,563,17966
ISNE,564,18086
ISNE,565,17968
ISNE,566,17696
ISNE,567,17567
ISNE,568,17541
ISNE,569,18206
ISNE,570,19947
ISNE,571,21242
ISNE,572,21243
ISNE,573,20943
ISNE,574,17107
ISNE,575,15752
ISNE,576,14630
MISC,1,22122
MISC,2,21780
MISC,3,21705
MISC,4,21757
MISC,5,22054
MISC,6,23022
MISC,7,24738
MISC,8,25997
MISC,9,26280
MISC,10,25773
MISC,11,25249
MISC,12,24883
MISC,13,24410
MISC,14,23957
MISC,15,23563
MISC,16,23140
MISC,17,23299
MISC,18,24564
MISC,19,25945
MISC,20,25978
MISC,21,25661
MISC,22,25181
MISC,23,24187
MISC,24,23086
MISC,25,19539
MISC,26,19183
MISC,27,19132
MISC,28,19188
MISC,29,19615
MISC,30,20619
MISC,31,22420
MISC,32,23996
MISC,33,23897
MISC,34,23075
MISC,35,22532
MISC,36,22103
MISC,37,21496
MISC,38,20976
MISC,39,20409
MISC,40,20016
MISC,41,19905
MISC,42,20408
MISC,43,21623
MISC,44,21974
MISC,45,21706
MISC,46,21146
MISC,47,20169
MISC,48,19019
MISC,49,21301
MISC,50,20903
MISC,51,20845
MISC,52,21005
MISC,53,21425
MISC,54,22453
MISC,55,24347
MISC,56,25832
MISC,57,25767
MISC,58,25256
MISC,59,24844
MISC,60,24618
MISC,61,24162
MISC,62,23889
MISC,63,23662
MISC,64,23374
MISC,65,23413
MISC,66,23821
MISC,67,24881
MISC,68,25105
MISC,69,24768
MISC,70,24123
MISC,71,23105
MISC,72,21884
MISC,73,18657
MISC,74,18194
MISC,75,17941
MISC,76,17917
MISC,77,18149
MISC,78,18989
MISC,79,20719
MISC,80,22280
MISC,81,22264
MISC,82,21952
MISC,83,21685
MISC,84,21492
MISC,85,21168
MISC,86,20927
MISC,87,20683
MISC,88,20261
MISC,89,20193
MISC,90,20592
MISC,91,21547
MISC,92,22277
MISC,93,22179
MISC,94,21768
MISC,95,20992
MISC,96,20023
MISC,97,18971
MISC,98,18777
MISC,99,18734
MISC,100,18961
MISC,101,19465
MISC,102,20559
MISC,103,22429
MISC,104,23761
MISC,105,23640
MISC,106,23071
MISC,107,22593
MISC,108,22357
MISC,109,21964
MISC,110,21495
MISC,111,21070
MISC,112,20709
MISC,113,20655
MISC,114,20962
MISC,115,21865
MISC,116,22864
MISC,117,22904
MISC,118,22428
MISC,119,21581
MISC,120,20539
MISC,121,15721
MISC,122,15161
MISC,123,14840
MISC,124,14805
MISC,125,15248
MISC,126,16363
MISC,127,18082
MISC,128,19091
MISC,129,19217
MISC,130,19048
MISC,131,19072
MISC,132,19221
MISC,133,19404
MISC,134,19515
MISC,135,19496
MISC,136,19510
MISC,137,19537
MISC,138,19561
MISC,139,19627
MISC,140,20150
MISC,141,20314
MISC,142,19569
MISC,143,18244
MISC,144,16903
MISC,145,15493
MISC,146,14920
MISC,147,14617
MISC,148,14637
MISC,149,15071
MISC,150,16158
MISC,151,17702
MISC,152,18700
MISC,153,19165
MISC,154,19446
MISC,155,19763
MISC,156,20093
MISC,157,20282
MISC,158,20585
MISC,159,20735
MISC,160,20843
MISC,161,20936
MISC,162,20966
MISC,163,20794
MISC,164,20778
MISC,165,20952
MISC,166,20006
MISC,167,18590
MISC,168,17140
MISC,169,14434
MISC,170,14110
MISC,171,14107
MISC,172,14268
MISC,173,14919
MISC,174,16230
MISC,175,17784
MISC,176,18698
MISC,177,18894
MISC,178,18956
MISC,179,19027
MISC,180,19013
MISC,181,18927
MISC,182,18821
MISC,183,18671
MISC,184,18510
MISC,185,18465
MISC,186,18468
MISC,187,18505
MISC,188,18823
MISC,189,19236
MISC,190,18638
MISC,191,17420
MISC,192,16313
MISC,193,16452
MISC,194,15613
MISC,195,15091
MISC,196,14892
MISC,197,15276
MISC,198,16208
MISC,199,17374
MISC,200,18638
MISC,201,19396
MISC,202,19712
MISC,203,20151
MISC,204,20621
MISC,205,20888
MISC,206,21185
MISC,207,21390
MISC,208,21591
MISC,209,21743
MISC,210,21695
MISC,211,21321
MISC,212,20774
MISC,213,20563
MISC,214,19927
MISC,215,18466
MISC,216,16927
MISC,217,19380
MISC,218,18226
MISC,219,17563
MISC,220,17192
MISC,221,17374
MISC,222,18123
MISC,223,19248
MISC,224,20627
MISC,225,21713
MISC,226,22509
MISC,227,23289
MISC,228,24160
MISC,229,24884
MISC,230,25434
MISC,231,25798
MISC,232,26155
MISC,233,26471
MISC,234,26402
MISC,235,25940
MISC,236,24860
MISC,237,23878
MISC,238,22977
MISC,239,21112
MISC,240,19128
MISC,241,17006
MISC,242,16117
MISC,243,15618
MISC,244,15420
MISC,245,15631
MISC,246,16338
MISC,247,17415
MISC,248,18712
MISC,249,19862
MISC,250,20819
MISC,251,21724
MISC,252,22557
MISC,253,23476
MISC,254,24251
MISC,255,24937
MISC,256,25523
MISC,257,26009
MISC,258,26191
MISC,259,25868
MISC,260,24946
MISC,261,24062
MISC,262,23305
MISC,263,21639
MISC,264,19836
MISC,265,23933
MISC,266,22415
MISC,267,21366
MISC,268,20738
MISC,269,20538
MISC,270,20942
MISC,271,21984
MISC,272,23652
MISC,273,25520
MISC,274,27190
MISC,275,28685
MISC,276,29978
MISC,277,30677
MISC,278,30657
MISC,279,30748
MISC,280,30348
MISC,281,30337
MISC,282,30079
MISC,283,29453
MISC,284,28117
MISC,285,26914
MISC,286,25835
MISC,287,24085
MISC,288,22293
MISC,289,19497
MISC,290,18498
MISC,291,17853
MISC,292,17586
MISC,293,17702
MISC,294,18391
MISC,295,19445
MISC,296,20986
MISC,297,22506
MISC,298,23837
MISC,299,25203
MISC,300,26410
MISC,301,27375
MISC,302,28208
MISC,303,28743
MISC,304,29098
MISC,305,29282
MISC,306,29208
MISC,307,28580
MISC,308,27461
MISC,309,26427
MISC,310,25505
MISC,311,23771
MISC,312,21755
MISC,313,25027
MISC,314,23621
MISC,315,22631
MISC,316,22003
MISC,317,21860
MISC,318,22349
MISC,319,23201
MISC,320,24469
MISC,321,25661
MISC,322,26862
MISC,323,27908
MISC,324,28881
MISC,325,29624
MISC,326,30320
MISC,327,30686
MISC,328,30906
MISC,329,30920
MISC,330,30768
MISC,331,30014
MISC,332,28747
MISC,333,27660
MISC,334,26561
MISC,335,24768
MISC,336,22860
MISC,337,21119
MISC,338,19773
MISC,339,18885
MISC,340,18390
MISC,341,18393
MISC,342,19065
MISC,343,20073
MISC,344,21402
MISC,345,22767
MISC,346,24255
MISC,347,25726
MISC,348,27363
MISC,349,28794
MISC,350,29952
MISC,351,30764
MISC,352,31389
MISC,353,31678
MISC,354,31500
MISC,355,30883
MISC,356,29706
MISC,357,28746
MISC,358,27477
MISC,359,25536
MISC,360,23488
MISC,361,18830
MISC,362,17754
MISC,363,17086
MISC,364,16758
MISC,365,16903
MISC,366,17894
MISC,367,19206
MISC,368,20212
MISC,369,21153
MISC,370,22341
MISC,371,23670
MISC,372,25048
MISC,373,26300
MISC,374,27450
MISC,375,28388
MISC,376,29149
MISC,377,29723
MISC,378,29759
MISC,379,29055
MISC,380,27901
MISC,381,27131
MISC,382,25553
MISC,383,23423
MISC,384,21345
MISC,385,20113
MISC,386,18899
MISC,387,18159
MISC,388,17767
MISC,389,17974
MISC,390,18866
MISC,391,20483
MISC,392,21633
MISC,393,22491
MISC,394,23227
MISC,395,24038
MISC,396,24949
MISC,397,25673
MISC,398,26179
MISC,399,26496
MISC,400,26853
MISC,401,27323
MISC,402,27387
MISC,403,26933
MISC,404,26276
MISC,405,25749
MISC,406,24286
MISC,407,22344
MISC,408,20399
MISC,409,15919
MISC,410,15359
MISC,411,14979
MISC,412,14842
MISC,413,15201
MISC,414,16179
MISC,415,17681
MISC,416,18487
MISC,417,19022
MISC,418,19525
MISC,419,20143
MISC,420,20907
MISC,421,21596
MISC,422,22169
MISC,423,22715
MISC,424,23275
MISC,425,23656
MISC,426,23650
MISC,427,23205
MISC,428,22766
MISC,429,22479
MISC,430,21151
MISC,431,19416
MISC,432,17764
MISC,433,15369
MISC,434,14842
MISC,435,14572
MISC,436,14553
MISC,437,14911
MISC,438,16019
MISC,439,17683
MISC,440,18590
MISC,441,18831
MISC,442,19010
MISC,443,19313
MISC,444,19592
MISC,445,19921
MISC,446,20043
MISC,447,20117
MISC,448,20088
MISC,449,19990
MISC,450,19812
MISC,451,19883
MISC,452,20251
MISC,453,19826
MISC,454,18880
MISC,455,17549
MISC,456,16266
MISC,457,15766
MISC,458,15432
MISC,459,15215
MISC,460,15336
MISC,461,15799
MISC,462,16863
MISC,463,18492
MISC,464,19572
MISC,465,19730
MISC,466,19487
MISC,467,19376
MISC,468,19232
MISC,469,19001
MISC,470,18750
MISC,471,18604
MISC,472,18474
MISC,473,18557
MISC,474,18579
MISC,475,19023
MISC,476,19156
MISC,477,18852
MISC,478,18217
MISC,479,17359
MISC,480,16406
MISC,481,16995
MISC,482,16528
MISC,483,16311
MISC,484,16255
MISC,485,16569
MISC,486,17441
MISC,487,19154
MISC,488,20631
MISC,489,20513
MISC,490,20129
MISC,491,19873
MISC,492,19717
MISC,493,19419
MISC,494,19178
MISC,495,18961
MISC,496,18764
MISC,497,18892
MISC,498,19670
MISC,499,20489
MISC,500,20521
MISC,501,20186
MISC,502,19617
MISC,503,18852
MISC,504,17792
MISC,505,20397
MISC,506,20020
MISC,507,19772
MISC,508,19751
MISC,509,20119
MISC,510,21037
MISC,511,22748
MISC,512,24174
MISC,513,23714
MISC,514,22887
MISC,515,22249
MISC,516,21704
MISC,517,21157
MISC,518,20731
MISC,519,20282
MISC,520,20063
MISC,521,20292
MISC,522,21661
MISC,523,23062
MISC,524,23201
MISC,525,23162
MISC,526,22759
MISC,527,21945
MISC,528,20796
MISC,529,17243
MISC,530,16849
MISC,531,16632
MISC,532,16675
MISC,533,17018
MISC,534,17953
MISC,535,19761
MISC,536,21334
MISC,537,21638
MISC,538,21499
MISC,539,21507
MISC,540,21465
MISC,541,21316
MISC,542,21125
MISC,543,20843
MISC,544,20720
MISC,545,20961
MISC,546,22157
MISC,547,23034
MISC,548,22927
MISC,549,22599
MISC,550,22124
MISC,551,21141
MISC,552,19965
MISC,553,20690
MISC,554,20194
MISC,555,19957
MISC,556,19920
MISC,557,20122
MISC,558,20794
MISC,559,21992
MISC,560,22977
MISC,561,23348
MISC,562,23341
MISC,563,23486
MISC,564,23289
MISC,565,22874
MISC,566,22416
MISC,567,22120
MISC,568,22080
MISC,569,22384
MISC,570,23533
MISC,571,24396
MISC,572,24105
MISC,573,23843
MISC,574,23273
MISC,575,22444
MISC,576,21386
MISE,1,10161
MISE,2,9865
MISE,3,9726
MISE,4,9675
MISE,5,9787
MISE,6,10328
MISE,7,11404
MISE,8,12412
MISE,9,12657
MISE,10,12766
MISE,11,12874
MISE,12,12852
MISE,13,12840
MISE,14,12778
MISE,15,12671
MISE,16,12500
MISE,17,12612
MISE,18,13398
MISE,19,13765
MISE,20,13573
MISE,21,13267
MISE,22,12755
MISE,23,11996
MISE,24,11249
MISE,25,9771
MISE,26,9593
MISE,27,9558
MISE,28,9585
MISE,29,9744
MISE,30,10298
MISE,31,11422
MISE,32,12437
MISE,33,12582
MISE,34,12674
MISE,35,12762
MISE,36,12662
MISE,37,12597
MISE,38,12477
MISE,39,12309
MISE,40,12121
MISE,41,12069
MISE,42,12340
MISE,43,12984
MISE,44,12878
MISE,45,12558
MISE,46,12038
MISE,47,11317
MISE,48,10541
MISE,49,9813
MISE,50,9639
MISE,51,9536
MISE,52,9540
MISE,53,9704
MISE,54,10286
MISE,55,11362
MISE,56,12287
MISE,57,12432
MISE,58,12552
MISE,59,12585
MISE,60,12491
MISE,61,12405
MISE,62,12324
MISE,63,12210
MISE,64,12095
MISE,65,12138
MISE,66,12388
MISE,67,12897
MISE,68,12872
MISE,69,12630
MISE,70,12104
MISE,71,11435
MISE,72,10672
MISE,73,9803
MISE,74,9515
MISE,75,9318
MISE,76,9232
MISE,77,9332
MISE,78,9780
MISE,79,10758
MISE,80,11650
MISE,81,11858
MISE,82,11978
MISE,83,12055
MISE,84,12030
MISE,85,11959
MISE,86,11888
MISE,87,11793
MISE,88,11682
MISE,89,11687
MISE,90,11834
MISE,91,12290
MISE,92,12427
MISE,93,12194
MISE,94,11737
MISE,95,11065
MISE,96,10371
MISE,97,9515
MISE,98,9344
MISE,99,9271
MISE,100,9275
MISE,101,9451
MISE,102,10004
MISE,103,11115
MISE,104,11882
MISE,105,12123
MISE,106,12279
MISE,107,12353
MISE,108,12301
MISE,109,12223
MISE,110,12161
MISE,111,12034
MISE,112,11847
MISE,113,11867
MISE,114,12028
MISE,115,12330
MISE,116,12724
MISE,117,12515
MISE,118,12059
MISE,119,11356
MISE,120,10602
MISE,121,8647
MISE,122,8454
MISE,123,8402
MISE,124,8536
MISE,125,8959
MISE,126,9965
MISE,127,10961
MISE,128,11023
MISE,129,11067
MISE,130,11213
MISE,131,11256
MISE,132,11191
MISE,133,11228
MISE,134,11226
MISE,135,11121
MISE,136,11007
MISE,137,10926
MISE,138,10806
MISE,139,10827
MISE,140,11336
MISE,141,11059
MISE,142,10431
MISE,143,9639
MISE,144,9004
MISE,145,8309
MISE,146,8212
MISE,147,8243
MISE,148,8391
MISE,149,8861
MISE,150,9770
MISE,151,10513
MISE,152,10755
MISE,153,11000
MISE,154,11160
MISE,155,11171
MISE,156,11096
MISE,157,11054
MISE,158,10974
MISE,159,10799
MISE,160,10666
MISE,161,10559
MISE,162,10476
MISE,163,10459
MISE,164,10896
MISE,165,10874
MISE,166,10311
MISE,167,9572
MISE,168,9042
MISE,169,7829
MISE,170,7781
MISE,171,7851
MISE,172,8027
MISE,173,8528
MISE,174,9518
MISE,175,10194
MISE,176,10546
MISE,177,10816
MISE,178,10992
MISE,179,11088
MISE,180,11111
MISE,181,11106
MISE,182,11056
MISE,183,10887
MISE,184,10754
MISE,185,10638
MISE,186,10575
MISE,187,10525
MISE,188,10846
MISE,189,10909
MISE,190,10300
MISE,191,9581
MISE,192,9039
MISE,193,9059
MISE,194,8784
MISE,195,8573
MISE,196,8647
MISE,197,9020
MISE,198,9755
MISE,199,10393
MISE,200,10832
MISE,201,11101
MISE,202,11373
MISE,203,11544
MISE,204,11599
MISE,205,11687
MISE,206,11685
MISE,207,11608
MISE,208,11520
MISE,209,11402
MISE,210,11227
MISE,211,10988
MISE,212,10859
MISE,213,11110
MISE,214,10664
MISE,215,9827
MISE,216,9141
MISE,217,10181
MISE,218,9795
MISE,219,9621
MISE,220,9574
MISE,221,9913
MISE,222,10571
MISE,223,11580
MISE,224,12251
MISE,225,12751
MISE,226,13216
MISE,227,13459
MISE,228,13673
MISE,229,13911
MISE,230,14075
MISE,231,14093
MISE,232,14139
MISE,233,13953
MISE,234,13565
MISE,235,13106
MISE,236,12529
MISE,237,12339
MISE,238,11770
MISE,239,10713
MISE,240,9906
MISE,241,9137
MISE,242,8867
MISE,243,8707
MISE,244,8749
MISE,245,9043
MISE,246,9466
MISE,247,10213
MISE,248,10931
MISE,249,11448
MISE,250,11928
MISE,251,12262
MISE,252,12504
MISE,253,12762
MISE,254,12935
MISE,255,13013
MISE,256,13080
MISE,257,13045
MISE,258,12911
MISE,259,12587
MISE,260,12195
MISE,261,12134
MISE,262,11780
MISE,263,10846
MISE,264,10056
MISE,265,13148
MISE,266,12401
MISE,267,11864
MISE,268,11579
MISE,269,11652
MISE,270,11973
MISE,271,12810
MISE,272,13817
MISE,273,14781
MISE,274,15655
MISE,275,16322
MISE,276,16803
MISE,277,17202
MISE,278,17435
MISE,279,17400
MISE,280,17129
MISE,281,16828
MISE,282,16406
MISE,283,15745
MISE,284,14907
MISE,285,14292
MISE,286,13612
MISE,287,12453
MISE,288,11407
MISE,289,10368
MISE,290,10004
MISE,291,9777
MISE,292,9755
MISE,293,10087
MISE,294,10616
MISE,295,11431
MISE,296,12417
MISE,297,13327
MISE,298,14104
MISE,299,14752
MISE,300,15312
MISE,301,15786
MISE,302,16084
MISE,303,16194
MISE,304,16242
MISE,305,16255
MISE,306,16056
MISE,307,15468
MISE,308,14727
MISE,309,14267
MISE,310,13715
MISE,311,12570
MISE,312,11572
MISE,313,13346
MISE,314,12659
MISE,315,12060
MISE,316,11846
MISE,317,12031
MISE,318,12684
MISE,319,13196
MISE,320,13738
MISE,321,14413
MISE,322,15093
MISE,323,15594
MISE,324,16027
MISE,325,16493
MISE,326,16661
MISE,327,16682
MISE,328,16763
MISE,329,16670
MISE,330,16557
MISE,331,16026
MISE,332,15328
MISE,333,14999
MISE,334,14286
MISE,335,13126
MISE,336,12126
MISE,337,11194
MISE,338,10703
MISE,339,10404
MISE,340,10357
MISE,341,10628
MISE,342,11326
MISE,343,11964
MISE,344,12666
MISE,345,13461
MISE,346,14265
MISE,347,14948
MISE,348,15538
MISE,349,16159
MISE,350,16717
MISE,351,17027
MISE,352,17217
MISE,353,17252
MISE,354,17129
MISE,355,16676
MISE,356,16034
MISE,357,15769
MISE,358,14916
MISE,359,13698
MISE,360,12613
MISE,361,10183
MISE,362,9785
MISE,363,9603
MISE,364,9570
MISE,365,9894
MISE,366,10677
MISE,367,11255
MISE,368,11891
MISE,369,12658
MISE,370,13418
MISE,371,14057
MISE,372,14593
MISE,373,15189
MISE,374,15629
MISE,375,15957
MISE,376,16139
MISE,377,16182
MISE,378,15992
MISE,379,15318
MISE,380,14944
MISE,381,14588
MISE,382,13544
MISE,383,12428
MISE,384,11464
MISE,385,10572
MISE,386,10164
MISE,387,9894
MISE,388,9892
MISE,389,10302
MISE,390,11299
MISE,391,12004
MISE,392,12464
MISE,393,13034
MISE,394,13637
MISE,395,14167
MISE,396,14686
MISE,397,15041
MISE,398,15301
MISE,399,15433
MISE,400,15436
MISE,401,15333
MISE,402,15053
MISE,403,14584
MISE,404,14530
MISE,405,14076
MISE,406,12968
MISE,407,11833
MISE,408,10958
MISE,409,9009
MISE,410,8756
MISE,411,8583
MISE,412,8631
MISE,413,9017
MISE,414,9976
MISE,415,10650
MISE,416,10967
MISE,417,11446
MISE,418,11910
MISE,419,12251
MISE,420,12502
MISE,421,12769
MISE,422,12960
MISE,423,13083
MISE,424,13178
MISE,425,13144
MISE,426,12896
MISE,427,12630
MISE,428,12804
MISE,429,12440
MISE,430,11587
MISE,431,10643
MISE,432,9893
MISE,433,8894
MISE,434,8646
MISE,435,8533
MISE,436,8584
MISE,437,8940
MISE,438,9902
MISE,439,10791
MISE,440,10965
MISE,441,11220
MISE,442,11505
MISE,443,11707
MISE,444,11820
MISE,445,11933
MISE,446,11953
MISE,447,11768
MISE,448,11614
MISE,449,11458
MISE,450,11344
MISE,451,11689
MISE,452,11739
MISE,453,11255
MISE,454,10574
MISE,455,9755
MISE,456,9154
MISE,457,8805
MISE,458,8630
MISE,459,8521
MISE,460,8583
MISE,461,8991
MISE,462,9869
MISE,463,10844
MISE,464,11133
MISE,465,11294
MISE,466,11382
MISE,467,11395
MISE,468,11306
MISE,469,11254
MISE,470,11135
MISE,471,10939
MISE,472,10826
MISE,473,10830
MISE,474,10977
MISE,475,11259
MISE,476,11084
MISE,477,10720
MISE,478,10149
MISE,479,9463
MISE,480,8863
MISE,481,9193
MISE,482,8875
MISE,483,8690
MISE,484,8601
MISE,485,8716
MISE,486,9192
MISE,487,10175
MISE,488,11054
MISE,489,11279
MISE,490,11394
MISE,491,11453
MISE,492,11393
MISE,493,11298
MISE,494,11283
MISE,495,11195
MISE,496,11095
MISE,497,11242
MISE,498,11827
MISE,499,12015
MISE,500,11813
MISE,501,11579
MISE,502,11162
MISE,503,10526
MISE,504,9827
MISE,505,10196
MISE,506,9857
MISE,507,9653
MISE,508,9583
MISE,509,9695
MISE,510,10188
MISE,511,11191
MISE,512,12097
MISE,513,12183
MISE,514,12172
MISE,515,12177
MISE,516,12111
MISE,517,12018
MISE,518,12001
MISE,519,11895
MISE,520,11777
MISE,521,11909
MISE,522,12794
MISE,523,13145
MISE,524,12987
MISE,525,12764
MISE,526,12295
MISE,527,11523
MISE,528,10707
MISE,529,9096
MISE,530,8776
MISE,531,8629
MISE,532,8603
MISE,533,8788
MISE,534,9325
MISE,535,10402
MISE,536,11484
MISE,537,11891
MISE,538,11922
MISE,539,11998
MISE,540,12001
MISE,541,11987
MISE,542,11965
MISE,543,11927
MISE,544,11862
MISE,545,12036
MISE,546,12901
MISE,547,13151
MISE,548,12962
MISE,549,12705
MISE,550,12227
MISE,551,11494
MISE,552,10556
MISE,553,9558
MISE,554,9171
MISE,555,8964
MISE,556,8862
MISE,557,8909
MISE,558,9221
MISE,559,9886
MISE,560,10686
MISE,561,11063
MISE,562,11292
MISE,563,11503
MISE,564,11521
MISE,565,11464
MISE,566,11374
MISE,567,11282
MISE,568,11211
MISE,569,11330
MISE,570,12254
MISE,571,12672
MISE,572,12447
MISE,573,12200
MISE,574,11711
MISE,575,11112
MISE,576,10357
MISS,1,19460
MISS,2,19252
MISS,3,19304
MISS,4,19548
MISS,5,20042
MISS,6,20992
MISS,7,22639
MISS,8,24366
MISS,9,24732
MISS,10,24030
MISS,11,22898
MISS,12,21963
MISS,13,20965
MISS,14,20074
MISS,15,19247
MISS,16,18728
MISS,17,18788
MISS,18,19549
MISS,19,21167
MISS,20,22569
MISS,21,22888
MISS,22,22796
MISS,23,22221
MISS,24,21314
MISS,25,17181
MISS,26,16876
MISS,27,16915
MISS,28,17114
MISS,29,17493
MISS,30,18352
MISS,31,19970
MISS,32,21897
MISS,33,21977
MISS,34,20933
MISS,35,19882
MISS,36,18877
MISS,37,18057
MISS,38,17364
MISS,39,16900
MISS,40,16536
MISS,41,16474
MISS,42,16957
MISS,43,17889
MISS,44,18992
MISS,45,19018
MISS,46,18658
MISS,47,17821
MISS,48,16613
MISS,49,20306
MISS,50,19809
MISS,51,19627
MISS,52,19532
MISS,53,19777
MISS,54,20529
MISS,55,21967
MISS,56,23697
MISS,57,23766
MISS,58,23206
MISS,59,22825
MISS,60,22330
MISS,61,21753
MISS,62,21220
MISS,63,20747
MISS,64,20397
MISS,65,20380
MISS,66,20758
MISS,67,21406
MISS,68,21915
MISS,69,21660
MISS,70,21033
MISS,71,20022
MISS,72,18791
MISS,73,15493
MISS,74,14810
MISS,75,14435
MISS,76,14305
MISS,77,14388
MISS,78,14888
MISS,79,16074
MISS,80,17686
MISS,81,17940
MISS,82,17702
MISS,83,17587
MISS,84,17472
MISS,85,17274
MISS,86,16977
MISS,87,16872
MISS,88,16708
MISS,89,16683
MISS,90,16945
MISS,91,17636
MISS,92,18530
MISS,93,18673
MISS,94,18355
MISS,95,17712
MISS,96,16666
MISS,97,14877
MISS,98,14394
MISS,99,14231
MISS,100,14250
MISS,101,14530
MISS,102,15341
MISS,103,16967
MISS,104,18713
MISS,105,18755
MISS,106,17998
MISS,107,17411
MISS,108,17075
MISS,109,16776
MISS,110,16677
MISS,111,16671
MISS,112,16764
MISS,113,16899
MISS,114,17132
MISS,115,17478
MISS,116,18087
MISS,117,18449
MISS,118,18003
MISS,119,17138
MISS,120,15946
MISS,121,15120
MISS,122,14340
MISS,123,13911
MISS,124,13649
MISS,125,13731
MISS,126,14312
MISS,127,15523
MISS,128,16398
MISS,129,16480
MISS,130,16790
MISS,131,17210
MISS,132,17637
MISS,133,18127
MISS,134,18665
MISS,135,19144
MISS,136,19568
MISS,137,19884
MISS,138,19901
MISS,139,19638
MISS,140,19648
MISS,141,19840
MISS,142,19216
MISS,143,17993
MISS,144,16490
MISS,145,15830
MISS,146,15082
MISS,147,14577
MISS,148,14338
MISS,149,14443
MISS,150,15065
MISS,151,16417
MISS,152,17099
MISS,153,17519
MISS,154,18199
MISS,155,18887
MISS,156,19537
MISS,157,20186
MISS,158,20693
MISS,159,20840
MISS,160,20684
MISS,161,20532
MISS,162,20176
MISS,163,19847
MISS,164,19670
MISS,165,19759
MISS,166,19125
MISS,167,17781
MISS,168,16381
MISS,169,14222
MISS,170,13661
MISS,171,13318
MISS,172,13206
MISS,173,13363
MISS,174,13988
MISS,175,15203
MISS,176,15852
MISS,177,16260
MISS,178,16902
MISS,179,17405
MISS,180,18014
MISS,181,18563
MISS,182,19190
MISS,183,19765
MISS,184,20219
MISS,185,20583
MISS,186,20528
MISS,187,20242
MISS,188,20001
MISS,189,20272
MISS,190,19513
MISS,191,18025
MISS,192,16380
MISS,193,15924
MISS,194,15084
MISS,195,14569
MISS,196,14285
MISS,197,14282
MISS,198,14856
MISS,199,15872
MISS,200,16683
MISS,201,17297
MISS,202,18118
MISS,203,19141
MISS,204,20166
MISS,205,21110
MISS,206,22092
MISS,207,22825
MISS,208,23312
MISS,209,23698
MISS,210,23650
MISS,211,23210
MISS,212,22382
MISS,213,21861
MISS,214,21159
MISS,215,19616
MISS,216,17686
MISS,217,19149
MISS,218,18052
MISS,219,17338
MISS,220,16844
MISS,221,16611
MISS,222,17014
MISS,223,17691
MISS,224,18729
MISS,225,20072
MISS,226,21545
MISS,227,23116
MISS,228,24725
MISS,229,26233
MISS,230,27527
MISS,231,28421
MISS,232,29016
MISS,233,29280
MISS,234,29100
MISS,235,28555
MISS,236,27527
MISS,237,26601
MISS,238,25593
MISS,239,23703
MISS,240,21654
MISS,241,18739
MISS,242,17748
MISS,243,17004
MISS,244,16567
MISS,245,16403
MISS,246,16734
MISS,247,17323
MISS,248,18269
MISS,249,19322
MISS,250,20546
MISS,251,21919
MISS,252,23450
MISS,253,24620
MISS,254,25662
MISS,255,26366
MISS,256,26527
MISS,257,26588
MISS,258,26173
MISS,259,25572
MISS,260,24632
MISS,261,23846
MISS,262,23408
MISS,263,21958
MISS,264,20226
MISS,265,22512
MISS,266,21196
MISS,267,20242
MISS,268,19612
MISS,269,19240
MISS,270,19336
MISS,271,19687
MISS,272,20762
MISS,273,22259
MISS,274,23991
MISS,275,25852
MISS,276,27651
MISS,277,29074
MISS,278,30114
MISS,279,30753
MISS,280,31176
MISS,281,31366
MISS,282,31022
MISS,283,30381
MISS,284,29304
MISS,285,28253
MISS,286,27535
MISS,287,25987
MISS,288,24148
MISS,289,19063
MISS,290,18209
MISS,291,17678
MISS,292,17342
MISS,293,17327
MISS,294,17793
MISS,295,18538
MISS,296,19330
MISS,297,20350
MISS,298,21535
MISS,299,22804
MISS,300,23943
MISS,301,24752
MISS,302,25362
MISS,303,25743
MISS,304,25915
MISS,305,25945
MISS,306,25770
MISS,307,25338
MISS,308,24461
MISS,309,23977
MISS,310,23531
MISS,311,22276
MISS,312,20714
MISS,313,22125
MISS,314,21015
MISS,315,20225
MISS,316,19681
MISS,317,19419
MISS,318,19679
MISS,319,20191
MISS,320,21033
MISS,321,22367
MISS,322,23872
MISS,323,25526
MISS,324,26960
MISS,325,28124
MISS,326,29073
MISS,327,29550
MISS,328,29599
MISS,329,29520
MISS,330,29252
MISS,331,28647
MISS,332,27659
MISS,333,26911
MISS,334,26137
MISS,335,24531
MISS,336,22685
MISS,337,23116
MISS,338,21829
MISS,339,20954
MISS,340,20344
MISS,341,20075
MISS,342,20284
MISS,343,20904
MISS,344,21509
MISS,345,22422
MISS,346,23661
MISS,347,25145
MISS,348,26608
MISS,349,27893
MISS,350,29193
MISS,351,30168
MISS,352,30828
MISS,353,31094
MISS,354,30933
MISS,355,30392
MISS,356,29423
MISS,357,28675
MISS,358,27785
MISS,359,26105
MISS,360,24256
MISS,361,16020
MISS,362,15196
MISS,363,14631
MISS,364,14288
MISS,365,14234
MISS,366,14583
MISS,367,15445
MISS,368,15827
MISS,369,16266
MISS,370,17129
MISS,371,18256
MISS,372,19208
MISS,373,19989
MISS,374,20665
MISS,375,20979
MISS,376,21109
MISS,377,21171
MISS,378,21193
MISS,379,21103
MISS,380,20886
MISS,381,20980
MISS,382,20307
MISS,383,19091
MISS,384,17874
MISS,385,20803
MISS,386,19676
MISS,387,18927
MISS,388,18355
MISS,389,18180
MISS,390,18558
MISS,391,19712
MISS,392,20195
MISS,393,20802
MISS,394,21942
MISS,395,23493
MISS,396,25180
MISS,397,26727
MISS,398,28394
MISS,399,29587
MISS,400,30250
MISS,401,30587
MISS,402,30418
MISS,403,29748
MISS,404,28687
MISS,405,28074
MISS,406,26534
MISS,407,24487
MISS,408,22390
MISS,409,16577
MISS,410,15751
MISS,411,15160
MISS,412,14845
MISS,413,14841
MISS,414,15339
MISS,415,16640
MISS,416,17160
MISS,417,17621
MISS,418,18481
MISS,419,19737
MISS,420,20908
MISS,421,22149
MISS,422,23273
MISS,423,24365
MISS,424,25063
MISS,425,25567
MISS,426,25440
MISS,427,24794
MISS,428,24063
MISS,429,23753
MISS,430,22550
MISS,431,20714
MISS,432,18933
MISS,433,15481
MISS,434,14753
MISS,435,14307
MISS,436,14081
MISS,437,14081
MISS,438,14759
MISS,439,16290
MISS,440,16926
MISS,441,17181
MISS,442,17748
MISS,443,18653
MISS,444,19560
MISS,445,20457
MISS,446,21400
MISS,447,22146
MISS,448,22639
MISS,449,22994
MISS,450,22741
MISS,451,22127
MISS,452,22072
MISS,453,21541
MISS,454,20500
MISS,455,18991
MISS,456,17312
MISS,457,14409
MISS,458,13782
MISS,459,13447
MISS,460,13270
MISS,461,13394
MISS,462,14062
MISS,463,15620
MISS,464,16375
MISS,465,16369
MISS,466,16631
MISS,467,16809
MISS,468,17027
MISS,469,17245
MISS,470,17538
MISS,471,17733
MISS,472,17918
MISS,473,18056
MISS,474,17939
MISS,475,17667
MISS,476,17850
MISS,477,17380
MISS,478,16715
MISS,479,15967
MISS,480,15018
MISS,481,15246
MISS,482,14657
MISS,483,14364
MISS,484,14329
MISS,485,14457
MISS,486,15045
MISS,487,16127
MISS,488,17328
MISS,489,17646
MISS,490,17535
MISS,491,17283
MISS,492,17141
MISS,493,17034
MISS,494,16998
MISS,495,17050
MISS,496,17071
MISS,497,17086
MISS,498,17225
MISS,499,17807
MISS,500,18215
MISS,501,17931
MISS,502,17563
MISS,503,16936
MISS,504,16049
MISS,505,17358
MISS,506,16906
MISS,507,16772
MISS,508,16850
MISS,509,17103
MISS,510,17858
MISS,511,19271
MISS,512,20956
MISS,513,20939
MISS,514,20194
MISS,515,19370
MISS,516,18725
MISS,517,17956
MISS,518,17486
MISS,519,17173
MISS,520,16895
MISS,521,17045
MISS,522,17781
MISS,523,19171
MISS,524,20150
MISS,525,20291
MISS,526,20236
MISS,527,19609
MISS,528,18738
MISS,529,15030
MISS,530,14263
MISS,531,13948
MISS,532,13800
MISS,533,13869
MISS,534,14305
MISS,535,15536
MISS,536,17153
MISS,537,17601
MISS,538,17492
MISS,539,17432
MISS,540,17457
MISS,541,17362
MISS,542,17168
MISS,543,17120
MISS,544,17061
MISS,545,17089
MISS,546,17522
MISS,547,18535
MISS,548,19482
MISS,549,19357
MISS,550,19242
MISS,551,18632
MISS,552,17534
MISS,553,21129
MISS,554,20682
MISS,555,20357
MISS,556,20386
MISS,557,20585
MISS,558,21090
MISS,559,21954
MISS,560,23132
MISS,561,23531
MISS,562,23582
MISS,563,23372
MISS,564,22850
MISS,565,21870
MISS,566,20958
MISS,567,20160
MISS,568,19627
MISS,569,19675
MISS,570,20308
MISS,571,21609
MISS,572,22282
MISS,573,22124
MISS,574,21718
MISS,575,20855
MISS,576,19824
MISW,1,23551
MISW,2,22866
MISW,3,22469
MISW,4,22393
MISW,5,22670
MISW,6,23533
MISW,7,25451
MISW,8,27978
MISW,9,29079
MISW,10,28809
MISW,11,28649
MISW,12,28328
MISW,13,28049
MISW,14,27832
MISW,15,27566
MISW,16,27117
MISW,17,27181
MISW,18,28376
MISW,19,29931
MISW,20,29617
MISW,21,28798
MISW,22,27929
MISW,23,26320
MISW,24,24687
MISW,25,22823
MISW,26,22216
MISW,27,21845
MISW,28,21795
MISW,29,21987
MISW,30,22780
MISW,31,24667
MISW,32,27197
MISW,33,28105
MISW,34,27806
MISW,35,27598
MISW,36,27241
MISW,37,26824
MISW,38,26452
MISW,39,26205
MISW,40,25841
MISW,41,25786
MISW,42,26326
MISW,43,27937
MISW,44,28094
MISW,45,27366
MISW,46,26510
MISW,47,24940
MISW,48,23270
MISW,49,22880
MISW,50,22310
MISW,51,21968
MISW,52,21974
MISW,53,22224
MISW,54,23117
MISW,55,25080
MISW,56,27672
MISW,57,28600
MISW,58,28515
MISW,59,28298
MISW,60,28044
MISW,61,27750
MISW,62,27627
MISW,63,27389
MISW,64,27175
MISW,65,27222
MISW,66,27736
MISW,67,28889
MISW,68,29158
MISW,69,28544
MISW,70,27549
MISW,71,26049
MISW,72,24373
MISW,73,22350
MISW,74,21599
MISW,75,21115
MISW,76,20926
MISW,77,21113
MISW,78,21804
MISW,79,23734
MISW,80,26064
MISW,81,26839
MISW,82,26758
MISW,83,26606
MISW,84,26442
MISW,85,26105
MISW,86,25990
MISW,87,25724
MISW,88,25452
MISW,89,25395
MISW,90,25715
MISW,91,26827
MISW,92,27585
MISW,93,27158
MISW,94,26427
MISW,95,25057
MISW,96,23584
MISW,97,21946
MISW,98,21437
MISW,99,21239
MISW,100,21301
MISW,101,21610
MISW,102,22476
MISW,103,24525
MISW,104,26827
MISW,105,27576
MISW,106,27486
MISW,107,27219
MISW,108,26966
MISW,109,26570
MISW,110,26291
MISW,111,26008
MISW,112,25627
MISW,113,25524
MISW,114,25835
MISW,115,26620
MISW,116,27714
MISW,117,27547
MISW,118,26700
MISW,119,25232
MISW,120,23520
MISW,121,18982
MISW,122,18357
MISW,123,18074
MISW,124,18198
MISW,125,18882
MISW,126,20670
MISW,127,23105
MISW,128,23875
MISW,129,23797
MISW,130,23898
MISW,131,24205
MISW,132,24158
MISW,133,24178
MISW,134,24264
MISW,135,24158
MISW,136,23996
MISW,137,23888
MISW,138,23769
MISW,139,23827
MISW,140,24614
MISW,141,24431
MISW,142,23102
MISW,143,21276
MISW,144,19914
MISW,145,18119
MISW,146,17728
MISW,147,17550
MISW,148,17719
MISW,149,18462
MISW,150,20100
MISW,151,22292
MISW,152,23256
MISW,153,23624
MISW,154,23997
MISW,155,24313
MISW,156,24335
MISW,157,24415
MISW,158,24608
MISW,159,24541
MISW,160,24481
MISW,161,24490
MISW,162,24479
MISW,163,24407
MISW,164,24746
MISW,165,24631
MISW,166,23355
MISW,167,21564
MISW,168,20139
MISW,169,17322
MISW,170,17061
MISW,171,17100
MISW,172,17423
MISW,173,18239
MISW,174,20033
MISW,175,22066
MISW,176,23089
MISW,177,23635
MISW,178,23954
MISW,179,24223
MISW,180,24287
MISW,181,24181
MISW,182,24143
MISW,183,23831
MISW,184,23557
MISW,185,23407
MISW,186,23393
MISW,187,23511
MISW,188,23661
MISW,189,24023
MISW,190,22953
MISW,191,21365
MISW,192,20094
MISW,193,19223
MISW,194,18564
MISW,195,18119
MISW,196,18118
MISW,197,18726
MISW,198,20163
MISW,199,21866
MISW,200,23179
MISW,201,23810
MISW,202,24288
MISW,203,24858
MISW,204,25102
MISW,205,25279
MISW,206,25459
MISW,207,25531
MISW,208,25588
MISW,209,25597
MISW,210,25450
MISW,211,25049
MISW,212,24494
MISW,213,24484
MISW,214,23802
MISW,215,21827
MISW,216,20054
MISW,217,20273
MISW,218,19628
MISW,219,19222
MISW,220,19102
MISW,221,19639
MISW,222,20885
MISW,223,22886
MISW,224,24461
MISW,225,25331
MISW,226,25983
MISW,227,26571
MISW,228,27042
MISW,229,27446
MISW,230,27803
MISW,231,27885
MISW,232,27982
MISW,233,27918
MISW,234,27568
MISW,235,27072
MISW,236,26090
MISW,237,25546
MISW,238,24747
MISW,239,22720
MISW,240,20885
MISW,241,19709
MISW,242,18937
MISW,243,18484
MISW,244,18469
MISW,245,18912
MISW,246,19896
MISW,247,21716
MISW,248,23459
MISW,249,24741
MISW,250,25757
MISW,251,26695
MISW,252,27355
MISW,253,27831
MISW,254,28251
MISW,255,28424
MISW,256,28618
MISW,257,28762
MISW,258,28758
MISW,259,28245
MISW,260,27367
MISW,261,26702
MISW,262,25974
MISW,263,24037
MISW,264,22120
MISW,265,25696
MISW,266,24172
MISW,267,23151
MISW,268,22665
MISW,269,22836
MISW,270,23647
MISW,271,25490
MISW,272,27611
MISW,273,29588
MISW,274,31291
MISW,275,32808
MISW,276,33891
MISW,277,34876
MISW,278,35513
MISW,279,35739
MISW,280,35543
MISW,281,35238
MISW,282,34850
MISW,283,33954
MISW,284,32430
MISW,285,31210
MISW,286,30277
MISW,287,28064
MISW,288,25626
MISW,289,22809
MISW,290,21781
MISW,291,21236
MISW,292,21060
MISW,293,21510
MISW,294,22543
MISW,295,24459
MISW,296,26611
MISW,297,28538
MISW,298,30340
MISW,299,31779
MISW,300,32925
MISW,301,33896
MISW,302,34584
MISW,303,34833
MISW,304,35075
MISW,305,35265
MISW,306,35080
MISW,307,34164
MISW,308,32758
MISW,309,31264
MISW,310,30012
MISW,311,27611
MISW,312,25231
MISW,313,27318
MISW,314,25916
MISW,315,24818
MISW,316,24299
MISW,317,24504
MISW,318,25668
MISW,319,27040
MISW,320,28684
MISW,321,30235
MISW,322,31741
MISW,323,32979
MISW,324,33977
MISW,325,34771
MISW,326,35360
MISW,327,35563
MISW,328,35523
MISW,329,35284
MISW,330,34880
MISW,331,33870
MISW,332,32314
MISW,333,31222
MISW,334,30207
MISW,335,27683
MISW,336,25372
MISW,337,24861
MISW,338,23567
MISW,339,22694
MISW,340,22394
MISW,341,22708
MISW,342,23845
MISW,343,25412
MISW,344,27178
MISW,345,28904
MISW,346,30721
MISW,347,32284
MISW,348,33735
MISW,349,35033
MISW,350,36065
MISW,351,36557
MISW,352,36996
MISW,353,37129
MISW,354,36869
MISW,355,35969
MISW,356,34633
MISW,357,33549
MISW,358,32111
MISW,359,29410
MISW,360,26935
MISW,361,23491
MISW,362,22379
MISW,363,21670
MISW,364,21418
MISW,365,21837
MISW,366,23436
MISW,367,25270
MISW,368,26652
MISW,369,28039
MISW,370,29628
MISW,371,31038
MISW,372,32298
MISW,373,33602
MISW,374,34695
MISW,375,35379
MISW,376,35775
MISW,377,35852
MISW,378,35324
MISW,379,34027
MISW,380,32741
MISW,381,32017
MISW,382,30045
MISW,383,27395
MISW,384,25104
MISW,385,22653
MISW,386,21655
MISW,387,20984
MISW,388,20816
MISW,389,21317
MISW,390,23046
MISW,391,25122
MISW,392,26112
MISW,393,27041
MISW,394,28064
MISW,395,29015
MISW,396,29767
MISW,397,30340
MISW,398,30857
MISW,399,31146
MISW,400,31363
MISW,401,31465
MISW,402,31216
MISW,403,30442
MISW,404,29841
MISW,405,29101
MISW,406,26992
MISW,407,24515
MISW,408,22549
MISW,409,19889
MISW,410,19107
MISW,411,18717
MISW,412,18637
MISW,413,19274
MISW,414,21096
MISW,415,23229
MISW,416,24111
MISW,417,24987
MISW,418,25874
MISW,419,26692
MISW,420,27420
MISW,421,28219
MISW,422,28937
MISW,423,29483
MISW,424,29971
MISW,425,30247
MISW,426,30055
MISW,427,29380
MISW,428,29345
MISW,429,28680
MISW,430,26719
MISW,431,24369
MISW,432,22435
MISW,433,19430
MISW,434,18836
MISW,435,18509
MISW,436,18482
MISW,437,19122
MISW,438,20826
MISW,439,23167
MISW,440,24086
MISW,441,24365
MISW,442,24780
MISW,443,25022
MISW,444,25081
MISW,445,25164
MISW,446,25251
MISW,447,24935
MISW,448,24730
MISW,449,24696
MISW,450,24777
MISW,451,25426
MISW,452,25840
MISW,453,24878
MISW,454,23507
MISW,455,21588
MISW,456,20196
MISW,457,19581
MISW,458,19074
MISW,459,18759
MISW,460,18756
MISW,461,19457
MISW,462,21007
MISW,463,23207
MISW,464,24294
MISW,465,24597
MISW,466,24801
MISW,467,24892
MISW,468,24747
MISW,469,24532
MISW,470,24339
MISW,471,23986
MISW,472,23707
MISW,473,23670
MISW,474,23909
MISW,475,24571
MISW,476,24406
MISW,477,23582
MISW,478,22511
MISW,479,21078
MISW,480,19839
MISW,481,20480
MISW,482,19787
MISW,483,19391
MISW,484,19239
MISW,485,19438
MISW,486,20250
MISW,487,22223
MISW,488,24462
MISW,489,25197
MISW,490,25211
MISW,491,25054
MISW,492,24886
MISW,493,24522
MISW,494,24338
MISW,495,24263
MISW,496,24016
MISW,497,24170
MISW,498,25135
MISW,499,26342
MISW,500,26151
MISW,501,25599
MISW,502,24801
MISW,503,23517
MISW,504,21937
MISW,505,23315
MISW,506,22513
MISW,507,21930
MISW,508,21802
MISW,509,21983
MISW,510,22734
MISW,511,24648
MISW,512,26987
MISW,513,27716
MISW,514,27419
MISW,515,26968
MISW,516,26725
MISW,517,26377
MISW,518,26099
MISW,519,25869
MISW,520,25665
MISW,521,25880
MISW,522,27426
MISW,523,28949
MISW,524,28627
MISW,525,28170
MISW,526,27535
MISW,527,26024
MISW,528,24218
MISW,529,21928
MISW,530,21004
MISW,531,20595
MISW,532,20517
MISW,533,20786
MISW,534,21697
MISW,535,23843
MISW,536,26401
MISW,537,27652
MISW,538,27525
MISW,539,27550
MISW,540,27425
MISW,541,27323
MISW,542,27291
MISW,543,27261
MISW,544,27135
MISW,545,27438
MISW,546,28939
MISW,547,30037
MISW,548,29595
MISW,549,28987
MISW,550,28130
MISW,551,26588
MISW,552,24672
MISW,553,23936
MISW,554,23085
MISW,555,22530
MISW,556,22254
MISW,557,22298
MISW,558,22801
MISW,559,24142
MISW,560,26101
MISW,561,27359
MISW,562,27668
MISW,563,27786
MISW,564,27728
MISW,565,27443
MISW,566,27123
MISW,567,26982
MISW,568,26878
MISW,569,27143
MISW,570,28501
MISW,571,29910
MISW,572,29469
MISW,573,28767
MISW,574,27949
MISW,575,26390
MISW,576,24755
NWPP,1,22919
NWPP,2,21238
NWPP,3,19605
NWPP,4,19098
NWPP,5,18909
NWPP,6,18815
NWPP,7,19262
NWPP,8,20521
NWPP,9,22624
NWPP,10,25763
NWPP,11,26386
NWPP,12,25749
NWPP,13,24496
NWPP,14,24734
NWPP,15,23778
NWPP,16,23143
NWPP,17,22760
NWPP,18,22462
NWPP,19,22532
NWPP,20,23925
NWPP,21,25420
NWPP,22,25279
NWPP,23,24577
NWPP,24,23712
NWPP,25,22537
NWPP,26,20887
NWPP,27,19640
NWPP,28,18873
NWPP,29,18693
NWPP,30,18582
NWPP,31,19089
NWPP,32,20394
NWPP,33,22582
NWPP,34,25614
NWPP,35,26569
NWPP,36,25832
NWPP,37,24588
NWPP,38,24859
NWPP,39,23984
NWPP,40,23272
NWPP,41,22789
NWPP,42,22523
NWPP,43,22616
NWPP,44,23438
NWPP,45,25335
NWPP,46,25672
NWPP,47,25067
NWPP,48,24184
NWPP,49,22006
NWPP,50,20613
NWPP,51,19689
NWPP,52,18720
NWPP,53,18525
NWPP,54,18610
NWPP,55,19145
NWPP,56,20356
NWPP,57,22581
NWPP,58,25842
NWPP,59,26656
NWPP,60,25755
NWPP,61,24681
NWPP,62,24725
NWPP,63,23848
NWPP,64,23319
NWPP,65,23060
NWPP,66,22626
NWPP,67,22605
NWPP,68,23171
NWPP,69,24853
NWPP,70,25383
NWPP,71,24924
NWPP,72,24163
NWPP,73,24477
NWPP,74,22807
NWPP,75,21266
NWPP,76,20883
NWPP,77,20673
NWPP,78,20791
NWPP,79,21301
NWPP,80,22429
NWPP,81,24470
NWPP,82,27745
NWPP,83,28157
NWPP,84,27064
NWPP,85,25996
NWPP,86,26022
NWPP,87,25107
NWPP,88,24350
NWPP,89,23970
NWPP,90,23389
NWPP,91,23311
NWPP,92,23836
NWPP,93,25369
NWPP,94,25749
NWPP,95,25162
NWPP,96,24375
NWPP,97,21088
NWPP,98,19335
NWPP,99,18017
NWPP,100,17507
NWPP,101,17338
NWPP,102,17413
NWPP,103,17963
NWPP,104,19243
NWPP,105,21435
NWPP,106,24755
NWPP,107,25584
NWPP,108,25098
NWPP,109,24247
NWPP,110,24510
NWPP,111,23754
NWPP,112,23211
NWPP,113,22791
NWPP,114,22478
NWPP,115,22595
NWPP,116,22984
NWPP,117,24262
NWPP,118,25714
NWPP,119,25533
NWPP,120,24853
NWPP,121,23590
NWPP,122,22123
NWPP,123,20977
NWPP,124,20648
NWPP,125,20524
NWPP,126,20714
NWPP,127,21473
NWPP,128,23315
NWPP,129,25689
NWPP,130,28349
NWPP,131,28174
NWPP,132,27175
NWPP,133,26112
NWPP,134,26280
NWPP,135,25393
NWPP,136,24641
NWPP,137,24099
NWPP,138,23580
NWPP,139,23450
NWPP,140,23682
NWPP,141,24283
NWPP,142,24891
NWPP,143,24639
NWPP,144,23667
NWPP,145,21160
NWPP,146,19704
NWPP,147,18528
NWPP,148,17782
NWPP,149,17835
NWPP,150,18107
NWPP,151,18962
NWPP,152,20769
NWPP,153,22983
NWPP,154,25529
NWPP,155,25405
NWPP,156,24572
NWPP,157,23523
NWPP,158,23182
NWPP,159,21957
NWPP,160,21014
NWPP,161,20415
NWPP,162,19820
NWPP,163,19597
NWPP,164,19688
NWPP,165,20261
NWPP,166,20622
NWPP,167,21075
NWPP,168,20838
NWPP,169,18527
NWPP,170,17050
NWPP,171,15923
NWPP,172,15213
NWPP,173,15158
NWPP,174,15395
NWPP,175,16201
NWPP,176,17767
NWPP,177,20041
NWPP,178,22685
NWPP,179,22787
NWPP,180,21964
NWPP,181,21032
NWPP,182,20824
NWPP,183,20093
NWPP,184,19528
NWPP,185,19283
NWPP,186,18916
NWPP,187,18689
NWPP,188,18862
NWPP,189,19274
NWPP,190,19757
NWPP,191,20274
NWPP,192,19983
NWPP,193,20327
NWPP,194,18363
NWPP,195,16659
NWPP,196,15654
NWPP,197,15086
NWPP,198,14814
NWPP,199,15041
NWPP,200,15969
NWPP,201,17521
NWPP,202,20202
NWPP,203,21237
NWPP,204,21012
NWPP,205,20572
NWPP,206,20827
NWPP,207,20745
NWPP,208,20597
NWPP,209,20591
NWPP,210,20513
NWPP,211,20529
NWPP,212,20728
NWPP,213,20800
NWPP,214,20836
NWPP,215,20787
NWPP,216,20663
NWPP,217,18883
NWPP,218,17145
NWPP,219,15816
NWPP,220,15003
NWPP,221,14687
NWPP,222,14725
NWPP,223,15294
NWPP,224,16625
NWPP,225,18523
NWPP,226,21310
NWPP,227,21746
NWPP,228,21339
NWPP,229,20804
NWPP,230,20992
NWPP,231,20595
NWPP,232,20344
NWPP,233,20156
NWPP,234,20078
NWPP,235,20044
NWPP,236,20173
NWPP,237,20254
NWPP,238,20340
NWPP,239,20416
NWPP,240,20460
NWPP,241,19740
NWPP,242,18318
NWPP,243,16827
NWPP,244,15884
NWPP,245,15458
NWPP,246,15436
NWPP,247,15805
NWPP,248,16879
NWPP,249,18579
NWPP,250,21192
NWPP,251,21596
NWPP,252,21631
NWPP,253,21258
NWPP,254,21398
NWPP,255,21158
NWPP,256,21049
NWPP,257,20921
NWPP,258,20721
NWPP,259,20801
NWPP,260,20780
NWPP,261,20944
NWPP,262,20893
NWPP,263,20467
NWPP,264,20403
NWPP,265,20406
NWPP,266,19019
NWPP,267,17441
NWPP,268,16204
NWPP,269,15556
NWPP,270,15212
NWPP,271,15320
NWPP,272,16065
NWPP,273,17395
NWPP,274,19551
NWPP,275,20804
NWPP,276,21352
NWPP,277,21475
NWPP,278,21587
NWPP,279,21694
NWPP,280,21852
NWPP,281,21772
NWPP,282,21723
NWPP,283,21847
NWPP,284,21783
NWPP,285,21882
NWPP,286,21694
NWPP,287,21169
NWPP,288,20913
NWPP,289,22244
NWPP,290,20767
NWPP,291,18686
NWPP,292,17242
NWPP,293,16386
NWPP,294,15965
NWPP,295,15890
NWPP,296,16502
NWPP,297,17626
NWPP,298,19948
NWPP,299,21153
NWPP,300,21790
NWPP,301,22256
NWPP,302,22776
NWPP,303,23030
NWPP,304,23209
NWPP,305,23332
NWPP,306,23510
NWPP,307,23610
NWPP,308,24101
NWPP,309,24753
NWPP,310,24860
NWPP,311,24264
NWPP,312,23709
NWPP,313,22047
NWPP,314,20252
NWPP,315,18449
NWPP,316,17178
NWPP,317,16388
NWPP,318,15969
NWPP,319,15891
NWPP,320,16407
NWPP,321,17457
NWPP,322,19524
NWPP,323,20602
NWPP,324,21301
NWPP,325,21780
NWPP,326,22188
NWPP,327,22658
NWPP,328,22893
NWPP,329,23240
NWPP,330,23487
NWPP,331,23882
NWPP,332,24268
NWPP,333,24550
NWPP,334,24244
NWPP,335,23744
NWPP,336,23287
NWPP,337,21475
NWPP,338,19706
NWPP,339,18092
NWPP,340,16786
NWPP,341,16065
NWPP,342,15711
NWPP,343,15744
NWPP,344,16425
NWPP,345,17555
NWPP,346,19504
NWPP,347,20478
NWPP,348,21040
NWPP,349,21451
NWPP,350,21789
NWPP,351,21972
NWPP,352,22142
NWPP,353,22339
NWPP,354,22460
NWPP,355,22722
NWPP,356,22921
NWPP,357,23007
NWPP,358,22579
NWPP,359,22196
NWPP,360,22013
NWPP,361,19669
NWPP,362,18011
NWPP,363,16808
NWPP,364,15729
NWPP,365,15175
NWPP,366,14926
NWPP,367,15146
NWPP,368,16042
NWPP,369,17346
NWPP,370,19367
NWPP,371,20062
NWPP,372,20404
NWPP,373,20722
NWPP,374,21054
NWPP,375,21159
NWPP,376,21259
NWPP,377,21312
NWPP,378,21417
NWPP,379,21603
NWPP,380,21657
NWPP,381,21540
NWPP,382,21236
NWPP,383,21217
NWPP,384,20996
NWPP,385,20055
NWPP,386,18065
NWPP,387,16454
NWPP,388,15429
NWPP,389,14932
NWPP,390,14764
NWPP,391,14833
NWPP,392,15766
NWPP,393,17514
NWPP,394,19834
NWPP,395,20454
NWPP,396,20267
NWPP,397,20247
NWPP,398,20566
NWPP,399,20883
NWPP,400,21148
NWPP,401,21347
NWPP,402,21640
NWPP,403,22053
NWPP,404,22285
NWPP,405,22484
NWPP,406,22387
NWPP,407,22484
NWPP,408,21900
NWPP,409,18677
NWPP,410,17018
NWPP,411,15692
NWPP,412,14885
NWPP,413,14618
NWPP,414,14568
NWPP,415,14834
NWPP,416,15930
NWPP,417,17820
NWPP,418,20509
NWPP,419,20687
NWPP,420,20287
NWPP,421,20059
NWPP,422,20038
NWPP,423,19924
NWPP,424,19895
NWPP,425,19882
NWPP,426,19834
NWPP,427,19970
NWPP,428,20017
NWPP,429,20125
NWPP,430,20340
NWPP,431,20734
NWPP,432,20341
NWPP,433,18460
NWPP,434,17069
NWPP,435,15707
NWPP,436,15197
NWPP,437,14979
NWPP,438,15187
NWPP,439,15686
NWPP,440,17171
NWPP,441,19332
NWPP,442,22162
NWPP,443,22060
NWPP,444,21151
NWPP,445,20342
NWPP,446,20077
NWPP,447,19603
NWPP,448,19230
NWPP,449,19079
NWPP,450,19031
NWPP,451,19036
NWPP,452,19213
NWPP,453,19735
NWPP,454,20519
NWPP,455,20827
NWPP,456,19887
NWPP,457,18609
NWPP,458,17120
NWPP,459,15707
NWPP,460,15195
NWPP,461,14869
NWPP,462,15028
NWPP,463,15398
NWPP,464,16734
NWPP,465,18560
NWPP,466,21346
NWPP,467,21410
NWPP,468,20816
NWPP,469,20438
NWPP,470,20483
NWPP,471,20001
NWPP,472,19672
NWPP,473,19403
NWPP,474,19341
NWPP,475,19425
NWPP,476,19789
NWPP,477,20385
NWPP,478,20542
NWPP,479,20212
NWPP,480,19326
NWPP,481,21095
NWPP,482,19495
NWPP,483,17983
NWPP,484,17225
NWPP,485,16942
NWPP,486,16872
NWPP,487,17240
NWPP,488,18218
NWPP,489,20200
NWPP,490,23566
NWPP,491,24008
NWPP,492,23208
NWPP,493,22794
NWPP,494,23001
NWPP,495,22427
NWPP,496,22002
NWPP,497,21486
NWPP,498,21251
NWPP,499,21432
NWPP,500,22496
NWPP,501,23887
NWPP,502,23780
NWPP,503,23277
NWPP,504,22202
NWPP,505,23501
NWPP,506,21854
NWPP,507,20358
NWPP,508,19623
NWPP,509,19420
NWPP,510,19464
NWPP,511,19997
NWPP,512,21206
NWPP,513,23215
NWPP,514,26611
NWPP,515,26989
NWPP,516,25815
NWPP,517,25239
NWPP,518,25285
NWPP,519,24243
NWPP,520,23787
NWPP,521,23355
NWPP,522,23241
NWPP,523,23534
NWPP,524,24672
NWPP,525,25892
NWPP,526,25707
NWPP,527,24904
NWPP,528,23804
NWPP,529,24370
NWPP,530,22476
NWPP,531,21029
NWPP,532,20248
NWPP,533,19830
NWPP,534,19860
NWPP,535,20433
NWPP,536,21646
NWPP,537,23719
NWPP,538,26654
NWPP,539,27133
NWPP,540,26850
NWPP,541,26368
NWPP,542,26764
NWPP,543,25813
NWPP,544,25263
NWPP,545,24715
NWPP,546,24509
NWPP,547,25000
NWPP,548,26649
NWPP,549,28434
NWPP,550,28219
NWPP,551,27543
NWPP,552,26740
NWPP,553,24125
NWPP,554,22715
NWPP,555,21351
NWPP,556,20406
NWPP,557,20076
NWPP,558,20069
NWPP,559,20507
NWPP,560,21497
NWPP,561,23107
NWPP,562,25288
NWPP,563,25563
NWPP,564,25846
NWPP,565,25666
NWPP,566,26104
NWPP,567,25020
NWPP,568,24380
NWPP,569,23657
NWPP,570,23258
NWPP,571,23522
NWPP,572,24804
NWPP,573,26466
NWPP,574,26215
NWPP,575,25473
NWPP,576,24727
NYCW,1,7923
NYCW,2,7495
NYCW,3,7221
NYCW,4,7097
NYCW,5,7066
NYCW,6,7231
NYCW,7,7909
NYCW,8,8939
NYCW,9,9701
NYCW,10,9847
NYCW,11,9998
NYCW,12,10053
NYCW,13,10108
NYCW,14,10071
NYCW,15,10087
NYCW,16,10144
NYCW,17,10371
NYCW,18,10929
NYCW,19,11771
NYCW,20,11775
NYCW,21,11700
NYCW,22,10981
NYCW,23,10465
NYCW,24,9874
NYCW,25,7576
NYCW,26,7145
NYCW,27,6892
NYCW,28,6793
NYCW,29,6790
NYCW,30,6947
NYCW,31,7616
NYCW,32,8634
NYCW,33,9137
NYCW,34,9217
NYCW,35,9294
NYCW,36,9252
NYCW,37,9239
NYCW,38,9127
NYCW,39,9041
NYCW,40,8988
NYCW,41,9083
NYCW,42,9447
NYCW,43,10056
NYCW,44,10343
NYCW,45,10180
NYCW,46,9563
NYCW,47,9030
NYCW,48,8410
NYCW,49,8321
NYCW,50,7848
NYCW,51,7563
NYCW,52,7430
NYCW,53,7396
NYCW,54,7510
NYCW,55,8180
NYCW,56,9137
NYCW,57,9604
NYCW,58,9677
NYCW,59,9716
NYCW,60,9631
NYCW,61,9551
NYCW,62,9379
NYCW,63,9230
NYCW,64,9130
NYCW,65,9180
NYCW,66,9449
NYCW,67,9892
NYCW,68,10425
NYCW,69,10323
NYCW,70,9646
NYCW,71,9190
NYCW,72,8584
NYCW,73,7639
NYCW,74,7166
NYCW,75,6901
NYCW,76,6772
NYCW,77,6757
NYCW,78,6874
NYCW,79,7437
NYCW,80,8314
NYCW,81,8853
NYCW,82,9038
NYCW,83,9128
NYCW,84,9128
NYCW,85,9125
NYCW,86,9081
NYCW,87,9094
NYCW,88,9100
NYCW,89,9207
NYCW,90,9550
NYCW,91,9875
NYCW,92,10069
NYCW,93,9923
NYCW,94,9307
NYCW,95,8801
NYCW,96,8186
NYCW,97,7639
NYCW,98,7274
NYCW,99,7051
NYCW,100,6960
NYCW,101,6955
NYCW,102,7125
NYCW,103,7815
NYCW,104,8719
NYCW,105,9216
NYCW,106,9386
NYCW,107,9487
NYCW,108,9457
NYCW,109,9395
NYCW,110,9313
NYCW,111,9231
NYCW,112,9200
NYCW,113,9268
NYCW,114,9514
NYCW,115,9779
NYCW,116,10417
NYCW,117,10483
NYCW,118,9859
NYCW,119,9369
NYCW,120,8833
NYCW,121,6061
NYCW,122,5771
NYCW,123,5609
NYCW,124,5590
NYCW,125,5675
NYCW,126,6032
NYCW,127,6995
NYCW,128,7668
NYCW,129,7807
NYCW,130,7861
NYCW,131,7950
NYCW,132,7946
NYCW,133,7914
NYCW,134,7893
NYCW,135,7828
NYCW,136,7796
NYCW,137,7867
NYCW,138,7962
NYCW,139,7949
NYCW,140,8257
NYCW,141,8298
NYCW,142,7784
NYCW,143,7213
NYCW,144,6548
NYCW,145,6278
NYCW,146,6037
NYCW,147,5889
NYCW,148,5867
NYCW,149,6001
NYCW,150,6421
NYCW,151,7400
NYCW,152,8036
NYCW,153,8224
NYCW,154,8302
NYCW,155,8377
NYCW,156,8306
NYCW,157,8205
NYCW,158,8127
NYCW,159,8016
NYCW,160,7948
NYCW,161,8014
NYCW,162,8115
NYCW,163,8078
NYCW,164,8308
NYCW,165,8648
NYCW,166,8118
NYCW,167,7524
NYCW,168,6876
NYCW,169,5923
NYCW,170,5710
NYCW,171,5587
NYCW,172,5565
NYCW,173,5661
NYCW,174,6025
NYCW,175,6771
NYCW,176,7335
NYCW,177,7713
NYCW,178,7914
NYCW,179,8072
NYCW,180,8081
NYCW,181,8033
NYCW,182,7981
NYCW,183,7909
NYCW,184,7851
NYCW,185,7887
NYCW,186,7981
NYCW,187,7931
NYCW,188,8044
NYCW,189,8299
NYCW,190,7799
NYCW,191,7217
NYCW,192,6605
NYCW,193,6062
NYCW,194,5685
NYCW,195,5472
NYCW,196,5385
NYCW,197,5456
NYCW,198,5787
NYCW,199,6525
NYCW,200,7365
NYCW,201,7875
NYCW,202,8199
NYCW,203,8482
NYCW,204,8684
NYCW,205,8811
NYCW,206,8952
NYCW,207,9105
NYCW,208,9128
NYCW,209,9247
NYCW,210,9231
NYCW,211,8973
NYCW,212,8706
NYCW,213,8701
NYCW,214,8454
NYCW,215,7683
NYCW,216,6839
NYCW,217,8242
NYCW,218,7725
NYCW,219,7380
NYCW,220,7192
NYCW,221,7188
NYCW,222,7472
NYCW,223,8245
NYCW,224,9445
NYCW,225,10435
NYCW,226,11290
NYCW,227,12047
NYCW,228,12527
NYCW,229,12842
NYCW,230,12810
NYCW,231,12789
NYCW,232,12791
NYCW,233,12894
NYCW,234,12703
NYCW,235,12315
NYCW,236,11863
NYCW,237,11548
NYCW,238,11002
NYCW,239,10062
NYCW,240,9013
NYCW,241,6490
NYCW,242,6105
NYCW,243,5854
NYCW,244,5746
NYCW,245,5777
NYCW,246,6008
NYCW,247,6693
NYCW,248,7588
NYCW,249,8109
NYCW,250,8520
NYCW,251,8825
NYCW,252,9031
NYCW,253,9164
NYCW,254,9363
NYCW,255,9488
NYCW,256,9631
NYCW,257,9795
NYCW,258,9855
NYCW,259,9574
NYCW,260,9182
NYCW,261,8935
NYCW,262,8815
NYCW,263,8126
NYCW,264,7264
NYCW,265,8822
NYCW,266,8182
NYCW,267,7752
NYCW,268,7515
NYCW,269,7461
NYCW,270,7625
NYCW,271,8217
NYCW,272,9116
NYCW,273,10008
NYCW,274,10768
NYCW,275,11576
NYCW,276,12345
NYCW,277,12912
NYCW,278,13478
NYCW,279,13962
NYCW,280,14307
NYCW,281,14577
NYCW,282,14574
NYCW,283,14106
NYCW,284,13411
NYCW,285,12872
NYCW,286,12527
NYCW,287,11768
NYCW,288,10827
NYCW,289,9123
NYCW,290,8387
NYCW,291,7913
NYCW,292,7637
NYCW,293,7557
NYCW,294,7681
NYCW,295,8167
NYCW,296,9064
NYCW,297,9773
NYCW,298,10326
NYCW,299,10886
NYCW,300,11277
NYCW,301,11589
NYCW,302,11892
NYCW,303,12178
NYCW,304,12401
NYCW,305,12605
NYCW,306,12583
NYCW,307,12138
NYCW,308,11579
NYCW,309,11110
NYCW,310,10886
NYCW,311,10165
NYCW,312,9215
NYCW,313,8492
NYCW,314,7911
NYCW,315,7524
NYCW,316,7307
NYCW,317,7255
NYCW,318,7544
NYCW,319,8127
NYCW,320,8970
NYCW,321,9749
NYCW,322,10398
NYCW,323,10801
NYCW,324,11265
NYCW,325,11767
NYCW,326,12324
NYCW,327,12792
NYCW,328,13280
NYCW,329,13566
NYCW,330,13668
NYCW,331,13178
NYCW,332,12608
NYCW,333,11946
NYCW,334,11431
NYCW,335,10620
NYCW,336,9699
NYCW,337,8412
NYCW,338,7815
NYCW,339,7416
NYCW,340,7175
NYCW,341,7138
NYCW,342,7402
NYCW,343,7981
NYCW,344,8968
NYCW,345,9928
NYCW,346,10802
NYCW,347,11604
NYCW,348,12189
NYCW,349,12605
NYCW,350,12896
NYCW,351,13079
NYCW,352,13576
NYCW,353,13772
NYCW,354,13701
NYCW,355,13327
NYCW,356,12755
NYCW,357,12482
NYCW,358,12171
NYCW,359,11310
NYCW,360,10324
NYCW,361,7132
NYCW,362,6647
NYCW,363,6334
NYCW,364,6174
NYCW,365,6182
NYCW,366,6453
NYCW,367,7014
NYCW,368,7699
NYCW,369,8376
NYCW,370,8870
NYCW,371,9338
NYCW,372,9686
NYCW,373,9938
NYCW,374,10228
NYCW,375,10506
NYCW,376,10734
NYCW,377,10905
NYCW,378,10925
NYCW,379,10536
NYCW,380,10215
NYCW,381,10222
NYCW,382,9738
NYCW,383,9019
NYCW,384,8254
NYCW,385,8576
NYCW,386,8061
NYCW,387,7705
NYCW,388,7520
NYCW,389,7539
NYCW,390,7915
NYCW,391,8801
NYCW,392,9656
NYCW,393,10312
NYCW,394,10780
NYCW,395,11224
NYCW,396,11520
NYCW,397,11589
NYCW,398,11744
NYCW,399,11838
NYCW,400,11954
NYCW,401,12179
NYCW,402,12304
NYCW,403,11933
NYCW,404,11659
NYCW,405,11599
NYCW,406,10879
NYCW,407,9900
NYCW,408,8948
NYCW,409,6113
NYCW,410,5796
NYCW,411,5591
NYCW,412,5512
NYCW,413,5574
NYCW,414,5925
NYCW,415,6752
NYCW,416,7348
NYCW,417,7738
NYCW,418,8007
NYCW,419,8239
NYCW,420,8413
NYCW,421,8489
NYCW,422,8589
NYCW,423,8634
NYCW,424,8720
NYCW,425,8831
NYCW,426,8880
NYCW,427,8717
NYCW,428,8727
NYCW,429,8775
NYCW,430,8200
NYCW,431,7458
NYCW,432,6738
NYCW,433,6515
NYCW,434,6117
NYCW,435,5882
NYCW,436,5778
NYCW,437,5841
NYCW,438,6208
NYCW,439,7135
NYCW,440,7951
NYCW,441,8342
NYCW,442,8685
NYCW,443,8957
NYCW,444,9138
NYCW,445,9214
NYCW,446,9271
NYCW,447,9294
NYCW,448,9355
NYCW,449,9466
NYCW,450,9525
NYCW,451,9478
NYCW,452,9609
NYCW,453,9319
NYCW,454,8732
NYCW,455,7971
NYCW,456,7184
NYCW,457,5969
NYCW,458,5686
NYCW,459,5544
NYCW,460,5493
NYCW,461,5593
NYCW,462,5963
NYCW,463,6898
NYCW,464,7672
NYCW,465,7930
NYCW,466,8178
NYCW,467,8347
NYCW,468,8422
NYCW,469,8394
NYCW,470,8358
NYCW,471,8290
NYCW,472,8262
NYCW,473,8316
NYCW,474,8350
NYCW,475,8501
NYCW,476,8485
NYCW,477,8204
NYCW,478,7743
NYCW,479,7184
NYCW,480,6561
NYCW,481,7357
NYCW,482,6869
NYCW,483,6589
NYCW,484,6462
NYCW,485,6436
NYCW,486,6554
NYCW,487,7126
NYCW,488,7892
NYCW,489,8396
NYCW,490,8525
NYCW,491,8621
NYCW,492,8550
NYCW,493,8506
NYCW,494,8376
NYCW,495,8319
NYCW,496,8333
NYCW,497,8470
NYCW,498,8969
NYCW,499,9525
NYCW,500,9504
NYCW,501,9348
NYCW,502,8844
NYCW,503,8445
NYCW,504,7888
NYCW,505,7820
NYCW,506,7285
NYCW,507,6989
NYCW,508,6833
NYCW,509,6778
NYCW,510,6922
NYCW,511,7500
NYCW,512,8342
NYCW,513,8898
NYCW,514,8974
NYCW,515,9090
NYCW,516,9046
NYCW,517,9016
NYCW,518,8946
NYCW,519,8940
NYCW,520,8935
NYCW,521,9098
NYCW,522,9628
NYCW,523,10266
NYCW,524,10299
NYCW,525,10148
NYCW,526,9540
NYCW,527,9022
NYCW,528,8442
NYCW,529,7359
NYCW,530,6853
NYCW,531,6511
NYCW,532,6357
NYCW,533,6323
NYCW,534,6436
NYCW,535,6997
NYCW,536,7799
NYCW,537,8510
NYCW,538,8712
NYCW,539,8855
NYCW,540,8866
NYCW,541,8863
NYCW,542,8791
NYCW,543,8785
NYCW,544,8803
NYCW,545,8962
NYCW,546,9553
NYCW,547,10072
NYCW,548,10050
NYCW,549,9893
NYCW,550,9346
NYCW,551,8859
NYCW,552,8213
NYCW,553,8377
NYCW,554,7789
NYCW,555,7401
NYCW,556,7199
NYCW,557,7106
NYCW,558,7167
NYCW,559,7638
NYCW,560,8246
NYCW,561,8688
NYCW,562,8984
NYCW,563,9316
NYCW,564,9478
NYCW,565,9580
NYCW,566,9498
NYCW,567,9472
NYCW,568,9487
NYCW,569,9623
NYCW,570,10166
NYCW,571,10782
NYCW,572,10776
NYCW,573,10594
NYCW,574,9935
NYCW,575,9466
NYCW,576,8917
NYUP,1,7153
NYUP,2,6762
NYUP,3,6527
NYUP,4,6394
NYUP,5,6341
NYUP,6,6460
NYUP,7,6913
NYUP,8,7820
NYUP,9,8561
NYUP,10,8794
NYUP,11,8927
NYUP,12,9014
NYUP,13,9075
NYUP,14,9064
NYUP,15,9077
NYUP,16,9106
NYUP,17,9231
NYUP,18,9608
NYUP,19,10337
NYUP,20,10340
NYUP,21,10247
NYUP,22,9748
NYUP,23,9319
NYUP,24,8799
NYUP,25,6919
NYUP,26,6523
NYUP,27,6298
NYUP,28,6187
NYUP,29,6161
NYUP,30,6276
NYUP,31,6746
NYUP,32,7683
NYUP,33,8241
NYUP,34,8457
NYUP,35,8524
NYUP,36,8547
NYUP,37,8573
NYUP,38,8506
NYUP,39,8438
NYUP,40,8377
NYUP,41,8381
NYUP,42,8583
NYUP,43,9121
NYUP,44,9373
NYUP,45,9205
NYUP,46,8770
NYUP,47,8318
NYUP,48,7771
NYUP,49,7504
NYUP,50,7082
NYUP,51,6834
NYUP,52,6701
NYUP,53,6656
NYUP,54,6738
NYUP,55,7182
NYUP,56,8048
NYUP,57,8591
NYUP,58,8784
NYUP,59,8842
NYUP,60,8834
NYUP,61,8798
NYUP,62,8672
NYUP,63,8564
NYUP,64,8460
NYUP,65,8437
NYUP,66,8555
NYUP,67,8937
NYUP,68,9399
NYUP,69,9287
NYUP,70,8813
NYUP,71,8431
NYUP,72,7894
NYUP,73,7031
NYUP,74,6596
NYUP,75,6352
NYUP,76,6214
NYUP,77,6180
NYUP,78,6258
NYUP,79,6653
NYUP,80,7459
NYUP,81,8063
NYUP,82,8344
NYUP,83,8432
NYUP,84,8486
NYUP,85,8512
NYUP,86,8494
NYUP,87,8522
NYUP,88,8497
NYUP,89,8526
NYUP,90,8721
NYUP,91,8990
NYUP,92,9144
NYUP,93,8990
NYUP,94,8552
NYUP,95,8129
NYUP,96,7580
NYUP,97,6953
NYUP,98,6620
NYUP,99,6420
NYUP,100,6314
NYUP,101,6292
NYUP,102,6419
NYUP,103,6900
NYUP,104,7700
NYUP,105,8235
NYUP,106,8501
NYUP,107,8611
NYUP,108,8637
NYUP,109,8600
NYUP,110,8540
NYUP,111,8482
NYUP,112,8414
NYUP,113,8417
NYUP,114,8537
NYUP,115,8755
NYUP,116,9312
NYUP,117,9351
NYUP,118,8917
NYUP,119,8495
NYUP,120,8018
NYUP,121,5879
NYUP,122,5616
NYUP,123,5466
NYUP,124,5412
NYUP,125,5448
NYUP,126,5746
NYUP,127,6539
NYUP,128,7183
NYUP,129,7401
NYUP,130,7557
NYUP,131,7634
NYUP,132,7643
NYUP,133,7632
NYUP,134,7623
NYUP,135,7578
NYUP,136,7508
NYUP,137,7524
NYUP,138,7535
NYUP,139,7458
NYUP,140,7744
NYUP,141,7788
NYUP,142,7388
NYUP,143,6898
NYUP,144,6321
NYUP,145,5947
NYUP,146,5733
NYUP,147,5596
NYUP,148,5553
NYUP,149,5648
NYUP,150,6019
NYUP,151,6808
NYUP,152,7396
NYUP,153,7664
NYUP,154,7836
NYUP,155,7907
NYUP,156,7901
NYUP,157,7831
NYUP,158,7774
NYUP,159,7676
NYUP,160,7584
NYUP,161,7591
NYUP,162,7589
NYUP,163,7540
NYUP,164,7746
NYUP,165,8039
NYUP,166,7636
NYUP,167,7113
NYUP,168,6532
NYUP,169,5667
NYUP,170,5478
NYUP,171,5366
NYUP,172,5323
NYUP,173,5384
NYUP,174,5708
NYUP,175,6296
NYUP,176,6815
NYUP,177,7256
NYUP,178,7535
NYUP,179,7687
NYUP,180,7744
NYUP,181,7719
NYUP,182,7683
NYUP,183,7625
NYUP,184,7545
NYUP,185,7522
NYUP,186,7519
NYUP,187,7447
NYUP,188,7542
NYUP,189,7754
NYUP,190,7372
NYUP,191,6868
NYUP,192,6326
NYUP,193,5907
NYUP,194,5621
NYUP,195,5447
NYUP,196,5361
NYUP,197,5403
NYUP,198,5699
NYUP,199,6292
NYUP,200,7033
NYUP,201,7559
NYUP,202,7892
NYUP,203,8120
NYUP,204,8262
NYUP,205,8345
NYUP,206,8427
NYUP,207,8509
NYUP,208,8458
NYUP,209,8448
NYUP,210,8338
NYUP,211,8065
NYUP,212,7863
NYUP,213,7938
NYUP,214,7832
NYUP,215,7247
NYUP,216,6562
NYUP,217,7659
NYUP,218,7297
NYUP,219,7057
NYUP,220,6915
NYUP,221,6922
NYUP,222,7169
NYUP,223,7778
NYUP,224,8741
NYUP,225,9628
NYUP,226,10401
NYUP,227,10979
NYUP,228,11372
NYUP,229,11606
NYUP,230,11515
NYUP,231,11424
NYUP,232,11375
NYUP,233,11381
NYUP,234,11111
NYUP,235,10759
NYUP,236,10415
NYUP,237,10191
NYUP,238,9780
NYUP,239,9065
NYUP,240,8260
NYUP,241,6317
NYUP,242,6012
NYUP,243,5806
NYUP,244,5703
NYUP,245,5717
NYUP,246,5907
NYUP,247,6464
NYUP,248,7287
NYUP,249,7787
NYUP,250,8201
NYUP,251,8462
NYUP,252,8612
NYUP,253,8705
NYUP,254,8855
NYUP,255,8939
NYUP,256,8991
NYUP,257,9053
NYUP,258,8994
NYUP,259,8700
NYUP,260,8404
NYUP,261,8247
NYUP,262,8221
NYUP,263,7672
NYUP,264,6969
NYUP,265,8206
NYUP,266,7728
NYUP,267,7403
NYUP,268,7219
NYUP,269,7184
NYUP,270,7317
NYUP,271,7755
NYUP,272,8476
NYUP,273,9223
NYUP,274,9879
NYUP,275,10519
NYUP,276,11158
NYUP,277,11609
NYUP,278,12064
NYUP,279,12436
NYUP,280,12646
NYUP,281,12773
NYUP,282,12634
NYUP,283,12233
NYUP,284,11704
NYUP,285,11315
NYUP,286,11083
NYUP,287,10512
NYUP,288,9798
NYUP,289,8433
NYUP,290,7883
NYUP,291,7532
NYUP,292,7317
NYUP,293,7266
NYUP,294,7393
NYUP,295,7747
NYUP,296,8495
NYUP,297,9117
NYUP,298,9577
NYUP,299,10017
NYUP,300,10324
NYUP,301,10556
NYUP,302,10777
NYUP,303,10987
NYUP,304,11118
NYUP,305,11227
NYUP,306,11139
NYUP,307,10763
NYUP,308,10317
NYUP,309,9944
NYUP,310,9806
NYUP,311,9239
NYUP,312,8486
NYUP,313,7943
NYUP,314,7514
NYUP,315,7229
NYUP,316,7063
NYUP,317,7030
NYUP,318,7306
NYUP,319,7752
NYUP,320,8419
NYUP,321,9083
NYUP,322,9627
NYUP,323,9910
NYUP,324,10281
NYUP,325,10681
NYUP,326,11127
NYUP,327,11486
NYUP,328,11829
NYUP,329,11991
NYUP,330,11972
NYUP,331,11550
NYUP,332,11097
NYUP,333,10584
NYUP,334,10205
NYUP,335,9570
NYUP,336,8861
NYUP,337,7855
NYUP,338,7429
NYUP,339,7128
NYUP,340,6942
NYUP,341,6917
NYUP,342,7161
NYUP,343,7600
NYUP,344,8394
NYUP,345,9223
NYUP,346,9967
NYUP,347,10604
NYUP,348,11085
NYUP,349,11398
NYUP,350,11602
NYUP,351,11699
NYUP,352,12056
NYUP,353,12128
NYUP,354,11951
NYUP,355,11641
NYUP,356,11196
NYUP,357,11008
NYUP,358,10815
NYUP,359,10159
NYUP,360,9396
NYUP,361,6854
NYUP,362,6482
NYUP,363,6234
NYUP,364,6105
NYUP,365,6105
NYUP,366,6356
NYUP,367,6799
NYUP,368,7397
NYUP,369,8042
NYUP,370,8494
NYUP,371,8892
NYUP,372,9176
NYUP,373,9375
NYUP,374,9609
NYUP,375,9830
NYUP,376,9981
NYUP,377,10062
NYUP,378,9981
NYUP,379,9607
NYUP,380,9367
NYUP,381,9401
NYUP,382,9011
NYUP,383,8439
NYUP,384,7822
NYUP,385,8042
NYUP,386,7677
NYUP,387,7415
NYUP,388,7275
NYUP,389,7297
NYUP,390,7622
NYUP,391,8326
NYUP,392,8998
NYUP,393,9588
NYUP,394,9987
NYUP,395,10307
NYUP,396,10517
NYUP,397,10527
NYUP,398,10611
NYUP,399,10635
NYUP,400,10662
NYUP,401,10779
NYUP,402,10796
NYUP,403,10471
NYUP,404,10265
NYUP,405,10252
NYUP,406,9730
NYUP,407,8993
NYUP,408,8260
NYUP,409,6023
NYUP,410,5743
NYUP,411,5558
NYUP,412,5478
NYUP,413,5513
NYUP,414,5817
NYUP,415,6480
NYUP,416,7040
NYUP,417,7481
NYUP,418,7780
NYUP,419,8001
NYUP,420,8155
NYUP,421,8239
NYUP,422,8337
NYUP,423,8375
NYUP,424,8424
NYUP,425,8487
NYUP,426,8468
NYUP,427,8275
NYUP,428,8263
NYUP,429,8274
NYUP,430,7815
NYUP,431,7205
NYUP,432,6588
NYUP,433,6349
NYUP,434,6041
NYUP,435,5833
NYUP,436,5748
NYUP,437,5778
NYUP,438,6106
NYUP,439,6867
NYUP,440,7575
NYUP,441,7980
NYUP,442,8315
NYUP,443,8538
NYUP,444,8650
NYUP,445,8685
NYUP,446,8701
NYUP,447,8670
NYUP,448,8662
NYUP,449,8667
NYUP,450,8625
NYUP,451,8550
NYUP,452,8712
NYUP,453,8513
NYUP,454,8067
NYUP,455,7468
NYUP,456,6860
NYUP,457,5873
NYUP,458,5631
NYUP,459,5487
NYUP,460,5423
NYUP,461,5475
NYUP,462,5793
NYUP,463,6539
NYUP,464,7295
NYUP,465,7626
NYUP,466,7927
NYUP,467,8090
NYUP,468,8159
NYUP,469,8143
NYUP,470,8116
NYUP,471,8031
NYUP,472,7969
NYUP,473,7950
NYUP,474,7901
NYUP,475,8000
NYUP,476,7990
NYUP,477,7740
NYUP,478,7368
NYUP,479,6911
NYUP,480,6413
NYUP,481,6848
NYUP,482,6392
NYUP,483,6137
NYUP,484,6001
NYUP,485,5959
NYUP,486,6040
NYUP,487,6445
NYUP,488,7178
NYUP,489,7751
NYUP,490,7963
NYUP,491,8070
NYUP,492,8051
NYUP,493,8035
NYUP,494,7950
NYUP,495,7899
NYUP,496,7885
NYUP,497,7938
NYUP,498,8270
NYUP,499,8750
NYUP,500,8734
NYUP,501,8600
NYUP,502,8215
NYUP,503,7870
NYUP,504,7389
NYUP,505,7167
NYUP,506,6673
NYUP,507,6405
NYUP,508,6246
NYUP,509,6185
NYUP,510,6290
NYUP,511,6697
NYUP,512,7483
NYUP,513,8100
NYUP,514,8257
NYUP,515,8374
NYUP,516,8387
NYUP,517,8380
NYUP,518,8344
NYUP,519,8344
NYUP,520,8313
NYUP,521,8387
NYUP,522,8745
NYUP,523,9308
NYUP,524,9324
NYUP,525,9187
NYUP,526,8741
NYUP,527,8297
NYUP,528,7791
NYUP,529,6853
NYUP,530,6385
NYUP,531,6073
NYUP,532,5912
NYUP,533,5862
NYUP,534,5938
NYUP,535,6341
NYUP,536,7114
NYUP,537,7836
NYUP,538,8114
NYUP,539,8261
NYUP,540,8346
NYUP,541,8362
NYUP,542,8348
NYUP,543,8355
NYUP,544,8333
NYUP,545,8401
NYUP,546,8829
NYUP,547,9283
NYUP,548,9269
NYUP,549,9122
NYUP,550,8711
NYUP,551,8296
NYUP,552,7719
NYUP,553,7601
NYUP,554,7069
NYUP,555,6726
NYUP,556,6528
NYUP,557,6434
NYUP,558,6467
NYUP,559,6767
NYUP,560,7325
NYUP,561,7790
NYUP,562,8144
NYUP,563,8457
NYUP,564,8676
NYUP,565,8784
NYUP,566,8749
NYUP,567,8737
NYUP,568,8716
NYUP,569,8761
NYUP,570,9129
NYUP,571,9676
NYUP,572,9661
NYUP,573,9488
NYUP,574,9007
NYUP,575,8605
NYUP,576,8115
PJMC,1,13090
PJMC,2,12698
PJMC,3,12515
PJMC,4,12421
PJMC,5,12499
PJMC,6,12802
PJMC,7,13623
PJMC,8,14995
PJMC,9,15549
PJMC,10,15462
PJMC,11,15337
PJMC,12,15314
PJMC,13,15097
PJMC,14,14914
PJMC,15,14793
PJMC,16,14520
PJMC,17,14495
PJMC,18,15250
PJMC,19,16260
PJMC,20,16135
PJMC,21,15949
PJMC,22,15700
PJMC,23,15025
PJMC,24,14198
PJMC,25,12045
PJMC,26,11750
PJMC,27,11587
PJMC,28,11468
PJMC,29,11575
PJMC,30,11889
PJMC,31,12698
PJMC,32,14173
PJMC,33,14747
PJMC,34,14692
PJMC,35,14522
PJMC,36,14375
PJMC,37,14045
PJMC,38,13733
PJMC,39,13471
PJMC,40,13173
PJMC,41,13003
PJMC,42,13171
PJMC,43,14096
PJMC,44,14188
PJMC,45,13994
PJMC,46,13672
PJMC,47,13084
PJMC,48,12201
PJMC,49,12496
PJMC,50,12205
PJMC,51,12091
PJMC,52,12074
PJMC,53,12078
PJMC,54,12426
PJMC,55,13352
PJMC,56,14791
PJMC,57,15240
PJMC,58,15338
PJMC,59,15317
PJMC,60,15320
PJMC,61,15131
PJMC,62,15002
PJMC,63,14914
PJMC,64,14714
PJMC,65,14611
PJMC,66,14849
PJMC,67,15538
PJMC,68,15614
PJMC,69,15454
PJMC,70,15143
PJMC,71,14531
PJMC,72,13683
PJMC,73,11847
PJMC,74,11399
PJMC,75,11113
PJMC,76,10921
PJMC,77,10940
PJMC,78,11186
PJMC,79,12003
PJMC,80,13327
PJMC,81,13774
PJMC,82,13890
PJMC,83,13778
PJMC,84,13780
PJMC,85,13501
PJMC,86,13368
PJMC,87,13314
PJMC,88,13110
PJMC,89,12988
PJMC,90,13100
PJMC,91,13745
PJMC,92,14248
PJMC,93,14201
PJMC,94,13966
PJMC,95,13498
PJMC,96,12753
PJMC,97,11804
PJMC,98,11587
PJMC,99,11452
PJMC,100,11449
PJMC,101,11545
PJMC,102,11913
PJMC,103,12843
PJMC,104,13953
PJMC,105,14321
PJMC,106,14278
PJMC,107,14214
PJMC,108,14201
PJMC,109,14046
PJMC,110,13851
PJMC,111,13694
PJMC,112,13449
PJMC,113,13320
PJMC,114,13451
PJMC,115,13968
PJMC,116,14607
PJMC,117,14588
PJMC,118,14324
PJMC,119,13793
PJMC,120,12952
PJMC,121,10203
PJMC,122,9664
PJMC,123,9415
PJMC,124,9267
PJMC,125,9313
PJMC,126,9630
PJMC,127,10509
PJMC,128,11646
PJMC,129,12040
PJMC,130,12279
PJMC,131,12508
PJMC,132,12684
PJMC,133,12800
PJMC,134,12958
PJMC,135,13092
PJMC,136,13110
PJMC,137,13072
PJMC,138,12999
PJMC,139,12813
PJMC,140,12865
PJMC,141,13249
PJMC,142,12991
PJMC,143,12380
PJMC,144,11463
PJMC,145,9699
PJMC,146,9400
PJMC,147,9154
PJMC,148,9089
PJMC,149,9144
PJMC,150,9584
PJMC,151,10388
PJMC,152,11400
PJMC,153,11919
PJMC,154,12172
PJMC,155,12400
PJMC,156,12553
PJMC,157,12649
PJMC,158,12763
PJMC,159,12875
PJMC,160,12852
PJMC,161,12806
PJMC,162,12709
PJMC,163,12509
PJMC,164,12314
PJMC,165,12760
PJMC,166,12695
PJMC,167,12002
PJMC,168,11054
PJMC,169,9037
PJMC,170,8792
PJMC,171,8654
PJMC,172,8595
PJMC,173,8744
PJMC,174,9185
PJMC,175,9984
PJMC,176,10971
PJMC,177,11486
PJMC,178,11843
PJMC,179,12106
PJMC,180,12271
PJMC,181,12277
PJMC,182,12267
PJMC,183,12256
PJMC,184,12147
PJMC,185,11962
PJMC,186,11921
PJMC,187,11802
PJMC,188,11727
PJMC,189,12182
PJMC,190,12218
PJMC,191,11570
PJMC,192,10712
PJMC,193,11220
PJMC,194,10350
PJMC,195,9863
PJMC,196,9531
PJMC,197,9447
PJMC,198,9669
PJMC,199,10202
PJMC,200,11095
PJMC,201,11894
PJMC,202,12264
PJMC,203,12621
PJMC,204,12795
PJMC,205,12961
PJMC,206,13051
PJMC,207,13146
PJMC,208,13178
PJMC,209,13164
PJMC,210,13057
PJMC,211,12828
PJMC,212,12397
PJMC,213,12333
PJMC,214,12428
PJMC,215,11929
PJMC,216,11011
PJMC,217,13659
PJMC,218,12667
PJMC,219,12011
PJMC,220,11493
PJMC,221,11177
PJMC,222,11215
PJMC,223,11593
PJMC,224,12680
PJMC,225,13747
PJMC,226,14563
PJMC,227,15349
PJMC,228,16023
PJMC,229,16498
PJMC,230,16914
PJMC,231,17438
PJMC,232,17795
PJMC,233,17992
PJMC,234,18004
PJMC,235,17543
PJMC,236,16664
PJMC,237,15794
PJMC,238,15226
PJMC,239,14352
PJMC,240,12961
PJMC,241,11107
PJMC,242,10417
PJMC,243,10010
PJMC,244,9775
PJMC,245,9728
PJMC,246,9910
PJMC,247,10352
PJMC,248,11364
PJMC,249,12409
PJMC,250,13212
PJMC,251,13869
PJMC,252,14491
PJMC,253,15122
PJMC,254,15634
PJMC,255,16190
PJMC,256,16628
PJMC,257,16941
PJMC,258,17131
PJMC,259,16912
PJMC,260,16265
PJMC,261,15714
PJMC,262,15446
PJMC,263,14845
PJMC,264,13618
PJMC,265,17879
PJMC,266,16661
PJMC,267,15676
PJMC,268,14926
PJMC,269,14375
PJMC,270,14131
PJMC,271,14360
PJMC,272,15442
PJMC,273,16840
PJMC,274,18134
PJMC,275,19272
PJMC,276,19767
PJMC,277,19596
PJMC,278,19203
PJMC,279,19295
PJMC,280,19887
PJMC,281,20456
PJMC,282,20915
PJMC,283,20930
PJMC,284,20207
PJMC,285,19321
PJMC,286,18688
PJMC,287,17774
PJMC,288,16289
PJMC,289,13279
PJMC,290,12484
PJMC,291,11884
PJMC,292,11543
PJMC,293,11412
PJMC,294,11601
PJMC,295,12101
PJMC,296,13288
PJMC,297,14645
PJMC,298,15829
PJMC,299,16963
PJMC,300,18065
PJMC,301,18945
PJMC,302,19842
PJMC,303,20436
PJMC,304,20679
PJMC,305,20699
PJMC,306,20545
PJMC,307,19950
PJMC,308,18914
PJMC,309,18125
PJMC,310,17573
PJMC,311,16794
PJMC,312,15475
PJMC,313,18623
PJMC,314,17433
PJMC,315,16600
PJMC,316,15931
PJMC,317,15356
PJMC,318,15013
PJMC,319,15250
PJMC,320,16049
PJMC,321,16873
PJMC,322,17555
PJMC,323,18169
PJMC,324,18843
PJMC,325,19363
PJMC,326,20171
PJMC,327,20814
PJMC,328,21216
PJMC,329,21636
PJMC,330,21804
PJMC,331,21154
PJMC,332,19844
PJMC,333,18964
PJMC,334,18246
PJMC,335,17382
PJMC,336,15979
PJMC,337,15126
PJMC,338,13980
PJMC,339,13160
PJMC,340,12588
PJMC,341,12313
PJMC,342,12398
PJMC,343,12915
PJMC,344,13809
PJMC,345,15083
PJMC,346,16397
PJMC,347,17530
PJMC,348,18733
PJMC,349,20007
PJMC,350,21067
PJMC,351,21924
PJMC,352,22446
PJMC,353,22470
PJMC,354,22120
PJMC,355,21666
PJMC,356,20672
PJMC,357,19747
PJMC,358,19052
PJMC,359,18192
PJMC,360,16660
PJMC,361,13595
PJMC,362,12629
PJMC,363,11924
PJMC,364,11503
PJMC,365,11297
PJMC,366,11504
PJMC,367,12248
PJMC,368,13239
PJMC,369,14254
PJMC,370,15292
PJMC,371,16365
PJMC,372,17510
PJMC,373,18493
PJMC,374,19402
PJMC,375,20266
PJMC,376,20931
PJMC,377,21454
PJMC,378,21584
PJMC,379,21070
PJMC,380,20073
PJMC,381,19443
PJMC,382,18748
PJMC,383,17461
PJMC,384,15806
PJMC,385,14235
PJMC,386,12868
PJMC,387,12110
PJMC,388,11676
PJMC,389,11526
PJMC,390,11754
PJMC,391,12589
PJMC,392,13698
PJMC,393,14398
PJMC,394,14768
PJMC,395,15116
PJMC,396,15640
PJMC,397,16153
PJMC,398,16861
PJMC,399,17584
PJMC,400,18176
PJMC,401,18731
PJMC,402,19065
PJMC,403,18914
PJMC,404,18228
PJMC,405,17976
PJMC,406,17459
PJMC,407,16347
PJMC,408,14897
PJMC,409,10891
PJMC,410,10307
PJMC,411,9940
PJMC,412,9665
PJMC,413,9643
PJMC,414,9984
PJMC,415,10799
PJMC,416,11630
PJMC,417,12290
PJMC,418,12968
PJMC,419,13528
PJMC,420,14156
PJMC,421,14593
PJMC,422,15034
PJMC,423,15489
PJMC,424,15781
PJMC,425,16093
PJMC,426,16193
PJMC,427,15868
PJMC,428,15369
PJMC,429,15401
PJMC,430,14970
PJMC,431,14009
PJMC,432,12825
PJMC,433,10419
PJMC,434,9880
PJMC,435,9560
PJMC,436,9404
PJMC,437,9371
PJMC,438,9735
PJMC,439,10551
PJMC,440,11580
PJMC,441,12109
PJMC,442,12469
PJMC,443,12818
PJMC,444,13181
PJMC,445,13455
PJMC,446,13656
PJMC,447,13794
PJMC,448,13707
PJMC,449,13473
PJMC,450,13241
PJMC,451,13138
PJMC,452,13173
PJMC,453,13002
PJMC,454,12547
PJMC,455,11881
PJMC,456,10994
PJMC,457,10528
PJMC,458,10026
PJMC,459,9778
PJMC,460,9678
PJMC,461,9721
PJMC,462,10050
PJMC,463,10938
PJMC,464,12082
PJMC,465,12578
PJMC,466,12649
PJMC,467,12687
PJMC,468,12694
PJMC,469,12609
PJMC,470,12499
PJMC,471,12389
PJMC,472,12233
PJMC,473,12167
PJMC,474,12155
PJMC,475,12392
PJMC,476,12636
PJMC,477,12512
PJMC,478,12175
PJMC,479,11701
PJMC,480,11044
PJMC,481,10672
PJMC,482,10161
PJMC,483,9889
PJMC,484,9695
PJMC,485,9727
PJMC,486,10017
PJMC,487,10840
PJMC,488,12046
PJMC,489,12554
PJMC,490,12642
PJMC,491,12697
PJMC,492,12703
PJMC,493,12603
PJMC,494,12551
PJMC,495,12483
PJMC,496,12396
PJMC,497,12356
PJMC,498,12848
PJMC,499,13477
PJMC,500,13335
PJMC,501,13127
PJMC,502,12845
PJMC,503,12390
PJMC,504,11600
PJMC,505,12540
PJMC,506,12034
PJMC,507,11691
PJMC,508,11529
PJMC,509,11627
PJMC,510,11916
PJMC,511,12709
PJMC,512,14096
PJMC,513,14338
PJMC,514,14112
PJMC,515,13863
PJMC,516,13766
PJMC,517,13494
PJMC,518,13320
PJMC,519,13152
PJMC,520,13009
PJMC,521,13049
PJMC,522,13865
PJMC,523,14866
PJMC,524,14790
PJMC,525,14702
PJMC,526,14496
PJMC,527,13924
PJMC,528,13072
PJMC,529,11058
PJMC,530,10693
PJMC,531,10401
PJMC,532,10343
PJMC,533,10434
PJMC,534,10787
PJMC,535,11646
PJMC,536,13036
PJMC,537,13766
PJMC,538,13806
PJMC,539,13867
PJMC,540,13944
PJMC,541,13847
PJMC,542,13818
PJMC,543,13816
PJMC,544,13737
PJMC,545,13797
PJMC,546,14640
PJMC,547,15342
PJMC,548,15157
PJMC,549,14964
PJMC,550,14702
PJMC,551,14122
PJMC,552,13153
PJMC,553,12484
PJMC,554,11893
PJMC,555,11617
PJMC,556,11437
PJMC,557,11399
PJMC,558,11687
PJMC,559,12312
PJMC,560,13332
PJMC,561,13894
PJMC,562,14064
PJMC,563,14224
PJMC,564,14372
PJMC,565,14245
PJMC,566,14085
PJMC,567,14040
PJMC,568,13978
PJMC,569,13980
PJMC,570,14684
PJMC,571,15370
PJMC,572,15076
PJMC,573,14867
PJMC,574,14547
PJMC,575,13952
PJMC,576,13144
PJMD,1,12179
PJMD,2,12027
PJMD,3,12090
PJMD,4,12303
PJMD,5,12785
PJMD,6,13817
PJMD,7,15004
PJMD,8,15670
PJMD,9,15499
PJMD,10,15241
PJMD,11,15109
PJMD,12,15085
PJMD,13,15006
PJMD,14,15000
PJMD,15,15020
PJMD,16,15255
PJMD,17,15974
PJMD,18,17188
PJMD,19,17543
PJMD,20,17402
PJMD,21,17160
PJMD,22,16609
PJMD,23,15831
PJMD,24,15045
PJMD,25,11002
PJMD,26,10829
PJMD,27,10858
PJMD,28,11063
PJMD,29,11658
PJMD,30,12757
PJMD,31,13986
PJMD,32,14758
PJMD,33,14480
PJMD,34,13959
PJMD,35,13385
PJMD,36,13085
PJMD,37,12738
PJMD,38,12429
PJMD,39,12169
PJMD,40,12023
PJMD,41,12252
PJMD,42,13226
PJMD,43,14006
PJMD,44,13982
PJMD,45,13773
PJMD,46,13334
PJMD,47,12462
PJMD,48,11612
PJMD,49,13419
PJMD,50,13361
PJMD,51,13518
PJMD,52,14326
PJMD,53,14392
PJMD,54,15482
PJMD,55,16295
PJMD,56,16865
PJMD,57,16204
PJMD,58,15207
PJMD,59,14399
PJMD,60,13906
PJMD,61,13402
PJMD,62,12924
PJMD,63,12691
PJMD,64,12544
PJMD,65,12821
PJMD,66,13509
PJMD,67,14487
PJMD,68,14494
PJMD,69,14306
PJMD,70,13853
PJMD,71,12964
PJMD,72,12117
PJMD,73,10595
PJMD,74,10290
PJMD,75,10202
PJMD,76,10191
PJMD,77,10511
PJMD,78,11427
PJMD,79,12612
PJMD,80,13242
PJMD,81,13117
PJMD,82,13150
PJMD,83,13105
PJMD,84,12988
PJMD,85,12929
PJMD,86,12825
PJMD,87,12788
PJMD,88,12819
PJMD,89,13047
PJMD,90,13446
PJMD,91,13843
PJMD,92,13726
PJMD,93,13355
PJMD,94,12785
PJMD,95,11908
PJMD,96,11059
PJMD,97,11173
PJMD,98,11058
PJMD,99,11147
PJMD,100,11386
PJMD,101,11896
PJMD,102,12823
PJMD,103,13838
PJMD,104,14326
PJMD,105,14435
PJMD,106,14466
PJMD,107,14186
PJMD,108,14054
PJMD,109,13925
PJMD,110,13637
PJMD,111,13428
PJMD,112,13337
PJMD,113,13493
PJMD,114,13978
PJMD,115,14929
PJMD,116,15109
PJMD,117,14823
PJMD,118,14363
PJMD,119,13499
PJMD,120,12707
PJMD,121,8982
PJMD,122,8637
PJMD,123,8397
PJMD,124,8431
PJMD,125,8596
PJMD,126,9274
PJMD,127,10528
PJMD,128,11164
PJMD,129,11183
PJMD,130,11357
PJMD,131,11502
PJMD,132,11601
PJMD,133,11710
PJMD,134,11846
PJMD,135,11887
PJMD,136,11946
PJMD,137,12018
PJMD,138,12041
PJMD,139,11863
PJMD,140,12175
PJMD,141,12275
PJMD,142,11722
PJMD,143,10744
PJMD,144,9710
PJMD,145,8326
PJMD,146,7990
PJMD,147,7841
PJMD,148,7835
PJMD,149,8093
PJMD,150,8785
PJMD,151,9834
PJMD,152,10441
PJMD,153,10710
PJMD,154,11200
PJMD,155,10984
PJMD,156,11100
PJMD,157,11056
PJMD,158,10986
PJMD,159,10912
PJMD,160,10905
PJMD,161,10885
PJMD,162,10897
PJMD,163,10887
PJMD,164,11088
PJMD,165,11541
PJMD,166,11139
PJMD,167,10300
PJMD,168,9517
PJMD,169,8310
PJMD,170,8047
PJMD,171,7897
PJMD,172,7975
PJMD,173,8233
PJMD,174,8952
PJMD,175,10080
PJMD,176,10443
PJMD,177,10844
PJMD,178,11130
PJMD,179,11185
PJMD,180,11279
PJMD,181,11249
PJMD,182,10967
PJMD,183,11154
PJMD,184,11070
PJMD,185,11089
PJMD,186,11061
PJMD,187,10992
PJMD,188,11293
PJMD,189,11579
PJMD,190,11075
PJMD,191,10139
PJMD,192,9353
PJMD,193,9663
PJMD,194,9193
PJMD,195,8882
PJMD,196,8740
PJMD,197,8898
PJMD,198,9622
PJMD,199,10505
PJMD,200,11142
PJMD,201,11593
PJMD,202,11967
PJMD,203,12209
PJMD,204,12591
PJMD,205,12953
PJMD,206,13461
PJMD,207,13763
PJMD,208,13920
PJMD,209,14011
PJMD,210,13973
PJMD,211,13575
PJMD,212,13175
PJMD,213,13208
PJMD,214,12720
PJMD,215,11712
PJMD,216,10605
PJMD,217,11647
PJMD,218,11042
PJMD,219,10664
PJMD,220,10420
PJMD,221,10518
PJMD,222,11037
PJMD,223,11835
PJMD,224,12858
PJMD,225,13683
PJMD,226,14583
PJMD,227,15167
PJMD,228,15832
PJMD,229,16374
PJMD,230,16761
PJMD,231,17095
PJMD,232,17259
PJMD,233,17286
PJMD,234,17062
PJMD,235,16518
PJMD,236,15838
PJMD,237,15388
PJMD,238,14640
PJMD,239,13273
PJMD,240,12007
PJMD,241,10036
PJMD,242,9527
PJMD,243,9217
PJMD,244,9125
PJMD,245,9267
PJMD,246,9764
PJMD,247,10468
PJMD,248,11146
PJMD,249,11754
PJMD,250,12313
PJMD,251,12743
PJMD,252,12997
PJMD,253,13322
PJMD,254,13645
PJMD,255,13884
PJMD,256,14204
PJMD,257,14369
PJMD,258,14405
PJMD,259,14067
PJMD,260,13545
PJMD,261,13262
PJMD,262,13120
PJMD,263,12119
PJMD,264,11011
PJMD,265,12505
PJMD,266,11772
PJMD,267,11289
PJMD,268,11036
PJMD,269,11022
PJMD,270,11428
PJMD,271,11842
PJMD,272,12819
PJMD,273,14048
PJMD,274,15392
PJMD,275,16643
PJMD,276,17968
PJMD,277,18852
PJMD,278,19526
PJMD,279,19916
PJMD,280,20068
PJMD,281,20126
PJMD,282,19725
PJMD,283,19246
PJMD,284,18402
PJMD,285,17803
PJMD,286,16868
PJMD,287,14311
PJMD,288,11200
PJMD,289,13332
PJMD,290,12695
PJMD,291,12270
PJMD,292,11981
PJMD,293,12026
PJMD,294,12412
PJMD,295,12840
PJMD,296,13461
PJMD,297,14192
PJMD,298,14904
PJMD,299,15649
PJMD,300,16175
PJMD,301,16819
PJMD,302,17236
PJMD,303,17417
PJMD,304,17273
PJMD,305,17413
PJMD,306,17305
PJMD,307,16798
PJMD,308,16117
PJMD,309,15687
PJMD,310,15185
PJMD,311,14073
PJMD,312,12880
PJMD,313,11909
PJMD,314,11166
PJMD,315,10883
PJMD,316,10801
PJMD,317,10917
PJMD,318,11434
PJMD,319,12057
PJMD,320,12935
PJMD,321,13910
PJMD,322,15002
PJMD,323,16102
PJMD,324,17380
PJMD,325,18327
PJMD,326,19168
PJMD,327,19750
PJMD,328,20188
PJMD,329,20231
PJMD,330,20091
PJMD,331,19870
PJMD,332,19144
PJMD,333,18711
PJMD,334,18087
PJMD,335,16677
PJMD,336,15206
PJMD,337,11809
PJMD,338,11116
PJMD,339,10646
PJMD,340,10459
PJMD,341,10573
PJMD,342,11062
PJMD,343,11589
PJMD,344,12404
PJMD,345,13469
PJMD,346,14615
PJMD,347,15695
PJMD,348,16824
PJMD,349,17612
PJMD,350,18340
PJMD,351,18710
PJMD,352,18653
PJMD,353,18548
PJMD,354,18155
PJMD,355,17459
PJMD,356,16722
PJMD,357,16274
PJMD,358,15677
PJMD,359,14421
PJMD,360,13190
PJMD,361,10794
PJMD,362,10249
PJMD,363,9924
PJMD,364,9737
PJMD,365,9933
PJMD,366,10433
PJMD,367,11239
PJMD,368,11745
PJMD,369,12453
PJMD,370,13191
PJMD,371,13933
PJMD,372,14752
PJMD,373,15481
PJMD,374,16163
PJMD,375,16680
PJMD,376,17023
PJMD,377,17275
PJMD,378,17159
PJMD,379,16672
PJMD,380,16012
PJMD,381,15774
PJMD,382,14925
PJMD,383,13593
PJMD,384,12267
PJMD,385,12031
PJMD,386,11431
PJMD,387,11067
PJMD,388,10918
PJMD,389,11111
PJMD,390,11776
PJMD,391,12758
PJMD,392,13251
PJMD,393,13723
PJMD,394,14330
PJMD,395,14922
PJMD,396,15748
PJMD,397,16386
PJMD,398,16899
PJMD,399,17298
PJMD,400,17535
PJMD,401,17561
PJMD,402,17365
PJMD,403,16929
PJMD,404,16540
PJMD,405,16288
PJMD,406,15285
PJMD,407,13996
PJMD,408,12815
PJMD,409,9231
PJMD,410,8729
PJMD,411,8560
PJMD,412,8526
PJMD,413,8703
PJMD,414,9303
PJMD,415,10260
PJMD,416,10668
PJMD,417,11114
PJMD,418,11517
PJMD,419,11913
PJMD,420,12122
PJMD,421,12358
PJMD,422,12652
PJMD,423,12923
PJMD,424,13244
PJMD,425,13510
PJMD,426,13589
PJMD,427,13240
PJMD,428,13044
PJMD,429,12945
PJMD,430,12064
PJMD,431,10957
PJMD,432,9897
PJMD,433,10354
PJMD,434,9871
PJMD,435,9593
PJMD,436,9543
PJMD,437,9662
PJMD,438,10301
PJMD,439,11471
PJMD,440,11967
PJMD,441,12106
PJMD,442,12391
PJMD,443,12695
PJMD,444,13014
PJMD,445,13255
PJMD,446,13274
PJMD,447,13548
PJMD,448,13566
PJMD,449,13656
PJMD,450,13468
PJMD,451,13107
PJMD,452,13317
PJMD,453,12981
PJMD,454,12184
PJMD,455,11114
PJMD,456,10120
PJMD,457,9074
PJMD,458,8842
PJMD,459,8626
PJMD,460,8578
PJMD,461,8755
PJMD,462,9430
PJMD,463,10397
PJMD,464,11254
PJMD,465,11578
PJMD,466,11772
PJMD,467,11852
PJMD,468,11900
PJMD,469,11926
PJMD,470,11967
PJMD,471,11909
PJMD,472,11850
PJMD,473,11803
PJMD,474,11732
PJMD,475,11717
PJMD,476,11733
PJMD,477,11421
PJMD,478,10926
PJMD,479,10197
PJMD,480,9562
PJMD,481,10296
PJMD,482,9986
PJMD,483,9928
PJMD,484,9939
PJMD,485,10322
PJMD,486,11153
PJMD,487,12225
PJMD,488,12742
PJMD,489,12703
PJMD,490,12516
PJMD,491,12319
PJMD,492,12017
PJMD,493,11822
PJMD,494,11778
PJMD,495,11716
PJMD,496,11791
PJMD,497,12246
PJMD,498,13209
PJMD,499,13284
PJMD,500,13145
PJMD,501,12896
PJMD,502,12464
PJMD,503,11627
PJMD,504,10887
PJMD,505,11219
PJMD,506,10942
PJMD,507,10900
PJMD,508,11013
PJMD,509,11387
PJMD,510,12372
PJMD,511,13584
PJMD,512,14112
PJMD,513,13941
PJMD,514,13683
PJMD,515,13106
PJMD,516,12752
PJMD,517,12444
PJMD,518,12264
PJMD,519,12129
PJMD,520,12207
PJMD,521,13001
PJMD,522,14350
PJMD,523,14722
PJMD,524,14726
PJMD,525,14644
PJMD,526,14332
PJMD,527,13511
PJMD,528,12819
PJMD,529,9434
PJMD,530,9042
PJMD,531,8890
PJMD,532,8901
PJMD,533,9237
PJMD,534,10067
PJMD,535,11307
PJMD,536,12040
PJMD,537,12109
PJMD,538,12218
PJMD,539,12159
PJMD,540,12122
PJMD,541,12081
PJMD,542,12045
PJMD,543,12032
PJMD,544,12102
PJMD,545,12706
PJMD,546,13591
PJMD,547,13530
PJMD,548,13275
PJMD,549,12897
PJMD,550,12246
PJMD,551,11237
PJMD,552,10177
PJMD,553,11223
PJMD,554,10991
PJMD,555,10828
PJMD,556,10916
PJMD,557,11270
PJMD,558,11905
PJMD,559,12523
PJMD,560,13265
PJMD,561,13572
PJMD,562,13578
PJMD,563,13519
PJMD,564,13402
PJMD,565,13229
PJMD,566,13097
PJMD,567,12956
PJMD,568,13002
PJMD,569,13534
PJMD,570,14573
PJMD,571,14743
PJMD,572,14602
PJMD,573,14352
PJMD,574,13974
PJMD,575,13221
PJMD,576,12427
PJME,1,29911
PJME,2,29201
PJME,3,29001
PJME,4,29320
PJME,5,30293
PJME,6,32738
PJME,7,36951
PJME,8,39238
PJME,9,38970
PJME,10,38523
PJME,11,38730
PJME,12,38686
PJME,13,38555
PJME,14,38627
PJME,15,38619
PJME,16,39077
PJME,17,41122
PJME,18,44902
PJME,19,45211
PJME,20,44743
PJME,21,44087
PJME,22,41954
PJME,23,39501
PJME,24,37158
PJME,25,28265
PJME,26,27702
PJME,27,27645
PJME,28,27944
PJME,29,29024
PJME,30,31550
PJME,31,35957
PJME,32,37882
PJME,33,37123
PJME,34,36212
PJME,35,35830
PJME,36,35183
PJME,37,34501
PJME,38,33929
PJME,39,33393
PJME,40,33363
PJME,41,34372
PJME,42,37490
PJME,43,38731
PJME,44,38329
PJME,45,37463
PJME,46,35371
PJME,47,32783
PJME,48,30388
PJME,49,32287
PJME,50,31524
PJME,51,31382
PJME,52,31666
PJME,53,32556
PJME,54,35041
PJME,55,39314
PJME,56,40766
PJME,57,39634
PJME,58,38337
PJME,59,37476
PJME,60,36383
PJME,61,35439
PJME,62,34618
PJME,63,33805
PJME,64,33562
PJME,65,34374
PJME,66,36846
PJME,67,38800
PJME,68,38630
PJME,69,37992
PJME,70,36020
PJME,71,33498
PJME,72,31213
PJME,73,28553
PJME,74,27835
PJME,75,27625
PJME,76,27700
PJME,77,28430
PJME,78,30613
PJME,79,34616
PJME,80,36392
PJME,81,36018
PJME,82,35648
PJME,83,35657
PJME,84,35424
PJME,85,35132
PJME,86,34922
PJME,87,34586
PJME,88,34812
PJME,89,35443
PJME,90,37042
PJME,91,37675
PJME,92,37007
PJME,93,36129
PJME,94,34004
PJME,95,31574
PJME,96,29269
PJME,97,27888
PJME,98,27403
PJME,99,27362
PJME,100,27685
PJME,101,28782
PJME,102,31293
PJME,103,35173
PJME,104,36582
PJME,105,35992
PJME,106,35280
PJME,107,35150
PJME,108,34631
PJME,109,34222
PJME,110,33857
PJME,111,33312
PJME,112,33412
PJME,113,34148
PJME,114,35731
PJME,115,38150
PJME,116,38404
PJME,117,37852
PJME,118,36005
PJME,119,33451
PJME,120,31437
PJME,121,23059
PJME,122,21987
PJME,123,21446
PJME,124,21367
PJME,125,21813
PJME,126,23653
PJME,127,27525
PJME,128,29488
PJME,129,29525
PJME,130,29389
PJME,131,29639
PJME,132,29626
PJME,133,29537
PJME,134,29466
PJME,135,29324
PJME,136,29324
PJME,137,29425
PJME,138,29653
PJME,139,29602
PJME,140,30979
PJME,141,31296
PJME,142,29671
PJME,143,27139
PJME,144,24653
PJME,145,22870
PJME,146,22004
PJME,147,21771
PJME,148,21900
PJME,149,22730
PJME,150,24874
PJME,151,28730
PJME,152,30605
PJME,153,30888
PJME,154,30749
PJME,155,30775
PJME,156,30409
PJME,157,29965
PJME,158,29646
PJME,159,29184
PJME,160,28853
PJME,161,28886
PJME,162,29168
PJME,163,29154
PJME,164,30247
PJME,165,31587
PJME,166,30199
PJME,167,28039
PJME,168,25789
PJME,169,21582
PJME,170,20877
PJME,171,20597
PJME,172,20736
PJME,173,21422
PJME,174,23257
PJME,175,26135
PJME,176,27939
PJME,177,28674
PJME,178,29001
PJME,179,29445
PJME,180,29439
PJME,181,29251
PJME,182,29190
PJME,183,28763
PJME,184,28540
PJME,185,28609
PJME,186,28846
PJME,187,28688
PJME,188,29665
PJME,189,30749
PJME,190,29235
PJME,191,26995
PJME,192,24529
PJME,193,24521
PJME,194,23210
PJME,195,22461
PJME,196,22105
PJME,197,22348
PJME,198,24052
PJME,199,26970
PJME,200,29362
PJME,201,30718
PJME,202,31639
PJME,203,32816
PJME,204,33619
PJME,205,34287
PJME,206,34974
PJME,207,35408
PJME,208,35956
PJME,209,36440
PJME,210,36467
PJME,211,35573
PJME,212,34554
PJME,213,34955
PJME,214,33971
PJME,215,30840
PJME,216,27682
PJME,217,31885
PJME,218,29905
PJME,219,28614
PJME,220,27809
PJME,221,27783
PJME,222,29106
PJME,223,32281
PJME,224,36117
PJME,225,39003
PJME,226,41575
PJME,227,44223
PJME,228,46343
PJME,229,47833
PJME,230,48804
PJME,231,49575
PJME,232,50468
PJME,233,51112
PJME,234,50805
PJME,235,48752
PJME,236,46352
PJME,237,44210
PJME,238,41359
PJME,239,37255
PJME,240,33354
PJME,241,25628
PJME,242,24170
PJME,243,23289
PJME,244,22928
PJME,245,23279
PJME,246,24464
PJME,247,26790
PJME,248,29224
PJME,249,31024
PJME,250,32440
PJME,251,33812
PJME,252,34860
PJME,253,35574
PJME,254,36310
PJME,255,36941
PJME,256,37556
PJME,257,37963
PJME,258,38027
PJME,259,36808
PJME,260,35347
PJME,261,34717
PJME,262,34358
PJME,263,31681
PJME,264,28559
PJME,265,33293
PJME,266,31030
PJME,267,29568
PJME,268,28775
PJME,269,28719
PJME,270,29812
PJME,271,31935
PJME,272,34624
PJME,273,37480
PJME,274,40628
PJME,275,43906
PJME,276,47489
PJME,277,50059
PJME,278,52232
PJME,279,53750
PJME,280,55035
PJME,281,56211
PJME,282,56546
PJME,283,55003
PJME,284,52594
PJME,285,50529
PJME,286,48649
PJME,287,43918
PJME,288,37646
PJME,289,34612
PJME,290,32502
PJME,291,31002
PJME,292,30030
PJME,293,29873
PJME,294,30678
PJME,295,32683
PJME,296,35023
PJME,297,36829
PJME,298,38771
PJME,299,40516
PJME,300,42229
PJME,301,43535
PJME,302,44886
PJME,303,45890
PJME,304,46631
PJME,305,47673
PJME,306,48068
PJME,307,46867
PJME,308,44704
PJME,309,42852
PJME,310,41779
PJME,311,38314
PJME,312,34485
PJME,313,30622
PJME,314,28716
PJME,315,27522
PJME,316,26890
PJME,317,27000
PJME,318,28387
PJME,319,30770
PJME,320,33642
PJME,321,36140
PJME,322,38187
PJME,323,40102
PJME,324,42365
PJME,325,44719
PJME,326,47448
PJME,327,50061
PJME,328,52415
PJME,329,54029
PJME,330,54549
PJME,331,52773
PJME,332,49836
PJME,333,46954
PJME,334,44439
PJME,335,40397
PJME,336,36598
PJME,337,30318
PJME,338,28319
PJME,339,27122
PJME,340,26434
PJME,341,26508
PJME,342,27865
PJME,343,29998
PJME,344,32812
PJME,345,35717
PJME,346,38660
PJME,347,41797
PJME,348,44414
PJME,349,46499
PJME,350,48218
PJME,351,49497
PJME,352,50661
PJME,353,51174
PJME,354,51388
PJME,355,50057
PJME,356,47629
PJME,357,46430
PJME,358,44683
PJME,359,40934
PJME,360,37263
PJME,361,27067
PJME,362,25293
PJME,363,24245
PJME,364,23837
PJME,365,23933
PJME,366,25292
PJME,367,27923
PJME,368,29840
PJME,369,31638
PJME,370,33314
PJME,371,35077
PJME,372,36734
PJME,373,38098
PJME,374,39674
PJME,375,40988
PJME,376,42328
PJME,377,43267
PJME,378,43455
PJME,379,41908
PJME,380,40234
PJME,381,39991
PJME,382,37676
PJME,383,34233
PJME,384,31158
PJME,385,32182
PJME,386,30482
PJME,387,29430
PJME,388,28954
PJME,389,29240
PJME,390,31147
PJME,391,35068
PJME,392,37131
PJME,393,38380
PJME,394,39910
PJME,395,41462
PJME,396,42646
PJME,397,43587
PJME,398,44766
PJME,399,45475
PJME,400,46255
PJME,401,47099
PJME,402,47346
PJME,403,45698
PJME,404,44368
PJME,405,43862
PJME,406,40836
PJME,407,36954
PJME,408,33356
PJME,409,22925
PJME,410,21879
PJME,411,21279
PJME,412,21025
PJME,413,21402
PJME,414,23048
PJME,415,26214
PJME,416,27837
PJME,417,28551
PJME,418,29356
PJME,419,30246
PJME,420,30791
PJME,421,31182
PJME,422,31652
PJME,423,32078
PJME,424,32599
PJME,425,33124
PJME,426,33246
PJME,427,32461
PJME,428,32640
PJME,429,32794
PJME,430,30762
PJME,431,27836
PJME,432,25202
PJME,433,25579
PJME,434,24212
PJME,435,23490
PJME,436,23056
PJME,437,23502
PJME,438,25318
PJME,439,29165
PJME,440,31250
PJME,441,32007
PJME,442,32769
PJME,443,33598
PJME,444,34249
PJME,445,34520
PJME,446,34842
PJME,447,34856
PJME,448,34926
PJME,449,35232
PJME,450,35147
PJME,451,34787
PJME,452,35536
PJME,453,34435
PJME,454,32326
PJME,455,29400
PJME,456,26389
PJME,457,22970
PJME,458,21994
PJME,459,21532
PJME,460,21362
PJME,461,21861
PJME,462,23500
PJME,463,27099
PJME,464,29540
PJME,465,30081
PJME,466,30482
PJME,467,30920
PJME,468,31020
PJME,469,30889
PJME,470,30752
PJME,471,30510
PJME,472,30345
PJME,473,30311
PJME,474,30352
PJME,475,31016
PJME,476,31042
PJME,477,30112
PJME,478,28692
PJME,479,26676
PJME,480,24482
PJME,481,26311
PJME,482,25573
PJME,483,25220
PJME,484,25181
PJME,485,26427
PJME,486,28351
PJME,487,32280
PJME,488,33765
PJME,489,33401
PJME,490,32718
PJME,491,32119
PJME,492,31453
PJME,493,31006
PJME,494,30905
PJME,495,30757
PJME,496,31054
PJME,497,32566
PJME,498,35073
PJME,499,35051
PJME,500,34545
PJME,501,33769
PJME,502,32111
PJME,503,29871
PJME,504,27720
PJME,505,28675
PJME,506,27877
PJME,507,27488
PJME,508,27561
PJME,509,28355
PJME,510,30729
PJME,511,34971
PJME,512,36568
PJME,513,35904
PJME,514,35188
PJME,515,34503
PJME,516,33874
PJME,517,33307
PJME,518,33053
PJME,519,32806
PJME,520,33179
PJME,521,35152
PJME,522,38633
PJME,523,38839
PJME,524,38515
PJME,525,37850
PJME,526,36072
PJME,527,33563
PJME,528,31291
PJME,529,25162
PJME,530,24182
PJME,531,23772
PJME,532,23906
PJME,533,24649
PJME,534,26858
PJME,535,30989
PJME,536,33326
PJME,537,33476
PJME,538,33333
PJME,539,33454
PJME,540,33291
PJME,541,33029
PJME,542,32798
PJME,543,32692
PJME,544,33120
PJME,545,35186
PJME,546,37368
PJME,547,37154
PJME,548,36435
PJME,549,35569
PJME,550,33536
PJME,551,30764
PJME,552,27983
PJME,553,29235
PJME,554,28186
PJME,555,27685
PJME,556,27623
PJME,557,28243
PJME,558,29895
PJME,559,32567
PJME,560,34610
PJME,561,35525
PJME,562,36170
PJME,563,36606
PJME,564,36443
PJME,565,36202
PJME,566,36066
PJME,567,35923
PJME,568,36198
PJME,569,37841
PJME,570,40689
PJME,571,40411
PJME,572,39608
PJME,573,38874
PJME,574,36831
PJME,575,34550
PJME,576,32185
PJMW,1,36127
PJMW,2,35525
PJMW,3,35364
PJMW,4,35550
PJMW,5,36457
PJMW,6,38731
PJMW,7,42787
PJMW,8,44848
PJMW,9,44494
PJMW,10,43979
PJMW,11,43833
PJMW,12,43587
PJMW,13,43285
PJMW,14,42988
PJMW,15,42517
PJMW,16,42436
PJMW,17,43417
PJMW,18,46175
PJMW,19,47290
PJMW,20,46947
PJMW,21,46408
PJMW,22,44843
PJMW,23,42766
PJMW,24,40610
PJMW,25,32993
PJMW,26,32618
PJMW,27,32695
PJMW,28,33035
PJMW,29,34192
PJMW,30,36698
PJMW,31,40741
PJMW,32,42772
PJMW,33,42009
PJMW,34,40880
PJMW,35,40315
PJMW,36,39358
PJMW,37,38443
PJMW,38,37618
PJMW,39,36778
PJMW,40,36303
PJMW,41,36608
PJMW,42,38166
PJMW,43,39913
PJMW,44,39751
PJMW,45,39220
PJMW,46,37607
PJMW,47,35325
PJMW,48,33152
PJMW,49,36236
PJMW,50,35707
PJMW,51,35685
PJMW,52,36143
PJMW,53,37260
PJMW,54,39728
PJMW,55,44039
PJMW,56,45809
PJMW,57,44607
PJMW,58,43018
PJMW,59,41940
PJMW,60,40801
PJMW,61,39994
PJMW,62,39351
PJMW,63,38603
PJMW,64,38263
PJMW,65,38720
PJMW,66,40063
PJMW,67,42008
PJMW,68,42089
PJMW,69,41521
PJMW,70,40027
PJMW,71,37733
PJMW,72,35614
PJMW,73,31089
PJMW,74,30286
PJMW,75,29893
PJMW,76,29945
PJMW,77,30613
PJMW,78,32769
PJMW,79,36483
PJMW,80,38448
PJMW,81,38126
PJMW,82,37778
PJMW,83,37778
PJMW,84,37574
PJMW,85,37281
PJMW,86,37062
PJMW,87,36634
PJMW,88,36344
PJMW,89,36751
PJMW,90,37701
PJMW,91,38802
PJMW,92,38719
PJMW,93,38167
PJMW,94,36634
PJMW,95,34683
PJMW,96,32665
PJMW,97,32196
PJMW,98,31901
PJMW,99,31945
PJMW,100,32263
PJMW,101,33368
PJMW,102,35751
PJMW,103,39616
PJMW,104,41066
PJMW,105,40832
PJMW,106,40435
PJMW,107,40093
PJMW,108,39699
PJMW,109,39330
PJMW,110,38858
PJMW,111,38254
PJMW,112,37934
PJMW,113,38303
PJMW,114,39161
PJMW,115,40894
PJMW,116,41860
PJMW,117,41603
PJMW,118,40147
PJMW,119,38124
PJMW,120,36224
PJMW,121,26230
PJMW,122,25355
PJMW,123,24873
PJMW,124,24920
PJMW,125,25700
PJMW,126,27670
PJMW,127,31226
PJMW,128,33353
PJMW,129,33202
PJMW,130,32824
PJMW,131,32969
PJMW,132,33024
PJMW,133,33091
PJMW,134,33165
PJMW,135,32954
PJMW,136,32735
PJMW,137,32694
PJMW,138,32557
PJMW,139,32586
PJMW,140,33100
PJMW,141,34098
PJMW,142,32839
PJMW,143,30410
PJMW,144,27970
PJMW,145,25317
PJMW,146,24584
PJMW,147,24380
PJMW,148,24510
PJMW,149,25403
PJMW,150,27372
PJMW,151,30806
PJMW,152,32547
PJMW,153,33062
PJMW,154,33174
PJMW,155,33375
PJMW,156,33299
PJMW,157,33053
PJMW,158,33028
PJMW,159,32669
PJMW,160,32346
PJMW,161,32176
PJMW,162,32088
PJMW,163,31975
PJMW,164,32157
PJMW,165,33577
PJMW,166,32530
PJMW,167,30510
PJMW,168,28416
PJMW,169,24413
PJMW,170,23988
PJMW,171,24016
PJMW,172,24233
PJMW,173,25243
PJMW,174,27367
PJMW,175,30609
PJMW,176,32118
PJMW,177,32619
PJMW,178,32730
PJMW,179,33051
PJMW,180,32930
PJMW,181,32769
PJMW,182,32645
PJMW,183,32184
PJMW,184,31783
PJMW,185,31619
PJMW,186,31547
PJMW,187,31453
PJMW,188,31922
PJMW,189,33208
PJMW,190,32331
PJMW,191,30231
PJMW,192,28047
PJMW,193,27498
PJMW,194,26204
PJMW,195,25401
PJMW,196,25031
PJMW,197,25522
PJMW,198,27264
PJMW,199,29963
PJMW,200,31770
PJMW,201,33077
PJMW,202,33783
PJMW,203,34696
PJMW,204,35427
PJMW,205,35970
PJMW,206,36570
PJMW,207,36739
PJMW,208,36687
PJMW,209,36748
PJMW,210,36460
PJMW,211,35687
PJMW,212,34733
PJMW,213,34655
PJMW,214,34319
PJMW,215,31751
PJMW,216,29008
PJMW,217,33294
PJMW,218,31596
PJMW,219,30592
PJMW,220,29922
PJMW,221,30240
PJMW,222,31617
PJMW,223,34368
PJMW,224,37247
PJMW,225,39058
PJMW,226,40119
PJMW,227,41260
PJMW,228,42185
PJMW,229,43124
PJMW,230,43856
PJMW,231,44229
PJMW,232,44697
PJMW,233,44873
PJMW,234,44167
PJMW,235,42692
PJMW,236,41039
PJMW,237,40002
PJMW,238,39018
PJMW,239,35986
PJMW,240,32749
PJMW,241,28035
PJMW,242,26583
PJMW,243,25802
PJMW,244,25518
PJMW,245,25848
PJMW,246,27159
PJMW,247,28972
PJMW,248,30979
PJMW,249,32725
PJMW,250,34192
PJMW,251,35687
PJMW,252,36729
PJMW,253,37730
PJMW,254,38711
PJMW,255,39361
PJMW,256,40062
PJMW,257,40591
PJMW,258,40700
PJMW,259,40083
PJMW,260,38883
PJMW,261,37715
PJMW,262,37216
PJMW,263,34853
PJMW,264,31848
PJMW,265,39166
PJMW,266,36827
PJMW,267,35412
PJMW,268,34489
PJMW,269,34240
PJMW,270,35095
PJMW,271,36895
PJMW,272,39520
PJMW,273,42587
PJMW,274,45375
PJMW,275,48316
PJMW,276,50789
PJMW,277,52557
PJMW,278,53844
PJMW,279,54130
PJMW,280,53406
PJMW,281,51834
PJMW,282,47791
PJMW,283,44631
PJMW,284,41615
PJMW,285,39427
PJMW,286,37561
PJMW,287,34641
PJMW,288,31547
PJMW,289,33314
PJMW,290,31585
PJMW,291,30397
PJMW,292,29789
PJMW,293,29928
PJMW,294,31029
PJMW,295,33021
PJMW,296,35266
PJMW,297,37519
PJMW,298,39486
PJMW,299,41625
PJMW,300,43273
PJMW,301,44757
PJMW,302,46092
PJMW,303,46990
PJMW,304,47517
PJMW,305,47952
PJMW,306,47796
PJMW,307,46559
PJMW,308,44898
PJMW,309,43201
PJMW,310,41910
PJMW,311,39185
PJMW,312,35730
PJMW,313,37340
PJMW,314,35561
PJMW,315,34332
PJMW,316,33684
PJMW,317,33715
PJMW,318,35006
PJMW,319,37241
PJMW,320,39568
PJMW,321,42309
PJMW,322,44921
PJMW,323,47556
PJMW,324,49801
PJMW,325,51384
PJMW,326,52569
PJMW,327,52998
PJMW,328,52820
PJMW,329,51720
PJMW,330,50508
PJMW,331,48546
PJMW,332,46310
PJMW,333,44800
PJMW,334,43764
PJMW,335,40934
PJMW,336,37716
PJMW,337,33144
PJMW,338,30986
PJMW,339,29773
PJMW,340,29081
PJMW,341,29157
PJMW,342,30411
PJMW,343,32444
PJMW,344,34518
PJMW,345,36985
PJMW,346,39624
PJMW,347,42406
PJMW,348,44887
PJMW,349,46966
PJMW,350,48725
PJMW,351,49982
PJMW,352,51010
PJMW,353,51513
PJMW,354,51342
PJMW,355,49883
PJMW,356,47985
PJMW,357,46421
PJMW,358,44917
PJMW,359,41579
PJMW,360,38045
PJMW,361,29528
PJMW,362,27894
PJMW,363,26908
PJMW,364,26580
PJMW,365,26848
PJMW,366,28361
PJMW,367,31242
PJMW,368,32652
PJMW,369,33956
PJMW,370,35584
PJMW,371,37460
PJMW,372,39140
PJMW,373,40618
PJMW,374,42296
PJMW,375,43519
PJMW,376,44743
PJMW,377,45601
PJMW,378,45596
PJMW,379,44445
PJMW,380,42709
PJMW,381,42069
PJMW,382,39990
PJMW,383,36510
PJMW,384,33197
PJMW,385,32589
PJMW,386,30933
PJMW,387,29918
PJMW,388,29403
PJMW,389,29776
PJMW,390,31341
PJMW,391,34776
PJMW,392,36377
PJMW,393,37564
PJMW,394,39168
PJMW,395,40864
PJMW,396,42542
PJMW,397,44206
PJMW,398,45451
PJMW,399,46214
PJMW,400,46664
PJMW,401,46582
PJMW,402,45721
PJMW,403,44247
PJMW,404,43032
PJMW,405,42936
PJMW,406,40637
PJMW,407,37276
PJMW,408,34239
PJMW,409,26029
PJMW,410,25098
PJMW,411,24437
PJMW,412,24221
PJMW,413,24774
PJMW,414,26410
PJMW,415,29495
PJMW,416,30780
PJMW,417,31471
PJMW,418,32279
PJMW,419,33321
PJMW,420,34009
PJMW,421,34711
PJMW,422,35389
PJMW,423,35691
PJMW,424,36353
PJMW,425,36799
PJMW,426,36741
PJMW,427,36210
PJMW,428,35480
PJMW,429,35827
PJMW,430,33924
PJMW,431,30993
PJMW,432,28366
PJMW,433,26457
PJMW,434,25354
PJMW,435,24797
PJMW,436,24652
PJMW,437,25225
PJMW,438,27007
PJMW,439,30437
PJMW,440,32246
PJMW,441,32356
PJMW,442,32763
PJMW,443,33509
PJMW,444,34024
PJMW,445,34343
PJMW,446,34663
PJMW,447,34709
PJMW,448,34662
PJMW,449,34535
PJMW,450,34238
PJMW,451,33887
PJMW,452,34766
PJMW,453,34455
PJMW,454,32841
PJMW,455,30420
PJMW,456,27963
PJMW,457,26432
PJMW,458,25959
PJMW,459,25450
PJMW,460,25399
PJMW,461,26151
PJMW,462,27752
PJMW,463,30916
PJMW,464,33051
PJMW,465,33431
PJMW,466,33138
PJMW,467,33098
PJMW,468,32962
PJMW,469,32626
PJMW,470,32490
PJMW,471,32247
PJMW,472,31892
PJMW,473,31929
PJMW,474,31925
PJMW,475,32262
PJMW,476,32636
PJMW,477,32138
PJMW,478,30995
PJMW,479,29307
PJMW,480,27447
PJMW,481,29428
PJMW,482,28665
PJMW,483,28336
PJMW,484,28435
PJMW,485,29412
PJMW,486,31518
PJMW,487,35132
PJMW,488,36721
PJMW,489,36295
PJMW,490,35618
PJMW,491,35243
PJMW,492,34547
PJMW,493,33966
PJMW,494,33534
PJMW,495,33118
PJMW,496,32890
PJMW,497,33553
PJMW,498,35716
PJMW,499,36352
PJMW,500,36048
PJMW,501,35447
PJMW,502,34185
PJMW,503,32179
PJMW,504,30199
PJMW,505,33131
PJMW,506,32444
PJMW,507,32162
PJMW,508,32255
PJMW,509,33108
PJMW,510,35349
PJMW,511,39221
PJMW,512,40859
PJMW,513,39936
PJMW,514,39086
PJMW,515,38248
PJMW,516,37349
PJMW,517,36618
PJMW,518,36214
PJMW,519,35721
PJMW,520,35666
PJMW,521,36880
PJMW,522,39970
PJMW,523,41126
PJMW,524,41159
PJMW,525,40834
PJMW,526,39580
PJMW,527,37482
PJMW,528,35425
PJMW,529,27254
PJMW,530,26498
PJMW,531,26193
PJMW,532,26406
PJMW,533,27309
PJMW,534,29473
PJMW,535,33338
PJMW,536,35728
PJMW,537,35812
PJMW,538,35662
PJMW,539,35890
PJMW,540,35715
PJMW,541,35558
PJMW,542,35423
PJMW,543,35039
PJMW,544,35183
PJMW,545,36235
PJMW,546,38497
PJMW,547,38842
PJMW,548,38403
PJMW,549,37719
PJMW,550,36250
PJMW,551,33961
PJMW,552,31530
PJMW,553,32772
PJMW,554,32020
PJMW,555,31624
PJMW,556,31623
PJMW,557,32158
PJMW,558,33706
PJMW,559,36232
PJMW,560,38183
PJMW,561,38652
PJMW,562,39004
PJMW,563,39423
PJMW,564,39184
PJMW,565,38926
PJMW,566,38570
PJMW,567,38064
PJMW,568,38019
PJMW,569,38817
PJMW,570,41258
PJMW,571,41732
PJMW,572,41064
PJMW,573,40585
PJMW,574,39052
PJMW,575,37130
PJMW,576,35055
RMRG,1,9062
RMRG,2,8574
RMRG,3,8376
RMRG,4,8271
RMRG,5,8481
RMRG,6,8534
RMRG,7,8575
RMRG,8,8950
RMRG,9,9408
RMRG,10,9556
RMRG,11,9710
RMRG,12,9739
RMRG,13,9735
RMRG,14,9659
RMRG,15,9650
RMRG,16,9590
RMRG,17,9690
RMRG,18,9826
RMRG,19,10132
RMRG,20,10786
RMRG,21,10617
RMRG,22,10344
RMRG,23,10085
RMRG,24,9605
RMRG,25,8804
RMRG,26,8387
RMRG,27,8216
RMRG,28,8132
RMRG,29,8261
RMRG,30,8400
RMRG,31,8556
RMRG,32,8945
RMRG,33,9427
RMRG,34,9521
RMRG,35,9503
RMRG,36,9624
RMRG,37,9645
RMRG,38,9610
RMRG,39,9549
RMRG,40,9432
RMRG,41,9425
RMRG,42,9572
RMRG,43,9821
RMRG,44,10314
RMRG,45,10372
RMRG,46,10133
RMRG,47,9861
RMRG,48,9389
RMRG,49,9295
RMRG,50,8791
RMRG,51,8583
RMRG,52,8529
RMRG,53,8614
RMRG,54,8668
RMRG,55,8892
RMRG,56,9271
RMRG,57,9804
RMRG,58,9888
RMRG,59,9913
RMRG,60,9798
RMRG,61,9618
RMRG,62,9507
RMRG,63,9479
RMRG,64,9443
RMRG,65,9493
RMRG,66,9734
RMRG,67,9963
RMRG,68,10353
RMRG,69,10557
RMRG,70,10337
RMRG,71,10070
RMRG,72,9530
RMRG,73,9018
RMRG,74,8626
RMRG,75,8460
RMRG,76,8383
RMRG,77,8471
RMRG,78,8659
RMRG,79,8818
RMRG,80,9219
RMRG,81,9738
RMRG,82,9846
RMRG,83,9899
RMRG,84,9818
RMRG,85,9732
RMRG,86,9602
RMRG,87,9551
RMRG,88,9530
RMRG,89,9484
RMRG,90,9639
RMRG,91,9851
RMRG,92,10219
RMRG,93,10526
RMRG,94,10385
RMRG,95,10159
RMRG,96,9676
RMRG,97,8218
RMRG,98,7928
RMRG,99,7654
RMRG,100,7598
RMRG,101,7685
RMRG,102,7904
RMRG,103,8121
RMRG,104,8455
RMRG,105,8866
RMRG,106,8927
RMRG,107,8914
RMRG,108,8916
RMRG,109,8934
RMRG,110,8908
RMRG,111,8906
RMRG,112,8909
RMRG,113,8894
RMRG,114,9089
RMRG,115,9116
RMRG,116,9334
RMRG,117,9662
RMRG,118,9610
RMRG,119,9345
RMRG,120,8904
RMRG,121,8444
RMRG,122,8001
RMRG,123,7763
RMRG,124,7593
RMRG,125,7583
RMRG,126,7622
RMRG,127,7893
RMRG,128,8321
RMRG,129,8793
RMRG,130,8899
RMRG,131,8879
RMRG,132,9021
RMRG,133,8970
RMRG,134,8929
RMRG,135,8994
RMRG,136,9036
RMRG,137,9132
RMRG,138,9182
RMRG,139,9284
RMRG,140,9325
RMRG,141,9223
RMRG,142,9393
RMRG,143,9353
RMRG,144,8978
RMRG,145,8176
RMRG,146,7782
RMRG,147,7521
RMRG,148,7408
RMRG,149,7402
RMRG,150,7405
RMRG,151,7642
RMRG,152,8046
RMRG,153,8405
RMRG,154,8593
RMRG,155,8697
RMRG,156,8918
RMRG,157,8962
RMRG,158,9017
RMRG,159,9058
RMRG,160,9080
RMRG,161,9182
RMRG,162,9224
RMRG,163,9394
RMRG,164,9512
RMRG,165,9418
RMRG,166,9487
RMRG,167,9369
RMRG,168,8927
RMRG,169,7800
RMRG,170,7471
RMRG,171,7273
RMRG,172,7198
RMRG,173,7155
RMRG,174,7109
RMRG,175,7398
RMRG,176,7942
RMRG,177,8295
RMRG,178,8334
RMRG,179,8312
RMRG,180,8517
RMRG,181,8507
RMRG,182,8490
RMRG,183,8567
RMRG,184,8638
RMRG,185,8694
RMRG,186,8785
RMRG,187,8908
RMRG,188,9038
RMRG,189,8875
RMRG,190,8942
RMRG,191,9035
RMRG,192,8686
RMRG,193,8792
RMRG,194,8249
RMRG,195,7975
RMRG,196,7783
RMRG,197,7681
RMRG,198,7568
RMRG,199,7599
RMRG,200,7999
RMRG,201,8213
RMRG,202,8429
RMRG,203,8691
RMRG,204,8968
RMRG,205,9157
RMRG,206,9333
RMRG,207,9437
RMRG,208,9495
RMRG,209,9587
RMRG,210,9609
RMRG,211,9723
RMRG,212,9913
RMRG,213,9517
RMRG,214,9383
RMRG,215,9509
RMRG,216,9222
RMRG,217,8296
RMRG,218,7850
RMRG,219,7671
RMRG,220,7497
RMRG,221,7439
RMRG,222,7392
RMRG,223,7438
RMRG,224,7729
RMRG,225,8006
RMRG,226,8136
RMRG,227,8318
RMRG,228,8636
RMRG,229,8805
RMRG,230,8953
RMRG,231,9045
RMRG,232,9192
RMRG,233,9413
RMRG,234,9658
RMRG,235,9753
RMRG,236,9814
RMRG,237,9618
RMRG,238,9453
RMRG,239,9502
RMRG,240,9423
RMRG,241,9954
RMRG,242,9419
RMRG,243,9103
RMRG,244,8820
RMRG,245,8607
RMRG,246,8454
RMRG,247,8403
RMRG,248,8575
RMRG,249,8728
RMRG,250,8965
RMRG,251,9174
RMRG,252,9552
RMRG,253,9812
RMRG,254,10012
RMRG,255,10219
RMRG,256,10520
RMRG,257,10862
RMRG,258,11207
RMRG,259,11458
RMRG,260,11497
RMRG,261,11167
RMRG,262,10869
RMRG,263,10617
RMRG,264,10381
RMRG,265,10635
RMRG,266,10188
RMRG,267,9838
RMRG,268,9604
RMRG,269,9373
RMRG,270,9199
RMRG,271,9125
RMRG,272,9247
RMRG,273,9347
RMRG,274,9738
RMRG,275,10288
RMRG,276,10800
RMRG,277,11172
RMRG,278,11589
RMRG,279,11967
RMRG,280,12147
RMRG,281,12386
RMRG,282,12442
RMRG,283,12448
RMRG,284,12396
RMRG,285,12036
RMRG,286,11692
RMRG,287,11443
RMRG,288,11308
RMRG,289,9255
RMRG,290,8912
RMRG,291,8618
RMRG,292,8383
RMRG,293,8253
RMRG,294,8145
RMRG,295,8204
RMRG,296,8464
RMRG,297,8761
RMRG,298,9066
RMRG,299,9275
RMRG,300,9560
RMRG,301,9815
RMRG,302,10027
RMRG,303,10226
RMRG,304,10460
RMRG,305,10660
RMRG,306,10959
RMRG,307,11246
RMRG,308,11446
RMRG,309,11258
RMRG,310,10983
RMRG,311,10786
RMRG,312,10650
RMRG,313,10527
RMRG,314,9955
RMRG,315,9680
RMRG,316,9442
RMRG,317,9226
RMRG,318,9090
RMRG,319,9050
RMRG,320,9278
RMRG,321,9358
RMRG,322,9562
RMRG,323,9992
RMRG,324,10279
RMRG,325,10810
RMRG,326,11172
RMRG,327,11463
RMRG,328,11886
RMRG,329,12249
RMRG,330,12492
RMRG,331,12761
RMRG,332,12943
RMRG,333,12690
RMRG,334,12249
RMRG,335,12019
RMRG,336,11645
RMRG,337,10231
RMRG,338,9798
RMRG,339,9505
RMRG,340,9215
RMRG,341,8990
RMRG,342,8825
RMRG,343,8815
RMRG,344,9080
RMRG,345,9245
RMRG,346,9570
RMRG,347,10002
RMRG,348,10360
RMRG,349,10791
RMRG,350,11144
RMRG,351,11304
RMRG,352,11611
RMRG,353,11925
RMRG,354,12069
RMRG,355,12020
RMRG,356,11865
RMRG,357,11454
RMRG,358,11165
RMRG,359,11189
RMRG,360,10955
RMRG,361,10609
RMRG,362,10010
RMRG,363,9575
RMRG,364,9310
RMRG,365,9033
RMRG,366,8871
RMRG,367,8851
RMRG,368,9189
RMRG,369,9385
RMRG,370,9545
RMRG,371,9944
RMRG,372,10276
RMRG,373,10766
RMRG,374,11235
RMRG,375,11614
RMRG,376,11921
RMRG,377,12226
RMRG,378,12312
RMRG,379,12208
RMRG,380,11910
RMRG,381,11443
RMRG,382,11225
RMRG,383,11140
RMRG,384,10665
RMRG,385,9212
RMRG,386,8756
RMRG,387,8529
RMRG,388,8332
RMRG,389,8181
RMRG,390,8063
RMRG,391,8129
RMRG,392,8405
RMRG,393,8556
RMRG,394,8424
RMRG,395,8839
RMRG,396,8948
RMRG,397,9244
RMRG,398,9420
RMRG,399,9696
RMRG,400,10064
RMRG,401,10350
RMRG,402,10720
RMRG,403,11140
RMRG,404,11142
RMRG,405,10824
RMRG,406,10604
RMRG,407,10426
RMRG,408,9929
RMRG,409,9342
RMRG,410,8824
RMRG,411,8420
RMRG,412,8102
RMRG,413,7949
RMRG,414,7888
RMRG,415,8010
RMRG,416,8326
RMRG,417,8650
RMRG,418,8694
RMRG,419,8898
RMRG,420,9190
RMRG,421,9541
RMRG,422,9831
RMRG,423,10060
RMRG,424,10274
RMRG,425,10316
RMRG,426,10345
RMRG,427,10344
RMRG,428,10366
RMRG,429,10116
RMRG,430,10002
RMRG,431,9681
RMRG,432,9285
RMRG,433,8240
RMRG,434,7801
RMRG,435,7544
RMRG,436,7449
RMRG,437,7393
RMRG,438,7506
RMRG,439,7743
RMRG,440,8093
RMRG,441,8547
RMRG,442,8701
RMRG,443,8791
RMRG,444,8777
RMRG,445,8863
RMRG,446,8816
RMRG,447,8832
RMRG,448,8817
RMRG,449,8794
RMRG,450,9108
RMRG,451,9073
RMRG,452,9252
RMRG,453,9368
RMRG,454,9515
RMRG,455,9306
RMRG,456,8939
RMRG,457,8352
RMRG,458,8009
RMRG,459,7732
RMRG,460,7665
RMRG,461,7583
RMRG,462,7739
RMRG,463,7833
RMRG,464,8197
RMRG,465,8549
RMRG,466,8654
RMRG,467,8739
RMRG,468,8654
RMRG,469,8790
RMRG,470,8683
RMRG,471,8624
RMRG,472,8724
RMRG,473,8635
RMRG,474,8658
RMRG,475,8611
RMRG,476,8764
RMRG,477,8901
RMRG,478,8874
RMRG,479,8692
RMRG,480,8456
RMRG,481,8724
RMRG,482,8346
RMRG,483,8199
RMRG,484,8144
RMRG,485,8301
RMRG,486,8284
RMRG,487,8373
RMRG,488,8769
RMRG,489,9055
RMRG,490,9194
RMRG,491,9182
RMRG,492,9017
RMRG,493,8907
RMRG,494,8866
RMRG,495,8911
RMRG,496,9081
RMRG,497,9065
RMRG,498,9310
RMRG,499,9590
RMRG,500,10028
RMRG,501,9925
RMRG,502,9681
RMRG,503,9460
RMRG,504,9043
RMRG,505,9112
RMRG,506,8728
RMRG,507,8492
RMRG,508,8503
RMRG,509,8640
RMRG,510,8646
RMRG,511,8818
RMRG,512,9100
RMRG,513,9474
RMRG,514,9751
RMRG,515,9730
RMRG,516,9620
RMRG,517,9556
RMRG,518,9459
RMRG,519,9437
RMRG,520,9424
RMRG,521,9478
RMRG,522,9783
RMRG,523,10137
RMRG,524,10603
RMRG,525,10461
RMRG,526,10220
RMRG,527,9976
RMRG,528,9632
RMRG,529,9535
RMRG,530,9022
RMRG,531,8817
RMRG,532,8728
RMRG,533,8981
RMRG,534,8962
RMRG,535,9145
RMRG,536,9545
RMRG,537,10033
RMRG,538,10260
RMRG,539,10041
RMRG,540,9880
RMRG,541,9731
RMRG,542,9696
RMRG,543,9738
RMRG,544,9735
RMRG,545,9791
RMRG,546,10148
RMRG,547,10619
RMRG,548,11307
RMRG,549,11216
RMRG,550,10987
RMRG,551,10746
RMRG,552,10253
RMRG,553,10025
RMRG,554,9581
RMRG,555,9350
RMRG,556,9408
RMRG,557,9646
RMRG,558,9640
RMRG,559,9688
RMRG,560,9928
RMRG,561,10358
RMRG,562,10433
RMRG,563,10514
RMRG,564,10622
RMRG,565,10577
RMRG,566,10546
RMRG,567,10496
RMRG,568,10481
RMRG,569,10567
RMRG,570,10764
RMRG,571,11231
RMRG,572,11821
RMRG,573,11624
RMRG,574,11292
RMRG,575,11043
RMRG,576,10560
SPPC,1,8315
SPPC,2,8175
SPPC,3,8137
SPPC,4,8146
SPPC,5,8277
SPPC,6,8575
SPPC,7,9149
SPPC,8,9818
SPPC,9,10117
SPPC,10,9934
SPPC,11,9709
SPPC,12,9583
SPPC,13,9315
SPPC,14,9047
SPPC,15,8834
SPPC,16,8627
SPPC,17,8561
SPPC,18,8834
SPPC,19,9456
SPPC,20,9588
SPPC,21,9428
SPPC,22,9258
SPPC,23,8892
SPPC,24,8385
SPPC,25,7183
SPPC,26,6930
SPPC,27,6864
SPPC,28,6878
SPPC,29,6973
SPPC,30,7254
SPPC,31,7827
SPPC,32,8646
SPPC,33,8894
SPPC,34,8686
SPPC,35,8462
SPPC,36,8381
SPPC,37,8187
SPPC,38,8003
SPPC,39,7894
SPPC,40,7742
SPPC,41,7664
SPPC,42,7741
SPPC,43,8104
SPPC,44,8477
SPPC,45,8345
SPPC,46,8140
SPPC,47,7755
SPPC,48,7229
SPPC,49,8402
SPPC,50,8112
SPPC,51,8031
SPPC,52,8060
SPPC,53,8145
SPPC,54,8436
SPPC,55,8987
SPPC,56,9697
SPPC,57,10003
SPPC,58,10012
SPPC,59,10011
SPPC,60,10078
SPPC,61,9978
SPPC,62,9892
SPPC,63,9820
SPPC,64,9682
SPPC,65,9604
SPPC,66,9695
SPPC,67,9972
SPPC,68,10113
SPPC,69,9917
SPPC,70,9669
SPPC,71,9287
SPPC,72,8769
SPPC,73,7487
SPPC,74,7280
SPPC,75,7181
SPPC,76,7164
SPPC,77,7266
SPPC,78,7551
SPPC,79,8124
SPPC,80,8950
SPPC,81,9137
SPPC,82,8967
SPPC,83,8780
SPPC,84,8676
SPPC,85,8452
SPPC,86,8258
SPPC,87,8115
SPPC,88,7933
SPPC,89,7862
SPPC,90,7910
SPPC,91,8187
SPPC,92,8671
SPPC,93,8720
SPPC,94,8625
SPPC,95,8353
SPPC,96,7919
SPPC,97,6889
SPPC,98,6745
SPPC,99,6737
SPPC,100,6806
SPPC,101,6977
SPPC,102,7326
SPPC,103,7979
SPPC,104,8774
SPPC,105,8869
SPPC,106,8718
SPPC,107,8530
SPPC,108,8457
SPPC,109,8252
SPPC,110,8069
SPPC,111,7942
SPPC,112,7785
SPPC,113,7704
SPPC,114,7727
SPPC,115,7897
SPPC,116,8297
SPPC,117,8437
SPPC,118,8259
SPPC,119,7901
SPPC,120,7388
SPPC,121,6098
SPPC,122,5849
SPPC,123,5728
SPPC,124,5686
SPPC,125,5796
SPPC,126,6198
SPPC,127,6967
SPPC,128,7492
SPPC,129,7537
SPPC,130,7626
SPPC,131,7758
SPPC,132,7858
SPPC,133,7932
SPPC,134,8022
SPPC,135,8056
SPPC,136,8076
SPPC,137,8110
SPPC,138,8083
SPPC,139,8024
SPPC,140,8177
SPPC,141,8310
SPPC,142,7975
SPPC,143,7353
SPPC,144,6760
SPPC,145,6668
SPPC,146,6314
SPPC,147,6078
SPPC,148,5998
SPPC,149,6107
SPPC,150,6521
SPPC,151,7307
SPPC,152,7762
SPPC,153,8056
SPPC,154,8449
SPPC,155,8780
SPPC,156,9092
SPPC,157,9369
SPPC,158,9670
SPPC,159,9901
SPPC,160,10067
SPPC,161,10172
SPPC,162,10145
SPPC,163,9960
SPPC,164,9676
SPPC,165,9549
SPPC,166,8918
SPPC,167,8086
SPPC,168,7280
SPPC,169,5588
SPPC,170,5396
SPPC,171,5360
SPPC,172,5411
SPPC,173,5617
SPPC,174,6093
SPPC,175,6829
SPPC,176,7273
SPPC,177,7433
SPPC,178,7544
SPPC,179,7631
SPPC,180,7697
SPPC,181,7687
SPPC,182,7698
SPPC,183,7693
SPPC,184,7638
SPPC,185,7610
SPPC,186,7600
SPPC,187,7595
SPPC,188,7619
SPPC,189,7846
SPPC,190,7513
SPPC,191,6880
SPPC,192,6294
SPPC,193,6758
SPPC,194,6367
SPPC,195,6136
SPPC,196,6015
SPPC,197,6078
SPPC,198,6453
SPPC,199,6943
SPPC,200,7506
SPPC,201,7843
SPPC,202,8107
SPPC,203,8399
SPPC,204,8685
SPPC,205,8931
SPPC,206,9216
SPPC,207,9486
SPPC,208,9759
SPPC,209,9964
SPPC,210,10015
SPPC,211,9856
SPPC,212,9446
SPPC,213,9133
SPPC,214,8790
SPPC,215,8022
SPPC,216,7179
SPPC,217,7434
SPPC,218,6865
SPPC,219,6527
SPPC,220,6371
SPPC,221,6397
SPPC,222,6701
SPPC,223,7106
SPPC,224,7804
SPPC,225,8458
SPPC,226,8980
SPPC,227,9521
SPPC,228,10108
SPPC,229,10628
SPPC,230,11115
SPPC,231,11498
SPPC,232,11793
SPPC,233,12015
SPPC,234,11989
SPPC,235,11744
SPPC,236,11191
SPPC,237,10589
SPPC,238,10158
SPPC,239,9257
SPPC,240,8223
SPPC,241,7815
SPPC,242,7362
SPPC,243,7039
SPPC,244,6856
SPPC,245,6853
SPPC,246,7109
SPPC,247,7528
SPPC,248,8185
SPPC,249,8833
SPPC,250,9428
SPPC,251,10064
SPPC,252,10713
SPPC,253,11314
SPPC,254,11881
SPPC,255,12314
SPPC,256,12677
SPPC,257,12954
SPPC,258,12981
SPPC,259,12739
SPPC,260,12171
SPPC,261,11633
SPPC,262,11224
SPPC,263,10229
SPPC,264,9157
SPPC,265,10546
SPPC,266,9809
SPPC,267,9270
SPPC,268,8881
SPPC,269,8725
SPPC,270,8856
SPPC,271,9180
SPPC,272,9939
SPPC,273,10761
SPPC,274,11584
SPPC,275,12431
SPPC,276,13191
SPPC,277,13791
SPPC,278,14249
SPPC,279,14637
SPPC,280,14829
SPPC,281,14934
SPPC,282,14872
SPPC,283,14615
SPPC,284,14110
SPPC,285,13407
SPPC,286,13005
SPPC,287,12087
SPPC,288,11070
SPPC,289,8826
SPPC,290,8271
SPPC,291,7931
SPPC,292,7786
SPPC,293,7777
SPPC,294,8068
SPPC,295,8459
SPPC,296,9117
SPPC,297,9789
SPPC,298,10429
SPPC,299,11026
SPPC,300,11576
SPPC,301,11980
SPPC,302,12252
SPPC,303,12445
SPPC,304,12610
SPPC,305,12762
SPPC,306,12735
SPPC,307,12520
SPPC,308,12055
SPPC,309,11529
SPPC,310,11210
SPPC,311,10376
SPPC,312,9407
SPPC,313,11018
SPPC,314,10176
SPPC,315,9612
SPPC,316,9233
SPPC,317,9102
SPPC,318,9336
SPPC,319,9678
SPPC,320,10118
SPPC,321,10602
SPPC,322,11082
SPPC,323,11628
SPPC,324,12190
SPPC,325,12670
SPPC,326,13203
SPPC,327,13588
SPPC,328,13868
SPPC,329,14051
SPPC,330,14044
SPPC,331,13905
SPPC,332,13424
SPPC,333,12850
SPPC,334,12413
SPPC,335,11396
SPPC,336,10343
SPPC,337,10438
SPPC,338,9782
SPPC,339,9260
SPPC,340,8899
SPPC,341,8850
SPPC,342,9126
SPPC,343,9482
SPPC,344,9890
SPPC,345,10335
SPPC,346,10857
SPPC,347,11473
SPPC,348,12234
SPPC,349,12801
SPPC,350,13433
SPPC,351,13930
SPPC,352,14317
SPPC,353,14610
SPPC,354,14683
SPPC,355,14553
SPPC,356,14081
SPPC,357,13516
SPPC,358,12940
SPPC,359,11906
SPPC,360,10885
SPPC,361,8348
SPPC,362,7790
SPPC,363,7435
SPPC,364,7214
SPPC,365,7176
SPPC,366,7555
SPPC,367,8228
SPPC,368,8660
SPPC,369,9130
SPPC,370,9781
SPPC,371,10575
SPPC,372,11344
SPPC,373,12029
SPPC,374,12714
SPPC,375,13298
SPPC,376,13720
SPPC,377,14000
SPPC,378,14008
SPPC,379,13716
SPPC,380,13049
SPPC,381,12584
SPPC,382,11713
SPPC,383,10596
SPPC,384,9537
SPPC,385,8941
SPPC,386,8408
SPPC,387,8037
SPPC,388,7807
SPPC,389,7784
SPPC,390,8127
SPPC,391,8767
SPPC,392,9179
SPPC,393,9611
SPPC,394,10121
SPPC,395,10715
SPPC,396,11337
SPPC,397,11887
SPPC,398,12469
SPPC,399,12916
SPPC,400,13251
SPPC,401,13470
SPPC,402,13455
SPPC,403,13166
SPPC,404,12644
SPPC,405,12277
SPPC,406,11445
SPPC,407,10310
SPPC,408,9240
SPPC,409,6828
SPPC,410,6525
SPPC,411,6306
SPPC,412,6231
SPPC,413,6306
SPPC,414,6703
SPPC,415,7433
SPPC,416,7808
SPPC,417,8143
SPPC,418,8509
SPPC,419,8978
SPPC,420,9447
SPPC,421,9962
SPPC,422,10491
SPPC,423,10933
SPPC,424,11261
SPPC,425,11482
SPPC,426,11455
SPPC,427,11175
SPPC,428,10781
SPPC,429,10613
SPPC,430,9930
SPPC,431,9000
SPPC,432,8122
SPPC,433,6419
SPPC,434,6172
SPPC,435,6012
SPPC,436,5977
SPPC,437,6109
SPPC,438,6540
SPPC,439,7296
SPPC,440,7723
SPPC,441,7803
SPPC,442,7891
SPPC,443,8011
SPPC,444,8057
SPPC,445,8074
SPPC,446,8093
SPPC,447,8021
SPPC,448,7914
SPPC,449,7880
SPPC,450,7842
SPPC,451,7911
SPPC,452,8199
SPPC,453,8011
SPPC,454,7633
SPPC,455,7064
SPPC,456,6541
SPPC,457,6282
SPPC,458,6138
SPPC,459,6064
SPPC,460,6095
SPPC,461,6240
SPPC,462,6701
SPPC,463,7446
SPPC,464,7966
SPPC,465,7952
SPPC,466,7954
SPPC,467,7953
SPPC,468,7906
SPPC,469,7825
SPPC,470,7763
SPPC,471,7686
SPPC,472,7594
SPPC,473,7575
SPPC,474,7563
SPPC,475,7671
SPPC,476,7778
SPPC,477,7625
SPPC,478,7357
SPPC,479,6975
SPPC,480,6544
SPPC,481,6678
SPPC,482,6425
SPPC,483,6345
SPPC,484,6319
SPPC,485,6403
SPPC,486,6662
SPPC,487,7178
SPPC,488,7956
SPPC,489,8131
SPPC,490,8046
SPPC,491,7959
SPPC,492,7943
SPPC,493,7892
SPPC,494,7806
SPPC,495,7763
SPPC,496,7683
SPPC,497,7620
SPPC,498,7732
SPPC,499,8125
SPPC,500,8219
SPPC,501,8069
SPPC,502,7837
SPPC,503,7544
SPPC,504,7127
SPPC,505,8090
SPPC,506,7885
SPPC,507,7802
SPPC,508,7747
SPPC,509,7839
SPPC,510,8124
SPPC,511,8694
SPPC,512,9436
SPPC,513,9502
SPPC,514,9189
SPPC,515,8915
SPPC,516,8728
SPPC,517,8467
SPPC,518,8237
SPPC,519,8075
SPPC,520,7950
SPPC,521,7960
SPPC,522,8291
SPPC,523,9026
SPPC,524,9135
SPPC,525,9047
SPPC,526,8877
SPPC,527,8526
SPPC,528,8011
SPPC,529,7277
SPPC,530,7007
SPPC,531,6898
SPPC,532,6892
SPPC,533,7003
SPPC,534,7308
SPPC,535,7895
SPPC,536,8677
SPPC,537,9037
SPPC,538,8952
SPPC,539,8928
SPPC,540,8878
SPPC,541,8690
SPPC,542,8538
SPPC,543,8400
SPPC,544,8278
SPPC,545,8260
SPPC,546,8543
SPPC,547,9218
SPPC,548,9340
SPPC,549,9215
SPPC,550,9070
SPPC,551,8743
SPPC,552,8189
SPPC,553,8801
SPPC,554,8546
SPPC,555,8415
SPPC,556,8366
SPPC,557,8417
SPPC,558,8612
SPPC,559,9008
SPPC,560,9460
SPPC,561,9808
SPPC,562,9841
SPPC,563,9820
SPPC,564,9808
SPPC,565,9595
SPPC,566,9362
SPPC,567,9197
SPPC,568,9127
SPPC,569,9183
SPPC,570,9440
SPPC,571,10029
SPPC,572,10020
SPPC,573,9833
SPPC,574,9636
SPPC,575,9309
SPPC,576,8817
SPPN,1,4805
SPPN,2,4641
SPPN,3,4586
SPPN,4,4579
SPPN,5,4648
SPPN,6,4810
SPPN,7,5171
SPPN,8,5664
SPPN,9,5929
SPPN,10,5849
SPPN,11,5709
SPPN,12,5646
SPPN,13,5542
SPPN,14,5401
SPPN,15,5322
SPPN,16,5234
SPPN,17,5226
SPPN,18,5349
SPPN,19,5659
SPPN,20,5676
SPPN,21,5538
SPPN,22,5364
SPPN,23,5089
SPPN,24,4782
SPPN,25,4630
SPPN,26,4446
SPPN,27,4358
SPPN,28,4345
SPPN,29,4408
SPPN,30,4586
SPPN,31,4956
SPPN,32,5499
SPPN,33,5769
SPPN,34,5605
SPPN,35,5417
SPPN,36,5359
SPPN,37,5273
SPPN,38,5192
SPPN,39,5130
SPPN,40,5072
SPPN,41,5065
SPPN,42,5171
SPPN,43,5370
SPPN,44,5539
SPPN,45,5423
SPPN,46,5265
SPPN,47,4988
SPPN,48,4634
SPPN,49,4912
SPPN,50,4770
SPPN,51,4718
SPPN,52,4724
SPPN,53,4781
SPPN,54,4951
SPPN,55,5332
SPPN,56,5917
SPPN,57,6153
SPPN,58,6009
SPPN,59,5919
SPPN,60,5869
SPPN,61,5792
SPPN,62,5727
SPPN,63,5656
SPPN,64,5606
SPPN,65,5650
SPPN,66,5786
SPPN,67,5964
SPPN,68,6120
SPPN,69,6025
SPPN,70,5864
SPPN,71,5593
SPPN,72,5247
SPPN,73,4801
SPPN,74,4648
SPPN,75,4571
SPPN,76,4579
SPPN,77,4657
SPPN,78,4801
SPPN,79,5179
SPPN,80,5757
SPPN,81,5935
SPPN,82,5767
SPPN,83,5566
SPPN,84,5473
SPPN,85,5374
SPPN,86,5283
SPPN,87,5206
SPPN,88,5109
SPPN,89,5112
SPPN,90,5195
SPPN,91,5430
SPPN,92,5661
SPPN,93,5624
SPPN,94,5506
SPPN,95,5259
SPPN,96,4949
SPPN,97,4495
SPPN,98,4393
SPPN,99,4354
SPPN,100,4376
SPPN,101,4462
SPPN,102,4649
SPPN,103,5049
SPPN,104,5566
SPPN,105,5735
SPPN,106,5573
SPPN,107,5410
SPPN,108,5352
SPPN,109,5250
SPPN,110,5145
SPPN,111,5060
SPPN,112,4964
SPPN,113,4915
SPPN,114,4979
SPPN,115,5085
SPPN,116,5288
SPPN,117,5327
SPPN,118,5183
SPPN,119,4915
SPPN,120,4565
SPPN,121,3680
SPPN,122,3545
SPPN,123,3482
SPPN,124,3496
SPPN,125,3629
SPPN,126,3971
SPPN,127,4499
SPPN,128,4826
SPPN,129,4809
SPPN,130,4799
SPPN,131,4808
SPPN,132,4800
SPPN,133,4813
SPPN,134,4823
SPPN,135,4826
SPPN,136,4829
SPPN,137,4842
SPPN,138,4833
SPPN,139,4834
SPPN,140,4904
SPPN,141,4936
SPPN,142,4671
SPPN,143,4254
SPPN,144,3912
SPPN,145,3873
SPPN,146,3707
SPPN,147,3616
SPPN,148,3587
SPPN,149,3685
SPPN,150,3943
SPPN,151,4421
SPPN,152,4766
SPPN,153,4941
SPPN,154,5086
SPPN,155,5233
SPPN,156,5348
SPPN,157,5437
SPPN,158,5556
SPPN,159,5628
SPPN,160,5674
SPPN,161,5745
SPPN,162,5760
SPPN,163,5703
SPPN,164,5525
SPPN,165,5377
SPPN,166,5014
SPPN,167,4533
SPPN,168,4144
SPPN,169,3502
SPPN,170,3413
SPPN,171,3408
SPPN,172,3450
SPPN,173,3586
SPPN,174,3892
SPPN,175,4340
SPPN,176,4647
SPPN,177,4781
SPPN,178,4808
SPPN,179,4835
SPPN,180,4837
SPPN,181,4787
SPPN,182,4767
SPPN,183,4711
SPPN,184,4687
SPPN,185,4667
SPPN,186,4676
SPPN,187,4715
SPPN,188,4729
SPPN,189,4838
SPPN,190,4677
SPPN,191,4311
SPPN,192,3995
SPPN,193,4250
SPPN,194,4077
SPPN,195,3974
SPPN,196,3942
SPPN,197,4022
SPPN,198,4272
SPPN,199,4626
SPPN,200,5009
SPPN,201,5178
SPPN,202,5298
SPPN,203,5406
SPPN,204,5489
SPPN,205,5554
SPPN,206,5634
SPPN,207,5733
SPPN,208,5835
SPPN,209,5919
SPPN,210,5949
SPPN,211,5872
SPPN,212,5709
SPPN,213,5577
SPPN,214,5429
SPPN,215,4969
SPPN,216,4514
SPPN,217,3942
SPPN,218,3774
SPPN,219,3685
SPPN,220,3657
SPPN,221,3737
SPPN,222,3973
SPPN,223,4292
SPPN,224,4692
SPPN,225,4925
SPPN,226,5040
SPPN,227,5150
SPPN,228,5270
SPPN,229,5381
SPPN,230,5478
SPPN,231,5525
SPPN,232,5606
SPPN,233,5677
SPPN,234,5692
SPPN,235,5641
SPPN,236,5462
SPPN,237,5255
SPPN,238,5140
SPPN,239,4770
SPPN,240,4350
SPPN,241,5123
SPPN,242,4894
SPPN,243,4754
SPPN,244,4717
SPPN,245,4762
SPPN,246,4965
SPPN,247,5328
SPPN,248,5889
SPPN,249,6280
SPPN,250,6601
SPPN,251,6882
SPPN,252,7110
SPPN,253,7296
SPPN,254,7474
SPPN,255,7594
SPPN,256,7655
SPPN,257,7618
SPPN,258,7519
SPPN,259,7283
SPPN,260,6768
SPPN,261,6431
SPPN,262,6125
SPPN,263,5667
SPPN,264,5208
SPPN,265,6714
SPPN,266,6357
SPPN,267,6099
SPPN,268,5970
SPPN,269,5976
SPPN,270,6177
SPPN,271,6527
SPPN,272,7026
SPPN,273,7405
SPPN,274,7612
SPPN,275,7521
SPPN,276,7610
SPPN,277,7638
SPPN,278,7832
SPPN,279,7993
SPPN,280,8140
SPPN,281,8255
SPPN,282,8279
SPPN,283,8142
SPPN,284,7893
SPPN,285,7635
SPPN,286,7488
SPPN,287,7219
SPPN,288,6755
SPPN,289,5714
SPPN,290,5448
SPPN,291,5302
SPPN,292,5241
SPPN,293,5303
SPPN,294,5516
SPPN,295,5875
SPPN,296,6389
SPPN,297,6807
SPPN,298,7175
SPPN,299,7429
SPPN,300,7602
SPPN,301,7818
SPPN,302,7986
SPPN,303,8102
SPPN,304,8214
SPPN,305,8332
SPPN,306,8346
SPPN,307,8220
SPPN,308,7981
SPPN,309,7604
SPPN,310,7301
SPPN,311,6942
SPPN,312,6404
SPPN,313,6846
SPPN,314,6562
SPPN,315,6357
SPPN,316,6239
SPPN,317,6226
SPPN,318,6413
SPPN,319,6715
SPPN,320,7203
SPPN,321,7625
SPPN,322,7952
SPPN,323,8162
SPPN,324,8341
SPPN,325,8441
SPPN,326,8642
SPPN,327,8795
SPPN,328,8935
SPPN,329,9043
SPPN,330,9036
SPPN,331,8940
SPPN,332,8613
SPPN,333,8282
SPPN,334,8041
SPPN,335,7566
SPPN,336,6982
SPPN,337,6682
SPPN,338,6315
SPPN,339,6036
SPPN,340,5895
SPPN,341,5932
SPPN,342,6080
SPPN,343,6393
SPPN,344,6776
SPPN,345,7108
SPPN,346,7517
SPPN,347,7849
SPPN,348,8237
SPPN,349,8542
SPPN,350,8757
SPPN,351,8889
SPPN,352,9045
SPPN,353,9115
SPPN,354,9010
SPPN,355,8855
SPPN,356,8639
SPPN,357,8368
SPPN,358,8070
SPPN,359,7507
SPPN,360,6898
SPPN,361,5771
SPPN,362,5490
SPPN,363,5294
SPPN,364,5184
SPPN,365,5215
SPPN,366,5467
SPPN,367,5921
SPPN,368,6268
SPPN,369,6540
SPPN,370,6894
SPPN,371,7276
SPPN,372,7610
SPPN,373,7943
SPPN,374,8224
SPPN,375,8411
SPPN,376,8579
SPPN,377,8701
SPPN,378,8672
SPPN,379,8434
SPPN,380,8076
SPPN,381,7801
SPPN,382,7344
SPPN,383,6666
SPPN,384,6048
SPPN,385,5272
SPPN,386,4953
SPPN,387,4768
SPPN,388,4673
SPPN,389,4711
SPPN,390,4978
SPPN,391,5427
SPPN,392,5714
SPPN,393,5885
SPPN,394,6083
SPPN,395,6282
SPPN,396,6457
SPPN,397,6624
SPPN,398,6769
SPPN,399,6898
SPPN,400,7007
SPPN,401,7090
SPPN,402,7073
SPPN,403,6900
SPPN,404,6613
SPPN,405,6404
SPPN,406,5958
SPPN,407,5360
SPPN,408,4853
SPPN,409,4354
SPPN,410,4169
SPPN,411,4063
SPPN,412,4013
SPPN,413,4096
SPPN,414,4386
SPPN,415,4835
SPPN,416,5099
SPPN,417,5291
SPPN,418,5483
SPPN,419,5708
SPPN,420,5953
SPPN,421,6232
SPPN,422,6500
SPPN,423,6722
SPPN,424,6926
SPPN,425,7080
SPPN,426,7049
SPPN,427,6891
SPPN,428,6718
SPPN,429,6543
SPPN,430,6074
SPPN,431,5496
SPPN,432,4989
SPPN,433,3944
SPPN,434,3811
SPPN,435,3733
SPPN,436,3742
SPPN,437,3830
SPPN,438,4157
SPPN,439,4644
SPPN,440,5007
SPPN,441,5033
SPPN,442,5041
SPPN,443,5032
SPPN,444,5004
SPPN,445,4992
SPPN,446,4981
SPPN,447,4924
SPPN,448,4896
SPPN,449,4922
SPPN,450,4951
SPPN,451,5034
SPPN,452,5182
SPPN,453,5085
SPPN,454,4818
SPPN,455,4445
SPPN,456,4148
SPPN,457,4075
SPPN,458,3997
SPPN,459,3931
SPPN,460,3951
SPPN,461,4096
SPPN,462,4412
SPPN,463,4869
SPPN,464,5240
SPPN,465,5275
SPPN,466,5271
SPPN,467,5212
SPPN,468,5160
SPPN,469,5098
SPPN,470,5039
SPPN,471,4998
SPPN,472,4957
SPPN,473,4962
SPPN,474,4956
SPPN,475,5034
SPPN,476,5065
SPPN,477,4916
SPPN,478,4709
SPPN,479,4458
SPPN,480,4209
SPPN,481,4295
SPPN,482,4144
SPPN,483,4088
SPPN,484,4067
SPPN,485,4109
SPPN,486,4286
SPPN,487,4683
SPPN,488,5261
SPPN,489,5442
SPPN,490,5290
SPPN,491,5191
SPPN,492,5124
SPPN,493,5016
SPPN,494,4956
SPPN,495,4975
SPPN,496,4932
SPPN,497,4944
SPPN,498,5056
SPPN,499,5339
SPPN,500,5388
SPPN,501,5291
SPPN,502,5153
SPPN,503,4896
SPPN,504,4582
SPPN,505,5019
SPPN,506,4869
SPPN,507,4800
SPPN,508,4797
SPPN,509,4870
SPPN,510,5033
SPPN,511,5376
SPPN,512,5888
SPPN,513,6071
SPPN,514,5864
SPPN,515,5700
SPPN,516,5630
SPPN,517,5511
SPPN,518,5381
SPPN,519,5298
SPPN,520,5260
SPPN,521,5341
SPPN,522,5578
SPPN,523,5945
SPPN,524,5949
SPPN,525,5854
SPPN,526,5699
SPPN,527,5416
SPPN,528,5033
SPPN,529,4860
SPPN,530,4641
SPPN,531,4585
SPPN,532,4575
SPPN,533,4648
SPPN,534,4825
SPPN,535,5288
SPPN,536,5858
SPPN,537,6153
SPPN,538,6035
SPPN,539,5950
SPPN,540,5928
SPPN,541,5863
SPPN,542,5817
SPPN,543,5783
SPPN,544,5738
SPPN,545,5773
SPPN,546,6028
SPPN,547,6389
SPPN,548,6384
SPPN,549,6254
SPPN,550,6130
SPPN,551,5829
SPPN,552,5438
SPPN,553,5698
SPPN,554,5513
SPPN,555,5415
SPPN,556,5369
SPPN,557,5392
SPPN,558,5481
SPPN,559,5754
SPPN,560,6161
SPPN,561,6426
SPPN,562,6468
SPPN,563,6502
SPPN,564,6489
SPPN,565,6441
SPPN,566,6349
SPPN,567,6283
SPPN,568,6246
SPPN,569,6291
SPPN,570,6488
SPPN,571,6792
SPPN,572,6759
SPPN,573,6592
SPPN,574,6419
SPPN,575,6071
SPPN,576,5703
SPPS,1,12855
SPPS,2,12536
SPPS,3,12451
SPPS,4,12521
SPPS,5,12709
SPPS,6,13107
SPPS,7,14031
SPPS,8,15198
SPPS,9,15654
SPPS,10,15327
SPPS,11,14851
SPPS,12,14305
SPPS,13,13770
SPPS,14,13311
SPPS,15,12900
SPPS,16,12515
SPPS,17,12363
SPPS,18,12566
SPPS,19,13444
SPPS,20,14292
SPPS,21,14334
SPPS,22,14262
SPPS,23,13884
SPPS,24,13193
SPPS,25,11115
SPPS,26,10897
SPPS,27,10801
SPPS,28,10855
SPPS,29,10985
SPPS,30,11388
SPPS,31,12268
SPPS,32,13533
SPPS,33,13959
SPPS,34,13533
SPPS,35,13184
SPPS,36,12734
SPPS,37,12345
SPPS,38,12005
SPPS,39,11783
SPPS,40,11537
SPPS,41,11434
SPPS,42,11535
SPPS,43,11921
SPPS,44,12654
SPPS,45,12646
SPPS,46,12454
SPPS,47,11998
SPPS,48,11199
SPPS,49,13134
SPPS,50,12791
SPPS,51,12638
SPPS,52,12588
SPPS,53,12646
SPPS,54,12971
SPPS,55,13785
SPPS,56,14919
SPPS,57,15308
SPPS,58,15306
SPPS,59,15405
SPPS,60,15391
SPPS,61,15266
SPPS,62,15064
SPPS,63,14818
SPPS,64,14612
SPPS,65,14524
SPPS,66,14531
SPPS,67,14654
SPPS,68,15008
SPPS,69,14901
SPPS,70,14608
SPPS,71,14134
SPPS,72,13343
SPPS,73,10977
SPPS,74,10489
SPPS,75,10255
SPPS,76,10181
SPPS,77,10202
SPPS,78,10457
SPPS,79,11201
SPPS,80,12365
SPPS,81,12823
SPPS,82,12768
SPPS,83,12822
SPPS,84,12716
SPPS,85,12497
SPPS,86,12225
SPPS,87,12003
SPPS,88,11824
SPPS,89,11724
SPPS,90,11823
SPPS,91,12067
SPPS,92,12818
SPPS,93,13024
SPPS,94,12913
SPPS,95,12590
SPPS,96,11916
SPPS,97,9906
SPPS,98,9575
SPPS,99,9449
SPPS,100,9482
SPPS,101,9589
SPPS,102,10002
SPPS,103,10904
SPPS,104,12142
SPPS,105,12430
SPPS,106,12168
SPPS,107,12006
SPPS,108,11827
SPPS,109,11653
SPPS,110,11564
SPPS,111,11485
SPPS,112,11427
SPPS,113,11384
SPPS,114,11409
SPPS,115,11450
SPPS,116,11822
SPPS,117,12216
SPPS,118,12007
SPPS,119,11558
SPPS,120,10746
SPPS,121,10023
SPPS,122,9603
SPPS,123,9383
SPPS,124,9314
SPPS,125,9384
SPPS,126,9822
SPPS,127,10773
SPPS,128,11317
SPPS,129,11248
SPPS,130,11525
SPPS,131,11924
SPPS,132,12097
SPPS,133,12270
SPPS,134,12482
SPPS,135,12630
SPPS,136,12710
SPPS,137,12758
SPPS,138,12683
SPPS,139,12559
SPPS,140,12625
SPPS,141,12865
SPPS,142,12484
SPPS,143,11717
SPPS,144,10815
SPPS,145,10665
SPPS,146,10285
SPPS,147,10018
SPPS,148,9870
SPPS,149,9948
SPPS,150,10431
SPPS,151,11392
SPPS,152,11735
SPPS,153,11877
SPPS,154,12353
SPPS,155,12917
SPPS,156,13310
SPPS,157,13744
SPPS,158,14190
SPPS,159,14382
SPPS,160,14530
SPPS,161,14618
SPPS,162,14418
SPPS,163,14093
SPPS,164,13749
SPPS,165,13849
SPPS,166,13224
SPPS,167,12166
SPPS,168,11078
SPPS,169,9288
SPPS,170,9065
SPPS,171,8938
SPPS,172,8905
SPPS,173,9032
SPPS,174,9535
SPPS,175,10502
SPPS,176,10902
SPPS,177,11098
SPPS,178,11486
SPPS,179,11882
SPPS,180,12140
SPPS,181,12406
SPPS,182,12722
SPPS,183,12980
SPPS,184,13241
SPPS,185,13440
SPPS,186,13350
SPPS,187,13168
SPPS,188,13002
SPPS,189,13266
SPPS,190,12819
SPPS,191,11843
SPPS,192,10735
SPPS,193,10679
SPPS,194,10178
SPPS,195,9846
SPPS,196,9681
SPPS,197,9716
SPPS,198,10119
SPPS,199,10847
SPPS,200,11276
SPPS,201,11694
SPPS,202,12386
SPPS,203,13232
SPPS,204,13903
SPPS,205,14586
SPPS,206,15317
SPPS,207,15935
SPPS,208,16390
SPPS,209,16768
SPPS,210,16776
SPPS,211,16477
SPPS,212,15744
SPPS,213,15177
SPPS,214,14616
SPPS,215,13418
SPPS,216,12076
SPPS,217,12302
SPPS,218,11580
SPPS,219,11122
SPPS,220,10770
SPPS,221,10655
SPPS,222,10986
SPPS,223,11529
SPPS,224,12192
SPPS,225,13114
SPPS,226,14183
SPPS,227,15337
SPPS,228,16368
SPPS,229,17400
SPPS,230,18382
SPPS,231,19064
SPPS,232,19575
SPPS,233,19879
SPPS,234,19774
SPPS,235,19410
SPPS,236,18530
SPPS,237,17589
SPPS,238,16632
SPPS,239,15115
SPPS,240,13683
SPPS,241,12445
SPPS,242,11765
SPPS,243,11340
SPPS,244,11112
SPPS,245,11079
SPPS,246,11384
SPPS,247,11845
SPPS,248,12386
SPPS,249,13184
SPPS,250,14133
SPPS,251,15197
SPPS,252,16228
SPPS,253,17195
SPPS,254,18061
SPPS,255,18734
SPPS,256,19198
SPPS,257,19424
SPPS,258,19272
SPPS,259,18821
SPPS,260,18107
SPPS,261,17426
SPPS,262,17056
SPPS,263,15950
SPPS,264,14671
SPPS,265,15294
SPPS,266,14394
SPPS,267,13723
SPPS,268,13274
SPPS,269,13024
SPPS,270,13157
SPPS,271,13380
SPPS,272,13980
SPPS,273,15123
SPPS,274,16316
SPPS,275,17751
SPPS,276,18898
SPPS,277,19814
SPPS,278,20461
SPPS,279,21049
SPPS,280,21399
SPPS,281,21505
SPPS,282,21273
SPPS,283,20783
SPPS,284,20002
SPPS,285,19107
SPPS,286,18535
SPPS,287,17405
SPPS,288,16132
SPPS,289,13442
SPPS,290,12859
SPPS,291,12424
SPPS,292,12162
SPPS,293,12132
SPPS,294,12463
SPPS,295,12973
SPPS,296,13461
SPPS,297,14359
SPPS,298,15405
SPPS,299,16533
SPPS,300,17576
SPPS,301,18462
SPPS,302,19059
SPPS,303,19343
SPPS,304,19452
SPPS,305,19251
SPPS,306,18916
SPPS,307,18295
SPPS,308,17482
SPPS,309,16920
SPPS,310,16527
SPPS,311,15525
SPPS,312,14324
SPPS,313,16016
SPPS,314,15259
SPPS,315,14678
SPPS,316,14294
SPPS,317,14122
SPPS,318,14283
SPPS,319,14620
SPPS,320,14976
SPPS,321,15833
SPPS,322,16865
SPPS,323,17959
SPPS,324,18940
SPPS,325,19821
SPPS,326,20550
SPPS,327,20861
SPPS,328,21051
SPPS,329,20923
SPPS,330,20568
SPPS,331,20088
SPPS,332,19398
SPPS,333,18734
SPPS,334,18217
SPPS,335,17075
SPPS,336,15829
SPPS,337,17030
SPPS,338,16164
SPPS,339,15544
SPPS,340,15077
SPPS,341,14814
SPPS,342,14930
SPPS,343,15288
SPPS,344,15516
SPPS,345,16392
SPPS,346,17524
SPPS,347,18708
SPPS,348,19777
SPPS,349,20884
SPPS,350,21866
SPPS,351,22526
SPPS,352,22970
SPPS,353,23104
SPPS,354,22960
SPPS,355,22539
SPPS,356,21833
SPPS,357,21235
SPPS,358,20609
SPPS,359,19338
SPPS,360,17999
SPPS,361,12428
SPPS,362,11801
SPPS,363,11360
SPPS,364,11091
SPPS,365,11041
SPPS,366,11396
SPPS,367,12247
SPPS,368,12485
SPPS,369,12984
SPPS,370,13888
SPPS,371,14934
SPPS,372,15836
SPPS,373,16772
SPPS,374,17561
SPPS,375,18081
SPPS,376,18444
SPPS,377,18586
SPPS,378,18441
SPPS,379,18054
SPPS,380,17502
SPPS,381,17243
SPPS,382,16464
SPPS,383,15291
SPPS,384,14070
SPPS,385,14924
SPPS,386,14177
SPPS,387,13629
SPPS,388,13181
SPPS,389,13002
SPPS,390,13279
SPPS,391,14084
SPPS,392,14256
SPPS,393,14722
SPPS,394,15666
SPPS,395,16811
SPPS,396,17983
SPPS,397,19178
SPPS,398,20374
SPPS,399,21158
SPPS,400,21682
SPPS,401,21926
SPPS,402,21711
SPPS,403,21173
SPPS,404,20307
SPPS,405,19740
SPPS,406,18599
SPPS,407,17105
SPPS,408,15638
SPPS,409,11573
SPPS,410,11041
SPPS,411,10614
SPPS,412,10416
SPPS,413,10447
SPPS,414,10823
SPPS,415,11757
SPPS,416,11970
SPPS,417,12345
SPPS,418,13126
SPPS,419,14069
SPPS,420,14922
SPPS,421,15827
SPPS,422,16614
SPPS,423,17294
SPPS,424,17810
SPPS,425,18089
SPPS,426,17944
SPPS,427,17379
SPPS,428,16669
SPPS,429,16387
SPPS,430,15471
SPPS,431,14205
SPPS,432,12953
SPPS,433,10350
SPPS,434,9901
SPPS,435,9650
SPPS,436,9447
SPPS,437,9507
SPPS,438,9978
SPPS,439,11062
SPPS,440,11401
SPPS,441,11528
SPPS,442,12030
SPPS,443,12622
SPPS,444,13062
SPPS,445,13446
SPPS,446,13910
SPPS,447,14135
SPPS,448,14291
SPPS,449,14377
SPPS,450,14176
SPPS,451,13901
SPPS,452,14025
SPPS,453,13770
SPPS,454,13137
SPPS,455,12171
SPPS,456,11141
SPPS,457,10014
SPPS,458,9674
SPPS,459,9480
SPPS,460,9387
SPPS,461,9498
SPPS,462,9797
SPPS,463,10788
SPPS,464,11192
SPPS,465,11248
SPPS,466,11510
SPPS,467,11720
SPPS,468,11768
SPPS,469,11835
SPPS,470,11942
SPPS,471,11999
SPPS,472,12063
SPPS,473,12115
SPPS,474,11995
SPPS,475,11812
SPPS,476,12001
SPPS,477,11683
SPPS,478,11284
SPPS,479,10819
SPPS,480,10198
SPPS,481,10434
SPPS,482,9975
SPPS,483,9730
SPPS,484,9665
SPPS,485,9647
SPPS,486,9875
SPPS,487,10479
SPPS,488,11285
SPPS,489,11706
SPPS,490,11837
SPPS,491,11837
SPPS,492,11835
SPPS,493,11830
SPPS,494,11883
SPPS,495,11996
SPPS,496,12017
SPPS,497,12001
SPPS,498,11994
SPPS,499,12303
SPPS,500,12536
SPPS,501,12279
SPPS,502,12049
SPPS,503,11603
SPPS,504,10991
SPPS,505,12033
SPPS,506,11621
SPPS,507,11502
SPPS,508,11498
SPPS,509,11599
SPPS,510,11943
SPPS,511,12796
SPPS,512,13973
SPPS,513,14182
SPPS,514,13811
SPPS,515,13331
SPPS,516,12879
SPPS,517,12473
SPPS,518,12154
SPPS,519,11990
SPPS,520,11787
SPPS,521,11729
SPPS,522,11993
SPPS,523,12900
SPPS,524,13520
SPPS,525,13527
SPPS,526,13493
SPPS,527,13064
SPPS,528,12391
SPPS,529,10684
SPPS,530,10261
SPPS,531,10062
SPPS,532,9997
SPPS,533,10061
SPPS,534,10374
SPPS,535,11143
SPPS,536,12337
SPPS,537,12942
SPPS,538,12842
SPPS,539,12739
SPPS,540,12610
SPPS,541,12424
SPPS,542,12193
SPPS,543,12092
SPPS,544,11923
SPPS,545,11844
SPPS,546,12027
SPPS,547,12883
SPPS,548,13627
SPPS,549,13636
SPPS,550,13615
SPPS,551,13278
SPPS,552,12544
SPPS,553,14183
SPPS,554,13771
SPPS,555,13535
SPPS,556,13473
SPPS,557,13519
SPPS,558,13759
SPPS,559,14296
SPPS,560,15030
SPPS,561,15533
SPPS,562,15665
SPPS,563,15720
SPPS,564,15514
SPPS,565,15122
SPPS,566,14691
SPPS,567,14338
SPPS,568,14044
SPPS,569,14082
SPPS,570,14359
SPPS,571,15111
SPPS,572,15463
SPPS,573,15301
SPPS,574,15021
SPPS,575,14523
SPPS,576,13798
SRCA,1,26890
SRCA,2,27405
SRCA,3,28186
SRCA,4,29359
SRCA,5,31674
SRCA,6,34937
SRCA,7,36661
SRCA,8,36139
SRCA,9,34945
SRCA,10,33664
SRCA,11,32556
SRCA,12,31287
SRCA,13,30417
SRCA,14,29746
SRCA,15,29829
SRCA,16,30910
SRCA,17,33789
SRCA,18,36188
SRCA,19,36491
SRCA,20,36204
SRCA,21,35356
SRCA,22,33698
SRCA,23,32477
SRCA,24,31915
SRCA,25,23465
SRCA,26,23785
SRCA,27,24271
SRCA,28,25415
SRCA,29,27758
SRCA,30,31450
SRCA,31,33190
SRCA,32,31714
SRCA,33,28990
SRCA,34,26540
SRCA,35,25062
SRCA,36,23834
SRCA,37,22966
SRCA,38,22306
SRCA,39,21983
SRCA,40,22122
SRCA,41,23358
SRCA,42,26089
SRCA,43,26674
SRCA,44,26578
SRCA,45,25962
SRCA,46,24672
SRCA,47,23379
SRCA,48,22734
SRCA,49,28574
SRCA,50,29066
SRCA,51,29778
SRCA,52,31125
SRCA,53,33438
SRCA,54,37028
SRCA,55,38502
SRCA,56,36574
SRCA,57,33128
SRCA,58,30282
SRCA,59,28220
SRCA,60,26526
SRCA,61,25418
SRCA,62,24511
SRCA,63,24045
SRCA,64,24327
SRCA,65,25656
SRCA,66,28388
SRCA,67,29202
SRCA,68,29272
SRCA,69,28588
SRCA,70,27122
SRCA,71,25583
SRCA,72,24548
SRCA,73,19910
SRCA,74,19818
SRCA,75,20004
SRCA,76,20652
SRCA,77,22297
SRCA,78,25370
SRCA,79,26519
SRCA,80,26039
SRCA,81,25495
SRCA,82,25043
SRCA,83,24609
SRCA,84,24079
SRCA,85,23776
SRCA,86,23531
SRCA,87,23254
SRCA,88,23423
SRCA,89,23974
SRCA,90,25375
SRCA,91,25645
SRCA,92,24990
SRCA,93,23957
SRCA,94,22312
SRCA,95,20723
SRCA,96,19533
SRCA,97,22660
SRCA,98,22794
SRCA,99,23093
SRCA,100,23690
SRCA,101,25617
SRCA,102,28469
SRCA,103,29238
SRCA,104,28326
SRCA,105,26932
SRCA,106,25886
SRCA,107,25117
SRCA,108,24422
SRCA,109,23881
SRCA,110,23219
SRCA,111,22772
SRCA,112,22958
SRCA,113,23812
SRCA,114,26281
SRCA,115,27899
SRCA,116,27821
SRCA,117,27134
SRCA,118,25805
SRCA,119,24666
SRCA,120,24125
SRCA,121,16355
SRCA,122,16092
SRCA,123,16199
SRCA,124,17098
SRCA,125,19315
SRCA,126,21237
SRCA,127,21712
SRCA,128,21833
SRCA,129,21965
SRCA,130,22049
SRCA,131,22355
SRCA,132,22833
SRCA,133,23146
SRCA,134,23479
SRCA,135,23719
SRCA,136,23926
SRCA,137,23973
SRCA,138,24158
SRCA,139,24858
SRCA,140,24075
SRCA,141,22339
SRCA,142,20125
SRCA,143,18410
SRCA,144,17138
SRCA,145,15592
SRCA,146,15353
SRCA,147,15564
SRCA,148,16446
SRCA,149,18324
SRCA,150,19911
SRCA,151,20893
SRCA,152,21706
SRCA,153,22456
SRCA,154,22962
SRCA,155,23778
SRCA,156,24561
SRCA,157,25181
SRCA,158,25771
SRCA,159,26071
SRCA,160,26012
SRCA,161,25636
SRCA,162,25194
SRCA,163,25480
SRCA,164,24748
SRCA,165,22931
SRCA,166,20594
SRCA,167,18806
SRCA,168,17479
SRCA,169,15002
SRCA,170,14852
SRCA,171,15004
SRCA,172,16010
SRCA,173,17781
SRCA,174,19336
SRCA,175,20514
SRCA,176,21036
SRCA,177,21362
SRCA,178,21441
SRCA,179,21650
SRCA,180,21826
SRCA,181,21978
SRCA,182,22149
SRCA,183,22319
SRCA,184,22501
SRCA,185,22417
SRCA,186,22328
SRCA,187,22957
SRCA,188,22666
SRCA,189,21011
SRCA,190,19081
SRCA,191,17481
SRCA,192,16456
SRCA,193,18039
SRCA,194,17542
SRCA,195,17491
SRCA,196,18146
SRCA,197,20017
SRCA,198,21474
SRCA,199,22772
SRCA,200,23784
SRCA,201,24794
SRCA,202,25920
SRCA,203,27063
SRCA,204,28014
SRCA,205,28573
SRCA,206,29104
SRCA,207,29505
SRCA,208,29534
SRCA,209,29119
SRCA,210,28290
SRCA,211,27821
SRCA,212,27038
SRCA,213,25003
SRCA,214,22421
SRCA,215,20309
SRCA,216,18887
SRCA,217,19313
SRCA,218,18755
SRCA,219,18669
SRCA,220,19515
SRCA,221,21208
SRCA,222,23044
SRCA,223,24868
SRCA,224,26427
SRCA,225,27874
SRCA,226,29153
SRCA,227,30467
SRCA,228,31420
SRCA,229,31972
SRCA,230,32021
SRCA,231,31826
SRCA,232,31472
SRCA,233,30894
SRCA,234,30170
SRCA,235,29614
SRCA,236,28799
SRCA,237,26889
SRCA,238,24491
SRCA,239,22200
SRCA,240,20686
SRCA,241,19158
SRCA,242,18468
SRCA,243,18233
SRCA,244,18640
SRCA,245,19544
SRCA,246,20957
SRCA,247,22632
SRCA,248,24020
SRCA,249,25389
SRCA,250,26478
SRCA,251,27540
SRCA,252,28515
SRCA,253,29491
SRCA,254,30322
SRCA,255,30767
SRCA,256,30860
SRCA,257,30387
SRCA,258,29375
SRCA,259,28108
SRCA,260,27555
SRCA,261,26042
SRCA,262,23611
SRCA,263,21238
SRCA,264,19636
SRCA,265,21544
SRCA,266,20562
SRCA,267,20079
SRCA,268,20359
SRCA,269,21134
SRCA,270,22619
SRCA,271,25050
SRCA,272,27795
SRCA,273,30937
SRCA,274,33960
SRCA,275,36626
SRCA,276,38724
SRCA,277,40052
SRCA,278,40903
SRCA,279,41502
SRCA,280,41883
SRCA,281,41724
SRCA,282,40728
SRCA,283,39064
SRCA,284,37630
SRCA,285,35377
SRCA,286,32297
SRCA,287,29181
SRCA,288,26599
SRCA,289,25704
SRCA,290,24627
SRCA,291,24097
SRCA,292,24327
SRCA,293,25121
SRCA,294,26450
SRCA,295,28956
SRCA,296,31624
SRCA,297,34452
SRCA,298,36939
SRCA,299,39037
SRCA,300,40348
SRCA,301,41013
SRCA,302,40795
SRCA,303,39922
SRCA,304,39123
SRCA,305,38119
SRCA,306,36844
SRCA,307,35141
SRCA,308,33810
SRCA,309,31632
SRCA,310,28912
SRCA,311,26504
SRCA,312,24560
SRCA,313,23586
SRCA,314,22818
SRCA,315,22607
SRCA,316,23030
SRCA,317,24054
SRCA,318,25551
SRCA,319,28009
SRCA,320,30636
SRCA,321,33700
SRCA,322,36292
SRCA,323,38482
SRCA,324,40124
SRCA,325,41179
SRCA,326,41761
SRCA,327,42100
SRCA,328,42153
SRCA,329,41866
SRCA,330,41033
SRCA,331,39603
SRCA,332,38259
SRCA,333,35922
SRCA,334,32866
SRCA,335,30111
SRCA,336,27983
SRCA,337,22407
SRCA,338,21437
SRCA,339,21143
SRCA,340,21523
SRCA,341,22520
SRCA,342,23769
SRCA,343,25831
SRCA,344,28258
SRCA,345,30964
SRCA,346,33536
SRCA,347,35708
SRCA,348,37398
SRCA,349,38550
SRCA,350,38996
SRCA,351,38791
SRCA,352,38201
SRCA,353,37297
SRCA,354,35622
SRCA,355,33998
SRCA,356,32640
SRCA,357,30334
SRCA,358,27584
SRCA,359,25231
SRCA,360,23219
SRCA,361,20523
SRCA,362,19943
SRCA,363,19792
SRCA,364,20516
SRCA,365,22605
SRCA,366,24038
SRCA,367,25072
SRCA,368,26044
SRCA,369,27352
SRCA,370,28893
SRCA,371,30469
SRCA,372,31770
SRCA,373,32538
SRCA,374,33566
SRCA,375,33892
SRCA,376,33970
SRCA,377,33481
SRCA,378,32668
SRCA,379,32185
SRCA,380,30985
SRCA,381,28544
SRCA,382,25866
SRCA,383,23566
SRCA,384,21937
SRCA,385,21020
SRCA,386,20429
SRCA,387,20299
SRCA,388,21073
SRCA,389,23164
SRCA,390,24740
SRCA,391,25831
SRCA,392,26830
SRCA,393,28197
SRCA,394,29496
SRCA,395,31062
SRCA,396,32529
SRCA,397,33867
SRCA,398,35006
SRCA,399,35611
SRCA,400,35724
SRCA,401,35254
SRCA,402,34373
SRCA,403,33676
SRCA,404,32064
SRCA,405,29502
SRCA,406,26637
SRCA,407,24435
SRCA,408,22862
SRCA,409,17257
SRCA,410,16960
SRCA,411,16943
SRCA,412,17675
SRCA,413,19625
SRCA,414,20961
SRCA,415,21690
SRCA,416,22397
SRCA,417,22925
SRCA,418,23673
SRCA,419,24521
SRCA,420,25508
SRCA,421,26500
SRCA,422,27353
SRCA,423,27985
SRCA,424,28147
SRCA,425,27675
SRCA,426,26959
SRCA,427,26960
SRCA,428,25647
SRCA,429,23402
SRCA,430,21062
SRCA,431,19161
SRCA,432,17951
SRCA,433,18568
SRCA,434,17991
SRCA,435,17950
SRCA,436,18689
SRCA,437,20887
SRCA,438,22389
SRCA,439,23097
SRCA,440,23670
SRCA,441,24297
SRCA,442,24923
SRCA,443,25621
SRCA,444,26490
SRCA,445,27183
SRCA,446,27709
SRCA,447,28007
SRCA,448,27834
SRCA,449,27182
SRCA,450,27302
SRCA,451,27014
SRCA,452,25560
SRCA,453,23618
SRCA,454,21299
SRCA,455,19468
SRCA,456,18161
SRCA,457,16744
SRCA,458,16473
SRCA,459,16556
SRCA,460,17353
SRCA,461,19444
SRCA,462,20995
SRCA,463,21666
SRCA,464,22071
SRCA,465,22265
SRCA,466,22269
SRCA,467,22385
SRCA,468,22531
SRCA,469,22614
SRCA,470,22599
SRCA,471,22588
SRCA,472,22275
SRCA,473,22083
SRCA,474,22421
SRCA,475,22141
SRCA,476,21362
SRCA,477,20217
SRCA,478,18805
SRCA,479,17489
SRCA,480,16574
SRCA,481,19426
SRCA,482,19347
SRCA,483,19543
SRCA,484,20254
SRCA,485,21980
SRCA,486,24897
SRCA,487,26039
SRCA,488,25629
SRCA,489,24793
SRCA,490,24079
SRCA,491,23319
SRCA,492,22617
SRCA,493,22174
SRCA,494,21806
SRCA,495,21709
SRCA,496,22043
SRCA,497,23889
SRCA,498,25063
SRCA,499,25162
SRCA,500,24809
SRCA,501,24109
SRCA,502,22962
SRCA,503,21605
SRCA,504,20893
SRCA,505,20252
SRCA,506,20221
SRCA,507,20628
SRCA,508,21602
SRCA,509,23461
SRCA,510,26889
SRCA,511,28240
SRCA,512,27529
SRCA,513,26192
SRCA,514,25163
SRCA,515,24308
SRCA,516,23469
SRCA,517,22967
SRCA,518,22422
SRCA,519,22458
SRCA,520,23199
SRCA,521,25740
SRCA,522,27730
SRCA,523,28248
SRCA,524,28368
SRCA,525,27893
SRCA,526,26679
SRCA,527,25551
SRCA,528,24975
SRCA,529,17404
SRCA,530,17132
SRCA,531,17183
SRCA,532,17729
SRCA,533,19211
SRCA,534,22103
SRCA,535,23635
SRCA,536,23405
SRCA,537,23300
SRCA,538,23205
SRCA,539,23117
SRCA,540,22902
SRCA,541,22936
SRCA,542,22748
SRCA,543,22933
SRCA,544,23658
SRCA,545,25249
SRCA,546,25804
SRCA,547,25511
SRCA,548,24803
SRCA,549,23656
SRCA,550,21855
SRCA,551,19968
SRCA,552,18548
SRCA,553,22158
SRCA,554,22223
SRCA,555,22625
SRCA,556,23413
SRCA,557,24840
SRCA,558,26983
SRCA,559,28731
SRCA,560,28942
SRCA,561,27983
SRCA,562,26946
SRCA,563,25716
SRCA,564,24474
SRCA,565,23581
SRCA,566,22787
SRCA,567,22525
SRCA,568,23227
SRCA,569,25921
SRCA,570,27665
SRCA,571,27916
SRCA,572,27893
SRCA,573,27420
SRCA,574,26300
SRCA,575,25160
SRCA,576,24569
SRCE,1,28651
SRCE,2,28848
SRCE,3,29154
SRCE,4,29736
SRCE,5,30932
SRCE,6,32959
SRCE,7,34966
SRCE,8,34920
SRCE,9,33865
SRCE,10,32834
SRCE,11,31936
SRCE,12,31010
SRCE,13,29891
SRCE,14,29032
SRCE,15,28259
SRCE,16,28259
SRCE,17,29798
SRCE,18,32255
SRCE,19,33218
SRCE,20,33310
SRCE,21,32983
SRCE,22,32189
SRCE,23,31220
SRCE,24,30523
SRCE,25,23582
SRCE,26,23689
SRCE,27,24132
SRCE,28,24807
SRCE,29,26161
SRCE,30,28431
SRCE,31,30550
SRCE,32,30338
SRCE,33,28407
SRCE,34,26462
SRCE,35,25053
SRCE,36,24038
SRCE,37,23097
SRCE,38,22360
SRCE,39,21786
SRCE,40,21653
SRCE,41,22112
SRCE,42,23970
SRCE,43,25007
SRCE,44,24982
SRCE,45,24650
SRCE,46,23735
SRCE,47,22578
SRCE,48,21611
SRCE,49,28837
SRCE,50,28966
SRCE,51,29487
SRCE,52,30272
SRCE,53,31530
SRCE,54,34011
SRCE,55,36002
SRCE,56,35283
SRCE,57,33256
SRCE,58,31506
SRCE,59,30175
SRCE,60,29094
SRCE,61,28098
SRCE,62,27479
SRCE,63,27010
SRCE,64,27027
SRCE,65,27617
SRCE,66,28972
SRCE,67,29842
SRCE,68,29649
SRCE,69,29067
SRCE,70,28072
SRCE,71,26658
SRCE,72,25573
SRCE,73,19819
SRCE,74,19629
SRCE,75,19561
SRCE,76,19791
SRCE,77,20451
SRCE,78,22308
SRCE,79,24316
SRCE,80,24395
SRCE,81,23975
SRCE,82,23660
SRCE,83,23395
SRCE,84,23227
SRCE,85,22756
SRCE,86,22383
SRCE,87,22153
SRCE,88,22140
SRCE,89,22603
SRCE,90,23692
SRCE,91,24553
SRCE,92,24457
SRCE,93,23964
SRCE,94,23069
SRCE,95,21864
SRCE,96,20830
SRCE,97,21182
SRCE,98,21182
SRCE,99,21347
SRCE,100,21819
SRCE,101,23023
SRCE,102,25216
SRCE,103,27161
SRCE,104,27220
SRCE,105,26480
SRCE,106,25782
SRCE,107,25155
SRCE,108,24624
SRCE,109,23981
SRCE,110,23432
SRCE,111,22911
SRCE,112,22825
SRCE,113,23101
SRCE,114,24323
SRCE,115,26188
SRCE,116,26602
SRCE,117,26310
SRCE,118,25543
SRCE,119,24488
SRCE,120,23729
SRCE,121,17079
SRCE,122,16437
SRCE,123,16128
SRCE,124,16241
SRCE,125,17038
SRCE,126,18609
SRCE,127,20282
SRCE,128,20683
SRCE,129,20686
SRCE,130,20738
SRCE,131,21000
SRCE,132,21470
SRCE,133,21929
SRCE,134,22278
SRCE,135,22459
SRCE,136,22828
SRCE,137,23091
SRCE,138,23235
SRCE,139,23395
SRCE,140,23744
SRCE,141,23120
SRCE,142,21726
SRCE,143,19925
SRCE,144,18348
SRCE,145,17550
SRCE,146,16751
SRCE,147,16450
SRCE,148,16610
SRCE,149,17456
SRCE,150,18884
SRCE,151,20513
SRCE,152,21215
SRCE,153,21791
SRCE,154,22456
SRCE,155,23256
SRCE,156,24001
SRCE,157,24783
SRCE,158,25419
SRCE,159,26078
SRCE,160,26525
SRCE,161,26817
SRCE,162,26683
SRCE,163,26477
SRCE,164,26292
SRCE,165,25429
SRCE,166,23617
SRCE,167,21561
SRCE,168,19739
SRCE,169,15869
SRCE,170,15594
SRCE,171,15730
SRCE,172,16238
SRCE,173,17401
SRCE,174,19105
SRCE,175,20799
SRCE,176,21340
SRCE,177,21241
SRCE,178,21218
SRCE,179,21348
SRCE,180,21384
SRCE,181,21308
SRCE,182,21392
SRCE,183,21465
SRCE,184,21617
SRCE,185,21879
SRCE,186,21995
SRCE,187,22083
SRCE,188,22439
SRCE,189,22144
SRCE,190,20800
SRCE,191,19198
SRCE,192,17872
SRCE,193,18080
SRCE,194,17287
SRCE,195,16848
SRCE,196,16801
SRCE,197,17466
SRCE,198,18681
SRCE,199,20046
SRCE,200,21070
SRCE,201,21966
SRCE,202,22687
SRCE,203,23595
SRCE,204,24535
SRCE,205,25535
SRCE,206,26399
SRCE,207,27266
SRCE,208,28061
SRCE,209,28389
SRCE,210,28249
SRCE,211,27538
SRCE,212,26668
SRCE,213,26002
SRCE,214,24078
SRCE,215,21789
SRCE,216,19697
SRCE,217,21385
SRCE,218,20205
SRCE,219,19437
SRCE,220,19206
SRCE,221,19719
SRCE,222,20724
SRCE,223,22165
SRCE,224,23880
SRCE,225,25438
SRCE,226,26644
SRCE,227,28010
SRCE,228,29254
SRCE,229,30443
SRCE,230,31440
SRCE,231,32157
SRCE,232,32630
SRCE,233,32541
SRCE,234,31983
SRCE,235,30960
SRCE,236,29791
SRCE,237,28583
SRCE,238,26682
SRCE,239,24361
SRCE,240,22160
SRCE,241,19327
SRCE,242,18280
SRCE,243,17461
SRCE,244,17292
SRCE,245,17762
SRCE,246,18611
SRCE,247,19962
SRCE,248,21528
SRCE,249,22955
SRCE,250,24511
SRCE,251,26254
SRCE,252,27839
SRCE,253,29209
SRCE,254,30285
SRCE,255,31202
SRCE,256,31828
SRCE,257,32251
SRCE,258,31945
SRCE,259,30981
SRCE,260,29631
SRCE,261,28627
SRCE,262,26916
SRCE,263,24356
SRCE,264,22115
SRCE,265,24435
SRCE,266,22898
SRCE,267,21773
SRCE,268,21236
SRCE,269,21253
SRCE,270,21991
SRCE,271,23181
SRCE,272,25227
SRCE,273,27619
SRCE,274,30239
SRCE,275,32976
SRCE,276,35124
SRCE,277,36919
SRCE,278,38119
SRCE,279,38772
SRCE,280,39225
SRCE,281,39428
SRCE,282,38662
SRCE,283,37546
SRCE,284,36063
SRCE,285,34730
SRCE,286,32932
SRCE,287,30384
SRCE,288,27793
SRCE,289,23238
SRCE,290,22021
SRCE,291,21246
SRCE,292,20929
SRCE,293,21202
SRCE,294,22007
SRCE,295,23222
SRCE,296,24868
SRCE,297,26258
SRCE,298,27783
SRCE,299,29457
SRCE,300,30911
SRCE,301,31936
SRCE,302,32846
SRCE,303,33539
SRCE,304,34043
SRCE,305,34196
SRCE,306,33915
SRCE,307,33055
SRCE,308,31779
SRCE,309,30779
SRCE,310,28918
SRCE,311,26667
SRCE,312,24456
SRCE,313,26028
SRCE,314,24664
SRCE,315,23694
SRCE,316,23188
SRCE,317,23398
SRCE,318,24074
SRCE,319,25339
SRCE,320,27329
SRCE,321,29519
SRCE,322,31827
SRCE,323,33973
SRCE,324,35566
SRCE,325,36831
SRCE,326,37805
SRCE,327,38420
SRCE,328,38707
SRCE,329,38611
SRCE,330,38136
SRCE,331,37051
SRCE,332,35561
SRCE,333,34462
SRCE,334,32336
SRCE,335,29623
SRCE,336,26928
SRCE,337,23567
SRCE,338,22168
SRCE,339,21303
SRCE,340,21016
SRCE,341,21193
SRCE,342,22048
SRCE,343,23158
SRCE,344,24845
SRCE,345,26698
SRCE,346,28839
SRCE,347,31139
SRCE,348,33169
SRCE,349,34734
SRCE,350,35934
SRCE,351,36540
SRCE,352,36838
SRCE,353,36842
SRCE,354,36258
SRCE,355,35130
SRCE,356,33736
SRCE,357,32827
SRCE,358,30837
SRCE,359,28438
SRCE,360,26102
SRCE,361,21496
SRCE,362,20327
SRCE,363,19645
SRCE,364,19522
SRCE,365,19996
SRCE,366,21243
SRCE,367,22751
SRCE,368,23578
SRCE,369,24613
SRCE,370,25861
SRCE,371,27373
SRCE,372,28771
SRCE,373,29850
SRCE,374,30660
SRCE,375,31178
SRCE,376,31511
SRCE,377,31650
SRCE,378,31333
SRCE,379,30732
SRCE,380,30379
SRCE,381,29443
SRCE,382,27459
SRCE,383,25314
SRCE,384,23437
SRCE,385,22080
SRCE,386,21010
SRCE,387,20390
SRCE,388,20187
SRCE,389,20757
SRCE,390,22249
SRCE,391,23909
SRCE,392,24768
SRCE,393,25924
SRCE,394,27261
SRCE,395,28850
SRCE,396,30448
SRCE,397,31930
SRCE,398,33224
SRCE,399,33959
SRCE,400,34460
SRCE,401,34482
SRCE,402,33796
SRCE,403,32627
SRCE,404,31368
SRCE,405,29787
SRCE,406,27579
SRCE,407,25118
SRCE,408,22936
SRCE,409,17469
SRCE,410,16765
SRCE,411,16391
SRCE,412,16435
SRCE,413,17087
SRCE,414,18488
SRCE,415,19925
SRCE,416,20379
SRCE,417,21034
SRCE,418,21844
SRCE,419,22805
SRCE,420,23806
SRCE,421,24919
SRCE,422,25907
SRCE,423,26723
SRCE,424,27468
SRCE,425,27815
SRCE,426,27519
SRCE,427,26767
SRCE,428,26336
SRCE,429,25353
SRCE,430,23426
SRCE,431,21222
SRCE,432,19415
SRCE,433,16789
SRCE,434,16290
SRCE,435,15944
SRCE,436,16118
SRCE,437,16899
SRCE,438,18437
SRCE,439,20007
SRCE,440,20425
SRCE,441,20720
SRCE,442,21073
SRCE,443,21628
SRCE,444,22238
SRCE,445,22758
SRCE,446,23298
SRCE,447,23802
SRCE,448,24213
SRCE,449,24282
SRCE,450,24021
SRCE,451,23982
SRCE,452,23919
SRCE,453,22859
SRCE,454,21280
SRCE,455,19659
SRCE,456,18143
SRCE,457,16868
SRCE,458,16555
SRCE,459,16519
SRCE,460,16844
SRCE,461,17881
SRCE,462,19519
SRCE,463,21256
SRCE,464,21423
SRCE,465,21184
SRCE,466,20975
SRCE,467,20772
SRCE,468,20582
SRCE,469,20258
SRCE,470,20238
SRCE,471,20127
SRCE,472,20105
SRCE,473,20245
SRCE,474,20537
SRCE,475,21016
SRCE,476,20840
SRCE,477,20344
SRCE,478,19593
SRCE,479,18578
SRCE,480,17498
SRCE,481,19496
SRCE,482,19261
SRCE,483,19201
SRCE,484,19449
SRCE,485,20308
SRCE,486,22088
SRCE,487,23862
SRCE,488,24038
SRCE,489,23248
SRCE,490,22444
SRCE,491,21843
SRCE,492,21368
SRCE,493,21074
SRCE,494,20761
SRCE,495,20563
SRCE,496,20577
SRCE,497,21276
SRCE,498,22434
SRCE,499,22766
SRCE,500,22561
SRCE,501,22028
SRCE,502,21156
SRCE,503,19917
SRCE,504,18858
SRCE,505,23327
SRCE,506,23405
SRCE,507,23489
SRCE,508,23843
SRCE,509,24964
SRCE,510,27042
SRCE,511,28987
SRCE,512,28956
SRCE,513,27738
SRCE,514,26447
SRCE,515,25268
SRCE,516,24365
SRCE,517,23603
SRCE,518,22971
SRCE,519,22617
SRCE,520,22806
SRCE,521,24254
SRCE,522,26325
SRCE,523,27298
SRCE,524,27504
SRCE,525,27458
SRCE,526,26835
SRCE,527,25887
SRCE,528,25199
SRCE,529,17614
SRCE,530,17219
SRCE,531,17058
SRCE,532,17257
SRCE,533,18107
SRCE,534,19923
SRCE,535,22035
SRCE,536,22523
SRCE,537,22418
SRCE,538,22292
SRCE,539,22226
SRCE,540,22054
SRCE,541,21853
SRCE,542,21637
SRCE,543,21306
SRCE,544,21419
SRCE,545,22439
SRCE,546,23874
SRCE,547,24378
SRCE,548,24230
SRCE,549,23643
SRCE,550,22767
SRCE,551,21327
SRCE,552,20097
SRCE,553,25122
SRCE,554,25021
SRCE,555,24985
SRCE,556,25145
SRCE,557,25771
SRCE,558,26952
SRCE,559,28254
SRCE,560,28856
SRCE,561,28983
SRCE,562,29002
SRCE,563,28900
SRCE,564,28435
SRCE,565,27750
SRCE,566,27140
SRCE,567,26580
SRCE,568,26609
SRCE,569,27453
SRCE,570,28743
SRCE,571,29190
SRCE,572,28982
SRCE,573,28595
SRCE,574,27819
SRCE,575,26691
SRCE,576,25797
SRSE,1,28294
SRSE,2,28541
SRSE,3,29012
SRSE,4,30012
SRSE,5,32047
SRSE,6,35076
SRSE,7,37368
SRSE,8,37436
SRSE,9,36642
SRSE,10,35727
SRSE,11,34560
SRSE,12,33434
SRSE,13,32322
SRSE,14,31369
SRSE,15,30870
SRSE,16,31299
SRSE,17,33459
SRSE,18,36757
SRSE,19,37856
SRSE,20,37869
SRSE,21,37157
SRSE,22,35604
SRSE,23,34138
SRSE,24,33215
SRSE,25,24734
SRSE,26,25007
SRSE,27,25521
SRSE,28,26587
SRSE,29,28643
SRSE,30,32280
SRSE,31,34546
SRSE,32,33827
SRSE,33,31585
SRSE,34,29199
SRSE,35,27491
SRSE,36,26227
SRSE,37,25258
SRSE,38,24495
SRSE,39,24031
SRSE,40,23956
SRSE,41,24659
SRSE,42,27307
SRSE,43,28605
SRSE,44,28595
SRSE,45,27977
SRSE,46,26703
SRSE,47,25170
SRSE,48,24129
SRSE,49,30389
SRSE,50,30666
SRSE,51,31274
SRSE,52,32372
SRSE,53,34471
SRSE,54,38003
SRSE,55,40524
SRSE,56,38877
SRSE,57,36051
SRSE,58,33644
SRSE,59,31548
SRSE,60,29968
SRSE,61,28589
SRSE,62,27533
SRSE,63,26806
SRSE,64,26824
SRSE,65,27717
SRSE,66,30132
SRSE,67,31576
SRSE,68,31426
SRSE,69,30587
SRSE,70,28948
SRSE,71,27203
SRSE,72,25812
SRSE,73,20129
SRSE,74,19692
SRSE,75,19525
SRSE,76,19908
SRSE,77,21163
SRSE,78,23786
SRSE,79,25638
SRSE,80,25576
SRSE,81,25500
SRSE,82,25649
SRSE,83,25544
SRSE,84,25364
SRSE,85,25068
SRSE,86,24694
SRSE,87,24420
SRSE,88,24409
SRSE,89,24757
SRSE,90,26204
SRSE,91,27144
SRSE,92,26767
SRSE,93,25800
SRSE,94,24357
SRSE,95,22643
SRSE,96,21223
SRSE,97,22207
SRSE,98,22001
SRSE,99,22103
SRSE,100,22582
SRSE,101,24248
SRSE,102,27106
SRSE,103,28619
SRSE,104,28027
SRSE,105,27075
SRSE,106,26396
SRSE,107,25837
SRSE,108,25388
SRSE,109,24827
SRSE,110,24437
SRSE,111,24092
SRSE,112,24093
SRSE,113,24396
SRSE,114,25799
SRSE,115,28065
SRSE,116,28267
SRSE,117,27424
SRSE,118,26088
SRSE,119,24618
SRSE,120,23600
SRSE,121,18990
SRSE,122,18348
SRSE,123,18042
SRSE,124,18173
SRSE,125,19164
SRSE,126,21597
SRSE,127,23523
SRSE,128,23445
SRSE,129,23530
SRSE,130,24089
SRSE,131,24549
SRSE,132,25052
SRSE,133,25606
SRSE,134,26136
SRSE,135,26348
SRSE,136,26827
SRSE,137,26929
SRSE,138,26837
SRSE,139,26825
SRSE,140,27638
SRSE,141,26664
SRSE,142,24703
SRSE,143,22284
SRSE,144,20385
SRSE,145,19404
SRSE,146,18602
SRSE,147,18251
SRSE,148,18375
SRSE,149,19307
SRSE,150,21191
SRSE,151,22746
SRSE,152,23497
SRSE,153,24574
SRSE,154,25905
SRSE,155,27137
SRSE,156,28393
SRSE,157,29770
SRSE,158,30807
SRSE,159,31771
SRSE,160,32447
SRSE,161,32771
SRSE,162,32212
SRSE,163,31291
SRSE,164,31175
SRSE,165,29711
SRSE,166,27318
SRSE,167,24813
SRSE,168,22560
SRSE,169,17219
SRSE,170,16731
SRSE,171,16626
SRSE,172,16936
SRSE,173,18045
SRSE,174,20389
SRSE,175,21971
SRSE,176,22526
SRSE,177,23068
SRSE,178,23750
SRSE,179,24376
SRSE,180,24824
SRSE,181,25469
SRSE,182,26157
SRSE,183,26588
SRSE,184,27074
SRSE,185,27460
SRSE,186,27153
SRSE,187,26595
SRSE,188,27039
SRSE,189,26174
SRSE,190,24061
SRSE,191,21644
SRSE,192,19731
SRSE,193,21089
SRSE,194,20162
SRSE,195,19577
SRSE,196,19494
SRSE,197,20384
SRSE,198,22276
SRSE,199,23548
SRSE,200,24384
SRSE,201,25538
SRSE,202,26865
SRSE,203,28214
SRSE,204,29477
SRSE,205,30703
SRSE,206,31825
SRSE,207,32684
SRSE,208,33126
SRSE,209,33427
SRSE,210,33041
SRSE,211,31923
SRSE,212,30906
SRSE,213,30192
SRSE,214,27647
SRSE,215,24789
SRSE,216,22394
SRSE,217,23022
SRSE,218,21986
SRSE,219,21385
SRSE,220,21294
SRSE,221,22104
SRSE,222,23610
SRSE,223,24988
SRSE,224,26560
SRSE,225,28338
SRSE,226,30187
SRSE,227,31897
SRSE,228,33105
SRSE,229,34284
SRSE,230,35164
SRSE,231,35851
SRSE,232,36621
SRSE,233,36736
SRSE,234,36464
SRSE,235,35391
SRSE,236,34125
SRSE,237,33178
SRSE,238,30718
SRSE,239,27831
SRSE,240,25189
SRSE,241,23737
SRSE,242,22355
SRSE,243,21505
SRSE,244,21282
SRSE,245,21900
SRSE,246,23068
SRSE,247,24565
SRSE,248,26403
SRSE,249,28483
SRSE,250,30681
SRSE,251,32880
SRSE,252,34549
SRSE,253,35906
SRSE,254,36968
SRSE,255,37788
SRSE,256,38237
SRSE,257,38097
SRSE,258,36886
SRSE,259,35285
SRSE,260,33796
SRSE,261,33033
SRSE,262,30853
SRSE,263,27958
SRSE,264,25424
SRSE,265,27361
SRSE,266,25626
SRSE,267,24561
SRSE,268,24008
SRSE,269,24313
SRSE,270,25072
SRSE,271,26219
SRSE,272,28282
SRSE,273,31217
SRSE,274,34544
SRSE,275,37790
SRSE,276,40660
SRSE,277,43004
SRSE,278,44483
SRSE,279,45409
SRSE,280,46083
SRSE,281,46247
SRSE,282,45642
SRSE,283,44187
SRSE,284,42259
SRSE,285,40966
SRSE,286,38384
SRSE,287,35212
SRSE,288,32147
SRSE,289,26989
SRSE,290,25673
SRSE,291,24842
SRSE,292,24458
SRSE,293,24901
SRSE,294,25953
SRSE,295,27319
SRSE,296,29661
SRSE,297,32252
SRSE,298,35028
SRSE,299,37779
SRSE,300,40032
SRSE,301,41581
SRSE,302,42492
SRSE,303,43134
SRSE,304,43514
SRSE,305,43367
SRSE,306,42695
SRSE,307,41215
SRSE,308,39295
SRSE,309,38019
SRSE,310,35147
SRSE,311,31874
SRSE,312,28909
SRSE,313,29334
SRSE,314,27675
SRSE,315,26490
SRSE,316,26081
SRSE,317,26480
SRSE,318,27590
SRSE,319,28703
SRSE,320,30737
SRSE,321,33637
SRSE,322,36904
SRSE,323,39822
SRSE,324,42075
SRSE,325,43771
SRSE,326,44971
SRSE,327,45606
SRSE,328,45769
SRSE,329,45309
SRSE,330,44459
SRSE,331,43002
SRSE,332,41496
SRSE,333,40470
SRSE,334,37680
SRSE,335,34506
SRSE,336,31428
SRSE,337,27619
SRSE,338,26089
SRSE,339,25111
SRSE,340,24756
SRSE,341,25164
SRSE,342,26500
SRSE,343,27476
SRSE,344,29221
SRSE,345,31664
SRSE,346,34762
SRSE,347,37924
SRSE,348,40518
SRSE,349,41996
SRSE,350,42567
SRSE,351,42468
SRSE,352,42139
SRSE,353,41460
SRSE,354,40306
SRSE,355,38744
SRSE,356,37241
SRSE,357,36153
SRSE,358,33685
SRSE,359,30985
SRSE,360,28300
SRSE,361,24444
SRSE,362,23375
SRSE,363,22705
SRSE,364,22671
SRSE,365,23549
SRSE,366,25930
SRSE,367,27530
SRSE,368,27928
SRSE,369,28930
SRSE,370,30131
SRSE,371,31304
SRSE,372,32389
SRSE,373,33307
SRSE,374,33948
SRSE,375,34277
SRSE,376,34537
SRSE,377,34488
SRSE,378,34086
SRSE,379,33564
SRSE,380,33918
SRSE,381,32936
SRSE,382,30553
SRSE,383,28063
SRSE,384,25898
SRSE,385,23671
SRSE,386,22663
SRSE,387,22158
SRSE,388,22084
SRSE,389,23063
SRSE,390,25576
SRSE,391,27056
SRSE,392,27464
SRSE,393,28853
SRSE,394,30508
SRSE,395,32233
SRSE,396,33937
SRSE,397,35614
SRSE,398,37013
SRSE,399,37955
SRSE,400,38577
SRSE,401,38755
SRSE,402,37897
SRSE,403,36651
SRSE,404,36114
SRSE,405,34356
SRSE,406,31436
SRSE,407,28511
SRSE,408,26137
SRSE,409,20583
SRSE,410,19631
SRSE,411,19162
SRSE,412,19191
SRSE,413,20105
SRSE,414,22276
SRSE,415,23672
SRSE,416,23984
SRSE,417,25062
SRSE,418,26323
SRSE,419,27816
SRSE,420,29267
SRSE,421,30569
SRSE,422,31469
SRSE,423,32136
SRSE,424,32665
SRSE,425,32754
SRSE,426,32072
SRSE,427,31096
SRSE,428,31164
SRSE,429,29617
SRSE,430,26954
SRSE,431,24211
SRSE,432,21969
SRSE,433,19601
SRSE,434,19091
SRSE,435,18683
SRSE,436,18858
SRSE,437,19843
SRSE,438,22129
SRSE,439,23778
SRSE,440,23810
SRSE,441,24538
SRSE,442,25409
SRSE,443,26272
SRSE,444,27213
SRSE,445,28164
SRSE,446,29128
SRSE,447,29928
SRSE,448,30447
SRSE,449,30319
SRSE,450,29472
SRSE,451,29396
SRSE,452,29252
SRSE,453,27657
SRSE,454,25328
SRSE,455,23029
SRSE,456,21050
SRSE,457,18858
SRSE,458,18304
SRSE,459,18177
SRSE,460,18258
SRSE,461,19287
SRSE,462,21575
SRSE,463,23450
SRSE,464,23470
SRSE,465,23785
SRSE,466,24178
SRSE,467,24400
SRSE,468,24467
SRSE,469,24554
SRSE,470,24689
SRSE,471,24593
SRSE,472,24634
SRSE,473,24420
SRSE,474,24163
SRSE,475,24740
SRSE,476,24355
SRSE,477,23498
SRSE,478,22305
SRSE,479,20859
SRSE,480,19414
SRSE,481,20548
SRSE,482,19991
SRSE,483,19735
SRSE,484,19838
SRSE,485,20626
SRSE,486,22175
SRSE,487,24137
SRSE,488,25190
SRSE,489,25136
SRSE,490,24873
SRSE,491,24544
SRSE,492,24245
SRSE,493,23901
SRSE,494,23703
SRSE,495,23594
SRSE,496,23499
SRSE,497,23983
SRSE,498,25237
SRSE,499,26011
SRSE,500,25741
SRSE,501,25160
SRSE,502,24264
SRSE,503,22854
SRSE,504,21575
SRSE,505,22321
SRSE,506,21875
SRSE,507,21793
SRSE,508,22080
SRSE,509,23125
SRSE,510,25297
SRSE,511,27593
SRSE,512,28463
SRSE,513,28114
SRSE,514,27682
SRSE,515,26970
SRSE,516,26308
SRSE,517,25713
SRSE,518,25234
SRSE,519,24905
SRSE,520,24988
SRSE,521,26087
SRSE,522,28135
SRSE,523,29467
SRSE,524,29460
SRSE,525,29289
SRSE,526,28341
SRSE,527,26893
SRSE,528,25683
SRSE,529,19406
SRSE,530,18722
SRSE,531,18431
SRSE,532,18493
SRSE,533,19208
SRSE,534,21178
SRSE,535,23408
SRSE,536,24677
SRSE,537,24810
SRSE,538,25114
SRSE,539,25357
SRSE,540,25439
SRSE,541,25417
SRSE,542,25248
SRSE,543,25108
SRSE,544,25179
SRSE,545,26018
SRSE,546,27512
SRSE,547,28240
SRSE,548,27818
SRSE,549,26904
SRSE,550,25561
SRSE,551,23642
SRSE,552,21974
SRSE,553,26574
SRSE,554,26123
SRSE,555,25975
SRSE,556,26234
SRSE,557,27004
SRSE,558,28485
SRSE,559,30304
SRSE,560,31415
SRSE,561,31711
SRSE,562,31413
SRSE,563,30837
SRSE,564,29878
SRSE,565,28807
SRSE,566,27868
SRSE,567,27212
SRSE,568,27154
SRSE,569,28091
SRSE,570,30182
SRSE,571,31763
SRSE,572,31941
SRSE,573,31712
SRSE,574,30963
SRSE,575,29692
SRSE,576,28557
SRSG,1,12537
SRSG,2,11770
SRSG,3,11368
SRSG,4,11206
SRSG,5,11223
SRSG,6,11372
SRSG,7,11901
SRSG,8,12813
SRSG,9,14068
SRSG,10,14340
SRSG,11,14060
SRSG,12,13647
SRSG,13,13172
SRSG,14,12989
SRSG,15,12766
SRSG,16,12590
SRSG,17,12424
SRSG,18,12378
SRSG,19,12599
SRSG,20,13562
SRSG,21,14325
SRSG,22,14350
SRSG,23,14102
SRSG,24,13596
SRSG,25,12181
SRSG,26,11536
SRSG,27,11284
SRSG,28,11137
SRSG,29,11220
SRSG,30,11480
SRSG,31,12104
SRSG,32,13257
SRSG,33,14692
SRSG,34,14951
SRSG,35,14442
SRSG,36,13761
SRSG,37,13157
SRSG,38,12775
SRSG,39,12508
SRSG,40,12286
SRSG,41,12106
SRSG,42,12097
SRSG,43,12248
SRSG,44,12883
SRSG,45,13885
SRSG,46,13973
SRSG,47,13702
SRSG,48,13141
SRSG,49,12478
SRSG,50,11739
SRSG,51,11420
SRSG,52,11239
SRSG,53,11273
SRSG,54,11424
SRSG,55,12013
SRSG,56,12983
SRSG,57,14472
SRSG,58,14755
SRSG,59,14197
SRSG,60,13873
SRSG,61,13489
SRSG,62,13109
SRSG,63,12882
SRSG,64,12661
SRSG,65,12455
SRSG,66,12322
SRSG,67,12456
SRSG,68,13036
SRSG,69,13942
SRSG,70,14132
SRSG,71,13921
SRSG,72,13419
SRSG,73,12831
SRSG,74,12051
SRSG,75,11736
SRSG,76,11688
SRSG,77,11746
SRSG,78,11928
SRSG,79,12437
SRSG,80,13568
SRSG,81,14925
SRSG,82,15180
SRSG,83,14386
SRSG,84,13702
SRSG,85,13169
SRSG,86,12565
SRSG,87,12759
SRSG,88,12527
SRSG,89,12364
SRSG,90,12282
SRSG,91,12376
SRSG,92,12859
SRSG,93,13831
SRSG,94,14160
SRSG,95,14012
SRSG,96,13554
SRSG,97,11691
SRSG,98,10890
SRSG,99,10445
SRSG,100,10259
SRSG,101,10265
SRSG,102,10457
SRSG,103,10996
SRSG,104,12063
SRSG,105,13415
SRSG,106,13477
SRSG,107,13152
SRSG,108,12800
SRSG,109,12531
SRSG,110,12455
SRSG,111,12391
SRSG,112,12338
SRSG,113,12285
SRSG,114,12285
SRSG,115,12359
SRSG,116,12643
SRSG,117,13384
SRSG,118,13767
SRSG,119,13479
SRSG,120,12840
SRSG,121,11889
SRSG,122,11093
SRSG,123,10747
SRSG,124,10573
SRSG,125,10519
SRSG,126,10683
SRSG,127,11154
SRSG,128,12031
SRSG,129,12862
SRSG,130,12976
SRSG,131,12910
SRSG,132,12737
SRSG,133,12619
SRSG,134,12468
SRSG,135,12512
SRSG,136,12491
SRSG,137,12529
SRSG,138,12574
SRSG,139,12654
SRSG,140,12803
SRSG,141,13240
SRSG,142,13749
SRSG,143,13394
SRSG,144,12878
SRSG,145,11611
SRSG,146,10822
SRSG,147,10468
SRSG,148,10141
SRSG,149,10075
SRSG,150,10186
SRSG,151,10720
SRSG,152,11500
SRSG,153,12150
SRSG,154,12500
SRSG,155,12659
SRSG,156,12631
SRSG,157,12622
SRSG,158,12634
SRSG,159,12540
SRSG,160,12492
SRSG,161,12536
SRSG,162,12561
SRSG,163,12611
SRSG,164,12762
SRSG,165,13195
SRSG,166,13756
SRSG,167,13473
SRSG,168,12790
SRSG,169,11807
SRSG,170,10946
SRSG,171,10515
SRSG,172,10068
SRSG,173,9867
SRSG,174,9906
SRSG,175,10291
SRSG,176,10831
SRSG,177,11468
SRSG,178,12097
SRSG,179,12527
SRSG,180,12831
SRSG,181,13154
SRSG,182,13683
SRSG,183,14128
SRSG,184,14673
SRSG,185,15188
SRSG,186,15499
SRSG,187,15753
SRSG,188,15824
SRSG,189,15730
SRSG,190,15571
SRSG,191,15314
SRSG,192,14325
SRSG,193,16088
SRSG,194,14486
SRSG,195,13370
SRSG,196,12619
SRSG,197,12061
SRSG,198,11687
SRSG,199,11814
SRSG,200,12207
SRSG,201,12835
SRSG,202,14012
SRSG,203,14942
SRSG,204,15850
SRSG,205,16906
SRSG,206,17879
SRSG,207,18885
SRSG,208,19905
SRSG,209,20724
SRSG,210,21374
SRSG,211,21691
SRSG,212,21662
SRSG,213,20821
SRSG,214,19932
SRSG,215,19222
SRSG,216,17775
SRSG,217,14041
SRSG,218,12729
SRSG,219,11888
SRSG,220,11197
SRSG,221,10859
SRSG,222,10761
SRSG,223,10986
SRSG,224,11296
SRSG,225,12081
SRSG,226,13145
SRSG,227,14018
SRSG,228,14785
SRSG,229,15809
SRSG,230,16905
SRSG,231,17905
SRSG,232,18877
SRSG,233,19699
SRSG,234,20358
SRSG,235,20783
SRSG,236,20863
SRSG,237,20235
SRSG,238,19445
SRSG,239,18691
SRSG,240,17211
SRSG,241,17667
SRSG,242,16021
SRSG,243,14727
SRSG,244,13773
SRSG,245,13059
SRSG,246,12647
SRSG,247,12556
SRSG,248,12724
SRSG,249,13624
SRSG,250,14971
SRSG,251,16192
SRSG,252,17411
SRSG,253,18687
SRSG,254,19783
SRSG,255,20269
SRSG,256,21226
SRSG,257,22141
SRSG,258,22823
SRSG,259,23221
SRSG,260,23179
SRSG,261,22307
SRSG,262,21306
SRSG,263,21040
SRSG,264,19602
SRSG,265,20791
SRSG,266,19102
SRSG,267,17621
SRSG,268,16584
SRSG,269,15830
SRSG,270,15363
SRSG,271,15182
SRSG,272,15274
SRSG,273,16127
SRSG,274,17647
SRSG,275,19106
SRSG,276,20545
SRSG,277,22113
SRSG,278,23350
SRSG,279,23997
SRSG,280,24953
SRSG,281,25809
SRSG,282,26440
SRSG,283,26685
SRSG,284,26713
SRSG,285,25669
SRSG,286,24497
SRSG,287,24041
SRSG,288,22468
SRSG,289,19466
SRSG,290,17961
SRSG,291,16393
SRSG,292,15389
SRSG,293,14735
SRSG,294,14352
SRSG,295,14429
SRSG,296,14635
SRSG,297,15055
SRSG,298,16348
SRSG,299,17843
SRSG,300,19354
SRSG,301,21049
SRSG,302,22297
SRSG,303,23558
SRSG,304,24540
SRSG,305,25481
SRSG,306,26130
SRSG,307,26338
SRSG,308,26222
SRSG,309,25388
SRSG,310,24338
SRSG,311,23325
SRSG,312,21710
SRSG,313,18501
SRSG,314,16906
SRSG,315,16091
SRSG,316,15212
SRSG,317,14565
SRSG,318,14175
SRSG,319,14197
SRSG,320,14436
SRSG,321,14602
SRSG,322,15954
SRSG,323,17124
SRSG,324,18355
SRSG,325,19852
SRSG,326,21069
SRSG,327,22339
SRSG,328,23394
SRSG,329,24209
SRSG,330,24689
SRSG,331,24914
SRSG,332,24633
SRSG,333,23657
SRSG,334,22730
SRSG,335,21818
SRSG,336,20337
SRSG,337,18539
SRSG,338,16908
SRSG,339,15752
SRSG,340,14874
SRSG,341,14259
SRSG,342,13944
SRSG,343,13939
SRSG,344,14106
SRSG,345,14633
SRSG,346,16084
SRSG,347,17301
SRSG,348,18694
SRSG,349,20324
SRSG,350,21716
SRSG,351,22783
SRSG,352,23821
SRSG,353,24700
SRSG,354,25311
SRSG,355,25577
SRSG,356,25289
SRSG,357,24275
SRSG,358,23404
SRSG,359,22435
SRSG,360,20924
SRSG,361,18815
SRSG,362,17357
SRSG,363,16271
SRSG,364,15383
SRSG,365,14766
SRSG,366,14446
SRSG,367,14551
SRSG,368,15054
SRSG,369,15607
SRSG,370,16742
SRSG,371,17755
SRSG,372,18856
SRSG,373,20177
SRSG,374,21096
SRSG,375,21958
SRSG,376,22918
SRSG,377,23832
SRSG,378,24337
SRSG,379,24373
SRSG,380,23932
SRSG,381,22996
SRSG,382,22591
SRSG,383,21683
SRSG,384,20290
SRSG,385,18383
SRSG,386,16920
SRSG,387,15906
SRSG,388,15133
SRSG,389,14644
SRSG,390,14418
SRSG,391,14552
SRSG,392,15105
SRSG,393,15738
SRSG,394,16760
SRSG,395,17620
SRSG,396,18691
SRSG,397,19969
SRSG,398,21082
SRSG,399,21973
SRSG,400,22960
SRSG,401,23854
SRSG,402,24469
SRSG,403,24717
SRSG,404,24392
SRSG,405,23490
SRSG,406,22892
SRSG,407,22020
SRSG,408,20534
SRSG,409,16099
SRSG,410,14607
SRSG,411,13465
SRSG,412,12766
SRSG,413,12393
SRSG,414,12293
SRSG,415,12545
SRSG,416,13248
SRSG,417,13801
SRSG,418,14518
SRSG,419,14802
SRSG,420,15182
SRSG,421,15668
SRSG,422,16166
SRSG,423,16596
SRSG,424,16926
SRSG,425,17149
SRSG,426,17226
SRSG,427,17299
SRSG,428,17313
SRSG,429,17310
SRSG,430,17427
SRSG,431,16780
SRSG,432,15802
SRSG,433,13702
SRSG,434,12488
SRSG,435,11484
SRSG,436,10855
SRSG,437,10424
SRSG,438,10279
SRSG,439,10530
SRSG,440,11192
SRSG,441,11721
SRSG,442,12378
SRSG,443,12961
SRSG,444,13734
SRSG,445,14671
SRSG,446,15674
SRSG,447,16556
SRSG,448,17456
SRSG,449,18190
SRSG,450,18516
SRSG,451,18523
SRSG,452,18143
SRSG,453,17810
SRSG,454,17211
SRSG,455,16164
SRSG,456,14882
SRSG,457,11933
SRSG,458,10912
SRSG,459,10117
SRSG,460,9630
SRSG,461,9358
SRSG,462,9305
SRSG,463,9587
SRSG,464,10287
SRSG,465,10881
SRSG,466,11289
SRSG,467,11617
SRSG,468,11998
SRSG,469,12558
SRSG,470,13154
SRSG,471,13875
SRSG,472,14544
SRSG,473,15340
SRSG,474,15748
SRSG,475,15787
SRSG,476,15473
SRSG,477,15280
SRSG,478,14520
SRSG,479,13772
SRSG,480,12816
SRSG,481,11521
SRSG,482,10746
SRSG,483,10211
SRSG,484,9946
SRSG,485,9874
SRSG,486,9944
SRSG,487,10319
SRSG,488,11149
SRSG,489,12311
SRSG,490,12505
SRSG,491,12241
SRSG,492,11987
SRSG,493,11927
SRSG,494,12028
SRSG,495,11993
SRSG,496,12066
SRSG,497,12108
SRSG,498,12168
SRSG,499,12352
SRSG,500,13024
SRSG,501,13393
SRSG,502,13220
SRSG,503,12915
SRSG,504,12333
SRSG,505,11841
SRSG,506,11000
SRSG,507,10528
SRSG,508,10285
SRSG,509,10200
SRSG,510,10298
SRSG,511,10680
SRSG,512,11565
SRSG,513,12634
SRSG,514,12796
SRSG,515,12447
SRSG,516,12160
SRSG,517,11970
SRSG,518,11896
SRSG,519,11861
SRSG,520,11865
SRSG,521,11894
SRSG,522,11964
SRSG,523,12201
SRSG,524,13039
SRSG,525,13583
SRSG,526,13491
SRSG,527,13188
SRSG,528,12579
SRSG,529,12777
SRSG,530,11936
SRSG,531,11567
SRSG,532,11425
SRSG,533,11508
SRSG,534,11707
SRSG,535,12273
SRSG,536,13366
SRSG,537,14753
SRSG,538,14616
SRSG,539,13961
SRSG,540,13383
SRSG,541,12893
SRSG,542,12419
SRSG,543,12029
SRSG,544,11762
SRSG,545,11505
SRSG,546,11485
SRSG,547,11907
SRSG,548,13235
SRSG,549,14115
SRSG,550,14169
SRSG,551,13968
SRSG,552,13488
SRSG,553,13411
SRSG,554,13121
SRSG,555,12740
SRSG,556,12657
SRSG,557,12724
SRSG,558,12836
SRSG,559,13272
SRSG,560,13993
SRSG,561,14924
SRSG,562,14841
SRSG,563,14744
SRSG,564,14459
SRSG,565,14086
SRSG,566,13495
SRSG,567,12927
SRSG,568,12414
SRSG,569,12147
SRSG,570,12226
SRSG,571,12649
SRSG,572,13872
SRSG,573,14679
SRSG,574,14714
SRSG,575,14575
SRSG,576,14177
TRE,1,43769
TRE,2,43061
TRE,3,43133
TRE,4,43671
TRE,5,44695
TRE,6,46690
TRE,7,50694
TRE,8,56310
TRE,9,57561
TRE,10,55172
TRE,11,52133
TRE,12,49855
TRE,13,47148
TRE,14,45000
TRE,15,43320
TRE,16,41926
TRE,17,41201
TRE,18,41423
TRE,19,44189
TRE,20,47896
TRE,21,48434
TRE,22,48355
TRE,23,47276
TRE,24,44866
TRE,25,37101
TRE,26,36052
TRE,27,35953
TRE,28,36185
TRE,29,36858
TRE,30,38569
TRE,31,42165
TRE,32,47894
TRE,33,48882
TRE,34,46699
TRE,35,44702
TRE,36,43485
TRE,37,41962
TRE,38,40750
TRE,39,39967
TRE,40,39274
TRE,41,38972
TRE,42,39345
TRE,43,40711
TRE,44,43273
TRE,45,43365
TRE,46,42421
TRE,47,40506
TRE,48,37516
TRE,49,47088
TRE,50,45068
TRE,51,44321
TRE,52,44170
TRE,53,44552
TRE,54,46016
TRE,55,49211
TRE,56,53923
TRE,57,54838
TRE,58,53620
TRE,59,52826
TRE,60,52267
TRE,61,50611
TRE,62,48905
TRE,63,47352
TRE,64,45570
TRE,65,44306
TRE,66,43640
TRE,67,44121
TRE,68,46292
TRE,69,47005
TRE,70,46666
TRE,71,45399
TRE,72,42889
TRE,73,35003
TRE,74,33347
TRE,75,32550
TRE,76,32431
TRE,77,32896
TRE,78,34048
TRE,79,37177
TRE,80,42858
TRE,81,44352
TRE,82,43654
TRE,83,43471
TRE,84,43484
TRE,85,42733
TRE,86,41799
TRE,87,41036
TRE,88,40256
TRE,89,39824
TRE,90,39964
TRE,91,40849
TRE,92,43591
TRE,93,44402
TRE,94,43868
TRE,95,42475
TRE,96,39825
TRE,97,32420
TRE,98,30973
TRE,99,30452
TRE,100,30491
TRE,101,31056
TRE,102,32598
TRE,103,36133
TRE,104,41943
TRE,105,42605
TRE,106,41072
TRE,107,40015
TRE,108,39751
TRE,109,39552
TRE,110,39588
TRE,111,39889
TRE,112,39982
TRE,113,40070
TRE,114,40117
TRE,115,39887
TRE,116,40954
TRE,117,42420
TRE,118,41538
TRE,119,39648
TRE,120,36561
TRE,121,34603
TRE,122,32733
TRE,123,31570
TRE,124,31006
TRE,125,31151
TRE,126,32686
TRE,127,35601
TRE,128,37947
TRE,129,38686
TRE,130,39724
TRE,131,40935
TRE,132,42120
TRE,133,42991
TRE,134,43874
TRE,135,44477
TRE,136,44937
TRE,137,45191
TRE,138,44972
TRE,139,44278
TRE,140,44417
TRE,141,45230
TRE,142,43959
TRE,143,41352
TRE,144,38036
TRE,145,38267
TRE,146,36120
TRE,147,34695
TRE,148,33884
TRE,149,34200
TRE,150,36184
TRE,151,40292
TRE,152,42110
TRE,153,42161
TRE,154,43171
TRE,155,44540
TRE,156,46092
TRE,157,47624
TRE,158,49348
TRE,159,50925
TRE,160,52155
TRE,161,53169
TRE,162,53001
TRE,163,51815
TRE,164,50691
TRE,165,51313
TRE,166,49444
TRE,167,45527
TRE,168,41167
TRE,169,33587
TRE,170,31929
TRE,171,30875
TRE,172,30465
TRE,173,30927
TRE,174,32801
TRE,175,36375
TRE,176,38222
TRE,177,39415
TRE,178,41099
TRE,179,42784
TRE,180,44399
TRE,181,45798
TRE,182,47350
TRE,183,48676
TRE,184,49858
TRE,185,50861
TRE,186,50707
TRE,187,49721
TRE,188,48582
TRE,189,49385
TRE,190,47441
TRE,191,43174
TRE,192,38681
TRE,193,35378
TRE,194,33157
TRE,195,31863
TRE,196,31215
TRE,197,31353
TRE,198,33145
TRE,199,36707
TRE,200,38619
TRE,201,40181
TRE,202,42083
TRE,203,44459
TRE,204,46954
TRE,205,49401
TRE,206,51939
TRE,207,54261
TRE,208,56299
TRE,209,57901
TRE,210,58312
TRE,211,57194
TRE,212,54936
TRE,213,53293
TRE,214,51263
TRE,215,46810
TRE,216,41472
TRE,217,44218
TRE,218,41219
TRE,219,39343
TRE,220,38249
TRE,221,38118
TRE,222,39948
TRE,223,42923
TRE,224,45463
TRE,225,48397
TRE,226,51570
TRE,227,55215
TRE,228,59102
TRE,229,62686
TRE,230,66356
TRE,231,69389
TRE,232,71920
TRE,233,73565
TRE,234,73629
TRE,235,72246
TRE,236,69365
TRE,237,66840
TRE,238,64144
TRE,239,59040
TRE,240,53393
TRE,241,47328
TRE,242,44470
TRE,243,42519
TRE,244,41411
TRE,245,41242
TRE,246,42576
TRE,247,44726
TRE,248,46828
TRE,249,49747
TRE,250,53218
TRE,251,56998
TRE,252,61110
TRE,253,64331
TRE,254,67344
TRE,255,69921
TRE,256,71752
TRE,257,72753
TRE,258,72031
TRE,259,70343
TRE,260,67598
TRE,261,65096
TRE,262,63453
TRE,263,59038
TRE,264,53775
TRE,265,53589
TRE,266,50163
TRE,267,47778
TRE,268,46250
TRE,269,45598
TRE,270,46251
TRE,271,47529
TRE,272,49530
TRE,273,53184
TRE,274,57359
TRE,275,61572
TRE,276,65481
TRE,277,68326
TRE,278,71049
TRE,279,72948
TRE,280,74051
TRE,281,74472
TRE,282,73708
TRE,283,71921
TRE,284,69175
TRE,285,66402
TRE,286,64521
TRE,287,60732
TRE,288,56472
TRE,289,47090
TRE,290,44714
TRE,291,43149
TRE,292,42319
TRE,293,42401
TRE,294,43809
TRE,295,46108
TRE,296,47759
TRE,297,49911
TRE,298,52977
TRE,299,56552
TRE,300,60134
TRE,301,62586
TRE,302,64057
TRE,303,65426
TRE,304,66844
TRE,305,67865
TRE,306,67544
TRE,307,65769
TRE,308,62902
TRE,309,60997
TRE,310,59056
TRE,311,55054
TRE,312,50384
TRE,313,53735
TRE,314,50536
TRE,315,48260
TRE,316,46710
TRE,317,46126
TRE,318,47079
TRE,319,48796
TRE,320,50395
TRE,321,53381
TRE,322,57053
TRE,323,61168
TRE,324,65286
TRE,325,68800
TRE,326,72235
TRE,327,75076
TRE,328,77001
TRE,329,77752
TRE,330,76976
TRE,331,74460
TRE,332,71011
TRE,333,68656
TRE,334,66293
TRE,335,61741
TRE,336,56785
TRE,337,56977
TRE,338,53208
TRE,339,50431
TRE,340,48604
TRE,341,47853
TRE,342,48664
TRE,343,50397
TRE,344,51558
TRE,345,54460
TRE,346,58425
TRE,347,63068
TRE,348,67939
TRE,349,72250
TRE,350,76398
TRE,351,79671
TRE,352,81739
TRE,353,82792
TRE,354,82673
TRE,355,81245
TRE,356,77889
TRE,357,74881
TRE,358,71920
TRE,359,66802
TRE,360,61603
TRE,361,48265
TRE,362,45106
TRE,363,43031
TRE,364,41804
TRE,365,41610
TRE,366,43213
TRE,367,46639
TRE,368,47584
TRE,369,49377
TRE,370,53084
TRE,371,57670
TRE,372,62105
TRE,373,65911
TRE,374,69573
TRE,375,72362
TRE,376,74484
TRE,377,75825
TRE,378,75637
TRE,379,73836
TRE,380,70850
TRE,381,69315
TRE,382,65608
TRE,383,60356
TRE,384,55210
TRE,385,52270
TRE,386,49109
TRE,387,46802
TRE,388,45310
TRE,389,44930
TRE,390,46522
TRE,391,50000
TRE,392,50908
TRE,393,52652
TRE,394,56160
TRE,395,60512
TRE,396,65154
TRE,397,69654
TRE,398,74198
TRE,399,77652
TRE,400,79867
TRE,401,80991
TRE,402,80828
TRE,403,79301
TRE,404,75725
TRE,405,73524
TRE,406,69051
TRE,407,63055
TRE,408,57046
TRE,409,41394
TRE,410,38845
TRE,411,37146
TRE,412,36208
TRE,413,36140
TRE,414,37879
TRE,415,41606
TRE,416,42759
TRE,417,44117
TRE,418,46676
TRE,419,49939
TRE,420,53430
TRE,421,56885
TRE,422,60357
TRE,423,63273
TRE,424,65719
TRE,425,67294
TRE,426,67130
TRE,427,65016
TRE,428,62348
TRE,429,61422
TRE,430,58032
TRE,431,53109
TRE,432,47996
TRE,433,36664
TRE,434,34669
TRE,435,33365
TRE,436,32794
TRE,437,33048
TRE,438,35156
TRE,439,39227
TRE,440,41051
TRE,441,41778
TRE,442,43782
TRE,443,46075
TRE,444,48559
TRE,445,51174
TRE,446,53857
TRE,447,56101
TRE,448,57803
TRE,449,58824
TRE,450,58096
TRE,451,56141
TRE,452,55992
TRE,453,55144
TRE,454,52318
TRE,455,48008
TRE,456,43413
TRE,457,33063
TRE,458,31434
TRE,459,30459
TRE,460,30127
TRE,461,30530
TRE,462,32624
TRE,463,36746
TRE,464,38865
TRE,465,38539
TRE,466,39284
TRE,467,40194
TRE,468,41054
TRE,469,41924
TRE,470,43117
TRE,471,44197
TRE,472,45156
TRE,473,45854
TRE,474,45394
TRE,475,43794
TRE,476,43661
TRE,477,42244
TRE,478,40339
TRE,479,38048
TRE,480,35305
TRE,481,33883
TRE,482,31835
TRE,483,30741
TRE,484,30233
TRE,485,30260
TRE,486,31121
TRE,487,33473
TRE,488,37446
TRE,489,38737
TRE,490,39027
TRE,491,39432
TRE,492,40205
TRE,493,40854
TRE,494,41401
TRE,495,42170
TRE,496,42773
TRE,497,43056
TRE,498,42820
TRE,499,43337
TRE,500,44369
TRE,501,43196
TRE,502,41919
TRE,503,40101
TRE,504,37437
TRE,505,38581
TRE,506,37073
TRE,507,36676
TRE,508,36775
TRE,509,37376
TRE,510,38973
TRE,511,42431
TRE,512,48005
TRE,513,48337
TRE,514,46183
TRE,515,44317
TRE,516,43035
TRE,517,41553
TRE,518,40496
TRE,519,39826
TRE,520,39361
TRE,521,39157
TRE,522,39493
TRE,523,41694
TRE,524,44158
TRE,525,44028
TRE,526,43664
TRE,527,42250
TRE,528,39673
TRE,529,35491
TRE,530,33544
TRE,531,32602
TRE,532,32322
TRE,533,32651
TRE,534,33833
TRE,535,36917
TRE,536,42174
TRE,537,43699
TRE,538,42869
TRE,539,42424
TRE,540,42194
TRE,541,41619
TRE,542,41065
TRE,543,40891
TRE,544,40701
TRE,545,40499
TRE,546,40687
TRE,547,42684
TRE,548,45652
TRE,549,45561
TRE,550,45213
TRE,551,43907
TRE,552,40918
TRE,553,52818
TRE,554,51541
TRE,555,51133
TRE,556,51122
TRE,557,51533
TRE,558,52696
TRE,559,54755
TRE,560,56676
TRE,561,57563
TRE,562,57793
TRE,563,57139
TRE,564,56222
TRE,565,53883
TRE,566,51600
TRE,567,49650
TRE,568,48305
TRE,569,48082
TRE,570,48578
TRE,571,51238
TRE,572,52700
TRE,573,52102
TRE,574,51138
TRE,575,49598
TRE,576,47093
TREW,1,2041
TREW,2,2030
TREW,3,2048
TREW,4,2082
TREW,5,2139
TREW,6,2241
TREW,7,2437
TREW,8,2740
TREW,9,2773
TREW,10,2633
TREW,11,2457
TREW,12,2346
TREW,13,2194
TREW,14,2081
TREW,15,1992
TREW,16,1919
TREW,17,1881
TREW,18,1892
TREW,19,2026
TREW,20,2192
TREW,21,2219
TREW,22,2221
TREW,23,2171
TREW,24,2072
TREW,25,1712
TREW,26,1662
TREW,27,1672
TREW,28,1692
TREW,29,1733
TREW,30,1822
TREW,31,1997
TREW,32,2291
TREW,33,2317
TREW,34,2188
TREW,35,2061
TREW,36,2001
TREW,37,1914
TREW,38,1851
TREW,39,1812
TREW,40,1778
TREW,41,1763
TREW,42,1782
TREW,43,1847
TREW,44,1966
TREW,45,1970
TREW,46,1927
TREW,47,1835
TREW,48,1698
TREW,49,2255
TREW,50,2146
TREW,51,2120
TREW,52,2120
TREW,53,2146
TREW,54,2222
TREW,55,2379
TREW,56,2658
TREW,57,2675
TREW,58,2566
TREW,59,2490
TREW,60,2456
TREW,61,2350
TREW,62,2257
TREW,63,2177
TREW,64,2083
TREW,65,2020
TREW,66,1990
TREW,67,2018
TREW,68,2113
TREW,69,2146
TREW,70,2136
TREW,71,2076
TREW,72,1971
TREW,73,1589
TREW,74,1524
TREW,75,1493
TREW,76,1494
TREW,77,1524
TREW,78,1585
TREW,79,1737
TREW,80,2029
TREW,81,2091
TREW,82,2039
TREW,83,2011
TREW,84,2008
TREW,85,1963
TREW,86,1915
TREW,87,1878
TREW,88,1837
TREW,89,1814
TREW,90,1821
TREW,91,1865
TREW,92,1991
TREW,93,2027
TREW,94,2005
TREW,95,1938
TREW,96,1820
TREW,97,1473
TREW,98,1402
TREW,99,1384
TREW,100,1391
TREW,101,1426
TREW,102,1507
TREW,103,1676
TREW,104,1968
TREW,105,1985
TREW,106,1894
TREW,107,1823
TREW,108,1808
TREW,109,1792
TREW,110,1789
TREW,111,1801
TREW,112,1804
TREW,113,1810
TREW,114,1814
TREW,115,1805
TREW,116,1858
TREW,117,1924
TREW,118,1884
TREW,119,1792
TREW,120,1650
TREW,121,1579
TREW,122,1485
TREW,123,1424
TREW,124,1393
TREW,125,1399
TREW,126,1469
TREW,127,1608
TREW,128,1735
TREW,129,1786
TREW,130,1829
TREW,131,1875
TREW,132,1934
TREW,133,1983
TREW,134,2028
TREW,135,2062
TREW,136,2090
TREW,137,2107
TREW,138,2101
TREW,139,2070
TREW,140,2081
TREW,141,2115
TREW,142,2053
TREW,143,1922
TREW,144,1760
TREW,145,1784
TREW,146,1654
TREW,147,1577
TREW,148,1533
TREW,149,1544
TREW,150,1632
TREW,151,1824
TREW,152,1928
TREW,153,1952
TREW,154,1994
TREW,155,2053
TREW,156,2135
TREW,157,2213
TREW,158,2296
TREW,159,2378
TREW,160,2441
TREW,161,2493
TREW,162,2491
TREW,163,2442
TREW,164,2387
TREW,165,2411
TREW,166,2318
TREW,167,2124
TREW,168,1912
TREW,169,1543
TREW,170,1444
TREW,171,1387
TREW,172,1364
TREW,173,1384
TREW,174,1469
TREW,175,1634
TREW,176,1738
TREW,177,1809
TREW,178,1881
TREW,179,1948
TREW,180,2027
TREW,181,2098
TREW,182,2173
TREW,183,2244
TREW,184,2306
TREW,185,2358
TREW,186,2359
TREW,187,2321
TREW,188,2268
TREW,189,2300
TREW,190,2206
TREW,191,1996
TREW,192,1780
TREW,193,1619
TREW,194,1505
TREW,195,1437
TREW,196,1402
TREW,197,1405
TREW,198,1487
TREW,199,1652
TREW,200,1760
TREW,201,1849
TREW,202,1932
TREW,203,2036
TREW,204,2160
TREW,205,2282
TREW,206,2405
TREW,207,2520
TREW,208,2625
TREW,209,2706
TREW,210,2734
TREW,211,2687
TREW,212,2583
TREW,213,2501
TREW,214,2398
TREW,215,2181
TREW,216,1920
TREW,217,2072
TREW,218,1919
TREW,219,1820
TREW,220,1762
TREW,221,1750
TREW,222,1833
TREW,223,1971
TREW,224,2112
TREW,225,2266
TREW,226,2414
TREW,227,2583
TREW,228,2783
TREW,229,2957
TREW,230,3137
TREW,231,3289
TREW,232,3418
TREW,233,3505
TREW,234,3519
TREW,235,3465
TREW,236,3321
TREW,237,3188
TREW,238,3050
TREW,239,2796
TREW,240,2518
TREW,241,2212
TREW,242,2070
TREW,243,1967
TREW,244,1907
TREW,245,1893
TREW,246,1951
TREW,247,2053
TREW,248,2172
TREW,249,2323
TREW,250,2491
TREW,251,2670
TREW,252,2882
TREW,253,3039
TREW,254,3191
TREW,255,3322
TREW,256,3418
TREW,257,3478
TREW,258,3454
TREW,259,3388
TREW,260,3248
TREW,261,3113
TREW,262,3020
TREW,263,2797
TREW,264,2537
TREW,265,2527
TREW,266,2349
TREW,267,2224
TREW,268,2142
TREW,269,2104
TREW,270,2128
TREW,271,2187
TREW,272,2302
TREW,273,2485
TREW,274,2687
TREW,275,2889
TREW,276,3094
TREW,277,3235
TREW,278,3375
TREW,279,3478
TREW,280,3543
TREW,281,3576
TREW,282,3552
TREW,283,3480
TREW,284,3336
TREW,285,3186
TREW,286,3080
TREW,287,2884
TREW,288,2670
TREW,289,2230
TREW,290,2091
TREW,291,2005
TREW,292,1958
TREW,293,1955
TREW,294,2015
TREW,295,2119
TREW,296,2218
TREW,297,2331
TREW,298,2481
TREW,299,2655
TREW,300,2841
TREW,301,2962
TREW,302,3039
TREW,303,3115
TREW,304,3191
TREW,305,3250
TREW,306,3243
TREW,307,3170
TREW,308,3021
TREW,309,2917
TREW,310,2811
TREW,311,2608
TREW,312,2377
TREW,313,2532
TREW,314,2365
TREW,315,2246
TREW,316,2163
TREW,317,2128
TREW,318,2166
TREW,319,2242
TREW,320,2338
TREW,321,2489
TREW,322,2667
TREW,323,2869
TREW,324,3083
TREW,325,3257
TREW,326,3430
TREW,327,3579
TREW,328,3684
TREW,329,3737
TREW,330,3714
TREW,331,3610
TREW,332,3430
TREW,333,3300
TREW,334,3171
TREW,335,2936
TREW,336,2688
TREW,337,2695
TREW,338,2497
TREW,339,2352
TREW,340,2255
TREW,341,2212
TREW,342,2242
TREW,343,2319
TREW,344,2394
TREW,345,2539
TREW,346,2729
TREW,347,2954
TREW,348,3209
TREW,349,3419
TREW,350,3629
TREW,351,3799
TREW,352,3914
TREW,353,3985
TREW,354,3996
TREW,355,3948
TREW,356,3769
TREW,357,3607
TREW,358,3449
TREW,359,3185
TREW,360,2923
TREW,361,2273
TREW,362,2110
TREW,363,2000
TREW,364,1933
TREW,365,1917
TREW,366,1984
TREW,367,2139
TREW,368,2203
TREW,369,2298
TREW,370,2474
TREW,371,2696
TREW,372,2928
TREW,373,3115
TREW,374,3300
TREW,375,3446
TREW,376,3562
TREW,377,3642
TREW,378,3647
TREW,379,3577
TREW,380,3418
TREW,381,3327
TREW,382,3135
TREW,383,2869
TREW,384,2612
TREW,385,2465
TREW,386,2302
TREW,387,2182
TREW,388,2102
TREW,389,2075
TREW,390,2142
TREW,391,2300
TREW,392,2368
TREW,393,2460
TREW,394,2625
TREW,395,2835
TREW,396,3074
TREW,397,3295
TREW,398,3523
TREW,399,3702
TREW,400,3824
TREW,401,3897
TREW,402,3906
TREW,403,3852
TREW,404,3663
TREW,405,3542
TREW,406,3313
TREW,407,3007
TREW,408,2707
TREW,409,1915
TREW,410,1783
TREW,411,1696
TREW,412,1646
TREW,413,1637
TREW,414,1713
TREW,415,1887
TREW,416,1963
TREW,417,2040
TREW,418,2155
TREW,419,2310
TREW,420,2482
TREW,421,2651
TREW,422,2821
TREW,423,2967
TREW,424,3092
TREW,425,3176
TREW,426,3178
TREW,427,3087
TREW,428,2955
TREW,429,2904
TREW,430,2739
TREW,431,2493
TREW,432,2240
TREW,433,1685
TREW,434,1582
TREW,435,1513
TREW,436,1483
TREW,437,1490
TREW,438,1587
TREW,439,1773
TREW,440,1879
TREW,441,1928
TREW,442,2016
TREW,443,2118
TREW,444,2241
TREW,445,2372
TREW,446,2504
TREW,447,2617
TREW,448,2705
TREW,449,2760
TREW,450,2732
TREW,451,2646
TREW,452,2636
TREW,453,2593
TREW,454,2453
TREW,455,2242
TREW,456,2018
TREW,457,1517
TREW,458,1427
TREW,459,1377
TREW,460,1361
TREW,461,1378
TREW,462,1478
TREW,463,1667
TREW,464,1788
TREW,465,1777
TREW,466,1799
TREW,467,1831
TREW,468,1873
TREW,469,1918
TREW,470,1975
TREW,471,2029
TREW,472,2077
TREW,473,2112
TREW,474,2093
TREW,475,2023
TREW,476,2018
TREW,477,1950
TREW,478,1858
TREW,479,1746
TREW,480,1614
TREW,481,1525
TREW,482,1429
TREW,483,1378
TREW,484,1355
TREW,485,1360
TREW,486,1403
TREW,487,1514
TREW,488,1722
TREW,489,1780
TREW,490,1777
TREW,491,1786
TREW,492,1821
TREW,493,1852
TREW,494,1878
TREW,495,1912
TREW,496,1942
TREW,497,1956
TREW,498,1947
TREW,499,1974
TREW,500,2026
TREW,501,1972
TREW,502,1909
TREW,503,1822
TREW,504,1696
TREW,505,1764
TREW,506,1702
TREW,507,1696
TREW,508,1709
TREW,509,1746
TREW,510,1830
TREW,511,1997
TREW,512,2287
TREW,513,2283
TREW,514,2154
TREW,515,2044
TREW,516,1980
TREW,517,1896
TREW,518,1841
TREW,519,1801
TREW,520,1777
TREW,521,1767
TREW,522,1783
TREW,523,1888
TREW,524,2001
TREW,525,1996
TREW,526,1977
TREW,527,1911
TREW,528,1797
TREW,529,1629
TREW,530,1522
TREW,531,1481
TREW,532,1473
TREW,533,1494
TREW,534,1555
TREW,535,1703
TREW,536,1969
TREW,537,2029
TREW,538,1979
TREW,539,1945
TREW,540,1934
TREW,541,1897
TREW,542,1870
TREW,543,1859
TREW,544,1849
TREW,545,1840
TREW,546,1849
TREW,547,1943
TREW,548,2079
TREW,549,2073
TREW,550,2058
TREW,551,1993
TREW,552,1854
TREW,553,2529
TREW,554,2481
TREW,555,2473
TREW,556,2480
TREW,557,2509
TREW,558,2571
TREW,559,2673
TREW,560,2824
TREW,561,2845
TREW,562,2801
TREW,563,2736
TREW,564,2687
TREW,565,2545
TREW,566,2421
TREW,567,2313
TREW,568,2238
TREW,569,2222
TREW,570,2243
TREW,571,2384
TREW,572,2443
TREW,573,2422
TREW,574,2386
TREW,575,2317
TREW,576,2213
loadzone,1,0
loadzone,2,0
loadzone,3,0
loadzone,4,0
loadzone,5,0
loadzone,6,0
loadzone,7,0
loadzone,8,0
loadzone,9,0
loadzone,10,0
loadzone,11,0
loadzone,12,0
loadzone,13,0
loadzone,14,0
loadzone,15,0
loadzone,16,0
loadzone,17,0
loadzone,18,0
loadzone,19,0
loadzone,20,0
loadzone,21,0
loadzone,22,0
loadzone,23,0
loadzone,24,0
loadzone,25,0
loadzone,26,0
loadzone,27,0
loadzone,28,0
loadzone,29,0
loadzone,30,0
loadzone,31,0
loadzone,32,0
loadzone,33,0
loadzone,34,0
loadzone,35,0
loadzone,36,0
loadzone,37,0
loadzone,38,0
loadzone,39,0
loadzone,40,0
loadzone,41,0
loadzone,42,0
loadzone,43,0
loadzone,44,0
loadzone,45,0
loadzone,46,0
loadzone,47,0
loadzone,48,0
loadzone,49,0
loadzone,50,0
loadzone,51,0
loadzone,52,0
loadzone,53,0
loadzone,54,0
loadzone,55,0
loadzone,56,0
loadzone,57,0
loadzone,58,0
loadzone,59,0
loadzone,60,0
loadzone,61,0
loadzone,62,0
loadzone,63,0
loadzone,64,0
loadzone,65,0
loadzone,66,0
loadzone,67,0
loadzone,68,0
loadzone,69,0
loadzone,70,0
loadzone,71,0
loadzone,72,0
loadzone,73,0
loadzone,74,0
loadzone,75,0
loadzone,76,0
loadzone,77,0
loadzone,78,0
loadzone,79,0
loadzone,80,0
loadzone,81,0
loadzone,82,0
loadzone,83,0
loadzone,84,0
loadzone,85,0
loadzone,86,0
loadzone,87,0
loadzone,88,0
loadzone,89,0
loadzone,90,0
loadzone,91,0
loadzone,92,0
loadzone,93,0
loadzone,94,0
loadzone,95,0
loadzone,96,0
loadzone,97,0
loadzone,98,0
loadzone,99,0
loadzone,100,0
loadzone,101,0
loadzone,102,0
loadzone,103,0
loadzone,104,0
loadzone,105,0
loadzone,106,0
loadzone,107,0
loadzone,108,0
loadzone,109,0
loadzone,110,0
loadzone,111,0
loadzone,112,0
loadzone,113,0
loadzone,114,0
loadzone,115,0
loadzone,116,0
loadzone,117,0
loadzone,118,0
loadzone,119,0
loadzone,120,0
loadzone,121,0
loadzone,122,0
loadzone,123,0
loadzone,124,0
loadzone,125,0
loadzone,126,0
loadzone,127,0
loadzone,128,0
loadzone,129,0
loadzone,130,0
loadzone,131,0
loadzone,132,0
loadzone,133,0
loadzone,134,0
loadzone,135,0
loadzone,136,0
loadzone,137,0
loadzone,138,0
loadzone,139,0
loadzone,140,0
loadzone,141,0
loadzone,142,0
loadzone,143,0
loadzone,144,0
loadzone,145,0
loadzone,146,0
loadzone,147,0
loadzone,148,0
loadzone,149,0
loadzone,150,0
loadzone,151,0
loadzone,152,0
loadzone,153,0
loadzone,154,0
loadzone,155,0
loadzone,156,0
loadzone,157,0
loadzone,158,0
loadzone,159,0
loadzone,160,0
loadzone,161,0
loadzone,162,0
loadzone,163,0
loadzone,164,0
loadzone,165,0
loadzone,166,0
loadzone,167,0
loadzone,168,0
loadzone,169,0
loadzone,170,0
loadzone,171,0
loadzone,172,0
loadzone,173,0
loadzone,174,0
loadzone,175,0
loadzone,176,0
loadzone,177,0
loadzone,178,0
loadzone,179,0
loadzone,180,0
loadzone,181,0
loadzone,182,0
loadzone,183,0
loadzone,184,0
loadzone,185,0
loadzone,186,0
loadzone,187,0
loadzone,188,0
loadzone,189,0
loadzone,190,0
loadzone,191,0
loadzone,192,0
loadzone,193,0
loadzone,194,0
loadzone,195,0
loadzone,196,0
loadzone,197,0
loadzone,198,0
loadzone,199,0
loadzone,200,0
loadzone,201,0
loadzone,202,0
loadzone,203,0
loadzone,204,0
loadzone,205,0
loadzone,206,0
loadzone,207,0
loadzone,208,0
loadzone,209,0
loadzone,210,0
loadzone,211,0
loadzone,212,0
loadzone,213,0
loadzone,214,0
loadzone,215,0
loadzone,216,0
loadzone,217,0
loadzone,218,0
loadzone,219,0
loadzone,220,0
loadzone,221,0
loadzone,222,0
loadzone,223,0
loadzone,224,0
loadzone,225,0
loadzone,226,0
loadzone,227,0
loadzone,228,0
loadzone,229,0
loadzone,230,0
loadzone,231,0
loadzone,232,0
loadzone,233,0
loadzone,234,0
loadzone,235,0
loadzone,236,0
loadzone,237,0
loadzone,238,0
loadzone,239,0
loadzone,240,0
loadzone,241,0
loadzone,242,0
loadzone,243,0
loadzone,244,0
loadzone,245,0
loadzone,246,0
loadzone,247,0
loadzone,248,0
loadzone,249,0
loadzone,250,0
loadzone,251,0
loadzone,252,0
loadzone,253,0
loadzone,254,0
loadzone,255,0
loadzone,256,0
loadzone,257,0
loadzone,258,0
loadzone,259,0
loadzone,260,0
loadzone,261,0
loadzone,262,0
loadzone,263,0
loadzone,264,0
loadzone,265,0
loadzone,266,0
loadzone,267,0
loadzone,268,0
loadzone,269,0
loadzone,270,0
loadzone,271,0
loadzone,272,0
loadzone,273,0
loadzone,274,0
loadzone,275,0
loadzone,276,0
loadzone,277,0
loadzone,278,0
loadzone,279,0
loadzone,280,0
loadzone,281,0
loadzone,282,0
loadzone,283,0
loadzone,284,0
loadzone,285,0
loadzone,286,0
loadzone,287,0
loadzone,288,0
loadzone,289,0
loadzone,290,0
loadzone,291,0
loadzone,292,0
loadzone,293,0
loadzone,294,0
loadzone,295,0
loadzone,296,0
loadzone,297,0
loadzone,298,0
loadzone,299,0
loadzone,300,0
loadzone,301,0
loadzone,302,0
loadzone,303,0
loadzone,304,0
loadzone,305,0
loadzone,306,0
loadzone,307,0
loadzone,308,0
loadzone,309,0
loadzone,310,0
loadzone,311,0
loadzone,312,0
loadzone,313,0
loadzone,314,0
loadzone,315,0
loadzone,316,0
loadzone,317,0
loadzone,318,0
loadzone,319,0
loadzone,320,0
loadzone,321,0
loadzone,322,0
loadzone,323,0
loadzone,324,0
loadzone,325,0
loadzone,326,0
loadzone,327,0
loadzone,328,0
loadzone,329,0
loadzone,330,0
loadzone,331,0
loadzone,332,0
loadzone,333,0
loadzone,334,0
loadzone,335,0
loadzone,336,0
loadzone,337,0
loadzone,338,0
loadzone,339,0
loadzone,340,0
loadzone,341,0
loadzone,342,0
loadzone,343,0
loadzone,344,0
loadzone,345,0
loadzone,346,0
loadzone,347,0
loadzone,348,0
loadzone,349,0
loadzone,350,0
loadzone,351,0
loadzone,352,0
loadzone,353,0
loadzone,354,0
loadzone,355,0
loadzone,356,0
loadzone,357,0
loadzone,358,0
loadzone,359,0
loadzone,360,0
loadzone,361,0
loadzone,362,0
loadzone,363,0
loadzone,364,0
loadzone,365,0
loadzone,366,0
loadzone,367,0
loadzone,368,0
loadzone,369,0
loadzone,370,0
loadzone,371,0
loadzone,372,0
loadzone,373,0
loadzone,374,0
loadzone,375,0
loadzone,376,0
loadzone,377,0
loadzone,378,0
loadzone,379,0
loadzone,380,0
loadzone,381,0
loadzone,382,0
loadzone,383,0
loadzone,384,0
loadzone,385,0
loadzone,386,0
loadzone,387,0
loadzone,388,0
loadzone,389,0
loadzone,390,0
loadzone,391,0
loadzone,392,0
loadzone,393,0
loadzone,394,0
loadzone,395,0
loadzone,396,0
loadzone,397,0
loadzone,398,0
loadzone,399,0
loadzone,400,0
loadzone,401,0
loadzone,402,0
loadzone,403,0
loadzone,404,0
loadzone,405,0
loadzone,406,0
loadzone,407,0
loadzone,408,0
loadzone,409,0
loadzone,410,0
loadzone,411,0
loadzone,412,0
loadzone,413,0
loadzone,414,0
loadzone,415,0
loadzone,416,0
loadzone,417,0
loadzone,418,0
loadzone,419,0
loadzone,420,0
loadzone,421,0
loadzone,422,0
loadzone,423,0
loadzone,424,0
loadzone,425,0
loadzone,426,0
loadzone,427,0
loadzone,428,0
loadzone,429,0
loadzone,430,0
loadzone,431,0
loadzone,432,0
loadzone,433,0
loadzone,434,0
loadzone,435,0
loadzone,436,0
loadzone,437,0
loadzone,438,0
loadzone,439,0
loadzone,440,0
loadzone,441,0
loadzone,442,0
loadzone,443,0
loadzone,444,0
loadzone,445,0
loadzone,446,0
loadzone,447,0
loadzone,448,0
loadzone,449,0
loadzone,450,0
loadzone,451,0
loadzone,452,0
loadzone,453,0
loadzone,454,0
loadzone,455,0
loadzone,456,0
loadzone,457,0
loadzone,458,0
loadzone,459,0
loadzone,460,0
loadzone,461,0
loadzone,462,0
loadzone,463,0
loadzone,464,0
loadzone,465,0
loadzone,466,0
loadzone,467,0
loadzone,468,0
loadzone,469,0
loadzone,470,0
loadzone,471,0
loadzone,472,0
loadzone,473,0
loadzone,474,0
loadzone,475,0
loadzone,476,0
loadzone,477,0
loadzone,478,0
loadzone,479,0
loadzone,480,0
loadzone,481,0
loadzone,482,0
loadzone,483,0
loadzone,484,0
loadzone,485,0
loadzone,486,0
loadzone,487,0
loadzone,488,0
loadzone,489,0
loadzone,490,0
loadzone,491,0
loadzone,492,0
loadzone,493,0
loadzone,494,0
loadzone,495,0
loadzone,496,0
loadzone,497,0
loadzone,498,0
loadzone,499,0
loadzone,500,0
loadzone,501,0
loadzone,502,0
loadzone,503,0
loadzone,504,0
loadzone,505,0
loadzone,506,0
loadzone,507,0
loadzone,508,0
loadzone,509,0
loadzone,510,0
loadzone,511,0
loadzone,512,0
loadzone,513,0
loadzone,514,0
loadzone,515,0
loadzone,516,0
loadzone,517,0
loadzone,518,0
loadzone,519,0
loadzone,520,0
loadzone,521,0
loadzone,522,0
loadzone,523,0
loadzone,524,0
loadzone,525,0
loadzone,526,0
loadzone,527,0
loadzone,528,0
loadzone,529,0
loadzone,530,0
loadzone,531,0
loadzone,532,0
loadzone,533,0
loadzone,534,0
loadzone,535,0
loadzone,536,0
loadzone,537,0
loadzone,538,0
loadzone,539,0
loadzone,540,0
loadzone,541,0
loadzone,542,0
loadzone,543,0
loadzone,544,0
loadzone,545,0
loadzone,546,0
loadzone,547,0
loadzone,548,0
loadzone,549,0
loadzone,550,0
loadzone,551,0
loadzone,552,0
loadzone,553,0
loadzone,554,0
loadzone,555,0
loadzone,556,0
loadzone,557,0
loadzone,558,0
loadzone,559,0
loadzone,560,0
loadzone,561,0
loadzone,562,0
loadzone,563,0
loadzone,564,0
loadzone,565,0
loadzone,566,0
loadzone,567,0
loadzone,568,0
loadzone,569,0
loadzone,570,0
loadzone,571,0
loadzone,572,0
loadzone,573,0
loadzone,574,0
loadzone,575,0
loadzone,576,0
