WATER_NODES,TIMEPOINTS,wnode_tp_inflow,wnode_tp_consumption
BASN_conventional_hydroelectric_1_inlet,1,771.5188219039427,0
BASN_conventional_hydroelectric_1_inlet,2,771.8764258625466,0
BASN_conventional_hydroelectric_1_inlet,3,772.1087853178599,0
BASN_conventional_hydroelectric_1_inlet,4,772.3808520291278,0
BASN_conventional_hydroelectric_1_inlet,5,772.7600336924187,0
BASN_conventional_hydroelectric_1_inlet,6,772.9708154430451,0
BASN_conventional_hydroelectric_1_inlet,7,773.264459859,0
BASN_conventional_hydroelectric_1_inlet,8,773.642588148454,0
BASN_conventional_hydroelectric_1_inlet,9,773.8544232729171,0
BASN_conventional_hydroelectric_1_inlet,10,774.1470143150352,0
BASN_conventional_hydroelectric_1_inlet,11,774.5046182736392,0
BASN_conventional_hydroelectric_1_inlet,12,774.7369777289523,0
BASN_conventional_hydroelectric_1_inlet,13,775.0945816875562,0
BASN_conventional_hydroelectric_1_inlet,14,775.3882261035112,0
BASN_conventional_hydroelectric_1_inlet,15,775.5990078541375,0
BASN_conventional_hydroelectric_1_inlet,16,775.9781895174283,0
BASN_conventional_hydroelectric_1_inlet,17,776.2707805595463,0
BASN_conventional_hydroelectric_1_inlet,18,776.4826156840097,0
BASN_conventional_hydroelectric_1_inlet,19,776.8607439734635,0
BASN_conventional_hydroelectric_1_inlet,20,777.1328106847316,0
BASN_conventional_hydroelectric_1_inlet,21,777.3662235138816,0
BASN_conventional_hydroelectric_1_inlet,22,777.7227740986486,0
BASN_conventional_hydroelectric_1_inlet,23,778.0164185146036,0
BASN_conventional_hydroelectric_1_inlet,24,778.2272002652302,0
BASN_conventional_hydroelectric_1_inlet,25,832.846765135841,0
BASN_conventional_hydroelectric_1_inlet,26,832.9344091308503,0
BASN_conventional_hydroelectric_1_inlet,27,833.1678219600002,0
BASN_conventional_hydroelectric_1_inlet,28,833.1483510029867,0
BASN_conventional_hydroelectric_1_inlet,29,833.3817638321367,0
BASN_conventional_hydroelectric_1_inlet,30,833.4694078271459,0
BASN_conventional_hydroelectric_1_inlet,31,833.7028206562959,0
BASN_conventional_hydroelectric_1_inlet,32,833.9146557807591,0
BASN_conventional_hydroelectric_1_inlet,33,834.0022997757684,0
BASN_conventional_hydroelectric_1_inlet,34,834.2357126049183,0
BASN_conventional_hydroelectric_1_inlet,35,834.3233565999275,0
BASN_conventional_hydroelectric_1_inlet,36,834.4496544770548,0
BASN_conventional_hydroelectric_1_inlet,37,834.537298472064,0
BASN_conventional_hydroelectric_1_inlet,38,834.7707113012143,0
BASN_conventional_hydroelectric_1_inlet,39,834.9825464256774,0
BASN_conventional_hydroelectric_1_inlet,40,835.0701904206867,0
BASN_conventional_hydroelectric_1_inlet,41,835.3036032498364,0
BASN_conventional_hydroelectric_1_inlet,42,835.3912472448455,0
BASN_conventional_hydroelectric_1_inlet,43,835.6030823693088,0
BASN_conventional_hydroelectric_1_inlet,44,835.690726364318,0
BASN_conventional_hydroelectric_1_inlet,45,835.838601946132,0
BASN_conventional_hydroelectric_1_inlet,46,836.0720147752824,0
BASN_conventional_hydroelectric_1_inlet,47,836.1380810656048,0
BASN_conventional_hydroelectric_1_inlet,48,836.3714938947546,0
BASN_conventional_hydroelectric_1_inlet,49,866.2719546424437,0
BASN_conventional_hydroelectric_1_inlet,50,866.2719546424437,0
BASN_conventional_hydroelectric_1_inlet,51,866.2719546424437,0
BASN_conventional_hydroelectric_1_inlet,52,866.2719546424437,0
BASN_conventional_hydroelectric_1_inlet,53,866.2719546424437,0
BASN_conventional_hydroelectric_1_inlet,54,866.2719546424437,0
BASN_conventional_hydroelectric_1_inlet,55,866.2719546424437,0
BASN_conventional_hydroelectric_1_inlet,56,866.2719546424437,0
BASN_conventional_hydroelectric_1_inlet,57,866.2719546424437,0
BASN_conventional_hydroelectric_1_inlet,58,866.2719546424437,0
BASN_conventional_hydroelectric_1_inlet,59,866.2719546424437,0
BASN_conventional_hydroelectric_1_inlet,60,866.2719546424437,0
BASN_conventional_hydroelectric_1_inlet,61,866.2719546424437,0
BASN_conventional_hydroelectric_1_inlet,62,866.2719546424437,0
BASN_conventional_hydroelectric_1_inlet,63,866.2719546424437,0
BASN_conventional_hydroelectric_1_inlet,64,866.2719546424437,0
BASN_conventional_hydroelectric_1_inlet,65,866.2719546424437,0
BASN_conventional_hydroelectric_1_inlet,66,866.2719546424437,0
BASN_conventional_hydroelectric_1_inlet,67,866.2719546424437,0
BASN_conventional_hydroelectric_1_inlet,68,866.2719546424437,0
BASN_conventional_hydroelectric_1_inlet,69,866.2719546424437,0
BASN_conventional_hydroelectric_1_inlet,70,866.2719546424437,0
BASN_conventional_hydroelectric_1_inlet,71,866.2719546424437,0
BASN_conventional_hydroelectric_1_inlet,72,866.2719546424437,0
BASN_conventional_hydroelectric_1_inlet,73,866.2719546424437,0
BASN_conventional_hydroelectric_1_inlet,74,866.2719546424437,0
BASN_conventional_hydroelectric_1_inlet,75,866.2719546424437,0
BASN_conventional_hydroelectric_1_inlet,76,866.2719546424437,0
BASN_conventional_hydroelectric_1_inlet,77,866.2719546424437,0
BASN_conventional_hydroelectric_1_inlet,78,866.2719546424437,0
BASN_conventional_hydroelectric_1_inlet,79,866.2719546424437,0
BASN_conventional_hydroelectric_1_inlet,80,866.2719546424437,0
BASN_conventional_hydroelectric_1_inlet,81,866.2719546424437,0
BASN_conventional_hydroelectric_1_inlet,82,866.2719546424437,0
BASN_conventional_hydroelectric_1_inlet,83,866.2719546424437,0
BASN_conventional_hydroelectric_1_inlet,84,866.2719546424437,0
BASN_conventional_hydroelectric_1_inlet,85,866.2719546424437,0
BASN_conventional_hydroelectric_1_inlet,86,866.2719546424437,0
BASN_conventional_hydroelectric_1_inlet,87,866.2719546424437,0
BASN_conventional_hydroelectric_1_inlet,88,866.2719546424437,0
BASN_conventional_hydroelectric_1_inlet,89,866.2719546424437,0
BASN_conventional_hydroelectric_1_inlet,90,866.2719546424437,0
BASN_conventional_hydroelectric_1_inlet,91,866.2719546424437,0
BASN_conventional_hydroelectric_1_inlet,92,866.2719546424437,0
BASN_conventional_hydroelectric_1_inlet,93,866.2719546424437,0
BASN_conventional_hydroelectric_1_inlet,94,866.2719546424437,0
BASN_conventional_hydroelectric_1_inlet,95,866.2719546424437,0
BASN_conventional_hydroelectric_1_inlet,96,866.2719546424437,0
BASN_conventional_hydroelectric_1_inlet,97,1151.4708800254787,0
BASN_conventional_hydroelectric_1_inlet,98,1152.3897018135335,0
BASN_conventional_hydroelectric_1_inlet,99,1153.3074702277515,0
BASN_conventional_hydroelectric_1_inlet,100,1154.204714311119,0
BASN_conventional_hydroelectric_1_inlet,101,1155.122482725337,0
BASN_conventional_hydroelectric_1_inlet,102,1156.0402511395548,0
BASN_conventional_hydroelectric_1_inlet,103,1157.0446101749453,0
BASN_conventional_hydroelectric_1_inlet,104,1157.962378589163,0
BASN_conventional_hydroelectric_1_inlet,105,1158.8812003772175,0
BASN_conventional_hydroelectric_1_inlet,106,1159.9447376255762,0
BASN_conventional_hydroelectric_1_inlet,107,1160.8625060397942,0
BASN_conventional_hydroelectric_1_inlet,108,1161.8668650751843,0
BASN_conventional_hydroelectric_1_inlet,109,1162.7846334894023,0
BASN_conventional_hydroelectric_1_inlet,110,1163.7034552774567,0
BASN_conventional_hydroelectric_1_inlet,111,1164.6212236916747,0
BASN_conventional_hydroelectric_1_inlet,112,1165.5400454797293,0
BASN_conventional_hydroelectric_1_inlet,113,1166.5433511412828,0
BASN_conventional_hydroelectric_1_inlet,114,1167.4611195555008,0
BASN_conventional_hydroelectric_1_inlet,115,1168.3799413435552,0
BASN_conventional_hydroelectric_1_inlet,116,1169.4434785919138,0
BASN_conventional_hydroelectric_1_inlet,117,1170.3623003799685,0
BASN_conventional_hydroelectric_1_inlet,118,1171.280068794186,0
BASN_conventional_hydroelectric_1_inlet,119,1172.2628501248896,0
BASN_conventional_hydroelectric_1_inlet,120,1173.1806185391076,0
BASN_conventional_hydroelectric_1_inlet,121,1207.2289938828999,0
BASN_conventional_hydroelectric_1_inlet,122,1207.2289938828999,0
BASN_conventional_hydroelectric_1_inlet,123,1207.2289938828999,0
BASN_conventional_hydroelectric_1_inlet,124,1207.2289938828999,0
BASN_conventional_hydroelectric_1_inlet,125,1207.2289938828999,0
BASN_conventional_hydroelectric_1_inlet,126,1207.2289938828999,0
BASN_conventional_hydroelectric_1_inlet,127,1207.2289938828999,0
BASN_conventional_hydroelectric_1_inlet,128,1207.2289938828999,0
BASN_conventional_hydroelectric_1_inlet,129,1207.2289938828999,0
BASN_conventional_hydroelectric_1_inlet,130,1207.2289938828999,0
BASN_conventional_hydroelectric_1_inlet,131,1207.2289938828999,0
BASN_conventional_hydroelectric_1_inlet,132,1207.2289938828999,0
BASN_conventional_hydroelectric_1_inlet,133,1207.2289938828999,0
BASN_conventional_hydroelectric_1_inlet,134,1207.2289938828999,0
BASN_conventional_hydroelectric_1_inlet,135,1207.2289938828999,0
BASN_conventional_hydroelectric_1_inlet,136,1207.2289938828999,0
BASN_conventional_hydroelectric_1_inlet,137,1207.2289938828999,0
BASN_conventional_hydroelectric_1_inlet,138,1207.2289938828999,0
BASN_conventional_hydroelectric_1_inlet,139,1207.2289938828999,0
BASN_conventional_hydroelectric_1_inlet,140,1207.2289938828999,0
BASN_conventional_hydroelectric_1_inlet,141,1207.2289938828999,0
BASN_conventional_hydroelectric_1_inlet,142,1207.2289938828999,0
BASN_conventional_hydroelectric_1_inlet,143,1207.2289938828999,0
BASN_conventional_hydroelectric_1_inlet,144,1207.2289938828999,0
BASN_conventional_hydroelectric_1_inlet,145,1322.346262353437,0
BASN_conventional_hydroelectric_1_inlet,146,1322.936859437553,0
BASN_conventional_hydroelectric_1_inlet,147,1323.3177281448786,0
BASN_conventional_hydroelectric_1_inlet,148,1323.8227879816588,0
BASN_conventional_hydroelectric_1_inlet,149,1324.3278478184386,0
BASN_conventional_hydroelectric_1_inlet,150,1324.7942537731005,0
BASN_conventional_hydroelectric_1_inlet,151,1325.2993136098808,0
BASN_conventional_hydroelectric_1_inlet,152,1325.6586046125196,0
BASN_conventional_hydroelectric_1_inlet,153,1326.1852421539866,0
BASN_conventional_hydroelectric_1_inlet,154,1326.7758392381022,0
BASN_conventional_hydroelectric_1_inlet,155,1327.1340768669047,0
BASN_conventional_hydroelectric_1_inlet,156,1327.6607144083719,0
BASN_conventional_hydroelectric_1_inlet,157,1328.1055426583466,0
BASN_conventional_hydroelectric_1_inlet,158,1328.6106024951268,0
BASN_conventional_hydroelectric_1_inlet,159,1329.1372400365935,0
BASN_conventional_hydroelectric_1_inlet,160,1329.4965310392324,0
BASN_conventional_hydroelectric_1_inlet,161,1330.0871281233485,0
BASN_conventional_hydroelectric_1_inlet,162,1330.4679968306748,0
BASN_conventional_hydroelectric_1_inlet,163,1330.9730566674546,0
BASN_conventional_hydroelectric_1_inlet,164,1331.4781165042343,0
BASN_conventional_hydroelectric_1_inlet,165,1331.9445224588965,0
BASN_conventional_hydroelectric_1_inlet,166,1332.4485289218399,0
BASN_conventional_hydroelectric_1_inlet,167,1332.807819924479,0
BASN_conventional_hydroelectric_1_inlet,168,1333.4199947132815,0
BASN_conventional_hydroelectric_1_inlet,169,1382.0787803852927,0
BASN_conventional_hydroelectric_1_inlet,170,1382.0787803852927,0
BASN_conventional_hydroelectric_1_inlet,171,1382.0787803852927,0
BASN_conventional_hydroelectric_1_inlet,172,1382.0787803852927,0
BASN_conventional_hydroelectric_1_inlet,173,1382.0787803852927,0
BASN_conventional_hydroelectric_1_inlet,174,1382.0787803852927,0
BASN_conventional_hydroelectric_1_inlet,175,1382.0787803852927,0
BASN_conventional_hydroelectric_1_inlet,176,1382.0787803852927,0
BASN_conventional_hydroelectric_1_inlet,177,1382.0787803852927,0
BASN_conventional_hydroelectric_1_inlet,178,1382.0787803852927,0
BASN_conventional_hydroelectric_1_inlet,179,1382.0787803852927,0
BASN_conventional_hydroelectric_1_inlet,180,1382.0787803852927,0
BASN_conventional_hydroelectric_1_inlet,181,1382.0787803852927,0
BASN_conventional_hydroelectric_1_inlet,182,1382.0787803852927,0
BASN_conventional_hydroelectric_1_inlet,183,1382.0787803852927,0
BASN_conventional_hydroelectric_1_inlet,184,1382.0787803852927,0
BASN_conventional_hydroelectric_1_inlet,185,1382.0787803852927,0
BASN_conventional_hydroelectric_1_inlet,186,1382.0787803852927,0
BASN_conventional_hydroelectric_1_inlet,187,1382.0787803852927,0
BASN_conventional_hydroelectric_1_inlet,188,1382.0787803852927,0
BASN_conventional_hydroelectric_1_inlet,189,1382.0787803852927,0
BASN_conventional_hydroelectric_1_inlet,190,1382.0787803852927,0
BASN_conventional_hydroelectric_1_inlet,191,1382.0787803852927,0
BASN_conventional_hydroelectric_1_inlet,192,1382.0787803852927,0
BASN_conventional_hydroelectric_1_inlet,193,1285.3317014981744,0
BASN_conventional_hydroelectric_1_inlet,194,1285.3317014981744,0
BASN_conventional_hydroelectric_1_inlet,195,1285.3317014981744,0
BASN_conventional_hydroelectric_1_inlet,196,1285.3317014981744,0
BASN_conventional_hydroelectric_1_inlet,197,1285.3317014981744,0
BASN_conventional_hydroelectric_1_inlet,198,1285.3317014981744,0
BASN_conventional_hydroelectric_1_inlet,199,1285.3317014981744,0
BASN_conventional_hydroelectric_1_inlet,200,1285.3317014981744,0
BASN_conventional_hydroelectric_1_inlet,201,1285.3317014981744,0
BASN_conventional_hydroelectric_1_inlet,202,1285.3317014981744,0
BASN_conventional_hydroelectric_1_inlet,203,1285.3317014981744,0
BASN_conventional_hydroelectric_1_inlet,204,1285.3317014981744,0
BASN_conventional_hydroelectric_1_inlet,205,1285.3317014981744,0
BASN_conventional_hydroelectric_1_inlet,206,1285.3317014981744,0
BASN_conventional_hydroelectric_1_inlet,207,1285.3317014981744,0
BASN_conventional_hydroelectric_1_inlet,208,1285.3317014981744,0
BASN_conventional_hydroelectric_1_inlet,209,1285.3317014981744,0
BASN_conventional_hydroelectric_1_inlet,210,1285.3317014981744,0
BASN_conventional_hydroelectric_1_inlet,211,1285.3317014981744,0
BASN_conventional_hydroelectric_1_inlet,212,1285.3317014981744,0
BASN_conventional_hydroelectric_1_inlet,213,1285.3317014981744,0
BASN_conventional_hydroelectric_1_inlet,214,1285.3317014981744,0
BASN_conventional_hydroelectric_1_inlet,215,1285.3317014981744,0
BASN_conventional_hydroelectric_1_inlet,216,1285.3317014981744,0
BASN_conventional_hydroelectric_1_inlet,217,1329.79150863145,0
BASN_conventional_hydroelectric_1_inlet,218,1330.0965426520143,0
BASN_conventional_hydroelectric_1_inlet,219,1330.381052341729,0
BASN_conventional_hydroelectric_1_inlet,220,1330.7473713229351,0
BASN_conventional_hydroelectric_1_inlet,221,1331.0318810126496,0
BASN_conventional_hydroelectric_1_inlet,222,1331.3379684070505,0
BASN_conventional_hydroelectric_1_inlet,223,1331.5585185541163,0
BASN_conventional_hydroelectric_1_inlet,224,1331.9887970779712,0
BASN_conventional_hydroelectric_1_inlet,225,1332.2948844723728,0
BASN_conventional_hydroelectric_1_inlet,226,1332.4938569147516,0
BASN_conventional_hydroelectric_1_inlet,227,1332.7999443091528,0
BASN_conventional_hydroelectric_1_inlet,228,1333.229169459171,0
BASN_conventional_hydroelectric_1_inlet,229,1333.4497196062366,0
BASN_conventional_hydroelectric_1_inlet,230,1333.7558070006378,0
BASN_conventional_hydroelectric_1_inlet,231,1334.0403166903525,0
BASN_conventional_hydroelectric_1_inlet,232,1334.4066356715584,0
BASN_conventional_hydroelectric_1_inlet,233,1334.6911453612731,0
BASN_conventional_hydroelectric_1_inlet,234,1334.9972327556743,0
BASN_conventional_hydroelectric_1_inlet,235,1335.341974032194,0
BASN_conventional_hydroelectric_1_inlet,236,1335.648061426595,0
BASN_conventional_hydroelectric_1_inlet,237,1335.9541488209961,0
BASN_conventional_hydroelectric_1_inlet,238,1336.1520678895386,0
BASN_conventional_hydroelectric_1_inlet,239,1336.6039241180802,0
BASN_conventional_hydroelectric_1_inlet,240,1336.8884338077949,0
BASN_conventional_hydroelectric_1_inlet,241,1397.3596302426572,0
BASN_conventional_hydroelectric_1_inlet,242,1397.3596302426572,0
BASN_conventional_hydroelectric_1_inlet,243,1397.3596302426572,0
BASN_conventional_hydroelectric_1_inlet,244,1397.3596302426572,0
BASN_conventional_hydroelectric_1_inlet,245,1397.3596302426572,0
BASN_conventional_hydroelectric_1_inlet,246,1397.3596302426572,0
BASN_conventional_hydroelectric_1_inlet,247,1397.3596302426572,0
BASN_conventional_hydroelectric_1_inlet,248,1397.3596302426572,0
BASN_conventional_hydroelectric_1_inlet,249,1397.3596302426572,0
BASN_conventional_hydroelectric_1_inlet,250,1397.3596302426572,0
BASN_conventional_hydroelectric_1_inlet,251,1397.3596302426572,0
BASN_conventional_hydroelectric_1_inlet,252,1397.3596302426572,0
BASN_conventional_hydroelectric_1_inlet,253,1397.3596302426572,0
BASN_conventional_hydroelectric_1_inlet,254,1397.3596302426572,0
BASN_conventional_hydroelectric_1_inlet,255,1397.3596302426572,0
BASN_conventional_hydroelectric_1_inlet,256,1397.3596302426572,0
BASN_conventional_hydroelectric_1_inlet,257,1397.3596302426572,0
BASN_conventional_hydroelectric_1_inlet,258,1397.3596302426572,0
BASN_conventional_hydroelectric_1_inlet,259,1397.3596302426572,0
BASN_conventional_hydroelectric_1_inlet,260,1397.3596302426572,0
BASN_conventional_hydroelectric_1_inlet,261,1397.3596302426572,0
BASN_conventional_hydroelectric_1_inlet,262,1397.3596302426572,0
BASN_conventional_hydroelectric_1_inlet,263,1397.3596302426572,0
BASN_conventional_hydroelectric_1_inlet,264,1397.3596302426572,0
BASN_conventional_hydroelectric_1_inlet,265,1343.4624329395508,0
BASN_conventional_hydroelectric_1_inlet,266,1343.2063890318775,0
BASN_conventional_hydroelectric_1_inlet,267,1342.8637545030317,0
BASN_conventional_hydroelectric_1_inlet,268,1342.5426976788724,0
BASN_conventional_hydroelectric_1_inlet,269,1342.1398315632214,0
BASN_conventional_hydroelectric_1_inlet,270,1341.819828112899,0
BASN_conventional_hydroelectric_1_inlet,271,1341.4771935840533,0
BASN_conventional_hydroelectric_1_inlet,272,1341.24167400723,0
BASN_conventional_hydroelectric_1_inlet,273,1340.9000928522203,0
BASN_conventional_hydroelectric_1_inlet,274,1340.4116894892336,0
BASN_conventional_hydroelectric_1_inlet,275,1340.1761699124104,0
BASN_conventional_hydroelectric_1_inlet,276,1339.8335353835641,0
BASN_conventional_hydroelectric_1_inlet,277,1339.513531933242,0
BASN_conventional_hydroelectric_1_inlet,278,1339.2564346517318,0
BASN_conventional_hydroelectric_1_inlet,279,1338.935377827573,0
BASN_conventional_hydroelectric_1_inlet,280,1338.4469744645858,0
BASN_conventional_hydroelectric_1_inlet,281,1338.1909305569122,0
BASN_conventional_hydroelectric_1_inlet,282,1337.8698737327531,0
BASN_conventional_hydroelectric_1_inlet,283,1337.5272392039071,0
BASN_conventional_hydroelectric_1_inlet,284,1337.2917196270837,0
BASN_conventional_hydroelectric_1_inlet,285,1336.8043696379339,0
BASN_conventional_hydroelectric_1_inlet,286,1336.4833128137745,0
BASN_conventional_hydroelectric_1_inlet,287,1336.2262155322644,0
BASN_conventional_hydroelectric_1_inlet,288,1335.8846343772552,0
BASN_conventional_hydroelectric_1_inlet,289,1276.4154021982013,0
BASN_conventional_hydroelectric_1_inlet,290,1276.4154021982013,0
BASN_conventional_hydroelectric_1_inlet,291,1276.4154021982013,0
BASN_conventional_hydroelectric_1_inlet,292,1276.4154021982013,0
BASN_conventional_hydroelectric_1_inlet,293,1276.4154021982013,0
BASN_conventional_hydroelectric_1_inlet,294,1276.4154021982013,0
BASN_conventional_hydroelectric_1_inlet,295,1276.4154021982013,0
BASN_conventional_hydroelectric_1_inlet,296,1276.4154021982013,0
BASN_conventional_hydroelectric_1_inlet,297,1276.4154021982013,0
BASN_conventional_hydroelectric_1_inlet,298,1276.4154021982013,0
BASN_conventional_hydroelectric_1_inlet,299,1276.4154021982013,0
BASN_conventional_hydroelectric_1_inlet,300,1276.4154021982013,0
BASN_conventional_hydroelectric_1_inlet,301,1276.4154021982013,0
BASN_conventional_hydroelectric_1_inlet,302,1276.4154021982013,0
BASN_conventional_hydroelectric_1_inlet,303,1276.4154021982013,0
BASN_conventional_hydroelectric_1_inlet,304,1276.4154021982013,0
BASN_conventional_hydroelectric_1_inlet,305,1276.4154021982013,0
BASN_conventional_hydroelectric_1_inlet,306,1276.4154021982013,0
BASN_conventional_hydroelectric_1_inlet,307,1276.4154021982013,0
BASN_conventional_hydroelectric_1_inlet,308,1276.4154021982013,0
BASN_conventional_hydroelectric_1_inlet,309,1276.4154021982013,0
BASN_conventional_hydroelectric_1_inlet,310,1276.4154021982013,0
BASN_conventional_hydroelectric_1_inlet,311,1276.4154021982013,0
BASN_conventional_hydroelectric_1_inlet,312,1276.4154021982013,0
BASN_conventional_hydroelectric_1_inlet,313,1225.3656307359563,0
BASN_conventional_hydroelectric_1_inlet,314,1224.6312316641606,0
BASN_conventional_hydroelectric_1_inlet,315,1223.9823698397008,0
BASN_conventional_hydroelectric_1_inlet,316,1223.2469173940683,0
BASN_conventional_hydroelectric_1_inlet,317,1222.5125183222726,0
BASN_conventional_hydroelectric_1_inlet,318,1221.8636564978126,0
BASN_conventional_hydroelectric_1_inlet,319,1221.1282040521799,0
BASN_conventional_hydroelectric_1_inlet,320,1220.4793422277203,0
BASN_conventional_hydroelectric_1_inlet,321,1219.7438897820875,0
BASN_conventional_hydroelectric_1_inlet,322,1219.009490710292,0
BASN_conventional_hydroelectric_1_inlet,323,1218.3606288858323,0
BASN_conventional_hydroelectric_1_inlet,324,1217.6251764401998,0
BASN_conventional_hydroelectric_1_inlet,325,1216.97631461574,0
BASN_conventional_hydroelectric_1_inlet,326,1216.2419155439443,0
BASN_conventional_hydroelectric_1_inlet,327,1215.5920003456474,0
BASN_conventional_hydroelectric_1_inlet,328,1214.857601273852,0
BASN_conventional_hydroelectric_1_inlet,329,1214.123202202056,0
BASN_conventional_hydroelectric_1_inlet,330,1213.4732870037594,0
BASN_conventional_hydroelectric_1_inlet,331,1212.7388879319637,0
BASN_conventional_hydroelectric_1_inlet,332,1212.090026107504,0
BASN_conventional_hydroelectric_1_inlet,333,1211.3545736618714,0
BASN_conventional_hydroelectric_1_inlet,334,1210.6201745900757,0
BASN_conventional_hydroelectric_1_inlet,335,1209.9713127656157,0
BASN_conventional_hydroelectric_1_inlet,336,1209.2358603199832,0
BASN_conventional_hydroelectric_1_inlet,337,1107.8078102984778,0
BASN_conventional_hydroelectric_1_inlet,338,1107.158948474018,0
BASN_conventional_hydroelectric_1_inlet,339,1106.4234960283854,0
BASN_conventional_hydroelectric_1_inlet,340,1105.6890969565898,0
BASN_conventional_hydroelectric_1_inlet,341,1105.0402351321293,0
BASN_conventional_hydroelectric_1_inlet,342,1104.3047826864972,0
BASN_conventional_hydroelectric_1_inlet,343,1103.6559208620374,0
BASN_conventional_hydroelectric_1_inlet,344,1102.9215217902415,0
BASN_conventional_hydroelectric_1_inlet,345,1102.1860693446092,0
BASN_conventional_hydroelectric_1_inlet,346,1101.5372075201492,0
BASN_conventional_hydroelectric_1_inlet,347,1100.8028084483535,0
BASN_conventional_hydroelectric_1_inlet,348,1100.1528932500569,0
BASN_conventional_hydroelectric_1_inlet,349,1099.4184941782612,0
BASN_conventional_hydroelectric_1_inlet,350,1098.6840951064655,0
BASN_conventional_hydroelectric_1_inlet,351,1098.0341799081689,0
BASN_conventional_hydroelectric_1_inlet,352,1097.299780836373,0
BASN_conventional_hydroelectric_1_inlet,353,1096.6509190119132,0
BASN_conventional_hydroelectric_1_inlet,354,1095.9154665662807,0
BASN_conventional_hydroelectric_1_inlet,355,1095.181067494485,0
BASN_conventional_hydroelectric_1_inlet,356,1094.531152296188,0
BASN_conventional_hydroelectric_1_inlet,357,1093.796753224393,0
BASN_conventional_hydroelectric_1_inlet,358,1093.1478913999329,0
BASN_conventional_hydroelectric_1_inlet,359,1092.4124389543003,0
BASN_conventional_hydroelectric_1_inlet,360,1091.7635771298405,0
BASN_conventional_hydroelectric_1_inlet,361,925.566425518398,0
BASN_conventional_hydroelectric_1_inlet,362,924.9756885330694,0
BASN_conventional_hydroelectric_1_inlet,363,924.4451831345459,0
BASN_conventional_hydroelectric_1_inlet,364,923.8544461492174,0
BASN_conventional_hydroelectric_1_inlet,365,923.4094779980297,0
BASN_conventional_hydroelectric_1_inlet,366,922.819794386538,0
BASN_conventional_hydroelectric_1_inlet,367,922.2892889880146,0
BASN_conventional_hydroelectric_1_inlet,368,921.6985520026859,0
BASN_conventional_hydroelectric_1_inlet,369,921.2535838514984,0
BASN_conventional_hydroelectric_1_inlet,370,920.6628468661698,0
BASN_conventional_hydroelectric_1_inlet,371,920.1333948414831,0
BASN_conventional_hydroelectric_1_inlet,372,919.5642355608414,0
BASN_conventional_hydroelectric_1_inlet,373,919.1192674096537,0
BASN_conventional_hydroelectric_1_inlet,374,918.5285304243251,0
BASN_conventional_hydroelectric_1_inlet,375,917.9980250258017,0
BASN_conventional_hydroelectric_1_inlet,376,917.4083414143101,0
BASN_conventional_hydroelectric_1_inlet,377,916.9633732631222,0
BASN_conventional_hydroelectric_1_inlet,378,916.3726362777936,0
BASN_conventional_hydroelectric_1_inlet,379,915.9276681266062,0
BASN_conventional_hydroelectric_1_inlet,380,915.2513938939419,0
BASN_conventional_hydroelectric_1_inlet,381,914.8074791165909,0
BASN_conventional_hydroelectric_1_inlet,382,914.2167421312625,0
BASN_conventional_hydroelectric_1_inlet,383,913.7717739800745,0
BASN_conventional_hydroelectric_1_inlet,384,913.1170774520972,0
BASN_conventional_hydroelectric_1_inlet,385,848.3768695773226,0
BASN_conventional_hydroelectric_1_inlet,386,847.787185965831,0
BASN_conventional_hydroelectric_1_inlet,387,847.2566805673074,0
BASN_conventional_hydroelectric_1_inlet,388,846.6659435819789,0
BASN_conventional_hydroelectric_1_inlet,389,846.2209754307912,0
BASN_conventional_hydroelectric_1_inlet,390,845.6312918192995,0
BASN_conventional_hydroelectric_1_inlet,391,845.1223641254628,0
BASN_conventional_hydroelectric_1_inlet,392,844.5316271401342,0
BASN_conventional_hydroelectric_1_inlet,393,844.0866589889465,0
BASN_conventional_hydroelectric_1_inlet,394,843.495922003618,0
BASN_conventional_hydroelectric_1_inlet,395,843.0520072262673,0
BASN_conventional_hydroelectric_1_inlet,396,842.3757329936028,0
BASN_conventional_hydroelectric_1_inlet,397,841.9307648424151,0
BASN_conventional_hydroelectric_1_inlet,398,841.3400278570866,0
BASN_conventional_hydroelectric_1_inlet,399,840.895059705899,0
BASN_conventional_hydroelectric_1_inlet,400,840.2198388470714,0
BASN_conventional_hydroelectric_1_inlet,401,839.7748706958837,0
BASN_conventional_hydroelectric_1_inlet,402,839.205711415242,0
BASN_conventional_hydroelectric_1_inlet,403,838.7607432640543,0
BASN_conventional_hydroelectric_1_inlet,404,838.08446903139,0
BASN_conventional_hydroelectric_1_inlet,405,837.6405542540392,0
BASN_conventional_hydroelectric_1_inlet,406,837.0498172687106,0
BASN_conventional_hydroelectric_1_inlet,407,836.6048491175229,0
BASN_conventional_hydroelectric_1_inlet,408,835.9285748848587,0
BASN_conventional_hydroelectric_1_inlet,409,819.8663438366827,0
BASN_conventional_hydroelectric_1_inlet,410,819.8663438366827,0
BASN_conventional_hydroelectric_1_inlet,411,819.8663438366827,0
BASN_conventional_hydroelectric_1_inlet,412,819.8663438366827,0
BASN_conventional_hydroelectric_1_inlet,413,819.8663438366827,0
BASN_conventional_hydroelectric_1_inlet,414,819.8663438366827,0
BASN_conventional_hydroelectric_1_inlet,415,819.8663438366827,0
BASN_conventional_hydroelectric_1_inlet,416,819.8663438366827,0
BASN_conventional_hydroelectric_1_inlet,417,819.8663438366827,0
BASN_conventional_hydroelectric_1_inlet,418,819.8663438366827,0
BASN_conventional_hydroelectric_1_inlet,419,819.8663438366827,0
BASN_conventional_hydroelectric_1_inlet,420,819.8663438366827,0
BASN_conventional_hydroelectric_1_inlet,421,819.8663438366827,0
BASN_conventional_hydroelectric_1_inlet,422,819.8663438366827,0
BASN_conventional_hydroelectric_1_inlet,423,819.8663438366827,0
BASN_conventional_hydroelectric_1_inlet,424,819.8663438366827,0
BASN_conventional_hydroelectric_1_inlet,425,819.8663438366827,0
BASN_conventional_hydroelectric_1_inlet,426,819.8663438366827,0
BASN_conventional_hydroelectric_1_inlet,427,819.8663438366827,0
BASN_conventional_hydroelectric_1_inlet,428,819.8663438366827,0
BASN_conventional_hydroelectric_1_inlet,429,819.8663438366827,0
BASN_conventional_hydroelectric_1_inlet,430,819.8663438366827,0
BASN_conventional_hydroelectric_1_inlet,431,819.8663438366827,0
BASN_conventional_hydroelectric_1_inlet,432,819.8663438366827,0
BASN_conventional_hydroelectric_1_inlet,433,563.3707774422737,0
BASN_conventional_hydroelectric_1_inlet,434,562.645801128627,0
BASN_conventional_hydroelectric_1_inlet,435,561.6689944026535,0
BASN_conventional_hydroelectric_1_inlet,436,560.6921876766802,0
BASN_conventional_hydroelectric_1_inlet,437,559.799864824206,0
BASN_conventional_hydroelectric_1_inlet,438,558.99040463706,0
BASN_conventional_hydroelectric_1_inlet,439,558.0135979110867,0
BASN_conventional_hydroelectric_1_inlet,440,557.1212750586124,0
BASN_conventional_hydroelectric_1_inlet,441,556.1660460373258,0
BASN_conventional_hydroelectric_1_inlet,442,555.3339547716565,0
BASN_conventional_hydroelectric_1_inlet,443,554.3571480456831,0
BASN_conventional_hydroelectric_1_inlet,444,553.4658785670455,0
BASN_conventional_hydroelectric_1_inlet,445,552.6553650060629,0
BASN_conventional_hydroelectric_1_inlet,446,551.6785582800894,0
BASN_conventional_hydroelectric_1_inlet,447,550.7872888014521,0
BASN_conventional_hydroelectric_1_inlet,448,549.8094287016418,0
BASN_conventional_hydroelectric_1_inlet,449,548.9999685144959,0
BASN_conventional_hydroelectric_1_inlet,450,548.1086990358584,0
BASN_conventional_hydroelectric_1_inlet,451,547.1308389360482,0
BASN_conventional_hydroelectric_1_inlet,452,546.1540322100749,0
BASN_conventional_hydroelectric_1_inlet,453,545.3435186490924,0
BASN_conventional_hydroelectric_1_inlet,454,544.4522491704547,0
BASN_conventional_hydroelectric_1_inlet,455,543.4754424444814,0
BASN_conventional_hydroelectric_1_inlet,456,542.6649288834988,0
BASN_conventional_hydroelectric_1_inlet,457,488.2516195478097,0
BASN_conventional_hydroelectric_1_inlet,458,488.2516195478097,0
BASN_conventional_hydroelectric_1_inlet,459,488.2516195478097,0
BASN_conventional_hydroelectric_1_inlet,460,488.2516195478097,0
BASN_conventional_hydroelectric_1_inlet,461,488.2516195478097,0
BASN_conventional_hydroelectric_1_inlet,462,488.2516195478097,0
BASN_conventional_hydroelectric_1_inlet,463,488.2516195478097,0
BASN_conventional_hydroelectric_1_inlet,464,488.2516195478097,0
BASN_conventional_hydroelectric_1_inlet,465,488.2516195478097,0
BASN_conventional_hydroelectric_1_inlet,466,488.2516195478097,0
BASN_conventional_hydroelectric_1_inlet,467,488.2516195478097,0
BASN_conventional_hydroelectric_1_inlet,468,488.2516195478097,0
BASN_conventional_hydroelectric_1_inlet,469,488.2516195478097,0
BASN_conventional_hydroelectric_1_inlet,470,488.2516195478097,0
BASN_conventional_hydroelectric_1_inlet,471,488.2516195478097,0
BASN_conventional_hydroelectric_1_inlet,472,488.2516195478097,0
BASN_conventional_hydroelectric_1_inlet,473,488.2516195478097,0
BASN_conventional_hydroelectric_1_inlet,474,488.2516195478097,0
BASN_conventional_hydroelectric_1_inlet,475,488.2516195478097,0
BASN_conventional_hydroelectric_1_inlet,476,488.2516195478097,0
BASN_conventional_hydroelectric_1_inlet,477,488.2516195478097,0
BASN_conventional_hydroelectric_1_inlet,478,488.2516195478097,0
BASN_conventional_hydroelectric_1_inlet,479,488.2516195478097,0
BASN_conventional_hydroelectric_1_inlet,480,488.2516195478097,0
BASN_conventional_hydroelectric_1_inlet,481,613.5935516888875,0
BASN_conventional_hydroelectric_1_inlet,482,613.5935516888875,0
BASN_conventional_hydroelectric_1_inlet,483,613.5935516888875,0
BASN_conventional_hydroelectric_1_inlet,484,613.5935516888875,0
BASN_conventional_hydroelectric_1_inlet,485,613.5935516888875,0
BASN_conventional_hydroelectric_1_inlet,486,613.5935516888875,0
BASN_conventional_hydroelectric_1_inlet,487,613.5935516888875,0
BASN_conventional_hydroelectric_1_inlet,488,613.5935516888875,0
BASN_conventional_hydroelectric_1_inlet,489,613.5935516888875,0
BASN_conventional_hydroelectric_1_inlet,490,613.5935516888875,0
BASN_conventional_hydroelectric_1_inlet,491,613.5935516888875,0
BASN_conventional_hydroelectric_1_inlet,492,613.5935516888875,0
BASN_conventional_hydroelectric_1_inlet,493,613.5935516888875,0
BASN_conventional_hydroelectric_1_inlet,494,613.5935516888875,0
BASN_conventional_hydroelectric_1_inlet,495,613.5935516888875,0
BASN_conventional_hydroelectric_1_inlet,496,613.5935516888875,0
BASN_conventional_hydroelectric_1_inlet,497,613.5935516888875,0
BASN_conventional_hydroelectric_1_inlet,498,613.5935516888875,0
BASN_conventional_hydroelectric_1_inlet,499,613.5935516888875,0
BASN_conventional_hydroelectric_1_inlet,500,613.5935516888875,0
BASN_conventional_hydroelectric_1_inlet,501,613.5935516888875,0
BASN_conventional_hydroelectric_1_inlet,502,613.5935516888875,0
BASN_conventional_hydroelectric_1_inlet,503,613.5935516888875,0
BASN_conventional_hydroelectric_1_inlet,504,613.5935516888875,0
BASN_conventional_hydroelectric_1_inlet,505,646.478245204484,0
BASN_conventional_hydroelectric_1_inlet,506,646.7618414215747,0
BASN_conventional_hydroelectric_1_inlet,507,647.0443842648282,0
BASN_conventional_hydroelectric_1_inlet,508,647.3064027772318,0
BASN_conventional_hydroelectric_1_inlet,509,647.4442301601816,0
BASN_conventional_hydroelectric_1_inlet,510,647.7051952987487,0
BASN_conventional_hydroelectric_1_inlet,511,647.9887915158389,0
BASN_conventional_hydroelectric_1_inlet,512,648.1039878202653,0
BASN_conventional_hydroelectric_1_inlet,513,648.3875840373554,0
BASN_conventional_hydroelectric_1_inlet,514,648.6485491759225,0
BASN_conventional_hydroelectric_1_inlet,515,648.9321453930131,0
BASN_conventional_hydroelectric_1_inlet,516,649.0699727759629,0
BASN_conventional_hydroelectric_1_inlet,517,649.3309379145296,0
BASN_conventional_hydroelectric_1_inlet,518,649.6145341316201,0
BASN_conventional_hydroelectric_1_inlet,519,649.8754992701871,0
BASN_conventional_hydroelectric_1_inlet,520,650.0133266531369,0
BASN_conventional_hydroelectric_1_inlet,521,650.2742917917038,0
BASN_conventional_hydroelectric_1_inlet,522,650.5578880087942,0
BASN_conventional_hydroelectric_1_inlet,523,650.6730843132206,0
BASN_conventional_hydroelectric_1_inlet,524,650.9566805303109,0
BASN_conventional_hydroelectric_1_inlet,525,651.2186990427147,0
BASN_conventional_hydroelectric_1_inlet,526,651.5012418859682,0
BASN_conventional_hydroelectric_1_inlet,527,651.6390692689179,0
BASN_conventional_hydroelectric_1_inlet,528,651.9855716548208,0
BASN_conventional_hydroelectric_1_inlet,529,700.3644067707542,0
BASN_conventional_hydroelectric_1_inlet,530,700.3644067707542,0
BASN_conventional_hydroelectric_1_inlet,531,700.3644067707542,0
BASN_conventional_hydroelectric_1_inlet,532,700.3644067707542,0
BASN_conventional_hydroelectric_1_inlet,533,700.3644067707542,0
BASN_conventional_hydroelectric_1_inlet,534,700.3644067707542,0
BASN_conventional_hydroelectric_1_inlet,535,700.3644067707542,0
BASN_conventional_hydroelectric_1_inlet,536,700.3644067707542,0
BASN_conventional_hydroelectric_1_inlet,537,700.3644067707542,0
BASN_conventional_hydroelectric_1_inlet,538,700.3644067707542,0
BASN_conventional_hydroelectric_1_inlet,539,700.3644067707542,0
BASN_conventional_hydroelectric_1_inlet,540,700.3644067707542,0
BASN_conventional_hydroelectric_1_inlet,541,700.3644067707542,0
BASN_conventional_hydroelectric_1_inlet,542,700.3644067707542,0
BASN_conventional_hydroelectric_1_inlet,543,700.3644067707542,0
BASN_conventional_hydroelectric_1_inlet,544,700.3644067707542,0
BASN_conventional_hydroelectric_1_inlet,545,700.3644067707542,0
BASN_conventional_hydroelectric_1_inlet,546,700.3644067707542,0
BASN_conventional_hydroelectric_1_inlet,547,700.3644067707542,0
BASN_conventional_hydroelectric_1_inlet,548,700.3644067707542,0
BASN_conventional_hydroelectric_1_inlet,549,700.3644067707542,0
BASN_conventional_hydroelectric_1_inlet,550,700.3644067707542,0
BASN_conventional_hydroelectric_1_inlet,551,700.3644067707542,0
BASN_conventional_hydroelectric_1_inlet,552,700.3644067707542,0
BASN_conventional_hydroelectric_1_inlet,553,729.0653627503154,0
BASN_conventional_hydroelectric_1_inlet,554,729.2977222056287,0
BASN_conventional_hydroelectric_1_inlet,555,729.5697889168966,0
BASN_conventional_hydroelectric_1_inlet,556,729.9479172063507,0
BASN_conventional_hydroelectric_1_inlet,557,730.159752330814,0
BASN_conventional_hydroelectric_1_inlet,558,730.4533967467689,0
BASN_conventional_hydroelectric_1_inlet,559,730.8099473315358,0
BASN_conventional_hydroelectric_1_inlet,560,731.0433601606859,0
BASN_conventional_hydroelectric_1_inlet,561,731.335951202804,0
BASN_conventional_hydroelectric_1_inlet,562,731.6935551614079,0
BASN_conventional_hydroelectric_1_inlet,563,731.9259146167211,0
BASN_conventional_hydroelectric_1_inlet,564,732.1979813279892,0
BASN_conventional_hydroelectric_1_inlet,565,732.5771629912798,0
BASN_conventional_hydroelectric_1_inlet,566,732.7879447419064,0
BASN_conventional_hydroelectric_1_inlet,567,733.167126405197,0
BASN_conventional_hydroelectric_1_inlet,568,733.4381397426283,0
BASN_conventional_hydroelectric_1_inlet,569,733.6715525717783,0
BASN_conventional_hydroelectric_1_inlet,570,734.0496808612324,0
BASN_conventional_hydroelectric_1_inlet,571,734.3217475725004,0
BASN_conventional_hydroelectric_1_inlet,572,734.5541070278136,0
BASN_conventional_hydroelectric_1_inlet,573,734.9117109864175,0
BASN_conventional_hydroelectric_1_inlet,574,735.2053554023722,0
BASN_conventional_hydroelectric_1_inlet,575,735.4161371529989,0
BASN_conventional_hydroelectric_1_inlet,576,735.7953188162893,0
CANO_conventional_hydroelectric_1_inlet,1,1606.3000463134135,0
CANO_conventional_hydroelectric_1_inlet,2,1604.315740726562,0
CANO_conventional_hydroelectric_1_inlet,3,1601.6541600406895,0
CANO_conventional_hydroelectric_1_inlet,4,1599.5998816328593,0
CANO_conventional_hydroelectric_1_inlet,5,1596.9383009469861,0
CANO_conventional_hydroelectric_1_inlet,6,1594.2767202611135,0
CANO_conventional_hydroelectric_1_inlet,7,1592.292414674262,0
CANO_conventional_hydroelectric_1_inlet,8,1589.6308339883897,0
CANO_conventional_hydroelectric_1_inlet,9,1587.5765555805592,0
CANO_conventional_hydroelectric_1_inlet,10,1584.9149748946863,0
CANO_conventional_hydroelectric_1_inlet,11,1582.930669307835,0
CANO_conventional_hydroelectric_1_inlet,12,1580.2690886219623,0
CANO_conventional_hydroelectric_1_inlet,13,1578.2847830351106,0
CANO_conventional_hydroelectric_1_inlet,14,1575.5532295282592,0
CANO_conventional_hydroelectric_1_inlet,15,1573.5689239414075,0
CANO_conventional_hydroelectric_1_inlet,16,1570.9073432555351,0
CANO_conventional_hydroelectric_1_inlet,17,1568.2457625696625,0
CANO_conventional_hydroelectric_1_inlet,18,1566.2614569828108,0
CANO_conventional_hydroelectric_1_inlet,19,1563.5299034759591,0
CANO_conventional_hydroelectric_1_inlet,20,1561.5455978891077,0
CANO_conventional_hydroelectric_1_inlet,21,1558.8840172032353,0
CANO_conventional_hydroelectric_1_inlet,22,1556.8997116163835,0
CANO_conventional_hydroelectric_1_inlet,23,1554.2381309305108,0
CANO_conventional_hydroelectric_1_inlet,24,1552.1838525226806,0
CANO_conventional_hydroelectric_1_inlet,25,1238.436902117791,0
CANO_conventional_hydroelectric_1_inlet,26,1238.436902117791,0
CANO_conventional_hydroelectric_1_inlet,27,1237.75962701877,0
CANO_conventional_hydroelectric_1_inlet,28,1237.0823519197488,0
CANO_conventional_hydroelectric_1_inlet,29,1237.0823519197488,0
CANO_conventional_hydroelectric_1_inlet,30,1236.4050768207276,0
CANO_conventional_hydroelectric_1_inlet,31,1236.4050768207276,0
CANO_conventional_hydroelectric_1_inlet,32,1235.7977745426854,0
CANO_conventional_hydroelectric_1_inlet,33,1235.120499443664,0
CANO_conventional_hydroelectric_1_inlet,34,1235.120499443664,0
CANO_conventional_hydroelectric_1_inlet,35,1234.4432243446429,0
CANO_conventional_hydroelectric_1_inlet,36,1234.4432243446429,0
CANO_conventional_hydroelectric_1_inlet,37,1233.7659492456216,0
CANO_conventional_hydroelectric_1_inlet,38,1233.0886741466002,0
CANO_conventional_hydroelectric_1_inlet,39,1233.0886741466002,0
CANO_conventional_hydroelectric_1_inlet,40,1232.4113990475794,0
CANO_conventional_hydroelectric_1_inlet,41,1232.4113990475794,0
CANO_conventional_hydroelectric_1_inlet,42,1231.734123948558,0
CANO_conventional_hydroelectric_1_inlet,43,1231.1268216705155,0
CANO_conventional_hydroelectric_1_inlet,44,1231.1268216705155,0
CANO_conventional_hydroelectric_1_inlet,45,1230.4495465714942,0
CANO_conventional_hydroelectric_1_inlet,46,1230.4495465714942,0
CANO_conventional_hydroelectric_1_inlet,47,1229.772271472473,0
CANO_conventional_hydroelectric_1_inlet,48,1229.094996373452,0
CANO_conventional_hydroelectric_1_inlet,49,1152.4678707636303,0
CANO_conventional_hydroelectric_1_inlet,50,1152.4678707636303,0
CANO_conventional_hydroelectric_1_inlet,51,1152.4678707636303,0
CANO_conventional_hydroelectric_1_inlet,52,1152.4678707636303,0
CANO_conventional_hydroelectric_1_inlet,53,1152.4678707636303,0
CANO_conventional_hydroelectric_1_inlet,54,1152.4678707636303,0
CANO_conventional_hydroelectric_1_inlet,55,1152.4678707636303,0
CANO_conventional_hydroelectric_1_inlet,56,1152.4678707636303,0
CANO_conventional_hydroelectric_1_inlet,57,1152.4678707636303,0
CANO_conventional_hydroelectric_1_inlet,58,1152.4678707636303,0
CANO_conventional_hydroelectric_1_inlet,59,1152.4678707636303,0
CANO_conventional_hydroelectric_1_inlet,60,1152.4678707636303,0
CANO_conventional_hydroelectric_1_inlet,61,1152.4678707636303,0
CANO_conventional_hydroelectric_1_inlet,62,1152.4678707636303,0
CANO_conventional_hydroelectric_1_inlet,63,1152.4678707636303,0
CANO_conventional_hydroelectric_1_inlet,64,1152.4678707636303,0
CANO_conventional_hydroelectric_1_inlet,65,1152.4678707636303,0
CANO_conventional_hydroelectric_1_inlet,66,1152.4678707636303,0
CANO_conventional_hydroelectric_1_inlet,67,1152.4678707636303,0
CANO_conventional_hydroelectric_1_inlet,68,1152.4678707636303,0
CANO_conventional_hydroelectric_1_inlet,69,1152.4678707636303,0
CANO_conventional_hydroelectric_1_inlet,70,1152.4678707636303,0
CANO_conventional_hydroelectric_1_inlet,71,1152.4678707636303,0
CANO_conventional_hydroelectric_1_inlet,72,1152.4678707636303,0
CANO_conventional_hydroelectric_1_inlet,73,1152.4678707636303,0
CANO_conventional_hydroelectric_1_inlet,74,1152.4678707636303,0
CANO_conventional_hydroelectric_1_inlet,75,1152.4678707636303,0
CANO_conventional_hydroelectric_1_inlet,76,1152.4678707636303,0
CANO_conventional_hydroelectric_1_inlet,77,1152.4678707636303,0
CANO_conventional_hydroelectric_1_inlet,78,1152.4678707636303,0
CANO_conventional_hydroelectric_1_inlet,79,1152.4678707636303,0
CANO_conventional_hydroelectric_1_inlet,80,1152.4678707636303,0
CANO_conventional_hydroelectric_1_inlet,81,1152.4678707636303,0
CANO_conventional_hydroelectric_1_inlet,82,1152.4678707636303,0
CANO_conventional_hydroelectric_1_inlet,83,1152.4678707636303,0
CANO_conventional_hydroelectric_1_inlet,84,1152.4678707636303,0
CANO_conventional_hydroelectric_1_inlet,85,1152.4678707636303,0
CANO_conventional_hydroelectric_1_inlet,86,1152.4678707636303,0
CANO_conventional_hydroelectric_1_inlet,87,1152.4678707636303,0
CANO_conventional_hydroelectric_1_inlet,88,1152.4678707636303,0
CANO_conventional_hydroelectric_1_inlet,89,1152.4678707636303,0
CANO_conventional_hydroelectric_1_inlet,90,1152.4678707636303,0
CANO_conventional_hydroelectric_1_inlet,91,1152.4678707636303,0
CANO_conventional_hydroelectric_1_inlet,92,1152.4678707636303,0
CANO_conventional_hydroelectric_1_inlet,93,1152.4678707636303,0
CANO_conventional_hydroelectric_1_inlet,94,1152.4678707636303,0
CANO_conventional_hydroelectric_1_inlet,95,1152.4678707636303,0
CANO_conventional_hydroelectric_1_inlet,96,1152.4678707636303,0
CANO_conventional_hydroelectric_1_inlet,97,1451.7210615585386,0
CANO_conventional_hydroelectric_1_inlet,98,1452.5382822995175,0
CANO_conventional_hydroelectric_1_inlet,99,1453.3555030404964,0
CANO_conventional_hydroelectric_1_inlet,100,1454.8499988804963,0
CANO_conventional_hydroelectric_1_inlet,101,1455.6672196214752,0
CANO_conventional_hydroelectric_1_inlet,102,1456.4844403624538,0
CANO_conventional_hydroelectric_1_inlet,103,1457.3016611034327,0
CANO_conventional_hydroelectric_1_inlet,104,1458.7961569434328,0
CANO_conventional_hydroelectric_1_inlet,105,1459.6133776844115,0
CANO_conventional_hydroelectric_1_inlet,106,1460.4305984253901,0
CANO_conventional_hydroelectric_1_inlet,107,1461.2478191663693,0
CANO_conventional_hydroelectric_1_inlet,108,1462.742315006369,0
CANO_conventional_hydroelectric_1_inlet,109,1463.5595357473478,0
CANO_conventional_hydroelectric_1_inlet,110,1464.3767564883265,0
CANO_conventional_hydroelectric_1_inlet,111,1465.1939772293053,0
CANO_conventional_hydroelectric_1_inlet,112,1466.6884730693057,0
CANO_conventional_hydroelectric_1_inlet,113,1467.5056938102844,0
CANO_conventional_hydroelectric_1_inlet,114,1468.3928873722416,0
CANO_conventional_hydroelectric_1_inlet,115,1469.2101081132205,0
CANO_conventional_hydroelectric_1_inlet,116,1470.7046039532206,0
CANO_conventional_hydroelectric_1_inlet,117,1471.5218246941993,0
CANO_conventional_hydroelectric_1_inlet,118,1472.339045435178,0
CANO_conventional_hydroelectric_1_inlet,119,1473.1562661761568,0
CANO_conventional_hydroelectric_1_inlet,120,1474.650762016157,0
CANO_conventional_hydroelectric_1_inlet,121,1510.3061302245414,0
CANO_conventional_hydroelectric_1_inlet,122,1510.3061302245414,0
CANO_conventional_hydroelectric_1_inlet,123,1510.3061302245414,0
CANO_conventional_hydroelectric_1_inlet,124,1510.3061302245414,0
CANO_conventional_hydroelectric_1_inlet,125,1510.3061302245414,0
CANO_conventional_hydroelectric_1_inlet,126,1510.3061302245414,0
CANO_conventional_hydroelectric_1_inlet,127,1510.3061302245414,0
CANO_conventional_hydroelectric_1_inlet,128,1510.3061302245414,0
CANO_conventional_hydroelectric_1_inlet,129,1510.3061302245414,0
CANO_conventional_hydroelectric_1_inlet,130,1510.3061302245414,0
CANO_conventional_hydroelectric_1_inlet,131,1510.3061302245414,0
CANO_conventional_hydroelectric_1_inlet,132,1510.3061302245414,0
CANO_conventional_hydroelectric_1_inlet,133,1510.3061302245414,0
CANO_conventional_hydroelectric_1_inlet,134,1510.3061302245414,0
CANO_conventional_hydroelectric_1_inlet,135,1510.3061302245414,0
CANO_conventional_hydroelectric_1_inlet,136,1510.3061302245414,0
CANO_conventional_hydroelectric_1_inlet,137,1510.3061302245414,0
CANO_conventional_hydroelectric_1_inlet,138,1510.3061302245414,0
CANO_conventional_hydroelectric_1_inlet,139,1510.3061302245414,0
CANO_conventional_hydroelectric_1_inlet,140,1510.3061302245414,0
CANO_conventional_hydroelectric_1_inlet,141,1510.3061302245414,0
CANO_conventional_hydroelectric_1_inlet,142,1510.3061302245414,0
CANO_conventional_hydroelectric_1_inlet,143,1510.3061302245414,0
CANO_conventional_hydroelectric_1_inlet,144,1510.3061302245414,0
CANO_conventional_hydroelectric_1_inlet,145,2114.646867756379,0
CANO_conventional_hydroelectric_1_inlet,146,2117.0985299793156,0
CANO_conventional_hydroelectric_1_inlet,147,2119.6201650232306,0
CANO_conventional_hydroelectric_1_inlet,148,2122.071827246167,0
CANO_conventional_hydroelectric_1_inlet,149,2124.523489469103,0
CANO_conventional_hydroelectric_1_inlet,150,2127.045124513019,0
CANO_conventional_hydroelectric_1_inlet,151,2129.4967867359546,0
CANO_conventional_hydroelectric_1_inlet,152,2132.0184217798696,0
CANO_conventional_hydroelectric_1_inlet,153,2134.470084002806,0
CANO_conventional_hydroelectric_1_inlet,154,2136.921746225743,0
CANO_conventional_hydroelectric_1_inlet,155,2139.443381269658,0
CANO_conventional_hydroelectric_1_inlet,156,2141.8950434925937,0
CANO_conventional_hydroelectric_1_inlet,157,2144.416678536509,0
CANO_conventional_hydroelectric_1_inlet,158,2146.8683407594453,0
CANO_conventional_hydroelectric_1_inlet,159,2149.320002982382,0
CANO_conventional_hydroelectric_1_inlet,160,2151.841638026297,0
CANO_conventional_hydroelectric_1_inlet,161,2154.293300249233,0
CANO_conventional_hydroelectric_1_inlet,162,2157.4922103921704,0
CANO_conventional_hydroelectric_1_inlet,163,2159.9438726151066,0
CANO_conventional_hydroelectric_1_inlet,164,2162.3955348380423,0
CANO_conventional_hydroelectric_1_inlet,165,2164.9171698819578,0
CANO_conventional_hydroelectric_1_inlet,166,2167.368832104894,0
CANO_conventional_hydroelectric_1_inlet,167,2169.890467148809,0
CANO_conventional_hydroelectric_1_inlet,168,2172.3421293717456,0
CANO_conventional_hydroelectric_1_inlet,169,2427.9896621674684,0
CANO_conventional_hydroelectric_1_inlet,170,2427.9896621674684,0
CANO_conventional_hydroelectric_1_inlet,171,2427.9896621674684,0
CANO_conventional_hydroelectric_1_inlet,172,2427.9896621674684,0
CANO_conventional_hydroelectric_1_inlet,173,2427.9896621674684,0
CANO_conventional_hydroelectric_1_inlet,174,2427.9896621674684,0
CANO_conventional_hydroelectric_1_inlet,175,2427.9896621674684,0
CANO_conventional_hydroelectric_1_inlet,176,2427.9896621674684,0
CANO_conventional_hydroelectric_1_inlet,177,2427.9896621674684,0
CANO_conventional_hydroelectric_1_inlet,178,2427.9896621674684,0
CANO_conventional_hydroelectric_1_inlet,179,2427.9896621674684,0
CANO_conventional_hydroelectric_1_inlet,180,2427.9896621674684,0
CANO_conventional_hydroelectric_1_inlet,181,2427.9896621674684,0
CANO_conventional_hydroelectric_1_inlet,182,2427.9896621674684,0
CANO_conventional_hydroelectric_1_inlet,183,2427.9896621674684,0
CANO_conventional_hydroelectric_1_inlet,184,2427.9896621674684,0
CANO_conventional_hydroelectric_1_inlet,185,2427.9896621674684,0
CANO_conventional_hydroelectric_1_inlet,186,2427.9896621674684,0
CANO_conventional_hydroelectric_1_inlet,187,2427.9896621674684,0
CANO_conventional_hydroelectric_1_inlet,188,2427.9896621674684,0
CANO_conventional_hydroelectric_1_inlet,189,2427.9896621674684,0
CANO_conventional_hydroelectric_1_inlet,190,2427.9896621674684,0
CANO_conventional_hydroelectric_1_inlet,191,2427.9896621674684,0
CANO_conventional_hydroelectric_1_inlet,192,2427.9896621674684,0
CANO_conventional_hydroelectric_1_inlet,193,3434.40418700757,0
CANO_conventional_hydroelectric_1_inlet,194,3434.40418700757,0
CANO_conventional_hydroelectric_1_inlet,195,3434.40418700757,0
CANO_conventional_hydroelectric_1_inlet,196,3434.40418700757,0
CANO_conventional_hydroelectric_1_inlet,197,3434.40418700757,0
CANO_conventional_hydroelectric_1_inlet,198,3434.40418700757,0
CANO_conventional_hydroelectric_1_inlet,199,3434.40418700757,0
CANO_conventional_hydroelectric_1_inlet,200,3434.40418700757,0
CANO_conventional_hydroelectric_1_inlet,201,3434.40418700757,0
CANO_conventional_hydroelectric_1_inlet,202,3434.40418700757,0
CANO_conventional_hydroelectric_1_inlet,203,3434.40418700757,0
CANO_conventional_hydroelectric_1_inlet,204,3434.40418700757,0
CANO_conventional_hydroelectric_1_inlet,205,3434.40418700757,0
CANO_conventional_hydroelectric_1_inlet,206,3434.40418700757,0
CANO_conventional_hydroelectric_1_inlet,207,3434.40418700757,0
CANO_conventional_hydroelectric_1_inlet,208,3434.40418700757,0
CANO_conventional_hydroelectric_1_inlet,209,3434.40418700757,0
CANO_conventional_hydroelectric_1_inlet,210,3434.40418700757,0
CANO_conventional_hydroelectric_1_inlet,211,3434.40418700757,0
CANO_conventional_hydroelectric_1_inlet,212,3434.40418700757,0
CANO_conventional_hydroelectric_1_inlet,213,3434.40418700757,0
CANO_conventional_hydroelectric_1_inlet,214,3434.40418700757,0
CANO_conventional_hydroelectric_1_inlet,215,3434.40418700757,0
CANO_conventional_hydroelectric_1_inlet,216,3434.40418700757,0
CANO_conventional_hydroelectric_1_inlet,217,3230.928813033254,0
CANO_conventional_hydroelectric_1_inlet,218,3229.6917553664025,0
CANO_conventional_hydroelectric_1_inlet,219,3227.7774226005304,0
CANO_conventional_hydroelectric_1_inlet,220,3226.5403649336786,0
CANO_conventional_hydroelectric_1_inlet,221,3225.303307266827,0
CANO_conventional_hydroelectric_1_inlet,222,3224.0662495999754,0
CANO_conventional_hydroelectric_1_inlet,223,3222.829191933124,0
CANO_conventional_hydroelectric_1_inlet,224,3220.9148591672515,0
CANO_conventional_hydroelectric_1_inlet,225,3219.6778015003997,0
CANO_conventional_hydroelectric_1_inlet,226,3218.4407438335484,0
CANO_conventional_hydroelectric_1_inlet,227,3217.203686166697,0
CANO_conventional_hydroelectric_1_inlet,228,3215.289353400824,0
CANO_conventional_hydroelectric_1_inlet,229,3214.052295733972,0
CANO_conventional_hydroelectric_1_inlet,230,3212.815238067121,0
CANO_conventional_hydroelectric_1_inlet,231,3211.5781804002695,0
CANO_conventional_hydroelectric_1_inlet,232,3209.663847634397,0
CANO_conventional_hydroelectric_1_inlet,233,3208.426789967545,0
CANO_conventional_hydroelectric_1_inlet,234,3207.189732300694,0
CANO_conventional_hydroelectric_1_inlet,235,3205.952674633842,0
CANO_conventional_hydroelectric_1_inlet,236,3204.03834186797,0
CANO_conventional_hydroelectric_1_inlet,237,3202.801284201118,0
CANO_conventional_hydroelectric_1_inlet,238,3201.5642265342663,0
CANO_conventional_hydroelectric_1_inlet,239,3200.3271688674154,0
CANO_conventional_hydroelectric_1_inlet,240,3198.412836101543,0
CANO_conventional_hydroelectric_1_inlet,241,2921.316077416822,0
CANO_conventional_hydroelectric_1_inlet,242,2921.316077416822,0
CANO_conventional_hydroelectric_1_inlet,243,2921.316077416822,0
CANO_conventional_hydroelectric_1_inlet,244,2921.316077416822,0
CANO_conventional_hydroelectric_1_inlet,245,2921.316077416822,0
CANO_conventional_hydroelectric_1_inlet,246,2921.316077416822,0
CANO_conventional_hydroelectric_1_inlet,247,2921.316077416822,0
CANO_conventional_hydroelectric_1_inlet,248,2921.316077416822,0
CANO_conventional_hydroelectric_1_inlet,249,2921.316077416822,0
CANO_conventional_hydroelectric_1_inlet,250,2921.316077416822,0
CANO_conventional_hydroelectric_1_inlet,251,2921.316077416822,0
CANO_conventional_hydroelectric_1_inlet,252,2921.316077416822,0
CANO_conventional_hydroelectric_1_inlet,253,2921.316077416822,0
CANO_conventional_hydroelectric_1_inlet,254,2921.316077416822,0
CANO_conventional_hydroelectric_1_inlet,255,2921.316077416822,0
CANO_conventional_hydroelectric_1_inlet,256,2921.316077416822,0
CANO_conventional_hydroelectric_1_inlet,257,2921.316077416822,0
CANO_conventional_hydroelectric_1_inlet,258,2921.316077416822,0
CANO_conventional_hydroelectric_1_inlet,259,2921.316077416822,0
CANO_conventional_hydroelectric_1_inlet,260,2921.316077416822,0
CANO_conventional_hydroelectric_1_inlet,261,2921.316077416822,0
CANO_conventional_hydroelectric_1_inlet,262,2921.316077416822,0
CANO_conventional_hydroelectric_1_inlet,263,2921.316077416822,0
CANO_conventional_hydroelectric_1_inlet,264,2921.316077416822,0
CANO_conventional_hydroelectric_1_inlet,265,3099.2984145300998,0
CANO_conventional_hydroelectric_1_inlet,266,3100.115635271079,0
CANO_conventional_hydroelectric_1_inlet,267,3101.5401582901004,0
CANO_conventional_hydroelectric_1_inlet,268,3102.3573790310793,0
CANO_conventional_hydroelectric_1_inlet,269,3103.7819020501006,0
CANO_conventional_hydroelectric_1_inlet,270,3104.5991227910795,0
CANO_conventional_hydroelectric_1_inlet,271,3105.4163435320584,0
CANO_conventional_hydroelectric_1_inlet,272,3106.840866551079,0
CANO_conventional_hydroelectric_1_inlet,273,3107.6580872920586,0
CANO_conventional_hydroelectric_1_inlet,274,3109.152583132058,0
CANO_conventional_hydroelectric_1_inlet,275,3109.8998310520583,0
CANO_conventional_hydroelectric_1_inlet,276,3111.3943268920584,0
CANO_conventional_hydroelectric_1_inlet,277,3112.211547633037,0
CANO_conventional_hydroelectric_1_inlet,278,3113.6360706520577,0
CANO_conventional_hydroelectric_1_inlet,279,3114.4532913930366,0
CANO_conventional_hydroelectric_1_inlet,280,3115.270512134016,0
CANO_conventional_hydroelectric_1_inlet,281,3116.6950351530363,0
CANO_conventional_hydroelectric_1_inlet,282,3117.512255894015,0
CANO_conventional_hydroelectric_1_inlet,283,3119.0067517340153,0
CANO_conventional_hydroelectric_1_inlet,284,3119.753999654016,0
CANO_conventional_hydroelectric_1_inlet,285,3121.2484954940155,0
CANO_conventional_hydroelectric_1_inlet,286,3122.0657162349944,0
CANO_conventional_hydroelectric_1_inlet,287,3122.8129641549945,0
CANO_conventional_hydroelectric_1_inlet,288,3124.3074599949946,0
CANO_conventional_hydroelectric_1_inlet,289,3321.1809135712097,0
CANO_conventional_hydroelectric_1_inlet,290,3321.1809135712097,0
CANO_conventional_hydroelectric_1_inlet,291,3321.1809135712097,0
CANO_conventional_hydroelectric_1_inlet,292,3321.1809135712097,0
CANO_conventional_hydroelectric_1_inlet,293,3321.1809135712097,0
CANO_conventional_hydroelectric_1_inlet,294,3321.1809135712097,0
CANO_conventional_hydroelectric_1_inlet,295,3321.1809135712097,0
CANO_conventional_hydroelectric_1_inlet,296,3321.1809135712097,0
CANO_conventional_hydroelectric_1_inlet,297,3321.1809135712097,0
CANO_conventional_hydroelectric_1_inlet,298,3321.1809135712097,0
CANO_conventional_hydroelectric_1_inlet,299,3321.1809135712097,0
CANO_conventional_hydroelectric_1_inlet,300,3321.1809135712097,0
CANO_conventional_hydroelectric_1_inlet,301,3321.1809135712097,0
CANO_conventional_hydroelectric_1_inlet,302,3321.1809135712097,0
CANO_conventional_hydroelectric_1_inlet,303,3321.1809135712097,0
CANO_conventional_hydroelectric_1_inlet,304,3321.1809135712097,0
CANO_conventional_hydroelectric_1_inlet,305,3321.1809135712097,0
CANO_conventional_hydroelectric_1_inlet,306,3321.1809135712097,0
CANO_conventional_hydroelectric_1_inlet,307,3321.1809135712097,0
CANO_conventional_hydroelectric_1_inlet,308,3321.1809135712097,0
CANO_conventional_hydroelectric_1_inlet,309,3321.1809135712097,0
CANO_conventional_hydroelectric_1_inlet,310,3321.1809135712097,0
CANO_conventional_hydroelectric_1_inlet,311,3321.1809135712097,0
CANO_conventional_hydroelectric_1_inlet,312,3321.1809135712097,0
CANO_conventional_hydroelectric_1_inlet,313,3257.358814200506,0
CANO_conventional_hydroelectric_1_inlet,314,3256.8914575644208,0
CANO_conventional_hydroelectric_1_inlet,315,3255.676853008336,0
CANO_conventional_hydroelectric_1_inlet,316,3254.5322212732303,0
CANO_conventional_hydroelectric_1_inlet,317,3254.064864637145,0
CANO_conventional_hydroelectric_1_inlet,318,3252.920232902038,0
CANO_conventional_hydroelectric_1_inlet,319,3252.382903444975,0
CANO_conventional_hydroelectric_1_inlet,320,3251.238271709869,0
CANO_conventional_hydroelectric_1_inlet,321,3250.7709150737837,0
CANO_conventional_hydroelectric_1_inlet,322,3249.626283338678,0
CANO_conventional_hydroelectric_1_inlet,323,3248.4116787825933,0
CANO_conventional_hydroelectric_1_inlet,324,3247.944322146508,0
CANO_conventional_hydroelectric_1_inlet,325,3246.7996904114025,0
CANO_conventional_hydroelectric_1_inlet,326,3246.3323337753177,0
CANO_conventional_hydroelectric_1_inlet,327,3245.1177292192324,0
CANO_conventional_hydroelectric_1_inlet,328,3244.650372583148,0
CANO_conventional_hydroelectric_1_inlet,329,3243.505740848042,0
CANO_conventional_hydroelectric_1_inlet,330,3242.3611091129355,0
CANO_conventional_hydroelectric_1_inlet,331,3241.823779655872,0
CANO_conventional_hydroelectric_1_inlet,332,3240.6791479207664,0
CANO_conventional_hydroelectric_1_inlet,333,3240.211791284681,0
CANO_conventional_hydroelectric_1_inlet,334,3239.0671595495746,0
CANO_conventional_hydroelectric_1_inlet,335,3238.5298300925115,0
CANO_conventional_hydroelectric_1_inlet,336,3237.385198357405,0
CANO_conventional_hydroelectric_1_inlet,337,3111.632879271104,0
CANO_conventional_hydroelectric_1_inlet,338,3110.4882475359977,0
CANO_conventional_hydroelectric_1_inlet,339,3109.2736429799133,0
CANO_conventional_hydroelectric_1_inlet,340,3108.806286343828,0
CANO_conventional_hydroelectric_1_inlet,341,3107.661654608722,0
CANO_conventional_hydroelectric_1_inlet,342,3107.1942979726373,0
CANO_conventional_hydroelectric_1_inlet,343,3105.979693416552,0
CANO_conventional_hydroelectric_1_inlet,344,3105.5123367804667,0
CANO_conventional_hydroelectric_1_inlet,345,3104.367705045361,0
CANO_conventional_hydroelectric_1_inlet,346,3103.223073310255,0
CANO_conventional_hydroelectric_1_inlet,347,3102.685743853191,0
CANO_conventional_hydroelectric_1_inlet,348,3101.5411121180855,0
CANO_conventional_hydroelectric_1_inlet,349,3101.0737554820003,0
CANO_conventional_hydroelectric_1_inlet,350,3099.9291237468938,0
CANO_conventional_hydroelectric_1_inlet,351,3099.3917942898306,0
CANO_conventional_hydroelectric_1_inlet,352,3098.2471625547246,0
CANO_conventional_hydroelectric_1_inlet,353,3097.1025308196186,0
CANO_conventional_hydroelectric_1_inlet,354,3096.635174183534,0
CANO_conventional_hydroelectric_1_inlet,355,3095.4205696274494,0
CANO_conventional_hydroelectric_1_inlet,356,3094.9532129913646,0
CANO_conventional_hydroelectric_1_inlet,357,3093.8085812562585,0
CANO_conventional_hydroelectric_1_inlet,358,3093.3412246201738,0
CANO_conventional_hydroelectric_1_inlet,359,3092.126620064088,0
CANO_conventional_hydroelectric_1_inlet,360,3090.981988328982,0
CANO_conventional_hydroelectric_1_inlet,361,2697.3859576872173,0
CANO_conventional_hydroelectric_1_inlet,362,2695.8214890262384,0
CANO_conventional_hydroelectric_1_inlet,363,2693.579745266239,0
CANO_conventional_hydroelectric_1_inlet,364,2692.01527660526,0
CANO_conventional_hydroelectric_1_inlet,365,2690.4508079442817,0
CANO_conventional_hydroelectric_1_inlet,366,2688.209064184282,0
CANO_conventional_hydroelectric_1_inlet,367,2686.6445955233025,0
CANO_conventional_hydroelectric_1_inlet,368,2685.0801268623236,0
CANO_conventional_hydroelectric_1_inlet,369,2682.8383831023234,0
CANO_conventional_hydroelectric_1_inlet,370,2681.3438872623237,0
CANO_conventional_hydroelectric_1_inlet,371,2679.779418601345,0
CANO_conventional_hydroelectric_1_inlet,372,2677.537674841345,0
CANO_conventional_hydroelectric_1_inlet,373,2675.973206180366,0
CANO_conventional_hydroelectric_1_inlet,374,2674.4087375193876,0
CANO_conventional_hydroelectric_1_inlet,375,2672.1669937593874,0
CANO_conventional_hydroelectric_1_inlet,376,2670.6025250984085,0
CANO_conventional_hydroelectric_1_inlet,377,2669.03805643743,0
CANO_conventional_hydroelectric_1_inlet,378,2666.7963126774293,0
CANO_conventional_hydroelectric_1_inlet,379,2665.2318440164513,0
CANO_conventional_hydroelectric_1_inlet,380,2663.667375355472,0
CANO_conventional_hydroelectric_1_inlet,381,2661.425631595472,0
CANO_conventional_hydroelectric_1_inlet,382,2659.931135755472,0
CANO_conventional_hydroelectric_1_inlet,383,2658.3666670944936,0
CANO_conventional_hydroelectric_1_inlet,384,2656.8021984335146,0
CANO_conventional_hydroelectric_1_inlet,385,2441.7874898030423,0
CANO_conventional_hydroelectric_1_inlet,386,2439.545746043042,0
CANO_conventional_hydroelectric_1_inlet,387,2437.9812773820636,0
CANO_conventional_hydroelectric_1_inlet,388,2436.4168087210846,0
CANO_conventional_hydroelectric_1_inlet,389,2434.175064961085,0
CANO_conventional_hydroelectric_1_inlet,390,2432.610596300106,0
CANO_conventional_hydroelectric_1_inlet,391,2431.046127639127,0
CANO_conventional_hydroelectric_1_inlet,392,2429.4816589781485,0
CANO_conventional_hydroelectric_1_inlet,393,2427.239915218149,0
CANO_conventional_hydroelectric_1_inlet,394,2425.6754465571694,0
CANO_conventional_hydroelectric_1_inlet,395,2424.1109778961904,0
CANO_conventional_hydroelectric_1_inlet,396,2421.939206957169,0
CANO_conventional_hydroelectric_1_inlet,397,2420.3747382961906,0
CANO_conventional_hydroelectric_1_inlet,398,2418.8102696352116,0
CANO_conventional_hydroelectric_1_inlet,399,2416.5685258752114,0
CANO_conventional_hydroelectric_1_inlet,400,2415.004057214233,0
CANO_conventional_hydroelectric_1_inlet,401,2413.4395885532545,0
CANO_conventional_hydroelectric_1_inlet,402,2411.1978447932547,0
CANO_conventional_hydroelectric_1_inlet,403,2409.6333761322753,0
CANO_conventional_hydroelectric_1_inlet,404,2408.0689074712964,0
CANO_conventional_hydroelectric_1_inlet,405,2405.827163711296,0
CANO_conventional_hydroelectric_1_inlet,406,2404.2626950503177,0
CANO_conventional_hydroelectric_1_inlet,407,2402.6982263893383,0
CANO_conventional_hydroelectric_1_inlet,408,2400.526455450318,0
CANO_conventional_hydroelectric_1_inlet,409,2347.636865371721,0
CANO_conventional_hydroelectric_1_inlet,410,2347.636865371721,0
CANO_conventional_hydroelectric_1_inlet,411,2347.636865371721,0
CANO_conventional_hydroelectric_1_inlet,412,2347.636865371721,0
CANO_conventional_hydroelectric_1_inlet,413,2347.636865371721,0
CANO_conventional_hydroelectric_1_inlet,414,2347.636865371721,0
CANO_conventional_hydroelectric_1_inlet,415,2347.636865371721,0
CANO_conventional_hydroelectric_1_inlet,416,2347.636865371721,0
CANO_conventional_hydroelectric_1_inlet,417,2347.636865371721,0
CANO_conventional_hydroelectric_1_inlet,418,2347.636865371721,0
CANO_conventional_hydroelectric_1_inlet,419,2347.636865371721,0
CANO_conventional_hydroelectric_1_inlet,420,2347.636865371721,0
CANO_conventional_hydroelectric_1_inlet,421,2347.636865371721,0
CANO_conventional_hydroelectric_1_inlet,422,2347.636865371721,0
CANO_conventional_hydroelectric_1_inlet,423,2347.636865371721,0
CANO_conventional_hydroelectric_1_inlet,424,2347.636865371721,0
CANO_conventional_hydroelectric_1_inlet,425,2347.636865371721,0
CANO_conventional_hydroelectric_1_inlet,426,2347.636865371721,0
CANO_conventional_hydroelectric_1_inlet,427,2347.636865371721,0
CANO_conventional_hydroelectric_1_inlet,428,2347.636865371721,0
CANO_conventional_hydroelectric_1_inlet,429,2347.636865371721,0
CANO_conventional_hydroelectric_1_inlet,430,2347.636865371721,0
CANO_conventional_hydroelectric_1_inlet,431,2347.636865371721,0
CANO_conventional_hydroelectric_1_inlet,432,2347.636865371721,0
CANO_conventional_hydroelectric_1_inlet,433,2013.506801693216,0
CANO_conventional_hydroelectric_1_inlet,434,2012.2222243161525,0
CANO_conventional_hydroelectric_1_inlet,435,2010.9376469390886,0
CANO_conventional_hydroelectric_1_inlet,436,2009.653069562025,0
CANO_conventional_hydroelectric_1_inlet,437,2008.3684921849615,0
CANO_conventional_hydroelectric_1_inlet,438,2007.761189906919,0
CANO_conventional_hydroelectric_1_inlet,439,2006.4066397088764,0
CANO_conventional_hydroelectric_1_inlet,440,2005.1220623318125,0
CANO_conventional_hydroelectric_1_inlet,441,2003.8374849547492,0
CANO_conventional_hydroelectric_1_inlet,442,2002.5529075776858,0
CANO_conventional_hydroelectric_1_inlet,443,2001.268330200622,0
CANO_conventional_hydroelectric_1_inlet,444,2000.6610279225795,0
CANO_conventional_hydroelectric_1_inlet,445,1999.3764505455158,0
CANO_conventional_hydroelectric_1_inlet,446,1998.091873168452,0
CANO_conventional_hydroelectric_1_inlet,447,1996.8072957913885,0
CANO_conventional_hydroelectric_1_inlet,448,1995.5227184143246,0
CANO_conventional_hydroelectric_1_inlet,449,1994.238141037261,0
CANO_conventional_hydroelectric_1_inlet,450,1993.56086593824,0
CANO_conventional_hydroelectric_1_inlet,451,1992.2762885611762,0
CANO_conventional_hydroelectric_1_inlet,452,1990.9917111841128,0
CANO_conventional_hydroelectric_1_inlet,453,1989.707133807049,0
CANO_conventional_hydroelectric_1_inlet,454,1988.4225564299857,0
CANO_conventional_hydroelectric_1_inlet,455,1987.1379790529222,0
CANO_conventional_hydroelectric_1_inlet,456,1986.5306767748798,0
CANO_conventional_hydroelectric_1_inlet,457,1915.201645937358,0
CANO_conventional_hydroelectric_1_inlet,458,1915.201645937358,0
CANO_conventional_hydroelectric_1_inlet,459,1915.201645937358,0
CANO_conventional_hydroelectric_1_inlet,460,1915.201645937358,0
CANO_conventional_hydroelectric_1_inlet,461,1915.201645937358,0
CANO_conventional_hydroelectric_1_inlet,462,1915.201645937358,0
CANO_conventional_hydroelectric_1_inlet,463,1915.201645937358,0
CANO_conventional_hydroelectric_1_inlet,464,1915.201645937358,0
CANO_conventional_hydroelectric_1_inlet,465,1915.201645937358,0
CANO_conventional_hydroelectric_1_inlet,466,1915.201645937358,0
CANO_conventional_hydroelectric_1_inlet,467,1915.201645937358,0
CANO_conventional_hydroelectric_1_inlet,468,1915.201645937358,0
CANO_conventional_hydroelectric_1_inlet,469,1915.201645937358,0
CANO_conventional_hydroelectric_1_inlet,470,1915.201645937358,0
CANO_conventional_hydroelectric_1_inlet,471,1915.201645937358,0
CANO_conventional_hydroelectric_1_inlet,472,1915.201645937358,0
CANO_conventional_hydroelectric_1_inlet,473,1915.201645937358,0
CANO_conventional_hydroelectric_1_inlet,474,1915.201645937358,0
CANO_conventional_hydroelectric_1_inlet,475,1915.201645937358,0
CANO_conventional_hydroelectric_1_inlet,476,1915.201645937358,0
CANO_conventional_hydroelectric_1_inlet,477,1915.201645937358,0
CANO_conventional_hydroelectric_1_inlet,478,1915.201645937358,0
CANO_conventional_hydroelectric_1_inlet,479,1915.201645937358,0
CANO_conventional_hydroelectric_1_inlet,480,1915.201645937358,0
CANO_conventional_hydroelectric_1_inlet,481,1586.128625622786,0
CANO_conventional_hydroelectric_1_inlet,482,1586.128625622786,0
CANO_conventional_hydroelectric_1_inlet,483,1586.128625622786,0
CANO_conventional_hydroelectric_1_inlet,484,1586.128625622786,0
CANO_conventional_hydroelectric_1_inlet,485,1586.128625622786,0
CANO_conventional_hydroelectric_1_inlet,486,1586.128625622786,0
CANO_conventional_hydroelectric_1_inlet,487,1586.128625622786,0
CANO_conventional_hydroelectric_1_inlet,488,1586.128625622786,0
CANO_conventional_hydroelectric_1_inlet,489,1586.128625622786,0
CANO_conventional_hydroelectric_1_inlet,490,1586.128625622786,0
CANO_conventional_hydroelectric_1_inlet,491,1586.128625622786,0
CANO_conventional_hydroelectric_1_inlet,492,1586.128625622786,0
CANO_conventional_hydroelectric_1_inlet,493,1586.128625622786,0
CANO_conventional_hydroelectric_1_inlet,494,1586.128625622786,0
CANO_conventional_hydroelectric_1_inlet,495,1586.128625622786,0
CANO_conventional_hydroelectric_1_inlet,496,1586.128625622786,0
CANO_conventional_hydroelectric_1_inlet,497,1586.128625622786,0
CANO_conventional_hydroelectric_1_inlet,498,1586.128625622786,0
CANO_conventional_hydroelectric_1_inlet,499,1586.128625622786,0
CANO_conventional_hydroelectric_1_inlet,500,1586.128625622786,0
CANO_conventional_hydroelectric_1_inlet,501,1586.128625622786,0
CANO_conventional_hydroelectric_1_inlet,502,1586.128625622786,0
CANO_conventional_hydroelectric_1_inlet,503,1586.128625622786,0
CANO_conventional_hydroelectric_1_inlet,504,1586.128625622786,0
CANO_conventional_hydroelectric_1_inlet,505,1810.706566243235,0
CANO_conventional_hydroelectric_1_inlet,506,1812.0135967310653,0
CANO_conventional_hydroelectric_1_inlet,507,1813.3906000398742,0
CANO_conventional_hydroelectric_1_inlet,508,1815.3749056267259,0
CANO_conventional_hydroelectric_1_inlet,509,1816.681936114556,0
CANO_conventional_hydroelectric_1_inlet,510,1818.6662417014077,0
CANO_conventional_hydroelectric_1_inlet,511,1819.973272189238,0
CANO_conventional_hydroelectric_1_inlet,512,1821.9575777760895,0
CANO_conventional_hydroelectric_1_inlet,513,1823.2646082639199,0
CANO_conventional_hydroelectric_1_inlet,514,1825.2489138507715,0
CANO_conventional_hydroelectric_1_inlet,515,1826.5559443386016,0
CANO_conventional_hydroelectric_1_inlet,516,1827.8629748264318,0
CANO_conventional_hydroelectric_1_inlet,517,1829.9172532342623,0
CANO_conventional_hydroelectric_1_inlet,518,1831.2242837220924,0
CANO_conventional_hydroelectric_1_inlet,519,1833.2085893089438,0
CANO_conventional_hydroelectric_1_inlet,520,1834.515619796774,0
CANO_conventional_hydroelectric_1_inlet,521,1836.4999253836259,0
CANO_conventional_hydroelectric_1_inlet,522,1837.806955871456,0
CANO_conventional_hydroelectric_1_inlet,523,1839.7912614583072,0
CANO_conventional_hydroelectric_1_inlet,524,1841.0982919461378,0
CANO_conventional_hydroelectric_1_inlet,525,1842.405322433968,0
CANO_conventional_hydroelectric_1_inlet,526,1844.3896280208194,0
CANO_conventional_hydroelectric_1_inlet,527,1845.7666313296284,0
CANO_conventional_hydroelectric_1_inlet,528,1847.7509369164804,0
CANO_conventional_hydroelectric_1_inlet,529,2176.7393717653426,0
CANO_conventional_hydroelectric_1_inlet,530,2176.7393717653426,0
CANO_conventional_hydroelectric_1_inlet,531,2176.7393717653426,0
CANO_conventional_hydroelectric_1_inlet,532,2176.7393717653426,0
CANO_conventional_hydroelectric_1_inlet,533,2176.7393717653426,0
CANO_conventional_hydroelectric_1_inlet,534,2176.7393717653426,0
CANO_conventional_hydroelectric_1_inlet,535,2176.7393717653426,0
CANO_conventional_hydroelectric_1_inlet,536,2176.7393717653426,0
CANO_conventional_hydroelectric_1_inlet,537,2176.7393717653426,0
CANO_conventional_hydroelectric_1_inlet,538,2176.7393717653426,0
CANO_conventional_hydroelectric_1_inlet,539,2176.7393717653426,0
CANO_conventional_hydroelectric_1_inlet,540,2176.7393717653426,0
CANO_conventional_hydroelectric_1_inlet,541,2176.7393717653426,0
CANO_conventional_hydroelectric_1_inlet,542,2176.7393717653426,0
CANO_conventional_hydroelectric_1_inlet,543,2176.7393717653426,0
CANO_conventional_hydroelectric_1_inlet,544,2176.7393717653426,0
CANO_conventional_hydroelectric_1_inlet,545,2176.7393717653426,0
CANO_conventional_hydroelectric_1_inlet,546,2176.7393717653426,0
CANO_conventional_hydroelectric_1_inlet,547,2176.7393717653426,0
CANO_conventional_hydroelectric_1_inlet,548,2176.7393717653426,0
CANO_conventional_hydroelectric_1_inlet,549,2176.7393717653426,0
CANO_conventional_hydroelectric_1_inlet,550,2176.7393717653426,0
CANO_conventional_hydroelectric_1_inlet,551,2176.7393717653426,0
CANO_conventional_hydroelectric_1_inlet,552,2176.7393717653426,0
CANO_conventional_hydroelectric_1_inlet,553,1946.9666931730474,0
CANO_conventional_hydroelectric_1_inlet,554,1944.982387586196,0
CANO_conventional_hydroelectric_1_inlet,555,1942.2508340793445,0
CANO_conventional_hydroelectric_1_inlet,556,1940.266528492493,0
CANO_conventional_hydroelectric_1_inlet,557,1937.6049478066202,0
CANO_conventional_hydroelectric_1_inlet,558,1935.6206422197688,0
CANO_conventional_hydroelectric_1_inlet,559,1932.959061533896,0
CANO_conventional_hydroelectric_1_inlet,560,1930.9047831260655,0
CANO_conventional_hydroelectric_1_inlet,561,1928.243202440193,0
CANO_conventional_hydroelectric_1_inlet,562,1926.2588968533416,0
CANO_conventional_hydroelectric_1_inlet,563,1923.5973161674688,0
CANO_conventional_hydroelectric_1_inlet,564,1920.9357354815959,0
CANO_conventional_hydroelectric_1_inlet,565,1918.881457073766,0
CANO_conventional_hydroelectric_1_inlet,566,1916.2198763878935,0
CANO_conventional_hydroelectric_1_inlet,567,1914.2355708010416,0
CANO_conventional_hydroelectric_1_inlet,568,1911.5739901151687,0
CANO_conventional_hydroelectric_1_inlet,569,1909.5197117073387,0
CANO_conventional_hydroelectric_1_inlet,570,1906.8581310214659,0
CANO_conventional_hydroelectric_1_inlet,571,1904.8738254346144,0
CANO_conventional_hydroelectric_1_inlet,572,1902.212244748742,0
CANO_conventional_hydroelectric_1_inlet,573,1900.22793916189,0
CANO_conventional_hydroelectric_1_inlet,574,1897.4963856550387,0
CANO_conventional_hydroelectric_1_inlet,575,1895.5120800681873,0
CANO_conventional_hydroelectric_1_inlet,576,1892.8504993823149,0
CASO_conventional_hydroelectric_1_inlet,1,179.97782746277528,0
CASO_conventional_hydroelectric_1_inlet,2,179.76852077813743,0
CASO_conventional_hydroelectric_1_inlet,3,179.64415815632793,0
CASO_conventional_hydroelectric_1_inlet,4,179.53745810241446,0
CASO_conventional_hydroelectric_1_inlet,5,179.4130954806049,0
CASO_conventional_hydroelectric_1_inlet,6,179.28873285879544,0
CASO_conventional_hydroelectric_1_inlet,7,179.18203280488194,0
CASO_conventional_hydroelectric_1_inlet,8,179.05767018307242,0
CASO_conventional_hydroelectric_1_inlet,9,178.95178881379678,0
CASO_conventional_hydroelectric_1_inlet,10,178.82660750734942,0
CASO_conventional_hydroelectric_1_inlet,11,178.70224488553993,0
CASO_conventional_hydroelectric_1_inlet,12,178.51141945343593,0
CASO_conventional_hydroelectric_1_inlet,13,178.38623814698857,0
CASO_conventional_hydroelectric_1_inlet,14,178.28035677771288,0
CASO_conventional_hydroelectric_1_inlet,15,178.15599415590341,0
CASO_conventional_hydroelectric_1_inlet,16,178.03081284945605,0
CASO_conventional_hydroelectric_1_inlet,17,177.92493148018042,0
CASO_conventional_hydroelectric_1_inlet,18,177.80056885837092,0
CASO_conventional_hydroelectric_1_inlet,19,177.67538755192356,0
CASO_conventional_hydroelectric_1_inlet,20,177.5695061826479,0
CASO_conventional_hydroelectric_1_inlet,21,177.44514356083843,0
CASO_conventional_hydroelectric_1_inlet,22,177.25349944409658,0
CASO_conventional_hydroelectric_1_inlet,23,177.12913682228708,0
CASO_conventional_hydroelectric_1_inlet,24,177.0047742004776,0
CASO_conventional_hydroelectric_1_inlet,25,152.2832473693818,0
CASO_conventional_hydroelectric_1_inlet,26,152.1790033693818,0
CASO_conventional_hydroelectric_1_inlet,27,152.1790033693818,0
CASO_conventional_hydroelectric_1_inlet,28,152.0932406219156,0
CASO_conventional_hydroelectric_1_inlet,29,151.98899662191562,0
CASO_conventional_hydroelectric_1_inlet,30,151.90405255908726,0
CASO_conventional_hydroelectric_1_inlet,31,151.8182898116211,0
CASO_conventional_hydroelectric_1_inlet,32,151.7140458116211,0
CASO_conventional_hydroelectric_1_inlet,33,151.7140458116211,0
CASO_conventional_hydroelectric_1_inlet,34,151.62828306415494,0
CASO_conventional_hydroelectric_1_inlet,35,151.54252031668875,0
CASO_conventional_hydroelectric_1_inlet,36,151.4390950013266,0
CASO_conventional_hydroelectric_1_inlet,37,151.35333225386043,0
CASO_conventional_hydroelectric_1_inlet,38,151.2675695063943,0
CASO_conventional_hydroelectric_1_inlet,39,151.24908825386044,0
CASO_conventional_hydroelectric_1_inlet,40,151.16332550639424,0
CASO_conventional_hydroelectric_1_inlet,41,151.07838144356592,0
CASO_conventional_hydroelectric_1_inlet,42,150.9741374435659,0
CASO_conventional_hydroelectric_1_inlet,43,150.88837469609973,0
CASO_conventional_hydroelectric_1_inlet,44,150.80343063327143,0
CASO_conventional_hydroelectric_1_inlet,45,150.78413069609977,0
CASO_conventional_hydroelectric_1_inlet,46,150.69836794863357,0
CASO_conventional_hydroelectric_1_inlet,47,150.61342388580525,0
CASO_conventional_hydroelectric_1_inlet,48,150.50917988580522,0
CASO_conventional_hydroelectric_1_inlet,49,135.81116310151234,0
CASO_conventional_hydroelectric_1_inlet,50,135.81116310151234,0
CASO_conventional_hydroelectric_1_inlet,51,135.81116310151234,0
CASO_conventional_hydroelectric_1_inlet,52,135.81116310151234,0
CASO_conventional_hydroelectric_1_inlet,53,135.81116310151234,0
CASO_conventional_hydroelectric_1_inlet,54,135.81116310151234,0
CASO_conventional_hydroelectric_1_inlet,55,135.81116310151234,0
CASO_conventional_hydroelectric_1_inlet,56,135.81116310151234,0
CASO_conventional_hydroelectric_1_inlet,57,135.81116310151234,0
CASO_conventional_hydroelectric_1_inlet,58,135.81116310151234,0
CASO_conventional_hydroelectric_1_inlet,59,135.81116310151234,0
CASO_conventional_hydroelectric_1_inlet,60,135.81116310151234,0
CASO_conventional_hydroelectric_1_inlet,61,135.81116310151234,0
CASO_conventional_hydroelectric_1_inlet,62,135.81116310151234,0
CASO_conventional_hydroelectric_1_inlet,63,135.81116310151234,0
CASO_conventional_hydroelectric_1_inlet,64,135.81116310151234,0
CASO_conventional_hydroelectric_1_inlet,65,135.81116310151234,0
CASO_conventional_hydroelectric_1_inlet,66,135.81116310151234,0
CASO_conventional_hydroelectric_1_inlet,67,135.81116310151234,0
CASO_conventional_hydroelectric_1_inlet,68,135.81116310151234,0
CASO_conventional_hydroelectric_1_inlet,69,135.81116310151234,0
CASO_conventional_hydroelectric_1_inlet,70,135.81116310151234,0
CASO_conventional_hydroelectric_1_inlet,71,135.81116310151234,0
CASO_conventional_hydroelectric_1_inlet,72,135.81116310151234,0
CASO_conventional_hydroelectric_1_inlet,73,135.81116310151234,0
CASO_conventional_hydroelectric_1_inlet,74,135.81116310151234,0
CASO_conventional_hydroelectric_1_inlet,75,135.81116310151234,0
CASO_conventional_hydroelectric_1_inlet,76,135.81116310151234,0
CASO_conventional_hydroelectric_1_inlet,77,135.81116310151234,0
CASO_conventional_hydroelectric_1_inlet,78,135.81116310151234,0
CASO_conventional_hydroelectric_1_inlet,79,135.81116310151234,0
CASO_conventional_hydroelectric_1_inlet,80,135.81116310151234,0
CASO_conventional_hydroelectric_1_inlet,81,135.81116310151234,0
CASO_conventional_hydroelectric_1_inlet,82,135.81116310151234,0
CASO_conventional_hydroelectric_1_inlet,83,135.81116310151234,0
CASO_conventional_hydroelectric_1_inlet,84,135.81116310151234,0
CASO_conventional_hydroelectric_1_inlet,85,135.81116310151234,0
CASO_conventional_hydroelectric_1_inlet,86,135.81116310151234,0
CASO_conventional_hydroelectric_1_inlet,87,135.81116310151234,0
CASO_conventional_hydroelectric_1_inlet,88,135.81116310151234,0
CASO_conventional_hydroelectric_1_inlet,89,135.81116310151234,0
CASO_conventional_hydroelectric_1_inlet,90,135.81116310151234,0
CASO_conventional_hydroelectric_1_inlet,91,135.81116310151234,0
CASO_conventional_hydroelectric_1_inlet,92,135.81116310151234,0
CASO_conventional_hydroelectric_1_inlet,93,135.81116310151234,0
CASO_conventional_hydroelectric_1_inlet,94,135.81116310151234,0
CASO_conventional_hydroelectric_1_inlet,95,135.81116310151234,0
CASO_conventional_hydroelectric_1_inlet,96,135.81116310151234,0
CASO_conventional_hydroelectric_1_inlet,97,138.12898653924117,0
CASO_conventional_hydroelectric_1_inlet,98,138.14828647641284,0
CASO_conventional_hydroelectric_1_inlet,99,138.1675864135845,0
CASO_conventional_hydroelectric_1_inlet,100,138.16922378286017,0
CASO_conventional_hydroelectric_1_inlet,101,138.18852372003184,0
CASO_conventional_hydroelectric_1_inlet,102,138.2078236572035,0
CASO_conventional_hydroelectric_1_inlet,103,138.12451696365085,0
CASO_conventional_hydroelectric_1_inlet,104,138.14381690082251,0
CASO_conventional_hydroelectric_1_inlet,105,138.16393552263202,0
CASO_conventional_hydroelectric_1_inlet,106,138.16475420726985,0
CASO_conventional_hydroelectric_1_inlet,107,138.18405414444146,0
CASO_conventional_hydroelectric_1_inlet,108,138.204172766251,0
CASO_conventional_hydroelectric_1_inlet,109,138.2049914508888,0
CASO_conventional_hydroelectric_1_inlet,110,138.2242913880605,0
CASO_conventional_hydroelectric_1_inlet,111,138.24441000986997,0
CASO_conventional_hydroelectric_1_inlet,112,138.2452286945078,0
CASO_conventional_hydroelectric_1_inlet,113,138.2653473163173,0
CASO_conventional_hydroelectric_1_inlet,114,138.28464725348897,0
CASO_conventional_hydroelectric_1_inlet,115,138.2854659381268,0
CASO_conventional_hydroelectric_1_inlet,116,138.3055845599363,0
CASO_conventional_hydroelectric_1_inlet,117,138.324884497108,0
CASO_conventional_hydroelectric_1_inlet,118,138.3257031817458,0
CASO_conventional_hydroelectric_1_inlet,119,138.26087774072698,0
CASO_conventional_hydroelectric_1_inlet,120,138.28017767789865,0
CASO_conventional_hydroelectric_1_inlet,121,138.5947738449456,0
CASO_conventional_hydroelectric_1_inlet,122,138.5947738449456,0
CASO_conventional_hydroelectric_1_inlet,123,138.5947738449456,0
CASO_conventional_hydroelectric_1_inlet,124,138.5947738449456,0
CASO_conventional_hydroelectric_1_inlet,125,138.5947738449456,0
CASO_conventional_hydroelectric_1_inlet,126,138.5947738449456,0
CASO_conventional_hydroelectric_1_inlet,127,138.5947738449456,0
CASO_conventional_hydroelectric_1_inlet,128,138.5947738449456,0
CASO_conventional_hydroelectric_1_inlet,129,138.5947738449456,0
CASO_conventional_hydroelectric_1_inlet,130,138.5947738449456,0
CASO_conventional_hydroelectric_1_inlet,131,138.5947738449456,0
CASO_conventional_hydroelectric_1_inlet,132,138.5947738449456,0
CASO_conventional_hydroelectric_1_inlet,133,138.5947738449456,0
CASO_conventional_hydroelectric_1_inlet,134,138.5947738449456,0
CASO_conventional_hydroelectric_1_inlet,135,138.5947738449456,0
CASO_conventional_hydroelectric_1_inlet,136,138.5947738449456,0
CASO_conventional_hydroelectric_1_inlet,137,138.5947738449456,0
CASO_conventional_hydroelectric_1_inlet,138,138.5947738449456,0
CASO_conventional_hydroelectric_1_inlet,139,138.5947738449456,0
CASO_conventional_hydroelectric_1_inlet,140,138.5947738449456,0
CASO_conventional_hydroelectric_1_inlet,141,138.5947738449456,0
CASO_conventional_hydroelectric_1_inlet,142,138.5947738449456,0
CASO_conventional_hydroelectric_1_inlet,143,138.5947738449456,0
CASO_conventional_hydroelectric_1_inlet,144,138.5947738449456,0
CASO_conventional_hydroelectric_1_inlet,145,221.1623721825418,0
CASO_conventional_hydroelectric_1_inlet,146,221.54238567747416,0
CASO_conventional_hydroelectric_1_inlet,147,221.83745510957814,0
CASO_conventional_hydroelectric_1_inlet,148,222.2174686045105,0
CASO_conventional_hydroelectric_1_inlet,149,222.5125380366145,0
CASO_conventional_hydroelectric_1_inlet,150,222.89255153154684,0
CASO_conventional_hydroelectric_1_inlet,151,223.18843964828866,0
CASO_conventional_hydroelectric_1_inlet,152,223.568453143221,0
CASO_conventional_hydroelectric_1_inlet,153,223.863522575325,0
CASO_conventional_hydroelectric_1_inlet,154,224.2435360702574,0
CASO_conventional_hydroelectric_1_inlet,155,224.62354956518973,0
CASO_conventional_hydroelectric_1_inlet,156,224.9186189972937,0
CASO_conventional_hydroelectric_1_inlet,157,225.29863249222606,0
CASO_conventional_hydroelectric_1_inlet,158,225.59370192433005,0
CASO_conventional_hydroelectric_1_inlet,159,225.97453410390025,0
CASO_conventional_hydroelectric_1_inlet,160,226.26960353600424,0
CASO_conventional_hydroelectric_1_inlet,161,226.64961703093658,0
CASO_conventional_hydroelectric_1_inlet,162,227.02963052586895,0
CASO_conventional_hydroelectric_1_inlet,163,227.32469995797294,0
CASO_conventional_hydroelectric_1_inlet,164,227.70471345290528,0
CASO_conventional_hydroelectric_1_inlet,165,227.9997828850093,0
CASO_conventional_hydroelectric_1_inlet,166,228.37979637994164,0
CASO_conventional_hydroelectric_1_inlet,167,228.67568449668346,0
CASO_conventional_hydroelectric_1_inlet,168,229.05569799161583,0
CASO_conventional_hydroelectric_1_inlet,169,264.0052345477315,0
CASO_conventional_hydroelectric_1_inlet,170,264.0052345477315,0
CASO_conventional_hydroelectric_1_inlet,171,264.0052345477315,0
CASO_conventional_hydroelectric_1_inlet,172,264.0052345477315,0
CASO_conventional_hydroelectric_1_inlet,173,264.0052345477315,0
CASO_conventional_hydroelectric_1_inlet,174,264.0052345477315,0
CASO_conventional_hydroelectric_1_inlet,175,264.0052345477315,0
CASO_conventional_hydroelectric_1_inlet,176,264.0052345477315,0
CASO_conventional_hydroelectric_1_inlet,177,264.0052345477315,0
CASO_conventional_hydroelectric_1_inlet,178,264.0052345477315,0
CASO_conventional_hydroelectric_1_inlet,179,264.0052345477315,0
CASO_conventional_hydroelectric_1_inlet,180,264.0052345477315,0
CASO_conventional_hydroelectric_1_inlet,181,264.0052345477315,0
CASO_conventional_hydroelectric_1_inlet,182,264.0052345477315,0
CASO_conventional_hydroelectric_1_inlet,183,264.0052345477315,0
CASO_conventional_hydroelectric_1_inlet,184,264.0052345477315,0
CASO_conventional_hydroelectric_1_inlet,185,264.0052345477315,0
CASO_conventional_hydroelectric_1_inlet,186,264.0052345477315,0
CASO_conventional_hydroelectric_1_inlet,187,264.0052345477315,0
CASO_conventional_hydroelectric_1_inlet,188,264.0052345477315,0
CASO_conventional_hydroelectric_1_inlet,189,264.0052345477315,0
CASO_conventional_hydroelectric_1_inlet,190,264.0052345477315,0
CASO_conventional_hydroelectric_1_inlet,191,264.0052345477315,0
CASO_conventional_hydroelectric_1_inlet,192,264.0052345477315,0
CASO_conventional_hydroelectric_1_inlet,193,555.6867504808702,0
CASO_conventional_hydroelectric_1_inlet,194,555.6867504808702,0
CASO_conventional_hydroelectric_1_inlet,195,555.6867504808702,0
CASO_conventional_hydroelectric_1_inlet,196,555.6867504808702,0
CASO_conventional_hydroelectric_1_inlet,197,555.6867504808702,0
CASO_conventional_hydroelectric_1_inlet,198,555.6867504808702,0
CASO_conventional_hydroelectric_1_inlet,199,555.6867504808702,0
CASO_conventional_hydroelectric_1_inlet,200,555.6867504808702,0
CASO_conventional_hydroelectric_1_inlet,201,555.6867504808702,0
CASO_conventional_hydroelectric_1_inlet,202,555.6867504808702,0
CASO_conventional_hydroelectric_1_inlet,203,555.6867504808702,0
CASO_conventional_hydroelectric_1_inlet,204,555.6867504808702,0
CASO_conventional_hydroelectric_1_inlet,205,555.6867504808702,0
CASO_conventional_hydroelectric_1_inlet,206,555.6867504808702,0
CASO_conventional_hydroelectric_1_inlet,207,555.6867504808702,0
CASO_conventional_hydroelectric_1_inlet,208,555.6867504808702,0
CASO_conventional_hydroelectric_1_inlet,209,555.6867504808702,0
CASO_conventional_hydroelectric_1_inlet,210,555.6867504808702,0
CASO_conventional_hydroelectric_1_inlet,211,555.6867504808702,0
CASO_conventional_hydroelectric_1_inlet,212,555.6867504808702,0
CASO_conventional_hydroelectric_1_inlet,213,555.6867504808702,0
CASO_conventional_hydroelectric_1_inlet,214,555.6867504808702,0
CASO_conventional_hydroelectric_1_inlet,215,555.6867504808702,0
CASO_conventional_hydroelectric_1_inlet,216,555.6867504808702,0
CASO_conventional_hydroelectric_1_inlet,217,536.9678747309101,0
CASO_conventional_hydroelectric_1_inlet,218,536.8628120462722,0
CASO_conventional_hydroelectric_1_inlet,219,536.6719866141682,0
CASO_conventional_hydroelectric_1_inlet,220,536.5669239295304,0
CASO_conventional_hydroelectric_1_inlet,221,536.4618612448926,0
CASO_conventional_hydroelectric_1_inlet,222,536.3567985602547,0
CASO_conventional_hydroelectric_1_inlet,223,536.1667918127886,0
CASO_conventional_hydroelectric_1_inlet,224,536.0617291281508,0
CASO_conventional_hydroelectric_1_inlet,225,535.9566664435129,0
CASO_conventional_hydroelectric_1_inlet,226,535.7666596960466,0
CASO_conventional_hydroelectric_1_inlet,227,535.6607783267709,0
CASO_conventional_hydroelectric_1_inlet,228,535.5557156421331,0
CASO_conventional_hydroelectric_1_inlet,229,535.4506529574953,0
CASO_conventional_hydroelectric_1_inlet,230,535.2606462100292,0
CASO_conventional_hydroelectric_1_inlet,231,535.1555835253913,0
CASO_conventional_hydroelectric_1_inlet,232,535.0505208407535,0
CASO_conventional_hydroelectric_1_inlet,233,534.8605140932874,0
CASO_conventional_hydroelectric_1_inlet,234,534.7554514086496,0
CASO_conventional_hydroelectric_1_inlet,235,534.6503887240116,0
CASO_conventional_hydroelectric_1_inlet,236,534.5445073547359,0
CASO_conventional_hydroelectric_1_inlet,237,534.3545006072699,0
CASO_conventional_hydroelectric_1_inlet,238,534.2494379226321,0
CASO_conventional_hydroelectric_1_inlet,239,534.1443752379942,0
CASO_conventional_hydroelectric_1_inlet,240,534.0393125533562,0
CASO_conventional_hydroelectric_1_inlet,241,508.36879746733877,0
CASO_conventional_hydroelectric_1_inlet,242,508.36879746733877,0
CASO_conventional_hydroelectric_1_inlet,243,508.36879746733877,0
CASO_conventional_hydroelectric_1_inlet,244,508.36879746733877,0
CASO_conventional_hydroelectric_1_inlet,245,508.36879746733877,0
CASO_conventional_hydroelectric_1_inlet,246,508.36879746733877,0
CASO_conventional_hydroelectric_1_inlet,247,508.36879746733877,0
CASO_conventional_hydroelectric_1_inlet,248,508.36879746733877,0
CASO_conventional_hydroelectric_1_inlet,249,508.36879746733877,0
CASO_conventional_hydroelectric_1_inlet,250,508.36879746733877,0
CASO_conventional_hydroelectric_1_inlet,251,508.36879746733877,0
CASO_conventional_hydroelectric_1_inlet,252,508.36879746733877,0
CASO_conventional_hydroelectric_1_inlet,253,508.36879746733877,0
CASO_conventional_hydroelectric_1_inlet,254,508.36879746733877,0
CASO_conventional_hydroelectric_1_inlet,255,508.36879746733877,0
CASO_conventional_hydroelectric_1_inlet,256,508.36879746733877,0
CASO_conventional_hydroelectric_1_inlet,257,508.36879746733877,0
CASO_conventional_hydroelectric_1_inlet,258,508.36879746733877,0
CASO_conventional_hydroelectric_1_inlet,259,508.36879746733877,0
CASO_conventional_hydroelectric_1_inlet,260,508.36879746733877,0
CASO_conventional_hydroelectric_1_inlet,261,508.36879746733877,0
CASO_conventional_hydroelectric_1_inlet,262,508.36879746733877,0
CASO_conventional_hydroelectric_1_inlet,263,508.36879746733877,0
CASO_conventional_hydroelectric_1_inlet,264,508.36879746733877,0
CASO_conventional_hydroelectric_1_inlet,265,459.6589090882463,0
CASO_conventional_hydroelectric_1_inlet,266,459.31913283693285,0
CASO_conventional_hydroelectric_1_inlet,267,458.99865652279124,0
CASO_conventional_hydroelectric_1_inlet,268,458.744643018944,0
CASO_conventional_hydroelectric_1_inlet,269,458.4241667048023,0
CASO_conventional_hydroelectric_1_inlet,270,458.17015320095516,0
CASO_conventional_hydroelectric_1_inlet,271,457.83119563427965,0
CASO_conventional_hydroelectric_1_inlet,272,457.510719320138,0
CASO_conventional_hydroelectric_1_inlet,273,457.2567058162907,0
CASO_conventional_hydroelectric_1_inlet,274,456.9362295021491,0
CASO_conventional_hydroelectric_1_inlet,275,456.5972719354736,0
CASO_conventional_hydroelectric_1_inlet,276,456.3617396841602,0
CASO_conventional_hydroelectric_1_inlet,277,456.02278211748467,0
CASO_conventional_hydroelectric_1_inlet,278,455.7872498661714,0
CASO_conventional_hydroelectric_1_inlet,279,455.4482922994959,0
CASO_conventional_hydroelectric_1_inlet,280,455.1085160481826,0
CASO_conventional_hydroelectric_1_inlet,281,454.87298379686916,0
CASO_conventional_hydroelectric_1_inlet,282,454.5340262301937,0
CASO_conventional_hydroelectric_1_inlet,283,454.213549916052,0
CASO_conventional_hydroelectric_1_inlet,284,453.9595364122048,0
CASO_conventional_hydroelectric_1_inlet,285,453.63906009806317,0
CASO_conventional_hydroelectric_1_inlet,286,453.30010253138767,0
CASO_conventional_hydroelectric_1_inlet,287,453.0645702800743,0
CASO_conventional_hydroelectric_1_inlet,288,452.72561271339873,0
CASO_conventional_hydroelectric_1_inlet,289,398.8908414762537,0
CASO_conventional_hydroelectric_1_inlet,290,398.8908414762537,0
CASO_conventional_hydroelectric_1_inlet,291,398.8908414762537,0
CASO_conventional_hydroelectric_1_inlet,292,398.8908414762537,0
CASO_conventional_hydroelectric_1_inlet,293,398.8908414762537,0
CASO_conventional_hydroelectric_1_inlet,294,398.8908414762537,0
CASO_conventional_hydroelectric_1_inlet,295,398.8908414762537,0
CASO_conventional_hydroelectric_1_inlet,296,398.8908414762537,0
CASO_conventional_hydroelectric_1_inlet,297,398.8908414762537,0
CASO_conventional_hydroelectric_1_inlet,298,398.8908414762537,0
CASO_conventional_hydroelectric_1_inlet,299,398.8908414762537,0
CASO_conventional_hydroelectric_1_inlet,300,398.8908414762537,0
CASO_conventional_hydroelectric_1_inlet,301,398.8908414762537,0
CASO_conventional_hydroelectric_1_inlet,302,398.8908414762537,0
CASO_conventional_hydroelectric_1_inlet,303,398.8908414762537,0
CASO_conventional_hydroelectric_1_inlet,304,398.8908414762537,0
CASO_conventional_hydroelectric_1_inlet,305,398.8908414762537,0
CASO_conventional_hydroelectric_1_inlet,306,398.8908414762537,0
CASO_conventional_hydroelectric_1_inlet,307,398.8908414762537,0
CASO_conventional_hydroelectric_1_inlet,308,398.8908414762537,0
CASO_conventional_hydroelectric_1_inlet,309,398.8908414762537,0
CASO_conventional_hydroelectric_1_inlet,310,398.8908414762537,0
CASO_conventional_hydroelectric_1_inlet,311,398.8908414762537,0
CASO_conventional_hydroelectric_1_inlet,312,398.8908414762537,0
CASO_conventional_hydroelectric_1_inlet,313,395.2745952662245,0
CASO_conventional_hydroelectric_1_inlet,314,395.1880138341205,0
CASO_conventional_hydroelectric_1_inlet,315,395.1687138969488,0
CASO_conventional_hydroelectric_1_inlet,316,395.14859527513937,0
CASO_conventional_hydroelectric_1_inlet,317,395.06283252767315,0
CASO_conventional_hydroelectric_1_inlet,318,395.04271390586365,0
CASO_conventional_hydroelectric_1_inlet,319,394.9384699058636,0
CASO_conventional_hydroelectric_1_inlet,320,394.9183512840541,0
CASO_conventional_hydroelectric_1_inlet,321,394.91753259941623,0
CASO_conventional_hydroelectric_1_inlet,322,394.81246991477843,0
CASO_conventional_hydroelectric_1_inlet,323,394.7931699776068,0
CASO_conventional_hydroelectric_1_inlet,324,394.7065885455028,0
CASO_conventional_hydroelectric_1_inlet,325,394.6872886083312,0
CASO_conventional_hydroelectric_1_inlet,326,394.5822259236933,0
CASO_conventional_hydroelectric_1_inlet,327,394.5629259865216,0
CASO_conventional_hydroelectric_1_inlet,328,394.5612886172459,0
CASO_conventional_hydroelectric_1_inlet,329,394.4570446172459,0
CASO_conventional_hydroelectric_1_inlet,330,394.43692599543647,0
CASO_conventional_hydroelectric_1_inlet,331,394.3511632479703,0
CASO_conventional_hydroelectric_1_inlet,332,394.33104462616075,0
CASO_conventional_hydroelectric_1_inlet,333,394.3117446889891,0
CASO_conventional_hydroelectric_1_inlet,334,394.20668200435125,0
CASO_conventional_hydroelectric_1_inlet,335,394.2058633197134,0
CASO_conventional_hydroelectric_1_inlet,336,394.1008006350756,0
CASO_conventional_hydroelectric_1_inlet,337,386.9910334675511,0
CASO_conventional_hydroelectric_1_inlet,338,386.8859707829132,0
CASO_conventional_hydroelectric_1_inlet,339,386.8666708457415,0
CASO_conventional_hydroelectric_1_inlet,340,386.76160816110377,0
CASO_conventional_hydroelectric_1_inlet,341,386.7607894764659,0
CASO_conventional_hydroelectric_1_inlet,342,386.74067085465646,0
CASO_conventional_hydroelectric_1_inlet,343,386.63642685465646,0
CASO_conventional_hydroelectric_1_inlet,344,386.6347894853808,0
CASO_conventional_hydroelectric_1_inlet,345,386.53054548538074,0
CASO_conventional_hydroelectric_1_inlet,346,386.51042686357124,0
CASO_conventional_hydroelectric_1_inlet,347,386.49112692639955,0
CASO_conventional_hydroelectric_1_inlet,348,386.4045454942955,0
CASO_conventional_hydroelectric_1_inlet,349,386.3852455571239,0
CASO_conventional_hydroelectric_1_inlet,350,386.2801828724861,0
CASO_conventional_hydroelectric_1_inlet,351,386.2793641878482,0
CASO_conventional_hydroelectric_1_inlet,352,386.1743015032105,0
CASO_conventional_hydroelectric_1_inlet,353,386.1550015660388,0
CASO_conventional_hydroelectric_1_inlet,354,386.1348829442292,0
CASO_conventional_hydroelectric_1_inlet,355,386.04912019676306,0
CASO_conventional_hydroelectric_1_inlet,356,386.0290015749535,0
CASO_conventional_hydroelectric_1_inlet,357,385.92475757495356,0
CASO_conventional_hydroelectric_1_inlet,358,385.92312020567783,0
CASO_conventional_hydroelectric_1_inlet,359,385.9038202685062,0
CASO_conventional_hydroelectric_1_inlet,360,385.7987575838684,0
CASO_conventional_hydroelectric_1_inlet,361,402.94123393706553,0
CASO_conventional_hydroelectric_1_inlet,362,403.0910034409127,0
CASO_conventional_hydroelectric_1_inlet,363,403.2407729447599,0
CASO_conventional_hydroelectric_1_inlet,364,403.3905424486071,0
CASO_conventional_hydroelectric_1_inlet,365,403.5403119524542,0
CASO_conventional_hydroelectric_1_inlet,366,403.6043187088352,0
CASO_conventional_hydroelectric_1_inlet,367,403.7540882126824,0
CASO_conventional_hydroelectric_1_inlet,368,403.90385771652956,0
CASO_conventional_hydroelectric_1_inlet,369,404.05362722037677,0
CASO_conventional_hydroelectric_1_inlet,370,404.2033967242239,0
CASO_conventional_hydroelectric_1_inlet,371,404.2682221652427,0
CASO_conventional_hydroelectric_1_inlet,372,404.4179916690899,0
CASO_conventional_hydroelectric_1_inlet,373,404.5677611729371,0
CASO_conventional_hydroelectric_1_inlet,374,404.71753067678435,0
CASO_conventional_hydroelectric_1_inlet,375,404.86730018063145,0
CASO_conventional_hydroelectric_1_inlet,376,404.9321256216503,0
CASO_conventional_hydroelectric_1_inlet,377,405.08189512549745,0
CASO_conventional_hydroelectric_1_inlet,378,405.23166462934466,0
CASO_conventional_hydroelectric_1_inlet,379,405.38143413319176,0
CASO_conventional_hydroelectric_1_inlet,380,405.5312036370391,0
CASO_conventional_hydroelectric_1_inlet,381,405.5960290780578,0
CASO_conventional_hydroelectric_1_inlet,382,405.74579858190504,0
CASO_conventional_hydroelectric_1_inlet,383,405.8955680857522,0
CASO_conventional_hydroelectric_1_inlet,384,406.04533758959934,0
CASO_conventional_hydroelectric_1_inlet,385,422.1415405072963,0
CASO_conventional_hydroelectric_1_inlet,386,422.29131001114354,0
CASO_conventional_hydroelectric_1_inlet,387,422.4410795149907,0
CASO_conventional_hydroelectric_1_inlet,388,422.5059049560095,0
CASO_conventional_hydroelectric_1_inlet,389,422.6556744598567,0
CASO_conventional_hydroelectric_1_inlet,390,422.80544396370385,0
CASO_conventional_hydroelectric_1_inlet,391,422.9552134675511,0
CASO_conventional_hydroelectric_1_inlet,392,423.10498297139833,0
CASO_conventional_hydroelectric_1_inlet,393,423.25475247524537,0
CASO_conventional_hydroelectric_1_inlet,394,423.3195779162642,0
CASO_conventional_hydroelectric_1_inlet,395,423.46934742011143,0
CASO_conventional_hydroelectric_1_inlet,396,423.6182982393208,0
CASO_conventional_hydroelectric_1_inlet,397,423.76806774316793,0
CASO_conventional_hydroelectric_1_inlet,398,423.91783724701514,0
CASO_conventional_hydroelectric_1_inlet,399,423.98266268803394,0
CASO_conventional_hydroelectric_1_inlet,400,424.13243219188115,0
CASO_conventional_hydroelectric_1_inlet,401,424.2822016957283,0
CASO_conventional_hydroelectric_1_inlet,402,424.43197119957557,0
CASO_conventional_hydroelectric_1_inlet,403,424.5817407034226,0
CASO_conventional_hydroelectric_1_inlet,404,424.6465661444415,0
CASO_conventional_hydroelectric_1_inlet,405,424.7963356482887,0
CASO_conventional_hydroelectric_1_inlet,406,424.9461051521359,0
CASO_conventional_hydroelectric_1_inlet,407,425.095874655983,0
CASO_conventional_hydroelectric_1_inlet,408,425.24564415983025,0
CASO_conventional_hydroelectric_1_inlet,409,429.2274275289997,0
CASO_conventional_hydroelectric_1_inlet,410,429.2274275289997,0
CASO_conventional_hydroelectric_1_inlet,411,429.2274275289997,0
CASO_conventional_hydroelectric_1_inlet,412,429.2274275289997,0
CASO_conventional_hydroelectric_1_inlet,413,429.2274275289997,0
CASO_conventional_hydroelectric_1_inlet,414,429.2274275289997,0
CASO_conventional_hydroelectric_1_inlet,415,429.2274275289997,0
CASO_conventional_hydroelectric_1_inlet,416,429.2274275289997,0
CASO_conventional_hydroelectric_1_inlet,417,429.2274275289997,0
CASO_conventional_hydroelectric_1_inlet,418,429.2274275289997,0
CASO_conventional_hydroelectric_1_inlet,419,429.2274275289997,0
CASO_conventional_hydroelectric_1_inlet,420,429.2274275289997,0
CASO_conventional_hydroelectric_1_inlet,421,429.2274275289997,0
CASO_conventional_hydroelectric_1_inlet,422,429.2274275289997,0
CASO_conventional_hydroelectric_1_inlet,423,429.2274275289997,0
CASO_conventional_hydroelectric_1_inlet,424,429.2274275289997,0
CASO_conventional_hydroelectric_1_inlet,425,429.2274275289997,0
CASO_conventional_hydroelectric_1_inlet,426,429.2274275289997,0
CASO_conventional_hydroelectric_1_inlet,427,429.2274275289997,0
CASO_conventional_hydroelectric_1_inlet,428,429.2274275289997,0
CASO_conventional_hydroelectric_1_inlet,429,429.2274275289997,0
CASO_conventional_hydroelectric_1_inlet,430,429.2274275289997,0
CASO_conventional_hydroelectric_1_inlet,431,429.2274275289997,0
CASO_conventional_hydroelectric_1_inlet,432,429.2274275289997,0
CASO_conventional_hydroelectric_1_inlet,433,257.58749929190765,0
CASO_conventional_hydroelectric_1_inlet,434,257.0384163559565,0
CASO_conventional_hydroelectric_1_inlet,435,256.42287060971074,0
CASO_conventional_hydroelectric_1_inlet,436,255.80732486346514,0
CASO_conventional_hydroelectric_1_inlet,437,255.17329786468562,0
CASO_conventional_hydroelectric_1_inlet,438,254.64269618126824,0
CASO_conventional_hydroelectric_1_inlet,439,254.00866918248872,0
CASO_conventional_hydroelectric_1_inlet,440,253.39312343624306,0
CASO_conventional_hydroelectric_1_inlet,441,252.7590964374635,0
CASO_conventional_hydroelectric_1_inlet,442,252.14355069121785,0
CASO_conventional_hydroelectric_1_inlet,443,251.59446775526666,0
CASO_conventional_hydroelectric_1_inlet,444,250.97892200902098,0
CASO_conventional_hydroelectric_1_inlet,445,250.34489501024143,0
CASO_conventional_hydroelectric_1_inlet,446,249.72934926399577,0
CASO_conventional_hydroelectric_1_inlet,447,249.11380351775009,0
CASO_conventional_hydroelectric_1_inlet,448,248.5647205817989,0
CASO_conventional_hydroelectric_1_inlet,449,247.94917483555324,0
CASO_conventional_hydroelectric_1_inlet,450,247.31514783677366,0
CASO_conventional_hydroelectric_1_inlet,451,246.699602090528,0
CASO_conventional_hydroelectric_1_inlet,452,246.06557509174846,0
CASO_conventional_hydroelectric_1_inlet,453,245.5349734083311,0
CASO_conventional_hydroelectric_1_inlet,454,244.9009464095516,0
CASO_conventional_hydroelectric_1_inlet,455,244.28540066330592,0
CASO_conventional_hydroelectric_1_inlet,456,243.65137366452637,0
CASO_conventional_hydroelectric_1_inlet,457,207.3230892035023,0
CASO_conventional_hydroelectric_1_inlet,458,207.3230892035023,0
CASO_conventional_hydroelectric_1_inlet,459,207.3230892035023,0
CASO_conventional_hydroelectric_1_inlet,460,207.3230892035023,0
CASO_conventional_hydroelectric_1_inlet,461,207.3230892035023,0
CASO_conventional_hydroelectric_1_inlet,462,207.3230892035023,0
CASO_conventional_hydroelectric_1_inlet,463,207.3230892035023,0
CASO_conventional_hydroelectric_1_inlet,464,207.3230892035023,0
CASO_conventional_hydroelectric_1_inlet,465,207.3230892035023,0
CASO_conventional_hydroelectric_1_inlet,466,207.3230892035023,0
CASO_conventional_hydroelectric_1_inlet,467,207.3230892035023,0
CASO_conventional_hydroelectric_1_inlet,468,207.3230892035023,0
CASO_conventional_hydroelectric_1_inlet,469,207.3230892035023,0
CASO_conventional_hydroelectric_1_inlet,470,207.3230892035023,0
CASO_conventional_hydroelectric_1_inlet,471,207.3230892035023,0
CASO_conventional_hydroelectric_1_inlet,472,207.3230892035023,0
CASO_conventional_hydroelectric_1_inlet,473,207.3230892035023,0
CASO_conventional_hydroelectric_1_inlet,474,207.3230892035023,0
CASO_conventional_hydroelectric_1_inlet,475,207.3230892035023,0
CASO_conventional_hydroelectric_1_inlet,476,207.3230892035023,0
CASO_conventional_hydroelectric_1_inlet,477,207.3230892035023,0
CASO_conventional_hydroelectric_1_inlet,478,207.3230892035023,0
CASO_conventional_hydroelectric_1_inlet,479,207.3230892035023,0
CASO_conventional_hydroelectric_1_inlet,480,207.3230892035023,0
CASO_conventional_hydroelectric_1_inlet,481,163.7079748954099,0
CASO_conventional_hydroelectric_1_inlet,482,163.7079748954099,0
CASO_conventional_hydroelectric_1_inlet,483,163.7079748954099,0
CASO_conventional_hydroelectric_1_inlet,484,163.7079748954099,0
CASO_conventional_hydroelectric_1_inlet,485,163.7079748954099,0
CASO_conventional_hydroelectric_1_inlet,486,163.7079748954099,0
CASO_conventional_hydroelectric_1_inlet,487,163.7079748954099,0
CASO_conventional_hydroelectric_1_inlet,488,163.7079748954099,0
CASO_conventional_hydroelectric_1_inlet,489,163.7079748954099,0
CASO_conventional_hydroelectric_1_inlet,490,163.7079748954099,0
CASO_conventional_hydroelectric_1_inlet,491,163.7079748954099,0
CASO_conventional_hydroelectric_1_inlet,492,163.7079748954099,0
CASO_conventional_hydroelectric_1_inlet,493,163.7079748954099,0
CASO_conventional_hydroelectric_1_inlet,494,163.7079748954099,0
CASO_conventional_hydroelectric_1_inlet,495,163.7079748954099,0
CASO_conventional_hydroelectric_1_inlet,496,163.7079748954099,0
CASO_conventional_hydroelectric_1_inlet,497,163.7079748954099,0
CASO_conventional_hydroelectric_1_inlet,498,163.7079748954099,0
CASO_conventional_hydroelectric_1_inlet,499,163.7079748954099,0
CASO_conventional_hydroelectric_1_inlet,500,163.7079748954099,0
CASO_conventional_hydroelectric_1_inlet,501,163.7079748954099,0
CASO_conventional_hydroelectric_1_inlet,502,163.7079748954099,0
CASO_conventional_hydroelectric_1_inlet,503,163.7079748954099,0
CASO_conventional_hydroelectric_1_inlet,504,163.7079748954099,0
CASO_conventional_hydroelectric_1_inlet,505,181.41586915574425,0
CASO_conventional_hydroelectric_1_inlet,506,181.52175052501988,0
CASO_conventional_hydroelectric_1_inlet,507,181.62681320965777,0
CASO_conventional_hydroelectric_1_inlet,508,181.81681995712393,0
CASO_conventional_hydroelectric_1_inlet,509,181.92270132639956,0
CASO_conventional_hydroelectric_1_inlet,510,182.0277640110374,0
CASO_conventional_hydroelectric_1_inlet,511,182.15212663284692,0
CASO_conventional_hydroelectric_1_inlet,512,182.3421333803131,0
CASO_conventional_hydroelectric_1_inlet,513,182.44719606495093,0
CASO_conventional_hydroelectric_1_inlet,514,182.5530774342266,0
CASO_conventional_hydroelectric_1_inlet,515,182.65814011886442,0
CASO_conventional_hydroelectric_1_inlet,516,182.7640214881401,0
CASO_conventional_hydroelectric_1_inlet,517,182.95402823560627,0
CASO_conventional_hydroelectric_1_inlet,518,183.07757217277793,0
CASO_conventional_hydroelectric_1_inlet,519,183.1834535420536,0
CASO_conventional_hydroelectric_1_inlet,520,183.28851622669143,0
CASO_conventional_hydroelectric_1_inlet,521,183.47934165879545,0
CASO_conventional_hydroelectric_1_inlet,522,183.58440434343328,0
CASO_conventional_hydroelectric_1_inlet,523,183.6894670280711,0
CASO_conventional_hydroelectric_1_inlet,524,183.8138296498806,0
CASO_conventional_hydroelectric_1_inlet,525,183.91889233451846,0
CASO_conventional_hydroelectric_1_inlet,526,184.10971776662242,0
CASO_conventional_hydroelectric_1_inlet,527,184.2147804512603,0
CASO_conventional_hydroelectric_1_inlet,528,184.3198431358981,0
CASO_conventional_hydroelectric_1_inlet,529,210.25294578784823,0
CASO_conventional_hydroelectric_1_inlet,530,210.25294578784823,0
CASO_conventional_hydroelectric_1_inlet,531,210.25294578784823,0
CASO_conventional_hydroelectric_1_inlet,532,210.25294578784823,0
CASO_conventional_hydroelectric_1_inlet,533,210.25294578784823,0
CASO_conventional_hydroelectric_1_inlet,534,210.25294578784823,0
CASO_conventional_hydroelectric_1_inlet,535,210.25294578784823,0
CASO_conventional_hydroelectric_1_inlet,536,210.25294578784823,0
CASO_conventional_hydroelectric_1_inlet,537,210.25294578784823,0
CASO_conventional_hydroelectric_1_inlet,538,210.25294578784823,0
CASO_conventional_hydroelectric_1_inlet,539,210.25294578784823,0
CASO_conventional_hydroelectric_1_inlet,540,210.25294578784823,0
CASO_conventional_hydroelectric_1_inlet,541,210.25294578784823,0
CASO_conventional_hydroelectric_1_inlet,542,210.25294578784823,0
CASO_conventional_hydroelectric_1_inlet,543,210.25294578784823,0
CASO_conventional_hydroelectric_1_inlet,544,210.25294578784823,0
CASO_conventional_hydroelectric_1_inlet,545,210.25294578784823,0
CASO_conventional_hydroelectric_1_inlet,546,210.25294578784823,0
CASO_conventional_hydroelectric_1_inlet,547,210.25294578784823,0
CASO_conventional_hydroelectric_1_inlet,548,210.25294578784823,0
CASO_conventional_hydroelectric_1_inlet,549,210.25294578784823,0
CASO_conventional_hydroelectric_1_inlet,550,210.25294578784823,0
CASO_conventional_hydroelectric_1_inlet,551,210.25294578784823,0
CASO_conventional_hydroelectric_1_inlet,552,210.25294578784823,0
CASO_conventional_hydroelectric_1_inlet,553,198.08124597293713,0
CASO_conventional_hydroelectric_1_inlet,554,197.8904205408331,0
CASO_conventional_hydroelectric_1_inlet,555,197.7660579190236,0
CASO_conventional_hydroelectric_1_inlet,556,197.64087661257625,0
CASO_conventional_hydroelectric_1_inlet,557,197.5349952433006,0
CASO_conventional_hydroelectric_1_inlet,558,197.40981393685325,0
CASO_conventional_hydroelectric_1_inlet,559,197.30393256757762,0
CASO_conventional_hydroelectric_1_inlet,560,197.1795699457681,0
CASO_conventional_hydroelectric_1_inlet,561,197.05438863932076,0
CASO_conventional_hydroelectric_1_inlet,562,196.9485072700451,0
CASO_conventional_hydroelectric_1_inlet,563,196.82414464823557,0
CASO_conventional_hydroelectric_1_inlet,564,196.63250053149375,0
CASO_conventional_hydroelectric_1_inlet,565,196.50813790968425,0
CASO_conventional_hydroelectric_1_inlet,566,196.38377528787478,0
CASO_conventional_hydroelectric_1_inlet,567,196.27707523396128,0
CASO_conventional_hydroelectric_1_inlet,568,196.1527126121518,0
CASO_conventional_hydroelectric_1_inlet,569,196.02834999034226,0
CASO_conventional_hydroelectric_1_inlet,570,195.92164993642876,0
CASO_conventional_hydroelectric_1_inlet,571,195.79728731461927,0
CASO_conventional_hydroelectric_1_inlet,572,195.69140594534363,0
CASO_conventional_hydroelectric_1_inlet,573,195.56622463889624,0
CASO_conventional_hydroelectric_1_inlet,574,195.4418620170868,0
CASO_conventional_hydroelectric_1_inlet,575,195.25103658498276,0
CASO_conventional_hydroelectric_1_inlet,576,195.12585527853545,0
FRCC_conventional_hydroelectric_1_inlet,1,18.271566,0
FRCC_conventional_hydroelectric_1_inlet,2,18.298188,0
FRCC_conventional_hydroelectric_1_inlet,3,18.32481,0
FRCC_conventional_hydroelectric_1_inlet,4,18.355869000000002,0
FRCC_conventional_hydroelectric_1_inlet,5,18.382491,0
FRCC_conventional_hydroelectric_1_inlet,6,18.409113,0
FRCC_conventional_hydroelectric_1_inlet,7,18.435734999999998,0
FRCC_conventional_hydroelectric_1_inlet,8,18.462357,0
FRCC_conventional_hydroelectric_1_inlet,9,18.493416,0
FRCC_conventional_hydroelectric_1_inlet,10,18.520038,0
FRCC_conventional_hydroelectric_1_inlet,11,18.54666,0
FRCC_conventional_hydroelectric_1_inlet,12,18.573282000000003,0
FRCC_conventional_hydroelectric_1_inlet,13,18.599904000000002,0
FRCC_conventional_hydroelectric_1_inlet,14,18.630963,0
FRCC_conventional_hydroelectric_1_inlet,15,18.657585,0
FRCC_conventional_hydroelectric_1_inlet,16,18.684206999999997,0
FRCC_conventional_hydroelectric_1_inlet,17,18.710829,0
FRCC_conventional_hydroelectric_1_inlet,18,18.737451,0
FRCC_conventional_hydroelectric_1_inlet,19,18.764073,0
FRCC_conventional_hydroelectric_1_inlet,20,18.795132,0
FRCC_conventional_hydroelectric_1_inlet,21,18.821754000000002,0
FRCC_conventional_hydroelectric_1_inlet,22,18.848376000000002,0
FRCC_conventional_hydroelectric_1_inlet,23,18.874998,0
FRCC_conventional_hydroelectric_1_inlet,24,18.90162,0
FRCC_conventional_hydroelectric_1_inlet,25,19.181151,0
FRCC_conventional_hydroelectric_1_inlet,26,19.163403000000002,0
FRCC_conventional_hydroelectric_1_inlet,27,19.145655,0
FRCC_conventional_hydroelectric_1_inlet,28,19.127907,0
FRCC_conventional_hydroelectric_1_inlet,29,19.110159000000003,0
FRCC_conventional_hydroelectric_1_inlet,30,19.087974000000003,0
FRCC_conventional_hydroelectric_1_inlet,31,19.070226,0
FRCC_conventional_hydroelectric_1_inlet,32,19.052478,0
FRCC_conventional_hydroelectric_1_inlet,33,19.03473,0
FRCC_conventional_hydroelectric_1_inlet,34,19.016982,0
FRCC_conventional_hydroelectric_1_inlet,35,18.994797,0
FRCC_conventional_hydroelectric_1_inlet,36,18.977049,0
FRCC_conventional_hydroelectric_1_inlet,37,18.959301,0
FRCC_conventional_hydroelectric_1_inlet,38,18.941553,0
FRCC_conventional_hydroelectric_1_inlet,39,18.923804999999998,0
FRCC_conventional_hydroelectric_1_inlet,40,18.906057,0
FRCC_conventional_hydroelectric_1_inlet,41,18.883872,0
FRCC_conventional_hydroelectric_1_inlet,42,18.866124000000003,0
FRCC_conventional_hydroelectric_1_inlet,43,18.848376000000002,0
FRCC_conventional_hydroelectric_1_inlet,44,18.830628,0
FRCC_conventional_hydroelectric_1_inlet,45,18.81288,0
FRCC_conventional_hydroelectric_1_inlet,46,18.790695,0
FRCC_conventional_hydroelectric_1_inlet,47,18.772947,0
FRCC_conventional_hydroelectric_1_inlet,48,18.755199,0
FRCC_conventional_hydroelectric_1_inlet,49,15.192288,0
FRCC_conventional_hydroelectric_1_inlet,50,15.192288,0
FRCC_conventional_hydroelectric_1_inlet,51,15.192288,0
FRCC_conventional_hydroelectric_1_inlet,52,15.192288,0
FRCC_conventional_hydroelectric_1_inlet,53,15.192288,0
FRCC_conventional_hydroelectric_1_inlet,54,15.192288,0
FRCC_conventional_hydroelectric_1_inlet,55,15.192288,0
FRCC_conventional_hydroelectric_1_inlet,56,15.192288,0
FRCC_conventional_hydroelectric_1_inlet,57,15.192288,0
FRCC_conventional_hydroelectric_1_inlet,58,15.192288,0
FRCC_conventional_hydroelectric_1_inlet,59,15.192288,0
FRCC_conventional_hydroelectric_1_inlet,60,15.192288,0
FRCC_conventional_hydroelectric_1_inlet,61,15.192288,0
FRCC_conventional_hydroelectric_1_inlet,62,15.192288,0
FRCC_conventional_hydroelectric_1_inlet,63,15.192288,0
FRCC_conventional_hydroelectric_1_inlet,64,15.192288,0
FRCC_conventional_hydroelectric_1_inlet,65,15.192288,0
FRCC_conventional_hydroelectric_1_inlet,66,15.192288,0
FRCC_conventional_hydroelectric_1_inlet,67,15.192288,0
FRCC_conventional_hydroelectric_1_inlet,68,15.192288,0
FRCC_conventional_hydroelectric_1_inlet,69,15.192288,0
FRCC_conventional_hydroelectric_1_inlet,70,15.192288,0
FRCC_conventional_hydroelectric_1_inlet,71,15.192288,0
FRCC_conventional_hydroelectric_1_inlet,72,15.192288,0
FRCC_conventional_hydroelectric_1_inlet,73,15.192288,0
FRCC_conventional_hydroelectric_1_inlet,74,15.192288,0
FRCC_conventional_hydroelectric_1_inlet,75,15.192288,0
FRCC_conventional_hydroelectric_1_inlet,76,15.192288,0
FRCC_conventional_hydroelectric_1_inlet,77,15.192288,0
FRCC_conventional_hydroelectric_1_inlet,78,15.192288,0
FRCC_conventional_hydroelectric_1_inlet,79,15.192288,0
FRCC_conventional_hydroelectric_1_inlet,80,15.192288,0
FRCC_conventional_hydroelectric_1_inlet,81,15.192288,0
FRCC_conventional_hydroelectric_1_inlet,82,15.192288,0
FRCC_conventional_hydroelectric_1_inlet,83,15.192288,0
FRCC_conventional_hydroelectric_1_inlet,84,15.192288,0
FRCC_conventional_hydroelectric_1_inlet,85,15.192288,0
FRCC_conventional_hydroelectric_1_inlet,86,15.192288,0
FRCC_conventional_hydroelectric_1_inlet,87,15.192288,0
FRCC_conventional_hydroelectric_1_inlet,88,15.192288,0
FRCC_conventional_hydroelectric_1_inlet,89,15.192288,0
FRCC_conventional_hydroelectric_1_inlet,90,15.192288,0
FRCC_conventional_hydroelectric_1_inlet,91,15.192288,0
FRCC_conventional_hydroelectric_1_inlet,92,15.192288,0
FRCC_conventional_hydroelectric_1_inlet,93,15.192288,0
FRCC_conventional_hydroelectric_1_inlet,94,15.192288,0
FRCC_conventional_hydroelectric_1_inlet,95,15.192288,0
FRCC_conventional_hydroelectric_1_inlet,96,15.192288,0
FRCC_conventional_hydroelectric_1_inlet,97,16.124058,0
FRCC_conventional_hydroelectric_1_inlet,98,16.128495,0
FRCC_conventional_hydroelectric_1_inlet,99,16.132932,0
FRCC_conventional_hydroelectric_1_inlet,100,16.137369,0
FRCC_conventional_hydroelectric_1_inlet,101,16.137369,0
FRCC_conventional_hydroelectric_1_inlet,102,16.141806,0
FRCC_conventional_hydroelectric_1_inlet,103,16.146243000000002,0
FRCC_conventional_hydroelectric_1_inlet,104,16.146243000000002,0
FRCC_conventional_hydroelectric_1_inlet,105,16.15068,0
FRCC_conventional_hydroelectric_1_inlet,106,16.155117,0
FRCC_conventional_hydroelectric_1_inlet,107,16.155117,0
FRCC_conventional_hydroelectric_1_inlet,108,16.159554,0
FRCC_conventional_hydroelectric_1_inlet,109,16.163991000000003,0
FRCC_conventional_hydroelectric_1_inlet,110,16.168428000000002,0
FRCC_conventional_hydroelectric_1_inlet,111,16.168428000000002,0
FRCC_conventional_hydroelectric_1_inlet,112,16.172865,0
FRCC_conventional_hydroelectric_1_inlet,113,16.177302,0
FRCC_conventional_hydroelectric_1_inlet,114,16.177302,0
FRCC_conventional_hydroelectric_1_inlet,115,16.181739,0
FRCC_conventional_hydroelectric_1_inlet,116,16.186176000000003,0
FRCC_conventional_hydroelectric_1_inlet,117,16.186176000000003,0
FRCC_conventional_hydroelectric_1_inlet,118,16.190613000000003,0
FRCC_conventional_hydroelectric_1_inlet,119,16.195050000000002,0
FRCC_conventional_hydroelectric_1_inlet,120,16.195050000000002,0
FRCC_conventional_hydroelectric_1_inlet,121,16.310412,0
FRCC_conventional_hydroelectric_1_inlet,122,16.310412,0
FRCC_conventional_hydroelectric_1_inlet,123,16.310412,0
FRCC_conventional_hydroelectric_1_inlet,124,16.310412,0
FRCC_conventional_hydroelectric_1_inlet,125,16.310412,0
FRCC_conventional_hydroelectric_1_inlet,126,16.310412,0
FRCC_conventional_hydroelectric_1_inlet,127,16.310412,0
FRCC_conventional_hydroelectric_1_inlet,128,16.310412,0
FRCC_conventional_hydroelectric_1_inlet,129,16.310412,0
FRCC_conventional_hydroelectric_1_inlet,130,16.310412,0
FRCC_conventional_hydroelectric_1_inlet,131,16.310412,0
FRCC_conventional_hydroelectric_1_inlet,132,16.310412,0
FRCC_conventional_hydroelectric_1_inlet,133,16.310412,0
FRCC_conventional_hydroelectric_1_inlet,134,16.310412,0
FRCC_conventional_hydroelectric_1_inlet,135,16.310412,0
FRCC_conventional_hydroelectric_1_inlet,136,16.310412,0
FRCC_conventional_hydroelectric_1_inlet,137,16.310412,0
FRCC_conventional_hydroelectric_1_inlet,138,16.310412,0
FRCC_conventional_hydroelectric_1_inlet,139,16.310412,0
FRCC_conventional_hydroelectric_1_inlet,140,16.310412,0
FRCC_conventional_hydroelectric_1_inlet,141,16.310412,0
FRCC_conventional_hydroelectric_1_inlet,142,16.310412,0
FRCC_conventional_hydroelectric_1_inlet,143,16.310412,0
FRCC_conventional_hydroelectric_1_inlet,144,16.310412,0
FRCC_conventional_hydroelectric_1_inlet,145,13.683708000000001,0
FRCC_conventional_hydroelectric_1_inlet,146,13.674833999999999,0
FRCC_conventional_hydroelectric_1_inlet,147,13.661523,0
FRCC_conventional_hydroelectric_1_inlet,148,13.652648999999998,0
FRCC_conventional_hydroelectric_1_inlet,149,13.639338,0
FRCC_conventional_hydroelectric_1_inlet,150,13.630463999999998,0
FRCC_conventional_hydroelectric_1_inlet,151,13.617153000000002,0
FRCC_conventional_hydroelectric_1_inlet,152,13.608279,0
FRCC_conventional_hydroelectric_1_inlet,153,13.594968000000001,0
FRCC_conventional_hydroelectric_1_inlet,154,13.586094000000003,0
FRCC_conventional_hydroelectric_1_inlet,155,13.57722,0
FRCC_conventional_hydroelectric_1_inlet,156,13.563909000000002,0
FRCC_conventional_hydroelectric_1_inlet,157,13.555035,0
FRCC_conventional_hydroelectric_1_inlet,158,13.541724,0
FRCC_conventional_hydroelectric_1_inlet,159,13.53285,0
FRCC_conventional_hydroelectric_1_inlet,160,13.519539,0
FRCC_conventional_hydroelectric_1_inlet,161,13.510665,0
FRCC_conventional_hydroelectric_1_inlet,162,13.497354,0
FRCC_conventional_hydroelectric_1_inlet,163,13.488480000000001,0
FRCC_conventional_hydroelectric_1_inlet,164,13.475169000000003,0
FRCC_conventional_hydroelectric_1_inlet,165,13.466295,0
FRCC_conventional_hydroelectric_1_inlet,166,13.457421000000002,0
FRCC_conventional_hydroelectric_1_inlet,167,13.44411,0
FRCC_conventional_hydroelectric_1_inlet,168,13.435236000000002,0
FRCC_conventional_hydroelectric_1_inlet,169,12.321549000000001,0
FRCC_conventional_hydroelectric_1_inlet,170,12.321549000000001,0
FRCC_conventional_hydroelectric_1_inlet,171,12.321549000000001,0
FRCC_conventional_hydroelectric_1_inlet,172,12.321549000000001,0
FRCC_conventional_hydroelectric_1_inlet,173,12.321549000000001,0
FRCC_conventional_hydroelectric_1_inlet,174,12.321549000000001,0
FRCC_conventional_hydroelectric_1_inlet,175,12.321549000000001,0
FRCC_conventional_hydroelectric_1_inlet,176,12.321549000000001,0
FRCC_conventional_hydroelectric_1_inlet,177,12.321549000000001,0
FRCC_conventional_hydroelectric_1_inlet,178,12.321549000000001,0
FRCC_conventional_hydroelectric_1_inlet,179,12.321549000000001,0
FRCC_conventional_hydroelectric_1_inlet,180,12.321549000000001,0
FRCC_conventional_hydroelectric_1_inlet,181,12.321549000000001,0
FRCC_conventional_hydroelectric_1_inlet,182,12.321549000000001,0
FRCC_conventional_hydroelectric_1_inlet,183,12.321549000000001,0
FRCC_conventional_hydroelectric_1_inlet,184,12.321549000000001,0
FRCC_conventional_hydroelectric_1_inlet,185,12.321549000000001,0
FRCC_conventional_hydroelectric_1_inlet,186,12.321549000000001,0
FRCC_conventional_hydroelectric_1_inlet,187,12.321549000000001,0
FRCC_conventional_hydroelectric_1_inlet,188,12.321549000000001,0
FRCC_conventional_hydroelectric_1_inlet,189,12.321549000000001,0
FRCC_conventional_hydroelectric_1_inlet,190,12.321549000000001,0
FRCC_conventional_hydroelectric_1_inlet,191,12.321549000000001,0
FRCC_conventional_hydroelectric_1_inlet,192,12.321549000000001,0
FRCC_conventional_hydroelectric_1_inlet,193,17.645949,0
FRCC_conventional_hydroelectric_1_inlet,194,17.645949,0
FRCC_conventional_hydroelectric_1_inlet,195,17.645949,0
FRCC_conventional_hydroelectric_1_inlet,196,17.645949,0
FRCC_conventional_hydroelectric_1_inlet,197,17.645949,0
FRCC_conventional_hydroelectric_1_inlet,198,17.645949,0
FRCC_conventional_hydroelectric_1_inlet,199,17.645949,0
FRCC_conventional_hydroelectric_1_inlet,200,17.645949,0
FRCC_conventional_hydroelectric_1_inlet,201,17.645949,0
FRCC_conventional_hydroelectric_1_inlet,202,17.645949,0
FRCC_conventional_hydroelectric_1_inlet,203,17.645949,0
FRCC_conventional_hydroelectric_1_inlet,204,17.645949,0
FRCC_conventional_hydroelectric_1_inlet,205,17.645949,0
FRCC_conventional_hydroelectric_1_inlet,206,17.645949,0
FRCC_conventional_hydroelectric_1_inlet,207,17.645949,0
FRCC_conventional_hydroelectric_1_inlet,208,17.645949,0
FRCC_conventional_hydroelectric_1_inlet,209,17.645949,0
FRCC_conventional_hydroelectric_1_inlet,210,17.645949,0
FRCC_conventional_hydroelectric_1_inlet,211,17.645949,0
FRCC_conventional_hydroelectric_1_inlet,212,17.645949,0
FRCC_conventional_hydroelectric_1_inlet,213,17.645949,0
FRCC_conventional_hydroelectric_1_inlet,214,17.645949,0
FRCC_conventional_hydroelectric_1_inlet,215,17.645949,0
FRCC_conventional_hydroelectric_1_inlet,216,17.645949,0
FRCC_conventional_hydroelectric_1_inlet,217,15.449634000000001,0
FRCC_conventional_hydroelectric_1_inlet,218,15.436323,0
FRCC_conventional_hydroelectric_1_inlet,219,15.418574999999999,0
FRCC_conventional_hydroelectric_1_inlet,220,15.405264,0
FRCC_conventional_hydroelectric_1_inlet,221,15.391952999999999,0
FRCC_conventional_hydroelectric_1_inlet,222,15.374204999999998,0
FRCC_conventional_hydroelectric_1_inlet,223,15.360894,0
FRCC_conventional_hydroelectric_1_inlet,224,15.343146,0
FRCC_conventional_hydroelectric_1_inlet,225,15.329835,0
FRCC_conventional_hydroelectric_1_inlet,226,15.312087000000002,0
FRCC_conventional_hydroelectric_1_inlet,227,15.298776,0
FRCC_conventional_hydroelectric_1_inlet,228,15.285464999999999,0
FRCC_conventional_hydroelectric_1_inlet,229,15.267717000000001,0
FRCC_conventional_hydroelectric_1_inlet,230,15.254406,0
FRCC_conventional_hydroelectric_1_inlet,231,15.236657999999998,0
FRCC_conventional_hydroelectric_1_inlet,232,15.223347,0
FRCC_conventional_hydroelectric_1_inlet,233,15.210036,0
FRCC_conventional_hydroelectric_1_inlet,234,15.192288,0
FRCC_conventional_hydroelectric_1_inlet,235,15.178977000000001,0
FRCC_conventional_hydroelectric_1_inlet,236,15.161229,0
FRCC_conventional_hydroelectric_1_inlet,237,15.147917999999999,0
FRCC_conventional_hydroelectric_1_inlet,238,15.130170000000001,0
FRCC_conventional_hydroelectric_1_inlet,239,15.116859,0
FRCC_conventional_hydroelectric_1_inlet,240,15.103547999999998,0
FRCC_conventional_hydroelectric_1_inlet,241,12.099699000000001,0
FRCC_conventional_hydroelectric_1_inlet,242,12.099699000000001,0
FRCC_conventional_hydroelectric_1_inlet,243,12.099699000000001,0
FRCC_conventional_hydroelectric_1_inlet,244,12.099699000000001,0
FRCC_conventional_hydroelectric_1_inlet,245,12.099699000000001,0
FRCC_conventional_hydroelectric_1_inlet,246,12.099699000000001,0
FRCC_conventional_hydroelectric_1_inlet,247,12.099699000000001,0
FRCC_conventional_hydroelectric_1_inlet,248,12.099699000000001,0
FRCC_conventional_hydroelectric_1_inlet,249,12.099699000000001,0
FRCC_conventional_hydroelectric_1_inlet,250,12.099699000000001,0
FRCC_conventional_hydroelectric_1_inlet,251,12.099699000000001,0
FRCC_conventional_hydroelectric_1_inlet,252,12.099699000000001,0
FRCC_conventional_hydroelectric_1_inlet,253,12.099699000000001,0
FRCC_conventional_hydroelectric_1_inlet,254,12.099699000000001,0
FRCC_conventional_hydroelectric_1_inlet,255,12.099699000000001,0
FRCC_conventional_hydroelectric_1_inlet,256,12.099699000000001,0
FRCC_conventional_hydroelectric_1_inlet,257,12.099699000000001,0
FRCC_conventional_hydroelectric_1_inlet,258,12.099699000000001,0
FRCC_conventional_hydroelectric_1_inlet,259,12.099699000000001,0
FRCC_conventional_hydroelectric_1_inlet,260,12.099699000000001,0
FRCC_conventional_hydroelectric_1_inlet,261,12.099699000000001,0
FRCC_conventional_hydroelectric_1_inlet,262,12.099699000000001,0
FRCC_conventional_hydroelectric_1_inlet,263,12.099699000000001,0
FRCC_conventional_hydroelectric_1_inlet,264,12.099699000000001,0
FRCC_conventional_hydroelectric_1_inlet,265,10.817405999999998,0
FRCC_conventional_hydroelectric_1_inlet,266,10.808532000000001,0
FRCC_conventional_hydroelectric_1_inlet,267,10.799658,0
FRCC_conventional_hydroelectric_1_inlet,268,10.795221,0
FRCC_conventional_hydroelectric_1_inlet,269,10.786347000000001,0
FRCC_conventional_hydroelectric_1_inlet,270,10.777473,0
FRCC_conventional_hydroelectric_1_inlet,271,10.768599,0
FRCC_conventional_hydroelectric_1_inlet,272,10.759725,0
FRCC_conventional_hydroelectric_1_inlet,273,10.755288,0
FRCC_conventional_hydroelectric_1_inlet,274,10.746414000000001,0
FRCC_conventional_hydroelectric_1_inlet,275,10.737540000000001,0
FRCC_conventional_hydroelectric_1_inlet,276,10.728666,0
FRCC_conventional_hydroelectric_1_inlet,277,10.724229,0
FRCC_conventional_hydroelectric_1_inlet,278,10.715354999999999,0
FRCC_conventional_hydroelectric_1_inlet,279,10.706481,0
FRCC_conventional_hydroelectric_1_inlet,280,10.697607,0
FRCC_conventional_hydroelectric_1_inlet,281,10.688733000000001,0
FRCC_conventional_hydroelectric_1_inlet,282,10.684296,0
FRCC_conventional_hydroelectric_1_inlet,283,10.675422000000001,0
FRCC_conventional_hydroelectric_1_inlet,284,10.666548,0
FRCC_conventional_hydroelectric_1_inlet,285,10.657674,0
FRCC_conventional_hydroelectric_1_inlet,286,10.653237,0
FRCC_conventional_hydroelectric_1_inlet,287,10.644363,0
FRCC_conventional_hydroelectric_1_inlet,288,10.635489,0
FRCC_conventional_hydroelectric_1_inlet,289,9.215648999999999,0
FRCC_conventional_hydroelectric_1_inlet,290,9.215648999999999,0
FRCC_conventional_hydroelectric_1_inlet,291,9.215648999999999,0
FRCC_conventional_hydroelectric_1_inlet,292,9.215648999999999,0
FRCC_conventional_hydroelectric_1_inlet,293,9.215648999999999,0
FRCC_conventional_hydroelectric_1_inlet,294,9.215648999999999,0
FRCC_conventional_hydroelectric_1_inlet,295,9.215648999999999,0
FRCC_conventional_hydroelectric_1_inlet,296,9.215648999999999,0
FRCC_conventional_hydroelectric_1_inlet,297,9.215648999999999,0
FRCC_conventional_hydroelectric_1_inlet,298,9.215648999999999,0
FRCC_conventional_hydroelectric_1_inlet,299,9.215648999999999,0
FRCC_conventional_hydroelectric_1_inlet,300,9.215648999999999,0
FRCC_conventional_hydroelectric_1_inlet,301,9.215648999999999,0
FRCC_conventional_hydroelectric_1_inlet,302,9.215648999999999,0
FRCC_conventional_hydroelectric_1_inlet,303,9.215648999999999,0
FRCC_conventional_hydroelectric_1_inlet,304,9.215648999999999,0
FRCC_conventional_hydroelectric_1_inlet,305,9.215648999999999,0
FRCC_conventional_hydroelectric_1_inlet,306,9.215648999999999,0
FRCC_conventional_hydroelectric_1_inlet,307,9.215648999999999,0
FRCC_conventional_hydroelectric_1_inlet,308,9.215648999999999,0
FRCC_conventional_hydroelectric_1_inlet,309,9.215648999999999,0
FRCC_conventional_hydroelectric_1_inlet,310,9.215648999999999,0
FRCC_conventional_hydroelectric_1_inlet,311,9.215648999999999,0
FRCC_conventional_hydroelectric_1_inlet,312,9.215648999999999,0
FRCC_conventional_hydroelectric_1_inlet,313,9.53955,0
FRCC_conventional_hydroelectric_1_inlet,314,9.543987000000001,0
FRCC_conventional_hydroelectric_1_inlet,315,9.548424,0
FRCC_conventional_hydroelectric_1_inlet,316,9.552861,0
FRCC_conventional_hydroelectric_1_inlet,317,9.557298000000001,0
FRCC_conventional_hydroelectric_1_inlet,318,9.561735,0
FRCC_conventional_hydroelectric_1_inlet,319,9.566172000000002,0
FRCC_conventional_hydroelectric_1_inlet,320,9.570609000000001,0
FRCC_conventional_hydroelectric_1_inlet,321,9.575046,0
FRCC_conventional_hydroelectric_1_inlet,322,9.579483000000002,0
FRCC_conventional_hydroelectric_1_inlet,323,9.583919999999999,0
FRCC_conventional_hydroelectric_1_inlet,324,9.588356999999998,0
FRCC_conventional_hydroelectric_1_inlet,325,9.592794,0
FRCC_conventional_hydroelectric_1_inlet,326,9.597230999999999,0
FRCC_conventional_hydroelectric_1_inlet,327,9.601668,0
FRCC_conventional_hydroelectric_1_inlet,328,9.606105,0
FRCC_conventional_hydroelectric_1_inlet,329,9.610541999999999,0
FRCC_conventional_hydroelectric_1_inlet,330,9.614979,0
FRCC_conventional_hydroelectric_1_inlet,331,9.614979,0
FRCC_conventional_hydroelectric_1_inlet,332,9.619416,0
FRCC_conventional_hydroelectric_1_inlet,333,9.623853,0
FRCC_conventional_hydroelectric_1_inlet,334,9.62829,0
FRCC_conventional_hydroelectric_1_inlet,335,9.632727,0
FRCC_conventional_hydroelectric_1_inlet,336,9.637164,0
FRCC_conventional_hydroelectric_1_inlet,337,10.276092,0
FRCC_conventional_hydroelectric_1_inlet,338,10.280529,0
FRCC_conventional_hydroelectric_1_inlet,339,10.284966,0
FRCC_conventional_hydroelectric_1_inlet,340,10.289403,0
FRCC_conventional_hydroelectric_1_inlet,341,10.293840000000001,0
FRCC_conventional_hydroelectric_1_inlet,342,10.298277,0
FRCC_conventional_hydroelectric_1_inlet,343,10.302714,0
FRCC_conventional_hydroelectric_1_inlet,344,10.307151000000001,0
FRCC_conventional_hydroelectric_1_inlet,345,10.311588,0
FRCC_conventional_hydroelectric_1_inlet,346,10.316025000000002,0
FRCC_conventional_hydroelectric_1_inlet,347,10.320462000000001,0
FRCC_conventional_hydroelectric_1_inlet,348,10.324898999999998,0
FRCC_conventional_hydroelectric_1_inlet,349,10.329336,0
FRCC_conventional_hydroelectric_1_inlet,350,10.333772999999999,0
FRCC_conventional_hydroelectric_1_inlet,351,10.33821,0
FRCC_conventional_hydroelectric_1_inlet,352,10.342647,0
FRCC_conventional_hydroelectric_1_inlet,353,10.347083999999999,0
FRCC_conventional_hydroelectric_1_inlet,354,10.351521,0
FRCC_conventional_hydroelectric_1_inlet,355,10.355958,0
FRCC_conventional_hydroelectric_1_inlet,356,10.360395,0
FRCC_conventional_hydroelectric_1_inlet,357,10.364832,0
FRCC_conventional_hydroelectric_1_inlet,358,10.369269000000001,0
FRCC_conventional_hydroelectric_1_inlet,359,10.373706,0
FRCC_conventional_hydroelectric_1_inlet,360,10.378143,0
FRCC_conventional_hydroelectric_1_inlet,361,10.790784,0
FRCC_conventional_hydroelectric_1_inlet,362,10.790784,0
FRCC_conventional_hydroelectric_1_inlet,363,10.790784,0
FRCC_conventional_hydroelectric_1_inlet,364,10.790784,0
FRCC_conventional_hydroelectric_1_inlet,365,10.790784,0
FRCC_conventional_hydroelectric_1_inlet,366,10.790784,0
FRCC_conventional_hydroelectric_1_inlet,367,10.790784,0
FRCC_conventional_hydroelectric_1_inlet,368,10.790784,0
FRCC_conventional_hydroelectric_1_inlet,369,10.786347000000001,0
FRCC_conventional_hydroelectric_1_inlet,370,10.786347000000001,0
FRCC_conventional_hydroelectric_1_inlet,371,10.786347000000001,0
FRCC_conventional_hydroelectric_1_inlet,372,10.786347000000001,0
FRCC_conventional_hydroelectric_1_inlet,373,10.786347000000001,0
FRCC_conventional_hydroelectric_1_inlet,374,10.786347000000001,0
FRCC_conventional_hydroelectric_1_inlet,375,10.786347000000001,0
FRCC_conventional_hydroelectric_1_inlet,376,10.786347000000001,0
FRCC_conventional_hydroelectric_1_inlet,377,10.786347000000001,0
FRCC_conventional_hydroelectric_1_inlet,378,10.786347000000001,0
FRCC_conventional_hydroelectric_1_inlet,379,10.786347000000001,0
FRCC_conventional_hydroelectric_1_inlet,380,10.786347000000001,0
FRCC_conventional_hydroelectric_1_inlet,381,10.78191,0
FRCC_conventional_hydroelectric_1_inlet,382,10.78191,0
FRCC_conventional_hydroelectric_1_inlet,383,10.78191,0
FRCC_conventional_hydroelectric_1_inlet,384,10.78191,0
FRCC_conventional_hydroelectric_1_inlet,385,10.737540000000001,0
FRCC_conventional_hydroelectric_1_inlet,386,10.737540000000001,0
FRCC_conventional_hydroelectric_1_inlet,387,10.737540000000001,0
FRCC_conventional_hydroelectric_1_inlet,388,10.737540000000001,0
FRCC_conventional_hydroelectric_1_inlet,389,10.737540000000001,0
FRCC_conventional_hydroelectric_1_inlet,390,10.737540000000001,0
FRCC_conventional_hydroelectric_1_inlet,391,10.737540000000001,0
FRCC_conventional_hydroelectric_1_inlet,392,10.737540000000001,0
FRCC_conventional_hydroelectric_1_inlet,393,10.737540000000001,0
FRCC_conventional_hydroelectric_1_inlet,394,10.733103,0
FRCC_conventional_hydroelectric_1_inlet,395,10.733103,0
FRCC_conventional_hydroelectric_1_inlet,396,10.733103,0
FRCC_conventional_hydroelectric_1_inlet,397,10.733103,0
FRCC_conventional_hydroelectric_1_inlet,398,10.733103,0
FRCC_conventional_hydroelectric_1_inlet,399,10.733103,0
FRCC_conventional_hydroelectric_1_inlet,400,10.733103,0
FRCC_conventional_hydroelectric_1_inlet,401,10.733103,0
FRCC_conventional_hydroelectric_1_inlet,402,10.733103,0
FRCC_conventional_hydroelectric_1_inlet,403,10.733103,0
FRCC_conventional_hydroelectric_1_inlet,404,10.733103,0
FRCC_conventional_hydroelectric_1_inlet,405,10.733103,0
FRCC_conventional_hydroelectric_1_inlet,406,10.728666,0
FRCC_conventional_hydroelectric_1_inlet,407,10.728666,0
FRCC_conventional_hydroelectric_1_inlet,408,10.728666,0
FRCC_conventional_hydroelectric_1_inlet,409,10.719792,0
FRCC_conventional_hydroelectric_1_inlet,410,10.719792,0
FRCC_conventional_hydroelectric_1_inlet,411,10.719792,0
FRCC_conventional_hydroelectric_1_inlet,412,10.719792,0
FRCC_conventional_hydroelectric_1_inlet,413,10.719792,0
FRCC_conventional_hydroelectric_1_inlet,414,10.719792,0
FRCC_conventional_hydroelectric_1_inlet,415,10.719792,0
FRCC_conventional_hydroelectric_1_inlet,416,10.719792,0
FRCC_conventional_hydroelectric_1_inlet,417,10.719792,0
FRCC_conventional_hydroelectric_1_inlet,418,10.719792,0
FRCC_conventional_hydroelectric_1_inlet,419,10.719792,0
FRCC_conventional_hydroelectric_1_inlet,420,10.719792,0
FRCC_conventional_hydroelectric_1_inlet,421,10.719792,0
FRCC_conventional_hydroelectric_1_inlet,422,10.719792,0
FRCC_conventional_hydroelectric_1_inlet,423,10.719792,0
FRCC_conventional_hydroelectric_1_inlet,424,10.719792,0
FRCC_conventional_hydroelectric_1_inlet,425,10.719792,0
FRCC_conventional_hydroelectric_1_inlet,426,10.719792,0
FRCC_conventional_hydroelectric_1_inlet,427,10.719792,0
FRCC_conventional_hydroelectric_1_inlet,428,10.719792,0
FRCC_conventional_hydroelectric_1_inlet,429,10.719792,0
FRCC_conventional_hydroelectric_1_inlet,430,10.719792,0
FRCC_conventional_hydroelectric_1_inlet,431,10.719792,0
FRCC_conventional_hydroelectric_1_inlet,432,10.719792,0
FRCC_conventional_hydroelectric_1_inlet,433,11.891160000000003,0
FRCC_conventional_hydroelectric_1_inlet,434,11.895596999999999,0
FRCC_conventional_hydroelectric_1_inlet,435,11.900033999999998,0
FRCC_conventional_hydroelectric_1_inlet,436,11.904471,0
FRCC_conventional_hydroelectric_1_inlet,437,11.908908,0
FRCC_conventional_hydroelectric_1_inlet,438,11.913345,0
FRCC_conventional_hydroelectric_1_inlet,439,11.917781999999999,0
FRCC_conventional_hydroelectric_1_inlet,440,11.922219,0
FRCC_conventional_hydroelectric_1_inlet,441,11.926656,0
FRCC_conventional_hydroelectric_1_inlet,442,11.926656,0
FRCC_conventional_hydroelectric_1_inlet,443,11.931092999999999,0
FRCC_conventional_hydroelectric_1_inlet,444,11.93553,0
FRCC_conventional_hydroelectric_1_inlet,445,11.939967,0
FRCC_conventional_hydroelectric_1_inlet,446,11.944404,0
FRCC_conventional_hydroelectric_1_inlet,447,11.948841,0
FRCC_conventional_hydroelectric_1_inlet,448,11.953278,0
FRCC_conventional_hydroelectric_1_inlet,449,11.957715,0
FRCC_conventional_hydroelectric_1_inlet,450,11.962152000000001,0
FRCC_conventional_hydroelectric_1_inlet,451,11.966589,0
FRCC_conventional_hydroelectric_1_inlet,452,11.971026,0
FRCC_conventional_hydroelectric_1_inlet,453,11.975463,0
FRCC_conventional_hydroelectric_1_inlet,454,11.9799,0
FRCC_conventional_hydroelectric_1_inlet,455,11.984337000000002,0
FRCC_conventional_hydroelectric_1_inlet,456,11.988774000000001,0
FRCC_conventional_hydroelectric_1_inlet,457,12.237246,0
FRCC_conventional_hydroelectric_1_inlet,458,12.237246,0
FRCC_conventional_hydroelectric_1_inlet,459,12.237246,0
FRCC_conventional_hydroelectric_1_inlet,460,12.237246,0
FRCC_conventional_hydroelectric_1_inlet,461,12.237246,0
FRCC_conventional_hydroelectric_1_inlet,462,12.237246,0
FRCC_conventional_hydroelectric_1_inlet,463,12.237246,0
FRCC_conventional_hydroelectric_1_inlet,464,12.237246,0
FRCC_conventional_hydroelectric_1_inlet,465,12.237246,0
FRCC_conventional_hydroelectric_1_inlet,466,12.237246,0
FRCC_conventional_hydroelectric_1_inlet,467,12.237246,0
FRCC_conventional_hydroelectric_1_inlet,468,12.237246,0
FRCC_conventional_hydroelectric_1_inlet,469,12.237246,0
FRCC_conventional_hydroelectric_1_inlet,470,12.237246,0
FRCC_conventional_hydroelectric_1_inlet,471,12.237246,0
FRCC_conventional_hydroelectric_1_inlet,472,12.237246,0
FRCC_conventional_hydroelectric_1_inlet,473,12.237246,0
FRCC_conventional_hydroelectric_1_inlet,474,12.237246,0
FRCC_conventional_hydroelectric_1_inlet,475,12.237246,0
FRCC_conventional_hydroelectric_1_inlet,476,12.237246,0
FRCC_conventional_hydroelectric_1_inlet,477,12.237246,0
FRCC_conventional_hydroelectric_1_inlet,478,12.237246,0
FRCC_conventional_hydroelectric_1_inlet,479,12.237246,0
FRCC_conventional_hydroelectric_1_inlet,480,12.237246,0
FRCC_conventional_hydroelectric_1_inlet,481,13.692582,0
FRCC_conventional_hydroelectric_1_inlet,482,13.692582,0
FRCC_conventional_hydroelectric_1_inlet,483,13.692582,0
FRCC_conventional_hydroelectric_1_inlet,484,13.692582,0
FRCC_conventional_hydroelectric_1_inlet,485,13.692582,0
FRCC_conventional_hydroelectric_1_inlet,486,13.692582,0
FRCC_conventional_hydroelectric_1_inlet,487,13.692582,0
FRCC_conventional_hydroelectric_1_inlet,488,13.692582,0
FRCC_conventional_hydroelectric_1_inlet,489,13.692582,0
FRCC_conventional_hydroelectric_1_inlet,490,13.692582,0
FRCC_conventional_hydroelectric_1_inlet,491,13.692582,0
FRCC_conventional_hydroelectric_1_inlet,492,13.692582,0
FRCC_conventional_hydroelectric_1_inlet,493,13.692582,0
FRCC_conventional_hydroelectric_1_inlet,494,13.692582,0
FRCC_conventional_hydroelectric_1_inlet,495,13.692582,0
FRCC_conventional_hydroelectric_1_inlet,496,13.692582,0
FRCC_conventional_hydroelectric_1_inlet,497,13.692582,0
FRCC_conventional_hydroelectric_1_inlet,498,13.692582,0
FRCC_conventional_hydroelectric_1_inlet,499,13.692582,0
FRCC_conventional_hydroelectric_1_inlet,500,13.692582,0
FRCC_conventional_hydroelectric_1_inlet,501,13.692582,0
FRCC_conventional_hydroelectric_1_inlet,502,13.692582,0
FRCC_conventional_hydroelectric_1_inlet,503,13.692582,0
FRCC_conventional_hydroelectric_1_inlet,504,13.692582,0
FRCC_conventional_hydroelectric_1_inlet,505,12.916107,0
FRCC_conventional_hydroelectric_1_inlet,506,12.907233,0
FRCC_conventional_hydroelectric_1_inlet,507,12.902796,0
FRCC_conventional_hydroelectric_1_inlet,508,12.898359,0
FRCC_conventional_hydroelectric_1_inlet,509,12.893922,0
FRCC_conventional_hydroelectric_1_inlet,510,12.885048,0
FRCC_conventional_hydroelectric_1_inlet,511,12.880610999999998,0
FRCC_conventional_hydroelectric_1_inlet,512,12.876174000000002,0
FRCC_conventional_hydroelectric_1_inlet,513,12.871737000000003,0
FRCC_conventional_hydroelectric_1_inlet,514,12.862863,0
FRCC_conventional_hydroelectric_1_inlet,515,12.858426000000001,0
FRCC_conventional_hydroelectric_1_inlet,516,12.853989000000002,0
FRCC_conventional_hydroelectric_1_inlet,517,12.849552000000003,0
FRCC_conventional_hydroelectric_1_inlet,518,12.840678,0
FRCC_conventional_hydroelectric_1_inlet,519,12.836241000000001,0
FRCC_conventional_hydroelectric_1_inlet,520,12.831804000000002,0
FRCC_conventional_hydroelectric_1_inlet,521,12.827367,0
FRCC_conventional_hydroelectric_1_inlet,522,12.818493,0
FRCC_conventional_hydroelectric_1_inlet,523,12.814056,0
FRCC_conventional_hydroelectric_1_inlet,524,12.809619000000001,0
FRCC_conventional_hydroelectric_1_inlet,525,12.800745,0
FRCC_conventional_hydroelectric_1_inlet,526,12.796308,0
FRCC_conventional_hydroelectric_1_inlet,527,12.791871,0
FRCC_conventional_hydroelectric_1_inlet,528,12.787434,0
FRCC_conventional_hydroelectric_1_inlet,529,11.647125000000003,0
FRCC_conventional_hydroelectric_1_inlet,530,11.647125000000003,0
FRCC_conventional_hydroelectric_1_inlet,531,11.647125000000003,0
FRCC_conventional_hydroelectric_1_inlet,532,11.647125000000003,0
FRCC_conventional_hydroelectric_1_inlet,533,11.647125000000003,0
FRCC_conventional_hydroelectric_1_inlet,534,11.647125000000003,0
FRCC_conventional_hydroelectric_1_inlet,535,11.647125000000003,0
FRCC_conventional_hydroelectric_1_inlet,536,11.647125000000003,0
FRCC_conventional_hydroelectric_1_inlet,537,11.647125000000003,0
FRCC_conventional_hydroelectric_1_inlet,538,11.647125000000003,0
FRCC_conventional_hydroelectric_1_inlet,539,11.647125000000003,0
FRCC_conventional_hydroelectric_1_inlet,540,11.647125000000003,0
FRCC_conventional_hydroelectric_1_inlet,541,11.647125000000003,0
FRCC_conventional_hydroelectric_1_inlet,542,11.647125000000003,0
FRCC_conventional_hydroelectric_1_inlet,543,11.647125000000003,0
FRCC_conventional_hydroelectric_1_inlet,544,11.647125000000003,0
FRCC_conventional_hydroelectric_1_inlet,545,11.647125000000003,0
FRCC_conventional_hydroelectric_1_inlet,546,11.647125000000003,0
FRCC_conventional_hydroelectric_1_inlet,547,11.647125000000003,0
FRCC_conventional_hydroelectric_1_inlet,548,11.647125000000003,0
FRCC_conventional_hydroelectric_1_inlet,549,11.647125000000003,0
FRCC_conventional_hydroelectric_1_inlet,550,11.647125000000003,0
FRCC_conventional_hydroelectric_1_inlet,551,11.647125000000003,0
FRCC_conventional_hydroelectric_1_inlet,552,11.647125000000003,0
FRCC_conventional_hydroelectric_1_inlet,553,14.313762,0
FRCC_conventional_hydroelectric_1_inlet,554,14.340384,0
FRCC_conventional_hydroelectric_1_inlet,555,14.367005999999998,0
FRCC_conventional_hydroelectric_1_inlet,556,14.393628000000001,0
FRCC_conventional_hydroelectric_1_inlet,557,14.420250000000001,0
FRCC_conventional_hydroelectric_1_inlet,558,14.451309,0
FRCC_conventional_hydroelectric_1_inlet,559,14.477931,0
FRCC_conventional_hydroelectric_1_inlet,560,14.504553000000001,0
FRCC_conventional_hydroelectric_1_inlet,561,14.531175000000001,0
FRCC_conventional_hydroelectric_1_inlet,562,14.557797,0
FRCC_conventional_hydroelectric_1_inlet,563,14.588856,0
FRCC_conventional_hydroelectric_1_inlet,564,14.615478,0
FRCC_conventional_hydroelectric_1_inlet,565,14.642100000000001,0
FRCC_conventional_hydroelectric_1_inlet,566,14.668722,0
FRCC_conventional_hydroelectric_1_inlet,567,14.695344,0
FRCC_conventional_hydroelectric_1_inlet,568,14.726403,0
FRCC_conventional_hydroelectric_1_inlet,569,14.753025000000001,0
FRCC_conventional_hydroelectric_1_inlet,570,14.779647,0
FRCC_conventional_hydroelectric_1_inlet,571,14.806269,0
FRCC_conventional_hydroelectric_1_inlet,572,14.832891,0
FRCC_conventional_hydroelectric_1_inlet,573,14.86395,0
FRCC_conventional_hydroelectric_1_inlet,574,14.890572,0
FRCC_conventional_hydroelectric_1_inlet,575,14.917194,0
FRCC_conventional_hydroelectric_1_inlet,576,14.943816,0
ISNE_conventional_hydroelectric_1_inlet,1,489.8036137544843,0
ISNE_conventional_hydroelectric_1_inlet,2,489.76597981044057,0
ISNE_conventional_hydroelectric_1_inlet,3,489.6935120048085,0
ISNE_conventional_hydroelectric_1_inlet,4,489.62104419917637,0
ISNE_conventional_hydroelectric_1_inlet,5,489.6022272271545,0
ISNE_conventional_hydroelectric_1_inlet,6,489.56459328311075,0
ISNE_conventional_hydroelectric_1_inlet,7,489.4921254774786,0
ISNE_conventional_hydroelectric_1_inlet,8,489.4733085054567,0
ISNE_conventional_hydroelectric_1_inlet,9,489.4008406998246,0
ISNE_conventional_hydroelectric_1_inlet,10,489.3283728941923,0
ISNE_conventional_hydroelectric_1_inlet,11,489.2907389501487,0
ISNE_conventional_hydroelectric_1_inlet,12,489.27192197812684,0
ISNE_conventional_hydroelectric_1_inlet,13,489.19945417249465,0
ISNE_conventional_hydroelectric_1_inlet,14,489.12698636686247,0
ISNE_conventional_hydroelectric_1_inlet,15,489.1430032564291,0
ISNE_conventional_hydroelectric_1_inlet,16,489.070535450797,0
ISNE_conventional_hydroelectric_1_inlet,17,488.99806764516467,0
ISNE_conventional_hydroelectric_1_inlet,18,488.9255998395325,0
ISNE_conventional_hydroelectric_1_inlet,19,488.94161672909917,0
ISNE_conventional_hydroelectric_1_inlet,20,488.869148923467,0
ISNE_conventional_hydroelectric_1_inlet,21,488.79668111783485,0
ISNE_conventional_hydroelectric_1_inlet,22,488.72421331220266,0
ISNE_conventional_hydroelectric_1_inlet,23,488.74023020176924,0
ISNE_conventional_hydroelectric_1_inlet,24,488.66776239613716,0
ISNE_conventional_hydroelectric_1_inlet,25,453.4855674158081,0
ISNE_conventional_hydroelectric_1_inlet,26,453.296217063808,0
ISNE_conventional_hydroelectric_1_inlet,27,453.0245724974104,0
ISNE_conventional_hydroelectric_1_inlet,28,452.8352221454104,0
ISNE_conventional_hydroelectric_1_inlet,29,452.6520622742115,0
ISNE_conventional_hydroelectric_1_inlet,30,452.4090610886012,0
ISNE_conventional_hydroelectric_1_inlet,31,452.22590121740245,0
ISNE_conventional_hydroelectric_1_inlet,32,452.0365508654024,0
ISNE_conventional_hydroelectric_1_inlet,33,451.81855713261524,0
ISNE_conventional_hydroelectric_1_inlet,34,451.5755559470049,0
ISNE_conventional_hydroelectric_1_inlet,35,451.39239607580606,0
ISNE_conventional_hydroelectric_1_inlet,36,451.20304572380604,0
ISNE_conventional_hydroelectric_1_inlet,37,451.01369537180597,0
ISNE_conventional_hydroelectric_1_inlet,38,450.7768846669969,0
ISNE_conventional_hydroelectric_1_inlet,39,450.5875343149968,0
ISNE_conventional_hydroelectric_1_inlet,40,450.3695405822096,0
ISNE_conventional_hydroelectric_1_inlet,41,450.1801902302096,0
ISNE_conventional_hydroelectric_1_inlet,42,449.9433795254005,0
ISNE_conventional_hydroelectric_1_inlet,43,449.75402917340045,0
ISNE_conventional_hydroelectric_1_inlet,44,449.5708693022017,0
ISNE_conventional_hydroelectric_1_inlet,45,449.38151895020167,0
ISNE_conventional_hydroelectric_1_inlet,46,449.109874383804,0
ISNE_conventional_hydroelectric_1_inlet,47,448.9205240318041,0
ISNE_conventional_hydroelectric_1_inlet,48,448.73117367980404,0
ISNE_conventional_hydroelectric_1_inlet,49,409.1742939061162,0
ISNE_conventional_hydroelectric_1_inlet,50,409.1742939061162,0
ISNE_conventional_hydroelectric_1_inlet,51,409.1742939061162,0
ISNE_conventional_hydroelectric_1_inlet,52,409.1742939061162,0
ISNE_conventional_hydroelectric_1_inlet,53,409.1742939061162,0
ISNE_conventional_hydroelectric_1_inlet,54,409.1742939061162,0
ISNE_conventional_hydroelectric_1_inlet,55,409.1742939061162,0
ISNE_conventional_hydroelectric_1_inlet,56,409.1742939061162,0
ISNE_conventional_hydroelectric_1_inlet,57,409.1742939061162,0
ISNE_conventional_hydroelectric_1_inlet,58,409.1742939061162,0
ISNE_conventional_hydroelectric_1_inlet,59,409.1742939061162,0
ISNE_conventional_hydroelectric_1_inlet,60,409.1742939061162,0
ISNE_conventional_hydroelectric_1_inlet,61,409.1742939061162,0
ISNE_conventional_hydroelectric_1_inlet,62,409.1742939061162,0
ISNE_conventional_hydroelectric_1_inlet,63,409.1742939061162,0
ISNE_conventional_hydroelectric_1_inlet,64,409.1742939061162,0
ISNE_conventional_hydroelectric_1_inlet,65,409.1742939061162,0
ISNE_conventional_hydroelectric_1_inlet,66,409.1742939061162,0
ISNE_conventional_hydroelectric_1_inlet,67,409.1742939061162,0
ISNE_conventional_hydroelectric_1_inlet,68,409.1742939061162,0
ISNE_conventional_hydroelectric_1_inlet,69,409.1742939061162,0
ISNE_conventional_hydroelectric_1_inlet,70,409.1742939061162,0
ISNE_conventional_hydroelectric_1_inlet,71,409.1742939061162,0
ISNE_conventional_hydroelectric_1_inlet,72,409.1742939061162,0
ISNE_conventional_hydroelectric_1_inlet,73,409.1742939061162,0
ISNE_conventional_hydroelectric_1_inlet,74,409.1742939061162,0
ISNE_conventional_hydroelectric_1_inlet,75,409.1742939061162,0
ISNE_conventional_hydroelectric_1_inlet,76,409.1742939061162,0
ISNE_conventional_hydroelectric_1_inlet,77,409.1742939061162,0
ISNE_conventional_hydroelectric_1_inlet,78,409.1742939061162,0
ISNE_conventional_hydroelectric_1_inlet,79,409.1742939061162,0
ISNE_conventional_hydroelectric_1_inlet,80,409.1742939061162,0
ISNE_conventional_hydroelectric_1_inlet,81,409.1742939061162,0
ISNE_conventional_hydroelectric_1_inlet,82,409.1742939061162,0
ISNE_conventional_hydroelectric_1_inlet,83,409.1742939061162,0
ISNE_conventional_hydroelectric_1_inlet,84,409.1742939061162,0
ISNE_conventional_hydroelectric_1_inlet,85,409.1742939061162,0
ISNE_conventional_hydroelectric_1_inlet,86,409.1742939061162,0
ISNE_conventional_hydroelectric_1_inlet,87,409.1742939061162,0
ISNE_conventional_hydroelectric_1_inlet,88,409.1742939061162,0
ISNE_conventional_hydroelectric_1_inlet,89,409.1742939061162,0
ISNE_conventional_hydroelectric_1_inlet,90,409.1742939061162,0
ISNE_conventional_hydroelectric_1_inlet,91,409.1742939061162,0
ISNE_conventional_hydroelectric_1_inlet,92,409.1742939061162,0
ISNE_conventional_hydroelectric_1_inlet,93,409.1742939061162,0
ISNE_conventional_hydroelectric_1_inlet,94,409.1742939061162,0
ISNE_conventional_hydroelectric_1_inlet,95,409.1742939061162,0
ISNE_conventional_hydroelectric_1_inlet,96,409.1742939061162,0
ISNE_conventional_hydroelectric_1_inlet,97,542.0549807809899,0
ISNE_conventional_hydroelectric_1_inlet,98,542.5027588922761,0
ISNE_conventional_hydroelectric_1_inlet,99,542.9505370035624,0
ISNE_conventional_hydroelectric_1_inlet,100,543.3983151148486,0
ISNE_conventional_hydroelectric_1_inlet,101,543.8522837069361,0
ISNE_conventional_hydroelectric_1_inlet,102,544.2464109846119,0
ISNE_conventional_hydroelectric_1_inlet,103,544.694189095898,0
ISNE_conventional_hydroelectric_1_inlet,104,545.1419672071843,0
ISNE_conventional_hydroelectric_1_inlet,105,545.5897453184705,0
ISNE_conventional_hydroelectric_1_inlet,106,546.0375234297567,0
ISNE_conventional_hydroelectric_1_inlet,107,546.4853015410429,0
ISNE_conventional_hydroelectric_1_inlet,108,546.88561929952,0
ISNE_conventional_hydroelectric_1_inlet,109,547.3333974108062,0
ISNE_conventional_hydroelectric_1_inlet,110,547.7811755220924,0
ISNE_conventional_hydroelectric_1_inlet,111,548.2637874949671,0
ISNE_conventional_hydroelectric_1_inlet,112,548.7115656062532,0
ISNE_conventional_hydroelectric_1_inlet,113,549.1593437175396,0
ISNE_conventional_hydroelectric_1_inlet,114,549.5596614760166,0
ISNE_conventional_hydroelectric_1_inlet,115,550.0074395873027,0
ISNE_conventional_hydroelectric_1_inlet,116,550.4552176985891,0
ISNE_conventional_hydroelectric_1_inlet,117,550.9029958098753,0
ISNE_conventional_hydroelectric_1_inlet,118,551.3507739211615,0
ISNE_conventional_hydroelectric_1_inlet,119,551.7449011988374,0
ISNE_conventional_hydroelectric_1_inlet,120,552.1988697909247,0
ISNE_conventional_hydroelectric_1_inlet,121,568.0975969227493,0
ISNE_conventional_hydroelectric_1_inlet,122,568.0975969227493,0
ISNE_conventional_hydroelectric_1_inlet,123,568.0975969227493,0
ISNE_conventional_hydroelectric_1_inlet,124,568.0975969227493,0
ISNE_conventional_hydroelectric_1_inlet,125,568.0975969227493,0
ISNE_conventional_hydroelectric_1_inlet,126,568.0975969227493,0
ISNE_conventional_hydroelectric_1_inlet,127,568.0975969227493,0
ISNE_conventional_hydroelectric_1_inlet,128,568.0975969227493,0
ISNE_conventional_hydroelectric_1_inlet,129,568.0975969227493,0
ISNE_conventional_hydroelectric_1_inlet,130,568.0975969227493,0
ISNE_conventional_hydroelectric_1_inlet,131,568.0975969227493,0
ISNE_conventional_hydroelectric_1_inlet,132,568.0975969227493,0
ISNE_conventional_hydroelectric_1_inlet,133,568.0975969227493,0
ISNE_conventional_hydroelectric_1_inlet,134,568.0975969227493,0
ISNE_conventional_hydroelectric_1_inlet,135,568.0975969227493,0
ISNE_conventional_hydroelectric_1_inlet,136,568.0975969227493,0
ISNE_conventional_hydroelectric_1_inlet,137,568.0975969227493,0
ISNE_conventional_hydroelectric_1_inlet,138,568.0975969227493,0
ISNE_conventional_hydroelectric_1_inlet,139,568.0975969227493,0
ISNE_conventional_hydroelectric_1_inlet,140,568.0975969227493,0
ISNE_conventional_hydroelectric_1_inlet,141,568.0975969227493,0
ISNE_conventional_hydroelectric_1_inlet,142,568.0975969227493,0
ISNE_conventional_hydroelectric_1_inlet,143,568.0975969227493,0
ISNE_conventional_hydroelectric_1_inlet,144,568.0975969227493,0
ISNE_conventional_hydroelectric_1_inlet,145,483.22006093057183,0
ISNE_conventional_hydroelectric_1_inlet,146,482.8635675969397,0
ISNE_conventional_hydroelectric_1_inlet,147,482.541908124896,0
ISNE_conventional_hydroelectric_1_inlet,148,482.18541479126384,0
ISNE_conventional_hydroelectric_1_inlet,149,481.77527062402135,0
ISNE_conventional_hydroelectric_1_inlet,150,481.45361115197755,0
ISNE_conventional_hydroelectric_1_inlet,151,481.0971178183454,0
ISNE_conventional_hydroelectric_1_inlet,152,480.7406244847133,0
ISNE_conventional_hydroelectric_1_inlet,153,480.41896501266956,0
ISNE_conventional_hydroelectric_1_inlet,154,480.06247167903723,0
ISNE_conventional_hydroelectric_1_inlet,155,479.7059783454051,0
ISNE_conventional_hydroelectric_1_inlet,156,479.3843188733615,0
ISNE_conventional_hydroelectric_1_inlet,157,478.9741747061189,0
ISNE_conventional_hydroelectric_1_inlet,158,478.61768137248674,0
ISNE_conventional_hydroelectric_1_inlet,159,478.29602190044307,0
ISNE_conventional_hydroelectric_1_inlet,160,477.9395285668109,0
ISNE_conventional_hydroelectric_1_inlet,161,477.5830352331787,0
ISNE_conventional_hydroelectric_1_inlet,162,477.26137576113496,0
ISNE_conventional_hydroelectric_1_inlet,163,476.90488242750274,0
ISNE_conventional_hydroelectric_1_inlet,164,476.49473826026025,0
ISNE_conventional_hydroelectric_1_inlet,165,476.1730787882166,0
ISNE_conventional_hydroelectric_1_inlet,166,475.8165854545844,0
ISNE_conventional_hydroelectric_1_inlet,167,475.46009212095225,0
ISNE_conventional_hydroelectric_1_inlet,168,475.1035987873199,0
ISNE_conventional_hydroelectric_1_inlet,169,439.1582559611163,0
ISNE_conventional_hydroelectric_1_inlet,170,439.1582559611163,0
ISNE_conventional_hydroelectric_1_inlet,171,439.1582559611163,0
ISNE_conventional_hydroelectric_1_inlet,172,439.1582559611163,0
ISNE_conventional_hydroelectric_1_inlet,173,439.1582559611163,0
ISNE_conventional_hydroelectric_1_inlet,174,439.1582559611163,0
ISNE_conventional_hydroelectric_1_inlet,175,439.1582559611163,0
ISNE_conventional_hydroelectric_1_inlet,176,439.1582559611163,0
ISNE_conventional_hydroelectric_1_inlet,177,439.1582559611163,0
ISNE_conventional_hydroelectric_1_inlet,178,439.1582559611163,0
ISNE_conventional_hydroelectric_1_inlet,179,439.1582559611163,0
ISNE_conventional_hydroelectric_1_inlet,180,439.1582559611163,0
ISNE_conventional_hydroelectric_1_inlet,181,439.1582559611163,0
ISNE_conventional_hydroelectric_1_inlet,182,439.1582559611163,0
ISNE_conventional_hydroelectric_1_inlet,183,439.1582559611163,0
ISNE_conventional_hydroelectric_1_inlet,184,439.1582559611163,0
ISNE_conventional_hydroelectric_1_inlet,185,439.1582559611163,0
ISNE_conventional_hydroelectric_1_inlet,186,439.1582559611163,0
ISNE_conventional_hydroelectric_1_inlet,187,439.1582559611163,0
ISNE_conventional_hydroelectric_1_inlet,188,439.1582559611163,0
ISNE_conventional_hydroelectric_1_inlet,189,439.1582559611163,0
ISNE_conventional_hydroelectric_1_inlet,190,439.1582559611163,0
ISNE_conventional_hydroelectric_1_inlet,191,439.1582559611163,0
ISNE_conventional_hydroelectric_1_inlet,192,439.1582559611163,0
ISNE_conventional_hydroelectric_1_inlet,193,573.5982596493799,0
ISNE_conventional_hydroelectric_1_inlet,194,573.5982596493799,0
ISNE_conventional_hydroelectric_1_inlet,195,573.5982596493799,0
ISNE_conventional_hydroelectric_1_inlet,196,573.5982596493799,0
ISNE_conventional_hydroelectric_1_inlet,197,573.5982596493799,0
ISNE_conventional_hydroelectric_1_inlet,198,573.5982596493799,0
ISNE_conventional_hydroelectric_1_inlet,199,573.5982596493799,0
ISNE_conventional_hydroelectric_1_inlet,200,573.5982596493799,0
ISNE_conventional_hydroelectric_1_inlet,201,573.5982596493799,0
ISNE_conventional_hydroelectric_1_inlet,202,573.5982596493799,0
ISNE_conventional_hydroelectric_1_inlet,203,573.5982596493799,0
ISNE_conventional_hydroelectric_1_inlet,204,573.5982596493799,0
ISNE_conventional_hydroelectric_1_inlet,205,573.5982596493799,0
ISNE_conventional_hydroelectric_1_inlet,206,573.5982596493799,0
ISNE_conventional_hydroelectric_1_inlet,207,573.5982596493799,0
ISNE_conventional_hydroelectric_1_inlet,208,573.5982596493799,0
ISNE_conventional_hydroelectric_1_inlet,209,573.5982596493799,0
ISNE_conventional_hydroelectric_1_inlet,210,573.5982596493799,0
ISNE_conventional_hydroelectric_1_inlet,211,573.5982596493799,0
ISNE_conventional_hydroelectric_1_inlet,212,573.5982596493799,0
ISNE_conventional_hydroelectric_1_inlet,213,573.5982596493799,0
ISNE_conventional_hydroelectric_1_inlet,214,573.5982596493799,0
ISNE_conventional_hydroelectric_1_inlet,215,573.5982596493799,0
ISNE_conventional_hydroelectric_1_inlet,216,573.5982596493799,0
ISNE_conventional_hydroelectric_1_inlet,217,525.8738789160458,0
ISNE_conventional_hydroelectric_1_inlet,218,525.5395929527813,0
ISNE_conventional_hydroelectric_1_inlet,219,525.205306989517,0
ISNE_conventional_hydroelectric_1_inlet,220,524.8710210262526,0
ISNE_conventional_hydroelectric_1_inlet,221,524.5367350629883,0
ISNE_conventional_hydroelectric_1_inlet,222,524.2024490997239,0
ISNE_conventional_hydroelectric_1_inlet,223,523.8681631364595,0
ISNE_conventional_hydroelectric_1_inlet,224,523.5338771731953,0
ISNE_conventional_hydroelectric_1_inlet,225,523.1995912099309,0
ISNE_conventional_hydroelectric_1_inlet,226,522.8653052466665,0
ISNE_conventional_hydroelectric_1_inlet,227,522.5372097642035,0
ISNE_conventional_hydroelectric_1_inlet,228,522.2377576625275,0
ISNE_conventional_hydroelectric_1_inlet,229,521.9034716992633,0
ISNE_conventional_hydroelectric_1_inlet,230,521.5691857359986,0
ISNE_conventional_hydroelectric_1_inlet,231,521.2348997727343,0
ISNE_conventional_hydroelectric_1_inlet,232,520.9542646430803,0
ISNE_conventional_hydroelectric_1_inlet,233,520.6199786798159,0
ISNE_conventional_hydroelectric_1_inlet,234,520.2856927165517,0
ISNE_conventional_hydroelectric_1_inlet,235,519.9514067532872,0
ISNE_conventional_hydroelectric_1_inlet,236,519.6171207900228,0
ISNE_conventional_hydroelectric_1_inlet,237,519.2890253075598,0
ISNE_conventional_hydroelectric_1_inlet,238,518.9547393442953,0
ISNE_conventional_hydroelectric_1_inlet,239,518.620453381031,0
ISNE_conventional_hydroelectric_1_inlet,240,518.2861674177666,0
ISNE_conventional_hydroelectric_1_inlet,241,453.08119580661213,0
ISNE_conventional_hydroelectric_1_inlet,242,453.08119580661213,0
ISNE_conventional_hydroelectric_1_inlet,243,453.08119580661213,0
ISNE_conventional_hydroelectric_1_inlet,244,453.08119580661213,0
ISNE_conventional_hydroelectric_1_inlet,245,453.08119580661213,0
ISNE_conventional_hydroelectric_1_inlet,246,453.08119580661213,0
ISNE_conventional_hydroelectric_1_inlet,247,453.08119580661213,0
ISNE_conventional_hydroelectric_1_inlet,248,453.08119580661213,0
ISNE_conventional_hydroelectric_1_inlet,249,453.08119580661213,0
ISNE_conventional_hydroelectric_1_inlet,250,453.08119580661213,0
ISNE_conventional_hydroelectric_1_inlet,251,453.08119580661213,0
ISNE_conventional_hydroelectric_1_inlet,252,453.08119580661213,0
ISNE_conventional_hydroelectric_1_inlet,253,453.08119580661213,0
ISNE_conventional_hydroelectric_1_inlet,254,453.08119580661213,0
ISNE_conventional_hydroelectric_1_inlet,255,453.08119580661213,0
ISNE_conventional_hydroelectric_1_inlet,256,453.08119580661213,0
ISNE_conventional_hydroelectric_1_inlet,257,453.08119580661213,0
ISNE_conventional_hydroelectric_1_inlet,258,453.08119580661213,0
ISNE_conventional_hydroelectric_1_inlet,259,453.08119580661213,0
ISNE_conventional_hydroelectric_1_inlet,260,453.08119580661213,0
ISNE_conventional_hydroelectric_1_inlet,261,453.08119580661213,0
ISNE_conventional_hydroelectric_1_inlet,262,453.08119580661213,0
ISNE_conventional_hydroelectric_1_inlet,263,453.08119580661213,0
ISNE_conventional_hydroelectric_1_inlet,264,453.08119580661213,0
ISNE_conventional_hydroelectric_1_inlet,265,381.2406661087807,0
ISNE_conventional_hydroelectric_1_inlet,266,380.8305219415382,0
ISNE_conventional_hydroelectric_1_inlet,267,380.38554391270725,0
ISNE_conventional_hydroelectric_1_inlet,268,379.9217489118543,0
ISNE_conventional_hydroelectric_1_inlet,269,379.47677088302333,0
ISNE_conventional_hydroelectric_1_inlet,270,379.0666267157808,0
ISNE_conventional_hydroelectric_1_inlet,271,378.6564825485384,0
ISNE_conventional_hydroelectric_1_inlet,272,378.15785368609704,0
ISNE_conventional_hydroelectric_1_inlet,273,377.74770951885444,0
ISNE_conventional_hydroelectric_1_inlet,274,377.30273149002346,0
ISNE_conventional_hydroelectric_1_inlet,275,376.8389364891707,0
ISNE_conventional_hydroelectric_1_inlet,276,376.3939584603397,0
ISNE_conventional_hydroelectric_1_inlet,277,375.977623812296,0
ISNE_conventional_hydroelectric_1_inlet,278,375.5674796450534,0
ISNE_conventional_hydroelectric_1_inlet,279,375.0688507826122,0
ISNE_conventional_hydroelectric_1_inlet,280,374.6587066153697,0
ISNE_conventional_hydroelectric_1_inlet,281,374.2137285865387,0
ISNE_conventional_hydroelectric_1_inlet,282,373.7499335856858,0
ISNE_conventional_hydroelectric_1_inlet,283,373.3049555568548,0
ISNE_conventional_hydroelectric_1_inlet,284,372.8948113896123,0
ISNE_conventional_hydroelectric_1_inlet,285,372.48466722236986,0
ISNE_conventional_hydroelectric_1_inlet,286,371.98603835992856,0
ISNE_conventional_hydroelectric_1_inlet,287,371.575894192686,0
ISNE_conventional_hydroelectric_1_inlet,288,371.130916163855,0
ISNE_conventional_hydroelectric_1_inlet,289,291.85330477653906,0
ISNE_conventional_hydroelectric_1_inlet,290,291.85330477653906,0
ISNE_conventional_hydroelectric_1_inlet,291,291.85330477653906,0
ISNE_conventional_hydroelectric_1_inlet,292,291.85330477653906,0
ISNE_conventional_hydroelectric_1_inlet,293,291.85330477653906,0
ISNE_conventional_hydroelectric_1_inlet,294,291.85330477653906,0
ISNE_conventional_hydroelectric_1_inlet,295,291.85330477653906,0
ISNE_conventional_hydroelectric_1_inlet,296,291.85330477653906,0
ISNE_conventional_hydroelectric_1_inlet,297,291.85330477653906,0
ISNE_conventional_hydroelectric_1_inlet,298,291.85330477653906,0
ISNE_conventional_hydroelectric_1_inlet,299,291.85330477653906,0
ISNE_conventional_hydroelectric_1_inlet,300,291.85330477653906,0
ISNE_conventional_hydroelectric_1_inlet,301,291.85330477653906,0
ISNE_conventional_hydroelectric_1_inlet,302,291.85330477653906,0
ISNE_conventional_hydroelectric_1_inlet,303,291.85330477653906,0
ISNE_conventional_hydroelectric_1_inlet,304,291.85330477653906,0
ISNE_conventional_hydroelectric_1_inlet,305,291.85330477653906,0
ISNE_conventional_hydroelectric_1_inlet,306,291.85330477653906,0
ISNE_conventional_hydroelectric_1_inlet,307,291.85330477653906,0
ISNE_conventional_hydroelectric_1_inlet,308,291.85330477653906,0
ISNE_conventional_hydroelectric_1_inlet,309,291.85330477653906,0
ISNE_conventional_hydroelectric_1_inlet,310,291.85330477653906,0
ISNE_conventional_hydroelectric_1_inlet,311,291.85330477653906,0
ISNE_conventional_hydroelectric_1_inlet,312,291.85330477653906,0
ISNE_conventional_hydroelectric_1_inlet,313,282.43211391387655,0
ISNE_conventional_hydroelectric_1_inlet,314,282.30260487628806,0
ISNE_conventional_hydroelectric_1_inlet,315,282.20792970028805,0
ISNE_conventional_hydroelectric_1_inlet,316,282.07842066269956,0
ISNE_conventional_hydroelectric_1_inlet,317,281.9489116251111,0
ISNE_conventional_hydroelectric_1_inlet,318,281.81940258752263,0
ISNE_conventional_hydroelectric_1_inlet,319,281.67107657791234,0
ISNE_conventional_hydroelectric_1_inlet,320,281.54156754032374,0
ISNE_conventional_hydroelectric_1_inlet,321,281.41205850273525,0
ISNE_conventional_hydroelectric_1_inlet,322,281.2825494651468,0
ISNE_conventional_hydroelectric_1_inlet,323,281.1592309083595,0
ISNE_conventional_hydroelectric_1_inlet,324,281.0645557323595,0
ISNE_conventional_hydroelectric_1_inlet,325,280.935046694771,0
ISNE_conventional_hydroelectric_1_inlet,326,280.75188682357225,0
ISNE_conventional_hydroelectric_1_inlet,327,280.6223777859837,0
ISNE_conventional_hydroelectric_1_inlet,328,280.5277026099838,0
ISNE_conventional_hydroelectric_1_inlet,329,280.3981935723953,0
ISNE_conventional_hydroelectric_1_inlet,330,280.2686845348068,0
ISNE_conventional_hydroelectric_1_inlet,331,280.1391754972184,0
ISNE_conventional_hydroelectric_1_inlet,332,280.0445003212183,0
ISNE_conventional_hydroelectric_1_inlet,333,279.8613404500195,0
ISNE_conventional_hydroelectric_1_inlet,334,279.7318314124311,0
ISNE_conventional_hydroelectric_1_inlet,335,279.60232237484263,0
ISNE_conventional_hydroelectric_1_inlet,336,279.50764719884256,0
ISNE_conventional_hydroelectric_1_inlet,337,260.8734327975395,0
ISNE_conventional_hydroelectric_1_inlet,338,260.72510678792923,0
ISNE_conventional_hydroelectric_1_inlet,339,260.59559775034074,0
ISNE_conventional_hydroelectric_1_inlet,340,260.46608871275225,0
ISNE_conventional_hydroelectric_1_inlet,341,260.3365796751637,0
ISNE_conventional_hydroelectric_1_inlet,342,260.20707063757527,0
ISNE_conventional_hydroelectric_1_inlet,343,260.11239546157526,0
ISNE_conventional_hydroelectric_1_inlet,344,259.9828864239867,0
ISNE_conventional_hydroelectric_1_inlet,345,259.79972655278794,0
ISNE_conventional_hydroelectric_1_inlet,346,259.67021751519945,0
ISNE_conventional_hydroelectric_1_inlet,347,259.57554233919944,0
ISNE_conventional_hydroelectric_1_inlet,348,259.44603330161095,0
ISNE_conventional_hydroelectric_1_inlet,349,259.3227147448237,0
ISNE_conventional_hydroelectric_1_inlet,350,259.1932057072353,0
ISNE_conventional_hydroelectric_1_inlet,351,259.09853053123527,0
ISNE_conventional_hydroelectric_1_inlet,352,258.91537066003644,0
ISNE_conventional_hydroelectric_1_inlet,353,258.7858616224479,0
ISNE_conventional_hydroelectric_1_inlet,354,258.65635258485946,0
ISNE_conventional_hydroelectric_1_inlet,355,258.56167740885945,0
ISNE_conventional_hydroelectric_1_inlet,356,258.432168371271,0
ISNE_conventional_hydroelectric_1_inlet,357,258.3026593336826,0
ISNE_conventional_hydroelectric_1_inlet,358,258.173150296094,0
ISNE_conventional_hydroelectric_1_inlet,359,257.98999042489527,0
ISNE_conventional_hydroelectric_1_inlet,360,257.8953152488952,0
ISNE_conventional_hydroelectric_1_inlet,361,251.57551347535437,0
ISNE_conventional_hydroelectric_1_inlet,362,251.61034733694294,0
ISNE_conventional_hydroelectric_1_inlet,363,251.6639981705532,0
ISNE_conventional_hydroelectric_1_inlet,364,251.70502251294297,0
ISNE_conventional_hydroelectric_1_inlet,365,251.73985637453134,0
ISNE_conventional_hydroelectric_1_inlet,366,251.79350720814182,0
ISNE_conventional_hydroelectric_1_inlet,367,251.8345315505314,0
ISNE_conventional_hydroelectric_1_inlet,368,251.8693654121199,0
ISNE_conventional_hydroelectric_1_inlet,369,251.95785010731873,0
ISNE_conventional_hydroelectric_1_inlet,370,251.95785010731873,0
ISNE_conventional_hydroelectric_1_inlet,371,251.99887444970832,0
ISNE_conventional_hydroelectric_1_inlet,372,252.08735914490717,0
ISNE_conventional_hydroelectric_1_inlet,373,252.08735914490717,0
ISNE_conventional_hydroelectric_1_inlet,374,252.12219300649565,0
ISNE_conventional_hydroelectric_1_inlet,375,252.21686818249563,0
ISNE_conventional_hydroelectric_1_inlet,376,252.25170204408408,0
ISNE_conventional_hydroelectric_1_inlet,377,252.25170204408408,0
ISNE_conventional_hydroelectric_1_inlet,378,252.34018673928293,0
ISNE_conventional_hydroelectric_1_inlet,379,252.3812110816726,0
ISNE_conventional_hydroelectric_1_inlet,380,252.3812110816726,0
ISNE_conventional_hydroelectric_1_inlet,381,252.46969577687142,0
ISNE_conventional_hydroelectric_1_inlet,382,252.51072011926104,0
ISNE_conventional_hydroelectric_1_inlet,383,252.54555398084955,0
ISNE_conventional_hydroelectric_1_inlet,384,252.59920481445982,0
ISNE_conventional_hydroelectric_1_inlet,385,258.0275303363191,0
ISNE_conventional_hydroelectric_1_inlet,386,258.06855467870884,0
ISNE_conventional_hydroelectric_1_inlet,387,258.06855467870884,0
ISNE_conventional_hydroelectric_1_inlet,388,258.15703937390765,0
ISNE_conventional_hydroelectric_1_inlet,389,258.19187323549613,0
ISNE_conventional_hydroelectric_1_inlet,390,258.23289757788586,0
ISNE_conventional_hydroelectric_1_inlet,391,258.28654841149614,0
ISNE_conventional_hydroelectric_1_inlet,392,258.3213822730846,0
ISNE_conventional_hydroelectric_1_inlet,393,258.35621613467305,0
ISNE_conventional_hydroelectric_1_inlet,394,258.41605744908463,0
ISNE_conventional_hydroelectric_1_inlet,395,258.45089131067306,0
ISNE_conventional_hydroelectric_1_inlet,396,258.48572517226154,0
ISNE_conventional_hydroelectric_1_inlet,397,258.57420986746035,0
ISNE_conventional_hydroelectric_1_inlet,398,258.58040034826155,0
ISNE_conventional_hydroelectric_1_inlet,399,258.61523420985003,0
ISNE_conventional_hydroelectric_1_inlet,400,258.7037189050488,0
ISNE_conventional_hydroelectric_1_inlet,401,258.7099093858499,0
ISNE_conventional_hydroelectric_1_inlet,402,258.7447432474386,0
ISNE_conventional_hydroelectric_1_inlet,403,258.8332279426374,0
ISNE_conventional_hydroelectric_1_inlet,404,258.8680618042259,0
ISNE_conventional_hydroelectric_1_inlet,405,258.874252285027,0
ISNE_conventional_hydroelectric_1_inlet,406,258.9627369802258,0
ISNE_conventional_hydroelectric_1_inlet,407,258.9975708418143,0
ISNE_conventional_hydroelectric_1_inlet,408,258.9975708418143,0
ISNE_conventional_hydroelectric_1_inlet,409,260.3499479792736,0
ISNE_conventional_hydroelectric_1_inlet,410,260.3499479792736,0
ISNE_conventional_hydroelectric_1_inlet,411,260.3499479792736,0
ISNE_conventional_hydroelectric_1_inlet,412,260.3499479792736,0
ISNE_conventional_hydroelectric_1_inlet,413,260.3499479792736,0
ISNE_conventional_hydroelectric_1_inlet,414,260.3499479792736,0
ISNE_conventional_hydroelectric_1_inlet,415,260.3499479792736,0
ISNE_conventional_hydroelectric_1_inlet,416,260.3499479792736,0
ISNE_conventional_hydroelectric_1_inlet,417,260.3499479792736,0
ISNE_conventional_hydroelectric_1_inlet,418,260.3499479792736,0
ISNE_conventional_hydroelectric_1_inlet,419,260.3499479792736,0
ISNE_conventional_hydroelectric_1_inlet,420,260.3499479792736,0
ISNE_conventional_hydroelectric_1_inlet,421,260.3499479792736,0
ISNE_conventional_hydroelectric_1_inlet,422,260.3499479792736,0
ISNE_conventional_hydroelectric_1_inlet,423,260.3499479792736,0
ISNE_conventional_hydroelectric_1_inlet,424,260.3499479792736,0
ISNE_conventional_hydroelectric_1_inlet,425,260.3499479792736,0
ISNE_conventional_hydroelectric_1_inlet,426,260.3499479792736,0
ISNE_conventional_hydroelectric_1_inlet,427,260.3499479792736,0
ISNE_conventional_hydroelectric_1_inlet,428,260.3499479792736,0
ISNE_conventional_hydroelectric_1_inlet,429,260.3499479792736,0
ISNE_conventional_hydroelectric_1_inlet,430,260.3499479792736,0
ISNE_conventional_hydroelectric_1_inlet,431,260.3499479792736,0
ISNE_conventional_hydroelectric_1_inlet,432,260.3499479792736,0
ISNE_conventional_hydroelectric_1_inlet,433,401.52171034826824,0
ISNE_conventional_hydroelectric_1_inlet,434,402.02033921070944,0
ISNE_conventional_hydroelectric_1_inlet,435,402.51896807315086,0
ISNE_conventional_hydroelectric_1_inlet,436,403.011406454791,0
ISNE_conventional_hydroelectric_1_inlet,437,403.5100353172322,0
ISNE_conventional_hydroelectric_1_inlet,438,404.04349804126207,0
ISNE_conventional_hydroelectric_1_inlet,439,404.5421269037033,0
ISNE_conventional_hydroelectric_1_inlet,440,405.04075576614474,0
ISNE_conventional_hydroelectric_1_inlet,441,405.53938462858605,0
ISNE_conventional_hydroelectric_1_inlet,442,406.0380134910273,0
ISNE_conventional_hydroelectric_1_inlet,443,406.53664235346866,0
ISNE_conventional_hydroelectric_1_inlet,444,407.0290807351087,0
ISNE_conventional_hydroelectric_1_inlet,445,407.5277095975501,0
ISNE_conventional_hydroelectric_1_inlet,446,408.0263384599914,0
ISNE_conventional_hydroelectric_1_inlet,447,408.52496732243264,0
ISNE_conventional_hydroelectric_1_inlet,448,409.02359618487407,0
ISNE_conventional_hydroelectric_1_inlet,449,409.5222250473154,0
ISNE_conventional_hydroelectric_1_inlet,450,410.02085390975674,0
ISNE_conventional_hydroelectric_1_inlet,451,410.519482772198,0
ISNE_conventional_hydroelectric_1_inlet,452,411.01192115383816,0
ISNE_conventional_hydroelectric_1_inlet,453,411.5105500162794,0
ISNE_conventional_hydroelectric_1_inlet,454,412.0440127403092,0
ISNE_conventional_hydroelectric_1_inlet,455,412.5426416027505,0
ISNE_conventional_hydroelectric_1_inlet,456,413.0412704651919,0
ISNE_conventional_hydroelectric_1_inlet,457,442.9665195972177,0
ISNE_conventional_hydroelectric_1_inlet,458,442.9665195972177,0
ISNE_conventional_hydroelectric_1_inlet,459,442.9665195972177,0
ISNE_conventional_hydroelectric_1_inlet,460,442.9665195972177,0
ISNE_conventional_hydroelectric_1_inlet,461,442.9665195972177,0
ISNE_conventional_hydroelectric_1_inlet,462,442.9665195972177,0
ISNE_conventional_hydroelectric_1_inlet,463,442.9665195972177,0
ISNE_conventional_hydroelectric_1_inlet,464,442.9665195972177,0
ISNE_conventional_hydroelectric_1_inlet,465,442.9665195972177,0
ISNE_conventional_hydroelectric_1_inlet,466,442.9665195972177,0
ISNE_conventional_hydroelectric_1_inlet,467,442.9665195972177,0
ISNE_conventional_hydroelectric_1_inlet,468,442.9665195972177,0
ISNE_conventional_hydroelectric_1_inlet,469,442.9665195972177,0
ISNE_conventional_hydroelectric_1_inlet,470,442.9665195972177,0
ISNE_conventional_hydroelectric_1_inlet,471,442.9665195972177,0
ISNE_conventional_hydroelectric_1_inlet,472,442.9665195972177,0
ISNE_conventional_hydroelectric_1_inlet,473,442.9665195972177,0
ISNE_conventional_hydroelectric_1_inlet,474,442.9665195972177,0
ISNE_conventional_hydroelectric_1_inlet,475,442.9665195972177,0
ISNE_conventional_hydroelectric_1_inlet,476,442.9665195972177,0
ISNE_conventional_hydroelectric_1_inlet,477,442.9665195972177,0
ISNE_conventional_hydroelectric_1_inlet,478,442.9665195972177,0
ISNE_conventional_hydroelectric_1_inlet,479,442.9665195972177,0
ISNE_conventional_hydroelectric_1_inlet,480,442.9665195972177,0
ISNE_conventional_hydroelectric_1_inlet,481,409.43264330488597,0
ISNE_conventional_hydroelectric_1_inlet,482,409.43264330488597,0
ISNE_conventional_hydroelectric_1_inlet,483,409.43264330488597,0
ISNE_conventional_hydroelectric_1_inlet,484,409.43264330488597,0
ISNE_conventional_hydroelectric_1_inlet,485,409.43264330488597,0
ISNE_conventional_hydroelectric_1_inlet,486,409.43264330488597,0
ISNE_conventional_hydroelectric_1_inlet,487,409.43264330488597,0
ISNE_conventional_hydroelectric_1_inlet,488,409.43264330488597,0
ISNE_conventional_hydroelectric_1_inlet,489,409.43264330488597,0
ISNE_conventional_hydroelectric_1_inlet,490,409.43264330488597,0
ISNE_conventional_hydroelectric_1_inlet,491,409.43264330488597,0
ISNE_conventional_hydroelectric_1_inlet,492,409.43264330488597,0
ISNE_conventional_hydroelectric_1_inlet,493,409.43264330488597,0
ISNE_conventional_hydroelectric_1_inlet,494,409.43264330488597,0
ISNE_conventional_hydroelectric_1_inlet,495,409.43264330488597,0
ISNE_conventional_hydroelectric_1_inlet,496,409.43264330488597,0
ISNE_conventional_hydroelectric_1_inlet,497,409.43264330488597,0
ISNE_conventional_hydroelectric_1_inlet,498,409.43264330488597,0
ISNE_conventional_hydroelectric_1_inlet,499,409.43264330488597,0
ISNE_conventional_hydroelectric_1_inlet,500,409.43264330488597,0
ISNE_conventional_hydroelectric_1_inlet,501,409.43264330488597,0
ISNE_conventional_hydroelectric_1_inlet,502,409.43264330488597,0
ISNE_conventional_hydroelectric_1_inlet,503,409.43264330488597,0
ISNE_conventional_hydroelectric_1_inlet,504,409.43264330488597,0
ISNE_conventional_hydroelectric_1_inlet,505,444.5037387449628,0
ISNE_conventional_hydroelectric_1_inlet,506,444.7307230410065,0
ISNE_conventional_hydroelectric_1_inlet,507,444.98635071783747,0
ISNE_conventional_hydroelectric_1_inlet,508,445.21333501388114,0
ISNE_conventional_hydroelectric_1_inlet,509,445.5226135243225,0
ISNE_conventional_hydroelectric_1_inlet,510,445.74340733956495,0
ISNE_conventional_hydroelectric_1_inlet,511,445.9703916356087,0
ISNE_conventional_hydroelectric_1_inlet,512,446.27967014604997,0
ISNE_conventional_hydroelectric_1_inlet,513,446.50665444209375,0
ISNE_conventional_hydroelectric_1_inlet,514,446.76228211892476,0
ISNE_conventional_hydroelectric_1_inlet,515,446.98307593416723,0
ISNE_conventional_hydroelectric_1_inlet,516,447.29854492540966,0
ISNE_conventional_hydroelectric_1_inlet,517,447.5193387406522,0
ISNE_conventional_hydroelectric_1_inlet,518,447.7463230366959,0
ISNE_conventional_hydroelectric_1_inlet,519,448.00195071352687,0
ISNE_conventional_hydroelectric_1_inlet,520,448.2763953623798,0
ISNE_conventional_hydroelectric_1_inlet,521,448.53821352001194,0
ISNE_conventional_hydroelectric_1_inlet,522,448.7590073352545,0
ISNE_conventional_hydroelectric_1_inlet,523,449.0208254928867,0
ISNE_conventional_hydroelectric_1_inlet,524,449.29527014173954,0
ISNE_conventional_hydroelectric_1_inlet,525,449.51606395698195,0
ISNE_conventional_hydroelectric_1_inlet,526,449.7778821146142,0
ISNE_conventional_hydroelectric_1_inlet,527,449.99867592985674,0
ISNE_conventional_hydroelectric_1_inlet,528,450.31414492109917,0
ISNE_conventional_hydroelectric_1_inlet,529,501.6905279726232,0
ISNE_conventional_hydroelectric_1_inlet,530,501.6905279726232,0
ISNE_conventional_hydroelectric_1_inlet,531,501.6905279726232,0
ISNE_conventional_hydroelectric_1_inlet,532,501.6905279726232,0
ISNE_conventional_hydroelectric_1_inlet,533,501.6905279726232,0
ISNE_conventional_hydroelectric_1_inlet,534,501.6905279726232,0
ISNE_conventional_hydroelectric_1_inlet,535,501.6905279726232,0
ISNE_conventional_hydroelectric_1_inlet,536,501.6905279726232,0
ISNE_conventional_hydroelectric_1_inlet,537,501.6905279726232,0
ISNE_conventional_hydroelectric_1_inlet,538,501.6905279726232,0
ISNE_conventional_hydroelectric_1_inlet,539,501.6905279726232,0
ISNE_conventional_hydroelectric_1_inlet,540,501.6905279726232,0
ISNE_conventional_hydroelectric_1_inlet,541,501.6905279726232,0
ISNE_conventional_hydroelectric_1_inlet,542,501.6905279726232,0
ISNE_conventional_hydroelectric_1_inlet,543,501.6905279726232,0
ISNE_conventional_hydroelectric_1_inlet,544,501.6905279726232,0
ISNE_conventional_hydroelectric_1_inlet,545,501.6905279726232,0
ISNE_conventional_hydroelectric_1_inlet,546,501.6905279726232,0
ISNE_conventional_hydroelectric_1_inlet,547,501.6905279726232,0
ISNE_conventional_hydroelectric_1_inlet,548,501.6905279726232,0
ISNE_conventional_hydroelectric_1_inlet,549,501.6905279726232,0
ISNE_conventional_hydroelectric_1_inlet,550,501.6905279726232,0
ISNE_conventional_hydroelectric_1_inlet,551,501.6905279726232,0
ISNE_conventional_hydroelectric_1_inlet,552,501.6905279726232,0
ISNE_conventional_hydroelectric_1_inlet,553,496.8985211887133,0
ISNE_conventional_hydroelectric_1_inlet,554,496.8608872446695,0
ISNE_conventional_hydroelectric_1_inlet,555,496.7884194390373,0
ISNE_conventional_hydroelectric_1_inlet,556,496.76960246701555,0
ISNE_conventional_hydroelectric_1_inlet,557,496.69713466138313,0
ISNE_conventional_hydroelectric_1_inlet,558,496.65950071733965,0
ISNE_conventional_hydroelectric_1_inlet,559,496.58703291170747,0
ISNE_conventional_hydroelectric_1_inlet,560,496.5682159396856,0
ISNE_conventional_hydroelectric_1_inlet,561,496.49574813405343,0
ISNE_conventional_hydroelectric_1_inlet,562,496.4581141900096,0
ISNE_conventional_hydroelectric_1_inlet,563,496.43929721798787,0
ISNE_conventional_hydroelectric_1_inlet,564,496.36682941235557,0
ISNE_conventional_hydroelectric_1_inlet,565,496.29436160672344,0
ISNE_conventional_hydroelectric_1_inlet,566,496.2567276626799,0
ISNE_conventional_hydroelectric_1_inlet,567,496.23791069065794,0
ISNE_conventional_hydroelectric_1_inlet,568,496.16544288502575,0
ISNE_conventional_hydroelectric_1_inlet,569,496.0929750793936,0
ISNE_conventional_hydroelectric_1_inlet,570,496.1089919689602,0
ISNE_conventional_hydroelectric_1_inlet,571,496.0303336825268,0
ISNE_conventional_hydroelectric_1_inlet,572,495.9578658768947,0
ISNE_conventional_hydroelectric_1_inlet,573,495.8853980712624,0
ISNE_conventional_hydroelectric_1_inlet,574,495.9014149608291,0
ISNE_conventional_hydroelectric_1_inlet,575,495.82894715519683,0
ISNE_conventional_hydroelectric_1_inlet,576,495.75647934956476,0
MISC_conventional_hydroelectric_1_inlet,1,118.14086068164231,0
MISC_conventional_hydroelectric_1_inlet,2,118.26602630583315,0
MISC_conventional_hydroelectric_1_inlet,3,118.43310154480939,0
MISC_conventional_hydroelectric_1_inlet,4,118.56128441988473,0
MISC_conventional_hydroelectric_1_inlet,5,118.72835965886088,0
MISC_conventional_hydroelectric_1_inlet,6,118.85465172338199,0
MISC_conventional_hydroelectric_1_inlet,7,119.02474421324267,0
MISC_conventional_hydroelectric_1_inlet,8,119.14990983743351,0
MISC_conventional_hydroelectric_1_inlet,9,119.28351370659794,0
MISC_conventional_hydroelectric_1_inlet,10,119.45058894557415,0
MISC_conventional_hydroelectric_1_inlet,11,119.5798982609797,0
MISC_conventional_hydroelectric_1_inlet,12,119.74697349995593,0
MISC_conventional_hydroelectric_1_inlet,13,119.87213912414678,0
MISC_conventional_hydroelectric_1_inlet,14,120.00574299331122,0
MISC_conventional_hydroelectric_1_inlet,15,120.16739723819833,0
MISC_conventional_hydroelectric_1_inlet,16,120.30212754769296,0
MISC_conventional_hydroelectric_1_inlet,17,120.46920278666914,0
MISC_conventional_hydroelectric_1_inlet,18,120.59436841086001,0
MISC_conventional_hydroelectric_1_inlet,19,120.73098953090896,0
MISC_conventional_hydroelectric_1_inlet,20,120.88962652491158,0
MISC_conventional_hydroelectric_1_inlet,21,121.02323039407604,0
MISC_conventional_hydroelectric_1_inlet,22,121.18299382840883,0
MISC_conventional_hydroelectric_1_inlet,23,121.31961494845774,0
MISC_conventional_hydroelectric_1_inlet,24,121.44478057264864,0
MISC_conventional_hydroelectric_1_inlet,25,150.55345704302425,0
MISC_conventional_hydroelectric_1_inlet,26,150.6299745254545,0
MISC_conventional_hydroelectric_1_inlet,27,150.7149302528583,0
MISC_conventional_hydroelectric_1_inlet,28,150.83335735007384,0
MISC_conventional_hydroelectric_1_inlet,29,150.90987483250407,0
MISC_conventional_hydroelectric_1_inlet,30,150.99483055990785,0
MISC_conventional_hydroelectric_1_inlet,31,151.11325765712343,0
MISC_conventional_hydroelectric_1_inlet,32,151.1982133845272,0
MISC_conventional_hydroelectric_1_inlet,33,151.27058717574278,0
MISC_conventional_hydroelectric_1_inlet,34,151.3890142729583,0
MISC_conventional_hydroelectric_1_inlet,35,151.4739700003621,0
MISC_conventional_hydroelectric_1_inlet,36,151.55048748279233,0
MISC_conventional_hydroelectric_1_inlet,37,151.66891458000788,0
MISC_conventional_hydroelectric_1_inlet,38,151.75387030741166,0
MISC_conventional_hydroelectric_1_inlet,39,151.83882603481547,0
MISC_conventional_hydroelectric_1_inlet,40,151.91232626636122,0
MISC_conventional_hydroelectric_1_inlet,41,152.03075336357676,0
MISC_conventional_hydroelectric_1_inlet,42,152.11570909098057,0
MISC_conventional_hydroelectric_1_inlet,43,152.20066481838438,0
MISC_conventional_hydroelectric_1_inlet,44,152.31065367062638,0
MISC_conventional_hydroelectric_1_inlet,45,152.39560939803016,0
MISC_conventional_hydroelectric_1_inlet,46,152.48056512543397,0
MISC_conventional_hydroelectric_1_inlet,47,152.5905539776759,0
MISC_conventional_hydroelectric_1_inlet,48,152.67136601386503,0
MISC_conventional_hydroelectric_1_inlet,49,170.53035330902293,0
MISC_conventional_hydroelectric_1_inlet,50,170.53035330902293,0
MISC_conventional_hydroelectric_1_inlet,51,170.53035330902293,0
MISC_conventional_hydroelectric_1_inlet,52,170.53035330902293,0
MISC_conventional_hydroelectric_1_inlet,53,170.53035330902293,0
MISC_conventional_hydroelectric_1_inlet,54,170.53035330902293,0
MISC_conventional_hydroelectric_1_inlet,55,170.53035330902293,0
MISC_conventional_hydroelectric_1_inlet,56,170.53035330902293,0
MISC_conventional_hydroelectric_1_inlet,57,170.53035330902293,0
MISC_conventional_hydroelectric_1_inlet,58,170.53035330902293,0
MISC_conventional_hydroelectric_1_inlet,59,170.53035330902293,0
MISC_conventional_hydroelectric_1_inlet,60,170.53035330902293,0
MISC_conventional_hydroelectric_1_inlet,61,170.53035330902293,0
MISC_conventional_hydroelectric_1_inlet,62,170.53035330902293,0
MISC_conventional_hydroelectric_1_inlet,63,170.53035330902293,0
MISC_conventional_hydroelectric_1_inlet,64,170.53035330902293,0
MISC_conventional_hydroelectric_1_inlet,65,170.53035330902293,0
MISC_conventional_hydroelectric_1_inlet,66,170.53035330902293,0
MISC_conventional_hydroelectric_1_inlet,67,170.53035330902293,0
MISC_conventional_hydroelectric_1_inlet,68,170.53035330902293,0
MISC_conventional_hydroelectric_1_inlet,69,170.53035330902293,0
MISC_conventional_hydroelectric_1_inlet,70,170.53035330902293,0
MISC_conventional_hydroelectric_1_inlet,71,170.53035330902293,0
MISC_conventional_hydroelectric_1_inlet,72,170.53035330902293,0
MISC_conventional_hydroelectric_1_inlet,73,170.53035330902293,0
MISC_conventional_hydroelectric_1_inlet,74,170.53035330902293,0
MISC_conventional_hydroelectric_1_inlet,75,170.53035330902293,0
MISC_conventional_hydroelectric_1_inlet,76,170.53035330902293,0
MISC_conventional_hydroelectric_1_inlet,77,170.53035330902293,0
MISC_conventional_hydroelectric_1_inlet,78,170.53035330902293,0
MISC_conventional_hydroelectric_1_inlet,79,170.53035330902293,0
MISC_conventional_hydroelectric_1_inlet,80,170.53035330902293,0
MISC_conventional_hydroelectric_1_inlet,81,170.53035330902293,0
MISC_conventional_hydroelectric_1_inlet,82,170.53035330902293,0
MISC_conventional_hydroelectric_1_inlet,83,170.53035330902293,0
MISC_conventional_hydroelectric_1_inlet,84,170.53035330902293,0
MISC_conventional_hydroelectric_1_inlet,85,170.53035330902293,0
MISC_conventional_hydroelectric_1_inlet,86,170.53035330902293,0
MISC_conventional_hydroelectric_1_inlet,87,170.53035330902293,0
MISC_conventional_hydroelectric_1_inlet,88,170.53035330902293,0
MISC_conventional_hydroelectric_1_inlet,89,170.53035330902293,0
MISC_conventional_hydroelectric_1_inlet,90,170.53035330902293,0
MISC_conventional_hydroelectric_1_inlet,91,170.53035330902293,0
MISC_conventional_hydroelectric_1_inlet,92,170.53035330902293,0
MISC_conventional_hydroelectric_1_inlet,93,170.53035330902293,0
MISC_conventional_hydroelectric_1_inlet,94,170.53035330902293,0
MISC_conventional_hydroelectric_1_inlet,95,170.53035330902293,0
MISC_conventional_hydroelectric_1_inlet,96,170.53035330902293,0
MISC_conventional_hydroelectric_1_inlet,97,210.07867760966195,0
MISC_conventional_hydroelectric_1_inlet,98,210.213528609192,0
MISC_conventional_hydroelectric_1_inlet,99,210.3274901750985,0
MISC_conventional_hydroelectric_1_inlet,100,210.4707794196021,0
MISC_conventional_hydroelectric_1_inlet,101,210.61406866410573,0
MISC_conventional_hydroelectric_1_inlet,102,210.72690378968204,0
MISC_conventional_hydroelectric_1_inlet,103,210.87131947451587,0
MISC_conventional_hydroelectric_1_inlet,104,210.98113734920773,0
MISC_conventional_hydroelectric_1_inlet,105,211.12442659371132,0
MISC_conventional_hydroelectric_1_inlet,106,211.27185952942958,0
MISC_conventional_hydroelectric_1_inlet,107,211.38167740412143,0
MISC_conventional_hydroelectric_1_inlet,108,211.52496664862502,0
MISC_conventional_hydroelectric_1_inlet,109,211.67127314401313,0
MISC_conventional_hydroelectric_1_inlet,110,211.7822174590352,0
MISC_conventional_hydroelectric_1_inlet,111,211.9255067035388,0
MISC_conventional_hydroelectric_1_inlet,112,212.03532457823067,0
MISC_conventional_hydroelectric_1_inlet,113,212.1816310736187,0
MISC_conventional_hydroelectric_1_inlet,114,212.32604675845255,0
MISC_conventional_hydroelectric_1_inlet,115,212.43586463314438,0
MISC_conventional_hydroelectric_1_inlet,116,212.58217112853245,0
MISC_conventional_hydroelectric_1_inlet,117,212.6931154435545,0
MISC_conventional_hydroelectric_1_inlet,118,212.8364046880581,0
MISC_conventional_hydroelectric_1_inlet,119,212.97969393256173,0
MISC_conventional_hydroelectric_1_inlet,120,213.09252905813807,0
MISC_conventional_hydroelectric_1_inlet,121,217.8488127198882,0
MISC_conventional_hydroelectric_1_inlet,122,217.8488127198882,0
MISC_conventional_hydroelectric_1_inlet,123,217.8488127198882,0
MISC_conventional_hydroelectric_1_inlet,124,217.8488127198882,0
MISC_conventional_hydroelectric_1_inlet,125,217.8488127198882,0
MISC_conventional_hydroelectric_1_inlet,126,217.8488127198882,0
MISC_conventional_hydroelectric_1_inlet,127,217.8488127198882,0
MISC_conventional_hydroelectric_1_inlet,128,217.8488127198882,0
MISC_conventional_hydroelectric_1_inlet,129,217.8488127198882,0
MISC_conventional_hydroelectric_1_inlet,130,217.8488127198882,0
MISC_conventional_hydroelectric_1_inlet,131,217.8488127198882,0
MISC_conventional_hydroelectric_1_inlet,132,217.8488127198882,0
MISC_conventional_hydroelectric_1_inlet,133,217.8488127198882,0
MISC_conventional_hydroelectric_1_inlet,134,217.8488127198882,0
MISC_conventional_hydroelectric_1_inlet,135,217.8488127198882,0
MISC_conventional_hydroelectric_1_inlet,136,217.8488127198882,0
MISC_conventional_hydroelectric_1_inlet,137,217.8488127198882,0
MISC_conventional_hydroelectric_1_inlet,138,217.8488127198882,0
MISC_conventional_hydroelectric_1_inlet,139,217.8488127198882,0
MISC_conventional_hydroelectric_1_inlet,140,217.8488127198882,0
MISC_conventional_hydroelectric_1_inlet,141,217.8488127198882,0
MISC_conventional_hydroelectric_1_inlet,142,217.8488127198882,0
MISC_conventional_hydroelectric_1_inlet,143,217.8488127198882,0
MISC_conventional_hydroelectric_1_inlet,144,217.8488127198882,0
MISC_conventional_hydroelectric_1_inlet,145,267.9317679086338,0
MISC_conventional_hydroelectric_1_inlet,146,268.14863784470674,0
MISC_conventional_hydroelectric_1_inlet,147,268.3636169702254,0
MISC_conventional_hydroelectric_1_inlet,148,268.5690314104403,0
MISC_conventional_hydroelectric_1_inlet,149,268.7828840956288,0
MISC_conventional_hydroelectric_1_inlet,150,268.99786322114744,0
MISC_conventional_hydroelectric_1_inlet,151,269.20327766136234,0
MISC_conventional_hydroelectric_1_inlet,152,269.42014759743523,0
MISC_conventional_hydroelectric_1_inlet,153,269.60165535314223,0
MISC_conventional_hydroelectric_1_inlet,154,269.8070697933571,0
MISC_conventional_hydroelectric_1_inlet,155,270.0220489188758,0
MISC_conventional_hydroelectric_1_inlet,156,270.2359016040643,0
MISC_conventional_hydroelectric_1_inlet,157,270.44433329516363,0
MISC_conventional_hydroelectric_1_inlet,158,270.6593124206823,0
MISC_conventional_hydroelectric_1_inlet,159,270.8731651058708,0
MISC_conventional_hydroelectric_1_inlet,160,271.07970598641583,0
MISC_conventional_hydroelectric_1_inlet,161,271.29355867160433,0
MISC_conventional_hydroelectric_1_inlet,162,271.4769572378656,0
MISC_conventional_hydroelectric_1_inlet,163,271.6834981184106,0
MISC_conventional_hydroelectric_1_inlet,164,271.89735080359907,0
MISC_conventional_hydroelectric_1_inlet,165,272.11120348878757,0
MISC_conventional_hydroelectric_1_inlet,166,272.3177443693326,0
MISC_conventional_hydroelectric_1_inlet,167,272.5315970545211,0
MISC_conventional_hydroelectric_1_inlet,168,272.7495934309243,0
MISC_conventional_hydroelectric_1_inlet,169,293.93335987820313,0
MISC_conventional_hydroelectric_1_inlet,170,293.93335987820313,0
MISC_conventional_hydroelectric_1_inlet,171,293.93335987820313,0
MISC_conventional_hydroelectric_1_inlet,172,293.93335987820313,0
MISC_conventional_hydroelectric_1_inlet,173,293.93335987820313,0
MISC_conventional_hydroelectric_1_inlet,174,293.93335987820313,0
MISC_conventional_hydroelectric_1_inlet,175,293.93335987820313,0
MISC_conventional_hydroelectric_1_inlet,176,293.93335987820313,0
MISC_conventional_hydroelectric_1_inlet,177,293.93335987820313,0
MISC_conventional_hydroelectric_1_inlet,178,293.93335987820313,0
MISC_conventional_hydroelectric_1_inlet,179,293.93335987820313,0
MISC_conventional_hydroelectric_1_inlet,180,293.93335987820313,0
MISC_conventional_hydroelectric_1_inlet,181,293.93335987820313,0
MISC_conventional_hydroelectric_1_inlet,182,293.93335987820313,0
MISC_conventional_hydroelectric_1_inlet,183,293.93335987820313,0
MISC_conventional_hydroelectric_1_inlet,184,293.93335987820313,0
MISC_conventional_hydroelectric_1_inlet,185,293.93335987820313,0
MISC_conventional_hydroelectric_1_inlet,186,293.93335987820313,0
MISC_conventional_hydroelectric_1_inlet,187,293.93335987820313,0
MISC_conventional_hydroelectric_1_inlet,188,293.93335987820313,0
MISC_conventional_hydroelectric_1_inlet,189,293.93335987820313,0
MISC_conventional_hydroelectric_1_inlet,190,293.93335987820313,0
MISC_conventional_hydroelectric_1_inlet,191,293.93335987820313,0
MISC_conventional_hydroelectric_1_inlet,192,293.93335987820313,0
MISC_conventional_hydroelectric_1_inlet,193,249.0895390102498,0
MISC_conventional_hydroelectric_1_inlet,194,249.0895390102498,0
MISC_conventional_hydroelectric_1_inlet,195,249.0895390102498,0
MISC_conventional_hydroelectric_1_inlet,196,249.0895390102498,0
MISC_conventional_hydroelectric_1_inlet,197,249.0895390102498,0
MISC_conventional_hydroelectric_1_inlet,198,249.0895390102498,0
MISC_conventional_hydroelectric_1_inlet,199,249.0895390102498,0
MISC_conventional_hydroelectric_1_inlet,200,249.0895390102498,0
MISC_conventional_hydroelectric_1_inlet,201,249.0895390102498,0
MISC_conventional_hydroelectric_1_inlet,202,249.0895390102498,0
MISC_conventional_hydroelectric_1_inlet,203,249.0895390102498,0
MISC_conventional_hydroelectric_1_inlet,204,249.0895390102498,0
MISC_conventional_hydroelectric_1_inlet,205,249.0895390102498,0
MISC_conventional_hydroelectric_1_inlet,206,249.0895390102498,0
MISC_conventional_hydroelectric_1_inlet,207,249.0895390102498,0
MISC_conventional_hydroelectric_1_inlet,208,249.0895390102498,0
MISC_conventional_hydroelectric_1_inlet,209,249.0895390102498,0
MISC_conventional_hydroelectric_1_inlet,210,249.0895390102498,0
MISC_conventional_hydroelectric_1_inlet,211,249.0895390102498,0
MISC_conventional_hydroelectric_1_inlet,212,249.0895390102498,0
MISC_conventional_hydroelectric_1_inlet,213,249.0895390102498,0
MISC_conventional_hydroelectric_1_inlet,214,249.0895390102498,0
MISC_conventional_hydroelectric_1_inlet,215,249.0895390102498,0
MISC_conventional_hydroelectric_1_inlet,216,249.0895390102498,0
MISC_conventional_hydroelectric_1_inlet,217,211.8670927264154,0
MISC_conventional_hydroelectric_1_inlet,218,211.5808863650173,0
MISC_conventional_hydroelectric_1_inlet,219,211.32702493310072,0
MISC_conventional_hydroelectric_1_inlet,220,211.0816017461577,0
MISC_conventional_hydroelectric_1_inlet,221,210.8277403142411,0
MISC_conventional_hydroelectric_1_inlet,222,210.57802257353924,0
MISC_conventional_hydroelectric_1_inlet,223,210.32416114162268,0
MISC_conventional_hydroelectric_1_inlet,224,210.07029970970606,0
MISC_conventional_hydroelectric_1_inlet,225,209.78409334830792,0
MISC_conventional_hydroelectric_1_inlet,226,209.5302319163914,0
MISC_conventional_hydroelectric_1_inlet,227,209.28480872944834,0
MISC_conventional_hydroelectric_1_inlet,228,209.03509098874648,0
MISC_conventional_hydroelectric_1_inlet,229,208.7812295568299,0
MISC_conventional_hydroelectric_1_inlet,230,208.52736812491332,0
MISC_conventional_hydroelectric_1_inlet,231,208.2411617635152,0
MISC_conventional_hydroelectric_1_inlet,232,207.98730033159862,0
MISC_conventional_hydroelectric_1_inlet,233,207.7448943955401,0
MISC_conventional_hydroelectric_1_inlet,234,207.49215940395374,0
MISC_conventional_hydroelectric_1_inlet,235,207.23829797203715,0
MISC_conventional_hydroelectric_1_inlet,236,206.98443654012058,0
MISC_conventional_hydroelectric_1_inlet,237,206.730575108204,0
MISC_conventional_hydroelectric_1_inlet,238,206.44738599769033,0
MISC_conventional_hydroelectric_1_inlet,239,206.19352456577377,0
MISC_conventional_hydroelectric_1_inlet,240,205.94810137883078,0
MISC_conventional_hydroelectric_1_inlet,241,155.1170389482861,0
MISC_conventional_hydroelectric_1_inlet,242,155.1170389482861,0
MISC_conventional_hydroelectric_1_inlet,243,155.1170389482861,0
MISC_conventional_hydroelectric_1_inlet,244,155.1170389482861,0
MISC_conventional_hydroelectric_1_inlet,245,155.1170389482861,0
MISC_conventional_hydroelectric_1_inlet,246,155.1170389482861,0
MISC_conventional_hydroelectric_1_inlet,247,155.1170389482861,0
MISC_conventional_hydroelectric_1_inlet,248,155.1170389482861,0
MISC_conventional_hydroelectric_1_inlet,249,155.1170389482861,0
MISC_conventional_hydroelectric_1_inlet,250,155.1170389482861,0
MISC_conventional_hydroelectric_1_inlet,251,155.1170389482861,0
MISC_conventional_hydroelectric_1_inlet,252,155.1170389482861,0
MISC_conventional_hydroelectric_1_inlet,253,155.1170389482861,0
MISC_conventional_hydroelectric_1_inlet,254,155.1170389482861,0
MISC_conventional_hydroelectric_1_inlet,255,155.1170389482861,0
MISC_conventional_hydroelectric_1_inlet,256,155.1170389482861,0
MISC_conventional_hydroelectric_1_inlet,257,155.1170389482861,0
MISC_conventional_hydroelectric_1_inlet,258,155.1170389482861,0
MISC_conventional_hydroelectric_1_inlet,259,155.1170389482861,0
MISC_conventional_hydroelectric_1_inlet,260,155.1170389482861,0
MISC_conventional_hydroelectric_1_inlet,261,155.1170389482861,0
MISC_conventional_hydroelectric_1_inlet,262,155.1170389482861,0
MISC_conventional_hydroelectric_1_inlet,263,155.1170389482861,0
MISC_conventional_hydroelectric_1_inlet,264,155.1170389482861,0
MISC_conventional_hydroelectric_1_inlet,265,158.36373164751691,0
MISC_conventional_hydroelectric_1_inlet,266,158.38349464081023,0
MISC_conventional_hydroelectric_1_inlet,267,158.406274884988,0
MISC_conventional_hydroelectric_1_inlet,268,158.42792868883555,0
MISC_conventional_hydroelectric_1_inlet,269,158.45070893301332,0
MISC_conventional_hydroelectric_1_inlet,270,158.46934548597648,0
MISC_conventional_hydroelectric_1_inlet,271,158.49212573015419,0
MISC_conventional_hydroelectric_1_inlet,272,158.51490597433198,0
MISC_conventional_hydroelectric_1_inlet,273,158.53655977817954,0
MISC_conventional_hydroelectric_1_inlet,274,158.5593400223573,0
MISC_conventional_hydroelectric_1_inlet,275,158.57797657532038,0
MISC_conventional_hydroelectric_1_inlet,276,158.60075681949814,0
MISC_conventional_hydroelectric_1_inlet,277,158.6235370636759,0
MISC_conventional_hydroelectric_1_inlet,278,158.6451908675235,0
MISC_conventional_hydroelectric_1_inlet,279,158.66495386081678,0
MISC_conventional_hydroelectric_1_inlet,280,158.68660766466436,0
MISC_conventional_hydroelectric_1_inlet,281,158.70938790884213,0
MISC_conventional_hydroelectric_1_inlet,282,158.7321681530199,0
MISC_conventional_hydroelectric_1_inlet,283,158.71733333617124,0
MISC_conventional_hydroelectric_1_inlet,284,158.740113580349,0
MISC_conventional_hydroelectric_1_inlet,285,158.76176738419656,0
MISC_conventional_hydroelectric_1_inlet,286,158.78454762837436,0
MISC_conventional_hydroelectric_1_inlet,287,158.8073278725521,0
MISC_conventional_hydroelectric_1_inlet,288,158.8259644255152,0
MISC_conventional_hydroelectric_1_inlet,289,162.4399671899188,0
MISC_conventional_hydroelectric_1_inlet,290,162.4399671899188,0
MISC_conventional_hydroelectric_1_inlet,291,162.4399671899188,0
MISC_conventional_hydroelectric_1_inlet,292,162.4399671899188,0
MISC_conventional_hydroelectric_1_inlet,293,162.4399671899188,0
MISC_conventional_hydroelectric_1_inlet,294,162.4399671899188,0
MISC_conventional_hydroelectric_1_inlet,295,162.4399671899188,0
MISC_conventional_hydroelectric_1_inlet,296,162.4399671899188,0
MISC_conventional_hydroelectric_1_inlet,297,162.4399671899188,0
MISC_conventional_hydroelectric_1_inlet,298,162.4399671899188,0
MISC_conventional_hydroelectric_1_inlet,299,162.4399671899188,0
MISC_conventional_hydroelectric_1_inlet,300,162.4399671899188,0
MISC_conventional_hydroelectric_1_inlet,301,162.4399671899188,0
MISC_conventional_hydroelectric_1_inlet,302,162.4399671899188,0
MISC_conventional_hydroelectric_1_inlet,303,162.4399671899188,0
MISC_conventional_hydroelectric_1_inlet,304,162.4399671899188,0
MISC_conventional_hydroelectric_1_inlet,305,162.4399671899188,0
MISC_conventional_hydroelectric_1_inlet,306,162.4399671899188,0
MISC_conventional_hydroelectric_1_inlet,307,162.4399671899188,0
MISC_conventional_hydroelectric_1_inlet,308,162.4399671899188,0
MISC_conventional_hydroelectric_1_inlet,309,162.4399671899188,0
MISC_conventional_hydroelectric_1_inlet,310,162.4399671899188,0
MISC_conventional_hydroelectric_1_inlet,311,162.4399671899188,0
MISC_conventional_hydroelectric_1_inlet,312,162.4399671899188,0
MISC_conventional_hydroelectric_1_inlet,313,162.30924982410048,0
MISC_conventional_hydroelectric_1_inlet,314,162.2996851387967,0
MISC_conventional_hydroelectric_1_inlet,315,162.31515357833112,0
MISC_conventional_hydroelectric_1_inlet,316,162.30144520181267,0
MISC_conventional_hydroelectric_1_inlet,317,162.29188051650885,0
MISC_conventional_hydroelectric_1_inlet,318,162.31276995013235,0
MISC_conventional_hydroelectric_1_inlet,319,162.30320526482856,0
MISC_conventional_hydroelectric_1_inlet,320,162.2894968883101,0
MISC_conventional_hydroelectric_1_inlet,321,162.3134035728181,0
MISC_conventional_hydroelectric_1_inlet,322,162.29540064254073,0
MISC_conventional_hydroelectric_1_inlet,323,162.2828187063525,0
MISC_conventional_hydroelectric_1_inlet,324,162.30559895053025,0
MISC_conventional_hydroelectric_1_inlet,325,162.293017014342,0
MISC_conventional_hydroelectric_1_inlet,326,162.28345232903823,0
MISC_conventional_hydroelectric_1_inlet,327,162.3073590135462,0
MISC_conventional_hydroelectric_1_inlet,328,162.29365063702775,0
MISC_conventional_hydroelectric_1_inlet,329,162.27564770675042,0
MISC_conventional_hydroelectric_1_inlet,330,162.26306577056218,0
MISC_conventional_hydroelectric_1_inlet,331,162.28584601473995,0
MISC_conventional_hydroelectric_1_inlet,332,162.27326407855168,0
MISC_conventional_hydroelectric_1_inlet,333,162.2636993932479,0
MISC_conventional_hydroelectric_1_inlet,334,162.28760607775587,0
MISC_conventional_hydroelectric_1_inlet,335,162.2738977012374,0
MISC_conventional_hydroelectric_1_inlet,336,162.25589477096005,0
MISC_conventional_hydroelectric_1_inlet,337,162.0016209814226,0
MISC_conventional_hydroelectric_1_inlet,338,161.98903904523436,0
MISC_conventional_hydroelectric_1_inlet,339,162.01181928941213,0
MISC_conventional_hydroelectric_1_inlet,340,162.00225460410832,0
MISC_conventional_hydroelectric_1_inlet,341,161.98967266792005,0
MISC_conventional_hydroelectric_1_inlet,342,162.00514110745448,0
MISC_conventional_hydroelectric_1_inlet,343,161.99143273093603,0
MISC_conventional_hydroelectric_1_inlet,344,161.98186804563227,0
MISC_conventional_hydroelectric_1_inlet,345,162.00577473014022,0
MISC_conventional_hydroelectric_1_inlet,346,161.99206635362177,0
MISC_conventional_hydroelectric_1_inlet,347,161.98250166831798,0
MISC_conventional_hydroelectric_1_inlet,348,162.00339110194147,0
MISC_conventional_hydroelectric_1_inlet,349,161.98538817166414,0
MISC_conventional_hydroelectric_1_inlet,350,161.97167979514563,0
MISC_conventional_hydroelectric_1_inlet,351,161.99558647965367,0
MISC_conventional_hydroelectric_1_inlet,352,161.98602179434988,0
MISC_conventional_hydroelectric_1_inlet,353,161.9734398581616,0
MISC_conventional_hydroelectric_1_inlet,354,161.96274873252764,0
MISC_conventional_hydroelectric_1_inlet,355,161.98363816615114,0
MISC_conventional_hydroelectric_1_inlet,356,161.96563523587378,0
MISC_conventional_hydroelectric_1_inlet,357,161.95305329968554,0
MISC_conventional_hydroelectric_1_inlet,358,161.9758335438633,0
MISC_conventional_hydroelectric_1_inlet,359,161.96626885855952,0
MISC_conventional_hydroelectric_1_inlet,360,161.95368692237128,0
MISC_conventional_hydroelectric_1_inlet,361,160.40812027180607,0
MISC_conventional_hydroelectric_1_inlet,362,160.39152539194149,0
MISC_conventional_hydroelectric_1_inlet,363,160.37605695240708,0
MISC_conventional_hydroelectric_1_inlet,364,160.36058851287268,0
MISC_conventional_hydroelectric_1_inlet,365,160.3439936330081,0
MISC_conventional_hydroelectric_1_inlet,366,160.36199656328546,0
MISC_conventional_hydroelectric_1_inlet,367,160.35383992839442,0
MISC_conventional_hydroelectric_1_inlet,368,160.3413887397445,0
MISC_conventional_hydroelectric_1_inlet,369,160.3259203002101,0
MISC_conventional_hydroelectric_1_inlet,370,160.3093254203455,0
MISC_conventional_hydroelectric_1_inlet,371,160.32732835062285,0
MISC_conventional_hydroelectric_1_inlet,372,160.31073347075824,0
MISC_conventional_hydroelectric_1_inlet,373,160.29526503122386,0
MISC_conventional_hydroelectric_1_inlet,374,160.28281384257394,0
MISC_conventional_hydroelectric_1_inlet,375,160.26621896270933,0
MISC_conventional_hydroelectric_1_inlet,376,160.28422189298672,0
MISC_conventional_hydroelectric_1_inlet,377,160.2676270131221,0
MISC_conventional_hydroelectric_1_inlet,378,160.2521585735877,0
MISC_conventional_hydroelectric_1_inlet,379,160.2366901340533,0
MISC_conventional_hydroelectric_1_inlet,380,160.25658387488494,0
MISC_conventional_hydroelectric_1_inlet,381,160.24111543535054,0
MISC_conventional_hydroelectric_1_inlet,382,160.22452055548592,0
MISC_conventional_hydroelectric_1_inlet,383,160.20905211595155,0
MISC_conventional_hydroelectric_1_inlet,384,160.19358367641715,0
MISC_conventional_hydroelectric_1_inlet,385,159.2030101535418,0
MISC_conventional_hydroelectric_1_inlet,386,159.22945132879278,0
MISC_conventional_hydroelectric_1_inlet,387,159.2128564489282,0
MISC_conventional_hydroelectric_1_inlet,388,159.20040526027825,0
MISC_conventional_hydroelectric_1_inlet,389,159.18493682074384,0
MISC_conventional_hydroelectric_1_inlet,390,159.201813310691,0
MISC_conventional_hydroelectric_1_inlet,391,159.1863448711566,0
MISC_conventional_hydroelectric_1_inlet,392,159.169749991292,0
MISC_conventional_hydroelectric_1_inlet,393,159.1542815517576,0
MISC_conventional_hydroelectric_1_inlet,394,159.1388131122232,0
MISC_conventional_hydroelectric_1_inlet,395,159.15870685305487,0
MISC_conventional_hydroelectric_1_inlet,396,159.14323841352044,0
MISC_conventional_hydroelectric_1_inlet,397,159.12664353365585,0
MISC_conventional_hydroelectric_1_inlet,398,159.11117509412145,0
MISC_conventional_hydroelectric_1_inlet,399,159.09570665458702,0
MISC_conventional_hydroelectric_1_inlet,400,159.1125831445342,0
MISC_conventional_hydroelectric_1_inlet,401,159.10013195588428,0
MISC_conventional_hydroelectric_1_inlet,402,159.08353707601967,0
MISC_conventional_hydroelectric_1_inlet,403,159.06806863648526,0
MISC_conventional_hydroelectric_1_inlet,404,159.05260019695086,0
MISC_conventional_hydroelectric_1_inlet,405,159.069476686898,0
MISC_conventional_hydroelectric_1_inlet,406,159.05400824736364,0
MISC_conventional_hydroelectric_1_inlet,407,159.03741336749906,0
MISC_conventional_hydroelectric_1_inlet,408,159.0249621788491,0
MISC_conventional_hydroelectric_1_inlet,409,158.77716542121033,0
MISC_conventional_hydroelectric_1_inlet,410,158.77716542121033,0
MISC_conventional_hydroelectric_1_inlet,411,158.77716542121033,0
MISC_conventional_hydroelectric_1_inlet,412,158.77716542121033,0
MISC_conventional_hydroelectric_1_inlet,413,158.77716542121033,0
MISC_conventional_hydroelectric_1_inlet,414,158.77716542121033,0
MISC_conventional_hydroelectric_1_inlet,415,158.77716542121033,0
MISC_conventional_hydroelectric_1_inlet,416,158.77716542121033,0
MISC_conventional_hydroelectric_1_inlet,417,158.77716542121033,0
MISC_conventional_hydroelectric_1_inlet,418,158.77716542121033,0
MISC_conventional_hydroelectric_1_inlet,419,158.77716542121033,0
MISC_conventional_hydroelectric_1_inlet,420,158.77716542121033,0
MISC_conventional_hydroelectric_1_inlet,421,158.77716542121033,0
MISC_conventional_hydroelectric_1_inlet,422,158.77716542121033,0
MISC_conventional_hydroelectric_1_inlet,423,158.77716542121033,0
MISC_conventional_hydroelectric_1_inlet,424,158.77716542121033,0
MISC_conventional_hydroelectric_1_inlet,425,158.77716542121033,0
MISC_conventional_hydroelectric_1_inlet,426,158.77716542121033,0
MISC_conventional_hydroelectric_1_inlet,427,158.77716542121033,0
MISC_conventional_hydroelectric_1_inlet,428,158.77716542121033,0
MISC_conventional_hydroelectric_1_inlet,429,158.77716542121033,0
MISC_conventional_hydroelectric_1_inlet,430,158.77716542121033,0
MISC_conventional_hydroelectric_1_inlet,431,158.77716542121033,0
MISC_conventional_hydroelectric_1_inlet,432,158.77716542121033,0
MISC_conventional_hydroelectric_1_inlet,433,146.68189168561915,0
MISC_conventional_hydroelectric_1_inlet,434,146.6256400716296,0
MISC_conventional_hydroelectric_1_inlet,435,146.5914043315938,0
MISC_conventional_hydroelectric_1_inlet,436,146.5351527176043,0
MISC_conventional_hydroelectric_1_inlet,437,146.50280778812277,0
MISC_conventional_hydroelectric_1_inlet,438,146.43811792915966,0
MISC_conventional_hydroelectric_1_inlet,439,146.41533768498186,0
MISC_conventional_hydroelectric_1_inlet,440,146.34763057513433,0
MISC_conventional_hydroelectric_1_inlet,441,146.32485033095656,0
MISC_conventional_hydroelectric_1_inlet,442,146.29363184180522,0
MISC_conventional_hydroelectric_1_inlet,443,146.23738022781572,0
MISC_conventional_hydroelectric_1_inlet,444,146.20616173866435,0
MISC_conventional_hydroelectric_1_inlet,445,146.14689287379036,0
MISC_conventional_hydroelectric_1_inlet,446,146.115674384639,0
MISC_conventional_hydroelectric_1_inlet,447,146.05942277064952,0
MISC_conventional_hydroelectric_1_inlet,448,146.02820428149815,0
MISC_conventional_hydroelectric_1_inlet,449,145.97195266750865,0
MISC_conventional_hydroelectric_1_inlet,450,145.93771692747282,0
MISC_conventional_hydroelectric_1_inlet,451,145.91493668329505,0
MISC_conventional_hydroelectric_1_inlet,452,145.84912038400176,0
MISC_conventional_hydroelectric_1_inlet,453,145.81790189485042,0
MISC_conventional_hydroelectric_1_inlet,454,145.76165028086092,0
MISC_conventional_hydroelectric_1_inlet,455,145.72741454082507,0
MISC_conventional_hydroelectric_1_inlet,456,145.67116292683556,0
MISC_conventional_hydroelectric_1_inlet,457,143.12335604997514,0
MISC_conventional_hydroelectric_1_inlet,458,143.12335604997514,0
MISC_conventional_hydroelectric_1_inlet,459,143.12335604997514,0
MISC_conventional_hydroelectric_1_inlet,460,143.12335604997514,0
MISC_conventional_hydroelectric_1_inlet,461,143.12335604997514,0
MISC_conventional_hydroelectric_1_inlet,462,143.12335604997514,0
MISC_conventional_hydroelectric_1_inlet,463,143.12335604997514,0
MISC_conventional_hydroelectric_1_inlet,464,143.12335604997514,0
MISC_conventional_hydroelectric_1_inlet,465,143.12335604997514,0
MISC_conventional_hydroelectric_1_inlet,466,143.12335604997514,0
MISC_conventional_hydroelectric_1_inlet,467,143.12335604997514,0
MISC_conventional_hydroelectric_1_inlet,468,143.12335604997514,0
MISC_conventional_hydroelectric_1_inlet,469,143.12335604997514,0
MISC_conventional_hydroelectric_1_inlet,470,143.12335604997514,0
MISC_conventional_hydroelectric_1_inlet,471,143.12335604997514,0
MISC_conventional_hydroelectric_1_inlet,472,143.12335604997514,0
MISC_conventional_hydroelectric_1_inlet,473,143.12335604997514,0
MISC_conventional_hydroelectric_1_inlet,474,143.12335604997514,0
MISC_conventional_hydroelectric_1_inlet,475,143.12335604997514,0
MISC_conventional_hydroelectric_1_inlet,476,143.12335604997514,0
MISC_conventional_hydroelectric_1_inlet,477,143.12335604997514,0
MISC_conventional_hydroelectric_1_inlet,478,143.12335604997514,0
MISC_conventional_hydroelectric_1_inlet,479,143.12335604997514,0
MISC_conventional_hydroelectric_1_inlet,480,143.12335604997514,0
MISC_conventional_hydroelectric_1_inlet,481,149.32073907916708,0
MISC_conventional_hydroelectric_1_inlet,482,149.32073907916708,0
MISC_conventional_hydroelectric_1_inlet,483,149.32073907916708,0
MISC_conventional_hydroelectric_1_inlet,484,149.32073907916708,0
MISC_conventional_hydroelectric_1_inlet,485,149.32073907916708,0
MISC_conventional_hydroelectric_1_inlet,486,149.32073907916708,0
MISC_conventional_hydroelectric_1_inlet,487,149.32073907916708,0
MISC_conventional_hydroelectric_1_inlet,488,149.32073907916708,0
MISC_conventional_hydroelectric_1_inlet,489,149.32073907916708,0
MISC_conventional_hydroelectric_1_inlet,490,149.32073907916708,0
MISC_conventional_hydroelectric_1_inlet,491,149.32073907916708,0
MISC_conventional_hydroelectric_1_inlet,492,149.32073907916708,0
MISC_conventional_hydroelectric_1_inlet,493,149.32073907916708,0
MISC_conventional_hydroelectric_1_inlet,494,149.32073907916708,0
MISC_conventional_hydroelectric_1_inlet,495,149.32073907916708,0
MISC_conventional_hydroelectric_1_inlet,496,149.32073907916708,0
MISC_conventional_hydroelectric_1_inlet,497,149.32073907916708,0
MISC_conventional_hydroelectric_1_inlet,498,149.32073907916708,0
MISC_conventional_hydroelectric_1_inlet,499,149.32073907916708,0
MISC_conventional_hydroelectric_1_inlet,500,149.32073907916708,0
MISC_conventional_hydroelectric_1_inlet,501,149.32073907916708,0
MISC_conventional_hydroelectric_1_inlet,502,149.32073907916708,0
MISC_conventional_hydroelectric_1_inlet,503,149.32073907916708,0
MISC_conventional_hydroelectric_1_inlet,504,149.32073907916708,0
MISC_conventional_hydroelectric_1_inlet,505,124.29948209447174,0
MISC_conventional_hydroelectric_1_inlet,506,124.13436806857045,0
MISC_conventional_hydroelectric_1_inlet,507,123.93578267285739,0
MISC_conventional_hydroelectric_1_inlet,508,123.7706686469561,0
MISC_conventional_hydroelectric_1_inlet,509,123.60555462105481,0
MISC_conventional_hydroelectric_1_inlet,510,123.40696922534177,0
MISC_conventional_hydroelectric_1_inlet,511,123.23341695446692,0
MISC_conventional_hydroelectric_1_inlet,512,123.03483155875387,0
MISC_conventional_hydroelectric_1_inlet,513,122.87084397318282,0
MISC_conventional_hydroelectric_1_inlet,514,122.70572994728153,0
MISC_conventional_hydroelectric_1_inlet,515,122.50714455156846,0
MISC_conventional_hydroelectric_1_inlet,516,122.34203052566717,0
MISC_conventional_hydroelectric_1_inlet,517,122.13500688498058,0
MISC_conventional_hydroelectric_1_inlet,518,121.96989285907928,0
MISC_conventional_hydroelectric_1_inlet,519,121.80477883317799,0
MISC_conventional_hydroelectric_1_inlet,520,121.60619343746494,0
MISC_conventional_hydroelectric_1_inlet,521,121.44107941156369,0
MISC_conventional_hydroelectric_1_inlet,522,121.24249401585062,0
MISC_conventional_hydroelectric_1_inlet,523,121.06894174497576,0
MISC_conventional_hydroelectric_1_inlet,524,120.90382771907449,0
MISC_conventional_hydroelectric_1_inlet,525,120.70524232336145,0
MISC_conventional_hydroelectric_1_inlet,526,120.54012829746016,0
MISC_conventional_hydroelectric_1_inlet,527,120.34154290174713,0
MISC_conventional_hydroelectric_1_inlet,528,120.17642887584583,0
MISC_conventional_hydroelectric_1_inlet,529,83.47625866261063,0
MISC_conventional_hydroelectric_1_inlet,530,83.47625866261063,0
MISC_conventional_hydroelectric_1_inlet,531,83.47625866261063,0
MISC_conventional_hydroelectric_1_inlet,532,83.47625866261063,0
MISC_conventional_hydroelectric_1_inlet,533,83.47625866261063,0
MISC_conventional_hydroelectric_1_inlet,534,83.47625866261063,0
MISC_conventional_hydroelectric_1_inlet,535,83.47625866261063,0
MISC_conventional_hydroelectric_1_inlet,536,83.47625866261063,0
MISC_conventional_hydroelectric_1_inlet,537,83.47625866261063,0
MISC_conventional_hydroelectric_1_inlet,538,83.47625866261063,0
MISC_conventional_hydroelectric_1_inlet,539,83.47625866261063,0
MISC_conventional_hydroelectric_1_inlet,540,83.47625866261063,0
MISC_conventional_hydroelectric_1_inlet,541,83.47625866261063,0
MISC_conventional_hydroelectric_1_inlet,542,83.47625866261063,0
MISC_conventional_hydroelectric_1_inlet,543,83.47625866261063,0
MISC_conventional_hydroelectric_1_inlet,544,83.47625866261063,0
MISC_conventional_hydroelectric_1_inlet,545,83.47625866261063,0
MISC_conventional_hydroelectric_1_inlet,546,83.47625866261063,0
MISC_conventional_hydroelectric_1_inlet,547,83.47625866261063,0
MISC_conventional_hydroelectric_1_inlet,548,83.47625866261063,0
MISC_conventional_hydroelectric_1_inlet,549,83.47625866261063,0
MISC_conventional_hydroelectric_1_inlet,550,83.47625866261063,0
MISC_conventional_hydroelectric_1_inlet,551,83.47625866261063,0
MISC_conventional_hydroelectric_1_inlet,552,83.47625866261063,0
MISC_conventional_hydroelectric_1_inlet,553,97.40821347160386,0
MISC_conventional_hydroelectric_1_inlet,554,97.56685046560646,0
MISC_conventional_hydroelectric_1_inlet,555,97.70158077510112,0
MISC_conventional_hydroelectric_1_inlet,556,97.86021776910374,0
MISC_conventional_hydroelectric_1_inlet,557,97.99382163826819,0
MISC_conventional_hydroelectric_1_inlet,558,98.11898726245906,0
MISC_conventional_hydroelectric_1_inlet,559,98.28606250143525,0
MISC_conventional_hydroelectric_1_inlet,560,98.42079281092991,0
MISC_conventional_hydroelectric_1_inlet,561,98.57942980493252,0
MISC_conventional_hydroelectric_1_inlet,562,98.71303367409698,0
MISC_conventional_hydroelectric_1_inlet,563,98.83819929828785,0
MISC_conventional_hydroelectric_1_inlet,564,99.00527453726406,0
MISC_conventional_hydroelectric_1_inlet,565,99.13156660178511,0
MISC_conventional_hydroelectric_1_inlet,566,99.29864184076132,0
MISC_conventional_hydroelectric_1_inlet,567,99.42380746495218,0
MISC_conventional_hydroelectric_1_inlet,568,99.55741133411664,0
MISC_conventional_hydroelectric_1_inlet,569,99.72448657309282,0
MISC_conventional_hydroelectric_1_inlet,570,99.84965219728369,0
MISC_conventional_hydroelectric_1_inlet,571,100.0178538765901,0
MISC_conventional_hydroelectric_1_inlet,572,100.14301950078097,0
MISC_conventional_hydroelectric_1_inlet,573,100.27662336994541,0
MISC_conventional_hydroelectric_1_inlet,574,100.43526036394803,0
MISC_conventional_hydroelectric_1_inlet,575,100.56886423311248,0
MISC_conventional_hydroelectric_1_inlet,576,100.73706591241888,0
MISE_conventional_hydroelectric_1_inlet,1,12.832467,0
MISE_conventional_hydroelectric_1_inlet,2,12.822583199999999,0
MISE_conventional_hydroelectric_1_inlet,3,12.815994,0
MISE_conventional_hydroelectric_1_inlet,4,12.809404799999998,0
MISE_conventional_hydroelectric_1_inlet,5,12.799520999999999,0
MISE_conventional_hydroelectric_1_inlet,6,12.792931799999998,0
MISE_conventional_hydroelectric_1_inlet,7,12.7863426,0
MISE_conventional_hydroelectric_1_inlet,8,12.776458799999999,0
MISE_conventional_hydroelectric_1_inlet,9,12.769869599999998,0
MISE_conventional_hydroelectric_1_inlet,10,12.763280400000001,0
MISE_conventional_hydroelectric_1_inlet,11,12.7533966,0
MISE_conventional_hydroelectric_1_inlet,12,12.7468074,0
MISE_conventional_hydroelectric_1_inlet,13,12.7402182,0
MISE_conventional_hydroelectric_1_inlet,14,12.7303344,0
MISE_conventional_hydroelectric_1_inlet,15,12.723745199999998,0
MISE_conventional_hydroelectric_1_inlet,16,12.717156,0
MISE_conventional_hydroelectric_1_inlet,17,12.707272199999998,0
MISE_conventional_hydroelectric_1_inlet,18,12.700683,0
MISE_conventional_hydroelectric_1_inlet,19,12.694093799999997,0
MISE_conventional_hydroelectric_1_inlet,20,12.684209999999998,0
MISE_conventional_hydroelectric_1_inlet,21,12.677620799999998,0
MISE_conventional_hydroelectric_1_inlet,22,12.6710316,0
MISE_conventional_hydroelectric_1_inlet,23,12.661147799999998,0
MISE_conventional_hydroelectric_1_inlet,24,12.6545586,0
MISE_conventional_hydroelectric_1_inlet,25,11.8177302,0
MISE_conventional_hydroelectric_1_inlet,26,11.8177302,0
MISE_conventional_hydroelectric_1_inlet,27,11.8177302,0
MISE_conventional_hydroelectric_1_inlet,28,11.8177302,0
MISE_conventional_hydroelectric_1_inlet,29,11.8177302,0
MISE_conventional_hydroelectric_1_inlet,30,11.814435599999998,0
MISE_conventional_hydroelectric_1_inlet,31,11.814435599999998,0
MISE_conventional_hydroelectric_1_inlet,32,11.814435599999998,0
MISE_conventional_hydroelectric_1_inlet,33,11.814435599999998,0
MISE_conventional_hydroelectric_1_inlet,34,11.814435599999998,0
MISE_conventional_hydroelectric_1_inlet,35,11.814435599999998,0
MISE_conventional_hydroelectric_1_inlet,36,11.814435599999998,0
MISE_conventional_hydroelectric_1_inlet,37,11.814435599999998,0
MISE_conventional_hydroelectric_1_inlet,38,11.814435599999998,0
MISE_conventional_hydroelectric_1_inlet,39,11.814435599999998,0
MISE_conventional_hydroelectric_1_inlet,40,11.814435599999998,0
MISE_conventional_hydroelectric_1_inlet,41,11.814435599999998,0
MISE_conventional_hydroelectric_1_inlet,42,11.814435599999998,0
MISE_conventional_hydroelectric_1_inlet,43,11.814435599999998,0
MISE_conventional_hydroelectric_1_inlet,44,11.814435599999998,0
MISE_conventional_hydroelectric_1_inlet,45,11.814435599999998,0
MISE_conventional_hydroelectric_1_inlet,46,11.814435599999998,0
MISE_conventional_hydroelectric_1_inlet,47,11.814435599999998,0
MISE_conventional_hydroelectric_1_inlet,48,11.814435599999998,0
MISE_conventional_hydroelectric_1_inlet,49,11.804551799999999,0
MISE_conventional_hydroelectric_1_inlet,50,11.804551799999999,0
MISE_conventional_hydroelectric_1_inlet,51,11.804551799999999,0
MISE_conventional_hydroelectric_1_inlet,52,11.804551799999999,0
MISE_conventional_hydroelectric_1_inlet,53,11.804551799999999,0
MISE_conventional_hydroelectric_1_inlet,54,11.804551799999999,0
MISE_conventional_hydroelectric_1_inlet,55,11.804551799999999,0
MISE_conventional_hydroelectric_1_inlet,56,11.804551799999999,0
MISE_conventional_hydroelectric_1_inlet,57,11.804551799999999,0
MISE_conventional_hydroelectric_1_inlet,58,11.804551799999999,0
MISE_conventional_hydroelectric_1_inlet,59,11.804551799999999,0
MISE_conventional_hydroelectric_1_inlet,60,11.804551799999999,0
MISE_conventional_hydroelectric_1_inlet,61,11.804551799999999,0
MISE_conventional_hydroelectric_1_inlet,62,11.804551799999999,0
MISE_conventional_hydroelectric_1_inlet,63,11.804551799999999,0
MISE_conventional_hydroelectric_1_inlet,64,11.804551799999999,0
MISE_conventional_hydroelectric_1_inlet,65,11.804551799999999,0
MISE_conventional_hydroelectric_1_inlet,66,11.804551799999999,0
MISE_conventional_hydroelectric_1_inlet,67,11.804551799999999,0
MISE_conventional_hydroelectric_1_inlet,68,11.804551799999999,0
MISE_conventional_hydroelectric_1_inlet,69,11.804551799999999,0
MISE_conventional_hydroelectric_1_inlet,70,11.804551799999999,0
MISE_conventional_hydroelectric_1_inlet,71,11.804551799999999,0
MISE_conventional_hydroelectric_1_inlet,72,11.804551799999999,0
MISE_conventional_hydroelectric_1_inlet,73,11.804551799999999,0
MISE_conventional_hydroelectric_1_inlet,74,11.804551799999999,0
MISE_conventional_hydroelectric_1_inlet,75,11.804551799999999,0
MISE_conventional_hydroelectric_1_inlet,76,11.804551799999999,0
MISE_conventional_hydroelectric_1_inlet,77,11.804551799999999,0
MISE_conventional_hydroelectric_1_inlet,78,11.804551799999999,0
MISE_conventional_hydroelectric_1_inlet,79,11.804551799999999,0
MISE_conventional_hydroelectric_1_inlet,80,11.804551799999999,0
MISE_conventional_hydroelectric_1_inlet,81,11.804551799999999,0
MISE_conventional_hydroelectric_1_inlet,82,11.804551799999999,0
MISE_conventional_hydroelectric_1_inlet,83,11.804551799999999,0
MISE_conventional_hydroelectric_1_inlet,84,11.804551799999999,0
MISE_conventional_hydroelectric_1_inlet,85,11.804551799999999,0
MISE_conventional_hydroelectric_1_inlet,86,11.804551799999999,0
MISE_conventional_hydroelectric_1_inlet,87,11.804551799999999,0
MISE_conventional_hydroelectric_1_inlet,88,11.804551799999999,0
MISE_conventional_hydroelectric_1_inlet,89,11.804551799999999,0
MISE_conventional_hydroelectric_1_inlet,90,11.804551799999999,0
MISE_conventional_hydroelectric_1_inlet,91,11.804551799999999,0
MISE_conventional_hydroelectric_1_inlet,92,11.804551799999999,0
MISE_conventional_hydroelectric_1_inlet,93,11.804551799999999,0
MISE_conventional_hydroelectric_1_inlet,94,11.804551799999999,0
MISE_conventional_hydroelectric_1_inlet,95,11.804551799999999,0
MISE_conventional_hydroelectric_1_inlet,96,11.804551799999999,0
MISE_conventional_hydroelectric_1_inlet,97,27.569212799999995,0
MISE_conventional_hydroelectric_1_inlet,98,27.6219264,0
MISE_conventional_hydroelectric_1_inlet,99,27.674639999999997,0
MISE_conventional_hydroelectric_1_inlet,100,27.7273536,0
MISE_conventional_hydroelectric_1_inlet,101,27.780067199999994,0
MISE_conventional_hydroelectric_1_inlet,102,27.8327808,0
MISE_conventional_hydroelectric_1_inlet,103,27.8821998,0
MISE_conventional_hydroelectric_1_inlet,104,27.9349134,0
MISE_conventional_hydroelectric_1_inlet,105,27.987627,0
MISE_conventional_hydroelectric_1_inlet,106,28.040340599999997,0
MISE_conventional_hydroelectric_1_inlet,107,28.093054199999997,0
MISE_conventional_hydroelectric_1_inlet,108,28.145767799999998,0
MISE_conventional_hydroelectric_1_inlet,109,28.198481399999995,0
MISE_conventional_hydroelectric_1_inlet,110,28.251195,0
MISE_conventional_hydroelectric_1_inlet,111,28.303908599999996,0
MISE_conventional_hydroelectric_1_inlet,112,28.3533276,0
MISE_conventional_hydroelectric_1_inlet,113,28.406041199999997,0
MISE_conventional_hydroelectric_1_inlet,114,28.4587548,0
MISE_conventional_hydroelectric_1_inlet,115,28.511468399999995,0
MISE_conventional_hydroelectric_1_inlet,116,28.564182,0
MISE_conventional_hydroelectric_1_inlet,117,28.6168956,0
MISE_conventional_hydroelectric_1_inlet,118,28.669609199999996,0
MISE_conventional_hydroelectric_1_inlet,119,28.722322799999997,0
MISE_conventional_hydroelectric_1_inlet,120,28.775036399999998,0
MISE_conventional_hydroelectric_1_inlet,121,30.659547599999996,0
MISE_conventional_hydroelectric_1_inlet,122,30.659547599999996,0
MISE_conventional_hydroelectric_1_inlet,123,30.659547599999996,0
MISE_conventional_hydroelectric_1_inlet,124,30.659547599999996,0
MISE_conventional_hydroelectric_1_inlet,125,30.659547599999996,0
MISE_conventional_hydroelectric_1_inlet,126,30.659547599999996,0
MISE_conventional_hydroelectric_1_inlet,127,30.659547599999996,0
MISE_conventional_hydroelectric_1_inlet,128,30.659547599999996,0
MISE_conventional_hydroelectric_1_inlet,129,30.659547599999996,0
MISE_conventional_hydroelectric_1_inlet,130,30.659547599999996,0
MISE_conventional_hydroelectric_1_inlet,131,30.659547599999996,0
MISE_conventional_hydroelectric_1_inlet,132,30.659547599999996,0
MISE_conventional_hydroelectric_1_inlet,133,30.659547599999996,0
MISE_conventional_hydroelectric_1_inlet,134,30.659547599999996,0
MISE_conventional_hydroelectric_1_inlet,135,30.659547599999996,0
MISE_conventional_hydroelectric_1_inlet,136,30.659547599999996,0
MISE_conventional_hydroelectric_1_inlet,137,30.659547599999996,0
MISE_conventional_hydroelectric_1_inlet,138,30.659547599999996,0
MISE_conventional_hydroelectric_1_inlet,139,30.659547599999996,0
MISE_conventional_hydroelectric_1_inlet,140,30.659547599999996,0
MISE_conventional_hydroelectric_1_inlet,141,30.659547599999996,0
MISE_conventional_hydroelectric_1_inlet,142,30.659547599999996,0
MISE_conventional_hydroelectric_1_inlet,143,30.659547599999996,0
MISE_conventional_hydroelectric_1_inlet,144,30.659547599999996,0
MISE_conventional_hydroelectric_1_inlet,145,18.2916192,0
MISE_conventional_hydroelectric_1_inlet,146,18.2422002,0
MISE_conventional_hydroelectric_1_inlet,147,18.1894866,0
MISE_conventional_hydroelectric_1_inlet,148,18.1400676,0
MISE_conventional_hydroelectric_1_inlet,149,18.087353999999998,0
MISE_conventional_hydroelectric_1_inlet,150,18.034640399999997,0
MISE_conventional_hydroelectric_1_inlet,151,17.9852214,0
MISE_conventional_hydroelectric_1_inlet,152,17.9325078,0
MISE_conventional_hydroelectric_1_inlet,153,17.883088799999996,0
MISE_conventional_hydroelectric_1_inlet,154,17.830375200000002,0
MISE_conventional_hydroelectric_1_inlet,155,17.780956199999995,0
MISE_conventional_hydroelectric_1_inlet,156,17.7282426,0
MISE_conventional_hydroelectric_1_inlet,157,17.675528999999997,0
MISE_conventional_hydroelectric_1_inlet,158,17.62611,0
MISE_conventional_hydroelectric_1_inlet,159,17.5733964,0
MISE_conventional_hydroelectric_1_inlet,160,17.5239774,0
MISE_conventional_hydroelectric_1_inlet,161,17.4712638,0
MISE_conventional_hydroelectric_1_inlet,162,17.418550199999995,0
MISE_conventional_hydroelectric_1_inlet,163,17.369131199999998,0
MISE_conventional_hydroelectric_1_inlet,164,17.316417599999998,0
MISE_conventional_hydroelectric_1_inlet,165,17.266998599999997,0
MISE_conventional_hydroelectric_1_inlet,166,17.214284999999997,0
MISE_conventional_hydroelectric_1_inlet,167,17.164866,0
MISE_conventional_hydroelectric_1_inlet,168,17.1121524,0
MISE_conventional_hydroelectric_1_inlet,169,11.877032999999999,0
MISE_conventional_hydroelectric_1_inlet,170,11.877032999999999,0
MISE_conventional_hydroelectric_1_inlet,171,11.877032999999999,0
MISE_conventional_hydroelectric_1_inlet,172,11.877032999999999,0
MISE_conventional_hydroelectric_1_inlet,173,11.877032999999999,0
MISE_conventional_hydroelectric_1_inlet,174,11.877032999999999,0
MISE_conventional_hydroelectric_1_inlet,175,11.877032999999999,0
MISE_conventional_hydroelectric_1_inlet,176,11.877032999999999,0
MISE_conventional_hydroelectric_1_inlet,177,11.877032999999999,0
MISE_conventional_hydroelectric_1_inlet,178,11.877032999999999,0
MISE_conventional_hydroelectric_1_inlet,179,11.877032999999999,0
MISE_conventional_hydroelectric_1_inlet,180,11.877032999999999,0
MISE_conventional_hydroelectric_1_inlet,181,11.877032999999999,0
MISE_conventional_hydroelectric_1_inlet,182,11.877032999999999,0
MISE_conventional_hydroelectric_1_inlet,183,11.877032999999999,0
MISE_conventional_hydroelectric_1_inlet,184,11.877032999999999,0
MISE_conventional_hydroelectric_1_inlet,185,11.877032999999999,0
MISE_conventional_hydroelectric_1_inlet,186,11.877032999999999,0
MISE_conventional_hydroelectric_1_inlet,187,11.877032999999999,0
MISE_conventional_hydroelectric_1_inlet,188,11.877032999999999,0
MISE_conventional_hydroelectric_1_inlet,189,11.877032999999999,0
MISE_conventional_hydroelectric_1_inlet,190,11.877032999999999,0
MISE_conventional_hydroelectric_1_inlet,191,11.877032999999999,0
MISE_conventional_hydroelectric_1_inlet,192,11.877032999999999,0
MISE_conventional_hydroelectric_1_inlet,193,15.6888852,0
MISE_conventional_hydroelectric_1_inlet,194,15.6888852,0
MISE_conventional_hydroelectric_1_inlet,195,15.6888852,0
MISE_conventional_hydroelectric_1_inlet,196,15.6888852,0
MISE_conventional_hydroelectric_1_inlet,197,15.6888852,0
MISE_conventional_hydroelectric_1_inlet,198,15.6888852,0
MISE_conventional_hydroelectric_1_inlet,199,15.6888852,0
MISE_conventional_hydroelectric_1_inlet,200,15.6888852,0
MISE_conventional_hydroelectric_1_inlet,201,15.6888852,0
MISE_conventional_hydroelectric_1_inlet,202,15.6888852,0
MISE_conventional_hydroelectric_1_inlet,203,15.6888852,0
MISE_conventional_hydroelectric_1_inlet,204,15.6888852,0
MISE_conventional_hydroelectric_1_inlet,205,15.6888852,0
MISE_conventional_hydroelectric_1_inlet,206,15.6888852,0
MISE_conventional_hydroelectric_1_inlet,207,15.6888852,0
MISE_conventional_hydroelectric_1_inlet,208,15.6888852,0
MISE_conventional_hydroelectric_1_inlet,209,15.6888852,0
MISE_conventional_hydroelectric_1_inlet,210,15.6888852,0
MISE_conventional_hydroelectric_1_inlet,211,15.6888852,0
MISE_conventional_hydroelectric_1_inlet,212,15.6888852,0
MISE_conventional_hydroelectric_1_inlet,213,15.6888852,0
MISE_conventional_hydroelectric_1_inlet,214,15.6888852,0
MISE_conventional_hydroelectric_1_inlet,215,15.6888852,0
MISE_conventional_hydroelectric_1_inlet,216,15.6888852,0
MISE_conventional_hydroelectric_1_inlet,217,13.1718108,0
MISE_conventional_hydroelectric_1_inlet,218,13.155337799999998,0
MISE_conventional_hydroelectric_1_inlet,219,13.135570199999998,0
MISE_conventional_hydroelectric_1_inlet,220,13.119097199999999,0
MISE_conventional_hydroelectric_1_inlet,221,13.1026242,0
MISE_conventional_hydroelectric_1_inlet,222,13.0828566,0
MISE_conventional_hydroelectric_1_inlet,223,13.066383599999998,0
MISE_conventional_hydroelectric_1_inlet,224,13.049910599999999,0
MISE_conventional_hydroelectric_1_inlet,225,13.0334376,0
MISE_conventional_hydroelectric_1_inlet,226,13.01367,0
MISE_conventional_hydroelectric_1_inlet,227,12.997197,0
MISE_conventional_hydroelectric_1_inlet,228,12.980723999999999,0
MISE_conventional_hydroelectric_1_inlet,229,12.964250999999999,0
MISE_conventional_hydroelectric_1_inlet,230,12.944483400000001,0
MISE_conventional_hydroelectric_1_inlet,231,12.9280104,0
MISE_conventional_hydroelectric_1_inlet,232,12.9115374,0
MISE_conventional_hydroelectric_1_inlet,233,12.895064399999999,0
MISE_conventional_hydroelectric_1_inlet,234,12.875296799999997,0
MISE_conventional_hydroelectric_1_inlet,235,12.858823799999998,0
MISE_conventional_hydroelectric_1_inlet,236,12.842350799999998,0
MISE_conventional_hydroelectric_1_inlet,237,12.822583199999999,0
MISE_conventional_hydroelectric_1_inlet,238,12.806110199999999,0
MISE_conventional_hydroelectric_1_inlet,239,12.789637199999998,0
MISE_conventional_hydroelectric_1_inlet,240,12.773164199999998,0
MISE_conventional_hydroelectric_1_inlet,241,9.336896399999999,0
MISE_conventional_hydroelectric_1_inlet,242,9.336896399999999,0
MISE_conventional_hydroelectric_1_inlet,243,9.336896399999999,0
MISE_conventional_hydroelectric_1_inlet,244,9.336896399999999,0
MISE_conventional_hydroelectric_1_inlet,245,9.336896399999999,0
MISE_conventional_hydroelectric_1_inlet,246,9.336896399999999,0
MISE_conventional_hydroelectric_1_inlet,247,9.336896399999999,0
MISE_conventional_hydroelectric_1_inlet,248,9.336896399999999,0
MISE_conventional_hydroelectric_1_inlet,249,9.336896399999999,0
MISE_conventional_hydroelectric_1_inlet,250,9.336896399999999,0
MISE_conventional_hydroelectric_1_inlet,251,9.336896399999999,0
MISE_conventional_hydroelectric_1_inlet,252,9.336896399999999,0
MISE_conventional_hydroelectric_1_inlet,253,9.336896399999999,0
MISE_conventional_hydroelectric_1_inlet,254,9.336896399999999,0
MISE_conventional_hydroelectric_1_inlet,255,9.336896399999999,0
MISE_conventional_hydroelectric_1_inlet,256,9.336896399999999,0
MISE_conventional_hydroelectric_1_inlet,257,9.336896399999999,0
MISE_conventional_hydroelectric_1_inlet,258,9.336896399999999,0
MISE_conventional_hydroelectric_1_inlet,259,9.336896399999999,0
MISE_conventional_hydroelectric_1_inlet,260,9.336896399999999,0
MISE_conventional_hydroelectric_1_inlet,261,9.336896399999999,0
MISE_conventional_hydroelectric_1_inlet,262,9.336896399999999,0
MISE_conventional_hydroelectric_1_inlet,263,9.336896399999999,0
MISE_conventional_hydroelectric_1_inlet,264,9.336896399999999,0
MISE_conventional_hydroelectric_1_inlet,265,7.584169199999999,0
MISE_conventional_hydroelectric_1_inlet,266,7.574285399999999,0
MISE_conventional_hydroelectric_1_inlet,267,7.5644016,0
MISE_conventional_hydroelectric_1_inlet,268,7.551223199999999,0
MISE_conventional_hydroelectric_1_inlet,269,7.541339399999999,0
MISE_conventional_hydroelectric_1_inlet,270,7.531455599999999,0
MISE_conventional_hydroelectric_1_inlet,271,7.5215718,0
MISE_conventional_hydroelectric_1_inlet,272,7.508393399999999,0
MISE_conventional_hydroelectric_1_inlet,273,7.498509599999999,0
MISE_conventional_hydroelectric_1_inlet,274,7.488625799999999,0
MISE_conventional_hydroelectric_1_inlet,275,7.4787420000000004,0
MISE_conventional_hydroelectric_1_inlet,276,7.465563599999999,0
MISE_conventional_hydroelectric_1_inlet,277,7.4556797999999995,0
MISE_conventional_hydroelectric_1_inlet,278,7.445796,0
MISE_conventional_hydroelectric_1_inlet,279,7.435912200000001,0
MISE_conventional_hydroelectric_1_inlet,280,7.4227338,0
MISE_conventional_hydroelectric_1_inlet,281,7.41285,0
MISE_conventional_hydroelectric_1_inlet,282,7.4029662,0
MISE_conventional_hydroelectric_1_inlet,283,7.393082399999999,0
MISE_conventional_hydroelectric_1_inlet,284,7.379904,0
MISE_conventional_hydroelectric_1_inlet,285,7.3700202,0
MISE_conventional_hydroelectric_1_inlet,286,7.360136399999999,0
MISE_conventional_hydroelectric_1_inlet,287,7.350252599999999,0
MISE_conventional_hydroelectric_1_inlet,288,7.3370742,0
MISE_conventional_hydroelectric_1_inlet,289,5.403144,0
MISE_conventional_hydroelectric_1_inlet,290,5.403144,0
MISE_conventional_hydroelectric_1_inlet,291,5.403144,0
MISE_conventional_hydroelectric_1_inlet,292,5.403144,0
MISE_conventional_hydroelectric_1_inlet,293,5.403144,0
MISE_conventional_hydroelectric_1_inlet,294,5.403144,0
MISE_conventional_hydroelectric_1_inlet,295,5.403144,0
MISE_conventional_hydroelectric_1_inlet,296,5.403144,0
MISE_conventional_hydroelectric_1_inlet,297,5.403144,0
MISE_conventional_hydroelectric_1_inlet,298,5.403144,0
MISE_conventional_hydroelectric_1_inlet,299,5.403144,0
MISE_conventional_hydroelectric_1_inlet,300,5.403144,0
MISE_conventional_hydroelectric_1_inlet,301,5.403144,0
MISE_conventional_hydroelectric_1_inlet,302,5.403144,0
MISE_conventional_hydroelectric_1_inlet,303,5.403144,0
MISE_conventional_hydroelectric_1_inlet,304,5.403144,0
MISE_conventional_hydroelectric_1_inlet,305,5.403144,0
MISE_conventional_hydroelectric_1_inlet,306,5.403144,0
MISE_conventional_hydroelectric_1_inlet,307,5.403144,0
MISE_conventional_hydroelectric_1_inlet,308,5.403144,0
MISE_conventional_hydroelectric_1_inlet,309,5.403144,0
MISE_conventional_hydroelectric_1_inlet,310,5.403144,0
MISE_conventional_hydroelectric_1_inlet,311,5.403144,0
MISE_conventional_hydroelectric_1_inlet,312,5.403144,0
MISE_conventional_hydroelectric_1_inlet,313,5.6864796,0
MISE_conventional_hydroelectric_1_inlet,314,5.693068800000001,0
MISE_conventional_hydroelectric_1_inlet,315,5.6963634,0
MISE_conventional_hydroelectric_1_inlet,316,5.699657999999999,0
MISE_conventional_hydroelectric_1_inlet,317,5.7029526,0
MISE_conventional_hydroelectric_1_inlet,318,5.706247199999999,0
MISE_conventional_hydroelectric_1_inlet,319,5.709541799999999,0
MISE_conventional_hydroelectric_1_inlet,320,5.716130999999999,0
MISE_conventional_hydroelectric_1_inlet,321,5.7194256,0
MISE_conventional_hydroelectric_1_inlet,322,5.7227201999999995,0
MISE_conventional_hydroelectric_1_inlet,323,5.7260148,0
MISE_conventional_hydroelectric_1_inlet,324,5.7293094,0
MISE_conventional_hydroelectric_1_inlet,325,5.7358986,0
MISE_conventional_hydroelectric_1_inlet,326,5.7391932,0
MISE_conventional_hydroelectric_1_inlet,327,5.7424878,0
MISE_conventional_hydroelectric_1_inlet,328,5.7457823999999995,0
MISE_conventional_hydroelectric_1_inlet,329,5.749076999999999,0
MISE_conventional_hydroelectric_1_inlet,330,5.752371599999999,0
MISE_conventional_hydroelectric_1_inlet,331,5.7589608,0
MISE_conventional_hydroelectric_1_inlet,332,5.7622554,0
MISE_conventional_hydroelectric_1_inlet,333,5.765549999999999,0
MISE_conventional_hydroelectric_1_inlet,334,5.7688445999999995,0
MISE_conventional_hydroelectric_1_inlet,335,5.7721392,0
MISE_conventional_hydroelectric_1_inlet,336,5.7754338,0
MISE_conventional_hydroelectric_1_inlet,337,6.338810399999999,0
MISE_conventional_hydroelectric_1_inlet,338,6.342104999999999,0
MISE_conventional_hydroelectric_1_inlet,339,6.3453995999999995,0
MISE_conventional_hydroelectric_1_inlet,340,6.351988799999999,0
MISE_conventional_hydroelectric_1_inlet,341,6.355283399999999,0
MISE_conventional_hydroelectric_1_inlet,342,6.358578,0
MISE_conventional_hydroelectric_1_inlet,343,6.361872599999999,0
MISE_conventional_hydroelectric_1_inlet,344,6.3651672,0
MISE_conventional_hydroelectric_1_inlet,345,6.3684617999999995,0
MISE_conventional_hydroelectric_1_inlet,346,6.375051,0
MISE_conventional_hydroelectric_1_inlet,347,6.378345599999999,0
MISE_conventional_hydroelectric_1_inlet,348,6.3816402000000005,0
MISE_conventional_hydroelectric_1_inlet,349,6.384934799999999,0
MISE_conventional_hydroelectric_1_inlet,350,6.388229399999999,0
MISE_conventional_hydroelectric_1_inlet,351,6.394818599999999,0
MISE_conventional_hydroelectric_1_inlet,352,6.3981132,0
MISE_conventional_hydroelectric_1_inlet,353,6.401407799999999,0
MISE_conventional_hydroelectric_1_inlet,354,6.404702399999999,0
MISE_conventional_hydroelectric_1_inlet,355,6.407997,0
MISE_conventional_hydroelectric_1_inlet,356,6.411291599999999,0
MISE_conventional_hydroelectric_1_inlet,357,6.4178808,0
MISE_conventional_hydroelectric_1_inlet,358,6.421175399999999,0
MISE_conventional_hydroelectric_1_inlet,359,6.42447,0
MISE_conventional_hydroelectric_1_inlet,360,6.4277646,0
MISE_conventional_hydroelectric_1_inlet,361,5.1857004,0
MISE_conventional_hydroelectric_1_inlet,362,5.175816599999999,0
MISE_conventional_hydroelectric_1_inlet,363,5.165932799999999,0
MISE_conventional_hydroelectric_1_inlet,364,5.156048999999999,0
MISE_conventional_hydroelectric_1_inlet,365,5.1461652,0
MISE_conventional_hydroelectric_1_inlet,366,5.1362814000000006,0
MISE_conventional_hydroelectric_1_inlet,367,5.126397599999999,0
MISE_conventional_hydroelectric_1_inlet,368,5.116513799999999,0
MISE_conventional_hydroelectric_1_inlet,369,5.106629999999999,0
MISE_conventional_hydroelectric_1_inlet,370,5.0967462,0
MISE_conventional_hydroelectric_1_inlet,371,5.0868624,0
MISE_conventional_hydroelectric_1_inlet,372,5.0769785999999995,0
MISE_conventional_hydroelectric_1_inlet,373,5.0670948,0
MISE_conventional_hydroelectric_1_inlet,374,5.057210999999999,0
MISE_conventional_hydroelectric_1_inlet,375,5.0473272,0
MISE_conventional_hydroelectric_1_inlet,376,5.0374434,0
MISE_conventional_hydroelectric_1_inlet,377,5.0275596,0
MISE_conventional_hydroelectric_1_inlet,378,5.017675799999999,0
MISE_conventional_hydroelectric_1_inlet,379,5.007792,0
MISE_conventional_hydroelectric_1_inlet,380,4.9979081999999995,0
MISE_conventional_hydroelectric_1_inlet,381,4.9880244,0
MISE_conventional_hydroelectric_1_inlet,382,4.9781406,0
MISE_conventional_hydroelectric_1_inlet,383,4.968256799999999,0
MISE_conventional_hydroelectric_1_inlet,384,4.958373,0
MISE_conventional_hydroelectric_1_inlet,385,3.7690224,0
MISE_conventional_hydroelectric_1_inlet,386,3.7591385999999996,0
MISE_conventional_hydroelectric_1_inlet,387,3.7492547999999997,0
MISE_conventional_hydroelectric_1_inlet,388,3.7393710000000002,0
MISE_conventional_hydroelectric_1_inlet,389,3.7294871999999994,0
MISE_conventional_hydroelectric_1_inlet,390,3.7196033999999996,0
MISE_conventional_hydroelectric_1_inlet,391,3.7097196,0
MISE_conventional_hydroelectric_1_inlet,392,3.6998357999999993,0
MISE_conventional_hydroelectric_1_inlet,393,3.689952,0
MISE_conventional_hydroelectric_1_inlet,394,3.6800681999999996,0
MISE_conventional_hydroelectric_1_inlet,395,3.6701843999999997,0
MISE_conventional_hydroelectric_1_inlet,396,3.6603006,0
MISE_conventional_hydroelectric_1_inlet,397,3.6504167999999995,0
MISE_conventional_hydroelectric_1_inlet,398,3.640533,0
MISE_conventional_hydroelectric_1_inlet,399,3.6306491999999997,0
MISE_conventional_hydroelectric_1_inlet,400,3.6207654,0
MISE_conventional_hydroelectric_1_inlet,401,3.6108816,0
MISE_conventional_hydroelectric_1_inlet,402,3.6009977999999996,0
MISE_conventional_hydroelectric_1_inlet,403,3.5911139999999997,0
MISE_conventional_hydroelectric_1_inlet,404,3.5812302,0
MISE_conventional_hydroelectric_1_inlet,405,3.5713463999999995,0
MISE_conventional_hydroelectric_1_inlet,406,3.5614625999999996,0
MISE_conventional_hydroelectric_1_inlet,407,3.5515788,0
MISE_conventional_hydroelectric_1_inlet,408,3.541695,0
MISE_conventional_hydroelectric_1_inlet,409,3.2484755999999995,0
MISE_conventional_hydroelectric_1_inlet,410,3.2484755999999995,0
MISE_conventional_hydroelectric_1_inlet,411,3.2484755999999995,0
MISE_conventional_hydroelectric_1_inlet,412,3.2484755999999995,0
MISE_conventional_hydroelectric_1_inlet,413,3.2484755999999995,0
MISE_conventional_hydroelectric_1_inlet,414,3.2484755999999995,0
MISE_conventional_hydroelectric_1_inlet,415,3.2484755999999995,0
MISE_conventional_hydroelectric_1_inlet,416,3.2484755999999995,0
MISE_conventional_hydroelectric_1_inlet,417,3.2484755999999995,0
MISE_conventional_hydroelectric_1_inlet,418,3.2484755999999995,0
MISE_conventional_hydroelectric_1_inlet,419,3.2484755999999995,0
MISE_conventional_hydroelectric_1_inlet,420,3.2484755999999995,0
MISE_conventional_hydroelectric_1_inlet,421,3.2484755999999995,0
MISE_conventional_hydroelectric_1_inlet,422,3.2484755999999995,0
MISE_conventional_hydroelectric_1_inlet,423,3.2484755999999995,0
MISE_conventional_hydroelectric_1_inlet,424,3.2484755999999995,0
MISE_conventional_hydroelectric_1_inlet,425,3.2484755999999995,0
MISE_conventional_hydroelectric_1_inlet,426,3.2484755999999995,0
MISE_conventional_hydroelectric_1_inlet,427,3.2484755999999995,0
MISE_conventional_hydroelectric_1_inlet,428,3.2484755999999995,0
MISE_conventional_hydroelectric_1_inlet,429,3.2484755999999995,0
MISE_conventional_hydroelectric_1_inlet,430,3.2484755999999995,0
MISE_conventional_hydroelectric_1_inlet,431,3.2484755999999995,0
MISE_conventional_hydroelectric_1_inlet,432,3.2484755999999995,0
MISE_conventional_hydroelectric_1_inlet,433,7.050444,0
MISE_conventional_hydroelectric_1_inlet,434,7.0636224,0
MISE_conventional_hydroelectric_1_inlet,435,7.076800799999999,0
MISE_conventional_hydroelectric_1_inlet,436,7.089979199999999,0
MISE_conventional_hydroelectric_1_inlet,437,7.1031576,0
MISE_conventional_hydroelectric_1_inlet,438,7.119630599999999,0
MISE_conventional_hydroelectric_1_inlet,439,7.132808999999999,0
MISE_conventional_hydroelectric_1_inlet,440,7.1459874,0
MISE_conventional_hydroelectric_1_inlet,441,7.159165799999999,0
MISE_conventional_hydroelectric_1_inlet,442,7.1723441999999995,0
MISE_conventional_hydroelectric_1_inlet,443,7.185522599999999,0
MISE_conventional_hydroelectric_1_inlet,444,7.198701,0
MISE_conventional_hydroelectric_1_inlet,445,7.2118794,0
MISE_conventional_hydroelectric_1_inlet,446,7.225057799999999,0
MISE_conventional_hydroelectric_1_inlet,447,7.2382362,0
MISE_conventional_hydroelectric_1_inlet,448,7.2514145999999995,0
MISE_conventional_hydroelectric_1_inlet,449,7.264593,0
MISE_conventional_hydroelectric_1_inlet,450,7.281066,0
MISE_conventional_hydroelectric_1_inlet,451,7.2942444,0
MISE_conventional_hydroelectric_1_inlet,452,7.307422799999999,0
MISE_conventional_hydroelectric_1_inlet,453,7.3206012,0
MISE_conventional_hydroelectric_1_inlet,454,7.3337796,0
MISE_conventional_hydroelectric_1_inlet,455,7.346957999999999,0
MISE_conventional_hydroelectric_1_inlet,456,7.360136399999999,0
MISE_conventional_hydroelectric_1_inlet,457,8.1673134,0
MISE_conventional_hydroelectric_1_inlet,458,8.1673134,0
MISE_conventional_hydroelectric_1_inlet,459,8.1673134,0
MISE_conventional_hydroelectric_1_inlet,460,8.1673134,0
MISE_conventional_hydroelectric_1_inlet,461,8.1673134,0
MISE_conventional_hydroelectric_1_inlet,462,8.1673134,0
MISE_conventional_hydroelectric_1_inlet,463,8.1673134,0
MISE_conventional_hydroelectric_1_inlet,464,8.1673134,0
MISE_conventional_hydroelectric_1_inlet,465,8.1673134,0
MISE_conventional_hydroelectric_1_inlet,466,8.1673134,0
MISE_conventional_hydroelectric_1_inlet,467,8.1673134,0
MISE_conventional_hydroelectric_1_inlet,468,8.1673134,0
MISE_conventional_hydroelectric_1_inlet,469,8.1673134,0
MISE_conventional_hydroelectric_1_inlet,470,8.1673134,0
MISE_conventional_hydroelectric_1_inlet,471,8.1673134,0
MISE_conventional_hydroelectric_1_inlet,472,8.1673134,0
MISE_conventional_hydroelectric_1_inlet,473,8.1673134,0
MISE_conventional_hydroelectric_1_inlet,474,8.1673134,0
MISE_conventional_hydroelectric_1_inlet,475,8.1673134,0
MISE_conventional_hydroelectric_1_inlet,476,8.1673134,0
MISE_conventional_hydroelectric_1_inlet,477,8.1673134,0
MISE_conventional_hydroelectric_1_inlet,478,8.1673134,0
MISE_conventional_hydroelectric_1_inlet,479,8.1673134,0
MISE_conventional_hydroelectric_1_inlet,480,8.1673134,0
MISE_conventional_hydroelectric_1_inlet,481,5.6370606,0
MISE_conventional_hydroelectric_1_inlet,482,5.6370606,0
MISE_conventional_hydroelectric_1_inlet,483,5.6370606,0
MISE_conventional_hydroelectric_1_inlet,484,5.6370606,0
MISE_conventional_hydroelectric_1_inlet,485,5.6370606,0
MISE_conventional_hydroelectric_1_inlet,486,5.6370606,0
MISE_conventional_hydroelectric_1_inlet,487,5.6370606,0
MISE_conventional_hydroelectric_1_inlet,488,5.6370606,0
MISE_conventional_hydroelectric_1_inlet,489,5.6370606,0
MISE_conventional_hydroelectric_1_inlet,490,5.6370606,0
MISE_conventional_hydroelectric_1_inlet,491,5.6370606,0
MISE_conventional_hydroelectric_1_inlet,492,5.6370606,0
MISE_conventional_hydroelectric_1_inlet,493,5.6370606,0
MISE_conventional_hydroelectric_1_inlet,494,5.6370606,0
MISE_conventional_hydroelectric_1_inlet,495,5.6370606,0
MISE_conventional_hydroelectric_1_inlet,496,5.6370606,0
MISE_conventional_hydroelectric_1_inlet,497,5.6370606,0
MISE_conventional_hydroelectric_1_inlet,498,5.6370606,0
MISE_conventional_hydroelectric_1_inlet,499,5.6370606,0
MISE_conventional_hydroelectric_1_inlet,500,5.6370606,0
MISE_conventional_hydroelectric_1_inlet,501,5.6370606,0
MISE_conventional_hydroelectric_1_inlet,502,5.6370606,0
MISE_conventional_hydroelectric_1_inlet,503,5.6370606,0
MISE_conventional_hydroelectric_1_inlet,504,5.6370606,0
MISE_conventional_hydroelectric_1_inlet,505,9.0733284,0
MISE_conventional_hydroelectric_1_inlet,506,9.0996852,0
MISE_conventional_hydroelectric_1_inlet,507,9.122747399999998,0
MISE_conventional_hydroelectric_1_inlet,508,9.1491042,0
MISE_conventional_hydroelectric_1_inlet,509,9.172166399999998,0
MISE_conventional_hydroelectric_1_inlet,510,9.198523199999999,0
MISE_conventional_hydroelectric_1_inlet,511,9.221585399999999,0
MISE_conventional_hydroelectric_1_inlet,512,9.247942199999999,0
MISE_conventional_hydroelectric_1_inlet,513,9.271004399999999,0
MISE_conventional_hydroelectric_1_inlet,514,9.2973612,0
MISE_conventional_hydroelectric_1_inlet,515,9.3204234,0
MISE_conventional_hydroelectric_1_inlet,516,9.3467802,0
MISE_conventional_hydroelectric_1_inlet,517,9.3698424,0
MISE_conventional_hydroelectric_1_inlet,518,9.3961992,0
MISE_conventional_hydroelectric_1_inlet,519,9.419261399999998,0
MISE_conventional_hydroelectric_1_inlet,520,9.4456182,0
MISE_conventional_hydroelectric_1_inlet,521,9.4686804,0
MISE_conventional_hydroelectric_1_inlet,522,9.495037199999999,0
MISE_conventional_hydroelectric_1_inlet,523,9.518099399999999,0
MISE_conventional_hydroelectric_1_inlet,524,9.5444562,0
MISE_conventional_hydroelectric_1_inlet,525,9.567518399999999,0
MISE_conventional_hydroelectric_1_inlet,526,9.5938752,0
MISE_conventional_hydroelectric_1_inlet,527,9.6169374,0
MISE_conventional_hydroelectric_1_inlet,528,9.6432942,0
MISE_conventional_hydroelectric_1_inlet,529,14.684032199999999,0
MISE_conventional_hydroelectric_1_inlet,530,14.684032199999999,0
MISE_conventional_hydroelectric_1_inlet,531,14.684032199999999,0
MISE_conventional_hydroelectric_1_inlet,532,14.684032199999999,0
MISE_conventional_hydroelectric_1_inlet,533,14.684032199999999,0
MISE_conventional_hydroelectric_1_inlet,534,14.684032199999999,0
MISE_conventional_hydroelectric_1_inlet,535,14.684032199999999,0
MISE_conventional_hydroelectric_1_inlet,536,14.684032199999999,0
MISE_conventional_hydroelectric_1_inlet,537,14.684032199999999,0
MISE_conventional_hydroelectric_1_inlet,538,14.684032199999999,0
MISE_conventional_hydroelectric_1_inlet,539,14.684032199999999,0
MISE_conventional_hydroelectric_1_inlet,540,14.684032199999999,0
MISE_conventional_hydroelectric_1_inlet,541,14.684032199999999,0
MISE_conventional_hydroelectric_1_inlet,542,14.684032199999999,0
MISE_conventional_hydroelectric_1_inlet,543,14.684032199999999,0
MISE_conventional_hydroelectric_1_inlet,544,14.684032199999999,0
MISE_conventional_hydroelectric_1_inlet,545,14.684032199999999,0
MISE_conventional_hydroelectric_1_inlet,546,14.684032199999999,0
MISE_conventional_hydroelectric_1_inlet,547,14.684032199999999,0
MISE_conventional_hydroelectric_1_inlet,548,14.684032199999999,0
MISE_conventional_hydroelectric_1_inlet,549,14.684032199999999,0
MISE_conventional_hydroelectric_1_inlet,550,14.684032199999999,0
MISE_conventional_hydroelectric_1_inlet,551,14.684032199999999,0
MISE_conventional_hydroelectric_1_inlet,552,14.684032199999999,0
MISE_conventional_hydroelectric_1_inlet,553,13.9394526,0
MISE_conventional_hydroelectric_1_inlet,554,13.9295688,0
MISE_conventional_hydroelectric_1_inlet,555,13.922979599999998,0
MISE_conventional_hydroelectric_1_inlet,556,13.9163904,0
MISE_conventional_hydroelectric_1_inlet,557,13.906506599999998,0
MISE_conventional_hydroelectric_1_inlet,558,13.899917399999998,0
MISE_conventional_hydroelectric_1_inlet,559,13.8933282,0
MISE_conventional_hydroelectric_1_inlet,560,13.883444399999998,0
MISE_conventional_hydroelectric_1_inlet,561,13.8768552,0
MISE_conventional_hydroelectric_1_inlet,562,13.870265999999997,0
MISE_conventional_hydroelectric_1_inlet,563,13.8603822,0
MISE_conventional_hydroelectric_1_inlet,564,13.853793,0
MISE_conventional_hydroelectric_1_inlet,565,13.847203799999999,0
MISE_conventional_hydroelectric_1_inlet,566,13.837319999999998,0
MISE_conventional_hydroelectric_1_inlet,567,13.8307308,0
MISE_conventional_hydroelectric_1_inlet,568,13.824141599999999,0
MISE_conventional_hydroelectric_1_inlet,569,13.814257799999998,0
MISE_conventional_hydroelectric_1_inlet,570,13.807668599999998,0
MISE_conventional_hydroelectric_1_inlet,571,13.801079399999999,0
MISE_conventional_hydroelectric_1_inlet,572,13.7911956,0
MISE_conventional_hydroelectric_1_inlet,573,13.784606399999998,0
MISE_conventional_hydroelectric_1_inlet,574,13.778017199999999,0
MISE_conventional_hydroelectric_1_inlet,575,13.7681334,0
MISE_conventional_hydroelectric_1_inlet,576,13.7615442,0
MISS_conventional_hydroelectric_1_inlet,1,204.2493915915372,0
MISS_conventional_hydroelectric_1_inlet,2,204.86025676145456,0
MISS_conventional_hydroelectric_1_inlet,3,205.4711219313719,0
MISS_conventional_hydroelectric_1_inlet,4,206.05282286340497,0
MISS_conventional_hydroelectric_1_inlet,5,206.66368803332236,0
MISS_conventional_hydroelectric_1_inlet,6,207.27455320323966,0
MISS_conventional_hydroelectric_1_inlet,7,207.85625413527274,0
MISS_conventional_hydroelectric_1_inlet,8,208.4671193051901,0
MISS_conventional_hydroelectric_1_inlet,9,209.0908189243636,0
MISS_conventional_hydroelectric_1_inlet,10,209.70168409428098,0
MISS_conventional_hydroelectric_1_inlet,11,210.28338502631402,0
MISS_conventional_hydroelectric_1_inlet,12,210.89425019623138,0
MISS_conventional_hydroelectric_1_inlet,13,211.50511536614877,0
MISS_conventional_hydroelectric_1_inlet,14,212.1159805360661,0
MISS_conventional_hydroelectric_1_inlet,15,212.6976814680992,0
MISS_conventional_hydroelectric_1_inlet,16,213.30854663801654,0
MISS_conventional_hydroelectric_1_inlet,17,213.9194118079339,0
MISS_conventional_hydroelectric_1_inlet,18,214.51394718922313,0
MISS_conventional_hydroelectric_1_inlet,19,215.1248123591405,0
MISS_conventional_hydroelectric_1_inlet,20,215.73567752905785,0
MISS_conventional_hydroelectric_1_inlet,21,216.3465426989752,0
MISS_conventional_hydroelectric_1_inlet,22,216.92824363100823,0
MISS_conventional_hydroelectric_1_inlet,23,217.5391088009256,0
MISS_conventional_hydroelectric_1_inlet,24,218.149973970843,0
MISS_conventional_hydroelectric_1_inlet,25,288.74605325593393,0
MISS_conventional_hydroelectric_1_inlet,26,288.7985925758677,0
MISS_conventional_hydroelectric_1_inlet,27,288.83365519894215,0
MISS_conventional_hydroelectric_1_inlet,28,288.8861945188761,0
MISS_conventional_hydroelectric_1_inlet,29,288.9212571419504,0
MISS_conventional_hydroelectric_1_inlet,30,288.9737964618843,0
MISS_conventional_hydroelectric_1_inlet,31,289.00885908495866,0
MISS_conventional_hydroelectric_1_inlet,32,289.0613984048926,0
MISS_conventional_hydroelectric_1_inlet,33,289.1139377248264,0
MISS_conventional_hydroelectric_1_inlet,34,289.1490003479008,0
MISS_conventional_hydroelectric_1_inlet,35,289.2015396678347,0
MISS_conventional_hydroelectric_1_inlet,36,289.2366022909091,0
MISS_conventional_hydroelectric_1_inlet,37,289.289141610843,0
MISS_conventional_hydroelectric_1_inlet,38,289.3242042339173,0
MISS_conventional_hydroelectric_1_inlet,39,289.3475793159669,0
MISS_conventional_hydroelectric_1_inlet,40,289.3826419390413,0
MISS_conventional_hydroelectric_1_inlet,41,289.4351812589752,0
MISS_conventional_hydroelectric_1_inlet,42,289.4702438820496,0
MISS_conventional_hydroelectric_1_inlet,43,289.5227832019835,0
MISS_conventional_hydroelectric_1_inlet,44,289.57532252191737,0
MISS_conventional_hydroelectric_1_inlet,45,289.6103851449917,0
MISS_conventional_hydroelectric_1_inlet,46,289.6629244649256,0
MISS_conventional_hydroelectric_1_inlet,47,289.697987088,0
MISS_conventional_hydroelectric_1_inlet,48,289.7505264079339,0
MISS_conventional_hydroelectric_1_inlet,49,298.11345354327267,0
MISS_conventional_hydroelectric_1_inlet,50,298.11345354327267,0
MISS_conventional_hydroelectric_1_inlet,51,298.11345354327267,0
MISS_conventional_hydroelectric_1_inlet,52,298.11345354327267,0
MISS_conventional_hydroelectric_1_inlet,53,298.11345354327267,0
MISS_conventional_hydroelectric_1_inlet,54,298.11345354327267,0
MISS_conventional_hydroelectric_1_inlet,55,298.11345354327267,0
MISS_conventional_hydroelectric_1_inlet,56,298.11345354327267,0
MISS_conventional_hydroelectric_1_inlet,57,298.11345354327267,0
MISS_conventional_hydroelectric_1_inlet,58,298.11345354327267,0
MISS_conventional_hydroelectric_1_inlet,59,298.11345354327267,0
MISS_conventional_hydroelectric_1_inlet,60,298.11345354327267,0
MISS_conventional_hydroelectric_1_inlet,61,298.11345354327267,0
MISS_conventional_hydroelectric_1_inlet,62,298.11345354327267,0
MISS_conventional_hydroelectric_1_inlet,63,298.11345354327267,0
MISS_conventional_hydroelectric_1_inlet,64,298.11345354327267,0
MISS_conventional_hydroelectric_1_inlet,65,298.11345354327267,0
MISS_conventional_hydroelectric_1_inlet,66,298.11345354327267,0
MISS_conventional_hydroelectric_1_inlet,67,298.11345354327267,0
MISS_conventional_hydroelectric_1_inlet,68,298.11345354327267,0
MISS_conventional_hydroelectric_1_inlet,69,298.11345354327267,0
MISS_conventional_hydroelectric_1_inlet,70,298.11345354327267,0
MISS_conventional_hydroelectric_1_inlet,71,298.11345354327267,0
MISS_conventional_hydroelectric_1_inlet,72,298.11345354327267,0
MISS_conventional_hydroelectric_1_inlet,73,298.11345354327267,0
MISS_conventional_hydroelectric_1_inlet,74,298.11345354327267,0
MISS_conventional_hydroelectric_1_inlet,75,298.11345354327267,0
MISS_conventional_hydroelectric_1_inlet,76,298.11345354327267,0
MISS_conventional_hydroelectric_1_inlet,77,298.11345354327267,0
MISS_conventional_hydroelectric_1_inlet,78,298.11345354327267,0
MISS_conventional_hydroelectric_1_inlet,79,298.11345354327267,0
MISS_conventional_hydroelectric_1_inlet,80,298.11345354327267,0
MISS_conventional_hydroelectric_1_inlet,81,298.11345354327267,0
MISS_conventional_hydroelectric_1_inlet,82,298.11345354327267,0
MISS_conventional_hydroelectric_1_inlet,83,298.11345354327267,0
MISS_conventional_hydroelectric_1_inlet,84,298.11345354327267,0
MISS_conventional_hydroelectric_1_inlet,85,298.11345354327267,0
MISS_conventional_hydroelectric_1_inlet,86,298.11345354327267,0
MISS_conventional_hydroelectric_1_inlet,87,298.11345354327267,0
MISS_conventional_hydroelectric_1_inlet,88,298.11345354327267,0
MISS_conventional_hydroelectric_1_inlet,89,298.11345354327267,0
MISS_conventional_hydroelectric_1_inlet,90,298.11345354327267,0
MISS_conventional_hydroelectric_1_inlet,91,298.11345354327267,0
MISS_conventional_hydroelectric_1_inlet,92,298.11345354327267,0
MISS_conventional_hydroelectric_1_inlet,93,298.11345354327267,0
MISS_conventional_hydroelectric_1_inlet,94,298.11345354327267,0
MISS_conventional_hydroelectric_1_inlet,95,298.11345354327267,0
MISS_conventional_hydroelectric_1_inlet,96,298.11345354327267,0
MISS_conventional_hydroelectric_1_inlet,97,291.29972635517356,0
MISS_conventional_hydroelectric_1_inlet,98,291.2811027500826,0
MISS_conventional_hydroelectric_1_inlet,99,291.27531359424796,0
MISS_conventional_hydroelectric_1_inlet,100,291.27416668601654,0
MISS_conventional_hydroelectric_1_inlet,101,291.2683775301818,0
MISS_conventional_hydroelectric_1_inlet,102,291.2497539250909,0
MISS_conventional_hydroelectric_1_inlet,103,291.23113032,0
MISS_conventional_hydroelectric_1_inlet,104,291.2253411641653,0
MISS_conventional_hydroelectric_1_inlet,105,291.1775533211901,0
MISS_conventional_hydroelectric_1_inlet,106,291.17176416535534,0
MISS_conventional_hydroelectric_1_inlet,107,291.15314056026443,0
MISS_conventional_hydroelectric_1_inlet,108,291.14735140442974,0
MISS_conventional_hydroelectric_1_inlet,109,291.1287277993389,0
MISS_conventional_hydroelectric_1_inlet,110,291.12293864350414,0
MISS_conventional_hydroelectric_1_inlet,111,291.10431503841323,0
MISS_conventional_hydroelectric_1_inlet,112,291.0856914333223,0
MISS_conventional_hydroelectric_1_inlet,113,291.0973789743471,0
MISS_conventional_hydroelectric_1_inlet,114,291.0787553692562,0
MISS_conventional_hydroelectric_1_inlet,115,291.04380197553724,0
MISS_conventional_hydroelectric_1_inlet,116,291.0251783704463,0
MISS_conventional_hydroelectric_1_inlet,117,291.0193892146116,0
MISS_conventional_hydroelectric_1_inlet,118,291.00076560952067,0
MISS_conventional_hydroelectric_1_inlet,119,290.98214200442976,0
MISS_conventional_hydroelectric_1_inlet,120,290.97635284859507,0
MISS_conventional_hydroelectric_1_inlet,121,290.4470273924628,0
MISS_conventional_hydroelectric_1_inlet,122,290.4470273924628,0
MISS_conventional_hydroelectric_1_inlet,123,290.4470273924628,0
MISS_conventional_hydroelectric_1_inlet,124,290.4470273924628,0
MISS_conventional_hydroelectric_1_inlet,125,290.4470273924628,0
MISS_conventional_hydroelectric_1_inlet,126,290.4470273924628,0
MISS_conventional_hydroelectric_1_inlet,127,290.4470273924628,0
MISS_conventional_hydroelectric_1_inlet,128,290.4470273924628,0
MISS_conventional_hydroelectric_1_inlet,129,290.4470273924628,0
MISS_conventional_hydroelectric_1_inlet,130,290.4470273924628,0
MISS_conventional_hydroelectric_1_inlet,131,290.4470273924628,0
MISS_conventional_hydroelectric_1_inlet,132,290.4470273924628,0
MISS_conventional_hydroelectric_1_inlet,133,290.4470273924628,0
MISS_conventional_hydroelectric_1_inlet,134,290.4470273924628,0
MISS_conventional_hydroelectric_1_inlet,135,290.4470273924628,0
MISS_conventional_hydroelectric_1_inlet,136,290.4470273924628,0
MISS_conventional_hydroelectric_1_inlet,137,290.4470273924628,0
MISS_conventional_hydroelectric_1_inlet,138,290.4470273924628,0
MISS_conventional_hydroelectric_1_inlet,139,290.4470273924628,0
MISS_conventional_hydroelectric_1_inlet,140,290.4470273924628,0
MISS_conventional_hydroelectric_1_inlet,141,290.4470273924628,0
MISS_conventional_hydroelectric_1_inlet,142,290.4470273924628,0
MISS_conventional_hydroelectric_1_inlet,143,290.4470273924628,0
MISS_conventional_hydroelectric_1_inlet,144,290.4470273924628,0
MISS_conventional_hydroelectric_1_inlet,145,336.91248517685955,0
MISS_conventional_hydroelectric_1_inlet,146,337.1015611910083,0
MISS_conventional_hydroelectric_1_inlet,147,337.30811390201654,0
MISS_conventional_hydroelectric_1_inlet,148,337.4808601275372,0
MISS_conventional_hydroelectric_1_inlet,149,337.6874128385455,0
MISS_conventional_hydroelectric_1_inlet,150,337.87648885269425,0
MISS_conventional_hydroelectric_1_inlet,151,338.0830415637025,0
MISS_conventional_hydroelectric_1_inlet,152,338.24295333996685,0
MISS_conventional_hydroelectric_1_inlet,153,338.44950605097523,0
MISS_conventional_hydroelectric_1_inlet,154,338.6514165143802,0
MISS_conventional_hydroelectric_1_inlet,155,338.8579692253884,0
MISS_conventional_hydroelectric_1_inlet,156,339.04704523953717,0
MISS_conventional_hydroelectric_1_inlet,157,339.22443371266115,0
MISS_conventional_hydroelectric_1_inlet,158,339.41350972680993,0
MISS_conventional_hydroelectric_1_inlet,159,339.6200624378182,0
MISS_conventional_hydroelectric_1_inlet,160,339.809138451967,0
MISS_conventional_hydroelectric_1_inlet,161,339.9993613743471,0
MISS_conventional_hydroelectric_1_inlet,162,340.18843738849586,0
MISS_conventional_hydroelectric_1_inlet,163,340.39499009950424,0
MISS_conventional_hydroelectric_1_inlet,164,340.58406611365297,0
MISS_conventional_hydroelectric_1_inlet,165,340.7614545867769,0
MISS_conventional_hydroelectric_1_inlet,166,340.9505306009256,0
MISS_conventional_hydroelectric_1_inlet,167,341.1524410643305,0
MISS_conventional_hydroelectric_1_inlet,168,341.35899377533894,0
MISS_conventional_hydroelectric_1_inlet,169,361.0065148435041,0
MISS_conventional_hydroelectric_1_inlet,170,361.0065148435041,0
MISS_conventional_hydroelectric_1_inlet,171,361.0065148435041,0
MISS_conventional_hydroelectric_1_inlet,172,361.0065148435041,0
MISS_conventional_hydroelectric_1_inlet,173,361.0065148435041,0
MISS_conventional_hydroelectric_1_inlet,174,361.0065148435041,0
MISS_conventional_hydroelectric_1_inlet,175,361.0065148435041,0
MISS_conventional_hydroelectric_1_inlet,176,361.0065148435041,0
MISS_conventional_hydroelectric_1_inlet,177,361.0065148435041,0
MISS_conventional_hydroelectric_1_inlet,178,361.0065148435041,0
MISS_conventional_hydroelectric_1_inlet,179,361.0065148435041,0
MISS_conventional_hydroelectric_1_inlet,180,361.0065148435041,0
MISS_conventional_hydroelectric_1_inlet,181,361.0065148435041,0
MISS_conventional_hydroelectric_1_inlet,182,361.0065148435041,0
MISS_conventional_hydroelectric_1_inlet,183,361.0065148435041,0
MISS_conventional_hydroelectric_1_inlet,184,361.0065148435041,0
MISS_conventional_hydroelectric_1_inlet,185,361.0065148435041,0
MISS_conventional_hydroelectric_1_inlet,186,361.0065148435041,0
MISS_conventional_hydroelectric_1_inlet,187,361.0065148435041,0
MISS_conventional_hydroelectric_1_inlet,188,361.0065148435041,0
MISS_conventional_hydroelectric_1_inlet,189,361.0065148435041,0
MISS_conventional_hydroelectric_1_inlet,190,361.0065148435041,0
MISS_conventional_hydroelectric_1_inlet,191,361.0065148435041,0
MISS_conventional_hydroelectric_1_inlet,192,361.0065148435041,0
MISS_conventional_hydroelectric_1_inlet,193,243.7195829992066,0
MISS_conventional_hydroelectric_1_inlet,194,243.7195829992066,0
MISS_conventional_hydroelectric_1_inlet,195,243.7195829992066,0
MISS_conventional_hydroelectric_1_inlet,196,243.7195829992066,0
MISS_conventional_hydroelectric_1_inlet,197,243.7195829992066,0
MISS_conventional_hydroelectric_1_inlet,198,243.7195829992066,0
MISS_conventional_hydroelectric_1_inlet,199,243.7195829992066,0
MISS_conventional_hydroelectric_1_inlet,200,243.7195829992066,0
MISS_conventional_hydroelectric_1_inlet,201,243.7195829992066,0
MISS_conventional_hydroelectric_1_inlet,202,243.7195829992066,0
MISS_conventional_hydroelectric_1_inlet,203,243.7195829992066,0
MISS_conventional_hydroelectric_1_inlet,204,243.7195829992066,0
MISS_conventional_hydroelectric_1_inlet,205,243.7195829992066,0
MISS_conventional_hydroelectric_1_inlet,206,243.7195829992066,0
MISS_conventional_hydroelectric_1_inlet,207,243.7195829992066,0
MISS_conventional_hydroelectric_1_inlet,208,243.7195829992066,0
MISS_conventional_hydroelectric_1_inlet,209,243.7195829992066,0
MISS_conventional_hydroelectric_1_inlet,210,243.7195829992066,0
MISS_conventional_hydroelectric_1_inlet,211,243.7195829992066,0
MISS_conventional_hydroelectric_1_inlet,212,243.7195829992066,0
MISS_conventional_hydroelectric_1_inlet,213,243.7195829992066,0
MISS_conventional_hydroelectric_1_inlet,214,243.7195829992066,0
MISS_conventional_hydroelectric_1_inlet,215,243.7195829992066,0
MISS_conventional_hydroelectric_1_inlet,216,243.7195829992066,0
MISS_conventional_hydroelectric_1_inlet,217,181.12138634380167,0
MISS_conventional_hydroelectric_1_inlet,218,180.69932411464464,0
MISS_conventional_hydroelectric_1_inlet,219,180.2609320968595,0
MISS_conventional_hydroelectric_1_inlet,220,179.82254007907437,0
MISS_conventional_hydroelectric_1_inlet,221,179.40047784991734,0
MISS_conventional_hydroelectric_1_inlet,222,178.96208583213223,0
MISS_conventional_hydroelectric_1_inlet,223,178.53538135537192,0
MISS_conventional_hydroelectric_1_inlet,224,178.0969893375868,0
MISS_conventional_hydroelectric_1_inlet,225,177.67492710842973,0
MISS_conventional_hydroelectric_1_inlet,226,177.2365350906446,0
MISS_conventional_hydroelectric_1_inlet,227,176.8273073107438,0
MISS_conventional_hydroelectric_1_inlet,228,176.3889152929587,0
MISS_conventional_hydroelectric_1_inlet,229,175.9202121290579,0
MISS_conventional_hydroelectric_1_inlet,230,175.510984349157,0
MISS_conventional_hydroelectric_1_inlet,231,175.0725923313719,0
MISS_conventional_hydroelectric_1_inlet,232,174.65053010221487,0
MISS_conventional_hydroelectric_1_inlet,233,174.2121380844298,0
MISS_conventional_hydroelectric_1_inlet,234,173.8029103045289,0
MISS_conventional_hydroelectric_1_inlet,235,173.36451828674385,0
MISS_conventional_hydroelectric_1_inlet,236,172.895815122843,0
MISS_conventional_hydroelectric_1_inlet,237,172.4865873429422,0
MISS_conventional_hydroelectric_1_inlet,238,172.04819532515702,0
MISS_conventional_hydroelectric_1_inlet,239,171.62613309600002,0
MISS_conventional_hydroelectric_1_inlet,240,171.18774107821486,0
MISS_conventional_hydroelectric_1_inlet,241,85.69321463781819,0
MISS_conventional_hydroelectric_1_inlet,242,85.69321463781819,0
MISS_conventional_hydroelectric_1_inlet,243,85.69321463781819,0
MISS_conventional_hydroelectric_1_inlet,244,85.69321463781819,0
MISS_conventional_hydroelectric_1_inlet,245,85.69321463781819,0
MISS_conventional_hydroelectric_1_inlet,246,85.69321463781819,0
MISS_conventional_hydroelectric_1_inlet,247,85.69321463781819,0
MISS_conventional_hydroelectric_1_inlet,248,85.69321463781819,0
MISS_conventional_hydroelectric_1_inlet,249,85.69321463781819,0
MISS_conventional_hydroelectric_1_inlet,250,85.69321463781819,0
MISS_conventional_hydroelectric_1_inlet,251,85.69321463781819,0
MISS_conventional_hydroelectric_1_inlet,252,85.69321463781819,0
MISS_conventional_hydroelectric_1_inlet,253,85.69321463781819,0
MISS_conventional_hydroelectric_1_inlet,254,85.69321463781819,0
MISS_conventional_hydroelectric_1_inlet,255,85.69321463781819,0
MISS_conventional_hydroelectric_1_inlet,256,85.69321463781819,0
MISS_conventional_hydroelectric_1_inlet,257,85.69321463781819,0
MISS_conventional_hydroelectric_1_inlet,258,85.69321463781819,0
MISS_conventional_hydroelectric_1_inlet,259,85.69321463781819,0
MISS_conventional_hydroelectric_1_inlet,260,85.69321463781819,0
MISS_conventional_hydroelectric_1_inlet,261,85.69321463781819,0
MISS_conventional_hydroelectric_1_inlet,262,85.69321463781819,0
MISS_conventional_hydroelectric_1_inlet,263,85.69321463781819,0
MISS_conventional_hydroelectric_1_inlet,264,85.69321463781819,0
MISS_conventional_hydroelectric_1_inlet,265,73.27514768429754,0
MISS_conventional_hydroelectric_1_inlet,266,73.1970486952066,0
MISS_conventional_hydroelectric_1_inlet,267,73.12359195371903,0
MISS_conventional_hydroelectric_1_inlet,268,73.04549296462808,0
MISS_conventional_hydroelectric_1_inlet,269,72.9848706723967,0
MISS_conventional_hydroelectric_1_inlet,270,72.90677168330576,0
MISS_conventional_hydroelectric_1_inlet,271,72.81698515319007,0
MISS_conventional_hydroelectric_1_inlet,272,72.72605171484297,0
MISS_conventional_hydroelectric_1_inlet,273,72.66542942261158,0
MISS_conventional_hydroelectric_1_inlet,274,72.58733043352066,0
MISS_conventional_hydroelectric_1_inlet,275,72.52670814128925,0
MISS_conventional_hydroelectric_1_inlet,276,72.43577470294215,0
MISS_conventional_hydroelectric_1_inlet,277,72.35767571385124,0
MISS_conventional_hydroelectric_1_inlet,278,72.29705342161982,0
MISS_conventional_hydroelectric_1_inlet,279,72.18979019464464,0
MISS_conventional_hydroelectric_1_inlet,280,72.12916790241322,0
MISS_conventional_hydroelectric_1_inlet,281,72.03823446406611,0
MISS_conventional_hydroelectric_1_inlet,282,71.9776121718347,0
MISS_conventional_hydroelectric_1_inlet,283,71.8995131827438,0
MISS_conventional_hydroelectric_1_inlet,284,71.8388908905124,0
MISS_conventional_hydroelectric_1_inlet,285,71.7479574521653,0
MISS_conventional_hydroelectric_1_inlet,286,71.6873351599339,0
MISS_conventional_hydroelectric_1_inlet,287,71.60923617084298,0
MISS_conventional_hydroelectric_1_inlet,288,71.51944964072727,0
MISS_conventional_hydroelectric_1_inlet,289,57.803847174743794,0
MISS_conventional_hydroelectric_1_inlet,290,57.803847174743794,0
MISS_conventional_hydroelectric_1_inlet,291,57.803847174743794,0
MISS_conventional_hydroelectric_1_inlet,292,57.803847174743794,0
MISS_conventional_hydroelectric_1_inlet,293,57.803847174743794,0
MISS_conventional_hydroelectric_1_inlet,294,57.803847174743794,0
MISS_conventional_hydroelectric_1_inlet,295,57.803847174743794,0
MISS_conventional_hydroelectric_1_inlet,296,57.803847174743794,0
MISS_conventional_hydroelectric_1_inlet,297,57.803847174743794,0
MISS_conventional_hydroelectric_1_inlet,298,57.803847174743794,0
MISS_conventional_hydroelectric_1_inlet,299,57.803847174743794,0
MISS_conventional_hydroelectric_1_inlet,300,57.803847174743794,0
MISS_conventional_hydroelectric_1_inlet,301,57.803847174743794,0
MISS_conventional_hydroelectric_1_inlet,302,57.803847174743794,0
MISS_conventional_hydroelectric_1_inlet,303,57.803847174743794,0
MISS_conventional_hydroelectric_1_inlet,304,57.803847174743794,0
MISS_conventional_hydroelectric_1_inlet,305,57.803847174743794,0
MISS_conventional_hydroelectric_1_inlet,306,57.803847174743794,0
MISS_conventional_hydroelectric_1_inlet,307,57.803847174743794,0
MISS_conventional_hydroelectric_1_inlet,308,57.803847174743794,0
MISS_conventional_hydroelectric_1_inlet,309,57.803847174743794,0
MISS_conventional_hydroelectric_1_inlet,310,57.803847174743794,0
MISS_conventional_hydroelectric_1_inlet,311,57.803847174743794,0
MISS_conventional_hydroelectric_1_inlet,312,57.803847174743794,0
MISS_conventional_hydroelectric_1_inlet,313,54.57912353077686,0
MISS_conventional_hydroelectric_1_inlet,314,54.51500589917356,0
MISS_conventional_hydroelectric_1_inlet,315,54.48119941368595,0
MISS_conventional_hydroelectric_1_inlet,316,54.44739292819834,0
MISS_conventional_hydroelectric_1_inlet,317,54.40075199345455,0
MISS_conventional_hydroelectric_1_inlet,318,54.36694550796694,0
MISS_conventional_hydroelectric_1_inlet,319,54.30282787636364,0
MISS_conventional_hydroelectric_1_inlet,320,54.269021390876034,0
MISS_conventional_hydroelectric_1_inlet,321,54.222380456132235,0
MISS_conventional_hydroelectric_1_inlet,322,54.18857397064463,0
MISS_conventional_hydroelectric_1_inlet,323,54.14193303590082,0
MISS_conventional_hydroelectric_1_inlet,324,54.090649853553714,0
MISS_conventional_hydroelectric_1_inlet,325,54.04400891880992,0
MISS_conventional_hydroelectric_1_inlet,326,54.010202433322306,0
MISS_conventional_hydroelectric_1_inlet,327,53.96356149857851,0
MISS_conventional_hydroelectric_1_inlet,328,53.929755013090904,0
MISS_conventional_hydroelectric_1_inlet,329,53.8656373814876,0
MISS_conventional_hydroelectric_1_inlet,330,53.83183089599999,0
MISS_conventional_hydroelectric_1_inlet,331,53.78518996125619,0
MISS_conventional_hydroelectric_1_inlet,332,53.751383475768606,0
MISS_conventional_hydroelectric_1_inlet,333,53.71757699028098,0
MISS_conventional_hydroelectric_1_inlet,334,53.65345935867768,0
MISS_conventional_hydroelectric_1_inlet,335,53.61965287319008,0
MISS_conventional_hydroelectric_1_inlet,336,53.54384770056198,0
MISS_conventional_hydroelectric_1_inlet,337,47.157371135999995,0
MISS_conventional_hydroelectric_1_inlet,338,47.12356465051239,0
MISS_conventional_hydroelectric_1_inlet,339,47.0769237157686,0
MISS_conventional_hydroelectric_1_inlet,340,47.04311723028099,0
MISS_conventional_hydroelectric_1_inlet,341,47.00931074479339,0
MISS_conventional_hydroelectric_1_inlet,342,46.916028875305784,0
MISS_conventional_hydroelectric_1_inlet,343,46.88222238981819,0
MISS_conventional_hydroelectric_1_inlet,344,46.83558145507438,0
MISS_conventional_hydroelectric_1_inlet,345,46.80177496958678,0
MISS_conventional_hydroelectric_1_inlet,346,46.737657337983464,0
MISS_conventional_hydroelectric_1_inlet,347,46.70385085249587,0
MISS_conventional_hydroelectric_1_inlet,348,46.65720991775207,0
MISS_conventional_hydroelectric_1_inlet,349,46.62340343226447,0
MISS_conventional_hydroelectric_1_inlet,350,46.576762497520654,0
MISS_conventional_hydroelectric_1_inlet,351,46.525479315173556,0
MISS_conventional_hydroelectric_1_inlet,352,46.47883838042976,0
MISS_conventional_hydroelectric_1_inlet,353,46.44503189494215,0
MISS_conventional_hydroelectric_1_inlet,354,46.39839096019835,0
MISS_conventional_hydroelectric_1_inlet,355,46.36458447471074,0
MISS_conventional_hydroelectric_1_inlet,356,46.31330129236363,0
MISS_conventional_hydroelectric_1_inlet,357,46.266660357619834,0
MISS_conventional_hydroelectric_1_inlet,358,46.23285387213223,0
MISS_conventional_hydroelectric_1_inlet,359,46.186212937388426,0
MISS_conventional_hydroelectric_1_inlet,360,46.15240645190082,0
MISS_conventional_hydroelectric_1_inlet,361,50.012408026710744,0
MISS_conventional_hydroelectric_1_inlet,362,50.04621451219835,0
MISS_conventional_hydroelectric_1_inlet,363,50.109185235570244,0
MISS_conventional_hydroelectric_1_inlet,364,50.18499040819835,0
MISS_conventional_hydroelectric_1_inlet,365,50.20132019682644,0
MISS_conventional_hydroelectric_1_inlet,366,50.26429092019835,0
MISS_conventional_hydroelectric_1_inlet,367,50.31093185494214,0
MISS_conventional_hydroelectric_1_inlet,368,50.373902578314045,0
MISS_conventional_hydroelectric_1_inlet,369,50.43687330168595,0
MISS_conventional_hydroelectric_1_inlet,370,50.453203090314055,0
MISS_conventional_hydroelectric_1_inlet,371,50.529008262942156,0
MISS_conventional_hydroelectric_1_inlet,372,50.562814748429744,0
MISS_conventional_hydroelectric_1_inlet,373,50.62578547180165,0
MISS_conventional_hydroelectric_1_inlet,374,50.684113947570246,0
MISS_conventional_hydroelectric_1_inlet,375,50.717920433057856,0
MISS_conventional_hydroelectric_1_inlet,376,50.78089115642975,0
MISS_conventional_hydroelectric_1_inlet,377,50.82753209117356,0
MISS_conventional_hydroelectric_1_inlet,378,50.89050281454546,0
MISS_conventional_hydroelectric_1_inlet,379,50.93599684105785,0
MISS_conventional_hydroelectric_1_inlet,380,50.969803326545446,0
MISS_conventional_hydroelectric_1_inlet,381,51.045608499173554,0
MISS_conventional_hydroelectric_1_inlet,382,51.079414984661156,0
MISS_conventional_hydroelectric_1_inlet,383,51.142385708033046,0
MISS_conventional_hydroelectric_1_inlet,384,51.17154994591734,0
MISS_conventional_hydroelectric_1_inlet,385,57.369605872462806,0
MISS_conventional_hydroelectric_1_inlet,386,57.403412357950415,0
MISS_conventional_hydroelectric_1_inlet,387,57.46638308132232,0
MISS_conventional_hydroelectric_1_inlet,388,57.542188253950414,0
MISS_conventional_hydroelectric_1_inlet,389,57.575994739438016,0
MISS_conventional_hydroelectric_1_inlet,390,57.62148876595042,0
MISS_conventional_hydroelectric_1_inlet,391,57.668129700694216,0
MISS_conventional_hydroelectric_1_inlet,392,57.73110042406611,0
MISS_conventional_hydroelectric_1_inlet,393,57.79407114743802,0
MISS_conventional_hydroelectric_1_inlet,394,57.82323538532231,0
MISS_conventional_hydroelectric_1_inlet,395,57.8862061086942,0
MISS_conventional_hydroelectric_1_inlet,396,57.92001259418182,0
MISS_conventional_hydroelectric_1_inlet,397,57.98298331755372,0
MISS_conventional_hydroelectric_1_inlet,398,58.05878849018182,0
MISS_conventional_hydroelectric_1_inlet,399,58.07511827880992,0
MISS_conventional_hydroelectric_1_inlet,400,58.138089002181815,0
MISS_conventional_hydroelectric_1_inlet,401,58.18472993692562,0
MISS_conventional_hydroelectric_1_inlet,402,58.24770066029752,0
MISS_conventional_hydroelectric_1_inlet,403,58.310671383669415,0
MISS_conventional_hydroelectric_1_inlet,404,58.33983562155371,0
MISS_conventional_hydroelectric_1_inlet,405,58.40280634492563,0
MISS_conventional_hydroelectric_1_inlet,406,58.436612830413225,0
MISS_conventional_hydroelectric_1_inlet,407,58.499583553785115,0
MISS_conventional_hydroelectric_1_inlet,408,58.52874779166942,0
MISS_conventional_hydroelectric_1_inlet,409,60.07854850036364,0
MISS_conventional_hydroelectric_1_inlet,410,60.07854850036364,0
MISS_conventional_hydroelectric_1_inlet,411,60.07854850036364,0
MISS_conventional_hydroelectric_1_inlet,412,60.07854850036364,0
MISS_conventional_hydroelectric_1_inlet,413,60.07854850036364,0
MISS_conventional_hydroelectric_1_inlet,414,60.07854850036364,0
MISS_conventional_hydroelectric_1_inlet,415,60.07854850036364,0
MISS_conventional_hydroelectric_1_inlet,416,60.07854850036364,0
MISS_conventional_hydroelectric_1_inlet,417,60.07854850036364,0
MISS_conventional_hydroelectric_1_inlet,418,60.07854850036364,0
MISS_conventional_hydroelectric_1_inlet,419,60.07854850036364,0
MISS_conventional_hydroelectric_1_inlet,420,60.07854850036364,0
MISS_conventional_hydroelectric_1_inlet,421,60.07854850036364,0
MISS_conventional_hydroelectric_1_inlet,422,60.07854850036364,0
MISS_conventional_hydroelectric_1_inlet,423,60.07854850036364,0
MISS_conventional_hydroelectric_1_inlet,424,60.07854850036364,0
MISS_conventional_hydroelectric_1_inlet,425,60.07854850036364,0
MISS_conventional_hydroelectric_1_inlet,426,60.07854850036364,0
MISS_conventional_hydroelectric_1_inlet,427,60.07854850036364,0
MISS_conventional_hydroelectric_1_inlet,428,60.07854850036364,0
MISS_conventional_hydroelectric_1_inlet,429,60.07854850036364,0
MISS_conventional_hydroelectric_1_inlet,430,60.07854850036364,0
MISS_conventional_hydroelectric_1_inlet,431,60.07854850036364,0
MISS_conventional_hydroelectric_1_inlet,432,60.07854850036364,0
MISS_conventional_hydroelectric_1_inlet,433,74.4939288315372,0
MISS_conventional_hydroelectric_1_inlet,434,74.5592479860496,0
MISS_conventional_hydroelectric_1_inlet,435,74.61992489295866,0
MISS_conventional_hydroelectric_1_inlet,436,74.68524404747107,0
MISS_conventional_hydroelectric_1_inlet,437,74.73308650512398,0
MISS_conventional_hydroelectric_1_inlet,438,74.76924142175207,0
MISS_conventional_hydroelectric_1_inlet,439,74.81708387940496,0
MISS_conventional_hydroelectric_1_inlet,440,74.87776078631404,0
MISS_conventional_hydroelectric_1_inlet,441,74.94307994082644,0
MISS_conventional_hydroelectric_1_inlet,442,74.96175816059505,0
MISS_conventional_hydroelectric_1_inlet,443,75.02707731510743,0
MISS_conventional_hydroelectric_1_inlet,444,75.07491977276032,0
MISS_conventional_hydroelectric_1_inlet,445,75.13559667966942,0
MISS_conventional_hydroelectric_1_inlet,446,75.20091583418181,0
MISS_conventional_hydroelectric_1_inlet,447,75.21959405395042,0
MISS_conventional_hydroelectric_1_inlet,448,75.28491320846283,0
MISS_conventional_hydroelectric_1_inlet,449,75.33275566611572,0
MISS_conventional_hydroelectric_1_inlet,450,75.39807482062808,0
MISS_conventional_hydroelectric_1_inlet,451,75.4295874896529,0
MISS_conventional_hydroelectric_1_inlet,452,75.47742994730581,0
MISS_conventional_hydroelectric_1_inlet,453,75.54274910181819,0
MISS_conventional_hydroelectric_1_inlet,454,75.59059155947108,0
MISS_conventional_hydroelectric_1_inlet,455,75.62674647609917,0
MISS_conventional_hydroelectric_1_inlet,456,75.68742338300828,0
MISS_conventional_hydroelectric_1_inlet,457,78.75693211299173,0
MISS_conventional_hydroelectric_1_inlet,458,78.75693211299173,0
MISS_conventional_hydroelectric_1_inlet,459,78.75693211299173,0
MISS_conventional_hydroelectric_1_inlet,460,78.75693211299173,0
MISS_conventional_hydroelectric_1_inlet,461,78.75693211299173,0
MISS_conventional_hydroelectric_1_inlet,462,78.75693211299173,0
MISS_conventional_hydroelectric_1_inlet,463,78.75693211299173,0
MISS_conventional_hydroelectric_1_inlet,464,78.75693211299173,0
MISS_conventional_hydroelectric_1_inlet,465,78.75693211299173,0
MISS_conventional_hydroelectric_1_inlet,466,78.75693211299173,0
MISS_conventional_hydroelectric_1_inlet,467,78.75693211299173,0
MISS_conventional_hydroelectric_1_inlet,468,78.75693211299173,0
MISS_conventional_hydroelectric_1_inlet,469,78.75693211299173,0
MISS_conventional_hydroelectric_1_inlet,470,78.75693211299173,0
MISS_conventional_hydroelectric_1_inlet,471,78.75693211299173,0
MISS_conventional_hydroelectric_1_inlet,472,78.75693211299173,0
MISS_conventional_hydroelectric_1_inlet,473,78.75693211299173,0
MISS_conventional_hydroelectric_1_inlet,474,78.75693211299173,0
MISS_conventional_hydroelectric_1_inlet,475,78.75693211299173,0
MISS_conventional_hydroelectric_1_inlet,476,78.75693211299173,0
MISS_conventional_hydroelectric_1_inlet,477,78.75693211299173,0
MISS_conventional_hydroelectric_1_inlet,478,78.75693211299173,0
MISS_conventional_hydroelectric_1_inlet,479,78.75693211299173,0
MISS_conventional_hydroelectric_1_inlet,480,78.75693211299173,0
MISS_conventional_hydroelectric_1_inlet,481,42.57760272396694,0
MISS_conventional_hydroelectric_1_inlet,482,42.57760272396694,0
MISS_conventional_hydroelectric_1_inlet,483,42.57760272396694,0
MISS_conventional_hydroelectric_1_inlet,484,42.57760272396694,0
MISS_conventional_hydroelectric_1_inlet,485,42.57760272396694,0
MISS_conventional_hydroelectric_1_inlet,486,42.57760272396694,0
MISS_conventional_hydroelectric_1_inlet,487,42.57760272396694,0
MISS_conventional_hydroelectric_1_inlet,488,42.57760272396694,0
MISS_conventional_hydroelectric_1_inlet,489,42.57760272396694,0
MISS_conventional_hydroelectric_1_inlet,490,42.57760272396694,0
MISS_conventional_hydroelectric_1_inlet,491,42.57760272396694,0
MISS_conventional_hydroelectric_1_inlet,492,42.57760272396694,0
MISS_conventional_hydroelectric_1_inlet,493,42.57760272396694,0
MISS_conventional_hydroelectric_1_inlet,494,42.57760272396694,0
MISS_conventional_hydroelectric_1_inlet,495,42.57760272396694,0
MISS_conventional_hydroelectric_1_inlet,496,42.57760272396694,0
MISS_conventional_hydroelectric_1_inlet,497,42.57760272396694,0
MISS_conventional_hydroelectric_1_inlet,498,42.57760272396694,0
MISS_conventional_hydroelectric_1_inlet,499,42.57760272396694,0
MISS_conventional_hydroelectric_1_inlet,500,42.57760272396694,0
MISS_conventional_hydroelectric_1_inlet,501,42.57760272396694,0
MISS_conventional_hydroelectric_1_inlet,502,42.57760272396694,0
MISS_conventional_hydroelectric_1_inlet,503,42.57760272396694,0
MISS_conventional_hydroelectric_1_inlet,504,42.57760272396694,0
MISS_conventional_hydroelectric_1_inlet,505,48.7064618538843,0
MISS_conventional_hydroelectric_1_inlet,506,48.7542496968595,0
MISS_conventional_hydroelectric_1_inlet,507,48.80089063160331,0
MISS_conventional_hydroelectric_1_inlet,508,48.831201777719,0
MISS_conventional_hydroelectric_1_inlet,509,48.87784271246281,0
MISS_conventional_hydroelectric_1_inlet,510,48.92563055543801,0
MISS_conventional_hydroelectric_1_inlet,511,48.98510593943801,0
MISS_conventional_hydroelectric_1_inlet,512,49.002582636297525,0
MISS_conventional_hydroelectric_1_inlet,513,49.079534717157024,0
MISS_conventional_hydroelectric_1_inlet,514,49.09701141401653,0
MISS_conventional_hydroelectric_1_inlet,515,49.12732256013223,0
MISS_conventional_hydroelectric_1_inlet,516,49.204274640991734,0
MISS_conventional_hydroelectric_1_inlet,517,49.221751337851245,0
MISS_conventional_hydroelectric_1_inlet,518,49.28122672185125,0
MISS_conventional_hydroelectric_1_inlet,519,49.31618011557025,0
MISS_conventional_hydroelectric_1_inlet,520,49.37565549957024,0
MISS_conventional_hydroelectric_1_inlet,521,49.39313219642976,0
MISS_conventional_hydroelectric_1_inlet,522,49.47008427728925,0
MISS_conventional_hydroelectric_1_inlet,523,49.50039542340496,0
MISS_conventional_hydroelectric_1_inlet,524,49.54703635814876,0
MISS_conventional_hydroelectric_1_inlet,525,49.577347504264466,0
MISS_conventional_hydroelectric_1_inlet,526,49.64146513586776,0
MISS_conventional_hydroelectric_1_inlet,527,49.671776281983476,0
MISS_conventional_hydroelectric_1_inlet,528,49.73125166598348,0
MISS_conventional_hydroelectric_1_inlet,529,58.725742934082646,0
MISS_conventional_hydroelectric_1_inlet,530,58.725742934082646,0
MISS_conventional_hydroelectric_1_inlet,531,58.725742934082646,0
MISS_conventional_hydroelectric_1_inlet,532,58.725742934082646,0
MISS_conventional_hydroelectric_1_inlet,533,58.725742934082646,0
MISS_conventional_hydroelectric_1_inlet,534,58.725742934082646,0
MISS_conventional_hydroelectric_1_inlet,535,58.725742934082646,0
MISS_conventional_hydroelectric_1_inlet,536,58.725742934082646,0
MISS_conventional_hydroelectric_1_inlet,537,58.725742934082646,0
MISS_conventional_hydroelectric_1_inlet,538,58.725742934082646,0
MISS_conventional_hydroelectric_1_inlet,539,58.725742934082646,0
MISS_conventional_hydroelectric_1_inlet,540,58.725742934082646,0
MISS_conventional_hydroelectric_1_inlet,541,58.725742934082646,0
MISS_conventional_hydroelectric_1_inlet,542,58.725742934082646,0
MISS_conventional_hydroelectric_1_inlet,543,58.725742934082646,0
MISS_conventional_hydroelectric_1_inlet,544,58.725742934082646,0
MISS_conventional_hydroelectric_1_inlet,545,58.725742934082646,0
MISS_conventional_hydroelectric_1_inlet,546,58.725742934082646,0
MISS_conventional_hydroelectric_1_inlet,547,58.725742934082646,0
MISS_conventional_hydroelectric_1_inlet,548,58.725742934082646,0
MISS_conventional_hydroelectric_1_inlet,549,58.725742934082646,0
MISS_conventional_hydroelectric_1_inlet,550,58.725742934082646,0
MISS_conventional_hydroelectric_1_inlet,551,58.725742934082646,0
MISS_conventional_hydroelectric_1_inlet,552,58.725742934082646,0
MISS_conventional_hydroelectric_1_inlet,553,117.29845554128926,0
MISS_conventional_hydroelectric_1_inlet,554,117.9093207112066,0
MISS_conventional_hydroelectric_1_inlet,555,118.52018588112398,0
MISS_conventional_hydroelectric_1_inlet,556,119.10188681315704,0
MISS_conventional_hydroelectric_1_inlet,557,119.7127519830744,0
MISS_conventional_hydroelectric_1_inlet,558,120.32361715299173,0
MISS_conventional_hydroelectric_1_inlet,559,120.90531808502479,0
MISS_conventional_hydroelectric_1_inlet,560,121.52901770419834,0
MISS_conventional_hydroelectric_1_inlet,561,122.13988287411568,0
MISS_conventional_hydroelectric_1_inlet,562,122.75074804403307,0
MISS_conventional_hydroelectric_1_inlet,563,123.33244897606612,0
MISS_conventional_hydroelectric_1_inlet,564,123.94331414598348,0
MISS_conventional_hydroelectric_1_inlet,565,124.55417931590083,0
MISS_conventional_hydroelectric_1_inlet,566,125.16504448581817,0
MISS_conventional_hydroelectric_1_inlet,567,125.74674541785122,0
MISS_conventional_hydroelectric_1_inlet,568,126.35761058776858,0
MISS_conventional_hydroelectric_1_inlet,569,126.98131020694214,0
MISS_conventional_hydroelectric_1_inlet,570,127.56301113897521,0
MISS_conventional_hydroelectric_1_inlet,571,128.17387630889257,0
MISS_conventional_hydroelectric_1_inlet,572,128.7847414788099,0
MISS_conventional_hydroelectric_1_inlet,573,129.3956066487273,0
MISS_conventional_hydroelectric_1_inlet,574,129.97730758076034,0
MISS_conventional_hydroelectric_1_inlet,575,130.5881727506777,0
MISS_conventional_hydroelectric_1_inlet,576,131.19903792059503,0
MISW_conventional_hydroelectric_1_inlet,1,25.233820781316545,0
MISW_conventional_hydroelectric_1_inlet,2,25.225650766983406,0
MISW_conventional_hydroelectric_1_inlet,3,25.212058402289642,0
MISW_conventional_hydroelectric_1_inlet,4,25.198466037595885,0
MISW_conventional_hydroelectric_1_inlet,5,25.184862089158557,0
MISW_conventional_hydroelectric_1_inlet,6,25.172116496119063,0
MISW_conventional_hydroelectric_1_inlet,7,25.158524131425303,0
MISW_conventional_hydroelectric_1_inlet,8,25.14493176673154,0
MISW_conventional_hydroelectric_1_inlet,9,25.131397320755585,0
MISW_conventional_hydroelectric_1_inlet,10,25.11780495606182,0
MISW_conventional_hydroelectric_1_inlet,11,25.109634941728686,0
MISW_conventional_hydroelectric_1_inlet,12,25.09604257703492,0
MISW_conventional_hydroelectric_1_inlet,13,25.08245021234116,0
MISW_conventional_hydroelectric_1_inlet,14,25.0688578476474,0
MISW_conventional_hydroelectric_1_inlet,15,25.06068783331425,0
MISW_conventional_hydroelectric_1_inlet,16,25.047095468620498,0
MISW_conventional_hydroelectric_1_inlet,17,25.033503103926734,0
MISW_conventional_hydroelectric_1_inlet,18,25.019910739232976,0
MISW_conventional_hydroelectric_1_inlet,19,25.006318374539216,0
MISW_conventional_hydroelectric_1_inlet,20,24.998148360206066,0
MISW_conventional_hydroelectric_1_inlet,21,24.984555995512313,0
MISW_conventional_hydroelectric_1_inlet,22,24.966388052112194,0
MISW_conventional_hydroelectric_1_inlet,23,24.952795687418437,0
MISW_conventional_hydroelectric_1_inlet,24,24.944614089341734,0
MISW_conventional_hydroelectric_1_inlet,25,28.401504345094448,0
MISW_conventional_hydroelectric_1_inlet,26,28.436254417401265,0
MISW_conventional_hydroelectric_1_inlet,27,28.47100448970808,0
MISW_conventional_hydroelectric_1_inlet,28,28.50032062791071,0
MISW_conventional_hydroelectric_1_inlet,29,28.53512166868919,0
MISW_conventional_hydroelectric_1_inlet,30,28.56987174099599,0
MISW_conventional_hydroelectric_1_inlet,31,28.599199462942185,0
MISW_conventional_hydroelectric_1_inlet,32,28.633949535249005,0
MISW_conventional_hydroelectric_1_inlet,33,28.668750576027477,0
MISW_conventional_hydroelectric_1_inlet,34,28.69806671423011,0
MISW_conventional_hydroelectric_1_inlet,35,28.732816786536926,0
MISW_conventional_hydroelectric_1_inlet,36,28.77214243755009,0
MISW_conventional_hydroelectric_1_inlet,37,28.80694347832857,0
MISW_conventional_hydroelectric_1_inlet,38,28.83627120027476,0
MISW_conventional_hydroelectric_1_inlet,39,28.87102127258158,0
MISW_conventional_hydroelectric_1_inlet,40,28.905759761144825,0
MISW_conventional_hydroelectric_1_inlet,41,28.935087483091014,0
MISW_conventional_hydroelectric_1_inlet,42,28.9698885238695,0
MISW_conventional_hydroelectric_1_inlet,43,29.004638596176303,0
MISW_conventional_hydroelectric_1_inlet,44,29.0339663181225,0
MISW_conventional_hydroelectric_1_inlet,45,29.068716390429312,0
MISW_conventional_hydroelectric_1_inlet,46,29.10350584746423,0
MISW_conventional_hydroelectric_1_inlet,47,29.13283356941043,0
MISW_conventional_hydroelectric_1_inlet,48,29.167583641717233,0
MISW_conventional_hydroelectric_1_inlet,49,35.56085906170578,0
MISW_conventional_hydroelectric_1_inlet,50,35.56085906170578,0
MISW_conventional_hydroelectric_1_inlet,51,35.56085906170578,0
MISW_conventional_hydroelectric_1_inlet,52,35.56085906170578,0
MISW_conventional_hydroelectric_1_inlet,53,35.56085906170578,0
MISW_conventional_hydroelectric_1_inlet,54,35.56085906170578,0
MISW_conventional_hydroelectric_1_inlet,55,35.56085906170578,0
MISW_conventional_hydroelectric_1_inlet,56,35.56085906170578,0
MISW_conventional_hydroelectric_1_inlet,57,35.56085906170578,0
MISW_conventional_hydroelectric_1_inlet,58,35.56085906170578,0
MISW_conventional_hydroelectric_1_inlet,59,35.56085906170578,0
MISW_conventional_hydroelectric_1_inlet,60,35.56085906170578,0
MISW_conventional_hydroelectric_1_inlet,61,35.56085906170578,0
MISW_conventional_hydroelectric_1_inlet,62,35.56085906170578,0
MISW_conventional_hydroelectric_1_inlet,63,35.56085906170578,0
MISW_conventional_hydroelectric_1_inlet,64,35.56085906170578,0
MISW_conventional_hydroelectric_1_inlet,65,35.56085906170578,0
MISW_conventional_hydroelectric_1_inlet,66,35.56085906170578,0
MISW_conventional_hydroelectric_1_inlet,67,35.56085906170578,0
MISW_conventional_hydroelectric_1_inlet,68,35.56085906170578,0
MISW_conventional_hydroelectric_1_inlet,69,35.56085906170578,0
MISW_conventional_hydroelectric_1_inlet,70,35.56085906170578,0
MISW_conventional_hydroelectric_1_inlet,71,35.56085906170578,0
MISW_conventional_hydroelectric_1_inlet,72,35.56085906170578,0
MISW_conventional_hydroelectric_1_inlet,73,35.56085906170578,0
MISW_conventional_hydroelectric_1_inlet,74,35.56085906170578,0
MISW_conventional_hydroelectric_1_inlet,75,35.56085906170578,0
MISW_conventional_hydroelectric_1_inlet,76,35.56085906170578,0
MISW_conventional_hydroelectric_1_inlet,77,35.56085906170578,0
MISW_conventional_hydroelectric_1_inlet,78,35.56085906170578,0
MISW_conventional_hydroelectric_1_inlet,79,35.56085906170578,0
MISW_conventional_hydroelectric_1_inlet,80,35.56085906170578,0
MISW_conventional_hydroelectric_1_inlet,81,35.56085906170578,0
MISW_conventional_hydroelectric_1_inlet,82,35.56085906170578,0
MISW_conventional_hydroelectric_1_inlet,83,35.56085906170578,0
MISW_conventional_hydroelectric_1_inlet,84,35.56085906170578,0
MISW_conventional_hydroelectric_1_inlet,85,35.56085906170578,0
MISW_conventional_hydroelectric_1_inlet,86,35.56085906170578,0
MISW_conventional_hydroelectric_1_inlet,87,35.56085906170578,0
MISW_conventional_hydroelectric_1_inlet,88,35.56085906170578,0
MISW_conventional_hydroelectric_1_inlet,89,35.56085906170578,0
MISW_conventional_hydroelectric_1_inlet,90,35.56085906170578,0
MISW_conventional_hydroelectric_1_inlet,91,35.56085906170578,0
MISW_conventional_hydroelectric_1_inlet,92,35.56085906170578,0
MISW_conventional_hydroelectric_1_inlet,93,35.56085906170578,0
MISW_conventional_hydroelectric_1_inlet,94,35.56085906170578,0
MISW_conventional_hydroelectric_1_inlet,95,35.56085906170578,0
MISW_conventional_hydroelectric_1_inlet,96,35.56085906170578,0
MISW_conventional_hydroelectric_1_inlet,97,43.994381551734406,0
MISW_conventional_hydroelectric_1_inlet,98,44.02264009414998,0
MISW_conventional_hydroelectric_1_inlet,99,44.05084071784774,0
MISW_conventional_hydroelectric_1_inlet,100,44.0790598755352,0
MISW_conventional_hydroelectric_1_inlet,101,44.10731841795078,0
MISW_conventional_hydroelectric_1_inlet,102,44.13557696036634,0
MISW_conventional_hydroelectric_1_inlet,103,44.16384708652548,0
MISW_conventional_hydroelectric_1_inlet,104,44.19204771022325,0
MISW_conventional_hydroelectric_1_inlet,105,44.22031783638238,0
MISW_conventional_hydroelectric_1_inlet,106,44.243154028437324,0
MISW_conventional_hydroelectric_1_inlet,107,44.271361602381226,0
MISW_conventional_hydroelectric_1_inlet,108,44.29957380982256,0
MISW_conventional_hydroelectric_1_inlet,109,44.327832352238126,0
MISW_conventional_hydroelectric_1_inlet,110,44.3560908946537,0
MISW_conventional_hydroelectric_1_inlet,111,44.38436102081283,0
MISW_conventional_hydroelectric_1_inlet,112,44.417195141934755,0
MISW_conventional_hydroelectric_1_inlet,113,44.44540734937608,0
MISW_conventional_hydroelectric_1_inlet,114,44.47361492331998,0
MISW_conventional_hydroelectric_1_inlet,115,44.50187346573556,0
MISW_conventional_hydroelectric_1_inlet,116,44.530143591894685,0
MISW_conventional_hydroelectric_1_inlet,117,44.55840213431026,0
MISW_conventional_hydroelectric_1_inlet,118,44.5811804076474,0
MISW_conventional_hydroelectric_1_inlet,119,44.60945053380654,0
MISW_conventional_hydroelectric_1_inlet,120,44.637709076222094,0
MISW_conventional_hydroelectric_1_inlet,121,45.64734468982256,0
MISW_conventional_hydroelectric_1_inlet,122,45.64734468982256,0
MISW_conventional_hydroelectric_1_inlet,123,45.64734468982256,0
MISW_conventional_hydroelectric_1_inlet,124,45.64734468982256,0
MISW_conventional_hydroelectric_1_inlet,125,45.64734468982256,0
MISW_conventional_hydroelectric_1_inlet,126,45.64734468982256,0
MISW_conventional_hydroelectric_1_inlet,127,45.64734468982256,0
MISW_conventional_hydroelectric_1_inlet,128,45.64734468982256,0
MISW_conventional_hydroelectric_1_inlet,129,45.64734468982256,0
MISW_conventional_hydroelectric_1_inlet,130,45.64734468982256,0
MISW_conventional_hydroelectric_1_inlet,131,45.64734468982256,0
MISW_conventional_hydroelectric_1_inlet,132,45.64734468982256,0
MISW_conventional_hydroelectric_1_inlet,133,45.64734468982256,0
MISW_conventional_hydroelectric_1_inlet,134,45.64734468982256,0
MISW_conventional_hydroelectric_1_inlet,135,45.64734468982256,0
MISW_conventional_hydroelectric_1_inlet,136,45.64734468982256,0
MISW_conventional_hydroelectric_1_inlet,137,45.64734468982256,0
MISW_conventional_hydroelectric_1_inlet,138,45.64734468982256,0
MISW_conventional_hydroelectric_1_inlet,139,45.64734468982256,0
MISW_conventional_hydroelectric_1_inlet,140,45.64734468982256,0
MISW_conventional_hydroelectric_1_inlet,141,45.64734468982256,0
MISW_conventional_hydroelectric_1_inlet,142,45.64734468982256,0
MISW_conventional_hydroelectric_1_inlet,143,45.64734468982256,0
MISW_conventional_hydroelectric_1_inlet,144,45.64734468982256,0
MISW_conventional_hydroelectric_1_inlet,145,49.469688154413284,0
MISW_conventional_hydroelectric_1_inlet,146,49.488058813325715,0
MISW_conventional_hydroelectric_1_inlet,147,49.50101870562107,0
MISW_conventional_hydroelectric_1_inlet,148,49.519440333005164,0
MISW_conventional_hydroelectric_1_inlet,149,49.53240022530053,0
MISW_conventional_hydroelectric_1_inlet,150,49.55077088421294,0
MISW_conventional_hydroelectric_1_inlet,151,49.56377016123641,0
MISW_conventional_hydroelectric_1_inlet,152,49.58215240389239,0
MISW_conventional_hydroelectric_1_inlet,153,49.59515168091587,0
MISW_conventional_hydroelectric_1_inlet,154,49.61353392357184,0
MISW_conventional_hydroelectric_1_inlet,155,49.63190458248427,0
MISW_conventional_hydroelectric_1_inlet,156,49.64033986454494,0
MISW_conventional_hydroelectric_1_inlet,157,49.658710523457366,0
MISW_conventional_hydroelectric_1_inlet,158,49.671658832009165,0
MISW_conventional_hydroelectric_1_inlet,159,49.690092043136815,0
MISW_conventional_hydroelectric_1_inlet,160,49.703040351688614,0
MISW_conventional_hydroelectric_1_inlet,161,49.72142259434459,0
MISW_conventional_hydroelectric_1_inlet,162,49.73984422172869,0
MISW_conventional_hydroelectric_1_inlet,163,49.75279253028049,0
MISW_conventional_hydroelectric_1_inlet,164,49.77117477293646,0
MISW_conventional_hydroelectric_1_inlet,165,49.78417404995995,0
MISW_conventional_hydroelectric_1_inlet,166,49.802556292615925,0
MISW_conventional_hydroelectric_1_inlet,167,49.815555569639386,0
MISW_conventional_hydroelectric_1_inlet,168,49.83392622855181,0
MISW_conventional_hydroelectric_1_inlet,169,51.4477004038008,0
MISW_conventional_hydroelectric_1_inlet,170,51.4477004038008,0
MISW_conventional_hydroelectric_1_inlet,171,51.4477004038008,0
MISW_conventional_hydroelectric_1_inlet,172,51.4477004038008,0
MISW_conventional_hydroelectric_1_inlet,173,51.4477004038008,0
MISW_conventional_hydroelectric_1_inlet,174,51.4477004038008,0
MISW_conventional_hydroelectric_1_inlet,175,51.4477004038008,0
MISW_conventional_hydroelectric_1_inlet,176,51.4477004038008,0
MISW_conventional_hydroelectric_1_inlet,177,51.4477004038008,0
MISW_conventional_hydroelectric_1_inlet,178,51.4477004038008,0
MISW_conventional_hydroelectric_1_inlet,179,51.4477004038008,0
MISW_conventional_hydroelectric_1_inlet,180,51.4477004038008,0
MISW_conventional_hydroelectric_1_inlet,181,51.4477004038008,0
MISW_conventional_hydroelectric_1_inlet,182,51.4477004038008,0
MISW_conventional_hydroelectric_1_inlet,183,51.4477004038008,0
MISW_conventional_hydroelectric_1_inlet,184,51.4477004038008,0
MISW_conventional_hydroelectric_1_inlet,185,51.4477004038008,0
MISW_conventional_hydroelectric_1_inlet,186,51.4477004038008,0
MISW_conventional_hydroelectric_1_inlet,187,51.4477004038008,0
MISW_conventional_hydroelectric_1_inlet,188,51.4477004038008,0
MISW_conventional_hydroelectric_1_inlet,189,51.4477004038008,0
MISW_conventional_hydroelectric_1_inlet,190,51.4477004038008,0
MISW_conventional_hydroelectric_1_inlet,191,51.4477004038008,0
MISW_conventional_hydroelectric_1_inlet,192,51.4477004038008,0
MISW_conventional_hydroelectric_1_inlet,193,43.86629778243847,0
MISW_conventional_hydroelectric_1_inlet,194,43.86629778243847,0
MISW_conventional_hydroelectric_1_inlet,195,43.86629778243847,0
MISW_conventional_hydroelectric_1_inlet,196,43.86629778243847,0
MISW_conventional_hydroelectric_1_inlet,197,43.86629778243847,0
MISW_conventional_hydroelectric_1_inlet,198,43.86629778243847,0
MISW_conventional_hydroelectric_1_inlet,199,43.86629778243847,0
MISW_conventional_hydroelectric_1_inlet,200,43.86629778243847,0
MISW_conventional_hydroelectric_1_inlet,201,43.86629778243847,0
MISW_conventional_hydroelectric_1_inlet,202,43.86629778243847,0
MISW_conventional_hydroelectric_1_inlet,203,43.86629778243847,0
MISW_conventional_hydroelectric_1_inlet,204,43.86629778243847,0
MISW_conventional_hydroelectric_1_inlet,205,43.86629778243847,0
MISW_conventional_hydroelectric_1_inlet,206,43.86629778243847,0
MISW_conventional_hydroelectric_1_inlet,207,43.86629778243847,0
MISW_conventional_hydroelectric_1_inlet,208,43.86629778243847,0
MISW_conventional_hydroelectric_1_inlet,209,43.86629778243847,0
MISW_conventional_hydroelectric_1_inlet,210,43.86629778243847,0
MISW_conventional_hydroelectric_1_inlet,211,43.86629778243847,0
MISW_conventional_hydroelectric_1_inlet,212,43.86629778243847,0
MISW_conventional_hydroelectric_1_inlet,213,43.86629778243847,0
MISW_conventional_hydroelectric_1_inlet,214,43.86629778243847,0
MISW_conventional_hydroelectric_1_inlet,215,43.86629778243847,0
MISW_conventional_hydroelectric_1_inlet,216,43.86629778243847,0
MISW_conventional_hydroelectric_1_inlet,217,44.10402052615914,0
MISW_conventional_hydroelectric_1_inlet,218,44.099607119862625,0
MISW_conventional_hydroelectric_1_inlet,219,44.10512214017173,0
MISW_conventional_hydroelectric_1_inlet,220,44.106061581774476,0
MISW_conventional_hydroelectric_1_inlet,221,44.11157660208359,0
MISW_conventional_hydroelectric_1_inlet,222,44.11258554614769,0
MISW_conventional_hydroelectric_1_inlet,223,44.11352498775044,0
MISW_conventional_hydroelectric_1_inlet,224,44.113617657698924,0
MISW_conventional_hydroelectric_1_inlet,225,44.11462660176303,0
MISW_conventional_hydroelectric_1_inlet,226,44.115566043365774,0
MISW_conventional_hydroelectric_1_inlet,227,44.121081063674886,0
MISW_conventional_hydroelectric_1_inlet,228,44.122020505277625,0
MISW_conventional_hydroelectric_1_inlet,229,44.123029449341736,0
MISW_conventional_hydroelectric_1_inlet,230,44.12312211929022,0
MISW_conventional_hydroelectric_1_inlet,231,44.12406156089296,0
MISW_conventional_hydroelectric_1_inlet,232,44.12505892121352,0
MISW_conventional_hydroelectric_1_inlet,233,44.130585525266184,0
MISW_conventional_hydroelectric_1_inlet,234,44.13152496686892,0
MISW_conventional_hydroelectric_1_inlet,235,44.13246440847168,0
MISW_conventional_hydroelectric_1_inlet,236,44.132614997137956,0
MISW_conventional_hydroelectric_1_inlet,237,44.13356602248427,0
MISW_conventional_hydroelectric_1_inlet,238,44.13450546408701,0
MISW_conventional_hydroelectric_1_inlet,239,44.14007840311392,0
MISW_conventional_hydroelectric_1_inlet,240,44.141017844716664,0
MISW_conventional_hydroelectric_1_inlet,241,44.46223505364625,0
MISW_conventional_hydroelectric_1_inlet,242,44.46223505364625,0
MISW_conventional_hydroelectric_1_inlet,243,44.46223505364625,0
MISW_conventional_hydroelectric_1_inlet,244,44.46223505364625,0
MISW_conventional_hydroelectric_1_inlet,245,44.46223505364625,0
MISW_conventional_hydroelectric_1_inlet,246,44.46223505364625,0
MISW_conventional_hydroelectric_1_inlet,247,44.46223505364625,0
MISW_conventional_hydroelectric_1_inlet,248,44.46223505364625,0
MISW_conventional_hydroelectric_1_inlet,249,44.46223505364625,0
MISW_conventional_hydroelectric_1_inlet,250,44.46223505364625,0
MISW_conventional_hydroelectric_1_inlet,251,44.46223505364625,0
MISW_conventional_hydroelectric_1_inlet,252,44.46223505364625,0
MISW_conventional_hydroelectric_1_inlet,253,44.46223505364625,0
MISW_conventional_hydroelectric_1_inlet,254,44.46223505364625,0
MISW_conventional_hydroelectric_1_inlet,255,44.46223505364625,0
MISW_conventional_hydroelectric_1_inlet,256,44.46223505364625,0
MISW_conventional_hydroelectric_1_inlet,257,44.46223505364625,0
MISW_conventional_hydroelectric_1_inlet,258,44.46223505364625,0
MISW_conventional_hydroelectric_1_inlet,259,44.46223505364625,0
MISW_conventional_hydroelectric_1_inlet,260,44.46223505364625,0
MISW_conventional_hydroelectric_1_inlet,261,44.46223505364625,0
MISW_conventional_hydroelectric_1_inlet,262,44.46223505364625,0
MISW_conventional_hydroelectric_1_inlet,263,44.46223505364625,0
MISW_conventional_hydroelectric_1_inlet,264,44.46223505364625,0
MISW_conventional_hydroelectric_1_inlet,265,37.545277121282204,0
MISW_conventional_hydroelectric_1_inlet,266,37.50804465273039,0
MISW_conventional_hydroelectric_1_inlet,267,37.46623660547225,0
MISW_conventional_hydroelectric_1_inlet,268,37.424382223239846,0
MISW_conventional_hydroelectric_1_inlet,269,37.38257417598169,0
MISW_conventional_hydroelectric_1_inlet,270,37.33529280989125,0
MISW_conventional_hydroelectric_1_inlet,271,37.29348476263309,0
MISW_conventional_hydroelectric_1_inlet,272,37.251618796657134,0
MISW_conventional_hydroelectric_1_inlet,273,37.20982233314254,0
MISW_conventional_hydroelectric_1_inlet,274,37.168014285884375,0
MISW_conventional_hydroelectric_1_inlet,275,37.1207838882656,0
MISW_conventional_hydroelectric_1_inlet,276,37.08355141971381,0
MISW_conventional_hydroelectric_1_inlet,277,37.04164606900974,0
MISW_conventional_hydroelectric_1_inlet,278,36.999838021751586,0
MISW_conventional_hydroelectric_1_inlet,279,36.95802997449342,0
MISW_conventional_hydroelectric_1_inlet,280,36.91622192723526,0
MISW_conventional_hydroelectric_1_inlet,281,36.868991529616494,0
MISW_conventional_hydroelectric_1_inlet,282,36.82713714738409,0
MISW_conventional_hydroelectric_1_inlet,283,36.78532910012593,0
MISW_conventional_hydroelectric_1_inlet,284,36.743470084396115,0
MISW_conventional_hydroelectric_1_inlet,285,36.70166203713796,0
MISW_conventional_hydroelectric_1_inlet,286,36.65443163951918,0
MISW_conventional_hydroelectric_1_inlet,287,36.61715283599313,0
MISW_conventional_hydroelectric_1_inlet,288,36.57534478873498,0
MISW_conventional_hydroelectric_1_inlet,289,28.940235298729256,0
MISW_conventional_hydroelectric_1_inlet,290,28.940235298729256,0
MISW_conventional_hydroelectric_1_inlet,291,28.940235298729256,0
MISW_conventional_hydroelectric_1_inlet,292,28.940235298729256,0
MISW_conventional_hydroelectric_1_inlet,293,28.940235298729256,0
MISW_conventional_hydroelectric_1_inlet,294,28.940235298729256,0
MISW_conventional_hydroelectric_1_inlet,295,28.940235298729256,0
MISW_conventional_hydroelectric_1_inlet,296,28.940235298729256,0
MISW_conventional_hydroelectric_1_inlet,297,28.940235298729256,0
MISW_conventional_hydroelectric_1_inlet,298,28.940235298729256,0
MISW_conventional_hydroelectric_1_inlet,299,28.940235298729256,0
MISW_conventional_hydroelectric_1_inlet,300,28.940235298729256,0
MISW_conventional_hydroelectric_1_inlet,301,28.940235298729256,0
MISW_conventional_hydroelectric_1_inlet,302,28.940235298729256,0
MISW_conventional_hydroelectric_1_inlet,303,28.940235298729256,0
MISW_conventional_hydroelectric_1_inlet,304,28.940235298729256,0
MISW_conventional_hydroelectric_1_inlet,305,28.940235298729256,0
MISW_conventional_hydroelectric_1_inlet,306,28.940235298729256,0
MISW_conventional_hydroelectric_1_inlet,307,28.940235298729256,0
MISW_conventional_hydroelectric_1_inlet,308,28.940235298729256,0
MISW_conventional_hydroelectric_1_inlet,309,28.940235298729256,0
MISW_conventional_hydroelectric_1_inlet,310,28.940235298729256,0
MISW_conventional_hydroelectric_1_inlet,311,28.940235298729256,0
MISW_conventional_hydroelectric_1_inlet,312,28.940235298729256,0
MISW_conventional_hydroelectric_1_inlet,313,28.41364990021752,0
MISW_conventional_hydroelectric_1_inlet,314,28.408209015867204,0
MISW_conventional_hydroelectric_1_inlet,315,28.402705579301664,0
MISW_conventional_hydroelectric_1_inlet,316,28.397264694951343,0
MISW_conventional_hydroelectric_1_inlet,317,28.391819177103613,0
MISW_conventional_hydroelectric_1_inlet,318,28.381802714046945,0
MISW_conventional_hydroelectric_1_inlet,319,28.376310861224965,0
MISW_conventional_hydroelectric_1_inlet,320,28.36543604277046,0
MISW_conventional_hydroelectric_1_inlet,321,28.359995158420155,0
MISW_conventional_hydroelectric_1_inlet,322,28.354561224315972,0
MISW_conventional_hydroelectric_1_inlet,323,28.3491087562221,0
MISW_conventional_hydroelectric_1_inlet,324,28.339041324693767,0
MISW_conventional_hydroelectric_1_inlet,325,28.333600440343453,0
MISW_conventional_hydroelectric_1_inlet,326,28.32809700377791,0
MISW_conventional_hydroelectric_1_inlet,327,28.317233769066974,0
MISW_conventional_hydroelectric_1_inlet,328,28.31183921969091,0
MISW_conventional_hydroelectric_1_inlet,329,28.30177178816257,0
MISW_conventional_hydroelectric_1_inlet,330,28.296330903812255,0
MISW_conventional_hydroelectric_1_inlet,331,28.29082746724671,0
MISW_conventional_hydroelectric_1_inlet,332,28.285386582896397,0
MISW_conventional_hydroelectric_1_inlet,333,28.279952648792218,0
MISW_conventional_hydroelectric_1_inlet,334,28.26450225163137,0
MISW_conventional_hydroelectric_1_inlet,335,28.25901039880939,0
MISW_conventional_hydroelectric_1_inlet,336,28.253569514459077,0
MISW_conventional_hydroelectric_1_inlet,337,27.22581692593017,0
MISW_conventional_hydroelectric_1_inlet,338,27.210327144041223,0
MISW_conventional_hydroelectric_1_inlet,339,27.204874675947345,0
MISW_conventional_hydroelectric_1_inlet,340,27.19943379159703,0
MISW_conventional_hydroelectric_1_inlet,341,27.193941938775055,0
MISW_conventional_hydroelectric_1_inlet,342,27.188547389398973,0
MISW_conventional_hydroelectric_1_inlet,343,27.178479957870646,0
MISW_conventional_hydroelectric_1_inlet,344,27.173027489776768,0
MISW_conventional_hydroelectric_1_inlet,345,27.16753563695478,0
MISW_conventional_hydroelectric_1_inlet,346,27.156672402243853,0
MISW_conventional_hydroelectric_1_inlet,347,27.151226884396113,0
MISW_conventional_hydroelectric_1_inlet,348,27.141210421339448,0
MISW_conventional_hydroelectric_1_inlet,349,27.135769536989127,0
MISW_conventional_hydroelectric_1_inlet,350,27.13026610042359,0
MISW_conventional_hydroelectric_1_inlet,351,27.124825216073276,0
MISW_conventional_hydroelectric_1_inlet,352,27.11933336325129,0
MISW_conventional_hydroelectric_1_inlet,353,27.10394088480825,0
MISW_conventional_hydroelectric_1_inlet,354,27.09844903198627,0
MISW_conventional_hydroelectric_1_inlet,355,27.09299656389239,0
MISW_conventional_hydroelectric_1_inlet,356,27.087555679542078,0
MISW_conventional_hydroelectric_1_inlet,357,27.0820638267201,0
MISW_conventional_hydroelectric_1_inlet,358,27.076669277344024,0
MISW_conventional_hydroelectric_1_inlet,359,27.066601845815693,0
MISW_conventional_hydroelectric_1_inlet,360,27.055738611104754,0
MISW_conventional_hydroelectric_1_inlet,361,25.601107696760163,0
MISW_conventional_hydroelectric_1_inlet,362,25.596578453028048,0
MISW_conventional_hydroelectric_1_inlet,363,25.597374256210657,0
MISW_conventional_hydroelectric_1_inlet,364,25.588218465300518,0
MISW_conventional_hydroelectric_1_inlet,365,25.5835919181225,0
MISW_conventional_hydroelectric_1_inlet,366,25.579011705918724,0
MISW_conventional_hydroelectric_1_inlet,367,25.574436127212365,0
MISW_conventional_hydroelectric_1_inlet,368,25.569855915008596,0
MISW_conventional_hydroelectric_1_inlet,369,25.565229367830568,0
MISW_conventional_hydroelectric_1_inlet,370,25.566071505987416,0
MISW_conventional_hydroelectric_1_inlet,371,25.561553845998855,0
MISW_conventional_hydroelectric_1_inlet,372,25.556915715077285,0
MISW_conventional_hydroelectric_1_inlet,373,25.552347086617054,0
MISW_conventional_hydroelectric_1_inlet,374,25.547708955695484,0
MISW_conventional_hydroelectric_1_inlet,375,25.54314032723526,0
MISW_conventional_hydroelectric_1_inlet,376,25.53855316478535,0
MISW_conventional_hydroelectric_1_inlet,377,25.53940688668575,0
MISW_conventional_hydroelectric_1_inlet,378,25.534768755764173,0
MISW_conventional_hydroelectric_1_inlet,379,25.53020012730395,0
MISW_conventional_hydroelectric_1_inlet,380,25.525561996382375,0
MISW_conventional_hydroelectric_1_inlet,381,25.52104433639382,0
MISW_conventional_hydroelectric_1_inlet,382,25.516406205472244,0
MISW_conventional_hydroelectric_1_inlet,383,25.51183757701202,0
MISW_conventional_hydroelectric_1_inlet,384,25.502623867384088,0
MISW_conventional_hydroelectric_1_inlet,385,25.016415923800807,0
MISW_conventional_hydroelectric_1_inlet,386,25.00720221417287,0
MISW_conventional_hydroelectric_1_inlet,387,25.00263358571265,0
MISW_conventional_hydroelectric_1_inlet,388,25.00346877362336,0
MISW_conventional_hydroelectric_1_inlet,389,24.99890014516314,0
MISW_conventional_hydroelectric_1_inlet,390,24.99431993295936,0
MISW_conventional_hydroelectric_1_inlet,391,24.98969338578134,0
MISW_conventional_hydroelectric_1_inlet,392,24.985113173577567,0
MISW_conventional_hydroelectric_1_inlet,393,24.980537594871212,0
MISW_conventional_hydroelectric_1_inlet,394,24.97595738266743,0
MISW_conventional_hydroelectric_1_inlet,395,24.971330835489418,0
MISW_conventional_hydroelectric_1_inlet,396,24.97218455738982,0
MISW_conventional_hydroelectric_1_inlet,397,24.967546426468235,0
MISW_conventional_hydroelectric_1_inlet,398,24.963028766479685,0
MISW_conventional_hydroelectric_1_inlet,399,24.9583906355581,0
MISW_conventional_hydroelectric_1_inlet,400,24.953822007097887,0
MISW_conventional_hydroelectric_1_inlet,401,24.949183876176306,0
MISW_conventional_hydroelectric_1_inlet,402,24.94461524771609,0
MISW_conventional_hydroelectric_1_inlet,403,24.945450435626796,0
MISW_conventional_hydroelectric_1_inlet,404,24.940881807166573,0
MISW_conventional_hydroelectric_1_inlet,405,24.93624367624499,0
MISW_conventional_hydroelectric_1_inlet,406,24.927099469078428,0
MISW_conventional_hydroelectric_1_inlet,407,24.922512306628516,0
MISW_conventional_hydroelectric_1_inlet,408,24.917943678168292,0
MISW_conventional_hydroelectric_1_inlet,409,24.797261921007443,0
MISW_conventional_hydroelectric_1_inlet,410,24.797261921007443,0
MISW_conventional_hydroelectric_1_inlet,411,24.797261921007443,0
MISW_conventional_hydroelectric_1_inlet,412,24.797261921007443,0
MISW_conventional_hydroelectric_1_inlet,413,24.797261921007443,0
MISW_conventional_hydroelectric_1_inlet,414,24.797261921007443,0
MISW_conventional_hydroelectric_1_inlet,415,24.797261921007443,0
MISW_conventional_hydroelectric_1_inlet,416,24.797261921007443,0
MISW_conventional_hydroelectric_1_inlet,417,24.797261921007443,0
MISW_conventional_hydroelectric_1_inlet,418,24.797261921007443,0
MISW_conventional_hydroelectric_1_inlet,419,24.797261921007443,0
MISW_conventional_hydroelectric_1_inlet,420,24.797261921007443,0
MISW_conventional_hydroelectric_1_inlet,421,24.797261921007443,0
MISW_conventional_hydroelectric_1_inlet,422,24.797261921007443,0
MISW_conventional_hydroelectric_1_inlet,423,24.797261921007443,0
MISW_conventional_hydroelectric_1_inlet,424,24.797261921007443,0
MISW_conventional_hydroelectric_1_inlet,425,24.797261921007443,0
MISW_conventional_hydroelectric_1_inlet,426,24.797261921007443,0
MISW_conventional_hydroelectric_1_inlet,427,24.797261921007443,0
MISW_conventional_hydroelectric_1_inlet,428,24.797261921007443,0
MISW_conventional_hydroelectric_1_inlet,429,24.797261921007443,0
MISW_conventional_hydroelectric_1_inlet,430,24.797261921007443,0
MISW_conventional_hydroelectric_1_inlet,431,24.797261921007443,0
MISW_conventional_hydroelectric_1_inlet,432,24.797261921007443,0
MISW_conventional_hydroelectric_1_inlet,433,28.652919073703487,0
MISW_conventional_hydroelectric_1_inlet,434,28.666613375340596,0
MISW_conventional_hydroelectric_1_inlet,435,28.681084946170582,0
MISW_conventional_hydroelectric_1_inlet,436,28.69477229756154,0
MISW_conventional_hydroelectric_1_inlet,437,28.709301787109332,0
MISW_conventional_hydroelectric_1_inlet,438,28.722938170028627,0
MISW_conventional_hydroelectric_1_inlet,439,28.73740974085862,0
MISW_conventional_hydroelectric_1_inlet,440,28.751104042495708,0
MISW_conventional_hydroelectric_1_inlet,441,28.7655756133257,0
MISW_conventional_hydroelectric_1_inlet,442,28.77926296471666,0
MISW_conventional_hydroelectric_1_inlet,443,28.79379245426446,0
MISW_conventional_hydroelectric_1_inlet,444,28.80285325847739,0
MISW_conventional_hydroelectric_1_inlet,445,28.816478057653118,0
MISW_conventional_hydroelectric_1_inlet,446,28.83101913094448,0
MISW_conventional_hydroelectric_1_inlet,447,28.844694898591875,0
MISW_conventional_hydroelectric_1_inlet,448,28.859178053165426,0
MISW_conventional_hydroelectric_1_inlet,449,28.872802852341163,0
MISW_conventional_hydroelectric_1_inlet,450,28.887343925632518,0
MISW_conventional_hydroelectric_1_inlet,451,28.90096872480825,0
MISW_conventional_hydroelectric_1_inlet,452,28.915502847853475,0
MISW_conventional_hydroelectric_1_inlet,453,28.929185565747,0
MISW_conventional_hydroelectric_1_inlet,454,28.943668720320545,0
MISW_conventional_hydroelectric_1_inlet,455,28.95271794078993,0
MISW_conventional_hydroelectric_1_inlet,456,28.96641224242702,0
MISW_conventional_hydroelectric_1_inlet,457,29.786740526891812,0
MISW_conventional_hydroelectric_1_inlet,458,29.786740526891812,0
MISW_conventional_hydroelectric_1_inlet,459,29.786740526891812,0
MISW_conventional_hydroelectric_1_inlet,460,29.786740526891812,0
MISW_conventional_hydroelectric_1_inlet,461,29.786740526891812,0
MISW_conventional_hydroelectric_1_inlet,462,29.786740526891812,0
MISW_conventional_hydroelectric_1_inlet,463,29.786740526891812,0
MISW_conventional_hydroelectric_1_inlet,464,29.786740526891812,0
MISW_conventional_hydroelectric_1_inlet,465,29.786740526891812,0
MISW_conventional_hydroelectric_1_inlet,466,29.786740526891812,0
MISW_conventional_hydroelectric_1_inlet,467,29.786740526891812,0
MISW_conventional_hydroelectric_1_inlet,468,29.786740526891812,0
MISW_conventional_hydroelectric_1_inlet,469,29.786740526891812,0
MISW_conventional_hydroelectric_1_inlet,470,29.786740526891812,0
MISW_conventional_hydroelectric_1_inlet,471,29.786740526891812,0
MISW_conventional_hydroelectric_1_inlet,472,29.786740526891812,0
MISW_conventional_hydroelectric_1_inlet,473,29.786740526891812,0
MISW_conventional_hydroelectric_1_inlet,474,29.786740526891812,0
MISW_conventional_hydroelectric_1_inlet,475,29.786740526891812,0
MISW_conventional_hydroelectric_1_inlet,476,29.786740526891812,0
MISW_conventional_hydroelectric_1_inlet,477,29.786740526891812,0
MISW_conventional_hydroelectric_1_inlet,478,29.786740526891812,0
MISW_conventional_hydroelectric_1_inlet,479,29.786740526891812,0
MISW_conventional_hydroelectric_1_inlet,480,29.786740526891812,0
MISW_conventional_hydroelectric_1_inlet,481,31.01499844945621,0
MISW_conventional_hydroelectric_1_inlet,482,31.01499844945621,0
MISW_conventional_hydroelectric_1_inlet,483,31.01499844945621,0
MISW_conventional_hydroelectric_1_inlet,484,31.01499844945621,0
MISW_conventional_hydroelectric_1_inlet,485,31.01499844945621,0
MISW_conventional_hydroelectric_1_inlet,486,31.01499844945621,0
MISW_conventional_hydroelectric_1_inlet,487,31.01499844945621,0
MISW_conventional_hydroelectric_1_inlet,488,31.01499844945621,0
MISW_conventional_hydroelectric_1_inlet,489,31.01499844945621,0
MISW_conventional_hydroelectric_1_inlet,490,31.01499844945621,0
MISW_conventional_hydroelectric_1_inlet,491,31.01499844945621,0
MISW_conventional_hydroelectric_1_inlet,492,31.01499844945621,0
MISW_conventional_hydroelectric_1_inlet,493,31.01499844945621,0
MISW_conventional_hydroelectric_1_inlet,494,31.01499844945621,0
MISW_conventional_hydroelectric_1_inlet,495,31.01499844945621,0
MISW_conventional_hydroelectric_1_inlet,496,31.01499844945621,0
MISW_conventional_hydroelectric_1_inlet,497,31.01499844945621,0
MISW_conventional_hydroelectric_1_inlet,498,31.01499844945621,0
MISW_conventional_hydroelectric_1_inlet,499,31.01499844945621,0
MISW_conventional_hydroelectric_1_inlet,500,31.01499844945621,0
MISW_conventional_hydroelectric_1_inlet,501,31.01499844945621,0
MISW_conventional_hydroelectric_1_inlet,502,31.01499844945621,0
MISW_conventional_hydroelectric_1_inlet,503,31.01499844945621,0
MISW_conventional_hydroelectric_1_inlet,504,31.01499844945621,0
MISW_conventional_hydroelectric_1_inlet,505,29.981620795054386,0
MISW_conventional_hydroelectric_1_inlet,506,29.975025011471097,0
MISW_conventional_hydroelectric_1_inlet,507,29.963802680709794,0
MISW_conventional_hydroelectric_1_inlet,508,29.957167512398403,0
MISW_conventional_hydroelectric_1_inlet,509,29.950571728815117,0
MISW_conventional_hydroelectric_1_inlet,510,29.943924976760165,0
MISW_conventional_hydroelectric_1_inlet,511,29.93727822470521,0
MISW_conventional_hydroelectric_1_inlet,512,29.930631472650262,0
MISW_conventional_hydroelectric_1_inlet,513,29.919471694104185,0
MISW_conventional_hydroelectric_1_inlet,514,29.912767023331433,0
MISW_conventional_hydroelectric_1_inlet,515,29.90612027127648,0
MISW_conventional_hydroelectric_1_inlet,516,29.899473519221527,0
MISW_conventional_hydroelectric_1_inlet,517,29.89287773563824,0
MISW_conventional_hydroelectric_1_inlet,518,29.88624256732685,0
MISW_conventional_hydroelectric_1_inlet,519,29.875020236565547,0
MISW_conventional_hydroelectric_1_inlet,520,29.868373484510588,0
MISW_conventional_hydroelectric_1_inlet,521,29.86177770092731,0
MISW_conventional_hydroelectric_1_inlet,522,29.855130948872354,0
MISW_conventional_hydroelectric_1_inlet,523,29.84843786184316,0
MISW_conventional_hydroelectric_1_inlet,524,29.84179110978822,0
MISW_conventional_hydroelectric_1_inlet,525,29.830619747498577,0
MISW_conventional_hydroelectric_1_inlet,526,29.82397299544362,0
MISW_conventional_hydroelectric_1_inlet,527,29.81732624338867,0
MISW_conventional_hydroelectric_1_inlet,528,29.810691075077283,0
MISW_conventional_hydroelectric_1_inlet,529,28.29013244263309,0
MISW_conventional_hydroelectric_1_inlet,530,28.29013244263309,0
MISW_conventional_hydroelectric_1_inlet,531,28.29013244263309,0
MISW_conventional_hydroelectric_1_inlet,532,28.29013244263309,0
MISW_conventional_hydroelectric_1_inlet,533,28.29013244263309,0
MISW_conventional_hydroelectric_1_inlet,534,28.29013244263309,0
MISW_conventional_hydroelectric_1_inlet,535,28.29013244263309,0
MISW_conventional_hydroelectric_1_inlet,536,28.29013244263309,0
MISW_conventional_hydroelectric_1_inlet,537,28.29013244263309,0
MISW_conventional_hydroelectric_1_inlet,538,28.29013244263309,0
MISW_conventional_hydroelectric_1_inlet,539,28.29013244263309,0
MISW_conventional_hydroelectric_1_inlet,540,28.29013244263309,0
MISW_conventional_hydroelectric_1_inlet,541,28.29013244263309,0
MISW_conventional_hydroelectric_1_inlet,542,28.29013244263309,0
MISW_conventional_hydroelectric_1_inlet,543,28.29013244263309,0
MISW_conventional_hydroelectric_1_inlet,544,28.29013244263309,0
MISW_conventional_hydroelectric_1_inlet,545,28.29013244263309,0
MISW_conventional_hydroelectric_1_inlet,546,28.29013244263309,0
MISW_conventional_hydroelectric_1_inlet,547,28.29013244263309,0
MISW_conventional_hydroelectric_1_inlet,548,28.29013244263309,0
MISW_conventional_hydroelectric_1_inlet,549,28.29013244263309,0
MISW_conventional_hydroelectric_1_inlet,550,28.29013244263309,0
MISW_conventional_hydroelectric_1_inlet,551,28.29013244263309,0
MISW_conventional_hydroelectric_1_inlet,552,28.29013244263309,0
MISW_conventional_hydroelectric_1_inlet,553,27.05836001227247,0
MISW_conventional_hydroelectric_1_inlet,554,27.050189997939334,0
MISW_conventional_hydroelectric_1_inlet,555,27.036597633245567,0
MISW_conventional_hydroelectric_1_inlet,556,27.023005268551803,0
MISW_conventional_hydroelectric_1_inlet,557,27.009412903858045,0
MISW_conventional_hydroelectric_1_inlet,558,27.0012428895249,0
MISW_conventional_hydroelectric_1_inlet,559,26.987650524831142,0
MISW_conventional_hydroelectric_1_inlet,560,26.969482581431024,0
MISW_conventional_hydroelectric_1_inlet,561,26.955890216737274,0
MISW_conventional_hydroelectric_1_inlet,562,26.942297852043506,0
MISW_conventional_hydroelectric_1_inlet,563,26.934185756428167,0
MISW_conventional_hydroelectric_1_inlet,564,26.920593391734403,0
MISW_conventional_hydroelectric_1_inlet,565,26.907001027040646,0
MISW_conventional_hydroelectric_1_inlet,566,26.893408662346886,0
MISW_conventional_hydroelectric_1_inlet,567,26.88523864801374,0
MISW_conventional_hydroelectric_1_inlet,568,26.871646283319983,0
MISW_conventional_hydroelectric_1_inlet,569,26.85804233488266,0
MISW_conventional_hydroelectric_1_inlet,570,26.8444499701889,0
MISW_conventional_hydroelectric_1_inlet,571,26.830857605495144,0
MISW_conventional_hydroelectric_1_inlet,572,26.82268759116199,0
MISW_conventional_hydroelectric_1_inlet,573,26.80909522646823,0
MISW_conventional_hydroelectric_1_inlet,574,26.795502861774477,0
MISW_conventional_hydroelectric_1_inlet,575,26.78191049708071,0
MISW_conventional_hydroelectric_1_inlet,576,26.76916490404121,0
NWPP_conventional_hydroelectric_1_inlet,1,15324.331358308582,0
NWPP_conventional_hydroelectric_1_inlet,2,15310.811397297892,0
NWPP_conventional_hydroelectric_1_inlet,3,15300.305864453858,0
NWPP_conventional_hydroelectric_1_inlet,4,15289.800331609824,0
NWPP_conventional_hydroelectric_1_inlet,5,15276.280370599135,0
NWPP_conventional_hydroelectric_1_inlet,6,15265.774837755102,0
NWPP_conventional_hydroelectric_1_inlet,7,15252.25487674441,0
NWPP_conventional_hydroelectric_1_inlet,8,15241.749343900377,0
NWPP_conventional_hydroelectric_1_inlet,9,15231.24381105634,0
NWPP_conventional_hydroelectric_1_inlet,10,15217.723850045653,0
NWPP_conventional_hydroelectric_1_inlet,11,15207.21831720162,0
NWPP_conventional_hydroelectric_1_inlet,12,15196.712784357585,0
NWPP_conventional_hydroelectric_1_inlet,13,15183.192823346893,0
NWPP_conventional_hydroelectric_1_inlet,14,15172.687290502863,0
NWPP_conventional_hydroelectric_1_inlet,15,15162.18175765883,0
NWPP_conventional_hydroelectric_1_inlet,16,15148.661796648137,0
NWPP_conventional_hydroelectric_1_inlet,17,15138.156263804103,0
NWPP_conventional_hydroelectric_1_inlet,18,15127.894439017415,0
NWPP_conventional_hydroelectric_1_inlet,19,15114.374478006725,0
NWPP_conventional_hydroelectric_1_inlet,20,15103.86894516269,0
NWPP_conventional_hydroelectric_1_inlet,21,15093.363412318657,0
NWPP_conventional_hydroelectric_1_inlet,22,15079.843451307968,0
NWPP_conventional_hydroelectric_1_inlet,23,15069.337918463934,0
NWPP_conventional_hydroelectric_1_inlet,24,15058.8323856199,0
NWPP_conventional_hydroelectric_1_inlet,25,13486.553734362109,0
NWPP_conventional_hydroelectric_1_inlet,26,13483.295598138107,0
NWPP_conventional_hydroelectric_1_inlet,27,13480.037461914108,0
NWPP_conventional_hydroelectric_1_inlet,28,13480.037461914108,0
NWPP_conventional_hydroelectric_1_inlet,29,13476.779325690108,0
NWPP_conventional_hydroelectric_1_inlet,30,13473.521189466108,0
NWPP_conventional_hydroelectric_1_inlet,31,13470.506761299452,0
NWPP_conventional_hydroelectric_1_inlet,32,13470.263053242108,0
NWPP_conventional_hydroelectric_1_inlet,33,13467.004917018106,0
NWPP_conventional_hydroelectric_1_inlet,34,13463.990488851452,0
NWPP_conventional_hydroelectric_1_inlet,35,13463.746780794105,0
NWPP_conventional_hydroelectric_1_inlet,36,13460.488644570105,0
NWPP_conventional_hydroelectric_1_inlet,37,13457.47421640345,0
NWPP_conventional_hydroelectric_1_inlet,38,13457.230508346105,0
NWPP_conventional_hydroelectric_1_inlet,39,13453.972372122105,0
NWPP_conventional_hydroelectric_1_inlet,40,13450.957943955449,0
NWPP_conventional_hydroelectric_1_inlet,41,13450.714235898104,0
NWPP_conventional_hydroelectric_1_inlet,42,13447.456099674106,0
NWPP_conventional_hydroelectric_1_inlet,43,13444.441671507451,0
NWPP_conventional_hydroelectric_1_inlet,44,13441.183535283451,0
NWPP_conventional_hydroelectric_1_inlet,45,13440.939827226108,0
NWPP_conventional_hydroelectric_1_inlet,46,13437.925399059452,0
NWPP_conventional_hydroelectric_1_inlet,47,13434.66726283545,0
NWPP_conventional_hydroelectric_1_inlet,48,13434.423554778106,0
NWPP_conventional_hydroelectric_1_inlet,49,13002.797393387518,0
NWPP_conventional_hydroelectric_1_inlet,50,13002.797393387518,0
NWPP_conventional_hydroelectric_1_inlet,51,13002.797393387518,0
NWPP_conventional_hydroelectric_1_inlet,52,13002.797393387518,0
NWPP_conventional_hydroelectric_1_inlet,53,13002.797393387518,0
NWPP_conventional_hydroelectric_1_inlet,54,13002.797393387518,0
NWPP_conventional_hydroelectric_1_inlet,55,13002.797393387518,0
NWPP_conventional_hydroelectric_1_inlet,56,13002.797393387518,0
NWPP_conventional_hydroelectric_1_inlet,57,13002.797393387518,0
NWPP_conventional_hydroelectric_1_inlet,58,13002.797393387518,0
NWPP_conventional_hydroelectric_1_inlet,59,13002.797393387518,0
NWPP_conventional_hydroelectric_1_inlet,60,13002.797393387518,0
NWPP_conventional_hydroelectric_1_inlet,61,13002.797393387518,0
NWPP_conventional_hydroelectric_1_inlet,62,13002.797393387518,0
NWPP_conventional_hydroelectric_1_inlet,63,13002.797393387518,0
NWPP_conventional_hydroelectric_1_inlet,64,13002.797393387518,0
NWPP_conventional_hydroelectric_1_inlet,65,13002.797393387518,0
NWPP_conventional_hydroelectric_1_inlet,66,13002.797393387518,0
NWPP_conventional_hydroelectric_1_inlet,67,13002.797393387518,0
NWPP_conventional_hydroelectric_1_inlet,68,13002.797393387518,0
NWPP_conventional_hydroelectric_1_inlet,69,13002.797393387518,0
NWPP_conventional_hydroelectric_1_inlet,70,13002.797393387518,0
NWPP_conventional_hydroelectric_1_inlet,71,13002.797393387518,0
NWPP_conventional_hydroelectric_1_inlet,72,13002.797393387518,0
NWPP_conventional_hydroelectric_1_inlet,73,13002.797393387518,0
NWPP_conventional_hydroelectric_1_inlet,74,13002.797393387518,0
NWPP_conventional_hydroelectric_1_inlet,75,13002.797393387518,0
NWPP_conventional_hydroelectric_1_inlet,76,13002.797393387518,0
NWPP_conventional_hydroelectric_1_inlet,77,13002.797393387518,0
NWPP_conventional_hydroelectric_1_inlet,78,13002.797393387518,0
NWPP_conventional_hydroelectric_1_inlet,79,13002.797393387518,0
NWPP_conventional_hydroelectric_1_inlet,80,13002.797393387518,0
NWPP_conventional_hydroelectric_1_inlet,81,13002.797393387518,0
NWPP_conventional_hydroelectric_1_inlet,82,13002.797393387518,0
NWPP_conventional_hydroelectric_1_inlet,83,13002.797393387518,0
NWPP_conventional_hydroelectric_1_inlet,84,13002.797393387518,0
NWPP_conventional_hydroelectric_1_inlet,85,13002.797393387518,0
NWPP_conventional_hydroelectric_1_inlet,86,13002.797393387518,0
NWPP_conventional_hydroelectric_1_inlet,87,13002.797393387518,0
NWPP_conventional_hydroelectric_1_inlet,88,13002.797393387518,0
NWPP_conventional_hydroelectric_1_inlet,89,13002.797393387518,0
NWPP_conventional_hydroelectric_1_inlet,90,13002.797393387518,0
NWPP_conventional_hydroelectric_1_inlet,91,13002.797393387518,0
NWPP_conventional_hydroelectric_1_inlet,92,13002.797393387518,0
NWPP_conventional_hydroelectric_1_inlet,93,13002.797393387518,0
NWPP_conventional_hydroelectric_1_inlet,94,13002.797393387518,0
NWPP_conventional_hydroelectric_1_inlet,95,13002.797393387518,0
NWPP_conventional_hydroelectric_1_inlet,96,13002.797393387518,0
NWPP_conventional_hydroelectric_1_inlet,97,16967.304538029453,0
NWPP_conventional_hydroelectric_1_inlet,98,16982.864094977427,0
NWPP_conventional_hydroelectric_1_inlet,99,16995.16551570139,0
NWPP_conventional_hydroelectric_1_inlet,100,17007.466936425357,0
NWPP_conventional_hydroelectric_1_inlet,101,17023.02649337332,0
NWPP_conventional_hydroelectric_1_inlet,102,17035.32791409729,0
NWPP_conventional_hydroelectric_1_inlet,103,17047.629334821257,0
NWPP_conventional_hydroelectric_1_inlet,104,17060.174463602565,0
NWPP_conventional_hydroelectric_1_inlet,105,17075.490312493188,0
NWPP_conventional_hydroelectric_1_inlet,106,17087.791733217153,0
NWPP_conventional_hydroelectric_1_inlet,107,17100.093153941118,0
NWPP_conventional_hydroelectric_1_inlet,108,17112.638282722426,0
NWPP_conventional_hydroelectric_1_inlet,109,17127.954131613045,0
NWPP_conventional_hydroelectric_1_inlet,110,17140.255552337014,0
NWPP_conventional_hydroelectric_1_inlet,111,17152.80068111833,0
NWPP_conventional_hydroelectric_1_inlet,112,17165.102101842294,0
NWPP_conventional_hydroelectric_1_inlet,113,17180.417950732914,0
NWPP_conventional_hydroelectric_1_inlet,114,17192.963079514226,0
NWPP_conventional_hydroelectric_1_inlet,115,17205.26450023819,0
NWPP_conventional_hydroelectric_1_inlet,116,17220.58034912881,0
NWPP_conventional_hydroelectric_1_inlet,117,17233.125477910122,0
NWPP_conventional_hydroelectric_1_inlet,118,17245.426898634083,0
NWPP_conventional_hydroelectric_1_inlet,119,17257.728319358055,0
NWPP_conventional_hydroelectric_1_inlet,120,17273.287876306018,0
NWPP_conventional_hydroelectric_1_inlet,121,17745.94966449948,0
NWPP_conventional_hydroelectric_1_inlet,122,17745.94966449948,0
NWPP_conventional_hydroelectric_1_inlet,123,17745.94966449948,0
NWPP_conventional_hydroelectric_1_inlet,124,17745.94966449948,0
NWPP_conventional_hydroelectric_1_inlet,125,17745.94966449948,0
NWPP_conventional_hydroelectric_1_inlet,126,17745.94966449948,0
NWPP_conventional_hydroelectric_1_inlet,127,17745.94966449948,0
NWPP_conventional_hydroelectric_1_inlet,128,17745.94966449948,0
NWPP_conventional_hydroelectric_1_inlet,129,17745.94966449948,0
NWPP_conventional_hydroelectric_1_inlet,130,17745.94966449948,0
NWPP_conventional_hydroelectric_1_inlet,131,17745.94966449948,0
NWPP_conventional_hydroelectric_1_inlet,132,17745.94966449948,0
NWPP_conventional_hydroelectric_1_inlet,133,17745.94966449948,0
NWPP_conventional_hydroelectric_1_inlet,134,17745.94966449948,0
NWPP_conventional_hydroelectric_1_inlet,135,17745.94966449948,0
NWPP_conventional_hydroelectric_1_inlet,136,17745.94966449948,0
NWPP_conventional_hydroelectric_1_inlet,137,17745.94966449948,0
NWPP_conventional_hydroelectric_1_inlet,138,17745.94966449948,0
NWPP_conventional_hydroelectric_1_inlet,139,17745.94966449948,0
NWPP_conventional_hydroelectric_1_inlet,140,17745.94966449948,0
NWPP_conventional_hydroelectric_1_inlet,141,17745.94966449948,0
NWPP_conventional_hydroelectric_1_inlet,142,17745.94966449948,0
NWPP_conventional_hydroelectric_1_inlet,143,17745.94966449948,0
NWPP_conventional_hydroelectric_1_inlet,144,17745.94966449948,0
NWPP_conventional_hydroelectric_1_inlet,145,19560.045070362634,0
NWPP_conventional_hydroelectric_1_inlet,146,19568.267299212042,0
NWPP_conventional_hydroelectric_1_inlet,147,19576.733236118806,0
NWPP_conventional_hydroelectric_1_inlet,148,19584.955464968218,0
NWPP_conventional_hydroelectric_1_inlet,149,19590.163265650976,0
NWPP_conventional_hydroelectric_1_inlet,150,19598.38549450039,0
NWPP_conventional_hydroelectric_1_inlet,151,19606.607723349804,0
NWPP_conventional_hydroelectric_1_inlet,152,19615.07366025656,0
NWPP_conventional_hydroelectric_1_inlet,153,19620.281460939317,0
NWPP_conventional_hydroelectric_1_inlet,154,19628.503689788733,0
NWPP_conventional_hydroelectric_1_inlet,155,19636.725918638145,0
NWPP_conventional_hydroelectric_1_inlet,156,19645.1918555449,0
NWPP_conventional_hydroelectric_1_inlet,157,19650.39965622766,0
NWPP_conventional_hydroelectric_1_inlet,158,19658.62188507707,0
NWPP_conventional_hydroelectric_1_inlet,159,19666.844113926483,0
NWPP_conventional_hydroelectric_1_inlet,160,19675.066342775895,0
NWPP_conventional_hydroelectric_1_inlet,161,19680.517851515997,0
NWPP_conventional_hydroelectric_1_inlet,162,19688.74008036541,0
NWPP_conventional_hydroelectric_1_inlet,163,19696.96230921482,0
NWPP_conventional_hydroelectric_1_inlet,164,19705.184538064237,0
NWPP_conventional_hydroelectric_1_inlet,165,19710.63604680434,0
NWPP_conventional_hydroelectric_1_inlet,166,19718.85827565375,0
NWPP_conventional_hydroelectric_1_inlet,167,19727.080504503167,0
NWPP_conventional_hydroelectric_1_inlet,168,19735.30273335258,0
NWPP_conventional_hydroelectric_1_inlet,169,20501.20022897859,0
NWPP_conventional_hydroelectric_1_inlet,170,20501.20022897859,0
NWPP_conventional_hydroelectric_1_inlet,171,20501.20022897859,0
NWPP_conventional_hydroelectric_1_inlet,172,20501.20022897859,0
NWPP_conventional_hydroelectric_1_inlet,173,20501.20022897859,0
NWPP_conventional_hydroelectric_1_inlet,174,20501.20022897859,0
NWPP_conventional_hydroelectric_1_inlet,175,20501.20022897859,0
NWPP_conventional_hydroelectric_1_inlet,176,20501.20022897859,0
NWPP_conventional_hydroelectric_1_inlet,177,20501.20022897859,0
NWPP_conventional_hydroelectric_1_inlet,178,20501.20022897859,0
NWPP_conventional_hydroelectric_1_inlet,179,20501.20022897859,0
NWPP_conventional_hydroelectric_1_inlet,180,20501.20022897859,0
NWPP_conventional_hydroelectric_1_inlet,181,20501.20022897859,0
NWPP_conventional_hydroelectric_1_inlet,182,20501.20022897859,0
NWPP_conventional_hydroelectric_1_inlet,183,20501.20022897859,0
NWPP_conventional_hydroelectric_1_inlet,184,20501.20022897859,0
NWPP_conventional_hydroelectric_1_inlet,185,20501.20022897859,0
NWPP_conventional_hydroelectric_1_inlet,186,20501.20022897859,0
NWPP_conventional_hydroelectric_1_inlet,187,20501.20022897859,0
NWPP_conventional_hydroelectric_1_inlet,188,20501.20022897859,0
NWPP_conventional_hydroelectric_1_inlet,189,20501.20022897859,0
NWPP_conventional_hydroelectric_1_inlet,190,20501.20022897859,0
NWPP_conventional_hydroelectric_1_inlet,191,20501.20022897859,0
NWPP_conventional_hydroelectric_1_inlet,192,20501.20022897859,0
NWPP_conventional_hydroelectric_1_inlet,193,21474.99370038975,0
NWPP_conventional_hydroelectric_1_inlet,194,21474.99370038975,0
NWPP_conventional_hydroelectric_1_inlet,195,21474.99370038975,0
NWPP_conventional_hydroelectric_1_inlet,196,21474.99370038975,0
NWPP_conventional_hydroelectric_1_inlet,197,21474.99370038975,0
NWPP_conventional_hydroelectric_1_inlet,198,21474.99370038975,0
NWPP_conventional_hydroelectric_1_inlet,199,21474.99370038975,0
NWPP_conventional_hydroelectric_1_inlet,200,21474.99370038975,0
NWPP_conventional_hydroelectric_1_inlet,201,21474.99370038975,0
NWPP_conventional_hydroelectric_1_inlet,202,21474.99370038975,0
NWPP_conventional_hydroelectric_1_inlet,203,21474.99370038975,0
NWPP_conventional_hydroelectric_1_inlet,204,21474.99370038975,0
NWPP_conventional_hydroelectric_1_inlet,205,21474.99370038975,0
NWPP_conventional_hydroelectric_1_inlet,206,21474.99370038975,0
NWPP_conventional_hydroelectric_1_inlet,207,21474.99370038975,0
NWPP_conventional_hydroelectric_1_inlet,208,21474.99370038975,0
NWPP_conventional_hydroelectric_1_inlet,209,21474.99370038975,0
NWPP_conventional_hydroelectric_1_inlet,210,21474.99370038975,0
NWPP_conventional_hydroelectric_1_inlet,211,21474.99370038975,0
NWPP_conventional_hydroelectric_1_inlet,212,21474.99370038975,0
NWPP_conventional_hydroelectric_1_inlet,213,21474.99370038975,0
NWPP_conventional_hydroelectric_1_inlet,214,21474.99370038975,0
NWPP_conventional_hydroelectric_1_inlet,215,21474.99370038975,0
NWPP_conventional_hydroelectric_1_inlet,216,21474.99370038975,0
NWPP_conventional_hydroelectric_1_inlet,217,21398.600507856674,0
NWPP_conventional_hydroelectric_1_inlet,218,21399.331632028712,0
NWPP_conventional_hydroelectric_1_inlet,219,21397.292036091432,0
NWPP_conventional_hydroelectric_1_inlet,220,21398.26686832081,0
NWPP_conventional_hydroelectric_1_inlet,221,21396.227272383534,0
NWPP_conventional_hydroelectric_1_inlet,222,21396.958396555572,0
NWPP_conventional_hydroelectric_1_inlet,223,21394.918800618292,0
NWPP_conventional_hydroelectric_1_inlet,224,21395.89363284767,0
NWPP_conventional_hydroelectric_1_inlet,225,21396.624757019705,0
NWPP_conventional_hydroelectric_1_inlet,226,21394.585161082432,0
NWPP_conventional_hydroelectric_1_inlet,227,21395.55999331181,0
NWPP_conventional_hydroelectric_1_inlet,228,21393.52039737453,0
NWPP_conventional_hydroelectric_1_inlet,229,21394.251521546565,0
NWPP_conventional_hydroelectric_1_inlet,230,21392.211925609292,0
NWPP_conventional_hydroelectric_1_inlet,231,21393.18675783867,0
NWPP_conventional_hydroelectric_1_inlet,232,21390.90345384405,0
NWPP_conventional_hydroelectric_1_inlet,233,21391.878286073425,0
NWPP_conventional_hydroelectric_1_inlet,234,21389.83869013615,0
NWPP_conventional_hydroelectric_1_inlet,235,21390.81352236553,0
NWPP_conventional_hydroelectric_1_inlet,236,21388.530218370903,0
NWPP_conventional_hydroelectric_1_inlet,237,21389.505050600288,0
NWPP_conventional_hydroelectric_1_inlet,238,21387.465454663004,0
NWPP_conventional_hydroelectric_1_inlet,239,21388.19657883504,0
NWPP_conventional_hydroelectric_1_inlet,240,21386.156982897763,0
NWPP_conventional_hydroelectric_1_inlet,241,21282.169865437867,0
NWPP_conventional_hydroelectric_1_inlet,242,21282.169865437867,0
NWPP_conventional_hydroelectric_1_inlet,243,21282.169865437867,0
NWPP_conventional_hydroelectric_1_inlet,244,21282.169865437867,0
NWPP_conventional_hydroelectric_1_inlet,245,21282.169865437867,0
NWPP_conventional_hydroelectric_1_inlet,246,21282.169865437867,0
NWPP_conventional_hydroelectric_1_inlet,247,21282.169865437867,0
NWPP_conventional_hydroelectric_1_inlet,248,21282.169865437867,0
NWPP_conventional_hydroelectric_1_inlet,249,21282.169865437867,0
NWPP_conventional_hydroelectric_1_inlet,250,21282.169865437867,0
NWPP_conventional_hydroelectric_1_inlet,251,21282.169865437867,0
NWPP_conventional_hydroelectric_1_inlet,252,21282.169865437867,0
NWPP_conventional_hydroelectric_1_inlet,253,21282.169865437867,0
NWPP_conventional_hydroelectric_1_inlet,254,21282.169865437867,0
NWPP_conventional_hydroelectric_1_inlet,255,21282.169865437867,0
NWPP_conventional_hydroelectric_1_inlet,256,21282.169865437867,0
NWPP_conventional_hydroelectric_1_inlet,257,21282.169865437867,0
NWPP_conventional_hydroelectric_1_inlet,258,21282.169865437867,0
NWPP_conventional_hydroelectric_1_inlet,259,21282.169865437867,0
NWPP_conventional_hydroelectric_1_inlet,260,21282.169865437867,0
NWPP_conventional_hydroelectric_1_inlet,261,21282.169865437867,0
NWPP_conventional_hydroelectric_1_inlet,262,21282.169865437867,0
NWPP_conventional_hydroelectric_1_inlet,263,21282.169865437867,0
NWPP_conventional_hydroelectric_1_inlet,264,21282.169865437867,0
NWPP_conventional_hydroelectric_1_inlet,265,21182.95185802992,0
NWPP_conventional_hydroelectric_1_inlet,266,21182.708149972572,0
NWPP_conventional_hydroelectric_1_inlet,267,21182.46444191523,0
NWPP_conventional_hydroelectric_1_inlet,268,21182.22073385788,0
NWPP_conventional_hydroelectric_1_inlet,269,21178.962597633883,0
NWPP_conventional_hydroelectric_1_inlet,270,21178.962597633883,0
NWPP_conventional_hydroelectric_1_inlet,271,21178.71888957654,0
NWPP_conventional_hydroelectric_1_inlet,272,21178.475181519196,0
NWPP_conventional_hydroelectric_1_inlet,273,21178.23147346185,0
NWPP_conventional_hydroelectric_1_inlet,274,21177.987765404505,0
NWPP_conventional_hydroelectric_1_inlet,275,21177.744057347158,0
NWPP_conventional_hydroelectric_1_inlet,276,21177.744057347158,0
NWPP_conventional_hydroelectric_1_inlet,277,21174.485921123163,0
NWPP_conventional_hydroelectric_1_inlet,278,21174.242213065816,0
NWPP_conventional_hydroelectric_1_inlet,279,21173.998505008472,0
NWPP_conventional_hydroelectric_1_inlet,280,21173.75479695113,0
NWPP_conventional_hydroelectric_1_inlet,281,21173.51108889378,0
NWPP_conventional_hydroelectric_1_inlet,282,21173.51108889378,0
NWPP_conventional_hydroelectric_1_inlet,283,21173.267380836438,0
NWPP_conventional_hydroelectric_1_inlet,284,21170.009244612436,0
NWPP_conventional_hydroelectric_1_inlet,285,21169.765536555093,0
NWPP_conventional_hydroelectric_1_inlet,286,21169.521828497745,0
NWPP_conventional_hydroelectric_1_inlet,287,21169.278120440402,0
NWPP_conventional_hydroelectric_1_inlet,288,21169.278120440402,0
NWPP_conventional_hydroelectric_1_inlet,289,21057.361207672315,0
NWPP_conventional_hydroelectric_1_inlet,290,21057.361207672315,0
NWPP_conventional_hydroelectric_1_inlet,291,21057.361207672315,0
NWPP_conventional_hydroelectric_1_inlet,292,21057.361207672315,0
NWPP_conventional_hydroelectric_1_inlet,293,21057.361207672315,0
NWPP_conventional_hydroelectric_1_inlet,294,21057.361207672315,0
NWPP_conventional_hydroelectric_1_inlet,295,21057.361207672315,0
NWPP_conventional_hydroelectric_1_inlet,296,21057.361207672315,0
NWPP_conventional_hydroelectric_1_inlet,297,21057.361207672315,0
NWPP_conventional_hydroelectric_1_inlet,298,21057.361207672315,0
NWPP_conventional_hydroelectric_1_inlet,299,21057.361207672315,0
NWPP_conventional_hydroelectric_1_inlet,300,21057.361207672315,0
NWPP_conventional_hydroelectric_1_inlet,301,21057.361207672315,0
NWPP_conventional_hydroelectric_1_inlet,302,21057.361207672315,0
NWPP_conventional_hydroelectric_1_inlet,303,21057.361207672315,0
NWPP_conventional_hydroelectric_1_inlet,304,21057.361207672315,0
NWPP_conventional_hydroelectric_1_inlet,305,21057.361207672315,0
NWPP_conventional_hydroelectric_1_inlet,306,21057.361207672315,0
NWPP_conventional_hydroelectric_1_inlet,307,21057.361207672315,0
NWPP_conventional_hydroelectric_1_inlet,308,21057.361207672315,0
NWPP_conventional_hydroelectric_1_inlet,309,21057.361207672315,0
NWPP_conventional_hydroelectric_1_inlet,310,21057.361207672315,0
NWPP_conventional_hydroelectric_1_inlet,311,21057.361207672315,0
NWPP_conventional_hydroelectric_1_inlet,312,21057.361207672315,0
NWPP_conventional_hydroelectric_1_inlet,313,20117.970367177193,0
NWPP_conventional_hydroelectric_1_inlet,314,20103.719281994465,0
NWPP_conventional_hydroelectric_1_inlet,315,20092.4826249784,0
NWPP_conventional_hydroelectric_1_inlet,316,20078.231539795677,0
NWPP_conventional_hydroelectric_1_inlet,317,20063.980454612956,0
NWPP_conventional_hydroelectric_1_inlet,318,20052.743797596886,0
NWPP_conventional_hydroelectric_1_inlet,319,20038.492712414158,0
NWPP_conventional_hydroelectric_1_inlet,320,20027.49976345544,0
NWPP_conventional_hydroelectric_1_inlet,321,20013.248678272714,0
NWPP_conventional_hydroelectric_1_inlet,322,20002.012021256647,0
NWPP_conventional_hydroelectric_1_inlet,323,19987.76093607392,0
NWPP_conventional_hydroelectric_1_inlet,324,19973.509850891194,0
NWPP_conventional_hydroelectric_1_inlet,325,19962.27319387513,0
NWPP_conventional_hydroelectric_1_inlet,326,19948.02210869241,0
NWPP_conventional_hydroelectric_1_inlet,327,19936.785451676336,0
NWPP_conventional_hydroelectric_1_inlet,328,19922.534366493615,0
NWPP_conventional_hydroelectric_1_inlet,329,19911.297709477545,0
NWPP_conventional_hydroelectric_1_inlet,330,19897.04662429482,0
NWPP_conventional_hydroelectric_1_inlet,331,19885.809967278758,0
NWPP_conventional_hydroelectric_1_inlet,332,19871.802590153377,0
NWPP_conventional_hydroelectric_1_inlet,333,19857.551504970652,0
NWPP_conventional_hydroelectric_1_inlet,334,19846.314847954585,0
NWPP_conventional_hydroelectric_1_inlet,335,19832.06376277186,0
NWPP_conventional_hydroelectric_1_inlet,336,19820.827105755794,0
NWPP_conventional_hydroelectric_1_inlet,337,17950.26765361496,0
NWPP_conventional_hydroelectric_1_inlet,338,17936.260276489582,0
NWPP_conventional_hydroelectric_1_inlet,339,17925.023619473515,0
NWPP_conventional_hydroelectric_1_inlet,340,17910.772534290787,0
NWPP_conventional_hydroelectric_1_inlet,341,17899.53587727472,0
NWPP_conventional_hydroelectric_1_inlet,342,17885.284792091996,0
NWPP_conventional_hydroelectric_1_inlet,343,17871.033706909275,0
NWPP_conventional_hydroelectric_1_inlet,344,17859.797049893208,0
NWPP_conventional_hydroelectric_1_inlet,345,17845.545964710476,0
NWPP_conventional_hydroelectric_1_inlet,346,17834.309307694417,0
NWPP_conventional_hydroelectric_1_inlet,347,17820.058222511692,0
NWPP_conventional_hydroelectric_1_inlet,348,17808.821565495622,0
NWPP_conventional_hydroelectric_1_inlet,349,17794.570480312897,0
NWPP_conventional_hydroelectric_1_inlet,350,17780.56310318752,0
NWPP_conventional_hydroelectric_1_inlet,351,17769.32644617145,0
NWPP_conventional_hydroelectric_1_inlet,352,17755.075360988725,0
NWPP_conventional_hydroelectric_1_inlet,353,17743.83870397266,0
NWPP_conventional_hydroelectric_1_inlet,354,17729.587618789938,0
NWPP_conventional_hydroelectric_1_inlet,355,17718.35096177387,0
NWPP_conventional_hydroelectric_1_inlet,356,17704.099876591143,0
NWPP_conventional_hydroelectric_1_inlet,357,17692.863219575072,0
NWPP_conventional_hydroelectric_1_inlet,358,17678.612134392355,0
NWPP_conventional_hydroelectric_1_inlet,359,17664.36104920963,0
NWPP_conventional_hydroelectric_1_inlet,360,17653.12439219356,0
NWPP_conventional_hydroelectric_1_inlet,361,13823.383650408594,0
NWPP_conventional_hydroelectric_1_inlet,362,13807.33667734594,0
NWPP_conventional_hydroelectric_1_inlet,363,13794.30413244994,0
NWPP_conventional_hydroelectric_1_inlet,364,13781.27158755394,0
NWPP_conventional_hydroelectric_1_inlet,365,13764.98090643394,0
NWPP_conventional_hydroelectric_1_inlet,366,13751.948361537941,0
NWPP_conventional_hydroelectric_1_inlet,367,13735.901388475284,0
NWPP_conventional_hydroelectric_1_inlet,368,13722.625135521941,0
NWPP_conventional_hydroelectric_1_inlet,369,13706.578162459286,0
NWPP_conventional_hydroelectric_1_inlet,370,13693.545617563286,0
NWPP_conventional_hydroelectric_1_inlet,371,13677.498644500629,0
NWPP_conventional_hydroelectric_1_inlet,372,13664.222391547286,0
NWPP_conventional_hydroelectric_1_inlet,373,13651.189846651285,0
NWPP_conventional_hydroelectric_1_inlet,374,13635.14287358863,0
NWPP_conventional_hydroelectric_1_inlet,375,13621.866620635286,0
NWPP_conventional_hydroelectric_1_inlet,376,13605.81964757263,0
NWPP_conventional_hydroelectric_1_inlet,377,13592.787102676628,0
NWPP_conventional_hydroelectric_1_inlet,378,13576.740129613974,0
NWPP_conventional_hydroelectric_1_inlet,379,13563.463876660631,0
NWPP_conventional_hydroelectric_1_inlet,380,13550.431331764628,0
NWPP_conventional_hydroelectric_1_inlet,381,13534.384358701975,0
NWPP_conventional_hydroelectric_1_inlet,382,13521.10810574863,0
NWPP_conventional_hydroelectric_1_inlet,383,13505.061132685973,0
NWPP_conventional_hydroelectric_1_inlet,384,13492.028587789975,0
NWPP_conventional_hydroelectric_1_inlet,385,11746.796180534178,0
NWPP_conventional_hydroelectric_1_inlet,386,11733.519927580834,0
NWPP_conventional_hydroelectric_1_inlet,387,11717.47295451818,0
NWPP_conventional_hydroelectric_1_inlet,388,11704.440409622179,0
NWPP_conventional_hydroelectric_1_inlet,389,11688.14972850218,0
NWPP_conventional_hydroelectric_1_inlet,390,11675.117183606179,0
NWPP_conventional_hydroelectric_1_inlet,391,11659.070210543525,0
NWPP_conventional_hydroelectric_1_inlet,392,11645.793957590178,0
NWPP_conventional_hydroelectric_1_inlet,393,11632.761412694179,0
NWPP_conventional_hydroelectric_1_inlet,394,11616.714439631523,0
NWPP_conventional_hydroelectric_1_inlet,395,11603.681894735522,0
NWPP_conventional_hydroelectric_1_inlet,396,11587.391213615521,0
NWPP_conventional_hydroelectric_1_inlet,397,11574.358668719524,0
NWPP_conventional_hydroelectric_1_inlet,398,11558.311695656868,0
NWPP_conventional_hydroelectric_1_inlet,399,11545.035442703524,0
NWPP_conventional_hydroelectric_1_inlet,400,11532.002897807526,0
NWPP_conventional_hydroelectric_1_inlet,401,11515.955924744869,0
NWPP_conventional_hydroelectric_1_inlet,402,11502.923379848868,0
NWPP_conventional_hydroelectric_1_inlet,403,11486.632698728868,0
NWPP_conventional_hydroelectric_1_inlet,404,11473.600153832867,0
NWPP_conventional_hydroelectric_1_inlet,405,11457.553180770212,0
NWPP_conventional_hydroelectric_1_inlet,406,11444.27692781687,0
NWPP_conventional_hydroelectric_1_inlet,407,11428.229954754213,0
NWPP_conventional_hydroelectric_1_inlet,408,11415.197409858212,0
NWPP_conventional_hydroelectric_1_inlet,409,10982.840124295593,0
NWPP_conventional_hydroelectric_1_inlet,410,10982.840124295593,0
NWPP_conventional_hydroelectric_1_inlet,411,10982.840124295593,0
NWPP_conventional_hydroelectric_1_inlet,412,10982.840124295593,0
NWPP_conventional_hydroelectric_1_inlet,413,10982.840124295593,0
NWPP_conventional_hydroelectric_1_inlet,414,10982.840124295593,0
NWPP_conventional_hydroelectric_1_inlet,415,10982.840124295593,0
NWPP_conventional_hydroelectric_1_inlet,416,10982.840124295593,0
NWPP_conventional_hydroelectric_1_inlet,417,10982.840124295593,0
NWPP_conventional_hydroelectric_1_inlet,418,10982.840124295593,0
NWPP_conventional_hydroelectric_1_inlet,419,10982.840124295593,0
NWPP_conventional_hydroelectric_1_inlet,420,10982.840124295593,0
NWPP_conventional_hydroelectric_1_inlet,421,10982.840124295593,0
NWPP_conventional_hydroelectric_1_inlet,422,10982.840124295593,0
NWPP_conventional_hydroelectric_1_inlet,423,10982.840124295593,0
NWPP_conventional_hydroelectric_1_inlet,424,10982.840124295593,0
NWPP_conventional_hydroelectric_1_inlet,425,10982.840124295593,0
NWPP_conventional_hydroelectric_1_inlet,426,10982.840124295593,0
NWPP_conventional_hydroelectric_1_inlet,427,10982.840124295593,0
NWPP_conventional_hydroelectric_1_inlet,428,10982.840124295593,0
NWPP_conventional_hydroelectric_1_inlet,429,10982.840124295593,0
NWPP_conventional_hydroelectric_1_inlet,430,10982.840124295593,0
NWPP_conventional_hydroelectric_1_inlet,431,10982.840124295593,0
NWPP_conventional_hydroelectric_1_inlet,432,10982.840124295593,0
NWPP_conventional_hydroelectric_1_inlet,433,9646.05278491398,0
NWPP_conventional_hydroelectric_1_inlet,434,9643.038356747324,0
NWPP_conventional_hydroelectric_1_inlet,435,9636.765792356668,0
NWPP_conventional_hydroelectric_1_inlet,436,9633.507656132668,0
NWPP_conventional_hydroelectric_1_inlet,437,9627.235091742014,0
NWPP_conventional_hydroelectric_1_inlet,438,9624.220663575357,0
NWPP_conventional_hydroelectric_1_inlet,439,9617.948099184703,0
NWPP_conventional_hydroelectric_1_inlet,440,9614.689962960703,0
NWPP_conventional_hydroelectric_1_inlet,441,9608.417398570049,0
NWPP_conventional_hydroelectric_1_inlet,442,9605.402970403393,0
NWPP_conventional_hydroelectric_1_inlet,443,9599.130406012737,0
NWPP_conventional_hydroelectric_1_inlet,444,9595.872269788737,0
NWPP_conventional_hydroelectric_1_inlet,445,9589.59970539808,0
NWPP_conventional_hydroelectric_1_inlet,446,9586.341569174081,0
NWPP_conventional_hydroelectric_1_inlet,447,9580.312712840769,0
NWPP_conventional_hydroelectric_1_inlet,448,9577.05457661677,0
NWPP_conventional_hydroelectric_1_inlet,449,9570.782012226115,0
NWPP_conventional_hydroelectric_1_inlet,450,9567.523876002115,0
NWPP_conventional_hydroelectric_1_inlet,451,9561.495019668806,0
NWPP_conventional_hydroelectric_1_inlet,452,9558.236883444804,0
NWPP_conventional_hydroelectric_1_inlet,453,9551.96431905415,0
NWPP_conventional_hydroelectric_1_inlet,454,9548.70618283015,0
NWPP_conventional_hydroelectric_1_inlet,455,9542.677326496838,0
NWPP_conventional_hydroelectric_1_inlet,456,9539.419190272838,0
NWPP_conventional_hydroelectric_1_inlet,457,9256.910084636003,0
NWPP_conventional_hydroelectric_1_inlet,458,9256.910084636003,0
NWPP_conventional_hydroelectric_1_inlet,459,9256.910084636003,0
NWPP_conventional_hydroelectric_1_inlet,460,9256.910084636003,0
NWPP_conventional_hydroelectric_1_inlet,461,9256.910084636003,0
NWPP_conventional_hydroelectric_1_inlet,462,9256.910084636003,0
NWPP_conventional_hydroelectric_1_inlet,463,9256.910084636003,0
NWPP_conventional_hydroelectric_1_inlet,464,9256.910084636003,0
NWPP_conventional_hydroelectric_1_inlet,465,9256.910084636003,0
NWPP_conventional_hydroelectric_1_inlet,466,9256.910084636003,0
NWPP_conventional_hydroelectric_1_inlet,467,9256.910084636003,0
NWPP_conventional_hydroelectric_1_inlet,468,9256.910084636003,0
NWPP_conventional_hydroelectric_1_inlet,469,9256.910084636003,0
NWPP_conventional_hydroelectric_1_inlet,470,9256.910084636003,0
NWPP_conventional_hydroelectric_1_inlet,471,9256.910084636003,0
NWPP_conventional_hydroelectric_1_inlet,472,9256.910084636003,0
NWPP_conventional_hydroelectric_1_inlet,473,9256.910084636003,0
NWPP_conventional_hydroelectric_1_inlet,474,9256.910084636003,0
NWPP_conventional_hydroelectric_1_inlet,475,9256.910084636003,0
NWPP_conventional_hydroelectric_1_inlet,476,9256.910084636003,0
NWPP_conventional_hydroelectric_1_inlet,477,9256.910084636003,0
NWPP_conventional_hydroelectric_1_inlet,478,9256.910084636003,0
NWPP_conventional_hydroelectric_1_inlet,479,9256.910084636003,0
NWPP_conventional_hydroelectric_1_inlet,480,9256.910084636003,0
NWPP_conventional_hydroelectric_1_inlet,481,13182.231074275627,0
NWPP_conventional_hydroelectric_1_inlet,482,13182.231074275627,0
NWPP_conventional_hydroelectric_1_inlet,483,13182.231074275627,0
NWPP_conventional_hydroelectric_1_inlet,484,13182.231074275627,0
NWPP_conventional_hydroelectric_1_inlet,485,13182.231074275627,0
NWPP_conventional_hydroelectric_1_inlet,486,13182.231074275627,0
NWPP_conventional_hydroelectric_1_inlet,487,13182.231074275627,0
NWPP_conventional_hydroelectric_1_inlet,488,13182.231074275627,0
NWPP_conventional_hydroelectric_1_inlet,489,13182.231074275627,0
NWPP_conventional_hydroelectric_1_inlet,490,13182.231074275627,0
NWPP_conventional_hydroelectric_1_inlet,491,13182.231074275627,0
NWPP_conventional_hydroelectric_1_inlet,492,13182.231074275627,0
NWPP_conventional_hydroelectric_1_inlet,493,13182.231074275627,0
NWPP_conventional_hydroelectric_1_inlet,494,13182.231074275627,0
NWPP_conventional_hydroelectric_1_inlet,495,13182.231074275627,0
NWPP_conventional_hydroelectric_1_inlet,496,13182.231074275627,0
NWPP_conventional_hydroelectric_1_inlet,497,13182.231074275627,0
NWPP_conventional_hydroelectric_1_inlet,498,13182.231074275627,0
NWPP_conventional_hydroelectric_1_inlet,499,13182.231074275627,0
NWPP_conventional_hydroelectric_1_inlet,500,13182.231074275627,0
NWPP_conventional_hydroelectric_1_inlet,501,13182.231074275627,0
NWPP_conventional_hydroelectric_1_inlet,502,13182.231074275627,0
NWPP_conventional_hydroelectric_1_inlet,503,13182.231074275627,0
NWPP_conventional_hydroelectric_1_inlet,504,13182.231074275627,0
NWPP_conventional_hydroelectric_1_inlet,505,15050.840156375603,0
NWPP_conventional_hydroelectric_1_inlet,506,15066.39971332357,0
NWPP_conventional_hydroelectric_1_inlet,507,15078.701134047533,0
NWPP_conventional_hydroelectric_1_inlet,508,15091.246262828845,0
NWPP_conventional_hydroelectric_1_inlet,509,15106.805819776811,0
NWPP_conventional_hydroelectric_1_inlet,510,15119.350948558118,0
NWPP_conventional_hydroelectric_1_inlet,511,15131.652369282087,0
NWPP_conventional_hydroelectric_1_inlet,512,15147.211926230053,0
NWPP_conventional_hydroelectric_1_inlet,513,15159.757055011365,0
NWPP_conventional_hydroelectric_1_inlet,514,15172.302183792675,0
NWPP_conventional_hydroelectric_1_inlet,515,15187.86174074064,0
NWPP_conventional_hydroelectric_1_inlet,516,15200.163161464608,0
NWPP_conventional_hydroelectric_1_inlet,517,15212.708290245915,0
NWPP_conventional_hydroelectric_1_inlet,518,15225.253419027225,0
NWPP_conventional_hydroelectric_1_inlet,519,15240.812975975196,0
NWPP_conventional_hydroelectric_1_inlet,520,15253.114396699159,0
NWPP_conventional_hydroelectric_1_inlet,521,15265.65952548047,0
NWPP_conventional_hydroelectric_1_inlet,522,15281.219082428437,0
NWPP_conventional_hydroelectric_1_inlet,523,15293.764211209746,0
NWPP_conventional_hydroelectric_1_inlet,524,15306.065631933712,0
NWPP_conventional_hydroelectric_1_inlet,525,15321.625188881677,0
NWPP_conventional_hydroelectric_1_inlet,526,15334.170317662987,0
NWPP_conventional_hydroelectric_1_inlet,527,15346.715446444297,0
NWPP_conventional_hydroelectric_1_inlet,528,15362.275003392266,0
NWPP_conventional_hydroelectric_1_inlet,529,18102.950398750363,0
NWPP_conventional_hydroelectric_1_inlet,530,18102.950398750363,0
NWPP_conventional_hydroelectric_1_inlet,531,18102.950398750363,0
NWPP_conventional_hydroelectric_1_inlet,532,18102.950398750363,0
NWPP_conventional_hydroelectric_1_inlet,533,18102.950398750363,0
NWPP_conventional_hydroelectric_1_inlet,534,18102.950398750363,0
NWPP_conventional_hydroelectric_1_inlet,535,18102.950398750363,0
NWPP_conventional_hydroelectric_1_inlet,536,18102.950398750363,0
NWPP_conventional_hydroelectric_1_inlet,537,18102.950398750363,0
NWPP_conventional_hydroelectric_1_inlet,538,18102.950398750363,0
NWPP_conventional_hydroelectric_1_inlet,539,18102.950398750363,0
NWPP_conventional_hydroelectric_1_inlet,540,18102.950398750363,0
NWPP_conventional_hydroelectric_1_inlet,541,18102.950398750363,0
NWPP_conventional_hydroelectric_1_inlet,542,18102.950398750363,0
NWPP_conventional_hydroelectric_1_inlet,543,18102.950398750363,0
NWPP_conventional_hydroelectric_1_inlet,544,18102.950398750363,0
NWPP_conventional_hydroelectric_1_inlet,545,18102.950398750363,0
NWPP_conventional_hydroelectric_1_inlet,546,18102.950398750363,0
NWPP_conventional_hydroelectric_1_inlet,547,18102.950398750363,0
NWPP_conventional_hydroelectric_1_inlet,548,18102.950398750363,0
NWPP_conventional_hydroelectric_1_inlet,549,18102.950398750363,0
NWPP_conventional_hydroelectric_1_inlet,550,18102.950398750363,0
NWPP_conventional_hydroelectric_1_inlet,551,18102.950398750363,0
NWPP_conventional_hydroelectric_1_inlet,552,18102.950398750363,0
NWPP_conventional_hydroelectric_1_inlet,553,16982.641695499497,0
NWPP_conventional_hydroelectric_1_inlet,554,16972.136162655468,0
NWPP_conventional_hydroelectric_1_inlet,555,16961.630629811432,0
NWPP_conventional_hydroelectric_1_inlet,556,16948.110668800742,0
NWPP_conventional_hydroelectric_1_inlet,557,16937.60513595671,0
NWPP_conventional_hydroelectric_1_inlet,558,16927.099603112674,0
NWPP_conventional_hydroelectric_1_inlet,559,16913.82335015933,0
NWPP_conventional_hydroelectric_1_inlet,560,16903.317817315296,0
NWPP_conventional_hydroelectric_1_inlet,561,16892.81228447126,0
NWPP_conventional_hydroelectric_1_inlet,562,16879.29232346057,0
NWPP_conventional_hydroelectric_1_inlet,563,16868.78679061654,0
NWPP_conventional_hydroelectric_1_inlet,564,16858.2812577725,0
NWPP_conventional_hydroelectric_1_inlet,565,16844.761296761815,0
NWPP_conventional_hydroelectric_1_inlet,566,16834.25576391778,0
NWPP_conventional_hydroelectric_1_inlet,567,16823.750231073747,0
NWPP_conventional_hydroelectric_1_inlet,568,16810.230270063057,0
NWPP_conventional_hydroelectric_1_inlet,569,16799.72473721902,0
NWPP_conventional_hydroelectric_1_inlet,570,16789.21920437499,0
NWPP_conventional_hydroelectric_1_inlet,571,16775.6992433643,0
NWPP_conventional_hydroelectric_1_inlet,572,16765.193710520267,0
NWPP_conventional_hydroelectric_1_inlet,573,16754.688177676227,0
NWPP_conventional_hydroelectric_1_inlet,574,16741.16821666554,0
NWPP_conventional_hydroelectric_1_inlet,575,16730.66268382151,0
NWPP_conventional_hydroelectric_1_inlet,576,16720.40085903482,0
NYUP_conventional_hydroelectric_1_inlet,1,2429.8698041508974,0
NYUP_conventional_hydroelectric_1_inlet,2,2431.45657522989,0
NYUP_conventional_hydroelectric_1_inlet,3,2433.0331667793334,0
NYUP_conventional_hydroelectric_1_inlet,4,2434.3593108193327,0
NYUP_conventional_hydroelectric_1_inlet,5,2435.982432920639,0
NYUP_conventional_hydroelectric_1_inlet,6,2437.5692039996316,0
NYUP_conventional_hydroelectric_1_inlet,7,2439.1923261009388,0
NYUP_conventional_hydroelectric_1_inlet,8,2440.5435770569484,0
NYUP_conventional_hydroelectric_1_inlet,9,2442.0950616903815,0
NYUP_conventional_hydroelectric_1_inlet,10,2443.681832769374,0
NYUP_conventional_hydroelectric_1_inlet,11,2445.3049548706804,0
NYUP_conventional_hydroelectric_1_inlet,12,2446.8531913794177,0
NYUP_conventional_hydroelectric_1_inlet,13,2448.2921417022153,0
NYUP_conventional_hydroelectric_1_inlet,14,2449.802457520724,0
NYUP_conventional_hydroelectric_1_inlet,15,2451.4255796220305,0
NYUP_conventional_hydroelectric_1_inlet,16,2453.0123507010226,0
NYUP_conventional_hydroelectric_1_inlet,17,2454.404770471958,0
NYUP_conventional_hydroelectric_1_inlet,18,2455.99154155095,0
NYUP_conventional_hydroelectric_1_inlet,19,2457.501857369458,0
NYUP_conventional_hydroelectric_1_inlet,20,2459.1249794707655,0
NYUP_conventional_hydroelectric_1_inlet,21,2460.476230426775,0
NYUP_conventional_hydroelectric_1_inlet,22,2462.1041703206924,0
NYUP_conventional_hydroelectric_1_inlet,23,2463.690941399685,0
NYUP_conventional_hydroelectric_1_inlet,24,2465.2456042221143,0
NYUP_conventional_hydroelectric_1_inlet,25,2652.1032943406053,0
NYUP_conventional_hydroelectric_1_inlet,26,2652.259958077431,0
NYUP_conventional_hydroelectric_1_inlet,27,2652.2719792470584,0
NYUP_conventional_hydroelectric_1_inlet,28,2652.5050982443686,0
NYUP_conventional_hydroelectric_1_inlet,29,2652.7082925330574,0
NYUP_conventional_hydroelectric_1_inlet,30,2652.9061250848085,0
NYUP_conventional_hydroelectric_1_inlet,31,2652.873799250515,0
NYUP_conventional_hydroelectric_1_inlet,32,2653.0849895208116,0
NYUP_conventional_hydroelectric_1_inlet,33,2653.2780042799513,0
NYUP_conventional_hydroelectric_1_inlet,34,2653.4346680167773,0
NYUP_conventional_hydroelectric_1_inlet,35,2653.402342182483,0
NYUP_conventional_hydroelectric_1_inlet,36,2653.7231605465813,0
NYUP_conventional_hydroelectric_1_inlet,37,2653.8878202650153,0
NYUP_conventional_hydroelectric_1_inlet,38,2653.8554944307216,0
NYUP_conventional_hydroelectric_1_inlet,39,2654.0485091898618,0
NYUP_conventional_hydroelectric_1_inlet,40,2654.2517034785506,0
NYUP_conventional_hydroelectric_1_inlet,41,2654.4495360303013,0
NYUP_conventional_hydroelectric_1_inlet,42,2654.4252061776156,0
NYUP_conventional_hydroelectric_1_inlet,43,2654.6583251749257,0
NYUP_conventional_hydroelectric_1_inlet,44,2654.897870485929,0
NYUP_conventional_hydroelectric_1_inlet,45,2655.0545342227542,0
NYUP_conventional_hydroelectric_1_inlet,46,2655.022208388461,0
NYUP_conventional_hydroelectric_1_inlet,47,2655.2280369218192,0
NYUP_conventional_hydroelectric_1_inlet,48,2655.4312312105085,0
NYUP_conventional_hydroelectric_1_inlet,49,2683.356245072989,0
NYUP_conventional_hydroelectric_1_inlet,50,2683.356245072989,0
NYUP_conventional_hydroelectric_1_inlet,51,2683.356245072989,0
NYUP_conventional_hydroelectric_1_inlet,52,2683.356245072989,0
NYUP_conventional_hydroelectric_1_inlet,53,2683.356245072989,0
NYUP_conventional_hydroelectric_1_inlet,54,2683.356245072989,0
NYUP_conventional_hydroelectric_1_inlet,55,2683.356245072989,0
NYUP_conventional_hydroelectric_1_inlet,56,2683.356245072989,0
NYUP_conventional_hydroelectric_1_inlet,57,2683.356245072989,0
NYUP_conventional_hydroelectric_1_inlet,58,2683.356245072989,0
NYUP_conventional_hydroelectric_1_inlet,59,2683.356245072989,0
NYUP_conventional_hydroelectric_1_inlet,60,2683.356245072989,0
NYUP_conventional_hydroelectric_1_inlet,61,2683.356245072989,0
NYUP_conventional_hydroelectric_1_inlet,62,2683.356245072989,0
NYUP_conventional_hydroelectric_1_inlet,63,2683.356245072989,0
NYUP_conventional_hydroelectric_1_inlet,64,2683.356245072989,0
NYUP_conventional_hydroelectric_1_inlet,65,2683.356245072989,0
NYUP_conventional_hydroelectric_1_inlet,66,2683.356245072989,0
NYUP_conventional_hydroelectric_1_inlet,67,2683.356245072989,0
NYUP_conventional_hydroelectric_1_inlet,68,2683.356245072989,0
NYUP_conventional_hydroelectric_1_inlet,69,2683.356245072989,0
NYUP_conventional_hydroelectric_1_inlet,70,2683.356245072989,0
NYUP_conventional_hydroelectric_1_inlet,71,2683.356245072989,0
NYUP_conventional_hydroelectric_1_inlet,72,2683.356245072989,0
NYUP_conventional_hydroelectric_1_inlet,73,2683.356245072989,0
NYUP_conventional_hydroelectric_1_inlet,74,2683.356245072989,0
NYUP_conventional_hydroelectric_1_inlet,75,2683.356245072989,0
NYUP_conventional_hydroelectric_1_inlet,76,2683.356245072989,0
NYUP_conventional_hydroelectric_1_inlet,77,2683.356245072989,0
NYUP_conventional_hydroelectric_1_inlet,78,2683.356245072989,0
NYUP_conventional_hydroelectric_1_inlet,79,2683.356245072989,0
NYUP_conventional_hydroelectric_1_inlet,80,2683.356245072989,0
NYUP_conventional_hydroelectric_1_inlet,81,2683.356245072989,0
NYUP_conventional_hydroelectric_1_inlet,82,2683.356245072989,0
NYUP_conventional_hydroelectric_1_inlet,83,2683.356245072989,0
NYUP_conventional_hydroelectric_1_inlet,84,2683.356245072989,0
NYUP_conventional_hydroelectric_1_inlet,85,2683.356245072989,0
NYUP_conventional_hydroelectric_1_inlet,86,2683.356245072989,0
NYUP_conventional_hydroelectric_1_inlet,87,2683.356245072989,0
NYUP_conventional_hydroelectric_1_inlet,88,2683.356245072989,0
NYUP_conventional_hydroelectric_1_inlet,89,2683.356245072989,0
NYUP_conventional_hydroelectric_1_inlet,90,2683.356245072989,0
NYUP_conventional_hydroelectric_1_inlet,91,2683.356245072989,0
NYUP_conventional_hydroelectric_1_inlet,92,2683.356245072989,0
NYUP_conventional_hydroelectric_1_inlet,93,2683.356245072989,0
NYUP_conventional_hydroelectric_1_inlet,94,2683.356245072989,0
NYUP_conventional_hydroelectric_1_inlet,95,2683.356245072989,0
NYUP_conventional_hydroelectric_1_inlet,96,2683.356245072989,0
NYUP_conventional_hydroelectric_1_inlet,97,2703.6426642918677,0
NYUP_conventional_hydroelectric_1_inlet,98,2703.755470574666,0
NYUP_conventional_hydroelectric_1_inlet,99,2703.799817578588,0
NYUP_conventional_hydroelectric_1_inlet,100,2703.912623861386,0
NYUP_conventional_hydroelectric_1_inlet,101,2703.8065158644436,0
NYUP_conventional_hydroelectric_1_inlet,102,2703.8428668867577,0
NYUP_conventional_hydroelectric_1_inlet,103,2703.9556731695557,0
NYUP_conventional_hydroelectric_1_inlet,104,2703.99202419187,0
NYUP_conventional_hydroelectric_1_inlet,105,2704.1048304746682,0
NYUP_conventional_hydroelectric_1_inlet,106,2704.141181496982,0
NYUP_conventional_hydroelectric_1_inlet,107,2704.1775325192957,0
NYUP_conventional_hydroelectric_1_inlet,108,2704.290338802095,0
NYUP_conventional_hydroelectric_1_inlet,109,2704.3732203762715,0
NYUP_conventional_hydroelectric_1_inlet,110,2704.494022640678,0
NYUP_conventional_hydroelectric_1_inlet,111,2704.5303736629917,0
NYUP_conventional_hydroelectric_1_inlet,112,2704.6431799457905,0
NYUP_conventional_hydroelectric_1_inlet,113,2704.6795309681047,0
NYUP_conventional_hydroelectric_1_inlet,114,2704.7158819904184,0
NYUP_conventional_hydroelectric_1_inlet,115,2704.8286882732164,0
NYUP_conventional_hydroelectric_1_inlet,116,2704.8650392955306,0
NYUP_conventional_hydroelectric_1_inlet,117,2704.977845578329,0
NYUP_conventional_hydroelectric_1_inlet,118,2705.0607271525064,0
NYUP_conventional_hydroelectric_1_inlet,119,2705.0970781748206,0
NYUP_conventional_hydroelectric_1_inlet,120,2705.209884457619,0
NYUP_conventional_hydroelectric_1_inlet,121,2707.6992845235636,0
NYUP_conventional_hydroelectric_1_inlet,122,2707.6992845235636,0
NYUP_conventional_hydroelectric_1_inlet,123,2707.6992845235636,0
NYUP_conventional_hydroelectric_1_inlet,124,2707.6992845235636,0
NYUP_conventional_hydroelectric_1_inlet,125,2707.6992845235636,0
NYUP_conventional_hydroelectric_1_inlet,126,2707.6992845235636,0
NYUP_conventional_hydroelectric_1_inlet,127,2707.6992845235636,0
NYUP_conventional_hydroelectric_1_inlet,128,2707.6992845235636,0
NYUP_conventional_hydroelectric_1_inlet,129,2707.6992845235636,0
NYUP_conventional_hydroelectric_1_inlet,130,2707.6992845235636,0
NYUP_conventional_hydroelectric_1_inlet,131,2707.6992845235636,0
NYUP_conventional_hydroelectric_1_inlet,132,2707.6992845235636,0
NYUP_conventional_hydroelectric_1_inlet,133,2707.6992845235636,0
NYUP_conventional_hydroelectric_1_inlet,134,2707.6992845235636,0
NYUP_conventional_hydroelectric_1_inlet,135,2707.6992845235636,0
NYUP_conventional_hydroelectric_1_inlet,136,2707.6992845235636,0
NYUP_conventional_hydroelectric_1_inlet,137,2707.6992845235636,0
NYUP_conventional_hydroelectric_1_inlet,138,2707.6992845235636,0
NYUP_conventional_hydroelectric_1_inlet,139,2707.6992845235636,0
NYUP_conventional_hydroelectric_1_inlet,140,2707.6992845235636,0
NYUP_conventional_hydroelectric_1_inlet,141,2707.6992845235636,0
NYUP_conventional_hydroelectric_1_inlet,142,2707.6992845235636,0
NYUP_conventional_hydroelectric_1_inlet,143,2707.6992845235636,0
NYUP_conventional_hydroelectric_1_inlet,144,2707.6992845235636,0
NYUP_conventional_hydroelectric_1_inlet,145,2429.3996652983888,0
NYUP_conventional_hydroelectric_1_inlet,146,2428.1553382558113,0
NYUP_conventional_hydroelectric_1_inlet,147,2426.917398673761,0
NYUP_conventional_hydroelectric_1_inlet,148,2425.8620612023033,0
NYUP_conventional_hydroelectric_1_inlet,149,2424.6626561905086,0
NYUP_conventional_hydroelectric_1_inlet,150,2423.578963678345,0
NYUP_conventional_hydroelectric_1_inlet,151,2422.4110918962524,0
NYUP_conventional_hydroelectric_1_inlet,152,2421.1432276055803,0
NYUP_conventional_hydroelectric_1_inlet,153,2420.164345394608,0
NYUP_conventional_hydroelectric_1_inlet,154,2418.896481103935,0
NYUP_conventional_hydroelectric_1_inlet,155,2417.6922582995294,0
NYUP_conventional_hydroelectric_1_inlet,156,2416.6417386206836,0
NYUP_conventional_hydroelectric_1_inlet,157,2415.4455117978846,0
NYUP_conventional_hydroelectric_1_inlet,158,2414.3484615671755,0
NYUP_conventional_hydroelectric_1_inlet,159,2413.1522347443765,0
NYUP_conventional_hydroelectric_1_inlet,160,2411.871556679486,0
NYUP_conventional_hydroelectric_1_inlet,161,2410.905488242732,0
NYUP_conventional_hydroelectric_1_inlet,162,2409.6248101778415,0
NYUP_conventional_hydroelectric_1_inlet,163,2408.6507457594794,0
NYUP_conventional_hydroelectric_1_inlet,164,2407.378063676197,0
NYUP_conventional_hydroelectric_1_inlet,165,2406.1786586644016,0
NYUP_conventional_hydroelectric_1_inlet,166,2405.131317174552,0
NYUP_conventional_hydroelectric_1_inlet,167,2403.9319121627564,0
NYUP_conventional_hydroelectric_1_inlet,168,2402.6955811017874,0
NYUP_conventional_hydroelectric_1_inlet,169,2284.8935892734653,0
NYUP_conventional_hydroelectric_1_inlet,170,2284.8935892734653,0
NYUP_conventional_hydroelectric_1_inlet,171,2284.8935892734653,0
NYUP_conventional_hydroelectric_1_inlet,172,2284.8935892734653,0
NYUP_conventional_hydroelectric_1_inlet,173,2284.8935892734653,0
NYUP_conventional_hydroelectric_1_inlet,174,2284.8935892734653,0
NYUP_conventional_hydroelectric_1_inlet,175,2284.8935892734653,0
NYUP_conventional_hydroelectric_1_inlet,176,2284.8935892734653,0
NYUP_conventional_hydroelectric_1_inlet,177,2284.8935892734653,0
NYUP_conventional_hydroelectric_1_inlet,178,2284.8935892734653,0
NYUP_conventional_hydroelectric_1_inlet,179,2284.8935892734653,0
NYUP_conventional_hydroelectric_1_inlet,180,2284.8935892734653,0
NYUP_conventional_hydroelectric_1_inlet,181,2284.8935892734653,0
NYUP_conventional_hydroelectric_1_inlet,182,2284.8935892734653,0
NYUP_conventional_hydroelectric_1_inlet,183,2284.8935892734653,0
NYUP_conventional_hydroelectric_1_inlet,184,2284.8935892734653,0
NYUP_conventional_hydroelectric_1_inlet,185,2284.8935892734653,0
NYUP_conventional_hydroelectric_1_inlet,186,2284.8935892734653,0
NYUP_conventional_hydroelectric_1_inlet,187,2284.8935892734653,0
NYUP_conventional_hydroelectric_1_inlet,188,2284.8935892734653,0
NYUP_conventional_hydroelectric_1_inlet,189,2284.8935892734653,0
NYUP_conventional_hydroelectric_1_inlet,190,2284.8935892734653,0
NYUP_conventional_hydroelectric_1_inlet,191,2284.8935892734653,0
NYUP_conventional_hydroelectric_1_inlet,192,2284.8935892734653,0
NYUP_conventional_hydroelectric_1_inlet,193,2187.102314596535,0
NYUP_conventional_hydroelectric_1_inlet,194,2187.102314596535,0
NYUP_conventional_hydroelectric_1_inlet,195,2187.102314596535,0
NYUP_conventional_hydroelectric_1_inlet,196,2187.102314596535,0
NYUP_conventional_hydroelectric_1_inlet,197,2187.102314596535,0
NYUP_conventional_hydroelectric_1_inlet,198,2187.102314596535,0
NYUP_conventional_hydroelectric_1_inlet,199,2187.102314596535,0
NYUP_conventional_hydroelectric_1_inlet,200,2187.102314596535,0
NYUP_conventional_hydroelectric_1_inlet,201,2187.102314596535,0
NYUP_conventional_hydroelectric_1_inlet,202,2187.102314596535,0
NYUP_conventional_hydroelectric_1_inlet,203,2187.102314596535,0
NYUP_conventional_hydroelectric_1_inlet,204,2187.102314596535,0
NYUP_conventional_hydroelectric_1_inlet,205,2187.102314596535,0
NYUP_conventional_hydroelectric_1_inlet,206,2187.102314596535,0
NYUP_conventional_hydroelectric_1_inlet,207,2187.102314596535,0
NYUP_conventional_hydroelectric_1_inlet,208,2187.102314596535,0
NYUP_conventional_hydroelectric_1_inlet,209,2187.102314596535,0
NYUP_conventional_hydroelectric_1_inlet,210,2187.102314596535,0
NYUP_conventional_hydroelectric_1_inlet,211,2187.102314596535,0
NYUP_conventional_hydroelectric_1_inlet,212,2187.102314596535,0
NYUP_conventional_hydroelectric_1_inlet,213,2187.102314596535,0
NYUP_conventional_hydroelectric_1_inlet,214,2187.102314596535,0
NYUP_conventional_hydroelectric_1_inlet,215,2187.102314596535,0
NYUP_conventional_hydroelectric_1_inlet,216,2187.102314596535,0
NYUP_conventional_hydroelectric_1_inlet,217,2136.7920023935253,0
NYUP_conventional_hydroelectric_1_inlet,218,2136.2910374389385,0
NYUP_conventional_hydroelectric_1_inlet,219,2136.0127788331156,0
NYUP_conventional_hydroelectric_1_inlet,220,2135.6644524273343,0
NYUP_conventional_hydroelectric_1_inlet,221,2135.3910116141233,0
NYUP_conventional_hydroelectric_1_inlet,222,2135.0790362306557,0
NYUP_conventional_hydroelectric_1_inlet,223,2134.6101795326313,0
NYUP_conventional_hydroelectric_1_inlet,224,2134.3399169084164,0
NYUP_conventional_hydroelectric_1_inlet,225,2134.0199455433412,0
NYUP_conventional_hydroelectric_1_inlet,226,2133.6716191375604,0
NYUP_conventional_hydroelectric_1_inlet,227,2133.2091887532292,0
NYUP_conventional_hydroelectric_1_inlet,228,2132.897213369762,0
NYUP_conventional_hydroelectric_1_inlet,229,2132.587421534236,0
NYUP_conventional_hydroelectric_1_inlet,230,2132.270628358158,0
NYUP_conventional_hydroelectric_1_inlet,231,2131.9586529746903,0
NYUP_conventional_hydroelectric_1_inlet,232,2131.4598715680454,0
NYUP_conventional_hydroelectric_1_inlet,233,2131.147896184578,0
NYUP_conventional_hydroelectric_1_inlet,234,2130.827924819503,0
NYUP_conventional_hydroelectric_1_inlet,235,2130.526128965585,0
NYUP_conventional_hydroelectric_1_inlet,236,2130.012350236779,0
NYUP_conventional_hydroelectric_1_inlet,237,2129.7469054051753,0
NYUP_conventional_hydroelectric_1_inlet,238,2129.4269340400997,0
NYUP_conventional_hydroelectric_1_inlet,239,2129.0786076343193,0
NYUP_conventional_hydroelectric_1_inlet,240,2128.805166821107,0
NYUP_conventional_hydroelectric_1_inlet,241,2059.7586922725995,0
NYUP_conventional_hydroelectric_1_inlet,242,2059.7586922725995,0
NYUP_conventional_hydroelectric_1_inlet,243,2059.7586922725995,0
NYUP_conventional_hydroelectric_1_inlet,244,2059.7586922725995,0
NYUP_conventional_hydroelectric_1_inlet,245,2059.7586922725995,0
NYUP_conventional_hydroelectric_1_inlet,246,2059.7586922725995,0
NYUP_conventional_hydroelectric_1_inlet,247,2059.7586922725995,0
NYUP_conventional_hydroelectric_1_inlet,248,2059.7586922725995,0
NYUP_conventional_hydroelectric_1_inlet,249,2059.7586922725995,0
NYUP_conventional_hydroelectric_1_inlet,250,2059.7586922725995,0
NYUP_conventional_hydroelectric_1_inlet,251,2059.7586922725995,0
NYUP_conventional_hydroelectric_1_inlet,252,2059.7586922725995,0
NYUP_conventional_hydroelectric_1_inlet,253,2059.7586922725995,0
NYUP_conventional_hydroelectric_1_inlet,254,2059.7586922725995,0
NYUP_conventional_hydroelectric_1_inlet,255,2059.7586922725995,0
NYUP_conventional_hydroelectric_1_inlet,256,2059.7586922725995,0
NYUP_conventional_hydroelectric_1_inlet,257,2059.7586922725995,0
NYUP_conventional_hydroelectric_1_inlet,258,2059.7586922725995,0
NYUP_conventional_hydroelectric_1_inlet,259,2059.7586922725995,0
NYUP_conventional_hydroelectric_1_inlet,260,2059.7586922725995,0
NYUP_conventional_hydroelectric_1_inlet,261,2059.7586922725995,0
NYUP_conventional_hydroelectric_1_inlet,262,2059.7586922725995,0
NYUP_conventional_hydroelectric_1_inlet,263,2059.7586922725995,0
NYUP_conventional_hydroelectric_1_inlet,264,2059.7586922725995,0
NYUP_conventional_hydroelectric_1_inlet,265,1994.3061511405608,0
NYUP_conventional_hydroelectric_1_inlet,266,1994.1126468315265,0
NYUP_conventional_hydroelectric_1_inlet,267,1993.6916183811175,0
NYUP_conventional_hydroelectric_1_inlet,268,1993.2625939491008,0
NYUP_conventional_hydroelectric_1_inlet,269,1992.888096050555,0
NYUP_conventional_hydroelectric_1_inlet,270,1992.459071618538,0
NYUP_conventional_hydroelectric_1_inlet,271,1992.02522939391,0
NYUP_conventional_hydroelectric_1_inlet,272,1991.5277456830165,0
NYUP_conventional_hydroelectric_1_inlet,273,1991.145251802863,0
NYUP_conventional_hydroelectric_1_inlet,274,1990.7242233524541,0
NYUP_conventional_hydroelectric_1_inlet,275,1990.2951989204375,0
NYUP_conventional_hydroelectric_1_inlet,276,1990.0583422485363,0
NYUP_conventional_hydroelectric_1_inlet,277,1989.6758483683832,0
NYUP_conventional_hydroelectric_1_inlet,278,1989.2548199179737,0
NYUP_conventional_hydroelectric_1_inlet,279,1988.8257954859569,0
NYUP_conventional_hydroelectric_1_inlet,280,1988.4512975874118,0
NYUP_conventional_hydroelectric_1_inlet,281,1988.0174553627837,0
NYUP_conventional_hydroelectric_1_inlet,282,1987.5884309307662,0
NYUP_conventional_hydroelectric_1_inlet,283,1987.1674024803574,0
NYUP_conventional_hydroelectric_1_inlet,284,1986.7849086002038,0
NYUP_conventional_hydroelectric_1_inlet,285,1986.2874248893104,0
NYUP_conventional_hydroelectric_1_inlet,286,1985.8535826646823,0
NYUP_conventional_hydroelectric_1_inlet,287,1985.621543785393,0
NYUP_conventional_hydroelectric_1_inlet,288,1985.2390499052394,0
NYUP_conventional_hydroelectric_1_inlet,289,1912.774988691096,0
NYUP_conventional_hydroelectric_1_inlet,290,1912.774988691096,0
NYUP_conventional_hydroelectric_1_inlet,291,1912.774988691096,0
NYUP_conventional_hydroelectric_1_inlet,292,1912.774988691096,0
NYUP_conventional_hydroelectric_1_inlet,293,1912.774988691096,0
NYUP_conventional_hydroelectric_1_inlet,294,1912.774988691096,0
NYUP_conventional_hydroelectric_1_inlet,295,1912.774988691096,0
NYUP_conventional_hydroelectric_1_inlet,296,1912.774988691096,0
NYUP_conventional_hydroelectric_1_inlet,297,1912.774988691096,0
NYUP_conventional_hydroelectric_1_inlet,298,1912.774988691096,0
NYUP_conventional_hydroelectric_1_inlet,299,1912.774988691096,0
NYUP_conventional_hydroelectric_1_inlet,300,1912.774988691096,0
NYUP_conventional_hydroelectric_1_inlet,301,1912.774988691096,0
NYUP_conventional_hydroelectric_1_inlet,302,1912.774988691096,0
NYUP_conventional_hydroelectric_1_inlet,303,1912.774988691096,0
NYUP_conventional_hydroelectric_1_inlet,304,1912.774988691096,0
NYUP_conventional_hydroelectric_1_inlet,305,1912.774988691096,0
NYUP_conventional_hydroelectric_1_inlet,306,1912.774988691096,0
NYUP_conventional_hydroelectric_1_inlet,307,1912.774988691096,0
NYUP_conventional_hydroelectric_1_inlet,308,1912.774988691096,0
NYUP_conventional_hydroelectric_1_inlet,309,1912.774988691096,0
NYUP_conventional_hydroelectric_1_inlet,310,1912.774988691096,0
NYUP_conventional_hydroelectric_1_inlet,311,1912.774988691096,0
NYUP_conventional_hydroelectric_1_inlet,312,1912.774988691096,0
NYUP_conventional_hydroelectric_1_inlet,313,1901.387809488209,0
NYUP_conventional_hydroelectric_1_inlet,314,1901.387809488209,0
NYUP_conventional_hydroelectric_1_inlet,315,1901.1587156789187,0
NYUP_conventional_hydroelectric_1_inlet,316,1900.9231955559362,0
NYUP_conventional_hydroelectric_1_inlet,317,1900.8467402954516,0
NYUP_conventional_hydroelectric_1_inlet,318,1900.6497547427243,0
NYUP_conventional_hydroelectric_1_inlet,319,1900.3843099111202,0
NYUP_conventional_hydroelectric_1_inlet,320,1900.3377793592572,0
NYUP_conventional_hydroelectric_1_inlet,321,1900.1851408104515,0
NYUP_conventional_hydroelectric_1_inlet,322,1900.1086855499673,0
NYUP_conventional_hydroelectric_1_inlet,323,1899.865169445377,0
NYUP_conventional_hydroelectric_1_inlet,324,1899.5949068211619,0
NYUP_conventional_hydroelectric_1_inlet,325,1899.5949068211619,0
NYUP_conventional_hydroelectric_1_inlet,326,1899.365813011871,0
NYUP_conventional_hydroelectric_1_inlet,327,1899.3112864784,0
NYUP_conventional_hydroelectric_1_inlet,328,1899.0458416467961,0
NYUP_conventional_hydroelectric_1_inlet,329,1898.8568520756767,0
NYUP_conventional_hydroelectric_1_inlet,330,1898.8103215238136,0
NYUP_conventional_hydroelectric_1_inlet,331,1898.5812277145228,0
NYUP_conventional_hydroelectric_1_inlet,332,1898.5732317329152,0
NYUP_conventional_hydroelectric_1_inlet,333,1898.3077869013114,0
NYUP_conventional_hydroelectric_1_inlet,334,1898.0722667783284,0
NYUP_conventional_hydroelectric_1_inlet,335,1897.9958115178442,0
NYUP_conventional_hydroelectric_1_inlet,336,1897.8068219467248,0
NYUP_conventional_hydroelectric_1_inlet,337,1875.0869900744217,0
NYUP_conventional_hydroelectric_1_inlet,338,1874.956008280467,0
NYUP_conventional_hydroelectric_1_inlet,339,1874.7670187093472,0
NYUP_conventional_hydroelectric_1_inlet,340,1874.5780291382277,0
NYUP_conventional_hydroelectric_1_inlet,341,1874.4913943481938,0
NYUP_conventional_hydroelectric_1_inlet,342,1874.3024047770743,0
NYUP_conventional_hydroelectric_1_inlet,343,1874.2179535349821,0
NYUP_conventional_hydroelectric_1_inlet,344,1874.0289639638627,0
NYUP_conventional_hydroelectric_1_inlet,345,1873.7169885803953,0
NYUP_conventional_hydroelectric_1_inlet,346,1873.7533396027093,0
NYUP_conventional_hydroelectric_1_inlet,347,1873.4878947711056,0
NYUP_conventional_hydroelectric_1_inlet,348,1873.2443786665149,0
NYUP_conventional_hydroelectric_1_inlet,349,1873.2443786665149,0
NYUP_conventional_hydroelectric_1_inlet,350,1872.9789338349105,0
NYUP_conventional_hydroelectric_1_inlet,351,1873.0104670646137,0
NYUP_conventional_hydroelectric_1_inlet,352,1872.6904956995386,0
NYUP_conventional_hydroelectric_1_inlet,353,1872.5015061284194,0
NYUP_conventional_hydroelectric_1_inlet,354,1872.425050867934,0
NYUP_conventional_hydroelectric_1_inlet,355,1872.1895307449518,0
NYUP_conventional_hydroelectric_1_inlet,356,1872.149426506781,0
NYUP_conventional_hydroelectric_1_inlet,357,1871.9524409540538,0
NYUP_conventional_hydroelectric_1_inlet,358,1871.7634513829346,0
NYUP_conventional_hydroelectric_1_inlet,359,1871.6404655705867,0
NYUP_conventional_hydroelectric_1_inlet,360,1871.4514759994674,0
NYUP_conventional_hydroelectric_1_inlet,361,1830.6606479873258,0
NYUP_conventional_hydroelectric_1_inlet,362,1830.6606479873258,0
NYUP_conventional_hydroelectric_1_inlet,363,1830.4716584162065,0
NYUP_conventional_hydroelectric_1_inlet,364,1830.3952031557221,0
NYUP_conventional_hydroelectric_1_inlet,365,1830.1233320104257,0
NYUP_conventional_hydroelectric_1_inlet,366,1830.1153360288176,0
NYUP_conventional_hydroelectric_1_inlet,367,1829.9215286650865,0
NYUP_conventional_hydroelectric_1_inlet,368,1829.7325390939673,0
NYUP_conventional_hydroelectric_1_inlet,369,1829.6860085421042,0
NYUP_conventional_hydroelectric_1_inlet,370,1829.4606679486708,0
NYUP_conventional_hydroelectric_1_inlet,371,1829.4606679486708,0
NYUP_conventional_hydroelectric_1_inlet,372,1829.2636823959435,0
NYUP_conventional_hydroelectric_1_inlet,373,1829.028162272961,0
NYUP_conventional_hydroelectric_1_inlet,374,1828.9153559901627,0
NYUP_conventional_hydroelectric_1_inlet,375,1828.726366419043,0
NYUP_conventional_hydroelectric_1_inlet,376,1828.726366419043,0
NYUP_conventional_hydroelectric_1_inlet,377,1828.4828503144527,0
NYUP_conventional_hydroelectric_1_inlet,378,1828.257509721019,0
NYUP_conventional_hydroelectric_1_inlet,379,1828.257509721019,0
NYUP_conventional_hydroelectric_1_inlet,380,1828.0685201498993,0
NYUP_conventional_hydroelectric_1_inlet,381,1828.017171805425,0
NYUP_conventional_hydroelectric_1_inlet,382,1827.783835230384,0
NYUP_conventional_hydroelectric_1_inlet,383,1827.783835230384,0
NYUP_conventional_hydroelectric_1_inlet,384,1827.5483151074015,0
NYUP_conventional_hydroelectric_1_inlet,385,1810.5400463112344,0
NYUP_conventional_hydroelectric_1_inlet,386,1810.304526188252,0
NYUP_conventional_hydroelectric_1_inlet,387,1810.304526188252,0
NYUP_conventional_hydroelectric_1_inlet,388,1810.0711896132107,0
NYUP_conventional_hydroelectric_1_inlet,389,1810.0711896132107,0
NYUP_conventional_hydroelectric_1_inlet,390,1809.7592142297435,0
NYUP_conventional_hydroelectric_1_inlet,391,1809.5702246586243,0
NYUP_conventional_hydroelectric_1_inlet,392,1809.5290558436996,0
NYUP_conventional_hydroelectric_1_inlet,393,1809.3320702909718,0
NYUP_conventional_hydroelectric_1_inlet,394,1809.2855397391088,0
NYUP_conventional_hydroelectric_1_inlet,395,1809.096550167989,0
NYUP_conventional_hydroelectric_1_inlet,396,1808.871209574556,0
NYUP_conventional_hydroelectric_1_inlet,397,1808.871209574556,0
NYUP_conventional_hydroelectric_1_inlet,398,1808.6276934699654,0
NYUP_conventional_hydroelectric_1_inlet,399,1808.6276934699654,0
NYUP_conventional_hydroelectric_1_inlet,400,1808.3622486383615,0
NYUP_conventional_hydroelectric_1_inlet,401,1808.1369080449276,0
NYUP_conventional_hydroelectric_1_inlet,402,1808.0903774930646,0
NYUP_conventional_hydroelectric_1_inlet,403,1807.8933919403373,0
NYUP_conventional_hydroelectric_1_inlet,404,1807.8933919403373,0
NYUP_conventional_hydroelectric_1_inlet,405,1807.668051346904,0
NYUP_conventional_hydroelectric_1_inlet,406,1807.6167030024296,0
NYUP_conventional_hydroelectric_1_inlet,407,1807.4277134313097,0
NYUP_conventional_hydroelectric_1_inlet,408,1807.2387238601905,0
NYUP_conventional_hydroelectric_1_inlet,409,1803.0758713014197,0
NYUP_conventional_hydroelectric_1_inlet,410,1803.0758713014197,0
NYUP_conventional_hydroelectric_1_inlet,411,1803.0758713014197,0
NYUP_conventional_hydroelectric_1_inlet,412,1803.0758713014197,0
NYUP_conventional_hydroelectric_1_inlet,413,1803.0758713014197,0
NYUP_conventional_hydroelectric_1_inlet,414,1803.0758713014197,0
NYUP_conventional_hydroelectric_1_inlet,415,1803.0758713014197,0
NYUP_conventional_hydroelectric_1_inlet,416,1803.0758713014197,0
NYUP_conventional_hydroelectric_1_inlet,417,1803.0758713014197,0
NYUP_conventional_hydroelectric_1_inlet,418,1803.0758713014197,0
NYUP_conventional_hydroelectric_1_inlet,419,1803.0758713014197,0
NYUP_conventional_hydroelectric_1_inlet,420,1803.0758713014197,0
NYUP_conventional_hydroelectric_1_inlet,421,1803.0758713014197,0
NYUP_conventional_hydroelectric_1_inlet,422,1803.0758713014197,0
NYUP_conventional_hydroelectric_1_inlet,423,1803.0758713014197,0
NYUP_conventional_hydroelectric_1_inlet,424,1803.0758713014197,0
NYUP_conventional_hydroelectric_1_inlet,425,1803.0758713014197,0
NYUP_conventional_hydroelectric_1_inlet,426,1803.0758713014197,0
NYUP_conventional_hydroelectric_1_inlet,427,1803.0758713014197,0
NYUP_conventional_hydroelectric_1_inlet,428,1803.0758713014197,0
NYUP_conventional_hydroelectric_1_inlet,429,1803.0758713014197,0
NYUP_conventional_hydroelectric_1_inlet,430,1803.0758713014197,0
NYUP_conventional_hydroelectric_1_inlet,431,1803.0758713014197,0
NYUP_conventional_hydroelectric_1_inlet,432,1803.0758713014197,0
NYUP_conventional_hydroelectric_1_inlet,433,1726.1290638697626,0
NYUP_conventional_hydroelectric_1_inlet,434,1725.8534395086094,0
NYUP_conventional_hydroelectric_1_inlet,435,1725.4637111689058,0
NYUP_conventional_hydroelectric_1_inlet,436,1725.1880868077526,0
NYUP_conventional_hydroelectric_1_inlet,437,1724.9953440207762,0
NYUP_conventional_hydroelectric_1_inlet,438,1724.7069058854042,0
NYUP_conventional_hydroelectric_1_inlet,439,1724.4377078379432,0
NYUP_conventional_hydroelectric_1_inlet,440,1724.16208347679,0
NYUP_conventional_hydroelectric_1_inlet,441,1723.7723551370868,0
NYUP_conventional_hydroelectric_1_inlet,442,1723.4967307759332,0
NYUP_conventional_hydroelectric_1_inlet,443,1723.2959920073492,0
NYUP_conventional_hydroelectric_1_inlet,444,1723.020367646196,0
NYUP_conventional_hydroelectric_1_inlet,445,1722.8276248592197,0
NYUP_conventional_hydroelectric_1_inlet,446,1722.3501971527282,0
NYUP_conventional_hydroelectric_1_inlet,447,1722.1574543657518,0
NYUP_conventional_hydroelectric_1_inlet,448,1721.8818300045987,0
NYUP_conventional_hydroelectric_1_inlet,449,1721.6810912360145,0
NYUP_conventional_hydroelectric_1_inlet,450,1721.4418178971753,0
NYUP_conventional_hydroelectric_1_inlet,451,1721.2047281062773,0
NYUP_conventional_hydroelectric_1_inlet,452,1720.7764651963182,0
NYUP_conventional_hydroelectric_1_inlet,453,1720.547371387028,0
NYUP_conventional_hydroelectric_1_inlet,454,1720.2952842739699,0
NYUP_conventional_hydroelectric_1_inlet,455,1720.06619046468,0
NYUP_conventional_hydroelectric_1_inlet,456,1719.8269171258407,0
NYUP_conventional_hydroelectric_1_inlet,457,1703.4494605657628,0
NYUP_conventional_hydroelectric_1_inlet,458,1703.4494605657628,0
NYUP_conventional_hydroelectric_1_inlet,459,1703.4494605657628,0
NYUP_conventional_hydroelectric_1_inlet,460,1703.4494605657628,0
NYUP_conventional_hydroelectric_1_inlet,461,1703.4494605657628,0
NYUP_conventional_hydroelectric_1_inlet,462,1703.4494605657628,0
NYUP_conventional_hydroelectric_1_inlet,463,1703.4494605657628,0
NYUP_conventional_hydroelectric_1_inlet,464,1703.4494605657628,0
NYUP_conventional_hydroelectric_1_inlet,465,1703.4494605657628,0
NYUP_conventional_hydroelectric_1_inlet,466,1703.4494605657628,0
NYUP_conventional_hydroelectric_1_inlet,467,1703.4494605657628,0
NYUP_conventional_hydroelectric_1_inlet,468,1703.4494605657628,0
NYUP_conventional_hydroelectric_1_inlet,469,1703.4494605657628,0
NYUP_conventional_hydroelectric_1_inlet,470,1703.4494605657628,0
NYUP_conventional_hydroelectric_1_inlet,471,1703.4494605657628,0
NYUP_conventional_hydroelectric_1_inlet,472,1703.4494605657628,0
NYUP_conventional_hydroelectric_1_inlet,473,1703.4494605657628,0
NYUP_conventional_hydroelectric_1_inlet,474,1703.4494605657628,0
NYUP_conventional_hydroelectric_1_inlet,475,1703.4494605657628,0
NYUP_conventional_hydroelectric_1_inlet,476,1703.4494605657628,0
NYUP_conventional_hydroelectric_1_inlet,477,1703.4494605657628,0
NYUP_conventional_hydroelectric_1_inlet,478,1703.4494605657628,0
NYUP_conventional_hydroelectric_1_inlet,479,1703.4494605657628,0
NYUP_conventional_hydroelectric_1_inlet,480,1703.4494605657628,0
NYUP_conventional_hydroelectric_1_inlet,481,2192.7908843689033,0
NYUP_conventional_hydroelectric_1_inlet,482,2192.7908843689033,0
NYUP_conventional_hydroelectric_1_inlet,483,2192.7908843689033,0
NYUP_conventional_hydroelectric_1_inlet,484,2192.7908843689033,0
NYUP_conventional_hydroelectric_1_inlet,485,2192.7908843689033,0
NYUP_conventional_hydroelectric_1_inlet,486,2192.7908843689033,0
NYUP_conventional_hydroelectric_1_inlet,487,2192.7908843689033,0
NYUP_conventional_hydroelectric_1_inlet,488,2192.7908843689033,0
NYUP_conventional_hydroelectric_1_inlet,489,2192.7908843689033,0
NYUP_conventional_hydroelectric_1_inlet,490,2192.7908843689033,0
NYUP_conventional_hydroelectric_1_inlet,491,2192.7908843689033,0
NYUP_conventional_hydroelectric_1_inlet,492,2192.7908843689033,0
NYUP_conventional_hydroelectric_1_inlet,493,2192.7908843689033,0
NYUP_conventional_hydroelectric_1_inlet,494,2192.7908843689033,0
NYUP_conventional_hydroelectric_1_inlet,495,2192.7908843689033,0
NYUP_conventional_hydroelectric_1_inlet,496,2192.7908843689033,0
NYUP_conventional_hydroelectric_1_inlet,497,2192.7908843689033,0
NYUP_conventional_hydroelectric_1_inlet,498,2192.7908843689033,0
NYUP_conventional_hydroelectric_1_inlet,499,2192.7908843689033,0
NYUP_conventional_hydroelectric_1_inlet,500,2192.7908843689033,0
NYUP_conventional_hydroelectric_1_inlet,501,2192.7908843689033,0
NYUP_conventional_hydroelectric_1_inlet,502,2192.7908843689033,0
NYUP_conventional_hydroelectric_1_inlet,503,2192.7908843689033,0
NYUP_conventional_hydroelectric_1_inlet,504,2192.7908843689033,0
NYUP_conventional_hydroelectric_1_inlet,505,2142.4281514740314,0
NYUP_conventional_hydroelectric_1_inlet,506,2142.0084595725407,0
NYUP_conventional_hydroelectric_1_inlet,507,2141.5855894820525,0
NYUP_conventional_hydroelectric_1_inlet,508,2141.3249624430596,0
NYUP_conventional_hydroelectric_1_inlet,509,2140.865741330258,0
NYUP_conventional_hydroelectric_1_inlet,510,2140.6350389998865,0
NYUP_conventional_hydroelectric_1_inlet,511,2140.177426408166,0
NYUP_conventional_hydroelectric_1_inlet,512,2139.7625522992857,0
NYUP_conventional_hydroelectric_1_inlet,513,2139.5238539873067,0
NYUP_conventional_hydroelectric_1_inlet,514,2139.0742373771945,0
NYUP_conventional_hydroelectric_1_inlet,515,2138.8403568578256,0
NYUP_conventional_hydroelectric_1_inlet,516,2138.307858673536,0
NYUP_conventional_hydroelectric_1_inlet,517,2137.9267013423005,0
NYUP_conventional_hydroelectric_1_inlet,518,2137.70081680454,0
NYUP_conventional_hydroelectric_1_inlet,519,2137.1966736609565,0
NYUP_conventional_hydroelectric_1_inlet,520,2137.0173196750593,0
NYUP_conventional_hydroelectric_1_inlet,521,2136.5896317919605,0
NYUP_conventional_hydroelectric_1_inlet,522,2136.0934846299847,0
NYUP_conventional_hydroelectric_1_inlet,523,2135.869783640165,0
NYUP_conventional_hydroelectric_1_inlet,524,2135.4500917386745,0
NYUP_conventional_hydroelectric_1_inlet,525,2135.1349381662108,0
NYUP_conventional_hydroelectric_1_inlet,526,2134.7665946091934,0
NYUP_conventional_hydroelectric_1_inlet,527,2134.5278962972143,0
NYUP_conventional_hydroelectric_1_inlet,528,2134.078279687102,0
NYUP_conventional_hydroelectric_1_inlet,529,2060.1406732909595,0
NYUP_conventional_hydroelectric_1_inlet,530,2060.1406732909595,0
NYUP_conventional_hydroelectric_1_inlet,531,2060.1406732909595,0
NYUP_conventional_hydroelectric_1_inlet,532,2060.1406732909595,0
NYUP_conventional_hydroelectric_1_inlet,533,2060.1406732909595,0
NYUP_conventional_hydroelectric_1_inlet,534,2060.1406732909595,0
NYUP_conventional_hydroelectric_1_inlet,535,2060.1406732909595,0
NYUP_conventional_hydroelectric_1_inlet,536,2060.1406732909595,0
NYUP_conventional_hydroelectric_1_inlet,537,2060.1406732909595,0
NYUP_conventional_hydroelectric_1_inlet,538,2060.1406732909595,0
NYUP_conventional_hydroelectric_1_inlet,539,2060.1406732909595,0
NYUP_conventional_hydroelectric_1_inlet,540,2060.1406732909595,0
NYUP_conventional_hydroelectric_1_inlet,541,2060.1406732909595,0
NYUP_conventional_hydroelectric_1_inlet,542,2060.1406732909595,0
NYUP_conventional_hydroelectric_1_inlet,543,2060.1406732909595,0
NYUP_conventional_hydroelectric_1_inlet,544,2060.1406732909595,0
NYUP_conventional_hydroelectric_1_inlet,545,2060.1406732909595,0
NYUP_conventional_hydroelectric_1_inlet,546,2060.1406732909595,0
NYUP_conventional_hydroelectric_1_inlet,547,2060.1406732909595,0
NYUP_conventional_hydroelectric_1_inlet,548,2060.1406732909595,0
NYUP_conventional_hydroelectric_1_inlet,549,2060.1406732909595,0
NYUP_conventional_hydroelectric_1_inlet,550,2060.1406732909595,0
NYUP_conventional_hydroelectric_1_inlet,551,2060.1406732909595,0
NYUP_conventional_hydroelectric_1_inlet,552,2060.1406732909595,0
NYUP_conventional_hydroelectric_1_inlet,553,2208.892320265532,0
NYUP_conventional_hydroelectric_1_inlet,554,2210.4790913445254,0
NYUP_conventional_hydroelectric_1_inlet,555,2212.1022134458317,0
NYUP_conventional_hydroelectric_1_inlet,556,2213.612529264339,0
NYUP_conventional_hydroelectric_1_inlet,557,2215.0514795871372,0
NYUP_conventional_hydroelectric_1_inlet,558,2216.591720114267,0
NYUP_conventional_hydroelectric_1_inlet,559,2218.2148422155733,0
NYUP_conventional_hydroelectric_1_inlet,560,2219.801613294566,0
NYUP_conventional_hydroelectric_1_inlet,561,2221.235745824753,0
NYUP_conventional_hydroelectric_1_inlet,562,2222.7043488840086,0
NYUP_conventional_hydroelectric_1_inlet,563,2224.3354669669234,0
NYUP_conventional_hydroelectric_1_inlet,564,2225.9222380459155,0
NYUP_conventional_hydroelectric_1_inlet,565,2227.356370576103,0
NYUP_conventional_hydroelectric_1_inlet,566,2228.9014288958433,0
NYUP_conventional_hydroelectric_1_inlet,567,2230.411744714351,0
NYUP_conventional_hydroelectric_1_inlet,568,2232.034866815658,0
NYUP_conventional_hydroelectric_1_inlet,569,2233.4326483235304,0
NYUP_conventional_hydroelectric_1_inlet,570,2235.0605882174486,0
NYUP_conventional_hydroelectric_1_inlet,571,2236.600828744578,0
NYUP_conventional_hydroelectric_1_inlet,572,2238.1474955853996,0
NYUP_conventional_hydroelectric_1_inlet,573,2239.545277093273,0
NYUP_conventional_hydroelectric_1_inlet,574,2241.1683991945793,0
NYUP_conventional_hydroelectric_1_inlet,575,2242.7214534959276,0
NYUP_conventional_hydroelectric_1_inlet,576,2244.3445755972343,0
PJMC_conventional_hydroelectric_1_inlet,1,2.7708147,0
PJMC_conventional_hydroelectric_1_inlet,2,2.769672096,0
PJMC_conventional_hydroelectric_1_inlet,3,2.768529492,0
PJMC_conventional_hydroelectric_1_inlet,4,2.7673868880000003,0
PJMC_conventional_hydroelectric_1_inlet,5,2.7673868880000003,0
PJMC_conventional_hydroelectric_1_inlet,6,2.7662442840000003,0
PJMC_conventional_hydroelectric_1_inlet,7,2.76510168,0
PJMC_conventional_hydroelectric_1_inlet,8,2.76510168,0
PJMC_conventional_hydroelectric_1_inlet,9,2.7639590760000003,0
PJMC_conventional_hydroelectric_1_inlet,10,2.762816472,0
PJMC_conventional_hydroelectric_1_inlet,11,2.762816472,0
PJMC_conventional_hydroelectric_1_inlet,12,2.761673868,0
PJMC_conventional_hydroelectric_1_inlet,13,2.760531264,0
PJMC_conventional_hydroelectric_1_inlet,14,2.75938866,0
PJMC_conventional_hydroelectric_1_inlet,15,2.75938866,0
PJMC_conventional_hydroelectric_1_inlet,16,2.758246056,0
PJMC_conventional_hydroelectric_1_inlet,17,2.757103452,0
PJMC_conventional_hydroelectric_1_inlet,18,2.757103452,0
PJMC_conventional_hydroelectric_1_inlet,19,2.755960848,0
PJMC_conventional_hydroelectric_1_inlet,20,2.754818244,0
PJMC_conventional_hydroelectric_1_inlet,21,2.754818244,0
PJMC_conventional_hydroelectric_1_inlet,22,2.75367564,0
PJMC_conventional_hydroelectric_1_inlet,23,2.7525330360000004,0
PJMC_conventional_hydroelectric_1_inlet,24,2.7525330360000004,0
PJMC_conventional_hydroelectric_1_inlet,25,3.3741096120000003,0
PJMC_conventional_hydroelectric_1_inlet,26,3.379822632,0
PJMC_conventional_hydroelectric_1_inlet,27,3.384393048,0
PJMC_conventional_hydroelectric_1_inlet,28,3.3889634639999997,0
PJMC_conventional_hydroelectric_1_inlet,29,3.3935338799999997,0
PJMC_conventional_hydroelectric_1_inlet,30,3.3992469,0
PJMC_conventional_hydroelectric_1_inlet,31,3.403817316,0
PJMC_conventional_hydroelectric_1_inlet,32,3.4083877320000004,0
PJMC_conventional_hydroelectric_1_inlet,33,3.414100752,0
PJMC_conventional_hydroelectric_1_inlet,34,3.418671168,0
PJMC_conventional_hydroelectric_1_inlet,35,3.423241584,0
PJMC_conventional_hydroelectric_1_inlet,36,3.427812,0
PJMC_conventional_hydroelectric_1_inlet,37,3.4335250200000003,0
PJMC_conventional_hydroelectric_1_inlet,38,3.4380954360000002,0
PJMC_conventional_hydroelectric_1_inlet,39,3.4426658520000006,0
PJMC_conventional_hydroelectric_1_inlet,40,3.447236268,0
PJMC_conventional_hydroelectric_1_inlet,41,3.452949288,0
PJMC_conventional_hydroelectric_1_inlet,42,3.4575197039999996,0
PJMC_conventional_hydroelectric_1_inlet,43,3.46209012,0
PJMC_conventional_hydroelectric_1_inlet,44,3.46780314,0
PJMC_conventional_hydroelectric_1_inlet,45,3.4723735560000004,0
PJMC_conventional_hydroelectric_1_inlet,46,3.476943972,0
PJMC_conventional_hydroelectric_1_inlet,47,3.4815143880000003,0
PJMC_conventional_hydroelectric_1_inlet,48,3.4872274080000003,0
PJMC_conventional_hydroelectric_1_inlet,49,4.425305292,0
PJMC_conventional_hydroelectric_1_inlet,50,4.425305292,0
PJMC_conventional_hydroelectric_1_inlet,51,4.425305292,0
PJMC_conventional_hydroelectric_1_inlet,52,4.425305292,0
PJMC_conventional_hydroelectric_1_inlet,53,4.425305292,0
PJMC_conventional_hydroelectric_1_inlet,54,4.425305292,0
PJMC_conventional_hydroelectric_1_inlet,55,4.425305292,0
PJMC_conventional_hydroelectric_1_inlet,56,4.425305292,0
PJMC_conventional_hydroelectric_1_inlet,57,4.425305292,0
PJMC_conventional_hydroelectric_1_inlet,58,4.425305292,0
PJMC_conventional_hydroelectric_1_inlet,59,4.425305292,0
PJMC_conventional_hydroelectric_1_inlet,60,4.425305292,0
PJMC_conventional_hydroelectric_1_inlet,61,4.425305292,0
PJMC_conventional_hydroelectric_1_inlet,62,4.425305292,0
PJMC_conventional_hydroelectric_1_inlet,63,4.425305292,0
PJMC_conventional_hydroelectric_1_inlet,64,4.425305292,0
PJMC_conventional_hydroelectric_1_inlet,65,4.425305292,0
PJMC_conventional_hydroelectric_1_inlet,66,4.425305292,0
PJMC_conventional_hydroelectric_1_inlet,67,4.425305292,0
PJMC_conventional_hydroelectric_1_inlet,68,4.425305292,0
PJMC_conventional_hydroelectric_1_inlet,69,4.425305292,0
PJMC_conventional_hydroelectric_1_inlet,70,4.425305292,0
PJMC_conventional_hydroelectric_1_inlet,71,4.425305292,0
PJMC_conventional_hydroelectric_1_inlet,72,4.425305292,0
PJMC_conventional_hydroelectric_1_inlet,73,4.425305292,0
PJMC_conventional_hydroelectric_1_inlet,74,4.425305292,0
PJMC_conventional_hydroelectric_1_inlet,75,4.425305292,0
PJMC_conventional_hydroelectric_1_inlet,76,4.425305292,0
PJMC_conventional_hydroelectric_1_inlet,77,4.425305292,0
PJMC_conventional_hydroelectric_1_inlet,78,4.425305292,0
PJMC_conventional_hydroelectric_1_inlet,79,4.425305292,0
PJMC_conventional_hydroelectric_1_inlet,80,4.425305292,0
PJMC_conventional_hydroelectric_1_inlet,81,4.425305292,0
PJMC_conventional_hydroelectric_1_inlet,82,4.425305292,0
PJMC_conventional_hydroelectric_1_inlet,83,4.425305292,0
PJMC_conventional_hydroelectric_1_inlet,84,4.425305292,0
PJMC_conventional_hydroelectric_1_inlet,85,4.425305292,0
PJMC_conventional_hydroelectric_1_inlet,86,4.425305292,0
PJMC_conventional_hydroelectric_1_inlet,87,4.425305292,0
PJMC_conventional_hydroelectric_1_inlet,88,4.425305292,0
PJMC_conventional_hydroelectric_1_inlet,89,4.425305292,0
PJMC_conventional_hydroelectric_1_inlet,90,4.425305292,0
PJMC_conventional_hydroelectric_1_inlet,91,4.425305292,0
PJMC_conventional_hydroelectric_1_inlet,92,4.425305292,0
PJMC_conventional_hydroelectric_1_inlet,93,4.425305292,0
PJMC_conventional_hydroelectric_1_inlet,94,4.425305292,0
PJMC_conventional_hydroelectric_1_inlet,95,4.425305292,0
PJMC_conventional_hydroelectric_1_inlet,96,4.425305292,0
PJMC_conventional_hydroelectric_1_inlet,97,3.447236268,0
PJMC_conventional_hydroelectric_1_inlet,98,3.4438084559999997,0
PJMC_conventional_hydroelectric_1_inlet,99,3.440380644,0
PJMC_conventional_hydroelectric_1_inlet,100,3.4380954360000002,0
PJMC_conventional_hydroelectric_1_inlet,101,3.434667624,0
PJMC_conventional_hydroelectric_1_inlet,102,3.4312398120000003,0
PJMC_conventional_hydroelectric_1_inlet,103,3.427812,0
PJMC_conventional_hydroelectric_1_inlet,104,3.4243841880000003,0
PJMC_conventional_hydroelectric_1_inlet,105,3.420956376,0
PJMC_conventional_hydroelectric_1_inlet,106,3.4175285639999995,0
PJMC_conventional_hydroelectric_1_inlet,107,3.415243356,0
PJMC_conventional_hydroelectric_1_inlet,108,3.4118155439999995,0
PJMC_conventional_hydroelectric_1_inlet,109,3.4083877320000004,0
PJMC_conventional_hydroelectric_1_inlet,110,3.40495992,0
PJMC_conventional_hydroelectric_1_inlet,111,3.4015321080000005,0
PJMC_conventional_hydroelectric_1_inlet,112,3.398104296,0
PJMC_conventional_hydroelectric_1_inlet,113,3.395819088,0
PJMC_conventional_hydroelectric_1_inlet,114,3.392391276,0
PJMC_conventional_hydroelectric_1_inlet,115,3.3889634639999997,0
PJMC_conventional_hydroelectric_1_inlet,116,3.3855356519999997,0
PJMC_conventional_hydroelectric_1_inlet,117,3.3821078399999998,0
PJMC_conventional_hydroelectric_1_inlet,118,3.3786800280000007,0
PJMC_conventional_hydroelectric_1_inlet,119,3.3763948200000002,0
PJMC_conventional_hydroelectric_1_inlet,120,3.3729670080000003,0
PJMC_conventional_hydroelectric_1_inlet,121,3.255278796,0
PJMC_conventional_hydroelectric_1_inlet,122,3.255278796,0
PJMC_conventional_hydroelectric_1_inlet,123,3.255278796,0
PJMC_conventional_hydroelectric_1_inlet,124,3.255278796,0
PJMC_conventional_hydroelectric_1_inlet,125,3.255278796,0
PJMC_conventional_hydroelectric_1_inlet,126,3.255278796,0
PJMC_conventional_hydroelectric_1_inlet,127,3.255278796,0
PJMC_conventional_hydroelectric_1_inlet,128,3.255278796,0
PJMC_conventional_hydroelectric_1_inlet,129,3.255278796,0
PJMC_conventional_hydroelectric_1_inlet,130,3.255278796,0
PJMC_conventional_hydroelectric_1_inlet,131,3.255278796,0
PJMC_conventional_hydroelectric_1_inlet,132,3.255278796,0
PJMC_conventional_hydroelectric_1_inlet,133,3.255278796,0
PJMC_conventional_hydroelectric_1_inlet,134,3.255278796,0
PJMC_conventional_hydroelectric_1_inlet,135,3.255278796,0
PJMC_conventional_hydroelectric_1_inlet,136,3.255278796,0
PJMC_conventional_hydroelectric_1_inlet,137,3.255278796,0
PJMC_conventional_hydroelectric_1_inlet,138,3.255278796,0
PJMC_conventional_hydroelectric_1_inlet,139,3.255278796,0
PJMC_conventional_hydroelectric_1_inlet,140,3.255278796,0
PJMC_conventional_hydroelectric_1_inlet,141,3.255278796,0
PJMC_conventional_hydroelectric_1_inlet,142,3.255278796,0
PJMC_conventional_hydroelectric_1_inlet,143,3.255278796,0
PJMC_conventional_hydroelectric_1_inlet,144,3.255278796,0
PJMC_conventional_hydroelectric_1_inlet,145,4.680105984000001,0
PJMC_conventional_hydroelectric_1_inlet,146,4.686961608,0
PJMC_conventional_hydroelectric_1_inlet,147,4.692674628,0
PJMC_conventional_hydroelectric_1_inlet,148,4.698387648000001,0
PJMC_conventional_hydroelectric_1_inlet,149,4.704100668000001,0
PJMC_conventional_hydroelectric_1_inlet,150,4.7098136880000006,0
PJMC_conventional_hydroelectric_1_inlet,151,4.716669312,0
PJMC_conventional_hydroelectric_1_inlet,152,4.722382332,0
PJMC_conventional_hydroelectric_1_inlet,153,4.728095352,0
PJMC_conventional_hydroelectric_1_inlet,154,4.733808372,0
PJMC_conventional_hydroelectric_1_inlet,155,4.739521392,0
PJMC_conventional_hydroelectric_1_inlet,156,4.745234411999999,0
PJMC_conventional_hydroelectric_1_inlet,157,4.752090036,0
PJMC_conventional_hydroelectric_1_inlet,158,4.757803056,0
PJMC_conventional_hydroelectric_1_inlet,159,4.763516076,0
PJMC_conventional_hydroelectric_1_inlet,160,4.769229096,0
PJMC_conventional_hydroelectric_1_inlet,161,4.774942116,0
PJMC_conventional_hydroelectric_1_inlet,162,4.780655136,0
PJMC_conventional_hydroelectric_1_inlet,163,4.78751076,0
PJMC_conventional_hydroelectric_1_inlet,164,4.79322378,0
PJMC_conventional_hydroelectric_1_inlet,165,4.7989368,0
PJMC_conventional_hydroelectric_1_inlet,166,4.80464982,0
PJMC_conventional_hydroelectric_1_inlet,167,4.81036284,0
PJMC_conventional_hydroelectric_1_inlet,168,4.81607586,0
PJMC_conventional_hydroelectric_1_inlet,169,5.419370772,0
PJMC_conventional_hydroelectric_1_inlet,170,5.419370772,0
PJMC_conventional_hydroelectric_1_inlet,171,5.419370772,0
PJMC_conventional_hydroelectric_1_inlet,172,5.419370772,0
PJMC_conventional_hydroelectric_1_inlet,173,5.419370772,0
PJMC_conventional_hydroelectric_1_inlet,174,5.419370772,0
PJMC_conventional_hydroelectric_1_inlet,175,5.419370772,0
PJMC_conventional_hydroelectric_1_inlet,176,5.419370772,0
PJMC_conventional_hydroelectric_1_inlet,177,5.419370772,0
PJMC_conventional_hydroelectric_1_inlet,178,5.419370772,0
PJMC_conventional_hydroelectric_1_inlet,179,5.419370772,0
PJMC_conventional_hydroelectric_1_inlet,180,5.419370772,0
PJMC_conventional_hydroelectric_1_inlet,181,5.419370772,0
PJMC_conventional_hydroelectric_1_inlet,182,5.419370772,0
PJMC_conventional_hydroelectric_1_inlet,183,5.419370772,0
PJMC_conventional_hydroelectric_1_inlet,184,5.419370772,0
PJMC_conventional_hydroelectric_1_inlet,185,5.419370772,0
PJMC_conventional_hydroelectric_1_inlet,186,5.419370772,0
PJMC_conventional_hydroelectric_1_inlet,187,5.419370772,0
PJMC_conventional_hydroelectric_1_inlet,188,5.419370772,0
PJMC_conventional_hydroelectric_1_inlet,189,5.419370772,0
PJMC_conventional_hydroelectric_1_inlet,190,5.419370772,0
PJMC_conventional_hydroelectric_1_inlet,191,5.419370772,0
PJMC_conventional_hydroelectric_1_inlet,192,5.419370772,0
PJMC_conventional_hydroelectric_1_inlet,193,3.8791405800000005,0
PJMC_conventional_hydroelectric_1_inlet,194,3.8791405800000005,0
PJMC_conventional_hydroelectric_1_inlet,195,3.8791405800000005,0
PJMC_conventional_hydroelectric_1_inlet,196,3.8791405800000005,0
PJMC_conventional_hydroelectric_1_inlet,197,3.8791405800000005,0
PJMC_conventional_hydroelectric_1_inlet,198,3.8791405800000005,0
PJMC_conventional_hydroelectric_1_inlet,199,3.8791405800000005,0
PJMC_conventional_hydroelectric_1_inlet,200,3.8791405800000005,0
PJMC_conventional_hydroelectric_1_inlet,201,3.8791405800000005,0
PJMC_conventional_hydroelectric_1_inlet,202,3.8791405800000005,0
PJMC_conventional_hydroelectric_1_inlet,203,3.8791405800000005,0
PJMC_conventional_hydroelectric_1_inlet,204,3.8791405800000005,0
PJMC_conventional_hydroelectric_1_inlet,205,3.8791405800000005,0
PJMC_conventional_hydroelectric_1_inlet,206,3.8791405800000005,0
PJMC_conventional_hydroelectric_1_inlet,207,3.8791405800000005,0
PJMC_conventional_hydroelectric_1_inlet,208,3.8791405800000005,0
PJMC_conventional_hydroelectric_1_inlet,209,3.8791405800000005,0
PJMC_conventional_hydroelectric_1_inlet,210,3.8791405800000005,0
PJMC_conventional_hydroelectric_1_inlet,211,3.8791405800000005,0
PJMC_conventional_hydroelectric_1_inlet,212,3.8791405800000005,0
PJMC_conventional_hydroelectric_1_inlet,213,3.8791405800000005,0
PJMC_conventional_hydroelectric_1_inlet,214,3.8791405800000005,0
PJMC_conventional_hydroelectric_1_inlet,215,3.8791405800000005,0
PJMC_conventional_hydroelectric_1_inlet,216,3.8791405800000005,0
PJMC_conventional_hydroelectric_1_inlet,217,4.149937728,0
PJMC_conventional_hydroelectric_1_inlet,218,4.152222936,0
PJMC_conventional_hydroelectric_1_inlet,219,4.154508143999999,0
PJMC_conventional_hydroelectric_1_inlet,220,4.155650748,0
PJMC_conventional_hydroelectric_1_inlet,221,4.157935956,0
PJMC_conventional_hydroelectric_1_inlet,222,4.15907856,0
PJMC_conventional_hydroelectric_1_inlet,223,4.161363768,0
PJMC_conventional_hydroelectric_1_inlet,224,4.163648976,0
PJMC_conventional_hydroelectric_1_inlet,225,4.16479158,0
PJMC_conventional_hydroelectric_1_inlet,226,4.167076788,0
PJMC_conventional_hydroelectric_1_inlet,227,4.169361996,0
PJMC_conventional_hydroelectric_1_inlet,228,4.1705046,0
PJMC_conventional_hydroelectric_1_inlet,229,4.172789808000001,0
PJMC_conventional_hydroelectric_1_inlet,230,4.175075016,0
PJMC_conventional_hydroelectric_1_inlet,231,4.17621762,0
PJMC_conventional_hydroelectric_1_inlet,232,4.178502828,0
PJMC_conventional_hydroelectric_1_inlet,233,4.179645432,0
PJMC_conventional_hydroelectric_1_inlet,234,4.18193064,0
PJMC_conventional_hydroelectric_1_inlet,235,4.184215848,0
PJMC_conventional_hydroelectric_1_inlet,236,4.185358452,0
PJMC_conventional_hydroelectric_1_inlet,237,4.18764366,0
PJMC_conventional_hydroelectric_1_inlet,238,4.189928868,0
PJMC_conventional_hydroelectric_1_inlet,239,4.191071472,0
PJMC_conventional_hydroelectric_1_inlet,240,4.19335668,0
PJMC_conventional_hydroelectric_1_inlet,241,4.563560376,0
PJMC_conventional_hydroelectric_1_inlet,242,4.563560376,0
PJMC_conventional_hydroelectric_1_inlet,243,4.563560376,0
PJMC_conventional_hydroelectric_1_inlet,244,4.563560376,0
PJMC_conventional_hydroelectric_1_inlet,245,4.563560376,0
PJMC_conventional_hydroelectric_1_inlet,246,4.563560376,0
PJMC_conventional_hydroelectric_1_inlet,247,4.563560376,0
PJMC_conventional_hydroelectric_1_inlet,248,4.563560376,0
PJMC_conventional_hydroelectric_1_inlet,249,4.563560376,0
PJMC_conventional_hydroelectric_1_inlet,250,4.563560376,0
PJMC_conventional_hydroelectric_1_inlet,251,4.563560376,0
PJMC_conventional_hydroelectric_1_inlet,252,4.563560376,0
PJMC_conventional_hydroelectric_1_inlet,253,4.563560376,0
PJMC_conventional_hydroelectric_1_inlet,254,4.563560376,0
PJMC_conventional_hydroelectric_1_inlet,255,4.563560376,0
PJMC_conventional_hydroelectric_1_inlet,256,4.563560376,0
PJMC_conventional_hydroelectric_1_inlet,257,4.563560376,0
PJMC_conventional_hydroelectric_1_inlet,258,4.563560376,0
PJMC_conventional_hydroelectric_1_inlet,259,4.563560376,0
PJMC_conventional_hydroelectric_1_inlet,260,4.563560376,0
PJMC_conventional_hydroelectric_1_inlet,261,4.563560376,0
PJMC_conventional_hydroelectric_1_inlet,262,4.563560376,0
PJMC_conventional_hydroelectric_1_inlet,263,4.563560376,0
PJMC_conventional_hydroelectric_1_inlet,264,4.563560376,0
PJMC_conventional_hydroelectric_1_inlet,265,4.576129020000001,0
PJMC_conventional_hydroelectric_1_inlet,266,4.577271624000001,0
PJMC_conventional_hydroelectric_1_inlet,267,4.577271624000001,0
PJMC_conventional_hydroelectric_1_inlet,268,4.577271624000001,0
PJMC_conventional_hydroelectric_1_inlet,269,4.577271624000001,0
PJMC_conventional_hydroelectric_1_inlet,270,4.577271624000001,0
PJMC_conventional_hydroelectric_1_inlet,271,4.577271624000001,0
PJMC_conventional_hydroelectric_1_inlet,272,4.577271624000001,0
PJMC_conventional_hydroelectric_1_inlet,273,4.577271624000001,0
PJMC_conventional_hydroelectric_1_inlet,274,4.577271624000001,0
PJMC_conventional_hydroelectric_1_inlet,275,4.577271624000001,0
PJMC_conventional_hydroelectric_1_inlet,276,4.577271624000001,0
PJMC_conventional_hydroelectric_1_inlet,277,4.577271624000001,0
PJMC_conventional_hydroelectric_1_inlet,278,4.577271624000001,0
PJMC_conventional_hydroelectric_1_inlet,279,4.577271624000001,0
PJMC_conventional_hydroelectric_1_inlet,280,4.578414228000001,0
PJMC_conventional_hydroelectric_1_inlet,281,4.578414228000001,0
PJMC_conventional_hydroelectric_1_inlet,282,4.578414228000001,0
PJMC_conventional_hydroelectric_1_inlet,283,4.578414228000001,0
PJMC_conventional_hydroelectric_1_inlet,284,4.578414228000001,0
PJMC_conventional_hydroelectric_1_inlet,285,4.578414228000001,0
PJMC_conventional_hydroelectric_1_inlet,286,4.578414228000001,0
PJMC_conventional_hydroelectric_1_inlet,287,4.578414228000001,0
PJMC_conventional_hydroelectric_1_inlet,288,4.578414228000001,0
PJMC_conventional_hydroelectric_1_inlet,289,4.5932680800000005,0
PJMC_conventional_hydroelectric_1_inlet,290,4.5932680800000005,0
PJMC_conventional_hydroelectric_1_inlet,291,4.5932680800000005,0
PJMC_conventional_hydroelectric_1_inlet,292,4.5932680800000005,0
PJMC_conventional_hydroelectric_1_inlet,293,4.5932680800000005,0
PJMC_conventional_hydroelectric_1_inlet,294,4.5932680800000005,0
PJMC_conventional_hydroelectric_1_inlet,295,4.5932680800000005,0
PJMC_conventional_hydroelectric_1_inlet,296,4.5932680800000005,0
PJMC_conventional_hydroelectric_1_inlet,297,4.5932680800000005,0
PJMC_conventional_hydroelectric_1_inlet,298,4.5932680800000005,0
PJMC_conventional_hydroelectric_1_inlet,299,4.5932680800000005,0
PJMC_conventional_hydroelectric_1_inlet,300,4.5932680800000005,0
PJMC_conventional_hydroelectric_1_inlet,301,4.5932680800000005,0
PJMC_conventional_hydroelectric_1_inlet,302,4.5932680800000005,0
PJMC_conventional_hydroelectric_1_inlet,303,4.5932680800000005,0
PJMC_conventional_hydroelectric_1_inlet,304,4.5932680800000005,0
PJMC_conventional_hydroelectric_1_inlet,305,4.5932680800000005,0
PJMC_conventional_hydroelectric_1_inlet,306,4.5932680800000005,0
PJMC_conventional_hydroelectric_1_inlet,307,4.5932680800000005,0
PJMC_conventional_hydroelectric_1_inlet,308,4.5932680800000005,0
PJMC_conventional_hydroelectric_1_inlet,309,4.5932680800000005,0
PJMC_conventional_hydroelectric_1_inlet,310,4.5932680800000005,0
PJMC_conventional_hydroelectric_1_inlet,311,4.5932680800000005,0
PJMC_conventional_hydroelectric_1_inlet,312,4.5932680800000005,0
PJMC_conventional_hydroelectric_1_inlet,313,4.196784492000001,0
PJMC_conventional_hydroelectric_1_inlet,314,4.191071472,0
PJMC_conventional_hydroelectric_1_inlet,315,4.185358452,0
PJMC_conventional_hydroelectric_1_inlet,316,4.180788036,0
PJMC_conventional_hydroelectric_1_inlet,317,4.175075016,0
PJMC_conventional_hydroelectric_1_inlet,318,4.169361996,0
PJMC_conventional_hydroelectric_1_inlet,319,4.163648976,0
PJMC_conventional_hydroelectric_1_inlet,320,4.15907856,0
PJMC_conventional_hydroelectric_1_inlet,321,4.15336554,0
PJMC_conventional_hydroelectric_1_inlet,322,4.147652519999999,0
PJMC_conventional_hydroelectric_1_inlet,323,4.141939499999999,0
PJMC_conventional_hydroelectric_1_inlet,324,4.137369084,0
PJMC_conventional_hydroelectric_1_inlet,325,4.1316560639999995,0
PJMC_conventional_hydroelectric_1_inlet,326,4.125943044,0
PJMC_conventional_hydroelectric_1_inlet,327,4.120230024,0
PJMC_conventional_hydroelectric_1_inlet,328,4.115659608,0
PJMC_conventional_hydroelectric_1_inlet,329,4.109946588000001,0
PJMC_conventional_hydroelectric_1_inlet,330,4.104233568000001,0
PJMC_conventional_hydroelectric_1_inlet,331,4.098520548000001,0
PJMC_conventional_hydroelectric_1_inlet,332,4.093950132,0
PJMC_conventional_hydroelectric_1_inlet,333,4.088237112,0
PJMC_conventional_hydroelectric_1_inlet,334,4.082524092,0
PJMC_conventional_hydroelectric_1_inlet,335,4.076811072000001,0
PJMC_conventional_hydroelectric_1_inlet,336,4.072240656,0
PJMC_conventional_hydroelectric_1_inlet,337,3.283843896,0
PJMC_conventional_hydroelectric_1_inlet,338,3.278130876,0
PJMC_conventional_hydroelectric_1_inlet,339,3.272417856,0
PJMC_conventional_hydroelectric_1_inlet,340,3.2667048359999997,0
PJMC_conventional_hydroelectric_1_inlet,341,3.2621344199999998,0
PJMC_conventional_hydroelectric_1_inlet,342,3.2564213999999994,0
PJMC_conventional_hydroelectric_1_inlet,343,3.25070838,0
PJMC_conventional_hydroelectric_1_inlet,344,3.24499536,0
PJMC_conventional_hydroelectric_1_inlet,345,3.2404249440000004,0
PJMC_conventional_hydroelectric_1_inlet,346,3.2347119240000004,0
PJMC_conventional_hydroelectric_1_inlet,347,3.228998904,0
PJMC_conventional_hydroelectric_1_inlet,348,3.223285884,0
PJMC_conventional_hydroelectric_1_inlet,349,3.2187154680000005,0
PJMC_conventional_hydroelectric_1_inlet,350,3.213002448,0
PJMC_conventional_hydroelectric_1_inlet,351,3.207289428,0
PJMC_conventional_hydroelectric_1_inlet,352,3.201576408,0
PJMC_conventional_hydroelectric_1_inlet,353,3.195863388,0
PJMC_conventional_hydroelectric_1_inlet,354,3.191292972,0
PJMC_conventional_hydroelectric_1_inlet,355,3.1855799520000003,0
PJMC_conventional_hydroelectric_1_inlet,356,3.179866932,0
PJMC_conventional_hydroelectric_1_inlet,357,3.174153912,0
PJMC_conventional_hydroelectric_1_inlet,358,3.1695834959999996,0
PJMC_conventional_hydroelectric_1_inlet,359,3.1638704759999996,0
PJMC_conventional_hydroelectric_1_inlet,360,3.1581574559999996,0
PJMC_conventional_hydroelectric_1_inlet,361,2.7239679359999998,0
PJMC_conventional_hydroelectric_1_inlet,362,2.7251105399999997,0
PJMC_conventional_hydroelectric_1_inlet,363,2.7251105399999997,0
PJMC_conventional_hydroelectric_1_inlet,364,2.726253144,0
PJMC_conventional_hydroelectric_1_inlet,365,2.7273957479999997,0
PJMC_conventional_hydroelectric_1_inlet,366,2.728538352,0
PJMC_conventional_hydroelectric_1_inlet,367,2.728538352,0
PJMC_conventional_hydroelectric_1_inlet,368,2.729680956,0
PJMC_conventional_hydroelectric_1_inlet,369,2.73082356,0
PJMC_conventional_hydroelectric_1_inlet,370,2.731966164,0
PJMC_conventional_hydroelectric_1_inlet,371,2.733108768,0
PJMC_conventional_hydroelectric_1_inlet,372,2.733108768,0
PJMC_conventional_hydroelectric_1_inlet,373,2.734251372,0
PJMC_conventional_hydroelectric_1_inlet,374,2.735393976,0
PJMC_conventional_hydroelectric_1_inlet,375,2.73653658,0
PJMC_conventional_hydroelectric_1_inlet,376,2.737679184,0
PJMC_conventional_hydroelectric_1_inlet,377,2.737679184,0
PJMC_conventional_hydroelectric_1_inlet,378,2.7388217879999996,0
PJMC_conventional_hydroelectric_1_inlet,379,2.739964392,0
PJMC_conventional_hydroelectric_1_inlet,380,2.741106996,0
PJMC_conventional_hydroelectric_1_inlet,381,2.7422496,0
PJMC_conventional_hydroelectric_1_inlet,382,2.7422496,0
PJMC_conventional_hydroelectric_1_inlet,383,2.743392204,0
PJMC_conventional_hydroelectric_1_inlet,384,2.744534808,0
PJMC_conventional_hydroelectric_1_inlet,385,2.853082188,0
PJMC_conventional_hydroelectric_1_inlet,386,2.854224792,0
PJMC_conventional_hydroelectric_1_inlet,387,2.855367396,0
PJMC_conventional_hydroelectric_1_inlet,388,2.85651,0
PJMC_conventional_hydroelectric_1_inlet,389,2.857652604,0
PJMC_conventional_hydroelectric_1_inlet,390,2.857652604,0
PJMC_conventional_hydroelectric_1_inlet,391,2.8587952079999996,0
PJMC_conventional_hydroelectric_1_inlet,392,2.8599378120000005,0
PJMC_conventional_hydroelectric_1_inlet,393,2.861080416,0
PJMC_conventional_hydroelectric_1_inlet,394,2.86222302,0
PJMC_conventional_hydroelectric_1_inlet,395,2.86222302,0
PJMC_conventional_hydroelectric_1_inlet,396,2.863365624,0
PJMC_conventional_hydroelectric_1_inlet,397,2.864508228,0
PJMC_conventional_hydroelectric_1_inlet,398,2.8656508320000005,0
PJMC_conventional_hydroelectric_1_inlet,399,2.8656508320000005,0
PJMC_conventional_hydroelectric_1_inlet,400,2.8667934360000005,0
PJMC_conventional_hydroelectric_1_inlet,401,2.8679360400000005,0
PJMC_conventional_hydroelectric_1_inlet,402,2.869078644,0
PJMC_conventional_hydroelectric_1_inlet,403,2.870221248,0
PJMC_conventional_hydroelectric_1_inlet,404,2.870221248,0
PJMC_conventional_hydroelectric_1_inlet,405,2.8713638520000004,0
PJMC_conventional_hydroelectric_1_inlet,406,2.8725064560000004,0
PJMC_conventional_hydroelectric_1_inlet,407,2.87364906,0
PJMC_conventional_hydroelectric_1_inlet,408,2.8747916639999995,0
PJMC_conventional_hydroelectric_1_inlet,409,2.9010715560000007,0
PJMC_conventional_hydroelectric_1_inlet,410,2.9010715560000007,0
PJMC_conventional_hydroelectric_1_inlet,411,2.9010715560000007,0
PJMC_conventional_hydroelectric_1_inlet,412,2.9010715560000007,0
PJMC_conventional_hydroelectric_1_inlet,413,2.9010715560000007,0
PJMC_conventional_hydroelectric_1_inlet,414,2.9010715560000007,0
PJMC_conventional_hydroelectric_1_inlet,415,2.9010715560000007,0
PJMC_conventional_hydroelectric_1_inlet,416,2.9010715560000007,0
PJMC_conventional_hydroelectric_1_inlet,417,2.9010715560000007,0
PJMC_conventional_hydroelectric_1_inlet,418,2.9010715560000007,0
PJMC_conventional_hydroelectric_1_inlet,419,2.9010715560000007,0
PJMC_conventional_hydroelectric_1_inlet,420,2.9010715560000007,0
PJMC_conventional_hydroelectric_1_inlet,421,2.9010715560000007,0
PJMC_conventional_hydroelectric_1_inlet,422,2.9010715560000007,0
PJMC_conventional_hydroelectric_1_inlet,423,2.9010715560000007,0
PJMC_conventional_hydroelectric_1_inlet,424,2.9010715560000007,0
PJMC_conventional_hydroelectric_1_inlet,425,2.9010715560000007,0
PJMC_conventional_hydroelectric_1_inlet,426,2.9010715560000007,0
PJMC_conventional_hydroelectric_1_inlet,427,2.9010715560000007,0
PJMC_conventional_hydroelectric_1_inlet,428,2.9010715560000007,0
PJMC_conventional_hydroelectric_1_inlet,429,2.9010715560000007,0
PJMC_conventional_hydroelectric_1_inlet,430,2.9010715560000007,0
PJMC_conventional_hydroelectric_1_inlet,431,2.9010715560000007,0
PJMC_conventional_hydroelectric_1_inlet,432,2.9010715560000007,0
PJMC_conventional_hydroelectric_1_inlet,433,3.150159228,0
PJMC_conventional_hydroelectric_1_inlet,434,3.150159228,0
PJMC_conventional_hydroelectric_1_inlet,435,3.151301832,0
PJMC_conventional_hydroelectric_1_inlet,436,3.152444436,0
PJMC_conventional_hydroelectric_1_inlet,437,3.1535870400000006,0
PJMC_conventional_hydroelectric_1_inlet,438,3.1535870400000006,0
PJMC_conventional_hydroelectric_1_inlet,439,3.1547296440000006,0
PJMC_conventional_hydroelectric_1_inlet,440,3.155872248,0
PJMC_conventional_hydroelectric_1_inlet,441,3.157014852,0
PJMC_conventional_hydroelectric_1_inlet,442,3.157014852,0
PJMC_conventional_hydroelectric_1_inlet,443,3.1581574559999996,0
PJMC_conventional_hydroelectric_1_inlet,444,3.15930006,0
PJMC_conventional_hydroelectric_1_inlet,445,3.160442664,0
PJMC_conventional_hydroelectric_1_inlet,446,3.160442664,0
PJMC_conventional_hydroelectric_1_inlet,447,3.1615852679999996,0
PJMC_conventional_hydroelectric_1_inlet,448,3.1627278719999996,0
PJMC_conventional_hydroelectric_1_inlet,449,3.1638704759999996,0
PJMC_conventional_hydroelectric_1_inlet,450,3.16501308,0
PJMC_conventional_hydroelectric_1_inlet,451,3.16501308,0
PJMC_conventional_hydroelectric_1_inlet,452,3.166155684,0
PJMC_conventional_hydroelectric_1_inlet,453,3.167298288,0
PJMC_conventional_hydroelectric_1_inlet,454,3.168440892,0
PJMC_conventional_hydroelectric_1_inlet,455,3.168440892,0
PJMC_conventional_hydroelectric_1_inlet,456,3.1695834959999996,0
PJMC_conventional_hydroelectric_1_inlet,457,3.2221432799999996,0
PJMC_conventional_hydroelectric_1_inlet,458,3.2221432799999996,0
PJMC_conventional_hydroelectric_1_inlet,459,3.2221432799999996,0
PJMC_conventional_hydroelectric_1_inlet,460,3.2221432799999996,0
PJMC_conventional_hydroelectric_1_inlet,461,3.2221432799999996,0
PJMC_conventional_hydroelectric_1_inlet,462,3.2221432799999996,0
PJMC_conventional_hydroelectric_1_inlet,463,3.2221432799999996,0
PJMC_conventional_hydroelectric_1_inlet,464,3.2221432799999996,0
PJMC_conventional_hydroelectric_1_inlet,465,3.2221432799999996,0
PJMC_conventional_hydroelectric_1_inlet,466,3.2221432799999996,0
PJMC_conventional_hydroelectric_1_inlet,467,3.2221432799999996,0
PJMC_conventional_hydroelectric_1_inlet,468,3.2221432799999996,0
PJMC_conventional_hydroelectric_1_inlet,469,3.2221432799999996,0
PJMC_conventional_hydroelectric_1_inlet,470,3.2221432799999996,0
PJMC_conventional_hydroelectric_1_inlet,471,3.2221432799999996,0
PJMC_conventional_hydroelectric_1_inlet,472,3.2221432799999996,0
PJMC_conventional_hydroelectric_1_inlet,473,3.2221432799999996,0
PJMC_conventional_hydroelectric_1_inlet,474,3.2221432799999996,0
PJMC_conventional_hydroelectric_1_inlet,475,3.2221432799999996,0
PJMC_conventional_hydroelectric_1_inlet,476,3.2221432799999996,0
PJMC_conventional_hydroelectric_1_inlet,477,3.2221432799999996,0
PJMC_conventional_hydroelectric_1_inlet,478,3.2221432799999996,0
PJMC_conventional_hydroelectric_1_inlet,479,3.2221432799999996,0
PJMC_conventional_hydroelectric_1_inlet,480,3.2221432799999996,0
PJMC_conventional_hydroelectric_1_inlet,481,4.06195722,0
PJMC_conventional_hydroelectric_1_inlet,482,4.06195722,0
PJMC_conventional_hydroelectric_1_inlet,483,4.06195722,0
PJMC_conventional_hydroelectric_1_inlet,484,4.06195722,0
PJMC_conventional_hydroelectric_1_inlet,485,4.06195722,0
PJMC_conventional_hydroelectric_1_inlet,486,4.06195722,0
PJMC_conventional_hydroelectric_1_inlet,487,4.06195722,0
PJMC_conventional_hydroelectric_1_inlet,488,4.06195722,0
PJMC_conventional_hydroelectric_1_inlet,489,4.06195722,0
PJMC_conventional_hydroelectric_1_inlet,490,4.06195722,0
PJMC_conventional_hydroelectric_1_inlet,491,4.06195722,0
PJMC_conventional_hydroelectric_1_inlet,492,4.06195722,0
PJMC_conventional_hydroelectric_1_inlet,493,4.06195722,0
PJMC_conventional_hydroelectric_1_inlet,494,4.06195722,0
PJMC_conventional_hydroelectric_1_inlet,495,4.06195722,0
PJMC_conventional_hydroelectric_1_inlet,496,4.06195722,0
PJMC_conventional_hydroelectric_1_inlet,497,4.06195722,0
PJMC_conventional_hydroelectric_1_inlet,498,4.06195722,0
PJMC_conventional_hydroelectric_1_inlet,499,4.06195722,0
PJMC_conventional_hydroelectric_1_inlet,500,4.06195722,0
PJMC_conventional_hydroelectric_1_inlet,501,4.06195722,0
PJMC_conventional_hydroelectric_1_inlet,502,4.06195722,0
PJMC_conventional_hydroelectric_1_inlet,503,4.06195722,0
PJMC_conventional_hydroelectric_1_inlet,504,4.06195722,0
PJMC_conventional_hydroelectric_1_inlet,505,3.643764156,0
PJMC_conventional_hydroelectric_1_inlet,506,3.6414789479999996,0
PJMC_conventional_hydroelectric_1_inlet,507,3.638051136,0
PJMC_conventional_hydroelectric_1_inlet,508,3.6346233239999997,0
PJMC_conventional_hydroelectric_1_inlet,509,3.6323381160000006,0
PJMC_conventional_hydroelectric_1_inlet,510,3.628910304,0
PJMC_conventional_hydroelectric_1_inlet,511,3.6254824920000006,0
PJMC_conventional_hydroelectric_1_inlet,512,3.623197284,0
PJMC_conventional_hydroelectric_1_inlet,513,3.619769472,0
PJMC_conventional_hydroelectric_1_inlet,514,3.617484264,0
PJMC_conventional_hydroelectric_1_inlet,515,3.6140564520000003,0
PJMC_conventional_hydroelectric_1_inlet,516,3.61062864,0
PJMC_conventional_hydroelectric_1_inlet,517,3.6083434320000003,0
PJMC_conventional_hydroelectric_1_inlet,518,3.60491562,0
PJMC_conventional_hydroelectric_1_inlet,519,3.601487808,0
PJMC_conventional_hydroelectric_1_inlet,520,3.5992026000000004,0
PJMC_conventional_hydroelectric_1_inlet,521,3.595774788,0
PJMC_conventional_hydroelectric_1_inlet,522,3.5934895800000004,0
PJMC_conventional_hydroelectric_1_inlet,523,3.590061768,0
PJMC_conventional_hydroelectric_1_inlet,524,3.586633956,0
PJMC_conventional_hydroelectric_1_inlet,525,3.5843487479999996,0
PJMC_conventional_hydroelectric_1_inlet,526,3.580920936,0
PJMC_conventional_hydroelectric_1_inlet,527,3.5774931239999996,0
PJMC_conventional_hydroelectric_1_inlet,528,3.575207916,0
PJMC_conventional_hydroelectric_1_inlet,529,2.961629568,0
PJMC_conventional_hydroelectric_1_inlet,530,2.961629568,0
PJMC_conventional_hydroelectric_1_inlet,531,2.961629568,0
PJMC_conventional_hydroelectric_1_inlet,532,2.961629568,0
PJMC_conventional_hydroelectric_1_inlet,533,2.961629568,0
PJMC_conventional_hydroelectric_1_inlet,534,2.961629568,0
PJMC_conventional_hydroelectric_1_inlet,535,2.961629568,0
PJMC_conventional_hydroelectric_1_inlet,536,2.961629568,0
PJMC_conventional_hydroelectric_1_inlet,537,2.961629568,0
PJMC_conventional_hydroelectric_1_inlet,538,2.961629568,0
PJMC_conventional_hydroelectric_1_inlet,539,2.961629568,0
PJMC_conventional_hydroelectric_1_inlet,540,2.961629568,0
PJMC_conventional_hydroelectric_1_inlet,541,2.961629568,0
PJMC_conventional_hydroelectric_1_inlet,542,2.961629568,0
PJMC_conventional_hydroelectric_1_inlet,543,2.961629568,0
PJMC_conventional_hydroelectric_1_inlet,544,2.961629568,0
PJMC_conventional_hydroelectric_1_inlet,545,2.961629568,0
PJMC_conventional_hydroelectric_1_inlet,546,2.961629568,0
PJMC_conventional_hydroelectric_1_inlet,547,2.961629568,0
PJMC_conventional_hydroelectric_1_inlet,548,2.961629568,0
PJMC_conventional_hydroelectric_1_inlet,549,2.961629568,0
PJMC_conventional_hydroelectric_1_inlet,550,2.961629568,0
PJMC_conventional_hydroelectric_1_inlet,551,2.961629568,0
PJMC_conventional_hydroelectric_1_inlet,552,2.961629568,0
PJMC_conventional_hydroelectric_1_inlet,553,2.8850751,0
PJMC_conventional_hydroelectric_1_inlet,554,2.883932496,0
PJMC_conventional_hydroelectric_1_inlet,555,2.8827898920000004,0
PJMC_conventional_hydroelectric_1_inlet,556,2.8827898920000004,0
PJMC_conventional_hydroelectric_1_inlet,557,2.8816472879999995,0
PJMC_conventional_hydroelectric_1_inlet,558,2.880504684,0
PJMC_conventional_hydroelectric_1_inlet,559,2.880504684,0
PJMC_conventional_hydroelectric_1_inlet,560,2.87936208,0
PJMC_conventional_hydroelectric_1_inlet,561,2.878219476,0
PJMC_conventional_hydroelectric_1_inlet,562,2.878219476,0
PJMC_conventional_hydroelectric_1_inlet,563,2.877076872,0
PJMC_conventional_hydroelectric_1_inlet,564,2.8759342679999995,0
PJMC_conventional_hydroelectric_1_inlet,565,2.8747916639999995,0
PJMC_conventional_hydroelectric_1_inlet,566,2.8747916639999995,0
PJMC_conventional_hydroelectric_1_inlet,567,2.87364906,0
PJMC_conventional_hydroelectric_1_inlet,568,2.8725064560000004,0
PJMC_conventional_hydroelectric_1_inlet,569,2.8725064560000004,0
PJMC_conventional_hydroelectric_1_inlet,570,2.8713638520000004,0
PJMC_conventional_hydroelectric_1_inlet,571,2.870221248,0
PJMC_conventional_hydroelectric_1_inlet,572,2.870221248,0
PJMC_conventional_hydroelectric_1_inlet,573,2.869078644,0
PJMC_conventional_hydroelectric_1_inlet,574,2.8679360400000005,0
PJMC_conventional_hydroelectric_1_inlet,575,2.8667934360000005,0
PJMC_conventional_hydroelectric_1_inlet,576,2.8667934360000005,0
PJMD_conventional_hydroelectric_1_inlet,1,107.62480020000001,0
PJMD_conventional_hydroelectric_1_inlet,2,108.0000174,0
PJMD_conventional_hydroelectric_1_inlet,3,108.3126984,0
PJMD_conventional_hydroelectric_1_inlet,4,108.6253794,0
PJMD_conventional_hydroelectric_1_inlet,5,109.00059660000002,0
PJMD_conventional_hydroelectric_1_inlet,6,109.3132776,0
PJMD_conventional_hydroelectric_1_inlet,7,109.62595860000002,0
PJMD_conventional_hydroelectric_1_inlet,8,109.9386396,0
PJMD_conventional_hydroelectric_1_inlet,9,110.31385680000001,0
PJMD_conventional_hydroelectric_1_inlet,10,110.62653780000001,0
PJMD_conventional_hydroelectric_1_inlet,11,110.9392188,0
PJMD_conventional_hydroelectric_1_inlet,12,111.2518998,0
PJMD_conventional_hydroelectric_1_inlet,13,111.627117,0
PJMD_conventional_hydroelectric_1_inlet,14,111.939798,0
PJMD_conventional_hydroelectric_1_inlet,15,112.25247900000001,0
PJMD_conventional_hydroelectric_1_inlet,16,112.6276962,0
PJMD_conventional_hydroelectric_1_inlet,17,112.94037720000001,0
PJMD_conventional_hydroelectric_1_inlet,18,113.25305820000003,0
PJMD_conventional_hydroelectric_1_inlet,19,113.56573920000001,0
PJMD_conventional_hydroelectric_1_inlet,20,113.9409564,0
PJMD_conventional_hydroelectric_1_inlet,21,114.2536374,0
PJMD_conventional_hydroelectric_1_inlet,22,114.5663184,0
PJMD_conventional_hydroelectric_1_inlet,23,114.87899940000001,0
PJMD_conventional_hydroelectric_1_inlet,24,115.25421659999999,0
PJMD_conventional_hydroelectric_1_inlet,25,104.93574360000001,0
PJMD_conventional_hydroelectric_1_inlet,26,104.62306260000001,0
PJMD_conventional_hydroelectric_1_inlet,27,104.31038160000001,0
PJMD_conventional_hydroelectric_1_inlet,28,103.9977006,0
PJMD_conventional_hydroelectric_1_inlet,29,103.68501960000002,0
PJMD_conventional_hydroelectric_1_inlet,30,103.3723386,0
PJMD_conventional_hydroelectric_1_inlet,31,103.0596576,0
PJMD_conventional_hydroelectric_1_inlet,32,102.68444040000001,0
PJMD_conventional_hydroelectric_1_inlet,33,102.37175940000002,0
PJMD_conventional_hydroelectric_1_inlet,34,102.05907840000002,0
PJMD_conventional_hydroelectric_1_inlet,35,101.74639740000002,0
PJMD_conventional_hydroelectric_1_inlet,36,101.43371640000001,0
PJMD_conventional_hydroelectric_1_inlet,37,101.12103540000003,0
PJMD_conventional_hydroelectric_1_inlet,38,100.80835440000001,0
PJMD_conventional_hydroelectric_1_inlet,39,100.4956734,0
PJMD_conventional_hydroelectric_1_inlet,40,100.18299240000002,0
PJMD_conventional_hydroelectric_1_inlet,41,99.8703114,0
PJMD_conventional_hydroelectric_1_inlet,42,99.55763040000001,0
PJMD_conventional_hydroelectric_1_inlet,43,99.24494940000001,0
PJMD_conventional_hydroelectric_1_inlet,44,98.93226840000001,0
PJMD_conventional_hydroelectric_1_inlet,45,98.6195874,0
PJMD_conventional_hydroelectric_1_inlet,46,98.30690640000002,0
PJMD_conventional_hydroelectric_1_inlet,47,97.9942254,0
PJMD_conventional_hydroelectric_1_inlet,48,97.61900820000001,0
PJMD_conventional_hydroelectric_1_inlet,49,36.8338218,0
PJMD_conventional_hydroelectric_1_inlet,50,36.8338218,0
PJMD_conventional_hydroelectric_1_inlet,51,36.8338218,0
PJMD_conventional_hydroelectric_1_inlet,52,36.8338218,0
PJMD_conventional_hydroelectric_1_inlet,53,36.8338218,0
PJMD_conventional_hydroelectric_1_inlet,54,36.8338218,0
PJMD_conventional_hydroelectric_1_inlet,55,36.8338218,0
PJMD_conventional_hydroelectric_1_inlet,56,36.8338218,0
PJMD_conventional_hydroelectric_1_inlet,57,36.8338218,0
PJMD_conventional_hydroelectric_1_inlet,58,36.8338218,0
PJMD_conventional_hydroelectric_1_inlet,59,36.8338218,0
PJMD_conventional_hydroelectric_1_inlet,60,36.8338218,0
PJMD_conventional_hydroelectric_1_inlet,61,36.8338218,0
PJMD_conventional_hydroelectric_1_inlet,62,36.8338218,0
PJMD_conventional_hydroelectric_1_inlet,63,36.8338218,0
PJMD_conventional_hydroelectric_1_inlet,64,36.8338218,0
PJMD_conventional_hydroelectric_1_inlet,65,36.8338218,0
PJMD_conventional_hydroelectric_1_inlet,66,36.8338218,0
PJMD_conventional_hydroelectric_1_inlet,67,36.8338218,0
PJMD_conventional_hydroelectric_1_inlet,68,36.8338218,0
PJMD_conventional_hydroelectric_1_inlet,69,36.8338218,0
PJMD_conventional_hydroelectric_1_inlet,70,36.8338218,0
PJMD_conventional_hydroelectric_1_inlet,71,36.8338218,0
PJMD_conventional_hydroelectric_1_inlet,72,36.8338218,0
PJMD_conventional_hydroelectric_1_inlet,73,36.8338218,0
PJMD_conventional_hydroelectric_1_inlet,74,36.8338218,0
PJMD_conventional_hydroelectric_1_inlet,75,36.8338218,0
PJMD_conventional_hydroelectric_1_inlet,76,36.8338218,0
PJMD_conventional_hydroelectric_1_inlet,77,36.8338218,0
PJMD_conventional_hydroelectric_1_inlet,78,36.8338218,0
PJMD_conventional_hydroelectric_1_inlet,79,36.8338218,0
PJMD_conventional_hydroelectric_1_inlet,80,36.8338218,0
PJMD_conventional_hydroelectric_1_inlet,81,36.8338218,0
PJMD_conventional_hydroelectric_1_inlet,82,36.8338218,0
PJMD_conventional_hydroelectric_1_inlet,83,36.8338218,0
PJMD_conventional_hydroelectric_1_inlet,84,36.8338218,0
PJMD_conventional_hydroelectric_1_inlet,85,36.8338218,0
PJMD_conventional_hydroelectric_1_inlet,86,36.8338218,0
PJMD_conventional_hydroelectric_1_inlet,87,36.8338218,0
PJMD_conventional_hydroelectric_1_inlet,88,36.8338218,0
PJMD_conventional_hydroelectric_1_inlet,89,36.8338218,0
PJMD_conventional_hydroelectric_1_inlet,90,36.8338218,0
PJMD_conventional_hydroelectric_1_inlet,91,36.8338218,0
PJMD_conventional_hydroelectric_1_inlet,92,36.8338218,0
PJMD_conventional_hydroelectric_1_inlet,93,36.8338218,0
PJMD_conventional_hydroelectric_1_inlet,94,36.8338218,0
PJMD_conventional_hydroelectric_1_inlet,95,36.8338218,0
PJMD_conventional_hydroelectric_1_inlet,96,36.8338218,0
PJMD_conventional_hydroelectric_1_inlet,97,90.4273452,0
PJMD_conventional_hydroelectric_1_inlet,98,90.61495380000001,0
PJMD_conventional_hydroelectric_1_inlet,99,90.8025624,0
PJMD_conventional_hydroelectric_1_inlet,100,90.9276348,0
PJMD_conventional_hydroelectric_1_inlet,101,91.1152434,0
PJMD_conventional_hydroelectric_1_inlet,102,91.302852,0
PJMD_conventional_hydroelectric_1_inlet,103,91.49046060000002,0
PJMD_conventional_hydroelectric_1_inlet,104,91.6780692,0
PJMD_conventional_hydroelectric_1_inlet,105,91.8656778,0
PJMD_conventional_hydroelectric_1_inlet,106,91.99075020000001,0
PJMD_conventional_hydroelectric_1_inlet,107,92.17835880000001,0
PJMD_conventional_hydroelectric_1_inlet,108,92.36596740000002,0
PJMD_conventional_hydroelectric_1_inlet,109,92.55357599999999,0
PJMD_conventional_hydroelectric_1_inlet,110,92.7411846,0
PJMD_conventional_hydroelectric_1_inlet,111,92.92879320000002,0
PJMD_conventional_hydroelectric_1_inlet,112,93.1164018,0
PJMD_conventional_hydroelectric_1_inlet,113,93.24147420000001,0
PJMD_conventional_hydroelectric_1_inlet,114,93.4290828,0
PJMD_conventional_hydroelectric_1_inlet,115,93.61669140000001,0
PJMD_conventional_hydroelectric_1_inlet,116,93.8043,0
PJMD_conventional_hydroelectric_1_inlet,117,93.9919086,0
PJMD_conventional_hydroelectric_1_inlet,118,94.17951720000002,0
PJMD_conventional_hydroelectric_1_inlet,119,94.30458959999999,0
PJMD_conventional_hydroelectric_1_inlet,120,94.4921982,0
PJMD_conventional_hydroelectric_1_inlet,121,100.9334268,0
PJMD_conventional_hydroelectric_1_inlet,122,100.9334268,0
PJMD_conventional_hydroelectric_1_inlet,123,100.9334268,0
PJMD_conventional_hydroelectric_1_inlet,124,100.9334268,0
PJMD_conventional_hydroelectric_1_inlet,125,100.9334268,0
PJMD_conventional_hydroelectric_1_inlet,126,100.9334268,0
PJMD_conventional_hydroelectric_1_inlet,127,100.9334268,0
PJMD_conventional_hydroelectric_1_inlet,128,100.9334268,0
PJMD_conventional_hydroelectric_1_inlet,129,100.9334268,0
PJMD_conventional_hydroelectric_1_inlet,130,100.9334268,0
PJMD_conventional_hydroelectric_1_inlet,131,100.9334268,0
PJMD_conventional_hydroelectric_1_inlet,132,100.9334268,0
PJMD_conventional_hydroelectric_1_inlet,133,100.9334268,0
PJMD_conventional_hydroelectric_1_inlet,134,100.9334268,0
PJMD_conventional_hydroelectric_1_inlet,135,100.9334268,0
PJMD_conventional_hydroelectric_1_inlet,136,100.9334268,0
PJMD_conventional_hydroelectric_1_inlet,137,100.9334268,0
PJMD_conventional_hydroelectric_1_inlet,138,100.9334268,0
PJMD_conventional_hydroelectric_1_inlet,139,100.9334268,0
PJMD_conventional_hydroelectric_1_inlet,140,100.9334268,0
PJMD_conventional_hydroelectric_1_inlet,141,100.9334268,0
PJMD_conventional_hydroelectric_1_inlet,142,100.9334268,0
PJMD_conventional_hydroelectric_1_inlet,143,100.9334268,0
PJMD_conventional_hydroelectric_1_inlet,144,100.9334268,0
PJMD_conventional_hydroelectric_1_inlet,145,137.1418866,0
PJMD_conventional_hydroelectric_1_inlet,146,137.266959,0
PJMD_conventional_hydroelectric_1_inlet,147,137.45456760000002,0
PJMD_conventional_hydroelectric_1_inlet,148,137.57964,0
PJMD_conventional_hydroelectric_1_inlet,149,137.7047124,0
PJMD_conventional_hydroelectric_1_inlet,150,137.892321,0
PJMD_conventional_hydroelectric_1_inlet,151,138.0173934,0
PJMD_conventional_hydroelectric_1_inlet,152,138.205002,0
PJMD_conventional_hydroelectric_1_inlet,153,138.33007440000003,0
PJMD_conventional_hydroelectric_1_inlet,154,138.45514680000002,0
PJMD_conventional_hydroelectric_1_inlet,155,138.6427554,0
PJMD_conventional_hydroelectric_1_inlet,156,138.7678278,0
PJMD_conventional_hydroelectric_1_inlet,157,138.95543640000002,0
PJMD_conventional_hydroelectric_1_inlet,158,139.0805088,0
PJMD_conventional_hydroelectric_1_inlet,159,139.26811740000002,0
PJMD_conventional_hydroelectric_1_inlet,160,139.39318980000002,0
PJMD_conventional_hydroelectric_1_inlet,161,139.5182622,0
PJMD_conventional_hydroelectric_1_inlet,162,139.70587079999999,0
PJMD_conventional_hydroelectric_1_inlet,163,139.8309432,0
PJMD_conventional_hydroelectric_1_inlet,164,140.0185518,0
PJMD_conventional_hydroelectric_1_inlet,165,140.1436242,0
PJMD_conventional_hydroelectric_1_inlet,166,140.26869660000003,0
PJMD_conventional_hydroelectric_1_inlet,167,140.4563052,0
PJMD_conventional_hydroelectric_1_inlet,168,140.5813776,0
PJMD_conventional_hydroelectric_1_inlet,169,155.9027466,0
PJMD_conventional_hydroelectric_1_inlet,170,155.9027466,0
PJMD_conventional_hydroelectric_1_inlet,171,155.9027466,0
PJMD_conventional_hydroelectric_1_inlet,172,155.9027466,0
PJMD_conventional_hydroelectric_1_inlet,173,155.9027466,0
PJMD_conventional_hydroelectric_1_inlet,174,155.9027466,0
PJMD_conventional_hydroelectric_1_inlet,175,155.9027466,0
PJMD_conventional_hydroelectric_1_inlet,176,155.9027466,0
PJMD_conventional_hydroelectric_1_inlet,177,155.9027466,0
PJMD_conventional_hydroelectric_1_inlet,178,155.9027466,0
PJMD_conventional_hydroelectric_1_inlet,179,155.9027466,0
PJMD_conventional_hydroelectric_1_inlet,180,155.9027466,0
PJMD_conventional_hydroelectric_1_inlet,181,155.9027466,0
PJMD_conventional_hydroelectric_1_inlet,182,155.9027466,0
PJMD_conventional_hydroelectric_1_inlet,183,155.9027466,0
PJMD_conventional_hydroelectric_1_inlet,184,155.9027466,0
PJMD_conventional_hydroelectric_1_inlet,185,155.9027466,0
PJMD_conventional_hydroelectric_1_inlet,186,155.9027466,0
PJMD_conventional_hydroelectric_1_inlet,187,155.9027466,0
PJMD_conventional_hydroelectric_1_inlet,188,155.9027466,0
PJMD_conventional_hydroelectric_1_inlet,189,155.9027466,0
PJMD_conventional_hydroelectric_1_inlet,190,155.9027466,0
PJMD_conventional_hydroelectric_1_inlet,191,155.9027466,0
PJMD_conventional_hydroelectric_1_inlet,192,155.9027466,0
PJMD_conventional_hydroelectric_1_inlet,193,100.43313719999999,0
PJMD_conventional_hydroelectric_1_inlet,194,100.43313719999999,0
PJMD_conventional_hydroelectric_1_inlet,195,100.43313719999999,0
PJMD_conventional_hydroelectric_1_inlet,196,100.43313719999999,0
PJMD_conventional_hydroelectric_1_inlet,197,100.43313719999999,0
PJMD_conventional_hydroelectric_1_inlet,198,100.43313719999999,0
PJMD_conventional_hydroelectric_1_inlet,199,100.43313719999999,0
PJMD_conventional_hydroelectric_1_inlet,200,100.43313719999999,0
PJMD_conventional_hydroelectric_1_inlet,201,100.43313719999999,0
PJMD_conventional_hydroelectric_1_inlet,202,100.43313719999999,0
PJMD_conventional_hydroelectric_1_inlet,203,100.43313719999999,0
PJMD_conventional_hydroelectric_1_inlet,204,100.43313719999999,0
PJMD_conventional_hydroelectric_1_inlet,205,100.43313719999999,0
PJMD_conventional_hydroelectric_1_inlet,206,100.43313719999999,0
PJMD_conventional_hydroelectric_1_inlet,207,100.43313719999999,0
PJMD_conventional_hydroelectric_1_inlet,208,100.43313719999999,0
PJMD_conventional_hydroelectric_1_inlet,209,100.43313719999999,0
PJMD_conventional_hydroelectric_1_inlet,210,100.43313719999999,0
PJMD_conventional_hydroelectric_1_inlet,211,100.43313719999999,0
PJMD_conventional_hydroelectric_1_inlet,212,100.43313719999999,0
PJMD_conventional_hydroelectric_1_inlet,213,100.43313719999999,0
PJMD_conventional_hydroelectric_1_inlet,214,100.43313719999999,0
PJMD_conventional_hydroelectric_1_inlet,215,100.43313719999999,0
PJMD_conventional_hydroelectric_1_inlet,216,100.43313719999999,0
PJMD_conventional_hydroelectric_1_inlet,217,86.612637,0
PJMD_conventional_hydroelectric_1_inlet,218,86.4875646,0
PJMD_conventional_hydroelectric_1_inlet,219,86.42502839999999,0
PJMD_conventional_hydroelectric_1_inlet,220,86.29995600000002,0
PJMD_conventional_hydroelectric_1_inlet,221,86.23741980000001,0
PJMD_conventional_hydroelectric_1_inlet,222,86.1123474,0
PJMD_conventional_hydroelectric_1_inlet,223,86.04981120000001,0
PJMD_conventional_hydroelectric_1_inlet,224,85.9247388,0
PJMD_conventional_hydroelectric_1_inlet,225,85.8622026,0
PJMD_conventional_hydroelectric_1_inlet,226,85.7371302,0
PJMD_conventional_hydroelectric_1_inlet,227,85.674594,0
PJMD_conventional_hydroelectric_1_inlet,228,85.54952160000002,0
PJMD_conventional_hydroelectric_1_inlet,229,85.48698540000001,0
PJMD_conventional_hydroelectric_1_inlet,230,85.36191300000002,0
PJMD_conventional_hydroelectric_1_inlet,231,85.2993768,0
PJMD_conventional_hydroelectric_1_inlet,232,85.1743044,0
PJMD_conventional_hydroelectric_1_inlet,233,85.1117682,0
PJMD_conventional_hydroelectric_1_inlet,234,84.98669579999999,0
PJMD_conventional_hydroelectric_1_inlet,235,84.92415960000001,0
PJMD_conventional_hydroelectric_1_inlet,236,84.7990872,0
PJMD_conventional_hydroelectric_1_inlet,237,84.67401480000001,0
PJMD_conventional_hydroelectric_1_inlet,238,84.61147860000001,0
PJMD_conventional_hydroelectric_1_inlet,239,84.4864062,0
PJMD_conventional_hydroelectric_1_inlet,240,84.42387000000001,0
PJMD_conventional_hydroelectric_1_inlet,241,65.5379376,0
PJMD_conventional_hydroelectric_1_inlet,242,65.5379376,0
PJMD_conventional_hydroelectric_1_inlet,243,65.5379376,0
PJMD_conventional_hydroelectric_1_inlet,244,65.5379376,0
PJMD_conventional_hydroelectric_1_inlet,245,65.5379376,0
PJMD_conventional_hydroelectric_1_inlet,246,65.5379376,0
PJMD_conventional_hydroelectric_1_inlet,247,65.5379376,0
PJMD_conventional_hydroelectric_1_inlet,248,65.5379376,0
PJMD_conventional_hydroelectric_1_inlet,249,65.5379376,0
PJMD_conventional_hydroelectric_1_inlet,250,65.5379376,0
PJMD_conventional_hydroelectric_1_inlet,251,65.5379376,0
PJMD_conventional_hydroelectric_1_inlet,252,65.5379376,0
PJMD_conventional_hydroelectric_1_inlet,253,65.5379376,0
PJMD_conventional_hydroelectric_1_inlet,254,65.5379376,0
PJMD_conventional_hydroelectric_1_inlet,255,65.5379376,0
PJMD_conventional_hydroelectric_1_inlet,256,65.5379376,0
PJMD_conventional_hydroelectric_1_inlet,257,65.5379376,0
PJMD_conventional_hydroelectric_1_inlet,258,65.5379376,0
PJMD_conventional_hydroelectric_1_inlet,259,65.5379376,0
PJMD_conventional_hydroelectric_1_inlet,260,65.5379376,0
PJMD_conventional_hydroelectric_1_inlet,261,65.5379376,0
PJMD_conventional_hydroelectric_1_inlet,262,65.5379376,0
PJMD_conventional_hydroelectric_1_inlet,263,65.5379376,0
PJMD_conventional_hydroelectric_1_inlet,264,65.5379376,0
PJMD_conventional_hydroelectric_1_inlet,265,60.597577799999996,0
PJMD_conventional_hydroelectric_1_inlet,266,60.597577799999996,0
PJMD_conventional_hydroelectric_1_inlet,267,60.53504160000001,0
PJMD_conventional_hydroelectric_1_inlet,268,60.53504160000001,0
PJMD_conventional_hydroelectric_1_inlet,269,60.4725054,0
PJMD_conventional_hydroelectric_1_inlet,270,60.4725054,0
PJMD_conventional_hydroelectric_1_inlet,271,60.409969200000006,0
PJMD_conventional_hydroelectric_1_inlet,272,60.409969200000006,0
PJMD_conventional_hydroelectric_1_inlet,273,60.347433,0
PJMD_conventional_hydroelectric_1_inlet,274,60.347433,0
PJMD_conventional_hydroelectric_1_inlet,275,60.2848968,0
PJMD_conventional_hydroelectric_1_inlet,276,60.2848968,0
PJMD_conventional_hydroelectric_1_inlet,277,60.2223606,0
PJMD_conventional_hydroelectric_1_inlet,278,60.2223606,0
PJMD_conventional_hydroelectric_1_inlet,279,60.1598244,0
PJMD_conventional_hydroelectric_1_inlet,280,60.1598244,0
PJMD_conventional_hydroelectric_1_inlet,281,60.09728820000001,0
PJMD_conventional_hydroelectric_1_inlet,282,60.09728820000001,0
PJMD_conventional_hydroelectric_1_inlet,283,60.034752000000005,0
PJMD_conventional_hydroelectric_1_inlet,284,60.034752000000005,0
PJMD_conventional_hydroelectric_1_inlet,285,60.034752000000005,0
PJMD_conventional_hydroelectric_1_inlet,286,59.9722158,0
PJMD_conventional_hydroelectric_1_inlet,287,59.9722158,0
PJMD_conventional_hydroelectric_1_inlet,288,59.909679600000004,0
PJMD_conventional_hydroelectric_1_inlet,289,54.469030200000006,0
PJMD_conventional_hydroelectric_1_inlet,290,54.469030200000006,0
PJMD_conventional_hydroelectric_1_inlet,291,54.469030200000006,0
PJMD_conventional_hydroelectric_1_inlet,292,54.469030200000006,0
PJMD_conventional_hydroelectric_1_inlet,293,54.469030200000006,0
PJMD_conventional_hydroelectric_1_inlet,294,54.469030200000006,0
PJMD_conventional_hydroelectric_1_inlet,295,54.469030200000006,0
PJMD_conventional_hydroelectric_1_inlet,296,54.469030200000006,0
PJMD_conventional_hydroelectric_1_inlet,297,54.469030200000006,0
PJMD_conventional_hydroelectric_1_inlet,298,54.469030200000006,0
PJMD_conventional_hydroelectric_1_inlet,299,54.469030200000006,0
PJMD_conventional_hydroelectric_1_inlet,300,54.469030200000006,0
PJMD_conventional_hydroelectric_1_inlet,301,54.469030200000006,0
PJMD_conventional_hydroelectric_1_inlet,302,54.469030200000006,0
PJMD_conventional_hydroelectric_1_inlet,303,54.469030200000006,0
PJMD_conventional_hydroelectric_1_inlet,304,54.469030200000006,0
PJMD_conventional_hydroelectric_1_inlet,305,54.469030200000006,0
PJMD_conventional_hydroelectric_1_inlet,306,54.469030200000006,0
PJMD_conventional_hydroelectric_1_inlet,307,54.469030200000006,0
PJMD_conventional_hydroelectric_1_inlet,308,54.469030200000006,0
PJMD_conventional_hydroelectric_1_inlet,309,54.469030200000006,0
PJMD_conventional_hydroelectric_1_inlet,310,54.469030200000006,0
PJMD_conventional_hydroelectric_1_inlet,311,54.469030200000006,0
PJMD_conventional_hydroelectric_1_inlet,312,54.469030200000006,0
PJMD_conventional_hydroelectric_1_inlet,313,55.907362799999994,0
PJMD_conventional_hydroelectric_1_inlet,314,55.907362799999994,0
PJMD_conventional_hydroelectric_1_inlet,315,55.969899,0
PJMD_conventional_hydroelectric_1_inlet,316,55.969899,0
PJMD_conventional_hydroelectric_1_inlet,317,55.969899,0
PJMD_conventional_hydroelectric_1_inlet,318,56.0324352,0
PJMD_conventional_hydroelectric_1_inlet,319,56.0324352,0
PJMD_conventional_hydroelectric_1_inlet,320,56.0324352,0
PJMD_conventional_hydroelectric_1_inlet,321,56.094971400000006,0
PJMD_conventional_hydroelectric_1_inlet,322,56.094971400000006,0
PJMD_conventional_hydroelectric_1_inlet,323,56.094971400000006,0
PJMD_conventional_hydroelectric_1_inlet,324,56.094971400000006,0
PJMD_conventional_hydroelectric_1_inlet,325,56.15750760000001,0
PJMD_conventional_hydroelectric_1_inlet,326,56.15750760000001,0
PJMD_conventional_hydroelectric_1_inlet,327,56.15750760000001,0
PJMD_conventional_hydroelectric_1_inlet,328,56.220043800000006,0
PJMD_conventional_hydroelectric_1_inlet,329,56.220043800000006,0
PJMD_conventional_hydroelectric_1_inlet,330,56.220043800000006,0
PJMD_conventional_hydroelectric_1_inlet,331,56.282579999999996,0
PJMD_conventional_hydroelectric_1_inlet,332,56.282579999999996,0
PJMD_conventional_hydroelectric_1_inlet,333,56.282579999999996,0
PJMD_conventional_hydroelectric_1_inlet,334,56.3451162,0
PJMD_conventional_hydroelectric_1_inlet,335,56.3451162,0
PJMD_conventional_hydroelectric_1_inlet,336,56.3451162,0
PJMD_conventional_hydroelectric_1_inlet,337,59.22178140000001,0
PJMD_conventional_hydroelectric_1_inlet,338,59.22178140000001,0
PJMD_conventional_hydroelectric_1_inlet,339,59.284317599999994,0
PJMD_conventional_hydroelectric_1_inlet,340,59.284317599999994,0
PJMD_conventional_hydroelectric_1_inlet,341,59.284317599999994,0
PJMD_conventional_hydroelectric_1_inlet,342,59.3468538,0
PJMD_conventional_hydroelectric_1_inlet,343,59.3468538,0
PJMD_conventional_hydroelectric_1_inlet,344,59.3468538,0
PJMD_conventional_hydroelectric_1_inlet,345,59.3468538,0
PJMD_conventional_hydroelectric_1_inlet,346,59.40939,0
PJMD_conventional_hydroelectric_1_inlet,347,59.40939,0
PJMD_conventional_hydroelectric_1_inlet,348,59.40939,0
PJMD_conventional_hydroelectric_1_inlet,349,59.471926200000006,0
PJMD_conventional_hydroelectric_1_inlet,350,59.471926200000006,0
PJMD_conventional_hydroelectric_1_inlet,351,59.471926200000006,0
PJMD_conventional_hydroelectric_1_inlet,352,59.53446240000001,0
PJMD_conventional_hydroelectric_1_inlet,353,59.53446240000001,0
PJMD_conventional_hydroelectric_1_inlet,354,59.53446240000001,0
PJMD_conventional_hydroelectric_1_inlet,355,59.5969986,0
PJMD_conventional_hydroelectric_1_inlet,356,59.5969986,0
PJMD_conventional_hydroelectric_1_inlet,357,59.5969986,0
PJMD_conventional_hydroelectric_1_inlet,358,59.6595348,0
PJMD_conventional_hydroelectric_1_inlet,359,59.6595348,0
PJMD_conventional_hydroelectric_1_inlet,360,59.6595348,0
PJMD_conventional_hydroelectric_1_inlet,361,56.657797200000005,0
PJMD_conventional_hydroelectric_1_inlet,362,56.657797200000005,0
PJMD_conventional_hydroelectric_1_inlet,363,56.595261,0
PJMD_conventional_hydroelectric_1_inlet,364,56.595261,0
PJMD_conventional_hydroelectric_1_inlet,365,56.532724800000004,0
PJMD_conventional_hydroelectric_1_inlet,366,56.532724800000004,0
PJMD_conventional_hydroelectric_1_inlet,367,56.47018860000001,0
PJMD_conventional_hydroelectric_1_inlet,368,56.47018860000001,0
PJMD_conventional_hydroelectric_1_inlet,369,56.4076524,0
PJMD_conventional_hydroelectric_1_inlet,370,56.4076524,0
PJMD_conventional_hydroelectric_1_inlet,371,56.3451162,0
PJMD_conventional_hydroelectric_1_inlet,372,56.3451162,0
PJMD_conventional_hydroelectric_1_inlet,373,56.282579999999996,0
PJMD_conventional_hydroelectric_1_inlet,374,56.282579999999996,0
PJMD_conventional_hydroelectric_1_inlet,375,56.220043800000006,0
PJMD_conventional_hydroelectric_1_inlet,376,56.220043800000006,0
PJMD_conventional_hydroelectric_1_inlet,377,56.220043800000006,0
PJMD_conventional_hydroelectric_1_inlet,378,56.15750760000001,0
PJMD_conventional_hydroelectric_1_inlet,379,56.15750760000001,0
PJMD_conventional_hydroelectric_1_inlet,380,56.094971400000006,0
PJMD_conventional_hydroelectric_1_inlet,381,56.094971400000006,0
PJMD_conventional_hydroelectric_1_inlet,382,56.0324352,0
PJMD_conventional_hydroelectric_1_inlet,383,56.0324352,0
PJMD_conventional_hydroelectric_1_inlet,384,55.969899,0
PJMD_conventional_hydroelectric_1_inlet,385,52.2802632,0
PJMD_conventional_hydroelectric_1_inlet,386,52.2802632,0
PJMD_conventional_hydroelectric_1_inlet,387,52.21772700000001,0
PJMD_conventional_hydroelectric_1_inlet,388,52.21772700000001,0
PJMD_conventional_hydroelectric_1_inlet,389,52.15519080000001,0
PJMD_conventional_hydroelectric_1_inlet,390,52.15519080000001,0
PJMD_conventional_hydroelectric_1_inlet,391,52.15519080000001,0
PJMD_conventional_hydroelectric_1_inlet,392,52.0926546,0
PJMD_conventional_hydroelectric_1_inlet,393,52.0926546,0
PJMD_conventional_hydroelectric_1_inlet,394,52.0301184,0
PJMD_conventional_hydroelectric_1_inlet,395,52.0301184,0
PJMD_conventional_hydroelectric_1_inlet,396,51.967582199999995,0
PJMD_conventional_hydroelectric_1_inlet,397,51.967582199999995,0
PJMD_conventional_hydroelectric_1_inlet,398,51.905046,0
PJMD_conventional_hydroelectric_1_inlet,399,51.905046,0
PJMD_conventional_hydroelectric_1_inlet,400,51.84250980000001,0
PJMD_conventional_hydroelectric_1_inlet,401,51.84250980000001,0
PJMD_conventional_hydroelectric_1_inlet,402,51.779973600000005,0
PJMD_conventional_hydroelectric_1_inlet,403,51.779973600000005,0
PJMD_conventional_hydroelectric_1_inlet,404,51.7174374,0
PJMD_conventional_hydroelectric_1_inlet,405,51.7174374,0
PJMD_conventional_hydroelectric_1_inlet,406,51.654901200000005,0
PJMD_conventional_hydroelectric_1_inlet,407,51.654901200000005,0
PJMD_conventional_hydroelectric_1_inlet,408,51.592365,0
PJMD_conventional_hydroelectric_1_inlet,409,50.716858200000004,0
PJMD_conventional_hydroelectric_1_inlet,410,50.716858200000004,0
PJMD_conventional_hydroelectric_1_inlet,411,50.716858200000004,0
PJMD_conventional_hydroelectric_1_inlet,412,50.716858200000004,0
PJMD_conventional_hydroelectric_1_inlet,413,50.716858200000004,0
PJMD_conventional_hydroelectric_1_inlet,414,50.716858200000004,0
PJMD_conventional_hydroelectric_1_inlet,415,50.716858200000004,0
PJMD_conventional_hydroelectric_1_inlet,416,50.716858200000004,0
PJMD_conventional_hydroelectric_1_inlet,417,50.716858200000004,0
PJMD_conventional_hydroelectric_1_inlet,418,50.716858200000004,0
PJMD_conventional_hydroelectric_1_inlet,419,50.716858200000004,0
PJMD_conventional_hydroelectric_1_inlet,420,50.716858200000004,0
PJMD_conventional_hydroelectric_1_inlet,421,50.716858200000004,0
PJMD_conventional_hydroelectric_1_inlet,422,50.716858200000004,0
PJMD_conventional_hydroelectric_1_inlet,423,50.716858200000004,0
PJMD_conventional_hydroelectric_1_inlet,424,50.716858200000004,0
PJMD_conventional_hydroelectric_1_inlet,425,50.716858200000004,0
PJMD_conventional_hydroelectric_1_inlet,426,50.716858200000004,0
PJMD_conventional_hydroelectric_1_inlet,427,50.716858200000004,0
PJMD_conventional_hydroelectric_1_inlet,428,50.716858200000004,0
PJMD_conventional_hydroelectric_1_inlet,429,50.716858200000004,0
PJMD_conventional_hydroelectric_1_inlet,430,50.716858200000004,0
PJMD_conventional_hydroelectric_1_inlet,431,50.716858200000004,0
PJMD_conventional_hydroelectric_1_inlet,432,50.716858200000004,0
PJMD_conventional_hydroelectric_1_inlet,433,33.394330800000006,0
PJMD_conventional_hydroelectric_1_inlet,434,33.3317946,0
PJMD_conventional_hydroelectric_1_inlet,435,33.2692584,0
PJMD_conventional_hydroelectric_1_inlet,436,33.2067222,0
PJMD_conventional_hydroelectric_1_inlet,437,33.144186,0
PJMD_conventional_hydroelectric_1_inlet,438,33.08164980000001,0
PJMD_conventional_hydroelectric_1_inlet,439,33.019113600000004,0
PJMD_conventional_hydroelectric_1_inlet,440,32.9565774,0
PJMD_conventional_hydroelectric_1_inlet,441,32.894041200000004,0
PJMD_conventional_hydroelectric_1_inlet,442,32.831505,0
PJMD_conventional_hydroelectric_1_inlet,443,32.7689688,0
PJMD_conventional_hydroelectric_1_inlet,444,32.7064326,0
PJMD_conventional_hydroelectric_1_inlet,445,32.6438964,0
PJMD_conventional_hydroelectric_1_inlet,446,32.5813602,0
PJMD_conventional_hydroelectric_1_inlet,447,32.518824,0
PJMD_conventional_hydroelectric_1_inlet,448,32.456287800000005,0
PJMD_conventional_hydroelectric_1_inlet,449,32.3937516,0
PJMD_conventional_hydroelectric_1_inlet,450,32.331215400000005,0
PJMD_conventional_hydroelectric_1_inlet,451,32.2686792,0
PJMD_conventional_hydroelectric_1_inlet,452,32.206143000000004,0
PJMD_conventional_hydroelectric_1_inlet,453,32.1436068,0
PJMD_conventional_hydroelectric_1_inlet,454,32.0810706,0
PJMD_conventional_hydroelectric_1_inlet,455,32.01853440000001,0
PJMD_conventional_hydroelectric_1_inlet,456,32.01853440000001,0
PJMD_conventional_hydroelectric_1_inlet,457,28.328898600000002,0
PJMD_conventional_hydroelectric_1_inlet,458,28.328898600000002,0
PJMD_conventional_hydroelectric_1_inlet,459,28.328898600000002,0
PJMD_conventional_hydroelectric_1_inlet,460,28.328898600000002,0
PJMD_conventional_hydroelectric_1_inlet,461,28.328898600000002,0
PJMD_conventional_hydroelectric_1_inlet,462,28.328898600000002,0
PJMD_conventional_hydroelectric_1_inlet,463,28.328898600000002,0
PJMD_conventional_hydroelectric_1_inlet,464,28.328898600000002,0
PJMD_conventional_hydroelectric_1_inlet,465,28.328898600000002,0
PJMD_conventional_hydroelectric_1_inlet,466,28.328898600000002,0
PJMD_conventional_hydroelectric_1_inlet,467,28.328898600000002,0
PJMD_conventional_hydroelectric_1_inlet,468,28.328898600000002,0
PJMD_conventional_hydroelectric_1_inlet,469,28.328898600000002,0
PJMD_conventional_hydroelectric_1_inlet,470,28.328898600000002,0
PJMD_conventional_hydroelectric_1_inlet,471,28.328898600000002,0
PJMD_conventional_hydroelectric_1_inlet,472,28.328898600000002,0
PJMD_conventional_hydroelectric_1_inlet,473,28.328898600000002,0
PJMD_conventional_hydroelectric_1_inlet,474,28.328898600000002,0
PJMD_conventional_hydroelectric_1_inlet,475,28.328898600000002,0
PJMD_conventional_hydroelectric_1_inlet,476,28.328898600000002,0
PJMD_conventional_hydroelectric_1_inlet,477,28.328898600000002,0
PJMD_conventional_hydroelectric_1_inlet,478,28.328898600000002,0
PJMD_conventional_hydroelectric_1_inlet,479,28.328898600000002,0
PJMD_conventional_hydroelectric_1_inlet,480,28.328898600000002,0
PJMD_conventional_hydroelectric_1_inlet,481,35.5205616,0
PJMD_conventional_hydroelectric_1_inlet,482,35.5205616,0
PJMD_conventional_hydroelectric_1_inlet,483,35.5205616,0
PJMD_conventional_hydroelectric_1_inlet,484,35.5205616,0
PJMD_conventional_hydroelectric_1_inlet,485,35.5205616,0
PJMD_conventional_hydroelectric_1_inlet,486,35.5205616,0
PJMD_conventional_hydroelectric_1_inlet,487,35.5205616,0
PJMD_conventional_hydroelectric_1_inlet,488,35.5205616,0
PJMD_conventional_hydroelectric_1_inlet,489,35.5205616,0
PJMD_conventional_hydroelectric_1_inlet,490,35.5205616,0
PJMD_conventional_hydroelectric_1_inlet,491,35.5205616,0
PJMD_conventional_hydroelectric_1_inlet,492,35.5205616,0
PJMD_conventional_hydroelectric_1_inlet,493,35.5205616,0
PJMD_conventional_hydroelectric_1_inlet,494,35.5205616,0
PJMD_conventional_hydroelectric_1_inlet,495,35.5205616,0
PJMD_conventional_hydroelectric_1_inlet,496,35.5205616,0
PJMD_conventional_hydroelectric_1_inlet,497,35.5205616,0
PJMD_conventional_hydroelectric_1_inlet,498,35.5205616,0
PJMD_conventional_hydroelectric_1_inlet,499,35.5205616,0
PJMD_conventional_hydroelectric_1_inlet,500,35.5205616,0
PJMD_conventional_hydroelectric_1_inlet,501,35.5205616,0
PJMD_conventional_hydroelectric_1_inlet,502,35.5205616,0
PJMD_conventional_hydroelectric_1_inlet,503,35.5205616,0
PJMD_conventional_hydroelectric_1_inlet,504,35.5205616,0
PJMD_conventional_hydroelectric_1_inlet,505,32.7689688,0
PJMD_conventional_hydroelectric_1_inlet,506,32.7064326,0
PJMD_conventional_hydroelectric_1_inlet,507,32.7064326,0
PJMD_conventional_hydroelectric_1_inlet,508,32.7064326,0
PJMD_conventional_hydroelectric_1_inlet,509,32.6438964,0
PJMD_conventional_hydroelectric_1_inlet,510,32.6438964,0
PJMD_conventional_hydroelectric_1_inlet,511,32.6438964,0
PJMD_conventional_hydroelectric_1_inlet,512,32.5813602,0
PJMD_conventional_hydroelectric_1_inlet,513,32.5813602,0
PJMD_conventional_hydroelectric_1_inlet,514,32.5813602,0
PJMD_conventional_hydroelectric_1_inlet,515,32.518824,0
PJMD_conventional_hydroelectric_1_inlet,516,32.518824,0
PJMD_conventional_hydroelectric_1_inlet,517,32.518824,0
PJMD_conventional_hydroelectric_1_inlet,518,32.456287800000005,0
PJMD_conventional_hydroelectric_1_inlet,519,32.456287800000005,0
PJMD_conventional_hydroelectric_1_inlet,520,32.456287800000005,0
PJMD_conventional_hydroelectric_1_inlet,521,32.3937516,0
PJMD_conventional_hydroelectric_1_inlet,522,32.3937516,0
PJMD_conventional_hydroelectric_1_inlet,523,32.3937516,0
PJMD_conventional_hydroelectric_1_inlet,524,32.331215400000005,0
PJMD_conventional_hydroelectric_1_inlet,525,32.331215400000005,0
PJMD_conventional_hydroelectric_1_inlet,526,32.331215400000005,0
PJMD_conventional_hydroelectric_1_inlet,527,32.331215400000005,0
PJMD_conventional_hydroelectric_1_inlet,528,32.2686792,0
PJMD_conventional_hydroelectric_1_inlet,529,28.2038262,0
PJMD_conventional_hydroelectric_1_inlet,530,28.2038262,0
PJMD_conventional_hydroelectric_1_inlet,531,28.2038262,0
PJMD_conventional_hydroelectric_1_inlet,532,28.2038262,0
PJMD_conventional_hydroelectric_1_inlet,533,28.2038262,0
PJMD_conventional_hydroelectric_1_inlet,534,28.2038262,0
PJMD_conventional_hydroelectric_1_inlet,535,28.2038262,0
PJMD_conventional_hydroelectric_1_inlet,536,28.2038262,0
PJMD_conventional_hydroelectric_1_inlet,537,28.2038262,0
PJMD_conventional_hydroelectric_1_inlet,538,28.2038262,0
PJMD_conventional_hydroelectric_1_inlet,539,28.2038262,0
PJMD_conventional_hydroelectric_1_inlet,540,28.2038262,0
PJMD_conventional_hydroelectric_1_inlet,541,28.2038262,0
PJMD_conventional_hydroelectric_1_inlet,542,28.2038262,0
PJMD_conventional_hydroelectric_1_inlet,543,28.2038262,0
PJMD_conventional_hydroelectric_1_inlet,544,28.2038262,0
PJMD_conventional_hydroelectric_1_inlet,545,28.2038262,0
PJMD_conventional_hydroelectric_1_inlet,546,28.2038262,0
PJMD_conventional_hydroelectric_1_inlet,547,28.2038262,0
PJMD_conventional_hydroelectric_1_inlet,548,28.2038262,0
PJMD_conventional_hydroelectric_1_inlet,549,28.2038262,0
PJMD_conventional_hydroelectric_1_inlet,550,28.2038262,0
PJMD_conventional_hydroelectric_1_inlet,551,28.2038262,0
PJMD_conventional_hydroelectric_1_inlet,552,28.2038262,0
PJMD_conventional_hydroelectric_1_inlet,553,60.1598244,0
PJMD_conventional_hydroelectric_1_inlet,554,60.53504160000001,0
PJMD_conventional_hydroelectric_1_inlet,555,60.847722600000004,0
PJMD_conventional_hydroelectric_1_inlet,556,61.1604036,0
PJMD_conventional_hydroelectric_1_inlet,557,61.4730846,0
PJMD_conventional_hydroelectric_1_inlet,558,61.84830180000001,0
PJMD_conventional_hydroelectric_1_inlet,559,62.160982800000006,0
PJMD_conventional_hydroelectric_1_inlet,560,62.473663800000004,0
PJMD_conventional_hydroelectric_1_inlet,561,62.848881000000006,0
PJMD_conventional_hydroelectric_1_inlet,562,63.16156200000001,0
PJMD_conventional_hydroelectric_1_inlet,563,63.47424300000001,0
PJMD_conventional_hydroelectric_1_inlet,564,63.786924,0
PJMD_conventional_hydroelectric_1_inlet,565,64.1621412,0
PJMD_conventional_hydroelectric_1_inlet,566,64.4748222,0
PJMD_conventional_hydroelectric_1_inlet,567,64.7875032,0
PJMD_conventional_hydroelectric_1_inlet,568,65.1001842,0
PJMD_conventional_hydroelectric_1_inlet,569,65.4754014,0
PJMD_conventional_hydroelectric_1_inlet,570,65.78808240000001,0
PJMD_conventional_hydroelectric_1_inlet,571,66.1007634,0
PJMD_conventional_hydroelectric_1_inlet,572,66.47598060000001,0
PJMD_conventional_hydroelectric_1_inlet,573,66.78866160000001,0
PJMD_conventional_hydroelectric_1_inlet,574,67.10134260000001,0
PJMD_conventional_hydroelectric_1_inlet,575,67.41402360000001,0
PJMD_conventional_hydroelectric_1_inlet,576,67.7892408,0
PJME_conventional_hydroelectric_1_inlet,1,639.7824436183438,0
PJME_conventional_hydroelectric_1_inlet,2,640.103514160032,0
PJME_conventional_hydroelectric_1_inlet,3,640.445313497184,0
PJME_conventional_hydroelectric_1_inlet,4,640.787112834336,0
PJME_conventional_hydroelectric_1_inlet,5,641.09138766192,0
PJME_conventional_hydroelectric_1_inlet,6,641.433186999072,0
PJME_conventional_hydroelectric_1_inlet,7,641.75425754076,0
PJME_conventional_hydroelectric_1_inlet,8,642.096056877912,0
PJME_conventional_hydroelectric_1_inlet,9,642.4378562150639,0
PJME_conventional_hydroelectric_1_inlet,10,642.7421310426481,0
PJME_conventional_hydroelectric_1_inlet,11,643.0839303798,0
PJME_conventional_hydroelectric_1_inlet,12,643.405000921488,0
PJME_conventional_hydroelectric_1_inlet,13,643.74680025864,0
PJME_conventional_hydroelectric_1_inlet,14,644.1748943142239,0
PJME_conventional_hydroelectric_1_inlet,15,644.495964855912,0
PJME_conventional_hydroelectric_1_inlet,16,644.8209684789599,0
PJME_conventional_hydroelectric_1_inlet,17,645.1420390206481,0
PJME_conventional_hydroelectric_1_inlet,18,645.4838383578,0
PJME_conventional_hydroelectric_1_inlet,19,645.8049088994879,0
PJME_conventional_hydroelectric_1_inlet,20,646.1467082366399,0
PJME_conventional_hydroelectric_1_inlet,21,646.471711859688,0
PJME_conventional_hydroelectric_1_inlet,22,646.7927824013759,0
PJME_conventional_hydroelectric_1_inlet,23,647.1345817385279,0
PJME_conventional_hydroelectric_1_inlet,24,647.455652280216,0
PJME_conventional_hydroelectric_1_inlet,25,627.5060148006,0
PJME_conventional_hydroelectric_1_inlet,26,627.160282382088,0
PJME_conventional_hydroelectric_1_inlet,27,626.748984040608,0
PJME_conventional_hydroelectric_1_inlet,28,626.337685699128,0
PJME_conventional_hydroelectric_1_inlet,29,625.991953280616,0
PJME_conventional_hydroelectric_1_inlet,30,625.580654939136,0
PJME_conventional_hydroelectric_1_inlet,31,625.169356597656,0
PJME_conventional_hydroelectric_1_inlet,32,624.8404198932479,0
PJME_conventional_hydroelectric_1_inlet,33,624.4291215517679,0
PJME_conventional_hydroelectric_1_inlet,34,624.017823210288,0
PJME_conventional_hydroelectric_1_inlet,35,623.6720907917759,0
PJME_conventional_hydroelectric_1_inlet,36,623.260792450296,0
PJME_conventional_hydroelectric_1_inlet,37,622.8494941088159,0
PJME_conventional_hydroelectric_1_inlet,38,622.503761690304,0
PJME_conventional_hydroelectric_1_inlet,39,622.0924633488239,0
PJME_conventional_hydroelectric_1_inlet,40,621.6811650073439,0
PJME_conventional_hydroelectric_1_inlet,41,621.335432588832,0
PJME_conventional_hydroelectric_1_inlet,42,620.924134247352,0
PJME_conventional_hydroelectric_1_inlet,43,620.5128359058718,0
PJME_conventional_hydroelectric_1_inlet,44,620.16710348736,0
PJME_conventional_hydroelectric_1_inlet,45,619.772600859984,0
PJME_conventional_hydroelectric_1_inlet,46,619.361302518504,0
PJME_conventional_hydroelectric_1_inlet,47,619.0155700999919,0
PJME_conventional_hydroelectric_1_inlet,48,618.604271758512,0
PJME_conventional_hydroelectric_1_inlet,49,544.272530126832,0
PJME_conventional_hydroelectric_1_inlet,50,544.272530126832,0
PJME_conventional_hydroelectric_1_inlet,51,544.272530126832,0
PJME_conventional_hydroelectric_1_inlet,52,544.272530126832,0
PJME_conventional_hydroelectric_1_inlet,53,544.272530126832,0
PJME_conventional_hydroelectric_1_inlet,54,544.272530126832,0
PJME_conventional_hydroelectric_1_inlet,55,544.272530126832,0
PJME_conventional_hydroelectric_1_inlet,56,544.272530126832,0
PJME_conventional_hydroelectric_1_inlet,57,544.272530126832,0
PJME_conventional_hydroelectric_1_inlet,58,544.272530126832,0
PJME_conventional_hydroelectric_1_inlet,59,544.272530126832,0
PJME_conventional_hydroelectric_1_inlet,60,544.272530126832,0
PJME_conventional_hydroelectric_1_inlet,61,544.272530126832,0
PJME_conventional_hydroelectric_1_inlet,62,544.272530126832,0
PJME_conventional_hydroelectric_1_inlet,63,544.272530126832,0
PJME_conventional_hydroelectric_1_inlet,64,544.272530126832,0
PJME_conventional_hydroelectric_1_inlet,65,544.272530126832,0
PJME_conventional_hydroelectric_1_inlet,66,544.272530126832,0
PJME_conventional_hydroelectric_1_inlet,67,544.272530126832,0
PJME_conventional_hydroelectric_1_inlet,68,544.272530126832,0
PJME_conventional_hydroelectric_1_inlet,69,544.272530126832,0
PJME_conventional_hydroelectric_1_inlet,70,544.272530126832,0
PJME_conventional_hydroelectric_1_inlet,71,544.272530126832,0
PJME_conventional_hydroelectric_1_inlet,72,544.272530126832,0
PJME_conventional_hydroelectric_1_inlet,73,544.272530126832,0
PJME_conventional_hydroelectric_1_inlet,74,544.272530126832,0
PJME_conventional_hydroelectric_1_inlet,75,544.272530126832,0
PJME_conventional_hydroelectric_1_inlet,76,544.272530126832,0
PJME_conventional_hydroelectric_1_inlet,77,544.272530126832,0
PJME_conventional_hydroelectric_1_inlet,78,544.272530126832,0
PJME_conventional_hydroelectric_1_inlet,79,544.272530126832,0
PJME_conventional_hydroelectric_1_inlet,80,544.272530126832,0
PJME_conventional_hydroelectric_1_inlet,81,544.272530126832,0
PJME_conventional_hydroelectric_1_inlet,82,544.272530126832,0
PJME_conventional_hydroelectric_1_inlet,83,544.272530126832,0
PJME_conventional_hydroelectric_1_inlet,84,544.272530126832,0
PJME_conventional_hydroelectric_1_inlet,85,544.272530126832,0
PJME_conventional_hydroelectric_1_inlet,86,544.272530126832,0
PJME_conventional_hydroelectric_1_inlet,87,544.272530126832,0
PJME_conventional_hydroelectric_1_inlet,88,544.272530126832,0
PJME_conventional_hydroelectric_1_inlet,89,544.272530126832,0
PJME_conventional_hydroelectric_1_inlet,90,544.272530126832,0
PJME_conventional_hydroelectric_1_inlet,91,544.272530126832,0
PJME_conventional_hydroelectric_1_inlet,92,544.272530126832,0
PJME_conventional_hydroelectric_1_inlet,93,544.272530126832,0
PJME_conventional_hydroelectric_1_inlet,94,544.272530126832,0
PJME_conventional_hydroelectric_1_inlet,95,544.272530126832,0
PJME_conventional_hydroelectric_1_inlet,96,544.272530126832,0
PJME_conventional_hydroelectric_1_inlet,97,588.0463709356079,0
PJME_conventional_hydroelectric_1_inlet,98,588.1573275308639,0
PJME_conventional_hydroelectric_1_inlet,99,588.3338500490879,0
PJME_conventional_hydroelectric_1_inlet,100,588.42801093024,0
PJME_conventional_hydroelectric_1_inlet,101,588.6252622439279,0
PJME_conventional_hydroelectric_1_inlet,102,588.7194231250801,0
PJME_conventional_hydroelectric_1_inlet,103,588.916674438768,0
PJME_conventional_hydroelectric_1_inlet,104,589.00690223856,0
PJME_conventional_hydroelectric_1_inlet,105,589.187357838144,0
PJME_conventional_hydroelectric_1_inlet,106,589.2983144333999,0
PJME_conventional_hydroelectric_1_inlet,107,589.478770032984,0
PJME_conventional_hydroelectric_1_inlet,108,589.58972662824,0
PJME_conventional_hydroelectric_1_inlet,109,589.786977941928,0
PJME_conventional_hydroelectric_1_inlet,110,589.8604100276159,0
PJME_conventional_hydroelectric_1_inlet,111,590.057661341304,0
PJME_conventional_hydroelectric_1_inlet,112,590.2381169408881,0
PJME_conventional_hydroelectric_1_inlet,113,590.3490735361439,0
PJME_conventional_hydroelectric_1_inlet,114,590.546324849832,0
PJME_conventional_hydroelectric_1_inlet,115,590.6197569355201,0
PJME_conventional_hydroelectric_1_inlet,116,590.817008249208,0
PJME_conventional_hydroelectric_1_inlet,117,590.9111691303599,0
PJME_conventional_hydroelectric_1_inlet,118,591.108420444048,0
PJME_conventional_hydroelectric_1_inlet,119,591.2193770393039,0
PJME_conventional_hydroelectric_1_inlet,120,591.379103843424,0
PJME_conventional_hydroelectric_1_inlet,121,596.567333434176,0
PJME_conventional_hydroelectric_1_inlet,122,596.567333434176,0
PJME_conventional_hydroelectric_1_inlet,123,596.567333434176,0
PJME_conventional_hydroelectric_1_inlet,124,596.567333434176,0
PJME_conventional_hydroelectric_1_inlet,125,596.567333434176,0
PJME_conventional_hydroelectric_1_inlet,126,596.567333434176,0
PJME_conventional_hydroelectric_1_inlet,127,596.567333434176,0
PJME_conventional_hydroelectric_1_inlet,128,596.567333434176,0
PJME_conventional_hydroelectric_1_inlet,129,596.567333434176,0
PJME_conventional_hydroelectric_1_inlet,130,596.567333434176,0
PJME_conventional_hydroelectric_1_inlet,131,596.567333434176,0
PJME_conventional_hydroelectric_1_inlet,132,596.567333434176,0
PJME_conventional_hydroelectric_1_inlet,133,596.567333434176,0
PJME_conventional_hydroelectric_1_inlet,134,596.567333434176,0
PJME_conventional_hydroelectric_1_inlet,135,596.567333434176,0
PJME_conventional_hydroelectric_1_inlet,136,596.567333434176,0
PJME_conventional_hydroelectric_1_inlet,137,596.567333434176,0
PJME_conventional_hydroelectric_1_inlet,138,596.567333434176,0
PJME_conventional_hydroelectric_1_inlet,139,596.567333434176,0
PJME_conventional_hydroelectric_1_inlet,140,596.567333434176,0
PJME_conventional_hydroelectric_1_inlet,141,596.567333434176,0
PJME_conventional_hydroelectric_1_inlet,142,596.567333434176,0
PJME_conventional_hydroelectric_1_inlet,143,596.567333434176,0
PJME_conventional_hydroelectric_1_inlet,144,596.567333434176,0
PJME_conventional_hydroelectric_1_inlet,145,443.943514013688,0
PJME_conventional_hydroelectric_1_inlet,146,443.3708719346399,0
PJME_conventional_hydroelectric_1_inlet,147,442.7119351371599,0
PJME_conventional_hydroelectric_1_inlet,148,442.1185642626479,0
PJME_conventional_hydroelectric_1_inlet,149,441.4596274651679,0
PJME_conventional_hydroelectric_1_inlet,150,440.77996187222396,0
PJME_conventional_hydroelectric_1_inlet,151,440.207319793176,0
PJME_conventional_hydroelectric_1_inlet,152,439.52765420023206,0
PJME_conventional_hydroelectric_1_inlet,153,438.955012121184,0
PJME_conventional_hydroelectric_1_inlet,154,438.27534652824005,0
PJME_conventional_hydroelectric_1_inlet,155,437.61640973076004,0
PJME_conventional_hydroelectric_1_inlet,156,437.04376765171196,0
PJME_conventional_hydroelectric_1_inlet,157,436.380897772872,0
PJME_conventional_hydroelectric_1_inlet,158,435.8082556938239,0
PJME_conventional_hydroelectric_1_inlet,159,435.12859010088,0
PJME_conventional_hydroelectric_1_inlet,160,434.4696533034,0
PJME_conventional_hydroelectric_1_inlet,161,433.876282428888,0
PJME_conventional_hydroelectric_1_inlet,162,433.217345631408,0
PJME_conventional_hydroelectric_1_inlet,163,432.62397475689596,0
PJME_conventional_hydroelectric_1_inlet,164,431.965037959416,0
PJME_conventional_hydroelectric_1_inlet,165,431.306101161936,0
PJME_conventional_hydroelectric_1_inlet,166,430.712730287424,0
PJME_conventional_hydroelectric_1_inlet,167,430.05379348994404,0
PJME_conventional_hydroelectric_1_inlet,168,429.46042261543204,0
PJME_conventional_hydroelectric_1_inlet,169,364.8182493561839,0
PJME_conventional_hydroelectric_1_inlet,170,364.8182493561839,0
PJME_conventional_hydroelectric_1_inlet,171,364.8182493561839,0
PJME_conventional_hydroelectric_1_inlet,172,364.8182493561839,0
PJME_conventional_hydroelectric_1_inlet,173,364.8182493561839,0
PJME_conventional_hydroelectric_1_inlet,174,364.8182493561839,0
PJME_conventional_hydroelectric_1_inlet,175,364.8182493561839,0
PJME_conventional_hydroelectric_1_inlet,176,364.8182493561839,0
PJME_conventional_hydroelectric_1_inlet,177,364.8182493561839,0
PJME_conventional_hydroelectric_1_inlet,178,364.8182493561839,0
PJME_conventional_hydroelectric_1_inlet,179,364.8182493561839,0
PJME_conventional_hydroelectric_1_inlet,180,364.8182493561839,0
PJME_conventional_hydroelectric_1_inlet,181,364.8182493561839,0
PJME_conventional_hydroelectric_1_inlet,182,364.8182493561839,0
PJME_conventional_hydroelectric_1_inlet,183,364.8182493561839,0
PJME_conventional_hydroelectric_1_inlet,184,364.8182493561839,0
PJME_conventional_hydroelectric_1_inlet,185,364.8182493561839,0
PJME_conventional_hydroelectric_1_inlet,186,364.8182493561839,0
PJME_conventional_hydroelectric_1_inlet,187,364.8182493561839,0
PJME_conventional_hydroelectric_1_inlet,188,364.8182493561839,0
PJME_conventional_hydroelectric_1_inlet,189,364.8182493561839,0
PJME_conventional_hydroelectric_1_inlet,190,364.8182493561839,0
PJME_conventional_hydroelectric_1_inlet,191,364.8182493561839,0
PJME_conventional_hydroelectric_1_inlet,192,364.8182493561839,0
PJME_conventional_hydroelectric_1_inlet,193,734.6615054266799,0
PJME_conventional_hydroelectric_1_inlet,194,734.6615054266799,0
PJME_conventional_hydroelectric_1_inlet,195,734.6615054266799,0
PJME_conventional_hydroelectric_1_inlet,196,734.6615054266799,0
PJME_conventional_hydroelectric_1_inlet,197,734.6615054266799,0
PJME_conventional_hydroelectric_1_inlet,198,734.6615054266799,0
PJME_conventional_hydroelectric_1_inlet,199,734.6615054266799,0
PJME_conventional_hydroelectric_1_inlet,200,734.6615054266799,0
PJME_conventional_hydroelectric_1_inlet,201,734.6615054266799,0
PJME_conventional_hydroelectric_1_inlet,202,734.6615054266799,0
PJME_conventional_hydroelectric_1_inlet,203,734.6615054266799,0
PJME_conventional_hydroelectric_1_inlet,204,734.6615054266799,0
PJME_conventional_hydroelectric_1_inlet,205,734.6615054266799,0
PJME_conventional_hydroelectric_1_inlet,206,734.6615054266799,0
PJME_conventional_hydroelectric_1_inlet,207,734.6615054266799,0
PJME_conventional_hydroelectric_1_inlet,208,734.6615054266799,0
PJME_conventional_hydroelectric_1_inlet,209,734.6615054266799,0
PJME_conventional_hydroelectric_1_inlet,210,734.6615054266799,0
PJME_conventional_hydroelectric_1_inlet,211,734.6615054266799,0
PJME_conventional_hydroelectric_1_inlet,212,734.6615054266799,0
PJME_conventional_hydroelectric_1_inlet,213,734.6615054266799,0
PJME_conventional_hydroelectric_1_inlet,214,734.6615054266799,0
PJME_conventional_hydroelectric_1_inlet,215,734.6615054266799,0
PJME_conventional_hydroelectric_1_inlet,216,734.6615054266799,0
PJME_conventional_hydroelectric_1_inlet,217,618.3182639087998,0
PJME_conventional_hydroelectric_1_inlet,218,617.5338909498719,0
PJME_conventional_hydroelectric_1_inlet,219,616.683952067976,0
PJME_conventional_hydroelectric_1_inlet,220,615.9203079045119,0
PJME_conventional_hydroelectric_1_inlet,221,615.156663741048,0
PJME_conventional_hydroelectric_1_inlet,222,614.285996063688,0
PJME_conventional_hydroelectric_1_inlet,223,613.5391476143279,0
PJME_conventional_hydroelectric_1_inlet,224,612.6892087324319,0
PJME_conventional_hydroelectric_1_inlet,225,611.904835773504,0
PJME_conventional_hydroelectric_1_inlet,226,611.1411916100399,0
PJME_conventional_hydroelectric_1_inlet,227,610.291252728144,0
PJME_conventional_hydroelectric_1_inlet,228,609.5068797692159,0
PJME_conventional_hydroelectric_1_inlet,229,608.6569408873199,0
PJME_conventional_hydroelectric_1_inlet,230,607.893296723856,0
PJME_conventional_hydroelectric_1_inlet,231,607.125719479032,0
PJME_conventional_hydroelectric_1_inlet,232,606.275780597136,0
PJME_conventional_hydroelectric_1_inlet,233,605.5121364336719,0
PJME_conventional_hydroelectric_1_inlet,234,604.662197551776,0
PJME_conventional_hydroelectric_1_inlet,235,603.877824592848,0
PJME_conventional_hydroelectric_1_inlet,236,603.1141804293839,0
PJME_conventional_hydroelectric_1_inlet,237,602.2642415474879,0
PJME_conventional_hydroelectric_1_inlet,238,601.47986858856,0
PJME_conventional_hydroelectric_1_inlet,239,600.6467254207679,0
PJME_conventional_hydroelectric_1_inlet,240,599.883081257304,0
PJME_conventional_hydroelectric_1_inlet,241,441.02362354596005,0
PJME_conventional_hydroelectric_1_inlet,242,441.02362354596005,0
PJME_conventional_hydroelectric_1_inlet,243,441.02362354596005,0
PJME_conventional_hydroelectric_1_inlet,244,441.02362354596005,0
PJME_conventional_hydroelectric_1_inlet,245,441.02362354596005,0
PJME_conventional_hydroelectric_1_inlet,246,441.02362354596005,0
PJME_conventional_hydroelectric_1_inlet,247,441.02362354596005,0
PJME_conventional_hydroelectric_1_inlet,248,441.02362354596005,0
PJME_conventional_hydroelectric_1_inlet,249,441.02362354596005,0
PJME_conventional_hydroelectric_1_inlet,250,441.02362354596005,0
PJME_conventional_hydroelectric_1_inlet,251,441.02362354596005,0
PJME_conventional_hydroelectric_1_inlet,252,441.02362354596005,0
PJME_conventional_hydroelectric_1_inlet,253,441.02362354596005,0
PJME_conventional_hydroelectric_1_inlet,254,441.02362354596005,0
PJME_conventional_hydroelectric_1_inlet,255,441.02362354596005,0
PJME_conventional_hydroelectric_1_inlet,256,441.02362354596005,0
PJME_conventional_hydroelectric_1_inlet,257,441.02362354596005,0
PJME_conventional_hydroelectric_1_inlet,258,441.02362354596005,0
PJME_conventional_hydroelectric_1_inlet,259,441.02362354596005,0
PJME_conventional_hydroelectric_1_inlet,260,441.02362354596005,0
PJME_conventional_hydroelectric_1_inlet,261,441.02362354596005,0
PJME_conventional_hydroelectric_1_inlet,262,441.02362354596005,0
PJME_conventional_hydroelectric_1_inlet,263,441.02362354596005,0
PJME_conventional_hydroelectric_1_inlet,264,441.02362354596005,0
PJME_conventional_hydroelectric_1_inlet,265,304.507767969288,0
PJME_conventional_hydroelectric_1_inlet,266,303.69373666351197,0
PJME_conventional_hydroelectric_1_inlet,267,302.862909643632,0
PJME_conventional_hydroelectric_1_inlet,268,302.048878337856,0
PJME_conventional_hydroelectric_1_inlet,269,301.21805131797595,0
PJME_conventional_hydroelectric_1_inlet,270,300.40402001219996,0
PJME_conventional_hydroelectric_1_inlet,271,299.48689827388796,0
PJME_conventional_hydroelectric_1_inlet,272,298.672866968112,0
PJME_conventional_hydroelectric_1_inlet,273,297.842039948232,0
PJME_conventional_hydroelectric_1_inlet,274,297.028008642456,0
PJME_conventional_hydroelectric_1_inlet,275,296.197181622576,0
PJME_conventional_hydroelectric_1_inlet,276,295.362421521336,0
PJME_conventional_hydroelectric_1_inlet,277,294.531594501456,0
PJME_conventional_hydroelectric_1_inlet,278,293.63126847724794,0
PJME_conventional_hydroelectric_1_inlet,279,292.800441457368,0
PJME_conventional_hydroelectric_1_inlet,280,291.986410151592,0
PJME_conventional_hydroelectric_1_inlet,281,291.155583131712,0
PJME_conventional_hydroelectric_1_inlet,282,290.341551825936,0
PJME_conventional_hydroelectric_1_inlet,283,289.510724806056,0
PJME_conventional_hydroelectric_1_inlet,284,288.69669350028005,0
PJME_conventional_hydroelectric_1_inlet,285,287.779571761968,0
PJME_conventional_hydroelectric_1_inlet,286,286.965540456192,0
PJME_conventional_hydroelectric_1_inlet,287,286.113984640848,0
PJME_conventional_hydroelectric_1_inlet,288,285.299953335072,0
PJME_conventional_hydroelectric_1_inlet,289,134.51479118251197,0
PJME_conventional_hydroelectric_1_inlet,290,134.51479118251197,0
PJME_conventional_hydroelectric_1_inlet,291,134.51479118251197,0
PJME_conventional_hydroelectric_1_inlet,292,134.51479118251197,0
PJME_conventional_hydroelectric_1_inlet,293,134.51479118251197,0
PJME_conventional_hydroelectric_1_inlet,294,134.51479118251197,0
PJME_conventional_hydroelectric_1_inlet,295,134.51479118251197,0
PJME_conventional_hydroelectric_1_inlet,296,134.51479118251197,0
PJME_conventional_hydroelectric_1_inlet,297,134.51479118251197,0
PJME_conventional_hydroelectric_1_inlet,298,134.51479118251197,0
PJME_conventional_hydroelectric_1_inlet,299,134.51479118251197,0
PJME_conventional_hydroelectric_1_inlet,300,134.51479118251197,0
PJME_conventional_hydroelectric_1_inlet,301,134.51479118251197,0
PJME_conventional_hydroelectric_1_inlet,302,134.51479118251197,0
PJME_conventional_hydroelectric_1_inlet,303,134.51479118251197,0
PJME_conventional_hydroelectric_1_inlet,304,134.51479118251197,0
PJME_conventional_hydroelectric_1_inlet,305,134.51479118251197,0
PJME_conventional_hydroelectric_1_inlet,306,134.51479118251197,0
PJME_conventional_hydroelectric_1_inlet,307,134.51479118251197,0
PJME_conventional_hydroelectric_1_inlet,308,134.51479118251197,0
PJME_conventional_hydroelectric_1_inlet,309,134.51479118251197,0
PJME_conventional_hydroelectric_1_inlet,310,134.51479118251197,0
PJME_conventional_hydroelectric_1_inlet,311,134.51479118251197,0
PJME_conventional_hydroelectric_1_inlet,312,134.51479118251197,0
PJME_conventional_hydroelectric_1_inlet,313,144.872051100192,0
PJME_conventional_hydroelectric_1_inlet,314,144.995870328192,0
PJME_conventional_hydroelectric_1_inlet,315,145.136485270296,0
PJME_conventional_hydroelectric_1_inlet,316,145.260304498296,0
PJME_conventional_hydroelectric_1_inlet,317,145.4009194404,0
PJME_conventional_hydroelectric_1_inlet,318,145.5247386684,0
PJME_conventional_hydroelectric_1_inlet,319,145.665353610504,0
PJME_conventional_hydroelectric_1_inlet,320,145.809901633968,0
PJME_conventional_hydroelectric_1_inlet,321,145.95051657607198,0
PJME_conventional_hydroelectric_1_inlet,322,146.07433580407198,0
PJME_conventional_hydroelectric_1_inlet,323,146.301245464608,0
PJME_conventional_hydroelectric_1_inlet,324,146.42506469260798,0
PJME_conventional_hydroelectric_1_inlet,325,146.56567963471198,0
PJME_conventional_hydroelectric_1_inlet,326,146.710227658176,0
PJME_conventional_hydroelectric_1_inlet,327,146.85084260028,0
PJME_conventional_hydroelectric_1_inlet,328,146.97466182827998,0
PJME_conventional_hydroelectric_1_inlet,329,147.11527677038399,0
PJME_conventional_hydroelectric_1_inlet,330,147.23909599838402,0
PJME_conventional_hydroelectric_1_inlet,331,147.37971094048797,0
PJME_conventional_hydroelectric_1_inlet,332,147.503530168488,0
PJME_conventional_hydroelectric_1_inlet,333,147.664873906056,0
PJME_conventional_hydroelectric_1_inlet,334,147.80548884816,0
PJME_conventional_hydroelectric_1_inlet,335,147.92930807616,0
PJME_conventional_hydroelectric_1_inlet,336,148.069923018264,0
PJME_conventional_hydroelectric_1_inlet,337,168.51607560215996,0
PJME_conventional_hydroelectric_1_inlet,338,168.63989483015996,0
PJME_conventional_hydroelectric_1_inlet,339,168.780509772264,0
PJME_conventional_hydroelectric_1_inlet,340,168.92505779572798,0
PJME_conventional_hydroelectric_1_inlet,341,169.065672737832,0
PJME_conventional_hydroelectric_1_inlet,342,169.18949196583202,0
PJME_conventional_hydroelectric_1_inlet,343,169.33010690793603,0
PJME_conventional_hydroelectric_1_inlet,344,169.557016568472,0
PJME_conventional_hydroelectric_1_inlet,345,169.680835796472,0
PJME_conventional_hydroelectric_1_inlet,346,169.84217953403999,0
PJME_conventional_hydroelectric_1_inlet,347,169.96599876204002,0
PJME_conventional_hydroelectric_1_inlet,348,170.10661370414402,0
PJME_conventional_hydroelectric_1_inlet,349,170.23043293214403,0
PJME_conventional_hydroelectric_1_inlet,350,170.37104787424803,0
PJME_conventional_hydroelectric_1_inlet,351,170.494867102248,0
PJME_conventional_hydroelectric_1_inlet,352,170.635482044352,0
PJME_conventional_hydroelectric_1_inlet,353,170.780030067816,0
PJME_conventional_hydroelectric_1_inlet,354,170.92064500992,0
PJME_conventional_hydroelectric_1_inlet,355,171.04446423791998,0
PJME_conventional_hydroelectric_1_inlet,356,171.18507918002396,0
PJME_conventional_hydroelectric_1_inlet,357,171.30889840802402,0
PJME_conventional_hydroelectric_1_inlet,358,171.449513350128,0
PJME_conventional_hydroelectric_1_inlet,359,171.59406137359196,0
PJME_conventional_hydroelectric_1_inlet,360,171.820971034128,0
PJME_conventional_hydroelectric_1_inlet,361,178.90080882148797,0
PJME_conventional_hydroelectric_1_inlet,362,178.884013107384,0
PJME_conventional_hydroelectric_1_inlet,363,178.86721739328001,0
PJME_conventional_hydroelectric_1_inlet,364,178.764126960744,0
PJME_conventional_hydroelectric_1_inlet,365,178.726602451176,0
PJME_conventional_hydroelectric_1_inlet,366,178.70980673707197,0
PJME_conventional_hydroelectric_1_inlet,367,178.606716304536,0
PJME_conventional_hydroelectric_1_inlet,368,178.569191794968,0
PJME_conventional_hydroelectric_1_inlet,369,178.552396080864,0
PJME_conventional_hydroelectric_1_inlet,370,178.53560036676,0
PJME_conventional_hydroelectric_1_inlet,371,178.43250993422402,0
PJME_conventional_hydroelectric_1_inlet,372,178.39498542465594,0
PJME_conventional_hydroelectric_1_inlet,373,178.37818971055196,0
PJME_conventional_hydroelectric_1_inlet,374,178.27509927801603,0
PJME_conventional_hydroelectric_1_inlet,375,178.23757476844798,0
PJME_conventional_hydroelectric_1_inlet,376,178.220779054344,0
PJME_conventional_hydroelectric_1_inlet,377,178.20398334023997,0
PJME_conventional_hydroelectric_1_inlet,378,178.100892907704,0
PJME_conventional_hydroelectric_1_inlet,379,178.063368398136,0
PJME_conventional_hydroelectric_1_inlet,380,178.046572684032,0
PJME_conventional_hydroelectric_1_inlet,381,177.94348225149596,0
PJME_conventional_hydroelectric_1_inlet,382,177.905957741928,0
PJME_conventional_hydroelectric_1_inlet,383,177.88916202782403,0
PJME_conventional_hydroelectric_1_inlet,384,177.87236631371997,0
PJME_conventional_hydroelectric_1_inlet,385,172.09426192077598,0
PJME_conventional_hydroelectric_1_inlet,386,171.99117148824,0
PJME_conventional_hydroelectric_1_inlet,387,171.95364697867197,0
PJME_conventional_hydroelectric_1_inlet,388,171.936851264568,0
PJME_conventional_hydroelectric_1_inlet,389,171.833760832032,0
PJME_conventional_hydroelectric_1_inlet,390,171.79623632246398,0
PJME_conventional_hydroelectric_1_inlet,391,171.77944060835998,0
PJME_conventional_hydroelectric_1_inlet,392,171.762644894256,0
PJME_conventional_hydroelectric_1_inlet,393,171.67635017582398,0
PJME_conventional_hydroelectric_1_inlet,394,171.63882566625603,0
PJME_conventional_hydroelectric_1_inlet,395,171.622029952152,0
PJME_conventional_hydroelectric_1_inlet,396,171.51893951961597,0
PJME_conventional_hydroelectric_1_inlet,397,171.48141501004798,0
PJME_conventional_hydroelectric_1_inlet,398,171.464619295944,0
PJME_conventional_hydroelectric_1_inlet,399,171.44782358183994,0
PJME_conventional_hydroelectric_1_inlet,400,171.344733149304,0
PJME_conventional_hydroelectric_1_inlet,401,171.307208639736,0
PJME_conventional_hydroelectric_1_inlet,402,171.29041292563198,0
PJME_conventional_hydroelectric_1_inlet,403,171.187322493096,0
PJME_conventional_hydroelectric_1_inlet,404,171.14979798352798,0
PJME_conventional_hydroelectric_1_inlet,405,171.133002269424,0
PJME_conventional_hydroelectric_1_inlet,406,171.02991183688798,0
PJME_conventional_hydroelectric_1_inlet,407,171.01311612278397,0
PJME_conventional_hydroelectric_1_inlet,408,170.97559161321598,0
PJME_conventional_hydroelectric_1_inlet,409,169.52923736049598,0
PJME_conventional_hydroelectric_1_inlet,410,169.52923736049598,0
PJME_conventional_hydroelectric_1_inlet,411,169.52923736049598,0
PJME_conventional_hydroelectric_1_inlet,412,169.52923736049598,0
PJME_conventional_hydroelectric_1_inlet,413,169.52923736049598,0
PJME_conventional_hydroelectric_1_inlet,414,169.52923736049598,0
PJME_conventional_hydroelectric_1_inlet,415,169.52923736049598,0
PJME_conventional_hydroelectric_1_inlet,416,169.52923736049598,0
PJME_conventional_hydroelectric_1_inlet,417,169.52923736049598,0
PJME_conventional_hydroelectric_1_inlet,418,169.52923736049598,0
PJME_conventional_hydroelectric_1_inlet,419,169.52923736049598,0
PJME_conventional_hydroelectric_1_inlet,420,169.52923736049598,0
PJME_conventional_hydroelectric_1_inlet,421,169.52923736049598,0
PJME_conventional_hydroelectric_1_inlet,422,169.52923736049598,0
PJME_conventional_hydroelectric_1_inlet,423,169.52923736049598,0
PJME_conventional_hydroelectric_1_inlet,424,169.52923736049598,0
PJME_conventional_hydroelectric_1_inlet,425,169.52923736049598,0
PJME_conventional_hydroelectric_1_inlet,426,169.52923736049598,0
PJME_conventional_hydroelectric_1_inlet,427,169.52923736049598,0
PJME_conventional_hydroelectric_1_inlet,428,169.52923736049598,0
PJME_conventional_hydroelectric_1_inlet,429,169.52923736049598,0
PJME_conventional_hydroelectric_1_inlet,430,169.52923736049598,0
PJME_conventional_hydroelectric_1_inlet,431,169.52923736049598,0
PJME_conventional_hydroelectric_1_inlet,432,169.52923736049598,0
PJME_conventional_hydroelectric_1_inlet,433,260.73845748755997,0
PJME_conventional_hydroelectric_1_inlet,434,261.04041616723197,0
PJME_conventional_hydroelectric_1_inlet,435,261.34237484690397,0
PJME_conventional_hydroelectric_1_inlet,436,261.70989944954397,0
PJME_conventional_hydroelectric_1_inlet,437,262.01185812921597,0
PJME_conventional_hydroelectric_1_inlet,438,262.31381680888796,0
PJME_conventional_hydroelectric_1_inlet,439,262.681341411528,0
PJME_conventional_hydroelectric_1_inlet,440,262.96650437709593,0
PJME_conventional_hydroelectric_1_inlet,441,263.268463056768,0
PJME_conventional_hydroelectric_1_inlet,442,263.63598765940793,0
PJME_conventional_hydroelectric_1_inlet,443,263.93794633908,0
PJME_conventional_hydroelectric_1_inlet,444,264.239905018752,0
PJME_conventional_hydroelectric_1_inlet,445,264.607429621392,0
PJME_conventional_hydroelectric_1_inlet,446,264.909388301064,0
PJME_conventional_hydroelectric_1_inlet,447,265.211346980736,0
PJME_conventional_hydroelectric_1_inlet,448,265.578871583376,0
PJME_conventional_hydroelectric_1_inlet,449,265.88083026304804,0
PJME_conventional_hydroelectric_1_inlet,450,266.18278894272,0
PJME_conventional_hydroelectric_1_inlet,451,266.55031354536,0
PJME_conventional_hydroelectric_1_inlet,452,266.85227222503204,0
PJME_conventional_hydroelectric_1_inlet,453,267.13350210924,0
PJME_conventional_hydroelectric_1_inlet,454,267.521755507344,0
PJME_conventional_hydroelectric_1_inlet,455,267.823714187016,0
PJME_conventional_hydroelectric_1_inlet,456,268.10494407122394,0
PJME_conventional_hydroelectric_1_inlet,457,287.483396168592,0
PJME_conventional_hydroelectric_1_inlet,458,287.483396168592,0
PJME_conventional_hydroelectric_1_inlet,459,287.483396168592,0
PJME_conventional_hydroelectric_1_inlet,460,287.483396168592,0
PJME_conventional_hydroelectric_1_inlet,461,287.483396168592,0
PJME_conventional_hydroelectric_1_inlet,462,287.483396168592,0
PJME_conventional_hydroelectric_1_inlet,463,287.483396168592,0
PJME_conventional_hydroelectric_1_inlet,464,287.483396168592,0
PJME_conventional_hydroelectric_1_inlet,465,287.483396168592,0
PJME_conventional_hydroelectric_1_inlet,466,287.483396168592,0
PJME_conventional_hydroelectric_1_inlet,467,287.483396168592,0
PJME_conventional_hydroelectric_1_inlet,468,287.483396168592,0
PJME_conventional_hydroelectric_1_inlet,469,287.483396168592,0
PJME_conventional_hydroelectric_1_inlet,470,287.483396168592,0
PJME_conventional_hydroelectric_1_inlet,471,287.483396168592,0
PJME_conventional_hydroelectric_1_inlet,472,287.483396168592,0
PJME_conventional_hydroelectric_1_inlet,473,287.483396168592,0
PJME_conventional_hydroelectric_1_inlet,474,287.483396168592,0
PJME_conventional_hydroelectric_1_inlet,475,287.483396168592,0
PJME_conventional_hydroelectric_1_inlet,476,287.483396168592,0
PJME_conventional_hydroelectric_1_inlet,477,287.483396168592,0
PJME_conventional_hydroelectric_1_inlet,478,287.483396168592,0
PJME_conventional_hydroelectric_1_inlet,479,287.483396168592,0
PJME_conventional_hydroelectric_1_inlet,480,287.483396168592,0
PJME_conventional_hydroelectric_1_inlet,481,464.70077333315993,0
PJME_conventional_hydroelectric_1_inlet,482,464.70077333315993,0
PJME_conventional_hydroelectric_1_inlet,483,464.70077333315993,0
PJME_conventional_hydroelectric_1_inlet,484,464.70077333315993,0
PJME_conventional_hydroelectric_1_inlet,485,464.70077333315993,0
PJME_conventional_hydroelectric_1_inlet,486,464.70077333315993,0
PJME_conventional_hydroelectric_1_inlet,487,464.70077333315993,0
PJME_conventional_hydroelectric_1_inlet,488,464.70077333315993,0
PJME_conventional_hydroelectric_1_inlet,489,464.70077333315993,0
PJME_conventional_hydroelectric_1_inlet,490,464.70077333315993,0
PJME_conventional_hydroelectric_1_inlet,491,464.70077333315993,0
PJME_conventional_hydroelectric_1_inlet,492,464.70077333315993,0
PJME_conventional_hydroelectric_1_inlet,493,464.70077333315993,0
PJME_conventional_hydroelectric_1_inlet,494,464.70077333315993,0
PJME_conventional_hydroelectric_1_inlet,495,464.70077333315993,0
PJME_conventional_hydroelectric_1_inlet,496,464.70077333315993,0
PJME_conventional_hydroelectric_1_inlet,497,464.70077333315993,0
PJME_conventional_hydroelectric_1_inlet,498,464.70077333315993,0
PJME_conventional_hydroelectric_1_inlet,499,464.70077333315993,0
PJME_conventional_hydroelectric_1_inlet,500,464.70077333315993,0
PJME_conventional_hydroelectric_1_inlet,501,464.70077333315993,0
PJME_conventional_hydroelectric_1_inlet,502,464.70077333315993,0
PJME_conventional_hydroelectric_1_inlet,503,464.70077333315993,0
PJME_conventional_hydroelectric_1_inlet,504,464.70077333315993,0
PJME_conventional_hydroelectric_1_inlet,505,500.53013940196803,0
PJME_conventional_hydroelectric_1_inlet,506,500.7817109393279,0
PJME_conventional_hydroelectric_1_inlet,507,501.0293493953279,0
PJME_conventional_hydroelectric_1_inlet,508,501.28092093268805,0
PJME_conventional_hydroelectric_1_inlet,509,501.511763674584,0
PJME_conventional_hydroelectric_1_inlet,510,501.78013092604795,0
PJME_conventional_hydroelectric_1_inlet,511,502.097268386376,0
PJME_conventional_hydroelectric_1_inlet,512,502.3281111282719,0
PJME_conventional_hydroelectric_1_inlet,513,502.59647837973597,0
PJME_conventional_hydroelectric_1_inlet,514,502.827321121632,0
PJME_conventional_hydroelectric_1_inlet,515,503.07889265899195,0
PJME_conventional_hydroelectric_1_inlet,516,503.32653111499195,0
PJME_conventional_hydroelectric_1_inlet,517,503.57810265235196,0
PJME_conventional_hydroelectric_1_inlet,518,503.89524011267997,0
PJME_conventional_hydroelectric_1_inlet,519,504.1636073641439,0
PJME_conventional_hydroelectric_1_inlet,520,504.3944501060399,0
PJME_conventional_hydroelectric_1_inlet,521,504.62529284793595,0
PJME_conventional_hydroelectric_1_inlet,522,504.8936600994,0
PJME_conventional_hydroelectric_1_inlet,523,505.124502841296,0
PJME_conventional_hydroelectric_1_inlet,524,505.3760743786559,0
PJME_conventional_hydroelectric_1_inlet,525,505.7100075530879,0
PJME_conventional_hydroelectric_1_inlet,526,505.96157909044797,0
PJME_conventional_hydroelectric_1_inlet,527,506.19242183234405,0
PJME_conventional_hydroelectric_1_inlet,528,506.44006028834394,0
PJME_conventional_hydroelectric_1_inlet,529,559.0254309063841,0
PJME_conventional_hydroelectric_1_inlet,530,559.0254309063841,0
PJME_conventional_hydroelectric_1_inlet,531,559.0254309063841,0
PJME_conventional_hydroelectric_1_inlet,532,559.0254309063841,0
PJME_conventional_hydroelectric_1_inlet,533,559.0254309063841,0
PJME_conventional_hydroelectric_1_inlet,534,559.0254309063841,0
PJME_conventional_hydroelectric_1_inlet,535,559.0254309063841,0
PJME_conventional_hydroelectric_1_inlet,536,559.0254309063841,0
PJME_conventional_hydroelectric_1_inlet,537,559.0254309063841,0
PJME_conventional_hydroelectric_1_inlet,538,559.0254309063841,0
PJME_conventional_hydroelectric_1_inlet,539,559.0254309063841,0
PJME_conventional_hydroelectric_1_inlet,540,559.0254309063841,0
PJME_conventional_hydroelectric_1_inlet,541,559.0254309063841,0
PJME_conventional_hydroelectric_1_inlet,542,559.0254309063841,0
PJME_conventional_hydroelectric_1_inlet,543,559.0254309063841,0
PJME_conventional_hydroelectric_1_inlet,544,559.0254309063841,0
PJME_conventional_hydroelectric_1_inlet,545,559.0254309063841,0
PJME_conventional_hydroelectric_1_inlet,546,559.0254309063841,0
PJME_conventional_hydroelectric_1_inlet,547,559.0254309063841,0
PJME_conventional_hydroelectric_1_inlet,548,559.0254309063841,0
PJME_conventional_hydroelectric_1_inlet,549,559.0254309063841,0
PJME_conventional_hydroelectric_1_inlet,550,559.0254309063841,0
PJME_conventional_hydroelectric_1_inlet,551,559.0254309063841,0
PJME_conventional_hydroelectric_1_inlet,552,559.0254309063841,0
PJME_conventional_hydroelectric_1_inlet,553,591.566260248288,0
PJME_conventional_hydroelectric_1_inlet,554,591.90805958544,0
PJME_conventional_hydroelectric_1_inlet,555,592.212334413024,0
PJME_conventional_hydroelectric_1_inlet,556,592.554133750176,0
PJME_conventional_hydroelectric_1_inlet,557,592.875204291864,0
PJME_conventional_hydroelectric_1_inlet,558,593.217003629016,0
PJME_conventional_hydroelectric_1_inlet,559,593.5380741707039,0
PJME_conventional_hydroelectric_1_inlet,560,593.8630777937519,0
PJME_conventional_hydroelectric_1_inlet,561,594.204877130904,0
PJME_conventional_hydroelectric_1_inlet,562,594.5259476725919,0
PJME_conventional_hydroelectric_1_inlet,563,594.867747009744,0
PJME_conventional_hydroelectric_1_inlet,564,595.1888175514318,0
PJME_conventional_hydroelectric_1_inlet,565,595.51382117448,0
PJME_conventional_hydroelectric_1_inlet,566,595.8556205116321,0
PJME_conventional_hydroelectric_1_inlet,567,596.17669105332,0
PJME_conventional_hydroelectric_1_inlet,568,596.518490390472,0
PJME_conventional_hydroelectric_1_inlet,569,596.8395609321599,0
PJME_conventional_hydroelectric_1_inlet,570,597.267654987744,0
PJME_conventional_hydroelectric_1_inlet,571,597.592658610792,0
PJME_conventional_hydroelectric_1_inlet,572,597.91372915248,0
PJME_conventional_hydroelectric_1_inlet,573,598.255528489632,0
PJME_conventional_hydroelectric_1_inlet,574,598.5765990313199,0
PJME_conventional_hydroelectric_1_inlet,575,598.918398368472,0
PJME_conventional_hydroelectric_1_inlet,576,599.24340199152,0
PJMW_conventional_hydroelectric_1_inlet,1,301.44018212121443,0
PJMW_conventional_hydroelectric_1_inlet,2,301.7001496423911,0
PJMW_conventional_hydroelectric_1_inlet,3,301.9690604343202,0
PJMW_conventional_hydroelectric_1_inlet,4,302.22902795549686,0
PJMW_conventional_hydroelectric_1_inlet,5,302.48868914199505,0
PJMW_conventional_hydroelectric_1_inlet,6,302.7486566631718,0
PJMW_conventional_hydroelectric_1_inlet,7,303.0086241843485,0
PJMW_conventional_hydroelectric_1_inlet,8,303.3495917000942,0
PJMW_conventional_hydroelectric_1_inlet,9,303.60925288659246,0
PJMW_conventional_hydroelectric_1_inlet,10,303.86922040776915,0
PJMW_conventional_hydroelectric_1_inlet,11,304.1291879289459,0
PJMW_conventional_hydroelectric_1_inlet,12,304.3891554501226,0
PJMW_conventional_hydroelectric_1_inlet,13,304.6488166366208,0
PJMW_conventional_hydroelectric_1_inlet,14,304.90878415779747,0
PJMW_conventional_hydroelectric_1_inlet,15,305.16875167897416,0
PJMW_conventional_hydroelectric_1_inlet,16,305.50971919471993,0
PJMW_conventional_hydroelectric_1_inlet,17,305.7696867158967,0
PJMW_conventional_hydroelectric_1_inlet,18,306.0293479023949,0
PJMW_conventional_hydroelectric_1_inlet,19,306.28931542357157,0
PJMW_conventional_hydroelectric_1_inlet,20,306.54928294474826,0
PJMW_conventional_hydroelectric_1_inlet,21,306.80925046592495,0
PJMW_conventional_hydroelectric_1_inlet,22,307.0689116524232,0
PJMW_conventional_hydroelectric_1_inlet,23,307.409879168169,0
PJMW_conventional_hydroelectric_1_inlet,24,307.6698466893456,0
PJMW_conventional_hydroelectric_1_inlet,25,332.88761524752033,0
PJMW_conventional_hydroelectric_1_inlet,26,332.8170901970959,0
PJMW_conventional_hydroelectric_1_inlet,27,332.82756514124077,0
PJMW_conventional_hydroelectric_1_inlet,28,332.757346425495,0
PJMW_conventional_hydroelectric_1_inlet,29,332.7588780988874,0
PJMW_conventional_hydroelectric_1_inlet,30,332.6886593831416,0
PJMW_conventional_hydroelectric_1_inlet,31,332.6991343272865,0
PJMW_conventional_hydroelectric_1_inlet,32,332.7009723353574,0
PJMW_conventional_hydroelectric_1_inlet,33,332.63044728493304,0
PJMW_conventional_hydroelectric_1_inlet,34,332.6412285637564,0
PJMW_conventional_hydroelectric_1_inlet,35,332.5707035133321,0
PJMW_conventional_hydroelectric_1_inlet,36,332.5722351867245,0
PJMW_conventional_hydroelectric_1_inlet,37,332.5020164709787,0
PJMW_conventional_hydroelectric_1_inlet,38,332.5124914151235,0
PJMW_conventional_hydroelectric_1_inlet,39,332.43332942862526,0
PJMW_conventional_hydroelectric_1_inlet,40,332.4438043727701,0
PJMW_conventional_hydroelectric_1_inlet,41,332.3735856570243,0
PJMW_conventional_hydroelectric_1_inlet,42,332.3840606011692,0
PJMW_conventional_hydroelectric_1_inlet,43,332.3858986092401,0
PJMW_conventional_hydroelectric_1_inlet,44,332.3153735588158,0
PJMW_conventional_hydroelectric_1_inlet,45,332.3258485029606,0
PJMW_conventional_hydroelectric_1_inlet,46,332.2466865164624,0
PJMW_conventional_hydroelectric_1_inlet,47,332.2571614606072,0
PJMW_conventional_hydroelectric_1_inlet,48,332.18694274486137,0
PJMW_conventional_hydroelectric_1_inlet,49,326.75734777326045,0
PJMW_conventional_hydroelectric_1_inlet,50,326.75734777326045,0
PJMW_conventional_hydroelectric_1_inlet,51,326.75734777326045,0
PJMW_conventional_hydroelectric_1_inlet,52,326.75734777326045,0
PJMW_conventional_hydroelectric_1_inlet,53,326.75734777326045,0
PJMW_conventional_hydroelectric_1_inlet,54,326.75734777326045,0
PJMW_conventional_hydroelectric_1_inlet,55,326.75734777326045,0
PJMW_conventional_hydroelectric_1_inlet,56,326.75734777326045,0
PJMW_conventional_hydroelectric_1_inlet,57,326.75734777326045,0
PJMW_conventional_hydroelectric_1_inlet,58,326.75734777326045,0
PJMW_conventional_hydroelectric_1_inlet,59,326.75734777326045,0
PJMW_conventional_hydroelectric_1_inlet,60,326.75734777326045,0
PJMW_conventional_hydroelectric_1_inlet,61,326.75734777326045,0
PJMW_conventional_hydroelectric_1_inlet,62,326.75734777326045,0
PJMW_conventional_hydroelectric_1_inlet,63,326.75734777326045,0
PJMW_conventional_hydroelectric_1_inlet,64,326.75734777326045,0
PJMW_conventional_hydroelectric_1_inlet,65,326.75734777326045,0
PJMW_conventional_hydroelectric_1_inlet,66,326.75734777326045,0
PJMW_conventional_hydroelectric_1_inlet,67,326.75734777326045,0
PJMW_conventional_hydroelectric_1_inlet,68,326.75734777326045,0
PJMW_conventional_hydroelectric_1_inlet,69,326.75734777326045,0
PJMW_conventional_hydroelectric_1_inlet,70,326.75734777326045,0
PJMW_conventional_hydroelectric_1_inlet,71,326.75734777326045,0
PJMW_conventional_hydroelectric_1_inlet,72,326.75734777326045,0
PJMW_conventional_hydroelectric_1_inlet,73,326.75734777326045,0
PJMW_conventional_hydroelectric_1_inlet,74,326.75734777326045,0
PJMW_conventional_hydroelectric_1_inlet,75,326.75734777326045,0
PJMW_conventional_hydroelectric_1_inlet,76,326.75734777326045,0
PJMW_conventional_hydroelectric_1_inlet,77,326.75734777326045,0
PJMW_conventional_hydroelectric_1_inlet,78,326.75734777326045,0
PJMW_conventional_hydroelectric_1_inlet,79,326.75734777326045,0
PJMW_conventional_hydroelectric_1_inlet,80,326.75734777326045,0
PJMW_conventional_hydroelectric_1_inlet,81,326.75734777326045,0
PJMW_conventional_hydroelectric_1_inlet,82,326.75734777326045,0
PJMW_conventional_hydroelectric_1_inlet,83,326.75734777326045,0
PJMW_conventional_hydroelectric_1_inlet,84,326.75734777326045,0
PJMW_conventional_hydroelectric_1_inlet,85,326.75734777326045,0
PJMW_conventional_hydroelectric_1_inlet,86,326.75734777326045,0
PJMW_conventional_hydroelectric_1_inlet,87,326.75734777326045,0
PJMW_conventional_hydroelectric_1_inlet,88,326.75734777326045,0
PJMW_conventional_hydroelectric_1_inlet,89,326.75734777326045,0
PJMW_conventional_hydroelectric_1_inlet,90,326.75734777326045,0
PJMW_conventional_hydroelectric_1_inlet,91,326.75734777326045,0
PJMW_conventional_hydroelectric_1_inlet,92,326.75734777326045,0
PJMW_conventional_hydroelectric_1_inlet,93,326.75734777326045,0
PJMW_conventional_hydroelectric_1_inlet,94,326.75734777326045,0
PJMW_conventional_hydroelectric_1_inlet,95,326.75734777326045,0
PJMW_conventional_hydroelectric_1_inlet,96,326.75734777326045,0
PJMW_conventional_hydroelectric_1_inlet,97,365.9595156459363,0
PJMW_conventional_hydroelectric_1_inlet,98,366.11998396168207,0
PJMW_conventional_hydroelectric_1_inlet,99,366.271202671997,0
PJMW_conventional_hydroelectric_1_inlet,100,366.35067099317365,0
PJMW_conventional_hydroelectric_1_inlet,101,366.51083297424094,0
PJMW_conventional_hydroelectric_1_inlet,102,366.6713012899868,0
PJMW_conventional_hydroelectric_1_inlet,103,366.75046327648505,0
PJMW_conventional_hydroelectric_1_inlet,104,366.9109315922308,0
PJMW_conventional_hydroelectric_1_inlet,105,367.0713999079766,0
PJMW_conventional_hydroelectric_1_inlet,106,367.14161862372237,0
PJMW_conventional_hydroelectric_1_inlet,107,367.30208693946827,0
PJMW_conventional_hydroelectric_1_inlet,108,367.3812489259664,0
PJMW_conventional_hydroelectric_1_inlet,109,367.5417172417122,0
PJMW_conventional_hydroelectric_1_inlet,110,367.7021855574581,0
PJMW_conventional_hydroelectric_1_inlet,111,367.7813475439562,0
PJMW_conventional_hydroelectric_1_inlet,112,367.93287258894964,0
PJMW_conventional_hydroelectric_1_inlet,113,368.093034570017,0
PJMW_conventional_hydroelectric_1_inlet,114,368.17250289119363,0
PJMW_conventional_hydroelectric_1_inlet,115,368.33266487226103,0
PJMW_conventional_hydroelectric_1_inlet,116,368.4931331880068,0
PJMW_conventional_hydroelectric_1_inlet,117,368.5726015091835,0
PJMW_conventional_hydroelectric_1_inlet,118,368.73276349025076,0
PJMW_conventional_hydroelectric_1_inlet,119,368.88428853524425,0
PJMW_conventional_hydroelectric_1_inlet,120,368.9634505217424,0
PJMW_conventional_hydroelectric_1_inlet,121,373.6383049199321,0
PJMW_conventional_hydroelectric_1_inlet,122,373.6383049199321,0
PJMW_conventional_hydroelectric_1_inlet,123,373.6383049199321,0
PJMW_conventional_hydroelectric_1_inlet,124,373.6383049199321,0
PJMW_conventional_hydroelectric_1_inlet,125,373.6383049199321,0
PJMW_conventional_hydroelectric_1_inlet,126,373.6383049199321,0
PJMW_conventional_hydroelectric_1_inlet,127,373.6383049199321,0
PJMW_conventional_hydroelectric_1_inlet,128,373.6383049199321,0
PJMW_conventional_hydroelectric_1_inlet,129,373.6383049199321,0
PJMW_conventional_hydroelectric_1_inlet,130,373.6383049199321,0
PJMW_conventional_hydroelectric_1_inlet,131,373.6383049199321,0
PJMW_conventional_hydroelectric_1_inlet,132,373.6383049199321,0
PJMW_conventional_hydroelectric_1_inlet,133,373.6383049199321,0
PJMW_conventional_hydroelectric_1_inlet,134,373.6383049199321,0
PJMW_conventional_hydroelectric_1_inlet,135,373.6383049199321,0
PJMW_conventional_hydroelectric_1_inlet,136,373.6383049199321,0
PJMW_conventional_hydroelectric_1_inlet,137,373.6383049199321,0
PJMW_conventional_hydroelectric_1_inlet,138,373.6383049199321,0
PJMW_conventional_hydroelectric_1_inlet,139,373.6383049199321,0
PJMW_conventional_hydroelectric_1_inlet,140,373.6383049199321,0
PJMW_conventional_hydroelectric_1_inlet,141,373.6383049199321,0
PJMW_conventional_hydroelectric_1_inlet,142,373.6383049199321,0
PJMW_conventional_hydroelectric_1_inlet,143,373.6383049199321,0
PJMW_conventional_hydroelectric_1_inlet,144,373.6383049199321,0
PJMW_conventional_hydroelectric_1_inlet,145,351.15851317156324,0
PJMW_conventional_hydroelectric_1_inlet,146,351.0537467115218,0
PJMW_conventional_hydroelectric_1_inlet,147,351.0299802460494,0
PJMW_conventional_hydroelectric_1_inlet,148,350.92521378600793,0
PJMW_conventional_hydroelectric_1_inlet,149,350.8204473259664,0
PJMW_conventional_hydroelectric_1_inlet,150,350.715680865925,0
PJMW_conventional_hydroelectric_1_inlet,151,350.6109144058835,0
PJMW_conventional_hydroelectric_1_inlet,152,350.506147945842,0
PJMW_conventional_hydroelectric_1_inlet,153,350.4013814858005,0
PJMW_conventional_hydroelectric_1_inlet,154,350.37761502032816,0
PJMW_conventional_hydroelectric_1_inlet,155,350.27284856028666,0
PJMW_conventional_hydroelectric_1_inlet,156,350.1680821002452,0
PJMW_conventional_hydroelectric_1_inlet,157,350.06331564020365,0
PJMW_conventional_hydroelectric_1_inlet,158,349.95854918016215,0
PJMW_conventional_hydroelectric_1_inlet,159,349.8537827201207,0
PJMW_conventional_hydroelectric_1_inlet,160,349.74901626007915,0
PJMW_conventional_hydroelectric_1_inlet,161,349.64394346535926,0
PJMW_conventional_hydroelectric_1_inlet,162,349.62017699988684,0
PJMW_conventional_hydroelectric_1_inlet,163,349.51541053984545,0
PJMW_conventional_hydroelectric_1_inlet,164,349.41064407980383,0
PJMW_conventional_hydroelectric_1_inlet,165,349.3058776197624,0
PJMW_conventional_hydroelectric_1_inlet,166,349.2100544304733,0
PJMW_conventional_hydroelectric_1_inlet,167,349.10528797043185,0
PJMW_conventional_hydroelectric_1_inlet,168,349.0005215103904,0
PJMW_conventional_hydroelectric_1_inlet,169,339.48319658910054,0
PJMW_conventional_hydroelectric_1_inlet,170,339.48319658910054,0
PJMW_conventional_hydroelectric_1_inlet,171,339.48319658910054,0
PJMW_conventional_hydroelectric_1_inlet,172,339.48319658910054,0
PJMW_conventional_hydroelectric_1_inlet,173,339.48319658910054,0
PJMW_conventional_hydroelectric_1_inlet,174,339.48319658910054,0
PJMW_conventional_hydroelectric_1_inlet,175,339.48319658910054,0
PJMW_conventional_hydroelectric_1_inlet,176,339.48319658910054,0
PJMW_conventional_hydroelectric_1_inlet,177,339.48319658910054,0
PJMW_conventional_hydroelectric_1_inlet,178,339.48319658910054,0
PJMW_conventional_hydroelectric_1_inlet,179,339.48319658910054,0
PJMW_conventional_hydroelectric_1_inlet,180,339.48319658910054,0
PJMW_conventional_hydroelectric_1_inlet,181,339.48319658910054,0
PJMW_conventional_hydroelectric_1_inlet,182,339.48319658910054,0
PJMW_conventional_hydroelectric_1_inlet,183,339.48319658910054,0
PJMW_conventional_hydroelectric_1_inlet,184,339.48319658910054,0
PJMW_conventional_hydroelectric_1_inlet,185,339.48319658910054,0
PJMW_conventional_hydroelectric_1_inlet,186,339.48319658910054,0
PJMW_conventional_hydroelectric_1_inlet,187,339.48319658910054,0
PJMW_conventional_hydroelectric_1_inlet,188,339.48319658910054,0
PJMW_conventional_hydroelectric_1_inlet,189,339.48319658910054,0
PJMW_conventional_hydroelectric_1_inlet,190,339.48319658910054,0
PJMW_conventional_hydroelectric_1_inlet,191,339.48319658910054,0
PJMW_conventional_hydroelectric_1_inlet,192,339.48319658910054,0
PJMW_conventional_hydroelectric_1_inlet,193,387.31552713558364,0
PJMW_conventional_hydroelectric_1_inlet,194,387.31552713558364,0
PJMW_conventional_hydroelectric_1_inlet,195,387.31552713558364,0
PJMW_conventional_hydroelectric_1_inlet,196,387.31552713558364,0
PJMW_conventional_hydroelectric_1_inlet,197,387.31552713558364,0
PJMW_conventional_hydroelectric_1_inlet,198,387.31552713558364,0
PJMW_conventional_hydroelectric_1_inlet,199,387.31552713558364,0
PJMW_conventional_hydroelectric_1_inlet,200,387.31552713558364,0
PJMW_conventional_hydroelectric_1_inlet,201,387.31552713558364,0
PJMW_conventional_hydroelectric_1_inlet,202,387.31552713558364,0
PJMW_conventional_hydroelectric_1_inlet,203,387.31552713558364,0
PJMW_conventional_hydroelectric_1_inlet,204,387.31552713558364,0
PJMW_conventional_hydroelectric_1_inlet,205,387.31552713558364,0
PJMW_conventional_hydroelectric_1_inlet,206,387.31552713558364,0
PJMW_conventional_hydroelectric_1_inlet,207,387.31552713558364,0
PJMW_conventional_hydroelectric_1_inlet,208,387.31552713558364,0
PJMW_conventional_hydroelectric_1_inlet,209,387.31552713558364,0
PJMW_conventional_hydroelectric_1_inlet,210,387.31552713558364,0
PJMW_conventional_hydroelectric_1_inlet,211,387.31552713558364,0
PJMW_conventional_hydroelectric_1_inlet,212,387.31552713558364,0
PJMW_conventional_hydroelectric_1_inlet,213,387.31552713558364,0
PJMW_conventional_hydroelectric_1_inlet,214,387.31552713558364,0
PJMW_conventional_hydroelectric_1_inlet,215,387.31552713558364,0
PJMW_conventional_hydroelectric_1_inlet,216,387.31552713558364,0
PJMW_conventional_hydroelectric_1_inlet,217,317.2346705043937,0
PJMW_conventional_hydroelectric_1_inlet,218,316.7682929749953,0
PJMW_conventional_hydroelectric_1_inlet,219,316.22091545102774,0
PJMW_conventional_hydroelectric_1_inlet,220,315.74559465087685,0
PJMW_conventional_hydroelectric_1_inlet,221,315.27921712147844,0
PJMW_conventional_hydroelectric_1_inlet,222,314.81283959207997,0
PJMW_conventional_hydroelectric_1_inlet,223,314.3375187919291,0
PJMW_conventional_hydroelectric_1_inlet,224,313.87114126253067,0
PJMW_conventional_hydroelectric_1_inlet,225,313.32376373856306,0
PJMW_conventional_hydroelectric_1_inlet,226,312.84844293841223,0
PJMW_conventional_hydroelectric_1_inlet,227,312.38206540901376,0
PJMW_conventional_hydroelectric_1_inlet,228,311.91538154493685,0
PJMW_conventional_hydroelectric_1_inlet,229,311.440060744786,0
PJMW_conventional_hydroelectric_1_inlet,230,310.89268322081847,0
PJMW_conventional_hydroelectric_1_inlet,231,310.42630569141994,0
PJMW_conventional_hydroelectric_1_inlet,232,309.9509848912691,0
PJMW_conventional_hydroelectric_1_inlet,233,309.48460736187064,0
PJMW_conventional_hydroelectric_1_inlet,234,309.0182298324722,0
PJMW_conventional_hydroelectric_1_inlet,235,308.5429090323214,0
PJMW_conventional_hydroelectric_1_inlet,236,307.99553150835374,0
PJMW_conventional_hydroelectric_1_inlet,237,307.52915397895526,0
PJMW_conventional_hydroelectric_1_inlet,238,307.0538331788045,0
PJMW_conventional_hydroelectric_1_inlet,239,306.587455649406,0
PJMW_conventional_hydroelectric_1_inlet,240,306.12107812000755,0
PJMW_conventional_hydroelectric_1_inlet,241,210.35031460742977,0
PJMW_conventional_hydroelectric_1_inlet,242,210.35031460742977,0
PJMW_conventional_hydroelectric_1_inlet,243,210.35031460742977,0
PJMW_conventional_hydroelectric_1_inlet,244,210.35031460742977,0
PJMW_conventional_hydroelectric_1_inlet,245,210.35031460742977,0
PJMW_conventional_hydroelectric_1_inlet,246,210.35031460742977,0
PJMW_conventional_hydroelectric_1_inlet,247,210.35031460742977,0
PJMW_conventional_hydroelectric_1_inlet,248,210.35031460742977,0
PJMW_conventional_hydroelectric_1_inlet,249,210.35031460742977,0
PJMW_conventional_hydroelectric_1_inlet,250,210.35031460742977,0
PJMW_conventional_hydroelectric_1_inlet,251,210.35031460742977,0
PJMW_conventional_hydroelectric_1_inlet,252,210.35031460742977,0
PJMW_conventional_hydroelectric_1_inlet,253,210.35031460742977,0
PJMW_conventional_hydroelectric_1_inlet,254,210.35031460742977,0
PJMW_conventional_hydroelectric_1_inlet,255,210.35031460742977,0
PJMW_conventional_hydroelectric_1_inlet,256,210.35031460742977,0
PJMW_conventional_hydroelectric_1_inlet,257,210.35031460742977,0
PJMW_conventional_hydroelectric_1_inlet,258,210.35031460742977,0
PJMW_conventional_hydroelectric_1_inlet,259,210.35031460742977,0
PJMW_conventional_hydroelectric_1_inlet,260,210.35031460742977,0
PJMW_conventional_hydroelectric_1_inlet,261,210.35031460742977,0
PJMW_conventional_hydroelectric_1_inlet,262,210.35031460742977,0
PJMW_conventional_hydroelectric_1_inlet,263,210.35031460742977,0
PJMW_conventional_hydroelectric_1_inlet,264,210.35031460742977,0
PJMW_conventional_hydroelectric_1_inlet,265,214.91729665231003,0
PJMW_conventional_hydroelectric_1_inlet,266,214.89046684005282,0
PJMW_conventional_hydroelectric_1_inlet,267,214.95388662779558,0
PJMW_conventional_hydroelectric_1_inlet,268,215.00805681010752,0
PJMW_conventional_hydroelectric_1_inlet,269,214.9812269978503,0
PJMW_conventional_hydroelectric_1_inlet,270,215.04464678559305,0
PJMW_conventional_hydroelectric_1_inlet,271,215.01781697333584,0
PJMW_conventional_hydroelectric_1_inlet,272,215.08093042640016,0
PJMW_conventional_hydroelectric_1_inlet,273,215.13540694339054,0
PJMW_conventional_hydroelectric_1_inlet,274,215.10857713113333,0
PJMW_conventional_hydroelectric_1_inlet,275,215.17169058419762,0
PJMW_conventional_hydroelectric_1_inlet,276,215.226167101188,0
PJMW_conventional_hydroelectric_1_inlet,277,215.1993372889308,0
PJMW_conventional_hydroelectric_1_inlet,278,215.26245074199508,0
PJMW_conventional_hydroelectric_1_inlet,279,215.23592726441635,0
PJMW_conventional_hydroelectric_1_inlet,280,215.2990407174807,0
PJMW_conventional_hydroelectric_1_inlet,281,215.35321089979257,0
PJMW_conventional_hydroelectric_1_inlet,282,215.32638108753537,0
PJMW_conventional_hydroelectric_1_inlet,283,215.38980087527815,0
PJMW_conventional_hydroelectric_1_inlet,284,215.44397105759003,0
PJMW_conventional_hydroelectric_1_inlet,285,215.42608451608524,0
PJMW_conventional_hydroelectric_1_inlet,286,215.4805610330756,0
PJMW_conventional_hydroelectric_1_inlet,287,215.45373122081838,0
PJMW_conventional_hydroelectric_1_inlet,288,215.5168446738827,0
PJMW_conventional_hydroelectric_1_inlet,289,220.4929111539883,0
PJMW_conventional_hydroelectric_1_inlet,290,220.4929111539883,0
PJMW_conventional_hydroelectric_1_inlet,291,220.4929111539883,0
PJMW_conventional_hydroelectric_1_inlet,292,220.4929111539883,0
PJMW_conventional_hydroelectric_1_inlet,293,220.4929111539883,0
PJMW_conventional_hydroelectric_1_inlet,294,220.4929111539883,0
PJMW_conventional_hydroelectric_1_inlet,295,220.4929111539883,0
PJMW_conventional_hydroelectric_1_inlet,296,220.4929111539883,0
PJMW_conventional_hydroelectric_1_inlet,297,220.4929111539883,0
PJMW_conventional_hydroelectric_1_inlet,298,220.4929111539883,0
PJMW_conventional_hydroelectric_1_inlet,299,220.4929111539883,0
PJMW_conventional_hydroelectric_1_inlet,300,220.4929111539883,0
PJMW_conventional_hydroelectric_1_inlet,301,220.4929111539883,0
PJMW_conventional_hydroelectric_1_inlet,302,220.4929111539883,0
PJMW_conventional_hydroelectric_1_inlet,303,220.4929111539883,0
PJMW_conventional_hydroelectric_1_inlet,304,220.4929111539883,0
PJMW_conventional_hydroelectric_1_inlet,305,220.4929111539883,0
PJMW_conventional_hydroelectric_1_inlet,306,220.4929111539883,0
PJMW_conventional_hydroelectric_1_inlet,307,220.4929111539883,0
PJMW_conventional_hydroelectric_1_inlet,308,220.4929111539883,0
PJMW_conventional_hydroelectric_1_inlet,309,220.4929111539883,0
PJMW_conventional_hydroelectric_1_inlet,310,220.4929111539883,0
PJMW_conventional_hydroelectric_1_inlet,311,220.4929111539883,0
PJMW_conventional_hydroelectric_1_inlet,312,220.4929111539883,0
PJMW_conventional_hydroelectric_1_inlet,313,218.68056712170468,0
PJMW_conventional_hydroelectric_1_inlet,314,218.6802607870262,0
PJMW_conventional_hydroelectric_1_inlet,315,218.5903175217047,0
PJMW_conventional_hydroelectric_1_inlet,316,218.59001118702622,0
PJMW_conventional_hydroelectric_1_inlet,317,218.59001118702622,0
PJMW_conventional_hydroelectric_1_inlet,318,218.58970485234772,0
PJMW_conventional_hydroelectric_1_inlet,319,218.49945525234773,0
PJMW_conventional_hydroelectric_1_inlet,320,218.49945525234773,0
PJMW_conventional_hydroelectric_1_inlet,321,218.49914891766923,0
PJMW_conventional_hydroelectric_1_inlet,322,218.49020564691685,0
PJMW_conventional_hydroelectric_1_inlet,323,218.40889931766924,0
PJMW_conventional_hydroelectric_1_inlet,324,218.40859298299077,0
PJMW_conventional_hydroelectric_1_inlet,325,218.40859298299077,0
PJMW_conventional_hydroelectric_1_inlet,326,218.31834338299078,0
PJMW_conventional_hydroelectric_1_inlet,327,218.31834338299078,0
PJMW_conventional_hydroelectric_1_inlet,328,218.31803704831228,0
PJMW_conventional_hydroelectric_1_inlet,329,218.31773071363378,0
PJMW_conventional_hydroelectric_1_inlet,330,218.22778744831226,0
PJMW_conventional_hydroelectric_1_inlet,331,218.2274811136338,0
PJMW_conventional_hydroelectric_1_inlet,332,218.2274811136338,0
PJMW_conventional_hydroelectric_1_inlet,333,218.1372315136338,0
PJMW_conventional_hydroelectric_1_inlet,334,218.13692517895532,0
PJMW_conventional_hydroelectric_1_inlet,335,218.13692517895532,0
PJMW_conventional_hydroelectric_1_inlet,336,218.13661884427682,0
PJMW_conventional_hydroelectric_1_inlet,337,214.51193077970962,0
PJMW_conventional_hydroelectric_1_inlet,338,214.51193077970962,0
PJMW_conventional_hydroelectric_1_inlet,339,214.43062445046203,0
PJMW_conventional_hydroelectric_1_inlet,340,214.42137484503112,0
PJMW_conventional_hydroelectric_1_inlet,341,214.42137484503112,0
PJMW_conventional_hydroelectric_1_inlet,342,214.3400685157835,0
PJMW_conventional_hydroelectric_1_inlet,343,214.3308189103526,0
PJMW_conventional_hydroelectric_1_inlet,344,214.3308189103526,0
PJMW_conventional_hydroelectric_1_inlet,345,214.33051257567413,0
PJMW_conventional_hydroelectric_1_inlet,346,214.24951258110502,0
PJMW_conventional_hydroelectric_1_inlet,347,214.24026297567414,0
PJMW_conventional_hydroelectric_1_inlet,348,214.23995664099567,0
PJMW_conventional_hydroelectric_1_inlet,349,214.23995664099567,0
PJMW_conventional_hydroelectric_1_inlet,350,214.1586503117481,0
PJMW_conventional_hydroelectric_1_inlet,351,214.14970704099568,0
PJMW_conventional_hydroelectric_1_inlet,352,214.1494007063172,0
PJMW_conventional_hydroelectric_1_inlet,353,214.0680943770696,0
PJMW_conventional_hydroelectric_1_inlet,354,214.05915110631716,0
PJMW_conventional_hydroelectric_1_inlet,355,214.0588447716387,0
PJMW_conventional_hydroelectric_1_inlet,356,214.0588447716387,0
PJMW_conventional_hydroelectric_1_inlet,357,213.97753844239108,0
PJMW_conventional_hydroelectric_1_inlet,358,213.9682888369602,0
PJMW_conventional_hydroelectric_1_inlet,359,213.9682888369602,0
PJMW_conventional_hydroelectric_1_inlet,360,213.96798250228173,0
PJMW_conventional_hydroelectric_1_inlet,361,215.37646680746747,0
PJMW_conventional_hydroelectric_1_inlet,362,215.37646680746747,0
PJMW_conventional_hydroelectric_1_inlet,363,215.44882986596264,0
PJMW_conventional_hydroelectric_1_inlet,364,215.44882986596264,0
PJMW_conventional_hydroelectric_1_inlet,365,215.44882986596264,0
PJMW_conventional_hydroelectric_1_inlet,366,215.52088658977937,0
PJMW_conventional_hydroelectric_1_inlet,367,215.52088658977937,0
PJMW_conventional_hydroelectric_1_inlet,368,215.52119292445784,0
PJMW_conventional_hydroelectric_1_inlet,369,215.60219291902695,0
PJMW_conventional_hydroelectric_1_inlet,370,215.59324964827456,0
PJMW_conventional_hydroelectric_1_inlet,371,215.59324964827456,0
PJMW_conventional_hydroelectric_1_inlet,372,215.6742496428437,0
PJMW_conventional_hydroelectric_1_inlet,373,215.66561270676976,0
PJMW_conventional_hydroelectric_1_inlet,374,215.66561270676976,0
PJMW_conventional_hydroelectric_1_inlet,375,215.7466127013389,0
PJMW_conventional_hydroelectric_1_inlet,376,215.7466127013389,0
PJMW_conventional_hydroelectric_1_inlet,377,215.73797576526496,0
PJMW_conventional_hydroelectric_1_inlet,378,215.81897575983405,0
PJMW_conventional_hydroelectric_1_inlet,379,215.81897575983405,0
PJMW_conventional_hydroelectric_1_inlet,380,215.81003248908164,0
PJMW_conventional_hydroelectric_1_inlet,381,215.89103248365075,0
PJMW_conventional_hydroelectric_1_inlet,382,215.89133881832925,0
PJMW_conventional_hydroelectric_1_inlet,383,215.89133881832925,0
PJMW_conventional_hydroelectric_1_inlet,384,215.96339554214595,0
PJMW_conventional_hydroelectric_1_inlet,385,218.90728882096928,0
PJMW_conventional_hydroelectric_1_inlet,386,218.90728882096928,0
PJMW_conventional_hydroelectric_1_inlet,387,218.90759515564775,0
PJMW_conventional_hydroelectric_1_inlet,388,218.98859515021687,0
PJMW_conventional_hydroelectric_1_inlet,389,218.97965187946446,0
PJMW_conventional_hydroelectric_1_inlet,390,218.97965187946446,0
PJMW_conventional_hydroelectric_1_inlet,391,219.06065187403357,0
PJMW_conventional_hydroelectric_1_inlet,392,219.05201493795963,0
PJMW_conventional_hydroelectric_1_inlet,393,219.05201493795963,0
PJMW_conventional_hydroelectric_1_inlet,394,219.13301493252874,0
PJMW_conventional_hydroelectric_1_inlet,395,219.13301493252874,0
PJMW_conventional_hydroelectric_1_inlet,396,219.12437799645483,0
PJMW_conventional_hydroelectric_1_inlet,397,219.20537799102397,0
PJMW_conventional_hydroelectric_1_inlet,398,219.20537799102397,0
PJMW_conventional_hydroelectric_1_inlet,399,219.19643472027155,0
PJMW_conventional_hydroelectric_1_inlet,400,219.27743471484067,0
PJMW_conventional_hydroelectric_1_inlet,401,219.27774104951914,0
PJMW_conventional_hydroelectric_1_inlet,402,219.27774104951914,0
PJMW_conventional_hydroelectric_1_inlet,403,219.34979777333584,0
PJMW_conventional_hydroelectric_1_inlet,404,219.34979777333584,0
PJMW_conventional_hydroelectric_1_inlet,405,219.34979777333584,0
PJMW_conventional_hydroelectric_1_inlet,406,219.42216083183104,0
PJMW_conventional_hydroelectric_1_inlet,407,219.42216083183104,0
PJMW_conventional_hydroelectric_1_inlet,408,219.42216083183104,0
PJMW_conventional_hydroelectric_1_inlet,409,220.15381568349991,0
PJMW_conventional_hydroelectric_1_inlet,410,220.15381568349991,0
PJMW_conventional_hydroelectric_1_inlet,411,220.15381568349991,0
PJMW_conventional_hydroelectric_1_inlet,412,220.15381568349991,0
PJMW_conventional_hydroelectric_1_inlet,413,220.15381568349991,0
PJMW_conventional_hydroelectric_1_inlet,414,220.15381568349991,0
PJMW_conventional_hydroelectric_1_inlet,415,220.15381568349991,0
PJMW_conventional_hydroelectric_1_inlet,416,220.15381568349991,0
PJMW_conventional_hydroelectric_1_inlet,417,220.15381568349991,0
PJMW_conventional_hydroelectric_1_inlet,418,220.15381568349991,0
PJMW_conventional_hydroelectric_1_inlet,419,220.15381568349991,0
PJMW_conventional_hydroelectric_1_inlet,420,220.15381568349991,0
PJMW_conventional_hydroelectric_1_inlet,421,220.15381568349991,0
PJMW_conventional_hydroelectric_1_inlet,422,220.15381568349991,0
PJMW_conventional_hydroelectric_1_inlet,423,220.15381568349991,0
PJMW_conventional_hydroelectric_1_inlet,424,220.15381568349991,0
PJMW_conventional_hydroelectric_1_inlet,425,220.15381568349991,0
PJMW_conventional_hydroelectric_1_inlet,426,220.15381568349991,0
PJMW_conventional_hydroelectric_1_inlet,427,220.15381568349991,0
PJMW_conventional_hydroelectric_1_inlet,428,220.15381568349991,0
PJMW_conventional_hydroelectric_1_inlet,429,220.15381568349991,0
PJMW_conventional_hydroelectric_1_inlet,430,220.15381568349991,0
PJMW_conventional_hydroelectric_1_inlet,431,220.15381568349991,0
PJMW_conventional_hydroelectric_1_inlet,432,220.15381568349991,0
PJMW_conventional_hydroelectric_1_inlet,433,194.96900363115216,0
PJMW_conventional_hydroelectric_1_inlet,434,194.89694690733546,0
PJMW_conventional_hydroelectric_1_inlet,435,194.82489018351876,0
PJMW_conventional_hydroelectric_1_inlet,436,194.67183346513295,0
PJMW_conventional_hydroelectric_1_inlet,437,194.6090263467471,0
PJMW_conventional_hydroelectric_1_inlet,438,194.53696962293043,0
PJMW_conventional_hydroelectric_1_inlet,439,194.4649128991137,0
PJMW_conventional_hydroelectric_1_inlet,440,194.31185618072791,0
PJMW_conventional_hydroelectric_1_inlet,441,194.23979945691116,0
PJMW_conventional_hydroelectric_1_inlet,442,194.16774273309449,0
PJMW_conventional_hydroelectric_1_inlet,443,194.09599234395625,0
PJMW_conventional_hydroelectric_1_inlet,444,194.03287889089196,0
PJMW_conventional_hydroelectric_1_inlet,445,193.87982217250612,0
PJMW_conventional_hydroelectric_1_inlet,446,193.80776544868945,0
PJMW_conventional_hydroelectric_1_inlet,447,193.7357087248727,0
PJMW_conventional_hydroelectric_1_inlet,448,193.6639583357345,0
PJMW_conventional_hydroelectric_1_inlet,449,193.51090161734865,0
PJMW_conventional_hydroelectric_1_inlet,450,193.43884489353198,0
PJMW_conventional_hydroelectric_1_inlet,451,193.37573144046763,0
PJMW_conventional_hydroelectric_1_inlet,452,193.30367471665096,0
PJMW_conventional_hydroelectric_1_inlet,453,193.23161799283426,0
PJMW_conventional_hydroelectric_1_inlet,454,193.07886760912692,0
PJMW_conventional_hydroelectric_1_inlet,455,193.0068108853102,0
PJMW_conventional_hydroelectric_1_inlet,456,192.93475416149346,0
PJMW_conventional_hydroelectric_1_inlet,457,187.56120992675847,0
PJMW_conventional_hydroelectric_1_inlet,458,187.56120992675847,0
PJMW_conventional_hydroelectric_1_inlet,459,187.56120992675847,0
PJMW_conventional_hydroelectric_1_inlet,460,187.56120992675847,0
PJMW_conventional_hydroelectric_1_inlet,461,187.56120992675847,0
PJMW_conventional_hydroelectric_1_inlet,462,187.56120992675847,0
PJMW_conventional_hydroelectric_1_inlet,463,187.56120992675847,0
PJMW_conventional_hydroelectric_1_inlet,464,187.56120992675847,0
PJMW_conventional_hydroelectric_1_inlet,465,187.56120992675847,0
PJMW_conventional_hydroelectric_1_inlet,466,187.56120992675847,0
PJMW_conventional_hydroelectric_1_inlet,467,187.56120992675847,0
PJMW_conventional_hydroelectric_1_inlet,468,187.56120992675847,0
PJMW_conventional_hydroelectric_1_inlet,469,187.56120992675847,0
PJMW_conventional_hydroelectric_1_inlet,470,187.56120992675847,0
PJMW_conventional_hydroelectric_1_inlet,471,187.56120992675847,0
PJMW_conventional_hydroelectric_1_inlet,472,187.56120992675847,0
PJMW_conventional_hydroelectric_1_inlet,473,187.56120992675847,0
PJMW_conventional_hydroelectric_1_inlet,474,187.56120992675847,0
PJMW_conventional_hydroelectric_1_inlet,475,187.56120992675847,0
PJMW_conventional_hydroelectric_1_inlet,476,187.56120992675847,0
PJMW_conventional_hydroelectric_1_inlet,477,187.56120992675847,0
PJMW_conventional_hydroelectric_1_inlet,478,187.56120992675847,0
PJMW_conventional_hydroelectric_1_inlet,479,187.56120992675847,0
PJMW_conventional_hydroelectric_1_inlet,480,187.56120992675847,0
PJMW_conventional_hydroelectric_1_inlet,481,280.43146055470487,0
PJMW_conventional_hydroelectric_1_inlet,482,280.43146055470487,0
PJMW_conventional_hydroelectric_1_inlet,483,280.43146055470487,0
PJMW_conventional_hydroelectric_1_inlet,484,280.43146055470487,0
PJMW_conventional_hydroelectric_1_inlet,485,280.43146055470487,0
PJMW_conventional_hydroelectric_1_inlet,486,280.43146055470487,0
PJMW_conventional_hydroelectric_1_inlet,487,280.43146055470487,0
PJMW_conventional_hydroelectric_1_inlet,488,280.43146055470487,0
PJMW_conventional_hydroelectric_1_inlet,489,280.43146055470487,0
PJMW_conventional_hydroelectric_1_inlet,490,280.43146055470487,0
PJMW_conventional_hydroelectric_1_inlet,491,280.43146055470487,0
PJMW_conventional_hydroelectric_1_inlet,492,280.43146055470487,0
PJMW_conventional_hydroelectric_1_inlet,493,280.43146055470487,0
PJMW_conventional_hydroelectric_1_inlet,494,280.43146055470487,0
PJMW_conventional_hydroelectric_1_inlet,495,280.43146055470487,0
PJMW_conventional_hydroelectric_1_inlet,496,280.43146055470487,0
PJMW_conventional_hydroelectric_1_inlet,497,280.43146055470487,0
PJMW_conventional_hydroelectric_1_inlet,498,280.43146055470487,0
PJMW_conventional_hydroelectric_1_inlet,499,280.43146055470487,0
PJMW_conventional_hydroelectric_1_inlet,500,280.43146055470487,0
PJMW_conventional_hydroelectric_1_inlet,501,280.43146055470487,0
PJMW_conventional_hydroelectric_1_inlet,502,280.43146055470487,0
PJMW_conventional_hydroelectric_1_inlet,503,280.43146055470487,0
PJMW_conventional_hydroelectric_1_inlet,504,280.43146055470487,0
PJMW_conventional_hydroelectric_1_inlet,505,263.5467525786914,0
PJMW_conventional_hydroelectric_1_inlet,506,263.3835272508391,0
PJMW_conventional_hydroelectric_1_inlet,507,263.3009955828776,0
PJMW_conventional_hydroelectric_1_inlet,508,263.1464071910994,0
PJMW_conventional_hydroelectric_1_inlet,509,263.0641818578164,0
PJMW_conventional_hydroelectric_1_inlet,510,262.90065019528566,0
PJMW_conventional_hydroelectric_1_inlet,511,262.8181185273242,0
PJMW_conventional_hydroelectric_1_inlet,512,262.6638364702244,0
PJMW_conventional_hydroelectric_1_inlet,513,262.5813048022629,0
PJMW_conventional_hydroelectric_1_inlet,514,262.4180794744107,0
PJMW_conventional_hydroelectric_1_inlet,515,262.3355478064492,0
PJMW_conventional_hydroelectric_1_inlet,516,262.1809594146709,0
PJMW_conventional_hydroelectric_1_inlet,517,262.09873408138793,0
PJMW_conventional_hydroelectric_1_inlet,518,261.9352024188573,0
PJMW_conventional_hydroelectric_1_inlet,519,261.85297708557425,0
PJMW_conventional_hydroelectric_1_inlet,520,261.69838869379595,0
PJMW_conventional_hydroelectric_1_inlet,521,261.61585702583443,0
PJMW_conventional_hydroelectric_1_inlet,522,261.45263169798227,0
PJMW_conventional_hydroelectric_1_inlet,523,261.37010003002075,0
PJMW_conventional_hydroelectric_1_inlet,524,261.2155116382425,0
PJMW_conventional_hydroelectric_1_inlet,525,261.05228631039034,0
PJMW_conventional_hydroelectric_1_inlet,526,260.9697546424288,0
PJMW_conventional_hydroelectric_1_inlet,527,260.80652931457666,0
PJMW_conventional_hydroelectric_1_inlet,528,260.7329409173675,0
PJMW_conventional_hydroelectric_1_inlet,529,235.9614254020743,0
PJMW_conventional_hydroelectric_1_inlet,530,235.9614254020743,0
PJMW_conventional_hydroelectric_1_inlet,531,235.9614254020743,0
PJMW_conventional_hydroelectric_1_inlet,532,235.9614254020743,0
PJMW_conventional_hydroelectric_1_inlet,533,235.9614254020743,0
PJMW_conventional_hydroelectric_1_inlet,534,235.9614254020743,0
PJMW_conventional_hydroelectric_1_inlet,535,235.9614254020743,0
PJMW_conventional_hydroelectric_1_inlet,536,235.9614254020743,0
PJMW_conventional_hydroelectric_1_inlet,537,235.9614254020743,0
PJMW_conventional_hydroelectric_1_inlet,538,235.9614254020743,0
PJMW_conventional_hydroelectric_1_inlet,539,235.9614254020743,0
PJMW_conventional_hydroelectric_1_inlet,540,235.9614254020743,0
PJMW_conventional_hydroelectric_1_inlet,541,235.9614254020743,0
PJMW_conventional_hydroelectric_1_inlet,542,235.9614254020743,0
PJMW_conventional_hydroelectric_1_inlet,543,235.9614254020743,0
PJMW_conventional_hydroelectric_1_inlet,544,235.9614254020743,0
PJMW_conventional_hydroelectric_1_inlet,545,235.9614254020743,0
PJMW_conventional_hydroelectric_1_inlet,546,235.9614254020743,0
PJMW_conventional_hydroelectric_1_inlet,547,235.9614254020743,0
PJMW_conventional_hydroelectric_1_inlet,548,235.9614254020743,0
PJMW_conventional_hydroelectric_1_inlet,549,235.9614254020743,0
PJMW_conventional_hydroelectric_1_inlet,550,235.9614254020743,0
PJMW_conventional_hydroelectric_1_inlet,551,235.9614254020743,0
PJMW_conventional_hydroelectric_1_inlet,552,235.9614254020743,0
PJMW_conventional_hydroelectric_1_inlet,553,262.2603086056949,0
PJMW_conventional_hydroelectric_1_inlet,554,262.529219397624,0
PJMW_conventional_hydroelectric_1_inlet,555,262.7888805841222,0
PJMW_conventional_hydroelectric_1_inlet,556,263.129848099868,0
PJMW_conventional_hydroelectric_1_inlet,557,263.38981562104465,0
PJMW_conventional_hydroelectric_1_inlet,558,263.64978314222134,0
PJMW_conventional_hydroelectric_1_inlet,559,263.9097506633981,0
PJMW_conventional_hydroelectric_1_inlet,560,264.1694118498962,0
PJMW_conventional_hydroelectric_1_inlet,561,264.42937937107297,0
PJMW_conventional_hydroelectric_1_inlet,562,264.6893468922497,0
PJMW_conventional_hydroelectric_1_inlet,563,265.03031440799543,0
PJMW_conventional_hydroelectric_1_inlet,564,265.28997559449374,0
PJMW_conventional_hydroelectric_1_inlet,565,265.5499431156704,0
PJMW_conventional_hydroelectric_1_inlet,566,265.80991063684706,0
PJMW_conventional_hydroelectric_1_inlet,567,266.06987815802376,0
PJMW_conventional_hydroelectric_1_inlet,568,266.32984567920045,0
PJMW_conventional_hydroelectric_1_inlet,569,266.58950686569864,0
PJMW_conventional_hydroelectric_1_inlet,570,266.93047438144447,0
PJMW_conventional_hydroelectric_1_inlet,571,267.19044190262116,0
PJMW_conventional_hydroelectric_1_inlet,572,267.45040942379785,0
PJMW_conventional_hydroelectric_1_inlet,573,267.71007061029604,0
PJMW_conventional_hydroelectric_1_inlet,574,267.97003813147273,0
PJMW_conventional_hydroelectric_1_inlet,575,268.2300056526494,0
PJMW_conventional_hydroelectric_1_inlet,576,268.4899731738262,0
RMRG_conventional_hydroelectric_1_inlet,1,139.55535355519763,0
RMRG_conventional_hydroelectric_1_inlet,2,139.60427395011948,0
RMRG_conventional_hydroelectric_1_inlet,3,139.67873631088506,0
RMRG_conventional_hydroelectric_1_inlet,4,139.7276567058069,0
RMRG_conventional_hydroelectric_1_inlet,5,139.77657710072876,0
RMRG_conventional_hydroelectric_1_inlet,6,139.8744178905725,0
RMRG_conventional_hydroelectric_1_inlet,7,139.92333828549434,0
RMRG_conventional_hydroelectric_1_inlet,8,140.02117907533804,0
RMRG_conventional_hydroelectric_1_inlet,9,140.0700994702599,0
RMRG_conventional_hydroelectric_1_inlet,10,140.11901986518177,0
RMRG_conventional_hydroelectric_1_inlet,11,140.19348222594732,0
RMRG_conventional_hydroelectric_1_inlet,12,140.2424026208692,0
RMRG_conventional_hydroelectric_1_inlet,13,140.29132301579102,0
RMRG_conventional_hydroelectric_1_inlet,14,140.38916380563475,0
RMRG_conventional_hydroelectric_1_inlet,15,140.4380842005566,0
RMRG_conventional_hydroelectric_1_inlet,16,140.48700459547845,0
RMRG_conventional_hydroelectric_1_inlet,17,140.58484538532218,0
RMRG_conventional_hydroelectric_1_inlet,18,140.6103873511659,0
RMRG_conventional_hydroelectric_1_inlet,19,140.70822814100958,0
RMRG_conventional_hydroelectric_1_inlet,20,140.75714853593146,0
RMRG_conventional_hydroelectric_1_inlet,21,140.80606893085331,0
RMRG_conventional_hydroelectric_1_inlet,22,140.90390972069704,0
RMRG_conventional_hydroelectric_1_inlet,23,140.95283011561892,0
RMRG_conventional_hydroelectric_1_inlet,24,141.00175051054075,0
RMRG_conventional_hydroelectric_1_inlet,25,130.24190879989084,0
RMRG_conventional_hydroelectric_1_inlet,26,130.09514761512528,0
RMRG_conventional_hydroelectric_1_inlet,27,130.02068525435973,0
RMRG_conventional_hydroelectric_1_inlet,28,129.89730249867227,0
RMRG_conventional_hydroelectric_1_inlet,29,129.75054131390675,0
RMRG_conventional_hydroelectric_1_inlet,30,129.6271585582193,0
RMRG_conventional_hydroelectric_1_inlet,31,129.5037758025319,0
RMRG_conventional_hydroelectric_1_inlet,32,129.4293134417663,0
RMRG_conventional_hydroelectric_1_inlet,33,129.28255225700073,0
RMRG_conventional_hydroelectric_1_inlet,34,129.15916950131333,0
RMRG_conventional_hydroelectric_1_inlet,35,129.03578674562587,0
RMRG_conventional_hydroelectric_1_inlet,36,128.8890255608603,0
RMRG_conventional_hydroelectric_1_inlet,37,128.7656428051729,0
RMRG_conventional_hydroelectric_1_inlet,38,128.6911804444073,0
RMRG_conventional_hydroelectric_1_inlet,39,128.56779768871988,0
RMRG_conventional_hydroelectric_1_inlet,40,128.4210365039543,0
RMRG_conventional_hydroelectric_1_inlet,41,128.29765374826687,0
RMRG_conventional_hydroelectric_1_inlet,42,128.17427099257944,0
RMRG_conventional_hydroelectric_1_inlet,43,128.02750980781389,0
RMRG_conventional_hydroelectric_1_inlet,44,127.95304744704833,0
RMRG_conventional_hydroelectric_1_inlet,45,127.82966469136089,0
RMRG_conventional_hydroelectric_1_inlet,46,127.70628193567347,0
RMRG_conventional_hydroelectric_1_inlet,47,127.5595207509079,0
RMRG_conventional_hydroelectric_1_inlet,48,127.43613799522045,0
RMRG_conventional_hydroelectric_1_inlet,49,104.0518299072797,0
RMRG_conventional_hydroelectric_1_inlet,50,104.0518299072797,0
RMRG_conventional_hydroelectric_1_inlet,51,104.0518299072797,0
RMRG_conventional_hydroelectric_1_inlet,52,104.0518299072797,0
RMRG_conventional_hydroelectric_1_inlet,53,104.0518299072797,0
RMRG_conventional_hydroelectric_1_inlet,54,104.0518299072797,0
RMRG_conventional_hydroelectric_1_inlet,55,104.0518299072797,0
RMRG_conventional_hydroelectric_1_inlet,56,104.0518299072797,0
RMRG_conventional_hydroelectric_1_inlet,57,104.0518299072797,0
RMRG_conventional_hydroelectric_1_inlet,58,104.0518299072797,0
RMRG_conventional_hydroelectric_1_inlet,59,104.0518299072797,0
RMRG_conventional_hydroelectric_1_inlet,60,104.0518299072797,0
RMRG_conventional_hydroelectric_1_inlet,61,104.0518299072797,0
RMRG_conventional_hydroelectric_1_inlet,62,104.0518299072797,0
RMRG_conventional_hydroelectric_1_inlet,63,104.0518299072797,0
RMRG_conventional_hydroelectric_1_inlet,64,104.0518299072797,0
RMRG_conventional_hydroelectric_1_inlet,65,104.0518299072797,0
RMRG_conventional_hydroelectric_1_inlet,66,104.0518299072797,0
RMRG_conventional_hydroelectric_1_inlet,67,104.0518299072797,0
RMRG_conventional_hydroelectric_1_inlet,68,104.0518299072797,0
RMRG_conventional_hydroelectric_1_inlet,69,104.0518299072797,0
RMRG_conventional_hydroelectric_1_inlet,70,104.0518299072797,0
RMRG_conventional_hydroelectric_1_inlet,71,104.0518299072797,0
RMRG_conventional_hydroelectric_1_inlet,72,104.0518299072797,0
RMRG_conventional_hydroelectric_1_inlet,73,104.0518299072797,0
RMRG_conventional_hydroelectric_1_inlet,74,104.0518299072797,0
RMRG_conventional_hydroelectric_1_inlet,75,104.0518299072797,0
RMRG_conventional_hydroelectric_1_inlet,76,104.0518299072797,0
RMRG_conventional_hydroelectric_1_inlet,77,104.0518299072797,0
RMRG_conventional_hydroelectric_1_inlet,78,104.0518299072797,0
RMRG_conventional_hydroelectric_1_inlet,79,104.0518299072797,0
RMRG_conventional_hydroelectric_1_inlet,80,104.0518299072797,0
RMRG_conventional_hydroelectric_1_inlet,81,104.0518299072797,0
RMRG_conventional_hydroelectric_1_inlet,82,104.0518299072797,0
RMRG_conventional_hydroelectric_1_inlet,83,104.0518299072797,0
RMRG_conventional_hydroelectric_1_inlet,84,104.0518299072797,0
RMRG_conventional_hydroelectric_1_inlet,85,104.0518299072797,0
RMRG_conventional_hydroelectric_1_inlet,86,104.0518299072797,0
RMRG_conventional_hydroelectric_1_inlet,87,104.0518299072797,0
RMRG_conventional_hydroelectric_1_inlet,88,104.0518299072797,0
RMRG_conventional_hydroelectric_1_inlet,89,104.0518299072797,0
RMRG_conventional_hydroelectric_1_inlet,90,104.0518299072797,0
RMRG_conventional_hydroelectric_1_inlet,91,104.0518299072797,0
RMRG_conventional_hydroelectric_1_inlet,92,104.0518299072797,0
RMRG_conventional_hydroelectric_1_inlet,93,104.0518299072797,0
RMRG_conventional_hydroelectric_1_inlet,94,104.0518299072797,0
RMRG_conventional_hydroelectric_1_inlet,95,104.0518299072797,0
RMRG_conventional_hydroelectric_1_inlet,96,104.0518299072797,0
RMRG_conventional_hydroelectric_1_inlet,97,176.82398682354656,0
RMRG_conventional_hydroelectric_1_inlet,98,177.06642526139026,0
RMRG_conventional_hydroelectric_1_inlet,99,177.28548527015585,0
RMRG_conventional_hydroelectric_1_inlet,100,177.52792370799958,0
RMRG_conventional_hydroelectric_1_inlet,101,177.79590411168698,0
RMRG_conventional_hydroelectric_1_inlet,102,178.0383425495307,0
RMRG_conventional_hydroelectric_1_inlet,103,178.2807809873744,0
RMRG_conventional_hydroelectric_1_inlet,104,178.49984099614,0
RMRG_conventional_hydroelectric_1_inlet,105,178.7422794339837,0
RMRG_conventional_hydroelectric_1_inlet,106,179.01025983767113,0
RMRG_conventional_hydroelectric_1_inlet,107,179.25269827551483,0
RMRG_conventional_hydroelectric_1_inlet,108,179.47175828428044,0
RMRG_conventional_hydroelectric_1_inlet,109,179.71419672212411,0
RMRG_conventional_hydroelectric_1_inlet,110,179.95663515996785,0
RMRG_conventional_hydroelectric_1_inlet,111,180.1756951687334,0
RMRG_conventional_hydroelectric_1_inlet,112,180.467054001499,0
RMRG_conventional_hydroelectric_1_inlet,113,180.6861140102646,0
RMRG_conventional_hydroelectric_1_inlet,114,180.9285524481083,0
RMRG_conventional_hydroelectric_1_inlet,115,181.14761245687384,0
RMRG_conventional_hydroelectric_1_inlet,116,181.39005089471752,0
RMRG_conventional_hydroelectric_1_inlet,117,181.68140972748313,0
RMRG_conventional_hydroelectric_1_inlet,118,181.9004697362487,0
RMRG_conventional_hydroelectric_1_inlet,119,182.14290817409244,0
RMRG_conventional_hydroelectric_1_inlet,120,182.361968182858,0
RMRG_conventional_hydroelectric_1_inlet,121,191.0815182735125,0
RMRG_conventional_hydroelectric_1_inlet,122,191.0815182735125,0
RMRG_conventional_hydroelectric_1_inlet,123,191.0815182735125,0
RMRG_conventional_hydroelectric_1_inlet,124,191.0815182735125,0
RMRG_conventional_hydroelectric_1_inlet,125,191.0815182735125,0
RMRG_conventional_hydroelectric_1_inlet,126,191.0815182735125,0
RMRG_conventional_hydroelectric_1_inlet,127,191.0815182735125,0
RMRG_conventional_hydroelectric_1_inlet,128,191.0815182735125,0
RMRG_conventional_hydroelectric_1_inlet,129,191.0815182735125,0
RMRG_conventional_hydroelectric_1_inlet,130,191.0815182735125,0
RMRG_conventional_hydroelectric_1_inlet,131,191.0815182735125,0
RMRG_conventional_hydroelectric_1_inlet,132,191.0815182735125,0
RMRG_conventional_hydroelectric_1_inlet,133,191.0815182735125,0
RMRG_conventional_hydroelectric_1_inlet,134,191.0815182735125,0
RMRG_conventional_hydroelectric_1_inlet,135,191.0815182735125,0
RMRG_conventional_hydroelectric_1_inlet,136,191.0815182735125,0
RMRG_conventional_hydroelectric_1_inlet,137,191.0815182735125,0
RMRG_conventional_hydroelectric_1_inlet,138,191.0815182735125,0
RMRG_conventional_hydroelectric_1_inlet,139,191.0815182735125,0
RMRG_conventional_hydroelectric_1_inlet,140,191.0815182735125,0
RMRG_conventional_hydroelectric_1_inlet,141,191.0815182735125,0
RMRG_conventional_hydroelectric_1_inlet,142,191.0815182735125,0
RMRG_conventional_hydroelectric_1_inlet,143,191.0815182735125,0
RMRG_conventional_hydroelectric_1_inlet,144,191.0815182735125,0
RMRG_conventional_hydroelectric_1_inlet,145,188.71015201334123,0
RMRG_conventional_hydroelectric_1_inlet,146,188.72920336888822,0
RMRG_conventional_hydroelectric_1_inlet,147,188.69933432951336,0
RMRG_conventional_hydroelectric_1_inlet,148,188.71838568506035,0
RMRG_conventional_hydroelectric_1_inlet,149,188.6651382166074,0
RMRG_conventional_hydroelectric_1_inlet,150,188.68418957215437,0
RMRG_conventional_hydroelectric_1_inlet,151,188.6543205327795,0
RMRG_conventional_hydroelectric_1_inlet,152,188.6733718883265,0
RMRG_conventional_hydroelectric_1_inlet,153,188.69242324387352,0
RMRG_conventional_hydroelectric_1_inlet,154,188.63917577542054,0
RMRG_conventional_hydroelectric_1_inlet,155,188.65822713096753,0
RMRG_conventional_hydroelectric_1_inlet,156,188.62835809159267,0
RMRG_conventional_hydroelectric_1_inlet,157,188.6474094471397,0
RMRG_conventional_hydroelectric_1_inlet,158,188.59416197868666,0
RMRG_conventional_hydroelectric_1_inlet,159,188.61321333423365,0
RMRG_conventional_hydroelectric_1_inlet,160,188.58334429485885,0
RMRG_conventional_hydroelectric_1_inlet,161,188.60239565040587,0
RMRG_conventional_hydroelectric_1_inlet,162,188.572526611031,0
RMRG_conventional_hydroelectric_1_inlet,163,188.56819953749982,0
RMRG_conventional_hydroelectric_1_inlet,164,188.53833049812502,0
RMRG_conventional_hydroelectric_1_inlet,165,188.557381853672,0
RMRG_conventional_hydroelectric_1_inlet,166,188.52751281429715,0
RMRG_conventional_hydroelectric_1_inlet,167,188.52318574076597,0
RMRG_conventional_hydroelectric_1_inlet,168,188.4933167013911,0
RMRG_conventional_hydroelectric_1_inlet,169,187.52513017629525,0
RMRG_conventional_hydroelectric_1_inlet,170,187.52513017629525,0
RMRG_conventional_hydroelectric_1_inlet,171,187.52513017629525,0
RMRG_conventional_hydroelectric_1_inlet,172,187.52513017629525,0
RMRG_conventional_hydroelectric_1_inlet,173,187.52513017629525,0
RMRG_conventional_hydroelectric_1_inlet,174,187.52513017629525,0
RMRG_conventional_hydroelectric_1_inlet,175,187.52513017629525,0
RMRG_conventional_hydroelectric_1_inlet,176,187.52513017629525,0
RMRG_conventional_hydroelectric_1_inlet,177,187.52513017629525,0
RMRG_conventional_hydroelectric_1_inlet,178,187.52513017629525,0
RMRG_conventional_hydroelectric_1_inlet,179,187.52513017629525,0
RMRG_conventional_hydroelectric_1_inlet,180,187.52513017629525,0
RMRG_conventional_hydroelectric_1_inlet,181,187.52513017629525,0
RMRG_conventional_hydroelectric_1_inlet,182,187.52513017629525,0
RMRG_conventional_hydroelectric_1_inlet,183,187.52513017629525,0
RMRG_conventional_hydroelectric_1_inlet,184,187.52513017629525,0
RMRG_conventional_hydroelectric_1_inlet,185,187.52513017629525,0
RMRG_conventional_hydroelectric_1_inlet,186,187.52513017629525,0
RMRG_conventional_hydroelectric_1_inlet,187,187.52513017629525,0
RMRG_conventional_hydroelectric_1_inlet,188,187.52513017629525,0
RMRG_conventional_hydroelectric_1_inlet,189,187.52513017629525,0
RMRG_conventional_hydroelectric_1_inlet,190,187.52513017629525,0
RMRG_conventional_hydroelectric_1_inlet,191,187.52513017629525,0
RMRG_conventional_hydroelectric_1_inlet,192,187.52513017629525,0
RMRG_conventional_hydroelectric_1_inlet,193,318.08473485544425,0
RMRG_conventional_hydroelectric_1_inlet,194,318.08473485544425,0
RMRG_conventional_hydroelectric_1_inlet,195,318.08473485544425,0
RMRG_conventional_hydroelectric_1_inlet,196,318.08473485544425,0
RMRG_conventional_hydroelectric_1_inlet,197,318.08473485544425,0
RMRG_conventional_hydroelectric_1_inlet,198,318.08473485544425,0
RMRG_conventional_hydroelectric_1_inlet,199,318.08473485544425,0
RMRG_conventional_hydroelectric_1_inlet,200,318.08473485544425,0
RMRG_conventional_hydroelectric_1_inlet,201,318.08473485544425,0
RMRG_conventional_hydroelectric_1_inlet,202,318.08473485544425,0
RMRG_conventional_hydroelectric_1_inlet,203,318.08473485544425,0
RMRG_conventional_hydroelectric_1_inlet,204,318.08473485544425,0
RMRG_conventional_hydroelectric_1_inlet,205,318.08473485544425,0
RMRG_conventional_hydroelectric_1_inlet,206,318.08473485544425,0
RMRG_conventional_hydroelectric_1_inlet,207,318.08473485544425,0
RMRG_conventional_hydroelectric_1_inlet,208,318.08473485544425,0
RMRG_conventional_hydroelectric_1_inlet,209,318.08473485544425,0
RMRG_conventional_hydroelectric_1_inlet,210,318.08473485544425,0
RMRG_conventional_hydroelectric_1_inlet,211,318.08473485544425,0
RMRG_conventional_hydroelectric_1_inlet,212,318.08473485544425,0
RMRG_conventional_hydroelectric_1_inlet,213,318.08473485544425,0
RMRG_conventional_hydroelectric_1_inlet,214,318.08473485544425,0
RMRG_conventional_hydroelectric_1_inlet,215,318.08473485544425,0
RMRG_conventional_hydroelectric_1_inlet,216,318.08473485544425,0
RMRG_conventional_hydroelectric_1_inlet,217,315.24663331939007,0
RMRG_conventional_hydroelectric_1_inlet,218,315.24446978262455,0
RMRG_conventional_hydroelectric_1_inlet,219,315.24230624585897,0
RMRG_conventional_hydroelectric_1_inlet,220,315.2401427090934,0
RMRG_conventional_hydroelectric_1_inlet,221,315.18905877740593,0
RMRG_conventional_hydroelectric_1_inlet,222,315.1635168115622,0
RMRG_conventional_hydroelectric_1_inlet,223,315.1613532747966,0
RMRG_conventional_hydroelectric_1_inlet,224,315.1102693431092,0
RMRG_conventional_hydroelectric_1_inlet,225,315.1081058063437,0
RMRG_conventional_hydroelectric_1_inlet,226,315.1059422695781,0
RMRG_conventional_hydroelectric_1_inlet,227,315.05485833789066,0
RMRG_conventional_hydroelectric_1_inlet,228,315.0526948011251,0
RMRG_conventional_hydroelectric_1_inlet,229,315.05053126435956,0
RMRG_conventional_hydroelectric_1_inlet,230,315.02498929851583,0
RMRG_conventional_hydroelectric_1_inlet,231,314.9739053668284,0
RMRG_conventional_hydroelectric_1_inlet,232,314.9717418300628,0
RMRG_conventional_hydroelectric_1_inlet,233,314.9695782932972,0
RMRG_conventional_hydroelectric_1_inlet,234,314.9184943616099,0
RMRG_conventional_hydroelectric_1_inlet,235,314.9163308248443,0
RMRG_conventional_hydroelectric_1_inlet,236,314.91416728807866,0
RMRG_conventional_hydroelectric_1_inlet,237,314.86308335639126,0
RMRG_conventional_hydroelectric_1_inlet,238,314.8375413905475,0
RMRG_conventional_hydroelectric_1_inlet,239,314.83537785378195,0
RMRG_conventional_hydroelectric_1_inlet,240,314.83321431701637,0
RMRG_conventional_hydroelectric_1_inlet,241,310.9340700100903,0
RMRG_conventional_hydroelectric_1_inlet,242,310.9340700100903,0
RMRG_conventional_hydroelectric_1_inlet,243,310.9340700100903,0
RMRG_conventional_hydroelectric_1_inlet,244,310.9340700100903,0
RMRG_conventional_hydroelectric_1_inlet,245,310.9340700100903,0
RMRG_conventional_hydroelectric_1_inlet,246,310.9340700100903,0
RMRG_conventional_hydroelectric_1_inlet,247,310.9340700100903,0
RMRG_conventional_hydroelectric_1_inlet,248,310.9340700100903,0
RMRG_conventional_hydroelectric_1_inlet,249,310.9340700100903,0
RMRG_conventional_hydroelectric_1_inlet,250,310.9340700100903,0
RMRG_conventional_hydroelectric_1_inlet,251,310.9340700100903,0
RMRG_conventional_hydroelectric_1_inlet,252,310.9340700100903,0
RMRG_conventional_hydroelectric_1_inlet,253,310.9340700100903,0
RMRG_conventional_hydroelectric_1_inlet,254,310.9340700100903,0
RMRG_conventional_hydroelectric_1_inlet,255,310.9340700100903,0
RMRG_conventional_hydroelectric_1_inlet,256,310.9340700100903,0
RMRG_conventional_hydroelectric_1_inlet,257,310.9340700100903,0
RMRG_conventional_hydroelectric_1_inlet,258,310.9340700100903,0
RMRG_conventional_hydroelectric_1_inlet,259,310.9340700100903,0
RMRG_conventional_hydroelectric_1_inlet,260,310.9340700100903,0
RMRG_conventional_hydroelectric_1_inlet,261,310.9340700100903,0
RMRG_conventional_hydroelectric_1_inlet,262,310.9340700100903,0
RMRG_conventional_hydroelectric_1_inlet,263,310.9340700100903,0
RMRG_conventional_hydroelectric_1_inlet,264,310.9340700100903,0
RMRG_conventional_hydroelectric_1_inlet,265,307.3980329194806,0
RMRG_conventional_hydroelectric_1_inlet,266,307.3534395980899,0
RMRG_conventional_hydroelectric_1_inlet,267,307.357766671621,0
RMRG_conventional_hydroelectric_1_inlet,268,307.3131733502303,0
RMRG_conventional_hydroelectric_1_inlet,269,307.31750042376143,0
RMRG_conventional_hydroelectric_1_inlet,270,307.27290710237077,0
RMRG_conventional_hydroelectric_1_inlet,271,307.27723417590187,0
RMRG_conventional_hydroelectric_1_inlet,272,307.2326408545112,0
RMRG_conventional_hydroelectric_1_inlet,273,307.26034635712045,0
RMRG_conventional_hydroelectric_1_inlet,274,307.2157530357297,0
RMRG_conventional_hydroelectric_1_inlet,275,307.17115971433896,0
RMRG_conventional_hydroelectric_1_inlet,276,307.1754867878701,0
RMRG_conventional_hydroelectric_1_inlet,277,307.13089346647945,0
RMRG_conventional_hydroelectric_1_inlet,278,307.1352205400106,0
RMRG_conventional_hydroelectric_1_inlet,279,307.09062721861983,0
RMRG_conventional_hydroelectric_1_inlet,280,307.094954292151,0
RMRG_conventional_hydroelectric_1_inlet,281,307.05036097076027,0
RMRG_conventional_hydroelectric_1_inlet,282,307.0546880442914,0
RMRG_conventional_hydroelectric_1_inlet,283,307.0100947229007,0
RMRG_conventional_hydroelectric_1_inlet,284,306.96550140151,0
RMRG_conventional_hydroelectric_1_inlet,285,306.96982847504114,0
RMRG_conventional_hydroelectric_1_inlet,286,306.9252351536504,0
RMRG_conventional_hydroelectric_1_inlet,287,306.9295622271816,0
RMRG_conventional_hydroelectric_1_inlet,288,306.88496890579086,0
RMRG_conventional_hydroelectric_1_inlet,289,303.00558693999193,0
RMRG_conventional_hydroelectric_1_inlet,290,303.00558693999193,0
RMRG_conventional_hydroelectric_1_inlet,291,303.00558693999193,0
RMRG_conventional_hydroelectric_1_inlet,292,303.00558693999193,0
RMRG_conventional_hydroelectric_1_inlet,293,303.00558693999193,0
RMRG_conventional_hydroelectric_1_inlet,294,303.00558693999193,0
RMRG_conventional_hydroelectric_1_inlet,295,303.00558693999193,0
RMRG_conventional_hydroelectric_1_inlet,296,303.00558693999193,0
RMRG_conventional_hydroelectric_1_inlet,297,303.00558693999193,0
RMRG_conventional_hydroelectric_1_inlet,298,303.00558693999193,0
RMRG_conventional_hydroelectric_1_inlet,299,303.00558693999193,0
RMRG_conventional_hydroelectric_1_inlet,300,303.00558693999193,0
RMRG_conventional_hydroelectric_1_inlet,301,303.00558693999193,0
RMRG_conventional_hydroelectric_1_inlet,302,303.00558693999193,0
RMRG_conventional_hydroelectric_1_inlet,303,303.00558693999193,0
RMRG_conventional_hydroelectric_1_inlet,304,303.00558693999193,0
RMRG_conventional_hydroelectric_1_inlet,305,303.00558693999193,0
RMRG_conventional_hydroelectric_1_inlet,306,303.00558693999193,0
RMRG_conventional_hydroelectric_1_inlet,307,303.00558693999193,0
RMRG_conventional_hydroelectric_1_inlet,308,303.00558693999193,0
RMRG_conventional_hydroelectric_1_inlet,309,303.00558693999193,0
RMRG_conventional_hydroelectric_1_inlet,310,303.00558693999193,0
RMRG_conventional_hydroelectric_1_inlet,311,303.00558693999193,0
RMRG_conventional_hydroelectric_1_inlet,312,303.00558693999193,0
RMRG_conventional_hydroelectric_1_inlet,313,306.6235937874937,0
RMRG_conventional_hydroelectric_1_inlet,314,306.64697221657184,0
RMRG_conventional_hydroelectric_1_inlet,315,306.69372907472814,0
RMRG_conventional_hydroelectric_1_inlet,316,306.7171075038063,0
RMRG_conventional_hydroelectric_1_inlet,317,306.8127847568844,0
RMRG_conventional_hydroelectric_1_inlet,318,306.83616318596256,0
RMRG_conventional_hydroelectric_1_inlet,319,306.8829200441188,0
RMRG_conventional_hydroelectric_1_inlet,320,306.90629847319696,0
RMRG_conventional_hydroelectric_1_inlet,321,307.00197572627513,0
RMRG_conventional_hydroelectric_1_inlet,322,307.04873258443143,0
RMRG_conventional_hydroelectric_1_inlet,323,307.0721110135096,0
RMRG_conventional_hydroelectric_1_inlet,324,307.1188678716658,0
RMRG_conventional_hydroelectric_1_inlet,325,307.19116669566586,0
RMRG_conventional_hydroelectric_1_inlet,326,307.23792355382216,0
RMRG_conventional_hydroelectric_1_inlet,327,307.26130198290036,0
RMRG_conventional_hydroelectric_1_inlet,328,307.3569792359784,0
RMRG_conventional_hydroelectric_1_inlet,329,307.40373609413473,0
RMRG_conventional_hydroelectric_1_inlet,330,307.4271145232129,0
RMRG_conventional_hydroelectric_1_inlet,331,307.4738713813691,0
RMRG_conventional_hydroelectric_1_inlet,332,307.5461702053691,0
RMRG_conventional_hydroelectric_1_inlet,333,307.59292706352545,0
RMRG_conventional_hydroelectric_1_inlet,334,307.61630549260354,0
RMRG_conventional_hydroelectric_1_inlet,335,307.66306235075984,0
RMRG_conventional_hydroelectric_1_inlet,336,307.75873960383797,0
RMRG_conventional_hydroelectric_1_inlet,337,314.8756976166852,0
RMRG_conventional_hydroelectric_1_inlet,338,314.89907604576337,0
RMRG_conventional_hydroelectric_1_inlet,339,314.9458329039196,0
RMRG_conventional_hydroelectric_1_inlet,340,314.96921133299776,0
RMRG_conventional_hydroelectric_1_inlet,341,315.06488858607594,0
RMRG_conventional_hydroelectric_1_inlet,342,315.1116454442322,0
RMRG_conventional_hydroelectric_1_inlet,343,315.1350238733104,0
RMRG_conventional_hydroelectric_1_inlet,344,315.18178073146663,0
RMRG_conventional_hydroelectric_1_inlet,345,315.2540795554666,0
RMRG_conventional_hydroelectric_1_inlet,346,315.3008364136229,0
RMRG_conventional_hydroelectric_1_inlet,347,315.32421484270105,0
RMRG_conventional_hydroelectric_1_inlet,348,315.3709717008573,0
RMRG_conventional_hydroelectric_1_inlet,349,315.4432705248573,0
RMRG_conventional_hydroelectric_1_inlet,350,315.4900273830137,0
RMRG_conventional_hydroelectric_1_inlet,351,315.5367842411699,0
RMRG_conventional_hydroelectric_1_inlet,352,315.6090830651699,0
RMRG_conventional_hydroelectric_1_inlet,353,315.6558399233262,0
RMRG_conventional_hydroelectric_1_inlet,354,315.6792183524043,0
RMRG_conventional_hydroelectric_1_inlet,355,315.7259752105606,0
RMRG_conventional_hydroelectric_1_inlet,356,315.7982740345607,0
RMRG_conventional_hydroelectric_1_inlet,357,315.8450308927169,0
RMRG_conventional_hydroelectric_1_inlet,358,315.8917877508732,0
RMRG_conventional_hydroelectric_1_inlet,359,315.9151661799513,0
RMRG_conventional_hydroelectric_1_inlet,360,316.0108434330295,0
RMRG_conventional_hydroelectric_1_inlet,361,286.40173427029293,0
RMRG_conventional_hydroelectric_1_inlet,362,286.21470683766773,0
RMRG_conventional_hydroelectric_1_inlet,363,286.00213743919886,0
RMRG_conventional_hydroelectric_1_inlet,364,285.7661896116519,0
RMRG_conventional_hydroelectric_1_inlet,365,285.6025406081049,0
RMRG_conventional_hydroelectric_1_inlet,366,285.38997120963603,0
RMRG_conventional_hydroelectric_1_inlet,367,285.154023382089,0
RMRG_conventional_hydroelectric_1_inlet,368,284.94145398362014,0
RMRG_conventional_hydroelectric_1_inlet,369,284.7778049800732,0
RMRG_conventional_hydroelectric_1_inlet,370,284.5418571525262,0
RMRG_conventional_hydroelectric_1_inlet,371,284.3292877540573,0
RMRG_conventional_hydroelectric_1_inlet,372,284.1656387505103,0
RMRG_conventional_hydroelectric_1_inlet,373,283.9296909229633,0
RMRG_conventional_hydroelectric_1_inlet,374,283.7171215244944,0
RMRG_conventional_hydroelectric_1_inlet,375,283.5534725209475,0
RMRG_conventional_hydroelectric_1_inlet,376,283.31752469340046,0
RMRG_conventional_hydroelectric_1_inlet,377,283.1049552949316,0
RMRG_conventional_hydroelectric_1_inlet,378,282.8690074673846,0
RMRG_conventional_hydroelectric_1_inlet,379,282.7053584638375,0
RMRG_conventional_hydroelectric_1_inlet,380,282.4927890653687,0
RMRG_conventional_hydroelectric_1_inlet,381,282.25684123782173,0
RMRG_conventional_hydroelectric_1_inlet,382,282.09319223427474,0
RMRG_conventional_hydroelectric_1_inlet,383,281.88062283580587,0
RMRG_conventional_hydroelectric_1_inlet,384,281.64467500825884,0
RMRG_conventional_hydroelectric_1_inlet,385,256.6796395603536,0
RMRG_conventional_hydroelectric_1_inlet,386,256.46707016188475,0
RMRG_conventional_hydroelectric_1_inlet,387,256.28004272925955,0
RMRG_conventional_hydroelectric_1_inlet,388,256.06747333079073,0
RMRG_conventional_hydroelectric_1_inlet,389,255.85490393232186,0
RMRG_conventional_hydroelectric_1_inlet,390,255.66787649969672,0
RMRG_conventional_hydroelectric_1_inlet,391,255.45530710122785,0
RMRG_conventional_hydroelectric_1_inlet,392,255.24273770275903,0
RMRG_conventional_hydroelectric_1_inlet,393,255.006789875212,0
RMRG_conventional_hydroelectric_1_inlet,394,254.843140871665,0
RMRG_conventional_hydroelectric_1_inlet,395,254.60719304411796,0
RMRG_conventional_hydroelectric_1_inlet,396,254.39462364564918,0
RMRG_conventional_hydroelectric_1_inlet,397,254.23097464210215,0
RMRG_conventional_hydroelectric_1_inlet,398,253.99502681455513,0
RMRG_conventional_hydroelectric_1_inlet,399,253.7824574160863,0
RMRG_conventional_hydroelectric_1_inlet,400,253.61880841253932,0
RMRG_conventional_hydroelectric_1_inlet,401,253.3828605849923,0
RMRG_conventional_hydroelectric_1_inlet,402,253.17029118652337,0
RMRG_conventional_hydroelectric_1_inlet,403,252.95772178805458,0
RMRG_conventional_hydroelectric_1_inlet,404,252.7706943554294,0
RMRG_conventional_hydroelectric_1_inlet,405,252.55812495696054,0
RMRG_conventional_hydroelectric_1_inlet,406,252.34555555849172,0
RMRG_conventional_hydroelectric_1_inlet,407,252.15852812586655,0
RMRG_conventional_hydroelectric_1_inlet,408,251.94595872739768,0
RMRG_conventional_hydroelectric_1_inlet,409,245.75199760776903,0
RMRG_conventional_hydroelectric_1_inlet,410,245.75199760776903,0
RMRG_conventional_hydroelectric_1_inlet,411,245.75199760776903,0
RMRG_conventional_hydroelectric_1_inlet,412,245.75199760776903,0
RMRG_conventional_hydroelectric_1_inlet,413,245.75199760776903,0
RMRG_conventional_hydroelectric_1_inlet,414,245.75199760776903,0
RMRG_conventional_hydroelectric_1_inlet,415,245.75199760776903,0
RMRG_conventional_hydroelectric_1_inlet,416,245.75199760776903,0
RMRG_conventional_hydroelectric_1_inlet,417,245.75199760776903,0
RMRG_conventional_hydroelectric_1_inlet,418,245.75199760776903,0
RMRG_conventional_hydroelectric_1_inlet,419,245.75199760776903,0
RMRG_conventional_hydroelectric_1_inlet,420,245.75199760776903,0
RMRG_conventional_hydroelectric_1_inlet,421,245.75199760776903,0
RMRG_conventional_hydroelectric_1_inlet,422,245.75199760776903,0
RMRG_conventional_hydroelectric_1_inlet,423,245.75199760776903,0
RMRG_conventional_hydroelectric_1_inlet,424,245.75199760776903,0
RMRG_conventional_hydroelectric_1_inlet,425,245.75199760776903,0
RMRG_conventional_hydroelectric_1_inlet,426,245.75199760776903,0
RMRG_conventional_hydroelectric_1_inlet,427,245.75199760776903,0
RMRG_conventional_hydroelectric_1_inlet,428,245.75199760776903,0
RMRG_conventional_hydroelectric_1_inlet,429,245.75199760776903,0
RMRG_conventional_hydroelectric_1_inlet,430,245.75199760776903,0
RMRG_conventional_hydroelectric_1_inlet,431,245.75199760776903,0
RMRG_conventional_hydroelectric_1_inlet,432,245.75199760776903,0
RMRG_conventional_hydroelectric_1_inlet,433,225.8112067449364,0
RMRG_conventional_hydroelectric_1_inlet,434,225.722020102155,0
RMRG_conventional_hydroelectric_1_inlet,435,225.63283345937356,0
RMRG_conventional_hydroelectric_1_inlet,436,225.56702524567027,0
RMRG_conventional_hydroelectric_1_inlet,437,225.5267589978107,0
RMRG_conventional_hydroelectric_1_inlet,438,225.4375723550293,0
RMRG_conventional_hydroelectric_1_inlet,439,225.34838571224785,0
RMRG_conventional_hydroelectric_1_inlet,440,225.28257749854455,0
RMRG_conventional_hydroelectric_1_inlet,441,225.24231125068496,0
RMRG_conventional_hydroelectric_1_inlet,442,225.15312460790355,0
RMRG_conventional_hydroelectric_1_inlet,443,225.06393796512214,0
RMRG_conventional_hydroelectric_1_inlet,444,225.04705014634072,0
RMRG_conventional_hydroelectric_1_inlet,445,224.95786350355925,0
RMRG_conventional_hydroelectric_1_inlet,446,224.8686768607778,0
RMRG_conventional_hydroelectric_1_inlet,447,224.80286864707452,0
RMRG_conventional_hydroelectric_1_inlet,448,224.762602399215,0
RMRG_conventional_hydroelectric_1_inlet,449,224.67341575643354,0
RMRG_conventional_hydroelectric_1_inlet,450,224.5842291136521,0
RMRG_conventional_hydroelectric_1_inlet,451,224.5184208999488,0
RMRG_conventional_hydroelectric_1_inlet,452,224.47815465208922,0
RMRG_conventional_hydroelectric_1_inlet,453,224.3889680093078,0
RMRG_conventional_hydroelectric_1_inlet,454,224.2997813665264,0
RMRG_conventional_hydroelectric_1_inlet,455,224.2339731528231,0
RMRG_conventional_hydroelectric_1_inlet,456,224.1937069049635,0
RMRG_conventional_hydroelectric_1_inlet,457,219.95036912715577,0
RMRG_conventional_hydroelectric_1_inlet,458,219.95036912715577,0
RMRG_conventional_hydroelectric_1_inlet,459,219.95036912715577,0
RMRG_conventional_hydroelectric_1_inlet,460,219.95036912715577,0
RMRG_conventional_hydroelectric_1_inlet,461,219.95036912715577,0
RMRG_conventional_hydroelectric_1_inlet,462,219.95036912715577,0
RMRG_conventional_hydroelectric_1_inlet,463,219.95036912715577,0
RMRG_conventional_hydroelectric_1_inlet,464,219.95036912715577,0
RMRG_conventional_hydroelectric_1_inlet,465,219.95036912715577,0
RMRG_conventional_hydroelectric_1_inlet,466,219.95036912715577,0
RMRG_conventional_hydroelectric_1_inlet,467,219.95036912715577,0
RMRG_conventional_hydroelectric_1_inlet,468,219.95036912715577,0
RMRG_conventional_hydroelectric_1_inlet,469,219.95036912715577,0
RMRG_conventional_hydroelectric_1_inlet,470,219.95036912715577,0
RMRG_conventional_hydroelectric_1_inlet,471,219.95036912715577,0
RMRG_conventional_hydroelectric_1_inlet,472,219.95036912715577,0
RMRG_conventional_hydroelectric_1_inlet,473,219.95036912715577,0
RMRG_conventional_hydroelectric_1_inlet,474,219.95036912715577,0
RMRG_conventional_hydroelectric_1_inlet,475,219.95036912715577,0
RMRG_conventional_hydroelectric_1_inlet,476,219.95036912715577,0
RMRG_conventional_hydroelectric_1_inlet,477,219.95036912715577,0
RMRG_conventional_hydroelectric_1_inlet,478,219.95036912715577,0
RMRG_conventional_hydroelectric_1_inlet,479,219.95036912715577,0
RMRG_conventional_hydroelectric_1_inlet,480,219.95036912715577,0
RMRG_conventional_hydroelectric_1_inlet,481,22.60694091856445,0
RMRG_conventional_hydroelectric_1_inlet,482,22.60694091856445,0
RMRG_conventional_hydroelectric_1_inlet,483,22.60694091856445,0
RMRG_conventional_hydroelectric_1_inlet,484,22.60694091856445,0
RMRG_conventional_hydroelectric_1_inlet,485,22.60694091856445,0
RMRG_conventional_hydroelectric_1_inlet,486,22.60694091856445,0
RMRG_conventional_hydroelectric_1_inlet,487,22.60694091856445,0
RMRG_conventional_hydroelectric_1_inlet,488,22.60694091856445,0
RMRG_conventional_hydroelectric_1_inlet,489,22.60694091856445,0
RMRG_conventional_hydroelectric_1_inlet,490,22.60694091856445,0
RMRG_conventional_hydroelectric_1_inlet,491,22.60694091856445,0
RMRG_conventional_hydroelectric_1_inlet,492,22.60694091856445,0
RMRG_conventional_hydroelectric_1_inlet,493,22.60694091856445,0
RMRG_conventional_hydroelectric_1_inlet,494,22.60694091856445,0
RMRG_conventional_hydroelectric_1_inlet,495,22.60694091856445,0
RMRG_conventional_hydroelectric_1_inlet,496,22.60694091856445,0
RMRG_conventional_hydroelectric_1_inlet,497,22.60694091856445,0
RMRG_conventional_hydroelectric_1_inlet,498,22.60694091856445,0
RMRG_conventional_hydroelectric_1_inlet,499,22.60694091856445,0
RMRG_conventional_hydroelectric_1_inlet,500,22.60694091856445,0
RMRG_conventional_hydroelectric_1_inlet,501,22.60694091856445,0
RMRG_conventional_hydroelectric_1_inlet,502,22.60694091856445,0
RMRG_conventional_hydroelectric_1_inlet,503,22.60694091856445,0
RMRG_conventional_hydroelectric_1_inlet,504,22.60694091856445,0
RMRG_conventional_hydroelectric_1_inlet,505,57.76862575752226,0
RMRG_conventional_hydroelectric_1_inlet,506,58.036606161209676,0
RMRG_conventional_hydroelectric_1_inlet,507,58.33012853074083,0
RMRG_conventional_hydroelectric_1_inlet,508,58.64702932935012,0
RMRG_conventional_hydroelectric_1_inlet,509,58.963930127959394,0
RMRG_conventional_hydroelectric_1_inlet,510,59.20853210256868,0
RMRG_conventional_hydroelectric_1_inlet,511,59.52543290117796,0
RMRG_conventional_hydroelectric_1_inlet,512,59.8189552707091,0
RMRG_conventional_hydroelectric_1_inlet,513,60.086935674396535,0
RMRG_conventional_hydroelectric_1_inlet,514,60.38045804392767,0
RMRG_conventional_hydroelectric_1_inlet,515,60.69735884253696,0
RMRG_conventional_hydroelectric_1_inlet,516,61.014259641146246,0
RMRG_conventional_hydroelectric_1_inlet,517,61.25886161575552,0
RMRG_conventional_hydroelectric_1_inlet,518,61.5757624143648,0
RMRG_conventional_hydroelectric_1_inlet,519,61.86928478389595,0
RMRG_conventional_hydroelectric_1_inlet,520,62.137265187583374,0
RMRG_conventional_hydroelectric_1_inlet,521,62.43078755711451,0
RMRG_conventional_hydroelectric_1_inlet,522,62.747688355723795,0
RMRG_conventional_hydroelectric_1_inlet,523,63.01566875941122,0
RMRG_conventional_hydroelectric_1_inlet,524,63.30919112894237,0
RMRG_conventional_hydroelectric_1_inlet,525,63.62609192755166,0
RMRG_conventional_hydroelectric_1_inlet,526,63.9196142970828,0
RMRG_conventional_hydroelectric_1_inlet,527,64.18759470077023,0
RMRG_conventional_hydroelectric_1_inlet,528,64.48111707030137,0
RMRG_conventional_hydroelectric_1_inlet,529,124.15973296148545,0
RMRG_conventional_hydroelectric_1_inlet,530,124.15973296148545,0
RMRG_conventional_hydroelectric_1_inlet,531,124.15973296148545,0
RMRG_conventional_hydroelectric_1_inlet,532,124.15973296148545,0
RMRG_conventional_hydroelectric_1_inlet,533,124.15973296148545,0
RMRG_conventional_hydroelectric_1_inlet,534,124.15973296148545,0
RMRG_conventional_hydroelectric_1_inlet,535,124.15973296148545,0
RMRG_conventional_hydroelectric_1_inlet,536,124.15973296148545,0
RMRG_conventional_hydroelectric_1_inlet,537,124.15973296148545,0
RMRG_conventional_hydroelectric_1_inlet,538,124.15973296148545,0
RMRG_conventional_hydroelectric_1_inlet,539,124.15973296148545,0
RMRG_conventional_hydroelectric_1_inlet,540,124.15973296148545,0
RMRG_conventional_hydroelectric_1_inlet,541,124.15973296148545,0
RMRG_conventional_hydroelectric_1_inlet,542,124.15973296148545,0
RMRG_conventional_hydroelectric_1_inlet,543,124.15973296148545,0
RMRG_conventional_hydroelectric_1_inlet,544,124.15973296148545,0
RMRG_conventional_hydroelectric_1_inlet,545,124.15973296148545,0
RMRG_conventional_hydroelectric_1_inlet,546,124.15973296148545,0
RMRG_conventional_hydroelectric_1_inlet,547,124.15973296148545,0
RMRG_conventional_hydroelectric_1_inlet,548,124.15973296148545,0
RMRG_conventional_hydroelectric_1_inlet,549,124.15973296148545,0
RMRG_conventional_hydroelectric_1_inlet,550,124.15973296148545,0
RMRG_conventional_hydroelectric_1_inlet,551,124.15973296148545,0
RMRG_conventional_hydroelectric_1_inlet,552,124.15973296148545,0
RMRG_conventional_hydroelectric_1_inlet,553,130.36222590807657,0
RMRG_conventional_hydroelectric_1_inlet,554,130.4111463029984,0
RMRG_conventional_hydroelectric_1_inlet,555,130.50898709284212,0
RMRG_conventional_hydroelectric_1_inlet,556,130.55790748776394,0
RMRG_conventional_hydroelectric_1_inlet,557,130.60682788268585,0
RMRG_conventional_hydroelectric_1_inlet,558,130.70466867252955,0
RMRG_conventional_hydroelectric_1_inlet,559,130.73021063837328,0
RMRG_conventional_hydroelectric_1_inlet,560,130.7791310332951,0
RMRG_conventional_hydroelectric_1_inlet,561,130.87697182313883,0
RMRG_conventional_hydroelectric_1_inlet,562,130.92589221806068,0
RMRG_conventional_hydroelectric_1_inlet,563,130.97481261298253,0
RMRG_conventional_hydroelectric_1_inlet,564,131.07265340282626,0
RMRG_conventional_hydroelectric_1_inlet,565,131.1215737977481,0
RMRG_conventional_hydroelectric_1_inlet,566,131.1960361585137,0
RMRG_conventional_hydroelectric_1_inlet,567,131.24495655343554,0
RMRG_conventional_hydroelectric_1_inlet,568,131.2938769483574,0
RMRG_conventional_hydroelectric_1_inlet,569,131.39171773820112,0
RMRG_conventional_hydroelectric_1_inlet,570,131.44063813312297,0
RMRG_conventional_hydroelectric_1_inlet,571,131.48955852804482,0
RMRG_conventional_hydroelectric_1_inlet,572,131.58739931788855,0
RMRG_conventional_hydroelectric_1_inlet,573,131.6363197128104,0
RMRG_conventional_hydroelectric_1_inlet,574,131.71078207357596,0
RMRG_conventional_hydroelectric_1_inlet,575,131.7597024684978,0
RMRG_conventional_hydroelectric_1_inlet,576,131.80862286341969,0
SPPC_conventional_hydroelectric_1_inlet,1,5.8715280000000005,0
SPPC_conventional_hydroelectric_1_inlet,2,5.88744,0
SPPC_conventional_hydroelectric_1_inlet,3,5.903352,0
SPPC_conventional_hydroelectric_1_inlet,4,5.919264,0
SPPC_conventional_hydroelectric_1_inlet,5,5.935176,0
SPPC_conventional_hydroelectric_1_inlet,6,5.956392,0
SPPC_conventional_hydroelectric_1_inlet,7,5.972304,0
SPPC_conventional_hydroelectric_1_inlet,8,5.9882159999999995,0
SPPC_conventional_hydroelectric_1_inlet,9,6.004128,0
SPPC_conventional_hydroelectric_1_inlet,10,6.020040000000001,0
SPPC_conventional_hydroelectric_1_inlet,11,6.035952,0
SPPC_conventional_hydroelectric_1_inlet,12,6.057168,0
SPPC_conventional_hydroelectric_1_inlet,13,6.07308,0
SPPC_conventional_hydroelectric_1_inlet,14,6.088992,0
SPPC_conventional_hydroelectric_1_inlet,15,6.104903999999999,0
SPPC_conventional_hydroelectric_1_inlet,16,6.1208160000000005,0
SPPC_conventional_hydroelectric_1_inlet,17,6.136728,0
SPPC_conventional_hydroelectric_1_inlet,18,6.157944,0
SPPC_conventional_hydroelectric_1_inlet,19,6.173856,0
SPPC_conventional_hydroelectric_1_inlet,20,6.189768,0
SPPC_conventional_hydroelectric_1_inlet,21,6.205680000000001,0
SPPC_conventional_hydroelectric_1_inlet,22,6.221592,0
SPPC_conventional_hydroelectric_1_inlet,23,6.237504,0
SPPC_conventional_hydroelectric_1_inlet,24,6.258719999999999,0
SPPC_conventional_hydroelectric_1_inlet,25,8.67204,0
SPPC_conventional_hydroelectric_1_inlet,26,8.677344,0
SPPC_conventional_hydroelectric_1_inlet,27,8.682648,0
SPPC_conventional_hydroelectric_1_inlet,28,8.682648,0
SPPC_conventional_hydroelectric_1_inlet,29,8.687952,0
SPPC_conventional_hydroelectric_1_inlet,30,8.693256,0
SPPC_conventional_hydroelectric_1_inlet,31,8.69856,0
SPPC_conventional_hydroelectric_1_inlet,32,8.69856,0
SPPC_conventional_hydroelectric_1_inlet,33,8.703864,0
SPPC_conventional_hydroelectric_1_inlet,34,8.709168000000002,0
SPPC_conventional_hydroelectric_1_inlet,35,8.714472,0
SPPC_conventional_hydroelectric_1_inlet,36,8.719776,0
SPPC_conventional_hydroelectric_1_inlet,37,8.719776,0
SPPC_conventional_hydroelectric_1_inlet,38,8.725080000000002,0
SPPC_conventional_hydroelectric_1_inlet,39,8.730383999999999,0
SPPC_conventional_hydroelectric_1_inlet,40,8.735688,0
SPPC_conventional_hydroelectric_1_inlet,41,8.735688,0
SPPC_conventional_hydroelectric_1_inlet,42,8.740992,0
SPPC_conventional_hydroelectric_1_inlet,43,8.746296,0
SPPC_conventional_hydroelectric_1_inlet,44,8.7516,0
SPPC_conventional_hydroelectric_1_inlet,45,8.756904,0
SPPC_conventional_hydroelectric_1_inlet,46,8.756904,0
SPPC_conventional_hydroelectric_1_inlet,47,8.762208000000001,0
SPPC_conventional_hydroelectric_1_inlet,48,8.767512,0
SPPC_conventional_hydroelectric_1_inlet,49,9.563111999999999,0
SPPC_conventional_hydroelectric_1_inlet,50,9.563111999999999,0
SPPC_conventional_hydroelectric_1_inlet,51,9.563111999999999,0
SPPC_conventional_hydroelectric_1_inlet,52,9.563111999999999,0
SPPC_conventional_hydroelectric_1_inlet,53,9.563111999999999,0
SPPC_conventional_hydroelectric_1_inlet,54,9.563111999999999,0
SPPC_conventional_hydroelectric_1_inlet,55,9.563111999999999,0
SPPC_conventional_hydroelectric_1_inlet,56,9.563111999999999,0
SPPC_conventional_hydroelectric_1_inlet,57,9.563111999999999,0
SPPC_conventional_hydroelectric_1_inlet,58,9.563111999999999,0
SPPC_conventional_hydroelectric_1_inlet,59,9.563111999999999,0
SPPC_conventional_hydroelectric_1_inlet,60,9.563111999999999,0
SPPC_conventional_hydroelectric_1_inlet,61,9.563111999999999,0
SPPC_conventional_hydroelectric_1_inlet,62,9.563111999999999,0
SPPC_conventional_hydroelectric_1_inlet,63,9.563111999999999,0
SPPC_conventional_hydroelectric_1_inlet,64,9.563111999999999,0
SPPC_conventional_hydroelectric_1_inlet,65,9.563111999999999,0
SPPC_conventional_hydroelectric_1_inlet,66,9.563111999999999,0
SPPC_conventional_hydroelectric_1_inlet,67,9.563111999999999,0
SPPC_conventional_hydroelectric_1_inlet,68,9.563111999999999,0
SPPC_conventional_hydroelectric_1_inlet,69,9.563111999999999,0
SPPC_conventional_hydroelectric_1_inlet,70,9.563111999999999,0
SPPC_conventional_hydroelectric_1_inlet,71,9.563111999999999,0
SPPC_conventional_hydroelectric_1_inlet,72,9.563111999999999,0
SPPC_conventional_hydroelectric_1_inlet,73,9.563111999999999,0
SPPC_conventional_hydroelectric_1_inlet,74,9.563111999999999,0
SPPC_conventional_hydroelectric_1_inlet,75,9.563111999999999,0
SPPC_conventional_hydroelectric_1_inlet,76,9.563111999999999,0
SPPC_conventional_hydroelectric_1_inlet,77,9.563111999999999,0
SPPC_conventional_hydroelectric_1_inlet,78,9.563111999999999,0
SPPC_conventional_hydroelectric_1_inlet,79,9.563111999999999,0
SPPC_conventional_hydroelectric_1_inlet,80,9.563111999999999,0
SPPC_conventional_hydroelectric_1_inlet,81,9.563111999999999,0
SPPC_conventional_hydroelectric_1_inlet,82,9.563111999999999,0
SPPC_conventional_hydroelectric_1_inlet,83,9.563111999999999,0
SPPC_conventional_hydroelectric_1_inlet,84,9.563111999999999,0
SPPC_conventional_hydroelectric_1_inlet,85,9.563111999999999,0
SPPC_conventional_hydroelectric_1_inlet,86,9.563111999999999,0
SPPC_conventional_hydroelectric_1_inlet,87,9.563111999999999,0
SPPC_conventional_hydroelectric_1_inlet,88,9.563111999999999,0
SPPC_conventional_hydroelectric_1_inlet,89,9.563111999999999,0
SPPC_conventional_hydroelectric_1_inlet,90,9.563111999999999,0
SPPC_conventional_hydroelectric_1_inlet,91,9.563111999999999,0
SPPC_conventional_hydroelectric_1_inlet,92,9.563111999999999,0
SPPC_conventional_hydroelectric_1_inlet,93,9.563111999999999,0
SPPC_conventional_hydroelectric_1_inlet,94,9.563111999999999,0
SPPC_conventional_hydroelectric_1_inlet,95,9.563111999999999,0
SPPC_conventional_hydroelectric_1_inlet,96,9.563111999999999,0
SPPC_conventional_hydroelectric_1_inlet,97,17.869176,0
SPPC_conventional_hydroelectric_1_inlet,98,17.895696,0
SPPC_conventional_hydroelectric_1_inlet,99,17.922216,0
SPPC_conventional_hydroelectric_1_inlet,100,17.948736,0
SPPC_conventional_hydroelectric_1_inlet,101,17.975255999999998,0
SPPC_conventional_hydroelectric_1_inlet,102,18.007080000000002,0
SPPC_conventional_hydroelectric_1_inlet,103,18.033600000000003,0
SPPC_conventional_hydroelectric_1_inlet,104,18.06012,0
SPPC_conventional_hydroelectric_1_inlet,105,18.086640000000003,0
SPPC_conventional_hydroelectric_1_inlet,106,18.11316,0
SPPC_conventional_hydroelectric_1_inlet,107,18.144984,0
SPPC_conventional_hydroelectric_1_inlet,108,18.171504000000002,0
SPPC_conventional_hydroelectric_1_inlet,109,18.198024,0
SPPC_conventional_hydroelectric_1_inlet,110,18.224544,0
SPPC_conventional_hydroelectric_1_inlet,111,18.251064,0
SPPC_conventional_hydroelectric_1_inlet,112,18.282888,0
SPPC_conventional_hydroelectric_1_inlet,113,18.309408,0
SPPC_conventional_hydroelectric_1_inlet,114,18.335928000000003,0
SPPC_conventional_hydroelectric_1_inlet,115,18.362448,0
SPPC_conventional_hydroelectric_1_inlet,116,18.388968,0
SPPC_conventional_hydroelectric_1_inlet,117,18.420792,0
SPPC_conventional_hydroelectric_1_inlet,118,18.447312,0
SPPC_conventional_hydroelectric_1_inlet,119,18.473832,0
SPPC_conventional_hydroelectric_1_inlet,120,18.500352,0
SPPC_conventional_hydroelectric_1_inlet,121,19.497504,0
SPPC_conventional_hydroelectric_1_inlet,122,19.497504,0
SPPC_conventional_hydroelectric_1_inlet,123,19.497504,0
SPPC_conventional_hydroelectric_1_inlet,124,19.497504,0
SPPC_conventional_hydroelectric_1_inlet,125,19.497504,0
SPPC_conventional_hydroelectric_1_inlet,126,19.497504,0
SPPC_conventional_hydroelectric_1_inlet,127,19.497504,0
SPPC_conventional_hydroelectric_1_inlet,128,19.497504,0
SPPC_conventional_hydroelectric_1_inlet,129,19.497504,0
SPPC_conventional_hydroelectric_1_inlet,130,19.497504,0
SPPC_conventional_hydroelectric_1_inlet,131,19.497504,0
SPPC_conventional_hydroelectric_1_inlet,132,19.497504,0
SPPC_conventional_hydroelectric_1_inlet,133,19.497504,0
SPPC_conventional_hydroelectric_1_inlet,134,19.497504,0
SPPC_conventional_hydroelectric_1_inlet,135,19.497504,0
SPPC_conventional_hydroelectric_1_inlet,136,19.497504,0
SPPC_conventional_hydroelectric_1_inlet,137,19.497504,0
SPPC_conventional_hydroelectric_1_inlet,138,19.497504,0
SPPC_conventional_hydroelectric_1_inlet,139,19.497504,0
SPPC_conventional_hydroelectric_1_inlet,140,19.497504,0
SPPC_conventional_hydroelectric_1_inlet,141,19.497504,0
SPPC_conventional_hydroelectric_1_inlet,142,19.497504,0
SPPC_conventional_hydroelectric_1_inlet,143,19.497504,0
SPPC_conventional_hydroelectric_1_inlet,144,19.497504,0
SPPC_conventional_hydroelectric_1_inlet,145,20.059728,0
SPPC_conventional_hydroelectric_1_inlet,146,20.059728,0
SPPC_conventional_hydroelectric_1_inlet,147,20.065032000000002,0
SPPC_conventional_hydroelectric_1_inlet,148,20.065032000000002,0
SPPC_conventional_hydroelectric_1_inlet,149,20.070336,0
SPPC_conventional_hydroelectric_1_inlet,150,20.070336,0
SPPC_conventional_hydroelectric_1_inlet,151,20.070336,0
SPPC_conventional_hydroelectric_1_inlet,152,20.07564,0
SPPC_conventional_hydroelectric_1_inlet,153,20.07564,0
SPPC_conventional_hydroelectric_1_inlet,154,20.080944000000002,0
SPPC_conventional_hydroelectric_1_inlet,155,20.080944000000002,0
SPPC_conventional_hydroelectric_1_inlet,156,20.086248,0
SPPC_conventional_hydroelectric_1_inlet,157,20.086248,0
SPPC_conventional_hydroelectric_1_inlet,158,20.091552000000004,0
SPPC_conventional_hydroelectric_1_inlet,159,20.091552000000004,0
SPPC_conventional_hydroelectric_1_inlet,160,20.091552000000004,0
SPPC_conventional_hydroelectric_1_inlet,161,20.096856000000002,0
SPPC_conventional_hydroelectric_1_inlet,162,20.096856000000002,0
SPPC_conventional_hydroelectric_1_inlet,163,20.10216,0
SPPC_conventional_hydroelectric_1_inlet,164,20.10216,0
SPPC_conventional_hydroelectric_1_inlet,165,20.107464,0
SPPC_conventional_hydroelectric_1_inlet,166,20.107464,0
SPPC_conventional_hydroelectric_1_inlet,167,20.107464,0
SPPC_conventional_hydroelectric_1_inlet,168,20.112768,0
SPPC_conventional_hydroelectric_1_inlet,169,20.351448,0
SPPC_conventional_hydroelectric_1_inlet,170,20.351448,0
SPPC_conventional_hydroelectric_1_inlet,171,20.351448,0
SPPC_conventional_hydroelectric_1_inlet,172,20.351448,0
SPPC_conventional_hydroelectric_1_inlet,173,20.351448,0
SPPC_conventional_hydroelectric_1_inlet,174,20.351448,0
SPPC_conventional_hydroelectric_1_inlet,175,20.351448,0
SPPC_conventional_hydroelectric_1_inlet,176,20.351448,0
SPPC_conventional_hydroelectric_1_inlet,177,20.351448,0
SPPC_conventional_hydroelectric_1_inlet,178,20.351448,0
SPPC_conventional_hydroelectric_1_inlet,179,20.351448,0
SPPC_conventional_hydroelectric_1_inlet,180,20.351448,0
SPPC_conventional_hydroelectric_1_inlet,181,20.351448,0
SPPC_conventional_hydroelectric_1_inlet,182,20.351448,0
SPPC_conventional_hydroelectric_1_inlet,183,20.351448,0
SPPC_conventional_hydroelectric_1_inlet,184,20.351448,0
SPPC_conventional_hydroelectric_1_inlet,185,20.351448,0
SPPC_conventional_hydroelectric_1_inlet,186,20.351448,0
SPPC_conventional_hydroelectric_1_inlet,187,20.351448,0
SPPC_conventional_hydroelectric_1_inlet,188,20.351448,0
SPPC_conventional_hydroelectric_1_inlet,189,20.351448,0
SPPC_conventional_hydroelectric_1_inlet,190,20.351448,0
SPPC_conventional_hydroelectric_1_inlet,191,20.351448,0
SPPC_conventional_hydroelectric_1_inlet,192,20.351448,0
SPPC_conventional_hydroelectric_1_inlet,193,13.450944,0
SPPC_conventional_hydroelectric_1_inlet,194,13.450944,0
SPPC_conventional_hydroelectric_1_inlet,195,13.450944,0
SPPC_conventional_hydroelectric_1_inlet,196,13.450944,0
SPPC_conventional_hydroelectric_1_inlet,197,13.450944,0
SPPC_conventional_hydroelectric_1_inlet,198,13.450944,0
SPPC_conventional_hydroelectric_1_inlet,199,13.450944,0
SPPC_conventional_hydroelectric_1_inlet,200,13.450944,0
SPPC_conventional_hydroelectric_1_inlet,201,13.450944,0
SPPC_conventional_hydroelectric_1_inlet,202,13.450944,0
SPPC_conventional_hydroelectric_1_inlet,203,13.450944,0
SPPC_conventional_hydroelectric_1_inlet,204,13.450944,0
SPPC_conventional_hydroelectric_1_inlet,205,13.450944,0
SPPC_conventional_hydroelectric_1_inlet,206,13.450944,0
SPPC_conventional_hydroelectric_1_inlet,207,13.450944,0
SPPC_conventional_hydroelectric_1_inlet,208,13.450944,0
SPPC_conventional_hydroelectric_1_inlet,209,13.450944,0
SPPC_conventional_hydroelectric_1_inlet,210,13.450944,0
SPPC_conventional_hydroelectric_1_inlet,211,13.450944,0
SPPC_conventional_hydroelectric_1_inlet,212,13.450944,0
SPPC_conventional_hydroelectric_1_inlet,213,13.450944,0
SPPC_conventional_hydroelectric_1_inlet,214,13.450944,0
SPPC_conventional_hydroelectric_1_inlet,215,13.450944,0
SPPC_conventional_hydroelectric_1_inlet,216,13.450944,0
SPPC_conventional_hydroelectric_1_inlet,217,9.457032,0
SPPC_conventional_hydroelectric_1_inlet,218,9.430512,0
SPPC_conventional_hydroelectric_1_inlet,219,9.403992,0
SPPC_conventional_hydroelectric_1_inlet,220,9.377472000000001,0
SPPC_conventional_hydroelectric_1_inlet,221,9.350952000000001,0
SPPC_conventional_hydroelectric_1_inlet,222,9.324432,0
SPPC_conventional_hydroelectric_1_inlet,223,9.292608,0
SPPC_conventional_hydroelectric_1_inlet,224,9.266088,0
SPPC_conventional_hydroelectric_1_inlet,225,9.239568,0
SPPC_conventional_hydroelectric_1_inlet,226,9.213048,0
SPPC_conventional_hydroelectric_1_inlet,227,9.186528,0
SPPC_conventional_hydroelectric_1_inlet,228,9.154704,0
SPPC_conventional_hydroelectric_1_inlet,229,9.128184000000001,0
SPPC_conventional_hydroelectric_1_inlet,230,9.101664,0
SPPC_conventional_hydroelectric_1_inlet,231,9.075144,0
SPPC_conventional_hydroelectric_1_inlet,232,9.048624,0
SPPC_conventional_hydroelectric_1_inlet,233,9.016800000000002,0
SPPC_conventional_hydroelectric_1_inlet,234,8.99028,0
SPPC_conventional_hydroelectric_1_inlet,235,8.96376,0
SPPC_conventional_hydroelectric_1_inlet,236,8.937240000000001,0
SPPC_conventional_hydroelectric_1_inlet,237,8.910720000000001,0
SPPC_conventional_hydroelectric_1_inlet,238,8.878896,0
SPPC_conventional_hydroelectric_1_inlet,239,8.852376,0
SPPC_conventional_hydroelectric_1_inlet,240,8.825856,0
SPPC_conventional_hydroelectric_1_inlet,241,3.373344,0
SPPC_conventional_hydroelectric_1_inlet,242,3.373344,0
SPPC_conventional_hydroelectric_1_inlet,243,3.373344,0
SPPC_conventional_hydroelectric_1_inlet,244,3.373344,0
SPPC_conventional_hydroelectric_1_inlet,245,3.373344,0
SPPC_conventional_hydroelectric_1_inlet,246,3.373344,0
SPPC_conventional_hydroelectric_1_inlet,247,3.373344,0
SPPC_conventional_hydroelectric_1_inlet,248,3.373344,0
SPPC_conventional_hydroelectric_1_inlet,249,3.373344,0
SPPC_conventional_hydroelectric_1_inlet,250,3.373344,0
SPPC_conventional_hydroelectric_1_inlet,251,3.373344,0
SPPC_conventional_hydroelectric_1_inlet,252,3.373344,0
SPPC_conventional_hydroelectric_1_inlet,253,3.373344,0
SPPC_conventional_hydroelectric_1_inlet,254,3.373344,0
SPPC_conventional_hydroelectric_1_inlet,255,3.373344,0
SPPC_conventional_hydroelectric_1_inlet,256,3.373344,0
SPPC_conventional_hydroelectric_1_inlet,257,3.373344,0
SPPC_conventional_hydroelectric_1_inlet,258,3.373344,0
SPPC_conventional_hydroelectric_1_inlet,259,3.373344,0
SPPC_conventional_hydroelectric_1_inlet,260,3.373344,0
SPPC_conventional_hydroelectric_1_inlet,261,3.373344,0
SPPC_conventional_hydroelectric_1_inlet,262,3.373344,0
SPPC_conventional_hydroelectric_1_inlet,263,3.373344,0
SPPC_conventional_hydroelectric_1_inlet,264,3.373344,0
SPPC_conventional_hydroelectric_1_inlet,265,3.7446239999999995,0
SPPC_conventional_hydroelectric_1_inlet,266,3.7499279999999997,0
SPPC_conventional_hydroelectric_1_inlet,267,3.7499279999999997,0
SPPC_conventional_hydroelectric_1_inlet,268,3.7552320000000003,0
SPPC_conventional_hydroelectric_1_inlet,269,3.7552320000000003,0
SPPC_conventional_hydroelectric_1_inlet,270,3.7552320000000003,0
SPPC_conventional_hydroelectric_1_inlet,271,3.7605360000000005,0
SPPC_conventional_hydroelectric_1_inlet,272,3.7605360000000005,0
SPPC_conventional_hydroelectric_1_inlet,273,3.76584,0
SPPC_conventional_hydroelectric_1_inlet,274,3.76584,0
SPPC_conventional_hydroelectric_1_inlet,275,3.771144,0
SPPC_conventional_hydroelectric_1_inlet,276,3.771144,0
SPPC_conventional_hydroelectric_1_inlet,277,3.771144,0
SPPC_conventional_hydroelectric_1_inlet,278,3.776448,0
SPPC_conventional_hydroelectric_1_inlet,279,3.776448,0
SPPC_conventional_hydroelectric_1_inlet,280,3.781752,0
SPPC_conventional_hydroelectric_1_inlet,281,3.781752,0
SPPC_conventional_hydroelectric_1_inlet,282,3.787056,0
SPPC_conventional_hydroelectric_1_inlet,283,3.787056,0
SPPC_conventional_hydroelectric_1_inlet,284,3.787056,0
SPPC_conventional_hydroelectric_1_inlet,285,3.7923599999999995,0
SPPC_conventional_hydroelectric_1_inlet,286,3.7923599999999995,0
SPPC_conventional_hydroelectric_1_inlet,287,3.797664,0
SPPC_conventional_hydroelectric_1_inlet,288,3.797664,0
SPPC_conventional_hydroelectric_1_inlet,289,4.2113760000000005,0
SPPC_conventional_hydroelectric_1_inlet,290,4.2113760000000005,0
SPPC_conventional_hydroelectric_1_inlet,291,4.2113760000000005,0
SPPC_conventional_hydroelectric_1_inlet,292,4.2113760000000005,0
SPPC_conventional_hydroelectric_1_inlet,293,4.2113760000000005,0
SPPC_conventional_hydroelectric_1_inlet,294,4.2113760000000005,0
SPPC_conventional_hydroelectric_1_inlet,295,4.2113760000000005,0
SPPC_conventional_hydroelectric_1_inlet,296,4.2113760000000005,0
SPPC_conventional_hydroelectric_1_inlet,297,4.2113760000000005,0
SPPC_conventional_hydroelectric_1_inlet,298,4.2113760000000005,0
SPPC_conventional_hydroelectric_1_inlet,299,4.2113760000000005,0
SPPC_conventional_hydroelectric_1_inlet,300,4.2113760000000005,0
SPPC_conventional_hydroelectric_1_inlet,301,4.2113760000000005,0
SPPC_conventional_hydroelectric_1_inlet,302,4.2113760000000005,0
SPPC_conventional_hydroelectric_1_inlet,303,4.2113760000000005,0
SPPC_conventional_hydroelectric_1_inlet,304,4.2113760000000005,0
SPPC_conventional_hydroelectric_1_inlet,305,4.2113760000000005,0
SPPC_conventional_hydroelectric_1_inlet,306,4.2113760000000005,0
SPPC_conventional_hydroelectric_1_inlet,307,4.2113760000000005,0
SPPC_conventional_hydroelectric_1_inlet,308,4.2113760000000005,0
SPPC_conventional_hydroelectric_1_inlet,309,4.2113760000000005,0
SPPC_conventional_hydroelectric_1_inlet,310,4.2113760000000005,0
SPPC_conventional_hydroelectric_1_inlet,311,4.2113760000000005,0
SPPC_conventional_hydroelectric_1_inlet,312,4.2113760000000005,0
SPPC_conventional_hydroelectric_1_inlet,313,3.9992159999999997,0
SPPC_conventional_hydroelectric_1_inlet,314,3.9992159999999997,0
SPPC_conventional_hydroelectric_1_inlet,315,3.993912000000001,0
SPPC_conventional_hydroelectric_1_inlet,316,3.993912000000001,0
SPPC_conventional_hydroelectric_1_inlet,317,3.9886080000000006,0
SPPC_conventional_hydroelectric_1_inlet,318,3.9886080000000006,0
SPPC_conventional_hydroelectric_1_inlet,319,3.9833040000000004,0
SPPC_conventional_hydroelectric_1_inlet,320,3.9833040000000004,0
SPPC_conventional_hydroelectric_1_inlet,321,3.9779999999999998,0
SPPC_conventional_hydroelectric_1_inlet,322,3.9726959999999996,0
SPPC_conventional_hydroelectric_1_inlet,323,3.9726959999999996,0
SPPC_conventional_hydroelectric_1_inlet,324,3.9673920000000003,0
SPPC_conventional_hydroelectric_1_inlet,325,3.9673920000000003,0
SPPC_conventional_hydroelectric_1_inlet,326,3.962088,0
SPPC_conventional_hydroelectric_1_inlet,327,3.962088,0
SPPC_conventional_hydroelectric_1_inlet,328,3.9567840000000003,0
SPPC_conventional_hydroelectric_1_inlet,329,3.9567840000000003,0
SPPC_conventional_hydroelectric_1_inlet,330,3.95148,0
SPPC_conventional_hydroelectric_1_inlet,331,3.95148,0
SPPC_conventional_hydroelectric_1_inlet,332,3.946176,0
SPPC_conventional_hydroelectric_1_inlet,333,3.940872,0
SPPC_conventional_hydroelectric_1_inlet,334,3.940872,0
SPPC_conventional_hydroelectric_1_inlet,335,3.935568,0
SPPC_conventional_hydroelectric_1_inlet,336,3.935568,0
SPPC_conventional_hydroelectric_1_inlet,337,3.5165520000000003,0
SPPC_conventional_hydroelectric_1_inlet,338,3.5165520000000003,0
SPPC_conventional_hydroelectric_1_inlet,339,3.511248,0
SPPC_conventional_hydroelectric_1_inlet,340,3.5059440000000004,0
SPPC_conventional_hydroelectric_1_inlet,341,3.5059440000000004,0
SPPC_conventional_hydroelectric_1_inlet,342,3.50064,0
SPPC_conventional_hydroelectric_1_inlet,343,3.50064,0
SPPC_conventional_hydroelectric_1_inlet,344,3.495336,0
SPPC_conventional_hydroelectric_1_inlet,345,3.495336,0
SPPC_conventional_hydroelectric_1_inlet,346,3.490032,0
SPPC_conventional_hydroelectric_1_inlet,347,3.490032,0
SPPC_conventional_hydroelectric_1_inlet,348,3.4847279999999996,0
SPPC_conventional_hydroelectric_1_inlet,349,3.4847279999999996,0
SPPC_conventional_hydroelectric_1_inlet,350,3.4794240000000007,0
SPPC_conventional_hydroelectric_1_inlet,351,3.4741200000000005,0
SPPC_conventional_hydroelectric_1_inlet,352,3.4741200000000005,0
SPPC_conventional_hydroelectric_1_inlet,353,3.4688160000000003,0
SPPC_conventional_hydroelectric_1_inlet,354,3.4688160000000003,0
SPPC_conventional_hydroelectric_1_inlet,355,3.4635119999999997,0
SPPC_conventional_hydroelectric_1_inlet,356,3.4635119999999997,0
SPPC_conventional_hydroelectric_1_inlet,357,3.4582079999999995,0
SPPC_conventional_hydroelectric_1_inlet,358,3.4582079999999995,0
SPPC_conventional_hydroelectric_1_inlet,359,3.452904,0
SPPC_conventional_hydroelectric_1_inlet,360,3.452904,0
SPPC_conventional_hydroelectric_1_inlet,361,3.039192,0
SPPC_conventional_hydroelectric_1_inlet,362,3.039192,0
SPPC_conventional_hydroelectric_1_inlet,363,3.039192,0
SPPC_conventional_hydroelectric_1_inlet,364,3.039192,0
SPPC_conventional_hydroelectric_1_inlet,365,3.039192,0
SPPC_conventional_hydroelectric_1_inlet,366,3.039192,0
SPPC_conventional_hydroelectric_1_inlet,367,3.039192,0
SPPC_conventional_hydroelectric_1_inlet,368,3.033888,0
SPPC_conventional_hydroelectric_1_inlet,369,3.033888,0
SPPC_conventional_hydroelectric_1_inlet,370,3.033888,0
SPPC_conventional_hydroelectric_1_inlet,371,3.033888,0
SPPC_conventional_hydroelectric_1_inlet,372,3.033888,0
SPPC_conventional_hydroelectric_1_inlet,373,3.033888,0
SPPC_conventional_hydroelectric_1_inlet,374,3.033888,0
SPPC_conventional_hydroelectric_1_inlet,375,3.033888,0
SPPC_conventional_hydroelectric_1_inlet,376,3.033888,0
SPPC_conventional_hydroelectric_1_inlet,377,3.028584,0
SPPC_conventional_hydroelectric_1_inlet,378,3.028584,0
SPPC_conventional_hydroelectric_1_inlet,379,3.028584,0
SPPC_conventional_hydroelectric_1_inlet,380,3.028584,0
SPPC_conventional_hydroelectric_1_inlet,381,3.028584,0
SPPC_conventional_hydroelectric_1_inlet,382,3.028584,0
SPPC_conventional_hydroelectric_1_inlet,383,3.028584,0
SPPC_conventional_hydroelectric_1_inlet,384,3.028584,0
SPPC_conventional_hydroelectric_1_inlet,385,2.9543280000000003,0
SPPC_conventional_hydroelectric_1_inlet,386,2.9543280000000003,0
SPPC_conventional_hydroelectric_1_inlet,387,2.9543280000000003,0
SPPC_conventional_hydroelectric_1_inlet,388,2.9543280000000003,0
SPPC_conventional_hydroelectric_1_inlet,389,2.9543280000000003,0
SPPC_conventional_hydroelectric_1_inlet,390,2.9543280000000003,0
SPPC_conventional_hydroelectric_1_inlet,391,2.9543280000000003,0
SPPC_conventional_hydroelectric_1_inlet,392,2.949024,0
SPPC_conventional_hydroelectric_1_inlet,393,2.949024,0
SPPC_conventional_hydroelectric_1_inlet,394,2.949024,0
SPPC_conventional_hydroelectric_1_inlet,395,2.949024,0
SPPC_conventional_hydroelectric_1_inlet,396,2.949024,0
SPPC_conventional_hydroelectric_1_inlet,397,2.949024,0
SPPC_conventional_hydroelectric_1_inlet,398,2.949024,0
SPPC_conventional_hydroelectric_1_inlet,399,2.949024,0
SPPC_conventional_hydroelectric_1_inlet,400,2.949024,0
SPPC_conventional_hydroelectric_1_inlet,401,2.94372,0
SPPC_conventional_hydroelectric_1_inlet,402,2.94372,0
SPPC_conventional_hydroelectric_1_inlet,403,2.94372,0
SPPC_conventional_hydroelectric_1_inlet,404,2.94372,0
SPPC_conventional_hydroelectric_1_inlet,405,2.94372,0
SPPC_conventional_hydroelectric_1_inlet,406,2.94372,0
SPPC_conventional_hydroelectric_1_inlet,407,2.94372,0
SPPC_conventional_hydroelectric_1_inlet,408,2.94372,0
SPPC_conventional_hydroelectric_1_inlet,409,2.922504,0
SPPC_conventional_hydroelectric_1_inlet,410,2.922504,0
SPPC_conventional_hydroelectric_1_inlet,411,2.922504,0
SPPC_conventional_hydroelectric_1_inlet,412,2.922504,0
SPPC_conventional_hydroelectric_1_inlet,413,2.922504,0
SPPC_conventional_hydroelectric_1_inlet,414,2.922504,0
SPPC_conventional_hydroelectric_1_inlet,415,2.922504,0
SPPC_conventional_hydroelectric_1_inlet,416,2.922504,0
SPPC_conventional_hydroelectric_1_inlet,417,2.922504,0
SPPC_conventional_hydroelectric_1_inlet,418,2.922504,0
SPPC_conventional_hydroelectric_1_inlet,419,2.922504,0
SPPC_conventional_hydroelectric_1_inlet,420,2.922504,0
SPPC_conventional_hydroelectric_1_inlet,421,2.922504,0
SPPC_conventional_hydroelectric_1_inlet,422,2.922504,0
SPPC_conventional_hydroelectric_1_inlet,423,2.922504,0
SPPC_conventional_hydroelectric_1_inlet,424,2.922504,0
SPPC_conventional_hydroelectric_1_inlet,425,2.922504,0
SPPC_conventional_hydroelectric_1_inlet,426,2.922504,0
SPPC_conventional_hydroelectric_1_inlet,427,2.922504,0
SPPC_conventional_hydroelectric_1_inlet,428,2.922504,0
SPPC_conventional_hydroelectric_1_inlet,429,2.922504,0
SPPC_conventional_hydroelectric_1_inlet,430,2.922504,0
SPPC_conventional_hydroelectric_1_inlet,431,2.922504,0
SPPC_conventional_hydroelectric_1_inlet,432,2.922504,0
SPPC_conventional_hydroelectric_1_inlet,433,2.339064,0
SPPC_conventional_hydroelectric_1_inlet,434,2.33376,0
SPPC_conventional_hydroelectric_1_inlet,435,2.33376,0
SPPC_conventional_hydroelectric_1_inlet,436,2.328456,0
SPPC_conventional_hydroelectric_1_inlet,437,2.328456,0
SPPC_conventional_hydroelectric_1_inlet,438,2.328456,0
SPPC_conventional_hydroelectric_1_inlet,439,2.323152,0
SPPC_conventional_hydroelectric_1_inlet,440,2.323152,0
SPPC_conventional_hydroelectric_1_inlet,441,2.317848,0
SPPC_conventional_hydroelectric_1_inlet,442,2.317848,0
SPPC_conventional_hydroelectric_1_inlet,443,2.317848,0
SPPC_conventional_hydroelectric_1_inlet,444,2.312544,0
SPPC_conventional_hydroelectric_1_inlet,445,2.312544,0
SPPC_conventional_hydroelectric_1_inlet,446,2.312544,0
SPPC_conventional_hydroelectric_1_inlet,447,2.30724,0
SPPC_conventional_hydroelectric_1_inlet,448,2.30724,0
SPPC_conventional_hydroelectric_1_inlet,449,2.301936,0
SPPC_conventional_hydroelectric_1_inlet,450,2.301936,0
SPPC_conventional_hydroelectric_1_inlet,451,2.301936,0
SPPC_conventional_hydroelectric_1_inlet,452,2.296632,0
SPPC_conventional_hydroelectric_1_inlet,453,2.296632,0
SPPC_conventional_hydroelectric_1_inlet,454,2.2913280000000005,0
SPPC_conventional_hydroelectric_1_inlet,455,2.2913280000000005,0
SPPC_conventional_hydroelectric_1_inlet,456,2.2913280000000005,0
SPPC_conventional_hydroelectric_1_inlet,457,2.164032,0
SPPC_conventional_hydroelectric_1_inlet,458,2.164032,0
SPPC_conventional_hydroelectric_1_inlet,459,2.164032,0
SPPC_conventional_hydroelectric_1_inlet,460,2.164032,0
SPPC_conventional_hydroelectric_1_inlet,461,2.164032,0
SPPC_conventional_hydroelectric_1_inlet,462,2.164032,0
SPPC_conventional_hydroelectric_1_inlet,463,2.164032,0
SPPC_conventional_hydroelectric_1_inlet,464,2.164032,0
SPPC_conventional_hydroelectric_1_inlet,465,2.164032,0
SPPC_conventional_hydroelectric_1_inlet,466,2.164032,0
SPPC_conventional_hydroelectric_1_inlet,467,2.164032,0
SPPC_conventional_hydroelectric_1_inlet,468,2.164032,0
SPPC_conventional_hydroelectric_1_inlet,469,2.164032,0
SPPC_conventional_hydroelectric_1_inlet,470,2.164032,0
SPPC_conventional_hydroelectric_1_inlet,471,2.164032,0
SPPC_conventional_hydroelectric_1_inlet,472,2.164032,0
SPPC_conventional_hydroelectric_1_inlet,473,2.164032,0
SPPC_conventional_hydroelectric_1_inlet,474,2.164032,0
SPPC_conventional_hydroelectric_1_inlet,475,2.164032,0
SPPC_conventional_hydroelectric_1_inlet,476,2.164032,0
SPPC_conventional_hydroelectric_1_inlet,477,2.164032,0
SPPC_conventional_hydroelectric_1_inlet,478,2.164032,0
SPPC_conventional_hydroelectric_1_inlet,479,2.164032,0
SPPC_conventional_hydroelectric_1_inlet,480,2.164032,0
SPPC_conventional_hydroelectric_1_inlet,481,3.055104,0
SPPC_conventional_hydroelectric_1_inlet,482,3.055104,0
SPPC_conventional_hydroelectric_1_inlet,483,3.055104,0
SPPC_conventional_hydroelectric_1_inlet,484,3.055104,0
SPPC_conventional_hydroelectric_1_inlet,485,3.055104,0
SPPC_conventional_hydroelectric_1_inlet,486,3.055104,0
SPPC_conventional_hydroelectric_1_inlet,487,3.055104,0
SPPC_conventional_hydroelectric_1_inlet,488,3.055104,0
SPPC_conventional_hydroelectric_1_inlet,489,3.055104,0
SPPC_conventional_hydroelectric_1_inlet,490,3.055104,0
SPPC_conventional_hydroelectric_1_inlet,491,3.055104,0
SPPC_conventional_hydroelectric_1_inlet,492,3.055104,0
SPPC_conventional_hydroelectric_1_inlet,493,3.055104,0
SPPC_conventional_hydroelectric_1_inlet,494,3.055104,0
SPPC_conventional_hydroelectric_1_inlet,495,3.055104,0
SPPC_conventional_hydroelectric_1_inlet,496,3.055104,0
SPPC_conventional_hydroelectric_1_inlet,497,3.055104,0
SPPC_conventional_hydroelectric_1_inlet,498,3.055104,0
SPPC_conventional_hydroelectric_1_inlet,499,3.055104,0
SPPC_conventional_hydroelectric_1_inlet,500,3.055104,0
SPPC_conventional_hydroelectric_1_inlet,501,3.055104,0
SPPC_conventional_hydroelectric_1_inlet,502,3.055104,0
SPPC_conventional_hydroelectric_1_inlet,503,3.055104,0
SPPC_conventional_hydroelectric_1_inlet,504,3.055104,0
SPPC_conventional_hydroelectric_1_inlet,505,2.588352,0
SPPC_conventional_hydroelectric_1_inlet,506,2.5830480000000002,0
SPPC_conventional_hydroelectric_1_inlet,507,2.577744,0
SPPC_conventional_hydroelectric_1_inlet,508,2.577744,0
SPPC_conventional_hydroelectric_1_inlet,509,2.57244,0
SPPC_conventional_hydroelectric_1_inlet,510,2.567136,0
SPPC_conventional_hydroelectric_1_inlet,511,2.567136,0
SPPC_conventional_hydroelectric_1_inlet,512,2.5618320000000003,0
SPPC_conventional_hydroelectric_1_inlet,513,2.556528,0
SPPC_conventional_hydroelectric_1_inlet,514,2.556528,0
SPPC_conventional_hydroelectric_1_inlet,515,2.5512239999999995,0
SPPC_conventional_hydroelectric_1_inlet,516,2.5512239999999995,0
SPPC_conventional_hydroelectric_1_inlet,517,2.54592,0
SPPC_conventional_hydroelectric_1_inlet,518,2.540616,0
SPPC_conventional_hydroelectric_1_inlet,519,2.540616,0
SPPC_conventional_hydroelectric_1_inlet,520,2.5353120000000002,0
SPPC_conventional_hydroelectric_1_inlet,521,2.530008,0
SPPC_conventional_hydroelectric_1_inlet,522,2.530008,0
SPPC_conventional_hydroelectric_1_inlet,523,2.5247040000000003,0
SPPC_conventional_hydroelectric_1_inlet,524,2.5194,0
SPPC_conventional_hydroelectric_1_inlet,525,2.5194,0
SPPC_conventional_hydroelectric_1_inlet,526,2.514096,0
SPPC_conventional_hydroelectric_1_inlet,527,2.514096,0
SPPC_conventional_hydroelectric_1_inlet,528,2.508792,0
SPPC_conventional_hydroelectric_1_inlet,529,1.8192719999999998,0
SPPC_conventional_hydroelectric_1_inlet,530,1.8192719999999998,0
SPPC_conventional_hydroelectric_1_inlet,531,1.8192719999999998,0
SPPC_conventional_hydroelectric_1_inlet,532,1.8192719999999998,0
SPPC_conventional_hydroelectric_1_inlet,533,1.8192719999999998,0
SPPC_conventional_hydroelectric_1_inlet,534,1.8192719999999998,0
SPPC_conventional_hydroelectric_1_inlet,535,1.8192719999999998,0
SPPC_conventional_hydroelectric_1_inlet,536,1.8192719999999998,0
SPPC_conventional_hydroelectric_1_inlet,537,1.8192719999999998,0
SPPC_conventional_hydroelectric_1_inlet,538,1.8192719999999998,0
SPPC_conventional_hydroelectric_1_inlet,539,1.8192719999999998,0
SPPC_conventional_hydroelectric_1_inlet,540,1.8192719999999998,0
SPPC_conventional_hydroelectric_1_inlet,541,1.8192719999999998,0
SPPC_conventional_hydroelectric_1_inlet,542,1.8192719999999998,0
SPPC_conventional_hydroelectric_1_inlet,543,1.8192719999999998,0
SPPC_conventional_hydroelectric_1_inlet,544,1.8192719999999998,0
SPPC_conventional_hydroelectric_1_inlet,545,1.8192719999999998,0
SPPC_conventional_hydroelectric_1_inlet,546,1.8192719999999998,0
SPPC_conventional_hydroelectric_1_inlet,547,1.8192719999999998,0
SPPC_conventional_hydroelectric_1_inlet,548,1.8192719999999998,0
SPPC_conventional_hydroelectric_1_inlet,549,1.8192719999999998,0
SPPC_conventional_hydroelectric_1_inlet,550,1.8192719999999998,0
SPPC_conventional_hydroelectric_1_inlet,551,1.8192719999999998,0
SPPC_conventional_hydroelectric_1_inlet,552,1.8192719999999998,0
SPPC_conventional_hydroelectric_1_inlet,553,3.452904,0
SPPC_conventional_hydroelectric_1_inlet,554,3.4688160000000003,0
SPPC_conventional_hydroelectric_1_inlet,555,3.4847279999999996,0
SPPC_conventional_hydroelectric_1_inlet,556,3.50064,0
SPPC_conventional_hydroelectric_1_inlet,557,3.5165520000000003,0
SPPC_conventional_hydroelectric_1_inlet,558,3.5324640000000005,0
SPPC_conventional_hydroelectric_1_inlet,559,3.553680000000001,0
SPPC_conventional_hydroelectric_1_inlet,560,3.569592,0
SPPC_conventional_hydroelectric_1_inlet,561,3.585504,0
SPPC_conventional_hydroelectric_1_inlet,562,3.601416,0
SPPC_conventional_hydroelectric_1_inlet,563,3.617328,0
SPPC_conventional_hydroelectric_1_inlet,564,3.6332400000000002,0
SPPC_conventional_hydroelectric_1_inlet,565,3.6544560000000006,0
SPPC_conventional_hydroelectric_1_inlet,566,3.670368,0
SPPC_conventional_hydroelectric_1_inlet,567,3.6862800000000004,0
SPPC_conventional_hydroelectric_1_inlet,568,3.7021919999999997,0
SPPC_conventional_hydroelectric_1_inlet,569,3.718104,0
SPPC_conventional_hydroelectric_1_inlet,570,3.7340160000000004,0
SPPC_conventional_hydroelectric_1_inlet,571,3.7552320000000003,0
SPPC_conventional_hydroelectric_1_inlet,572,3.771144,0
SPPC_conventional_hydroelectric_1_inlet,573,3.787056,0
SPPC_conventional_hydroelectric_1_inlet,574,3.8029680000000003,0
SPPC_conventional_hydroelectric_1_inlet,575,3.8188799999999996,0
SPPC_conventional_hydroelectric_1_inlet,576,3.834792,0
SPPN_conventional_hydroelectric_1_inlet,1,936.2435681789208,0
SPPN_conventional_hydroelectric_1_inlet,2,937.2676481789207,0
SPPN_conventional_hydroelectric_1_inlet,3,938.510231968348,0
SPPN_conventional_hydroelectric_1_inlet,4,939.5343119683481,0
SPPN_conventional_hydroelectric_1_inlet,5,940.5583919683482,0
SPPN_conventional_hydroelectric_1_inlet,6,941.819733863062,0
SPPN_conventional_hydroelectric_1_inlet,7,942.8438138630619,0
SPPN_conventional_hydroelectric_1_inlet,8,944.0863976524893,0
SPPN_conventional_hydroelectric_1_inlet,9,945.1104776524893,0
SPPN_conventional_hydroelectric_1_inlet,10,946.1345576524894,0
SPPN_conventional_hydroelectric_1_inlet,11,947.3958995472032,0
SPPN_conventional_hydroelectric_1_inlet,12,948.4199795472031,0
SPPN_conventional_hydroelectric_1_inlet,13,949.4253014419168,0
SPPN_conventional_hydroelectric_1_inlet,14,950.6866433366306,0
SPPN_conventional_hydroelectric_1_inlet,15,951.7107233366304,0
SPPN_conventional_hydroelectric_1_inlet,16,952.7348033366304,0
SPPN_conventional_hydroelectric_1_inlet,17,953.996145231344,0
SPPN_conventional_hydroelectric_1_inlet,18,955.0014671260577,0
SPPN_conventional_hydroelectric_1_inlet,19,956.2628090207714,0
SPPN_conventional_hydroelectric_1_inlet,20,957.2868890207717,0
SPPN_conventional_hydroelectric_1_inlet,21,958.3109690207716,0
SPPN_conventional_hydroelectric_1_inlet,22,959.5723109154853,0
SPPN_conventional_hydroelectric_1_inlet,23,960.5776328101989,0
SPPN_conventional_hydroelectric_1_inlet,24,961.6017128101989,0
SPPN_conventional_hydroelectric_1_inlet,25,1032.076674074074,0
SPPN_conventional_hydroelectric_1_inlet,26,1031.8394121793604,0
SPPN_conventional_hydroelectric_1_inlet,27,1031.5833921793605,0
SPPN_conventional_hydroelectric_1_inlet,28,1031.090110284647,0
SPPN_conventional_hydroelectric_1_inlet,29,1030.8340902846467,0
SPPN_conventional_hydroelectric_1_inlet,30,1030.3595664952193,0
SPPN_conventional_hydroelectric_1_inlet,31,1030.1035464952192,0
SPPN_conventional_hydroelectric_1_inlet,32,1029.8475264952192,0
SPPN_conventional_hydroelectric_1_inlet,33,1029.3542446005056,0
SPPN_conventional_hydroelectric_1_inlet,34,1029.1169827057918,0
SPPN_conventional_hydroelectric_1_inlet,35,1028.860962705792,0
SPPN_conventional_hydroelectric_1_inlet,36,1028.3676808110781,0
SPPN_conventional_hydroelectric_1_inlet,37,1028.111660811078,0
SPPN_conventional_hydroelectric_1_inlet,38,1027.8743989163645,0
SPPN_conventional_hydroelectric_1_inlet,39,1027.3811170216509,0
SPPN_conventional_hydroelectric_1_inlet,40,1027.1250970216506,0
SPPN_conventional_hydroelectric_1_inlet,41,1026.6505732322235,0
SPPN_conventional_hydroelectric_1_inlet,42,1026.3945532322234,0
SPPN_conventional_hydroelectric_1_inlet,43,1026.1385332322236,0
SPPN_conventional_hydroelectric_1_inlet,44,1025.6452513375098,0
SPPN_conventional_hydroelectric_1_inlet,45,1025.407989442796,0
SPPN_conventional_hydroelectric_1_inlet,46,1025.1519694427961,0
SPPN_conventional_hydroelectric_1_inlet,47,1024.6586875480823,0
SPPN_conventional_hydroelectric_1_inlet,48,1024.4026675480823,0
SPPN_conventional_hydroelectric_1_inlet,49,959.3766544982965,0
SPPN_conventional_hydroelectric_1_inlet,50,959.3766544982965,0
SPPN_conventional_hydroelectric_1_inlet,51,959.3766544982965,0
SPPN_conventional_hydroelectric_1_inlet,52,959.3766544982965,0
SPPN_conventional_hydroelectric_1_inlet,53,959.3766544982965,0
SPPN_conventional_hydroelectric_1_inlet,54,959.3766544982965,0
SPPN_conventional_hydroelectric_1_inlet,55,959.3766544982965,0
SPPN_conventional_hydroelectric_1_inlet,56,959.3766544982965,0
SPPN_conventional_hydroelectric_1_inlet,57,959.3766544982965,0
SPPN_conventional_hydroelectric_1_inlet,58,959.3766544982965,0
SPPN_conventional_hydroelectric_1_inlet,59,959.3766544982965,0
SPPN_conventional_hydroelectric_1_inlet,60,959.3766544982965,0
SPPN_conventional_hydroelectric_1_inlet,61,959.3766544982965,0
SPPN_conventional_hydroelectric_1_inlet,62,959.3766544982965,0
SPPN_conventional_hydroelectric_1_inlet,63,959.3766544982965,0
SPPN_conventional_hydroelectric_1_inlet,64,959.3766544982965,0
SPPN_conventional_hydroelectric_1_inlet,65,959.3766544982965,0
SPPN_conventional_hydroelectric_1_inlet,66,959.3766544982965,0
SPPN_conventional_hydroelectric_1_inlet,67,959.3766544982965,0
SPPN_conventional_hydroelectric_1_inlet,68,959.3766544982965,0
SPPN_conventional_hydroelectric_1_inlet,69,959.3766544982965,0
SPPN_conventional_hydroelectric_1_inlet,70,959.3766544982965,0
SPPN_conventional_hydroelectric_1_inlet,71,959.3766544982965,0
SPPN_conventional_hydroelectric_1_inlet,72,959.3766544982965,0
SPPN_conventional_hydroelectric_1_inlet,73,959.3766544982965,0
SPPN_conventional_hydroelectric_1_inlet,74,959.3766544982965,0
SPPN_conventional_hydroelectric_1_inlet,75,959.3766544982965,0
SPPN_conventional_hydroelectric_1_inlet,76,959.3766544982965,0
SPPN_conventional_hydroelectric_1_inlet,77,959.3766544982965,0
SPPN_conventional_hydroelectric_1_inlet,78,959.3766544982965,0
SPPN_conventional_hydroelectric_1_inlet,79,959.3766544982965,0
SPPN_conventional_hydroelectric_1_inlet,80,959.3766544982965,0
SPPN_conventional_hydroelectric_1_inlet,81,959.3766544982965,0
SPPN_conventional_hydroelectric_1_inlet,82,959.3766544982965,0
SPPN_conventional_hydroelectric_1_inlet,83,959.3766544982965,0
SPPN_conventional_hydroelectric_1_inlet,84,959.3766544982965,0
SPPN_conventional_hydroelectric_1_inlet,85,959.3766544982965,0
SPPN_conventional_hydroelectric_1_inlet,86,959.3766544982965,0
SPPN_conventional_hydroelectric_1_inlet,87,959.3766544982965,0
SPPN_conventional_hydroelectric_1_inlet,88,959.3766544982965,0
SPPN_conventional_hydroelectric_1_inlet,89,959.3766544982965,0
SPPN_conventional_hydroelectric_1_inlet,90,959.3766544982965,0
SPPN_conventional_hydroelectric_1_inlet,91,959.3766544982965,0
SPPN_conventional_hydroelectric_1_inlet,92,959.3766544982965,0
SPPN_conventional_hydroelectric_1_inlet,93,959.3766544982965,0
SPPN_conventional_hydroelectric_1_inlet,94,959.3766544982965,0
SPPN_conventional_hydroelectric_1_inlet,95,959.3766544982965,0
SPPN_conventional_hydroelectric_1_inlet,96,959.3766544982965,0
SPPN_conventional_hydroelectric_1_inlet,97,975.5794650291241,0
SPPN_conventional_hydroelectric_1_inlet,98,975.5982231344104,0
SPPN_conventional_hydroelectric_1_inlet,99,975.6169812396967,0
SPPN_conventional_hydroelectric_1_inlet,100,975.635739344983,0
SPPN_conventional_hydroelectric_1_inlet,101,975.891759344983,0
SPPN_conventional_hydroelectric_1_inlet,102,975.891759344983,0
SPPN_conventional_hydroelectric_1_inlet,103,975.9105174502693,0
SPPN_conventional_hydroelectric_1_inlet,104,975.9292755555556,0
SPPN_conventional_hydroelectric_1_inlet,105,975.9480336608418,0
SPPN_conventional_hydroelectric_1_inlet,106,975.966791766128,0
SPPN_conventional_hydroelectric_1_inlet,107,976.2228117661281,0
SPPN_conventional_hydroelectric_1_inlet,108,976.2228117661281,0
SPPN_conventional_hydroelectric_1_inlet,109,976.2415698714144,0
SPPN_conventional_hydroelectric_1_inlet,110,976.2603279767006,0
SPPN_conventional_hydroelectric_1_inlet,111,976.2790860819871,0
SPPN_conventional_hydroelectric_1_inlet,112,976.2978441872734,0
SPPN_conventional_hydroelectric_1_inlet,113,976.5351060819871,0
SPPN_conventional_hydroelectric_1_inlet,114,976.5538641872733,0
SPPN_conventional_hydroelectric_1_inlet,115,976.5726222925597,0
SPPN_conventional_hydroelectric_1_inlet,116,976.5913803978459,0
SPPN_conventional_hydroelectric_1_inlet,117,976.6101385031321,0
SPPN_conventional_hydroelectric_1_inlet,118,976.6101385031321,0
SPPN_conventional_hydroelectric_1_inlet,119,976.6288966084185,0
SPPN_conventional_hydroelectric_1_inlet,120,976.8849166084186,0
SPPN_conventional_hydroelectric_1_inlet,121,978.8524730300034,0
SPPN_conventional_hydroelectric_1_inlet,122,978.8524730300034,0
SPPN_conventional_hydroelectric_1_inlet,123,978.8524730300034,0
SPPN_conventional_hydroelectric_1_inlet,124,978.8524730300034,0
SPPN_conventional_hydroelectric_1_inlet,125,978.8524730300034,0
SPPN_conventional_hydroelectric_1_inlet,126,978.8524730300034,0
SPPN_conventional_hydroelectric_1_inlet,127,978.8524730300034,0
SPPN_conventional_hydroelectric_1_inlet,128,978.8524730300034,0
SPPN_conventional_hydroelectric_1_inlet,129,978.8524730300034,0
SPPN_conventional_hydroelectric_1_inlet,130,978.8524730300034,0
SPPN_conventional_hydroelectric_1_inlet,131,978.8524730300034,0
SPPN_conventional_hydroelectric_1_inlet,132,978.8524730300034,0
SPPN_conventional_hydroelectric_1_inlet,133,978.8524730300034,0
SPPN_conventional_hydroelectric_1_inlet,134,978.8524730300034,0
SPPN_conventional_hydroelectric_1_inlet,135,978.8524730300034,0
SPPN_conventional_hydroelectric_1_inlet,136,978.8524730300034,0
SPPN_conventional_hydroelectric_1_inlet,137,978.8524730300034,0
SPPN_conventional_hydroelectric_1_inlet,138,978.8524730300034,0
SPPN_conventional_hydroelectric_1_inlet,139,978.8524730300034,0
SPPN_conventional_hydroelectric_1_inlet,140,978.8524730300034,0
SPPN_conventional_hydroelectric_1_inlet,141,978.8524730300034,0
SPPN_conventional_hydroelectric_1_inlet,142,978.8524730300034,0
SPPN_conventional_hydroelectric_1_inlet,143,978.8524730300034,0
SPPN_conventional_hydroelectric_1_inlet,144,978.8524730300034,0
SPPN_conventional_hydroelectric_1_inlet,145,1143.3956932322233,0
SPPN_conventional_hydroelectric_1_inlet,146,1144.126237021651,0
SPPN_conventional_hydroelectric_1_inlet,147,1144.8755389163646,0
SPPN_conventional_hydroelectric_1_inlet,148,1145.3688208110782,0
SPPN_conventional_hydroelectric_1_inlet,149,1146.0993646005056,0
SPPN_conventional_hydroelectric_1_inlet,150,1146.829908389933,0
SPPN_conventional_hydroelectric_1_inlet,151,1147.5792102846467,0
SPPN_conventional_hydroelectric_1_inlet,152,1148.0724921793603,0
SPPN_conventional_hydroelectric_1_inlet,153,1148.8030359687878,0
SPPN_conventional_hydroelectric_1_inlet,154,1149.5523378635014,0
SPPN_conventional_hydroelectric_1_inlet,155,1150.2828816529288,0
SPPN_conventional_hydroelectric_1_inlet,156,1151.0134254423563,0
SPPN_conventional_hydroelectric_1_inlet,157,1151.50670733707,0
SPPN_conventional_hydroelectric_1_inlet,158,1152.2560092317838,0
SPPN_conventional_hydroelectric_1_inlet,159,1152.9865530212112,0
SPPN_conventional_hydroelectric_1_inlet,160,1153.7170968106386,0
SPPN_conventional_hydroelectric_1_inlet,161,1154.2291368106385,0
SPPN_conventional_hydroelectric_1_inlet,162,1154.959680600066,0
SPPN_conventional_hydroelectric_1_inlet,163,1155.6902243894933,0
SPPN_conventional_hydroelectric_1_inlet,164,1156.420768178921,0
SPPN_conventional_hydroelectric_1_inlet,165,1157.1700700736346,0
SPPN_conventional_hydroelectric_1_inlet,166,1157.6633519683483,0
SPPN_conventional_hydroelectric_1_inlet,167,1158.3938957577757,0
SPPN_conventional_hydroelectric_1_inlet,168,1159.1431976524893,0
SPPN_conventional_hydroelectric_1_inlet,169,1228.7456256489725,0
SPPN_conventional_hydroelectric_1_inlet,170,1228.7456256489725,0
SPPN_conventional_hydroelectric_1_inlet,171,1228.7456256489725,0
SPPN_conventional_hydroelectric_1_inlet,172,1228.7456256489725,0
SPPN_conventional_hydroelectric_1_inlet,173,1228.7456256489725,0
SPPN_conventional_hydroelectric_1_inlet,174,1228.7456256489725,0
SPPN_conventional_hydroelectric_1_inlet,175,1228.7456256489725,0
SPPN_conventional_hydroelectric_1_inlet,176,1228.7456256489725,0
SPPN_conventional_hydroelectric_1_inlet,177,1228.7456256489725,0
SPPN_conventional_hydroelectric_1_inlet,178,1228.7456256489725,0
SPPN_conventional_hydroelectric_1_inlet,179,1228.7456256489725,0
SPPN_conventional_hydroelectric_1_inlet,180,1228.7456256489725,0
SPPN_conventional_hydroelectric_1_inlet,181,1228.7456256489725,0
SPPN_conventional_hydroelectric_1_inlet,182,1228.7456256489725,0
SPPN_conventional_hydroelectric_1_inlet,183,1228.7456256489725,0
SPPN_conventional_hydroelectric_1_inlet,184,1228.7456256489725,0
SPPN_conventional_hydroelectric_1_inlet,185,1228.7456256489725,0
SPPN_conventional_hydroelectric_1_inlet,186,1228.7456256489725,0
SPPN_conventional_hydroelectric_1_inlet,187,1228.7456256489725,0
SPPN_conventional_hydroelectric_1_inlet,188,1228.7456256489725,0
SPPN_conventional_hydroelectric_1_inlet,189,1228.7456256489725,0
SPPN_conventional_hydroelectric_1_inlet,190,1228.7456256489725,0
SPPN_conventional_hydroelectric_1_inlet,191,1228.7456256489725,0
SPPN_conventional_hydroelectric_1_inlet,192,1228.7456256489725,0
SPPN_conventional_hydroelectric_1_inlet,193,1204.738524171887,0
SPPN_conventional_hydroelectric_1_inlet,194,1204.738524171887,0
SPPN_conventional_hydroelectric_1_inlet,195,1204.738524171887,0
SPPN_conventional_hydroelectric_1_inlet,196,1204.738524171887,0
SPPN_conventional_hydroelectric_1_inlet,197,1204.738524171887,0
SPPN_conventional_hydroelectric_1_inlet,198,1204.738524171887,0
SPPN_conventional_hydroelectric_1_inlet,199,1204.738524171887,0
SPPN_conventional_hydroelectric_1_inlet,200,1204.738524171887,0
SPPN_conventional_hydroelectric_1_inlet,201,1204.738524171887,0
SPPN_conventional_hydroelectric_1_inlet,202,1204.738524171887,0
SPPN_conventional_hydroelectric_1_inlet,203,1204.738524171887,0
SPPN_conventional_hydroelectric_1_inlet,204,1204.738524171887,0
SPPN_conventional_hydroelectric_1_inlet,205,1204.738524171887,0
SPPN_conventional_hydroelectric_1_inlet,206,1204.738524171887,0
SPPN_conventional_hydroelectric_1_inlet,207,1204.738524171887,0
SPPN_conventional_hydroelectric_1_inlet,208,1204.738524171887,0
SPPN_conventional_hydroelectric_1_inlet,209,1204.738524171887,0
SPPN_conventional_hydroelectric_1_inlet,210,1204.738524171887,0
SPPN_conventional_hydroelectric_1_inlet,211,1204.738524171887,0
SPPN_conventional_hydroelectric_1_inlet,212,1204.738524171887,0
SPPN_conventional_hydroelectric_1_inlet,213,1204.738524171887,0
SPPN_conventional_hydroelectric_1_inlet,214,1204.738524171887,0
SPPN_conventional_hydroelectric_1_inlet,215,1204.738524171887,0
SPPN_conventional_hydroelectric_1_inlet,216,1204.738524171887,0
SPPN_conventional_hydroelectric_1_inlet,217,1260.001787534894,0
SPPN_conventional_hydroelectric_1_inlet,218,1260.4763113243214,0
SPPN_conventional_hydroelectric_1_inlet,219,1260.9508351137486,0
SPPN_conventional_hydroelectric_1_inlet,220,1261.1880970084624,0
SPPN_conventional_hydroelectric_1_inlet,221,1261.66262079789,0
SPPN_conventional_hydroelectric_1_inlet,222,1261.8998826926036,0
SPPN_conventional_hydroelectric_1_inlet,223,1262.374406482031,0
SPPN_conventional_hydroelectric_1_inlet,224,1262.8489302714584,0
SPPN_conventional_hydroelectric_1_inlet,225,1263.0861921661722,0
SPPN_conventional_hydroelectric_1_inlet,226,1263.5607159555998,0
SPPN_conventional_hydroelectric_1_inlet,227,1264.035239745027,0
SPPN_conventional_hydroelectric_1_inlet,228,1264.2725016397408,0
SPPN_conventional_hydroelectric_1_inlet,229,1264.7470254291682,0
SPPN_conventional_hydroelectric_1_inlet,230,1264.9842873238817,0
SPPN_conventional_hydroelectric_1_inlet,231,1265.4588111133091,0
SPPN_conventional_hydroelectric_1_inlet,232,1265.9333349027368,0
SPPN_conventional_hydroelectric_1_inlet,233,1266.1705967974506,0
SPPN_conventional_hydroelectric_1_inlet,234,1266.6451205868777,0
SPPN_conventional_hydroelectric_1_inlet,235,1266.8823824815913,0
SPPN_conventional_hydroelectric_1_inlet,236,1267.3569062710187,0
SPPN_conventional_hydroelectric_1_inlet,237,1267.831430060446,0
SPPN_conventional_hydroelectric_1_inlet,238,1268.06869195516,0
SPPN_conventional_hydroelectric_1_inlet,239,1268.5432157445875,0
SPPN_conventional_hydroelectric_1_inlet,240,1268.7804776393014,0
SPPN_conventional_hydroelectric_1_inlet,241,1344.4482639476864,0
SPPN_conventional_hydroelectric_1_inlet,242,1344.4482639476864,0
SPPN_conventional_hydroelectric_1_inlet,243,1344.4482639476864,0
SPPN_conventional_hydroelectric_1_inlet,244,1344.4482639476864,0
SPPN_conventional_hydroelectric_1_inlet,245,1344.4482639476864,0
SPPN_conventional_hydroelectric_1_inlet,246,1344.4482639476864,0
SPPN_conventional_hydroelectric_1_inlet,247,1344.4482639476864,0
SPPN_conventional_hydroelectric_1_inlet,248,1344.4482639476864,0
SPPN_conventional_hydroelectric_1_inlet,249,1344.4482639476864,0
SPPN_conventional_hydroelectric_1_inlet,250,1344.4482639476864,0
SPPN_conventional_hydroelectric_1_inlet,251,1344.4482639476864,0
SPPN_conventional_hydroelectric_1_inlet,252,1344.4482639476864,0
SPPN_conventional_hydroelectric_1_inlet,253,1344.4482639476864,0
SPPN_conventional_hydroelectric_1_inlet,254,1344.4482639476864,0
SPPN_conventional_hydroelectric_1_inlet,255,1344.4482639476864,0
SPPN_conventional_hydroelectric_1_inlet,256,1344.4482639476864,0
SPPN_conventional_hydroelectric_1_inlet,257,1344.4482639476864,0
SPPN_conventional_hydroelectric_1_inlet,258,1344.4482639476864,0
SPPN_conventional_hydroelectric_1_inlet,259,1344.4482639476864,0
SPPN_conventional_hydroelectric_1_inlet,260,1344.4482639476864,0
SPPN_conventional_hydroelectric_1_inlet,261,1344.4482639476864,0
SPPN_conventional_hydroelectric_1_inlet,262,1344.4482639476864,0
SPPN_conventional_hydroelectric_1_inlet,263,1344.4482639476864,0
SPPN_conventional_hydroelectric_1_inlet,264,1344.4482639476864,0
SPPN_conventional_hydroelectric_1_inlet,265,1389.156951104517,0
SPPN_conventional_hydroelectric_1_inlet,266,1389.4129711045168,0
SPPN_conventional_hydroelectric_1_inlet,267,1389.668991104517,0
SPPN_conventional_hydroelectric_1_inlet,268,1389.906252999231,0
SPPN_conventional_hydroelectric_1_inlet,269,1390.1622729992305,0
SPPN_conventional_hydroelectric_1_inlet,270,1390.418292999231,0
SPPN_conventional_hydroelectric_1_inlet,271,1390.6743129992308,0
SPPN_conventional_hydroelectric_1_inlet,272,1390.930332999231,0
SPPN_conventional_hydroelectric_1_inlet,273,1391.1863529992308,0
SPPN_conventional_hydroelectric_1_inlet,274,1391.6608767886582,0
SPPN_conventional_hydroelectric_1_inlet,275,1391.9168967886583,0
SPPN_conventional_hydroelectric_1_inlet,276,1392.172916788658,0
SPPN_conventional_hydroelectric_1_inlet,277,1392.4289367886583,0
SPPN_conventional_hydroelectric_1_inlet,278,1392.6849567886582,0
SPPN_conventional_hydroelectric_1_inlet,279,1392.9222186833722,0
SPPN_conventional_hydroelectric_1_inlet,280,1393.178238683372,0
SPPN_conventional_hydroelectric_1_inlet,281,1393.434258683372,0
SPPN_conventional_hydroelectric_1_inlet,282,1393.690278683372,0
SPPN_conventional_hydroelectric_1_inlet,283,1393.9462986833719,0
SPPN_conventional_hydroelectric_1_inlet,284,1394.1835605780857,0
SPPN_conventional_hydroelectric_1_inlet,285,1394.6768424727993,0
SPPN_conventional_hydroelectric_1_inlet,286,1394.9328624727991,0
SPPN_conventional_hydroelectric_1_inlet,287,1395.1888824727992,0
SPPN_conventional_hydroelectric_1_inlet,288,1395.4449024727994,0
SPPN_conventional_hydroelectric_1_inlet,289,1444.6681591031981,0
SPPN_conventional_hydroelectric_1_inlet,290,1444.6681591031981,0
SPPN_conventional_hydroelectric_1_inlet,291,1444.6681591031981,0
SPPN_conventional_hydroelectric_1_inlet,292,1444.6681591031981,0
SPPN_conventional_hydroelectric_1_inlet,293,1444.6681591031981,0
SPPN_conventional_hydroelectric_1_inlet,294,1444.6681591031981,0
SPPN_conventional_hydroelectric_1_inlet,295,1444.6681591031981,0
SPPN_conventional_hydroelectric_1_inlet,296,1444.6681591031981,0
SPPN_conventional_hydroelectric_1_inlet,297,1444.6681591031981,0
SPPN_conventional_hydroelectric_1_inlet,298,1444.6681591031981,0
SPPN_conventional_hydroelectric_1_inlet,299,1444.6681591031981,0
SPPN_conventional_hydroelectric_1_inlet,300,1444.6681591031981,0
SPPN_conventional_hydroelectric_1_inlet,301,1444.6681591031981,0
SPPN_conventional_hydroelectric_1_inlet,302,1444.6681591031981,0
SPPN_conventional_hydroelectric_1_inlet,303,1444.6681591031981,0
SPPN_conventional_hydroelectric_1_inlet,304,1444.6681591031981,0
SPPN_conventional_hydroelectric_1_inlet,305,1444.6681591031981,0
SPPN_conventional_hydroelectric_1_inlet,306,1444.6681591031981,0
SPPN_conventional_hydroelectric_1_inlet,307,1444.6681591031981,0
SPPN_conventional_hydroelectric_1_inlet,308,1444.6681591031981,0
SPPN_conventional_hydroelectric_1_inlet,309,1444.6681591031981,0
SPPN_conventional_hydroelectric_1_inlet,310,1444.6681591031981,0
SPPN_conventional_hydroelectric_1_inlet,311,1444.6681591031981,0
SPPN_conventional_hydroelectric_1_inlet,312,1444.6681591031981,0
SPPN_conventional_hydroelectric_1_inlet,313,1445.3997252093636,0
SPPN_conventional_hydroelectric_1_inlet,314,1445.41848331465,0
SPPN_conventional_hydroelectric_1_inlet,315,1445.41848331465,0
SPPN_conventional_hydroelectric_1_inlet,316,1445.4372414199363,0
SPPN_conventional_hydroelectric_1_inlet,317,1445.4559995252225,0
SPPN_conventional_hydroelectric_1_inlet,318,1445.4559995252225,0
SPPN_conventional_hydroelectric_1_inlet,319,1445.474757630509,0
SPPN_conventional_hydroelectric_1_inlet,320,1445.474757630509,0
SPPN_conventional_hydroelectric_1_inlet,321,1445.493515735795,0
SPPN_conventional_hydroelectric_1_inlet,322,1445.493515735795,0
SPPN_conventional_hydroelectric_1_inlet,323,1445.5122738410814,0
SPPN_conventional_hydroelectric_1_inlet,324,1445.5122738410814,0
SPPN_conventional_hydroelectric_1_inlet,325,1445.5310319463676,0
SPPN_conventional_hydroelectric_1_inlet,326,1445.5310319463676,0
SPPN_conventional_hydroelectric_1_inlet,327,1445.549790051654,0
SPPN_conventional_hydroelectric_1_inlet,328,1445.549790051654,0
SPPN_conventional_hydroelectric_1_inlet,329,1445.56854815694,0
SPPN_conventional_hydroelectric_1_inlet,330,1445.56854815694,0
SPPN_conventional_hydroelectric_1_inlet,331,1445.5873062622268,0
SPPN_conventional_hydroelectric_1_inlet,332,1445.606064367513,0
SPPN_conventional_hydroelectric_1_inlet,333,1445.606064367513,0
SPPN_conventional_hydroelectric_1_inlet,334,1445.6248224727995,0
SPPN_conventional_hydroelectric_1_inlet,335,1445.6248224727995,0
SPPN_conventional_hydroelectric_1_inlet,336,1445.6435805780857,0
SPPN_conventional_hydroelectric_1_inlet,337,1446.8506927904166,0
SPPN_conventional_hydroelectric_1_inlet,338,1446.869450895703,0
SPPN_conventional_hydroelectric_1_inlet,339,1446.869450895703,0
SPPN_conventional_hydroelectric_1_inlet,340,1446.8882090009893,0
SPPN_conventional_hydroelectric_1_inlet,341,1446.8882090009893,0
SPPN_conventional_hydroelectric_1_inlet,342,1446.9069671062757,0
SPPN_conventional_hydroelectric_1_inlet,343,1446.9069671062757,0
SPPN_conventional_hydroelectric_1_inlet,344,1446.925725211562,0
SPPN_conventional_hydroelectric_1_inlet,345,1446.925725211562,0
SPPN_conventional_hydroelectric_1_inlet,346,1446.9444833168482,0
SPPN_conventional_hydroelectric_1_inlet,347,1446.9444833168482,0
SPPN_conventional_hydroelectric_1_inlet,348,1446.9632414221346,0
SPPN_conventional_hydroelectric_1_inlet,349,1446.9632414221346,0
SPPN_conventional_hydroelectric_1_inlet,350,1446.9819995274208,0
SPPN_conventional_hydroelectric_1_inlet,351,1447.0007576327068,0
SPPN_conventional_hydroelectric_1_inlet,352,1447.0007576327068,0
SPPN_conventional_hydroelectric_1_inlet,353,1447.0195157379935,0
SPPN_conventional_hydroelectric_1_inlet,354,1447.0195157379935,0
SPPN_conventional_hydroelectric_1_inlet,355,1447.0382738432795,0
SPPN_conventional_hydroelectric_1_inlet,356,1447.0382738432795,0
SPPN_conventional_hydroelectric_1_inlet,357,1447.057031948566,0
SPPN_conventional_hydroelectric_1_inlet,358,1447.057031948566,0
SPPN_conventional_hydroelectric_1_inlet,359,1447.0757900538522,0
SPPN_conventional_hydroelectric_1_inlet,360,1447.0757900538522,0
SPPN_conventional_hydroelectric_1_inlet,361,1383.1630986899663,0
SPPN_conventional_hydroelectric_1_inlet,362,1382.907078689966,0
SPPN_conventional_hydroelectric_1_inlet,363,1382.4137967952522,0
SPPN_conventional_hydroelectric_1_inlet,364,1382.1765349005386,0
SPPN_conventional_hydroelectric_1_inlet,365,1381.683253005825,0
SPPN_conventional_hydroelectric_1_inlet,366,1381.1899711111112,0
SPPN_conventional_hydroelectric_1_inlet,367,1380.9339511111111,0
SPPN_conventional_hydroelectric_1_inlet,368,1380.459427321684,0
SPPN_conventional_hydroelectric_1_inlet,369,1380.2034073216835,0
SPPN_conventional_hydroelectric_1_inlet,370,1379.71012542697,0
SPPN_conventional_hydroelectric_1_inlet,371,1379.45410542697,0
SPPN_conventional_hydroelectric_1_inlet,372,1378.9795816375427,0
SPPN_conventional_hydroelectric_1_inlet,373,1378.7235616375428,0
SPPN_conventional_hydroelectric_1_inlet,374,1378.230279742829,0
SPPN_conventional_hydroelectric_1_inlet,375,1377.736997848115,0
SPPN_conventional_hydroelectric_1_inlet,376,1377.4997359534013,0
SPPN_conventional_hydroelectric_1_inlet,377,1377.0064540586877,0
SPPN_conventional_hydroelectric_1_inlet,378,1376.7504340586877,0
SPPN_conventional_hydroelectric_1_inlet,379,1376.257152163974,0
SPPN_conventional_hydroelectric_1_inlet,380,1376.0198902692605,0
SPPN_conventional_hydroelectric_1_inlet,381,1375.5266083745469,0
SPPN_conventional_hydroelectric_1_inlet,382,1375.033326479833,0
SPPN_conventional_hydroelectric_1_inlet,383,1374.777306479833,0
SPPN_conventional_hydroelectric_1_inlet,384,1374.3027826904058,0
SPPN_conventional_hydroelectric_1_inlet,385,1327.990558903176,0
SPPN_conventional_hydroelectric_1_inlet,386,1327.5160351137486,0
SPPN_conventional_hydroelectric_1_inlet,387,1327.2600151137488,0
SPPN_conventional_hydroelectric_1_inlet,388,1326.7667332190351,0
SPPN_conventional_hydroelectric_1_inlet,389,1326.5107132190353,0
SPPN_conventional_hydroelectric_1_inlet,390,1326.036189429608,0
SPPN_conventional_hydroelectric_1_inlet,391,1325.542907534894,0
SPPN_conventional_hydroelectric_1_inlet,392,1325.2868875348943,0
SPPN_conventional_hydroelectric_1_inlet,393,1324.7936056401802,0
SPPN_conventional_hydroelectric_1_inlet,394,1324.5563437454666,0
SPPN_conventional_hydroelectric_1_inlet,395,1324.0630618507528,0
SPPN_conventional_hydroelectric_1_inlet,396,1323.807041850753,0
SPPN_conventional_hydroelectric_1_inlet,397,1323.3137599560393,0
SPPN_conventional_hydroelectric_1_inlet,398,1323.0764980613253,0
SPPN_conventional_hydroelectric_1_inlet,399,1322.583216166612,0
SPPN_conventional_hydroelectric_1_inlet,400,1322.0899342718978,0
SPPN_conventional_hydroelectric_1_inlet,401,1321.833914271898,0
SPPN_conventional_hydroelectric_1_inlet,402,1321.3593904824706,0
SPPN_conventional_hydroelectric_1_inlet,403,1321.1033704824706,0
SPPN_conventional_hydroelectric_1_inlet,404,1320.610088587757,0
SPPN_conventional_hydroelectric_1_inlet,405,1320.354068587757,0
SPPN_conventional_hydroelectric_1_inlet,406,1319.8795447983296,0
SPPN_conventional_hydroelectric_1_inlet,407,1319.6235247983298,0
SPPN_conventional_hydroelectric_1_inlet,408,1319.1302429036157,0
SPPN_conventional_hydroelectric_1_inlet,409,1307.566255535773,0
SPPN_conventional_hydroelectric_1_inlet,410,1307.566255535773,0
SPPN_conventional_hydroelectric_1_inlet,411,1307.566255535773,0
SPPN_conventional_hydroelectric_1_inlet,412,1307.566255535773,0
SPPN_conventional_hydroelectric_1_inlet,413,1307.566255535773,0
SPPN_conventional_hydroelectric_1_inlet,414,1307.566255535773,0
SPPN_conventional_hydroelectric_1_inlet,415,1307.566255535773,0
SPPN_conventional_hydroelectric_1_inlet,416,1307.566255535773,0
SPPN_conventional_hydroelectric_1_inlet,417,1307.566255535773,0
SPPN_conventional_hydroelectric_1_inlet,418,1307.566255535773,0
SPPN_conventional_hydroelectric_1_inlet,419,1307.566255535773,0
SPPN_conventional_hydroelectric_1_inlet,420,1307.566255535773,0
SPPN_conventional_hydroelectric_1_inlet,421,1307.566255535773,0
SPPN_conventional_hydroelectric_1_inlet,422,1307.566255535773,0
SPPN_conventional_hydroelectric_1_inlet,423,1307.566255535773,0
SPPN_conventional_hydroelectric_1_inlet,424,1307.566255535773,0
SPPN_conventional_hydroelectric_1_inlet,425,1307.566255535773,0
SPPN_conventional_hydroelectric_1_inlet,426,1307.566255535773,0
SPPN_conventional_hydroelectric_1_inlet,427,1307.566255535773,0
SPPN_conventional_hydroelectric_1_inlet,428,1307.566255535773,0
SPPN_conventional_hydroelectric_1_inlet,429,1307.566255535773,0
SPPN_conventional_hydroelectric_1_inlet,430,1307.566255535773,0
SPPN_conventional_hydroelectric_1_inlet,431,1307.566255535773,0
SPPN_conventional_hydroelectric_1_inlet,432,1307.566255535773,0
SPPN_conventional_hydroelectric_1_inlet,433,1124.7741094362018,0
SPPN_conventional_hydroelectric_1_inlet,434,1124.0248075414884,0
SPPN_conventional_hydroelectric_1_inlet,435,1123.2942637520607,0
SPPN_conventional_hydroelectric_1_inlet,436,1122.7822237520609,0
SPPN_conventional_hydroelectric_1_inlet,437,1122.0329218573472,0
SPPN_conventional_hydroelectric_1_inlet,438,1121.5396399626334,0
SPPN_conventional_hydroelectric_1_inlet,439,1120.7903380679195,0
SPPN_conventional_hydroelectric_1_inlet,440,1120.0410361732056,0
SPPN_conventional_hydroelectric_1_inlet,441,1119.5289961732058,0
SPPN_conventional_hydroelectric_1_inlet,442,1118.7984523837783,0
SPPN_conventional_hydroelectric_1_inlet,443,1118.2864123837785,0
SPPN_conventional_hydroelectric_1_inlet,444,1117.5371104890646,0
SPPN_conventional_hydroelectric_1_inlet,445,1116.8065666996374,0
SPPN_conventional_hydroelectric_1_inlet,446,1116.2945266996373,0
SPPN_conventional_hydroelectric_1_inlet,447,1115.5452248049237,0
SPPN_conventional_hydroelectric_1_inlet,448,1115.0331848049236,0
SPPN_conventional_hydroelectric_1_inlet,449,1114.3026410154964,0
SPPN_conventional_hydroelectric_1_inlet,450,1113.7906010154963,0
SPPN_conventional_hydroelectric_1_inlet,451,1113.0412991207825,0
SPPN_conventional_hydroelectric_1_inlet,452,1112.310755331355,0
SPPN_conventional_hydroelectric_1_inlet,453,1111.798715331355,0
SPPN_conventional_hydroelectric_1_inlet,454,1111.0494134366413,0
SPPN_conventional_hydroelectric_1_inlet,455,1110.5373734366415,0
SPPN_conventional_hydroelectric_1_inlet,456,1109.806829647214,0
SPPN_conventional_hydroelectric_1_inlet,457,1071.0991511221016,0
SPPN_conventional_hydroelectric_1_inlet,458,1071.0991511221016,0
SPPN_conventional_hydroelectric_1_inlet,459,1071.0991511221016,0
SPPN_conventional_hydroelectric_1_inlet,460,1071.0991511221016,0
SPPN_conventional_hydroelectric_1_inlet,461,1071.0991511221016,0
SPPN_conventional_hydroelectric_1_inlet,462,1071.0991511221016,0
SPPN_conventional_hydroelectric_1_inlet,463,1071.0991511221016,0
SPPN_conventional_hydroelectric_1_inlet,464,1071.0991511221016,0
SPPN_conventional_hydroelectric_1_inlet,465,1071.0991511221016,0
SPPN_conventional_hydroelectric_1_inlet,466,1071.0991511221016,0
SPPN_conventional_hydroelectric_1_inlet,467,1071.0991511221016,0
SPPN_conventional_hydroelectric_1_inlet,468,1071.0991511221016,0
SPPN_conventional_hydroelectric_1_inlet,469,1071.0991511221016,0
SPPN_conventional_hydroelectric_1_inlet,470,1071.0991511221016,0
SPPN_conventional_hydroelectric_1_inlet,471,1071.0991511221016,0
SPPN_conventional_hydroelectric_1_inlet,472,1071.0991511221016,0
SPPN_conventional_hydroelectric_1_inlet,473,1071.0991511221016,0
SPPN_conventional_hydroelectric_1_inlet,474,1071.0991511221016,0
SPPN_conventional_hydroelectric_1_inlet,475,1071.0991511221016,0
SPPN_conventional_hydroelectric_1_inlet,476,1071.0991511221016,0
SPPN_conventional_hydroelectric_1_inlet,477,1071.0991511221016,0
SPPN_conventional_hydroelectric_1_inlet,478,1071.0991511221016,0
SPPN_conventional_hydroelectric_1_inlet,479,1071.0991511221016,0
SPPN_conventional_hydroelectric_1_inlet,480,1071.0991511221016,0
SPPN_conventional_hydroelectric_1_inlet,481,1132.2696325903944,0
SPPN_conventional_hydroelectric_1_inlet,482,1132.2696325903944,0
SPPN_conventional_hydroelectric_1_inlet,483,1132.2696325903944,0
SPPN_conventional_hydroelectric_1_inlet,484,1132.2696325903944,0
SPPN_conventional_hydroelectric_1_inlet,485,1132.2696325903944,0
SPPN_conventional_hydroelectric_1_inlet,486,1132.2696325903944,0
SPPN_conventional_hydroelectric_1_inlet,487,1132.2696325903944,0
SPPN_conventional_hydroelectric_1_inlet,488,1132.2696325903944,0
SPPN_conventional_hydroelectric_1_inlet,489,1132.2696325903944,0
SPPN_conventional_hydroelectric_1_inlet,490,1132.2696325903944,0
SPPN_conventional_hydroelectric_1_inlet,491,1132.2696325903944,0
SPPN_conventional_hydroelectric_1_inlet,492,1132.2696325903944,0
SPPN_conventional_hydroelectric_1_inlet,493,1132.2696325903944,0
SPPN_conventional_hydroelectric_1_inlet,494,1132.2696325903944,0
SPPN_conventional_hydroelectric_1_inlet,495,1132.2696325903944,0
SPPN_conventional_hydroelectric_1_inlet,496,1132.2696325903944,0
SPPN_conventional_hydroelectric_1_inlet,497,1132.2696325903944,0
SPPN_conventional_hydroelectric_1_inlet,498,1132.2696325903944,0
SPPN_conventional_hydroelectric_1_inlet,499,1132.2696325903944,0
SPPN_conventional_hydroelectric_1_inlet,500,1132.2696325903944,0
SPPN_conventional_hydroelectric_1_inlet,501,1132.2696325903944,0
SPPN_conventional_hydroelectric_1_inlet,502,1132.2696325903944,0
SPPN_conventional_hydroelectric_1_inlet,503,1132.2696325903944,0
SPPN_conventional_hydroelectric_1_inlet,504,1132.2696325903944,0
SPPN_conventional_hydroelectric_1_inlet,505,956.4640365952304,0
SPPN_conventional_hydroelectric_1_inlet,506,955.2214528058029,0
SPPN_conventional_hydroelectric_1_inlet,507,953.9601109110894,0
SPPN_conventional_hydroelectric_1_inlet,508,952.7175271216619,0
SPPN_conventional_hydroelectric_1_inlet,509,951.456185226948,0
SPPN_conventional_hydroelectric_1_inlet,510,950.2136014375205,0
SPPN_conventional_hydroelectric_1_inlet,511,948.9522595428069,0
SPPN_conventional_hydroelectric_1_inlet,512,947.7096757533795,0
SPPN_conventional_hydroelectric_1_inlet,513,946.4483338586658,0
SPPN_conventional_hydroelectric_1_inlet,514,945.186991963952,0
SPPN_conventional_hydroelectric_1_inlet,515,943.707146279811,0
SPPN_conventional_hydroelectric_1_inlet,516,942.4458043850973,0
SPPN_conventional_hydroelectric_1_inlet,517,941.2032205956699,0
SPPN_conventional_hydroelectric_1_inlet,518,939.9418787009562,0
SPPN_conventional_hydroelectric_1_inlet,519,938.6992949115289,0
SPPN_conventional_hydroelectric_1_inlet,520,937.437953016815,0
SPPN_conventional_hydroelectric_1_inlet,521,936.1953692273876,0
SPPN_conventional_hydroelectric_1_inlet,522,934.9340273326738,0
SPPN_conventional_hydroelectric_1_inlet,523,933.6914435432466,0
SPPN_conventional_hydroelectric_1_inlet,524,932.4301016485329,0
SPPN_conventional_hydroelectric_1_inlet,525,931.168759753819,0
SPPN_conventional_hydroelectric_1_inlet,526,929.9261759643917,0
SPPN_conventional_hydroelectric_1_inlet,527,928.664834069678,0
SPPN_conventional_hydroelectric_1_inlet,528,927.4222502802506,0
SPPN_conventional_hydroelectric_1_inlet,529,669.4616304978571,0
SPPN_conventional_hydroelectric_1_inlet,530,669.4616304978571,0
SPPN_conventional_hydroelectric_1_inlet,531,669.4616304978571,0
SPPN_conventional_hydroelectric_1_inlet,532,669.4616304978571,0
SPPN_conventional_hydroelectric_1_inlet,533,669.4616304978571,0
SPPN_conventional_hydroelectric_1_inlet,534,669.4616304978571,0
SPPN_conventional_hydroelectric_1_inlet,535,669.4616304978571,0
SPPN_conventional_hydroelectric_1_inlet,536,669.4616304978571,0
SPPN_conventional_hydroelectric_1_inlet,537,669.4616304978571,0
SPPN_conventional_hydroelectric_1_inlet,538,669.4616304978571,0
SPPN_conventional_hydroelectric_1_inlet,539,669.4616304978571,0
SPPN_conventional_hydroelectric_1_inlet,540,669.4616304978571,0
SPPN_conventional_hydroelectric_1_inlet,541,669.4616304978571,0
SPPN_conventional_hydroelectric_1_inlet,542,669.4616304978571,0
SPPN_conventional_hydroelectric_1_inlet,543,669.4616304978571,0
SPPN_conventional_hydroelectric_1_inlet,544,669.4616304978571,0
SPPN_conventional_hydroelectric_1_inlet,545,669.4616304978571,0
SPPN_conventional_hydroelectric_1_inlet,546,669.4616304978571,0
SPPN_conventional_hydroelectric_1_inlet,547,669.4616304978571,0
SPPN_conventional_hydroelectric_1_inlet,548,669.4616304978571,0
SPPN_conventional_hydroelectric_1_inlet,549,669.4616304978571,0
SPPN_conventional_hydroelectric_1_inlet,550,669.4616304978571,0
SPPN_conventional_hydroelectric_1_inlet,551,669.4616304978571,0
SPPN_conventional_hydroelectric_1_inlet,552,669.4616304978571,0
SPPN_conventional_hydroelectric_1_inlet,553,776.7451528123971,0
SPPN_conventional_hydroelectric_1_inlet,554,778.0064947071108,0
SPPN_conventional_hydroelectric_1_inlet,555,779.0118166018244,0
SPPN_conventional_hydroelectric_1_inlet,556,780.0358966018244,0
SPPN_conventional_hydroelectric_1_inlet,557,781.2972384965382,0
SPPN_conventional_hydroelectric_1_inlet,558,782.3213184965381,0
SPPN_conventional_hydroelectric_1_inlet,559,783.3453984965381,0
SPPN_conventional_hydroelectric_1_inlet,560,784.5879822859655,0
SPPN_conventional_hydroelectric_1_inlet,561,785.6120622859656,0
SPPN_conventional_hydroelectric_1_inlet,562,786.8734041806792,0
SPPN_conventional_hydroelectric_1_inlet,563,787.897484180679,0
SPPN_conventional_hydroelectric_1_inlet,564,788.9215641806793,0
SPPN_conventional_hydroelectric_1_inlet,565,790.1641479701067,0
SPPN_conventional_hydroelectric_1_inlet,566,791.1882279701067,0
SPPN_conventional_hydroelectric_1_inlet,567,792.2123079701067,0
SPPN_conventional_hydroelectric_1_inlet,568,793.4736498648203,0
SPPN_conventional_hydroelectric_1_inlet,569,794.4977298648204,0
SPPN_conventional_hydroelectric_1_inlet,570,795.5030517595342,0
SPPN_conventional_hydroelectric_1_inlet,571,796.7643936542477,0
SPPN_conventional_hydroelectric_1_inlet,572,797.7884736542476,0
SPPN_conventional_hydroelectric_1_inlet,573,799.0498155489613,0
SPPN_conventional_hydroelectric_1_inlet,574,800.0551374436751,0
SPPN_conventional_hydroelectric_1_inlet,575,801.0792174436752,0
SPPN_conventional_hydroelectric_1_inlet,576,802.3405593383889,0
SPPS_conventional_hydroelectric_1_inlet,1,289.45977588,0
SPPS_conventional_hydroelectric_1_inlet,2,290.48404968,0
SPPS_conventional_hydroelectric_1_inlet,3,291.30346872,0
SPPS_conventional_hydroelectric_1_inlet,4,292.32774251999996,0
SPPS_conventional_hydroelectric_1_inlet,5,293.35201631999996,0
SPPS_conventional_hydroelectric_1_inlet,6,294.17143536000003,0
SPPS_conventional_hydroelectric_1_inlet,7,295.19570916,0
SPPS_conventional_hydroelectric_1_inlet,8,296.0151282,0
SPPS_conventional_hydroelectric_1_inlet,9,297.039402,0
SPPS_conventional_hydroelectric_1_inlet,10,297.85882103999995,0
SPPS_conventional_hydroelectric_1_inlet,11,298.88309484,0
SPPS_conventional_hydroelectric_1_inlet,12,299.70251388,0
SPPS_conventional_hydroelectric_1_inlet,13,300.72678768,0
SPPS_conventional_hydroelectric_1_inlet,14,301.75106148,0
SPPS_conventional_hydroelectric_1_inlet,15,302.57048052,0
SPPS_conventional_hydroelectric_1_inlet,16,303.59475432,0
SPPS_conventional_hydroelectric_1_inlet,17,304.41417336,0
SPPS_conventional_hydroelectric_1_inlet,18,305.43844716,0
SPPS_conventional_hydroelectric_1_inlet,19,306.25786619999997,0
SPPS_conventional_hydroelectric_1_inlet,20,307.28213999999997,0
SPPS_conventional_hydroelectric_1_inlet,21,308.10155904000004,0
SPPS_conventional_hydroelectric_1_inlet,22,309.12583284,0
SPPS_conventional_hydroelectric_1_inlet,23,309.94525187999994,0
SPPS_conventional_hydroelectric_1_inlet,24,310.96952568,0
SPPS_conventional_hydroelectric_1_inlet,25,501.894162,0
SPPS_conventional_hydroelectric_1_inlet,26,502.50872627999996,0
SPPS_conventional_hydroelectric_1_inlet,27,503.12329056,0
SPPS_conventional_hydroelectric_1_inlet,28,503.73785483999995,0
SPPS_conventional_hydroelectric_1_inlet,29,504.35241912,0
SPPS_conventional_hydroelectric_1_inlet,30,504.96698339999995,0
SPPS_conventional_hydroelectric_1_inlet,31,505.58154768,0
SPPS_conventional_hydroelectric_1_inlet,32,506.19611195999994,0
SPPS_conventional_hydroelectric_1_inlet,33,506.81067624,0
SPPS_conventional_hydroelectric_1_inlet,34,507.42524051999993,0
SPPS_conventional_hydroelectric_1_inlet,35,508.0398048,0
SPPS_conventional_hydroelectric_1_inlet,36,508.6543690799999,0
SPPS_conventional_hydroelectric_1_inlet,37,509.2689333599999,0
SPPS_conventional_hydroelectric_1_inlet,38,509.88349764,0
SPPS_conventional_hydroelectric_1_inlet,39,510.49806192,0
SPPS_conventional_hydroelectric_1_inlet,40,511.11262619999997,0
SPPS_conventional_hydroelectric_1_inlet,41,511.72719048,0
SPPS_conventional_hydroelectric_1_inlet,42,512.34175476,0
SPPS_conventional_hydroelectric_1_inlet,43,512.95631904,0
SPPS_conventional_hydroelectric_1_inlet,44,513.57088332,0
SPPS_conventional_hydroelectric_1_inlet,45,514.1854476,0
SPPS_conventional_hydroelectric_1_inlet,46,514.80001188,0
SPPS_conventional_hydroelectric_1_inlet,47,515.4145761599999,0
SPPS_conventional_hydroelectric_1_inlet,48,516.02914044,0
SPPS_conventional_hydroelectric_1_inlet,49,635.4594655199999,0
SPPS_conventional_hydroelectric_1_inlet,50,635.4594655199999,0
SPPS_conventional_hydroelectric_1_inlet,51,635.4594655199999,0
SPPS_conventional_hydroelectric_1_inlet,52,635.4594655199999,0
SPPS_conventional_hydroelectric_1_inlet,53,635.4594655199999,0
SPPS_conventional_hydroelectric_1_inlet,54,635.4594655199999,0
SPPS_conventional_hydroelectric_1_inlet,55,635.4594655199999,0
SPPS_conventional_hydroelectric_1_inlet,56,635.4594655199999,0
SPPS_conventional_hydroelectric_1_inlet,57,635.4594655199999,0
SPPS_conventional_hydroelectric_1_inlet,58,635.4594655199999,0
SPPS_conventional_hydroelectric_1_inlet,59,635.4594655199999,0
SPPS_conventional_hydroelectric_1_inlet,60,635.4594655199999,0
SPPS_conventional_hydroelectric_1_inlet,61,635.4594655199999,0
SPPS_conventional_hydroelectric_1_inlet,62,635.4594655199999,0
SPPS_conventional_hydroelectric_1_inlet,63,635.4594655199999,0
SPPS_conventional_hydroelectric_1_inlet,64,635.4594655199999,0
SPPS_conventional_hydroelectric_1_inlet,65,635.4594655199999,0
SPPS_conventional_hydroelectric_1_inlet,66,635.4594655199999,0
SPPS_conventional_hydroelectric_1_inlet,67,635.4594655199999,0
SPPS_conventional_hydroelectric_1_inlet,68,635.4594655199999,0
SPPS_conventional_hydroelectric_1_inlet,69,635.4594655199999,0
SPPS_conventional_hydroelectric_1_inlet,70,635.4594655199999,0
SPPS_conventional_hydroelectric_1_inlet,71,635.4594655199999,0
SPPS_conventional_hydroelectric_1_inlet,72,635.4594655199999,0
SPPS_conventional_hydroelectric_1_inlet,73,635.4594655199999,0
SPPS_conventional_hydroelectric_1_inlet,74,635.4594655199999,0
SPPS_conventional_hydroelectric_1_inlet,75,635.4594655199999,0
SPPS_conventional_hydroelectric_1_inlet,76,635.4594655199999,0
SPPS_conventional_hydroelectric_1_inlet,77,635.4594655199999,0
SPPS_conventional_hydroelectric_1_inlet,78,635.4594655199999,0
SPPS_conventional_hydroelectric_1_inlet,79,635.4594655199999,0
SPPS_conventional_hydroelectric_1_inlet,80,635.4594655199999,0
SPPS_conventional_hydroelectric_1_inlet,81,635.4594655199999,0
SPPS_conventional_hydroelectric_1_inlet,82,635.4594655199999,0
SPPS_conventional_hydroelectric_1_inlet,83,635.4594655199999,0
SPPS_conventional_hydroelectric_1_inlet,84,635.4594655199999,0
SPPS_conventional_hydroelectric_1_inlet,85,635.4594655199999,0
SPPS_conventional_hydroelectric_1_inlet,86,635.4594655199999,0
SPPS_conventional_hydroelectric_1_inlet,87,635.4594655199999,0
SPPS_conventional_hydroelectric_1_inlet,88,635.4594655199999,0
SPPS_conventional_hydroelectric_1_inlet,89,635.4594655199999,0
SPPS_conventional_hydroelectric_1_inlet,90,635.4594655199999,0
SPPS_conventional_hydroelectric_1_inlet,91,635.4594655199999,0
SPPS_conventional_hydroelectric_1_inlet,92,635.4594655199999,0
SPPS_conventional_hydroelectric_1_inlet,93,635.4594655199999,0
SPPS_conventional_hydroelectric_1_inlet,94,635.4594655199999,0
SPPS_conventional_hydroelectric_1_inlet,95,635.4594655199999,0
SPPS_conventional_hydroelectric_1_inlet,96,635.4594655199999,0
SPPS_conventional_hydroelectric_1_inlet,97,702.85668156,0
SPPS_conventional_hydroelectric_1_inlet,98,703.06153632,0
SPPS_conventional_hydroelectric_1_inlet,99,703.26639108,0
SPPS_conventional_hydroelectric_1_inlet,100,703.4712458399999,0
SPPS_conventional_hydroelectric_1_inlet,101,703.8809553599999,0
SPPS_conventional_hydroelectric_1_inlet,102,704.0858101199999,0
SPPS_conventional_hydroelectric_1_inlet,103,704.2906648799999,0
SPPS_conventional_hydroelectric_1_inlet,104,704.4955196399999,0
SPPS_conventional_hydroelectric_1_inlet,105,704.7003743999999,0
SPPS_conventional_hydroelectric_1_inlet,106,704.90522916,0
SPPS_conventional_hydroelectric_1_inlet,107,705.11008392,0
SPPS_conventional_hydroelectric_1_inlet,108,705.31493868,0
SPPS_conventional_hydroelectric_1_inlet,109,705.51979344,0
SPPS_conventional_hydroelectric_1_inlet,110,705.7246481999999,0
SPPS_conventional_hydroelectric_1_inlet,111,705.92950296,0
SPPS_conventional_hydroelectric_1_inlet,112,706.33921248,0
SPPS_conventional_hydroelectric_1_inlet,113,706.54406724,0
SPPS_conventional_hydroelectric_1_inlet,114,706.748922,0
SPPS_conventional_hydroelectric_1_inlet,115,706.95377676,0
SPPS_conventional_hydroelectric_1_inlet,116,707.15863152,0
SPPS_conventional_hydroelectric_1_inlet,117,707.36348628,0
SPPS_conventional_hydroelectric_1_inlet,118,707.56834104,0
SPPS_conventional_hydroelectric_1_inlet,119,707.7731957999999,0
SPPS_conventional_hydroelectric_1_inlet,120,707.97805056,0
SPPS_conventional_hydroelectric_1_inlet,121,716.17224096,0
SPPS_conventional_hydroelectric_1_inlet,122,716.17224096,0
SPPS_conventional_hydroelectric_1_inlet,123,716.17224096,0
SPPS_conventional_hydroelectric_1_inlet,124,716.17224096,0
SPPS_conventional_hydroelectric_1_inlet,125,716.17224096,0
SPPS_conventional_hydroelectric_1_inlet,126,716.17224096,0
SPPS_conventional_hydroelectric_1_inlet,127,716.17224096,0
SPPS_conventional_hydroelectric_1_inlet,128,716.17224096,0
SPPS_conventional_hydroelectric_1_inlet,129,716.17224096,0
SPPS_conventional_hydroelectric_1_inlet,130,716.17224096,0
SPPS_conventional_hydroelectric_1_inlet,131,716.17224096,0
SPPS_conventional_hydroelectric_1_inlet,132,716.17224096,0
SPPS_conventional_hydroelectric_1_inlet,133,716.17224096,0
SPPS_conventional_hydroelectric_1_inlet,134,716.17224096,0
SPPS_conventional_hydroelectric_1_inlet,135,716.17224096,0
SPPS_conventional_hydroelectric_1_inlet,136,716.17224096,0
SPPS_conventional_hydroelectric_1_inlet,137,716.17224096,0
SPPS_conventional_hydroelectric_1_inlet,138,716.17224096,0
SPPS_conventional_hydroelectric_1_inlet,139,716.17224096,0
SPPS_conventional_hydroelectric_1_inlet,140,716.17224096,0
SPPS_conventional_hydroelectric_1_inlet,141,716.17224096,0
SPPS_conventional_hydroelectric_1_inlet,142,716.17224096,0
SPPS_conventional_hydroelectric_1_inlet,143,716.17224096,0
SPPS_conventional_hydroelectric_1_inlet,144,716.17224096,0
SPPS_conventional_hydroelectric_1_inlet,145,999.4863740399999,0
SPPS_conventional_hydroelectric_1_inlet,146,1000.7155025999999,0
SPPS_conventional_hydroelectric_1_inlet,147,1001.7397764,0
SPPS_conventional_hydroelectric_1_inlet,148,1002.9689049599999,0
SPPS_conventional_hydroelectric_1_inlet,149,1004.19803352,0
SPPS_conventional_hydroelectric_1_inlet,150,1005.42716208,0
SPPS_conventional_hydroelectric_1_inlet,151,1006.4514358800001,0
SPPS_conventional_hydroelectric_1_inlet,152,1007.68056444,0
SPPS_conventional_hydroelectric_1_inlet,153,1008.9096929999998,0
SPPS_conventional_hydroelectric_1_inlet,154,1009.9339667999999,0
SPPS_conventional_hydroelectric_1_inlet,155,1011.16309536,0
SPPS_conventional_hydroelectric_1_inlet,156,1012.3922239199999,0
SPPS_conventional_hydroelectric_1_inlet,157,1013.62135248,0
SPPS_conventional_hydroelectric_1_inlet,158,1014.64562628,0
SPPS_conventional_hydroelectric_1_inlet,159,1015.8747548399999,0
SPPS_conventional_hydroelectric_1_inlet,160,1017.1038834000001,0
SPPS_conventional_hydroelectric_1_inlet,161,1018.3330119599999,0
SPPS_conventional_hydroelectric_1_inlet,162,1019.35728576,0
SPPS_conventional_hydroelectric_1_inlet,163,1020.5864143199998,0
SPPS_conventional_hydroelectric_1_inlet,164,1021.81554288,0
SPPS_conventional_hydroelectric_1_inlet,165,1023.0446714400001,0
SPPS_conventional_hydroelectric_1_inlet,166,1024.0689452400002,0
SPPS_conventional_hydroelectric_1_inlet,167,1025.2980737999997,0
SPPS_conventional_hydroelectric_1_inlet,168,1026.5272023599998,0
SPPS_conventional_hydroelectric_1_inlet,169,1146.36723696,0
SPPS_conventional_hydroelectric_1_inlet,170,1146.36723696,0
SPPS_conventional_hydroelectric_1_inlet,171,1146.36723696,0
SPPS_conventional_hydroelectric_1_inlet,172,1146.36723696,0
SPPS_conventional_hydroelectric_1_inlet,173,1146.36723696,0
SPPS_conventional_hydroelectric_1_inlet,174,1146.36723696,0
SPPS_conventional_hydroelectric_1_inlet,175,1146.36723696,0
SPPS_conventional_hydroelectric_1_inlet,176,1146.36723696,0
SPPS_conventional_hydroelectric_1_inlet,177,1146.36723696,0
SPPS_conventional_hydroelectric_1_inlet,178,1146.36723696,0
SPPS_conventional_hydroelectric_1_inlet,179,1146.36723696,0
SPPS_conventional_hydroelectric_1_inlet,180,1146.36723696,0
SPPS_conventional_hydroelectric_1_inlet,181,1146.36723696,0
SPPS_conventional_hydroelectric_1_inlet,182,1146.36723696,0
SPPS_conventional_hydroelectric_1_inlet,183,1146.36723696,0
SPPS_conventional_hydroelectric_1_inlet,184,1146.36723696,0
SPPS_conventional_hydroelectric_1_inlet,185,1146.36723696,0
SPPS_conventional_hydroelectric_1_inlet,186,1146.36723696,0
SPPS_conventional_hydroelectric_1_inlet,187,1146.36723696,0
SPPS_conventional_hydroelectric_1_inlet,188,1146.36723696,0
SPPS_conventional_hydroelectric_1_inlet,189,1146.36723696,0
SPPS_conventional_hydroelectric_1_inlet,190,1146.36723696,0
SPPS_conventional_hydroelectric_1_inlet,191,1146.36723696,0
SPPS_conventional_hydroelectric_1_inlet,192,1146.36723696,0
SPPS_conventional_hydroelectric_1_inlet,193,432.85810788,0
SPPS_conventional_hydroelectric_1_inlet,194,432.85810788,0
SPPS_conventional_hydroelectric_1_inlet,195,432.85810788,0
SPPS_conventional_hydroelectric_1_inlet,196,432.85810788,0
SPPS_conventional_hydroelectric_1_inlet,197,432.85810788,0
SPPS_conventional_hydroelectric_1_inlet,198,432.85810788,0
SPPS_conventional_hydroelectric_1_inlet,199,432.85810788,0
SPPS_conventional_hydroelectric_1_inlet,200,432.85810788,0
SPPS_conventional_hydroelectric_1_inlet,201,432.85810788,0
SPPS_conventional_hydroelectric_1_inlet,202,432.85810788,0
SPPS_conventional_hydroelectric_1_inlet,203,432.85810788,0
SPPS_conventional_hydroelectric_1_inlet,204,432.85810788,0
SPPS_conventional_hydroelectric_1_inlet,205,432.85810788,0
SPPS_conventional_hydroelectric_1_inlet,206,432.85810788,0
SPPS_conventional_hydroelectric_1_inlet,207,432.85810788,0
SPPS_conventional_hydroelectric_1_inlet,208,432.85810788,0
SPPS_conventional_hydroelectric_1_inlet,209,432.85810788,0
SPPS_conventional_hydroelectric_1_inlet,210,432.85810788,0
SPPS_conventional_hydroelectric_1_inlet,211,432.85810788,0
SPPS_conventional_hydroelectric_1_inlet,212,432.85810788,0
SPPS_conventional_hydroelectric_1_inlet,213,432.85810788,0
SPPS_conventional_hydroelectric_1_inlet,214,432.85810788,0
SPPS_conventional_hydroelectric_1_inlet,215,432.85810788,0
SPPS_conventional_hydroelectric_1_inlet,216,432.85810788,0
SPPS_conventional_hydroelectric_1_inlet,217,323.67052079999996,0
SPPS_conventional_hydroelectric_1_inlet,218,322.85110176,0
SPPS_conventional_hydroelectric_1_inlet,219,322.23653748,0
SPPS_conventional_hydroelectric_1_inlet,220,321.41711844,0
SPPS_conventional_hydroelectric_1_inlet,221,320.59769939999995,0
SPPS_conventional_hydroelectric_1_inlet,222,319.98313512000004,0
SPPS_conventional_hydroelectric_1_inlet,223,319.16371608,0
SPPS_conventional_hydroelectric_1_inlet,224,318.34429704,0
SPPS_conventional_hydroelectric_1_inlet,225,317.52487799999994,0
SPPS_conventional_hydroelectric_1_inlet,226,316.91031372000003,0
SPPS_conventional_hydroelectric_1_inlet,227,316.09089467999996,0
SPPS_conventional_hydroelectric_1_inlet,228,315.27147564,0
SPPS_conventional_hydroelectric_1_inlet,229,314.6569113599999,0
SPPS_conventional_hydroelectric_1_inlet,230,313.83749232,0
SPPS_conventional_hydroelectric_1_inlet,231,313.01807327999995,0
SPPS_conventional_hydroelectric_1_inlet,232,312.403509,0
SPPS_conventional_hydroelectric_1_inlet,233,311.58408996,0
SPPS_conventional_hydroelectric_1_inlet,234,310.76467092,0
SPPS_conventional_hydroelectric_1_inlet,235,310.15010664,0
SPPS_conventional_hydroelectric_1_inlet,236,309.3306876,0
SPPS_conventional_hydroelectric_1_inlet,237,308.51126856,0
SPPS_conventional_hydroelectric_1_inlet,238,307.89670428,0
SPPS_conventional_hydroelectric_1_inlet,239,307.07728524,0
SPPS_conventional_hydroelectric_1_inlet,240,306.25786619999997,0
SPPS_conventional_hydroelectric_1_inlet,241,157.12360092,0
SPPS_conventional_hydroelectric_1_inlet,242,157.12360092,0
SPPS_conventional_hydroelectric_1_inlet,243,157.12360092,0
SPPS_conventional_hydroelectric_1_inlet,244,157.12360092,0
SPPS_conventional_hydroelectric_1_inlet,245,157.12360092,0
SPPS_conventional_hydroelectric_1_inlet,246,157.12360092,0
SPPS_conventional_hydroelectric_1_inlet,247,157.12360092,0
SPPS_conventional_hydroelectric_1_inlet,248,157.12360092,0
SPPS_conventional_hydroelectric_1_inlet,249,157.12360092,0
SPPS_conventional_hydroelectric_1_inlet,250,157.12360092,0
SPPS_conventional_hydroelectric_1_inlet,251,157.12360092,0
SPPS_conventional_hydroelectric_1_inlet,252,157.12360092,0
SPPS_conventional_hydroelectric_1_inlet,253,157.12360092,0
SPPS_conventional_hydroelectric_1_inlet,254,157.12360092,0
SPPS_conventional_hydroelectric_1_inlet,255,157.12360092,0
SPPS_conventional_hydroelectric_1_inlet,256,157.12360092,0
SPPS_conventional_hydroelectric_1_inlet,257,157.12360092,0
SPPS_conventional_hydroelectric_1_inlet,258,157.12360092,0
SPPS_conventional_hydroelectric_1_inlet,259,157.12360092,0
SPPS_conventional_hydroelectric_1_inlet,260,157.12360092,0
SPPS_conventional_hydroelectric_1_inlet,261,157.12360092,0
SPPS_conventional_hydroelectric_1_inlet,262,157.12360092,0
SPPS_conventional_hydroelectric_1_inlet,263,157.12360092,0
SPPS_conventional_hydroelectric_1_inlet,264,157.12360092,0
SPPS_conventional_hydroelectric_1_inlet,265,166.9566294,0
SPPS_conventional_hydroelectric_1_inlet,266,167.16148416000001,0
SPPS_conventional_hydroelectric_1_inlet,267,167.16148416000001,0
SPPS_conventional_hydroelectric_1_inlet,268,167.16148416000001,0
SPPS_conventional_hydroelectric_1_inlet,269,167.36633891999998,0
SPPS_conventional_hydroelectric_1_inlet,270,167.36633891999998,0
SPPS_conventional_hydroelectric_1_inlet,271,167.36633891999998,0
SPPS_conventional_hydroelectric_1_inlet,272,167.57119368,0
SPPS_conventional_hydroelectric_1_inlet,273,167.57119368,0
SPPS_conventional_hydroelectric_1_inlet,274,167.57119368,0
SPPS_conventional_hydroelectric_1_inlet,275,167.57119368,0
SPPS_conventional_hydroelectric_1_inlet,276,167.77604843999998,0
SPPS_conventional_hydroelectric_1_inlet,277,167.77604843999998,0
SPPS_conventional_hydroelectric_1_inlet,278,167.77604843999998,0
SPPS_conventional_hydroelectric_1_inlet,279,167.9809032,0
SPPS_conventional_hydroelectric_1_inlet,280,167.9809032,0
SPPS_conventional_hydroelectric_1_inlet,281,167.9809032,0
SPPS_conventional_hydroelectric_1_inlet,282,168.18575796000002,0
SPPS_conventional_hydroelectric_1_inlet,283,168.18575796000002,0
SPPS_conventional_hydroelectric_1_inlet,284,168.18575796000002,0
SPPS_conventional_hydroelectric_1_inlet,285,168.18575796000002,0
SPPS_conventional_hydroelectric_1_inlet,286,168.39061272,0
SPPS_conventional_hydroelectric_1_inlet,287,168.39061272,0
SPPS_conventional_hydroelectric_1_inlet,288,168.39061272,0
SPPS_conventional_hydroelectric_1_inlet,289,179.45276976,0
SPPS_conventional_hydroelectric_1_inlet,290,179.45276976,0
SPPS_conventional_hydroelectric_1_inlet,291,179.45276976,0
SPPS_conventional_hydroelectric_1_inlet,292,179.45276976,0
SPPS_conventional_hydroelectric_1_inlet,293,179.45276976,0
SPPS_conventional_hydroelectric_1_inlet,294,179.45276976,0
SPPS_conventional_hydroelectric_1_inlet,295,179.45276976,0
SPPS_conventional_hydroelectric_1_inlet,296,179.45276976,0
SPPS_conventional_hydroelectric_1_inlet,297,179.45276976,0
SPPS_conventional_hydroelectric_1_inlet,298,179.45276976,0
SPPS_conventional_hydroelectric_1_inlet,299,179.45276976,0
SPPS_conventional_hydroelectric_1_inlet,300,179.45276976,0
SPPS_conventional_hydroelectric_1_inlet,301,179.45276976,0
SPPS_conventional_hydroelectric_1_inlet,302,179.45276976,0
SPPS_conventional_hydroelectric_1_inlet,303,179.45276976,0
SPPS_conventional_hydroelectric_1_inlet,304,179.45276976,0
SPPS_conventional_hydroelectric_1_inlet,305,179.45276976,0
SPPS_conventional_hydroelectric_1_inlet,306,179.45276976,0
SPPS_conventional_hydroelectric_1_inlet,307,179.45276976,0
SPPS_conventional_hydroelectric_1_inlet,308,179.45276976,0
SPPS_conventional_hydroelectric_1_inlet,309,179.45276976,0
SPPS_conventional_hydroelectric_1_inlet,310,179.45276976,0
SPPS_conventional_hydroelectric_1_inlet,311,179.45276976,0
SPPS_conventional_hydroelectric_1_inlet,312,179.45276976,0
SPPS_conventional_hydroelectric_1_inlet,313,164.49837227999998,0
SPPS_conventional_hydroelectric_1_inlet,314,164.29351752,0
SPPS_conventional_hydroelectric_1_inlet,315,164.08866276,0
SPPS_conventional_hydroelectric_1_inlet,316,163.88380800000002,0
SPPS_conventional_hydroelectric_1_inlet,317,163.67895324,0
SPPS_conventional_hydroelectric_1_inlet,318,163.47409847999998,0
SPPS_conventional_hydroelectric_1_inlet,319,163.26924371999996,0
SPPS_conventional_hydroelectric_1_inlet,320,163.06438896,0
SPPS_conventional_hydroelectric_1_inlet,321,162.8595342,0
SPPS_conventional_hydroelectric_1_inlet,322,162.65467944,0
SPPS_conventional_hydroelectric_1_inlet,323,162.44982467999998,0
SPPS_conventional_hydroelectric_1_inlet,324,162.24496992000002,0
SPPS_conventional_hydroelectric_1_inlet,325,162.04011516,0
SPPS_conventional_hydroelectric_1_inlet,326,161.83526039999998,0
SPPS_conventional_hydroelectric_1_inlet,327,161.63040564,0
SPPS_conventional_hydroelectric_1_inlet,328,161.42555088,0
SPPS_conventional_hydroelectric_1_inlet,329,161.22069612,0
SPPS_conventional_hydroelectric_1_inlet,330,161.01584136,0
SPPS_conventional_hydroelectric_1_inlet,331,160.8109866,0
SPPS_conventional_hydroelectric_1_inlet,332,160.60613184,0
SPPS_conventional_hydroelectric_1_inlet,333,160.40127707999997,0
SPPS_conventional_hydroelectric_1_inlet,334,160.19642231999998,0
SPPS_conventional_hydroelectric_1_inlet,335,159.99156756000002,0
SPPS_conventional_hydroelectric_1_inlet,336,159.7867128,0
SPPS_conventional_hydroelectric_1_inlet,337,129.87791784,0
SPPS_conventional_hydroelectric_1_inlet,338,129.67306308,0
SPPS_conventional_hydroelectric_1_inlet,339,129.46820832,0
SPPS_conventional_hydroelectric_1_inlet,340,129.26335355999998,0
SPPS_conventional_hydroelectric_1_inlet,341,129.0584988,0
SPPS_conventional_hydroelectric_1_inlet,342,128.85364403999998,0
SPPS_conventional_hydroelectric_1_inlet,343,128.64878928,0
SPPS_conventional_hydroelectric_1_inlet,344,128.44393452000003,0
SPPS_conventional_hydroelectric_1_inlet,345,128.23907976,0
SPPS_conventional_hydroelectric_1_inlet,346,128.034225,0
SPPS_conventional_hydroelectric_1_inlet,347,127.82937023999999,0
SPPS_conventional_hydroelectric_1_inlet,348,127.62451548,0
SPPS_conventional_hydroelectric_1_inlet,349,127.41966072,0
SPPS_conventional_hydroelectric_1_inlet,350,127.21480596,0
SPPS_conventional_hydroelectric_1_inlet,351,127.0099512,0
SPPS_conventional_hydroelectric_1_inlet,352,126.80509643999999,0
SPPS_conventional_hydroelectric_1_inlet,353,126.60024168000001,0
SPPS_conventional_hydroelectric_1_inlet,354,126.39538692,0
SPPS_conventional_hydroelectric_1_inlet,355,126.19053215999999,0
SPPS_conventional_hydroelectric_1_inlet,356,125.98567739999999,0
SPPS_conventional_hydroelectric_1_inlet,357,125.78082264,0
SPPS_conventional_hydroelectric_1_inlet,358,125.57596788,0
SPPS_conventional_hydroelectric_1_inlet,359,125.37111311999999,0
SPPS_conventional_hydroelectric_1_inlet,360,125.16625836,0
SPPS_conventional_hydroelectric_1_inlet,361,111.03127991999999,0
SPPS_conventional_hydroelectric_1_inlet,362,111.23613468,0
SPPS_conventional_hydroelectric_1_inlet,363,111.23613468,0
SPPS_conventional_hydroelectric_1_inlet,364,111.23613468,0
SPPS_conventional_hydroelectric_1_inlet,365,111.23613468,0
SPPS_conventional_hydroelectric_1_inlet,366,111.44098943999998,0
SPPS_conventional_hydroelectric_1_inlet,367,111.44098943999998,0
SPPS_conventional_hydroelectric_1_inlet,368,111.44098943999998,0
SPPS_conventional_hydroelectric_1_inlet,369,111.44098943999998,0
SPPS_conventional_hydroelectric_1_inlet,370,111.44098943999998,0
SPPS_conventional_hydroelectric_1_inlet,371,111.6458442,0
SPPS_conventional_hydroelectric_1_inlet,372,111.6458442,0
SPPS_conventional_hydroelectric_1_inlet,373,111.6458442,0
SPPS_conventional_hydroelectric_1_inlet,374,111.6458442,0
SPPS_conventional_hydroelectric_1_inlet,375,111.85069896,0
SPPS_conventional_hydroelectric_1_inlet,376,111.85069896,0
SPPS_conventional_hydroelectric_1_inlet,377,111.85069896,0
SPPS_conventional_hydroelectric_1_inlet,378,111.85069896,0
SPPS_conventional_hydroelectric_1_inlet,379,112.05555371999999,0
SPPS_conventional_hydroelectric_1_inlet,380,112.05555371999999,0
SPPS_conventional_hydroelectric_1_inlet,381,112.05555371999999,0
SPPS_conventional_hydroelectric_1_inlet,382,112.05555371999999,0
SPPS_conventional_hydroelectric_1_inlet,383,112.26040848,0
SPPS_conventional_hydroelectric_1_inlet,384,112.26040848,0
SPPS_conventional_hydroelectric_1_inlet,385,118.20119652,0
SPPS_conventional_hydroelectric_1_inlet,386,118.20119652,0
SPPS_conventional_hydroelectric_1_inlet,387,118.20119652,0
SPPS_conventional_hydroelectric_1_inlet,388,118.20119652,0
SPPS_conventional_hydroelectric_1_inlet,389,118.40605128,0
SPPS_conventional_hydroelectric_1_inlet,390,118.40605128,0
SPPS_conventional_hydroelectric_1_inlet,391,118.40605128,0
SPPS_conventional_hydroelectric_1_inlet,392,118.40605128,0
SPPS_conventional_hydroelectric_1_inlet,393,118.61090603999999,0
SPPS_conventional_hydroelectric_1_inlet,394,118.61090603999999,0
SPPS_conventional_hydroelectric_1_inlet,395,118.61090603999999,0
SPPS_conventional_hydroelectric_1_inlet,396,118.61090603999999,0
SPPS_conventional_hydroelectric_1_inlet,397,118.61090603999999,0
SPPS_conventional_hydroelectric_1_inlet,398,118.8157608,0
SPPS_conventional_hydroelectric_1_inlet,399,118.8157608,0
SPPS_conventional_hydroelectric_1_inlet,400,118.8157608,0
SPPS_conventional_hydroelectric_1_inlet,401,118.8157608,0
SPPS_conventional_hydroelectric_1_inlet,402,119.02061556,0
SPPS_conventional_hydroelectric_1_inlet,403,119.02061556,0
SPPS_conventional_hydroelectric_1_inlet,404,119.02061556,0
SPPS_conventional_hydroelectric_1_inlet,405,119.02061556,0
SPPS_conventional_hydroelectric_1_inlet,406,119.22547032,0
SPPS_conventional_hydroelectric_1_inlet,407,119.22547032,0
SPPS_conventional_hydroelectric_1_inlet,408,119.22547032,0
SPPS_conventional_hydroelectric_1_inlet,409,120.65945364,0
SPPS_conventional_hydroelectric_1_inlet,410,120.65945364,0
SPPS_conventional_hydroelectric_1_inlet,411,120.65945364,0
SPPS_conventional_hydroelectric_1_inlet,412,120.65945364,0
SPPS_conventional_hydroelectric_1_inlet,413,120.65945364,0
SPPS_conventional_hydroelectric_1_inlet,414,120.65945364,0
SPPS_conventional_hydroelectric_1_inlet,415,120.65945364,0
SPPS_conventional_hydroelectric_1_inlet,416,120.65945364,0
SPPS_conventional_hydroelectric_1_inlet,417,120.65945364,0
SPPS_conventional_hydroelectric_1_inlet,418,120.65945364,0
SPPS_conventional_hydroelectric_1_inlet,419,120.65945364,0
SPPS_conventional_hydroelectric_1_inlet,420,120.65945364,0
SPPS_conventional_hydroelectric_1_inlet,421,120.65945364,0
SPPS_conventional_hydroelectric_1_inlet,422,120.65945364,0
SPPS_conventional_hydroelectric_1_inlet,423,120.65945364,0
SPPS_conventional_hydroelectric_1_inlet,424,120.65945364,0
SPPS_conventional_hydroelectric_1_inlet,425,120.65945364,0
SPPS_conventional_hydroelectric_1_inlet,426,120.65945364,0
SPPS_conventional_hydroelectric_1_inlet,427,120.65945364,0
SPPS_conventional_hydroelectric_1_inlet,428,120.65945364,0
SPPS_conventional_hydroelectric_1_inlet,429,120.65945364,0
SPPS_conventional_hydroelectric_1_inlet,430,120.65945364,0
SPPS_conventional_hydroelectric_1_inlet,431,120.65945364,0
SPPS_conventional_hydroelectric_1_inlet,432,120.65945364,0
SPPS_conventional_hydroelectric_1_inlet,433,117.58663224,0
SPPS_conventional_hydroelectric_1_inlet,434,117.58663224,0
SPPS_conventional_hydroelectric_1_inlet,435,117.58663224,0
SPPS_conventional_hydroelectric_1_inlet,436,117.38177747999998,0
SPPS_conventional_hydroelectric_1_inlet,437,117.38177747999998,0
SPPS_conventional_hydroelectric_1_inlet,438,117.38177747999998,0
SPPS_conventional_hydroelectric_1_inlet,439,117.38177747999998,0
SPPS_conventional_hydroelectric_1_inlet,440,117.38177747999998,0
SPPS_conventional_hydroelectric_1_inlet,441,117.38177747999998,0
SPPS_conventional_hydroelectric_1_inlet,442,117.38177747999998,0
SPPS_conventional_hydroelectric_1_inlet,443,117.38177747999998,0
SPPS_conventional_hydroelectric_1_inlet,444,117.38177747999998,0
SPPS_conventional_hydroelectric_1_inlet,445,117.38177747999998,0
SPPS_conventional_hydroelectric_1_inlet,446,117.38177747999998,0
SPPS_conventional_hydroelectric_1_inlet,447,117.38177747999998,0
SPPS_conventional_hydroelectric_1_inlet,448,117.38177747999998,0
SPPS_conventional_hydroelectric_1_inlet,449,117.38177747999998,0
SPPS_conventional_hydroelectric_1_inlet,450,117.38177747999998,0
SPPS_conventional_hydroelectric_1_inlet,451,117.38177747999998,0
SPPS_conventional_hydroelectric_1_inlet,452,117.38177747999998,0
SPPS_conventional_hydroelectric_1_inlet,453,117.38177747999998,0
SPPS_conventional_hydroelectric_1_inlet,454,117.17692272,0
SPPS_conventional_hydroelectric_1_inlet,455,117.17692272,0
SPPS_conventional_hydroelectric_1_inlet,456,117.17692272,0
SPPS_conventional_hydroelectric_1_inlet,457,116.56235844,0
SPPS_conventional_hydroelectric_1_inlet,458,116.56235844,0
SPPS_conventional_hydroelectric_1_inlet,459,116.56235844,0
SPPS_conventional_hydroelectric_1_inlet,460,116.56235844,0
SPPS_conventional_hydroelectric_1_inlet,461,116.56235844,0
SPPS_conventional_hydroelectric_1_inlet,462,116.56235844,0
SPPS_conventional_hydroelectric_1_inlet,463,116.56235844,0
SPPS_conventional_hydroelectric_1_inlet,464,116.56235844,0
SPPS_conventional_hydroelectric_1_inlet,465,116.56235844,0
SPPS_conventional_hydroelectric_1_inlet,466,116.56235844,0
SPPS_conventional_hydroelectric_1_inlet,467,116.56235844,0
SPPS_conventional_hydroelectric_1_inlet,468,116.56235844,0
SPPS_conventional_hydroelectric_1_inlet,469,116.56235844,0
SPPS_conventional_hydroelectric_1_inlet,470,116.56235844,0
SPPS_conventional_hydroelectric_1_inlet,471,116.56235844,0
SPPS_conventional_hydroelectric_1_inlet,472,116.56235844,0
SPPS_conventional_hydroelectric_1_inlet,473,116.56235844,0
SPPS_conventional_hydroelectric_1_inlet,474,116.56235844,0
SPPS_conventional_hydroelectric_1_inlet,475,116.56235844,0
SPPS_conventional_hydroelectric_1_inlet,476,116.56235844,0
SPPS_conventional_hydroelectric_1_inlet,477,116.56235844,0
SPPS_conventional_hydroelectric_1_inlet,478,116.56235844,0
SPPS_conventional_hydroelectric_1_inlet,479,116.56235844,0
SPPS_conventional_hydroelectric_1_inlet,480,116.56235844,0
SPPS_conventional_hydroelectric_1_inlet,481,85.01472539999999,0
SPPS_conventional_hydroelectric_1_inlet,482,85.01472539999999,0
SPPS_conventional_hydroelectric_1_inlet,483,85.01472539999999,0
SPPS_conventional_hydroelectric_1_inlet,484,85.01472539999999,0
SPPS_conventional_hydroelectric_1_inlet,485,85.01472539999999,0
SPPS_conventional_hydroelectric_1_inlet,486,85.01472539999999,0
SPPS_conventional_hydroelectric_1_inlet,487,85.01472539999999,0
SPPS_conventional_hydroelectric_1_inlet,488,85.01472539999999,0
SPPS_conventional_hydroelectric_1_inlet,489,85.01472539999999,0
SPPS_conventional_hydroelectric_1_inlet,490,85.01472539999999,0
SPPS_conventional_hydroelectric_1_inlet,491,85.01472539999999,0
SPPS_conventional_hydroelectric_1_inlet,492,85.01472539999999,0
SPPS_conventional_hydroelectric_1_inlet,493,85.01472539999999,0
SPPS_conventional_hydroelectric_1_inlet,494,85.01472539999999,0
SPPS_conventional_hydroelectric_1_inlet,495,85.01472539999999,0
SPPS_conventional_hydroelectric_1_inlet,496,85.01472539999999,0
SPPS_conventional_hydroelectric_1_inlet,497,85.01472539999999,0
SPPS_conventional_hydroelectric_1_inlet,498,85.01472539999999,0
SPPS_conventional_hydroelectric_1_inlet,499,85.01472539999999,0
SPPS_conventional_hydroelectric_1_inlet,500,85.01472539999999,0
SPPS_conventional_hydroelectric_1_inlet,501,85.01472539999999,0
SPPS_conventional_hydroelectric_1_inlet,502,85.01472539999999,0
SPPS_conventional_hydroelectric_1_inlet,503,85.01472539999999,0
SPPS_conventional_hydroelectric_1_inlet,504,85.01472539999999,0
SPPS_conventional_hydroelectric_1_inlet,505,77.43509927999999,0
SPPS_conventional_hydroelectric_1_inlet,506,77.43509927999999,0
SPPS_conventional_hydroelectric_1_inlet,507,77.23024451999999,0
SPPS_conventional_hydroelectric_1_inlet,508,77.23024451999999,0
SPPS_conventional_hydroelectric_1_inlet,509,77.23024451999999,0
SPPS_conventional_hydroelectric_1_inlet,510,77.02538976000001,0
SPPS_conventional_hydroelectric_1_inlet,511,77.02538976000001,0
SPPS_conventional_hydroelectric_1_inlet,512,77.02538976000001,0
SPPS_conventional_hydroelectric_1_inlet,513,77.02538976000001,0
SPPS_conventional_hydroelectric_1_inlet,514,76.82053499999999,0
SPPS_conventional_hydroelectric_1_inlet,515,76.82053499999999,0
SPPS_conventional_hydroelectric_1_inlet,516,76.82053499999999,0
SPPS_conventional_hydroelectric_1_inlet,517,76.82053499999999,0
SPPS_conventional_hydroelectric_1_inlet,518,76.61568024,0
SPPS_conventional_hydroelectric_1_inlet,519,76.61568024,0
SPPS_conventional_hydroelectric_1_inlet,520,76.61568024,0
SPPS_conventional_hydroelectric_1_inlet,521,76.41082548,0
SPPS_conventional_hydroelectric_1_inlet,522,76.41082548,0
SPPS_conventional_hydroelectric_1_inlet,523,76.41082548,0
SPPS_conventional_hydroelectric_1_inlet,524,76.41082548,0
SPPS_conventional_hydroelectric_1_inlet,525,76.20597072,0
SPPS_conventional_hydroelectric_1_inlet,526,76.20597072,0
SPPS_conventional_hydroelectric_1_inlet,527,76.20597072,0
SPPS_conventional_hydroelectric_1_inlet,528,76.20597072,0
SPPS_conventional_hydroelectric_1_inlet,529,64.73410416,0
SPPS_conventional_hydroelectric_1_inlet,530,64.73410416,0
SPPS_conventional_hydroelectric_1_inlet,531,64.73410416,0
SPPS_conventional_hydroelectric_1_inlet,532,64.73410416,0
SPPS_conventional_hydroelectric_1_inlet,533,64.73410416,0
SPPS_conventional_hydroelectric_1_inlet,534,64.73410416,0
SPPS_conventional_hydroelectric_1_inlet,535,64.73410416,0
SPPS_conventional_hydroelectric_1_inlet,536,64.73410416,0
SPPS_conventional_hydroelectric_1_inlet,537,64.73410416,0
SPPS_conventional_hydroelectric_1_inlet,538,64.73410416,0
SPPS_conventional_hydroelectric_1_inlet,539,64.73410416,0
SPPS_conventional_hydroelectric_1_inlet,540,64.73410416,0
SPPS_conventional_hydroelectric_1_inlet,541,64.73410416,0
SPPS_conventional_hydroelectric_1_inlet,542,64.73410416,0
SPPS_conventional_hydroelectric_1_inlet,543,64.73410416,0
SPPS_conventional_hydroelectric_1_inlet,544,64.73410416,0
SPPS_conventional_hydroelectric_1_inlet,545,64.73410416,0
SPPS_conventional_hydroelectric_1_inlet,546,64.73410416,0
SPPS_conventional_hydroelectric_1_inlet,547,64.73410416,0
SPPS_conventional_hydroelectric_1_inlet,548,64.73410416,0
SPPS_conventional_hydroelectric_1_inlet,549,64.73410416,0
SPPS_conventional_hydroelectric_1_inlet,550,64.73410416,0
SPPS_conventional_hydroelectric_1_inlet,551,64.73410416,0
SPPS_conventional_hydroelectric_1_inlet,552,64.73410416,0
SPPS_conventional_hydroelectric_1_inlet,553,155.27990808,0
SPPS_conventional_hydroelectric_1_inlet,554,156.30418188000002,0
SPPS_conventional_hydroelectric_1_inlet,555,157.12360092,0
SPPS_conventional_hydroelectric_1_inlet,556,158.14787472,0
SPPS_conventional_hydroelectric_1_inlet,557,158.96729376,0
SPPS_conventional_hydroelectric_1_inlet,558,159.99156756000002,0
SPPS_conventional_hydroelectric_1_inlet,559,160.8109866,0
SPPS_conventional_hydroelectric_1_inlet,560,161.83526039999998,0
SPPS_conventional_hydroelectric_1_inlet,561,162.65467944,0
SPPS_conventional_hydroelectric_1_inlet,562,163.67895324,0
SPPS_conventional_hydroelectric_1_inlet,563,164.49837227999998,0
SPPS_conventional_hydroelectric_1_inlet,564,165.52264608,0
SPPS_conventional_hydroelectric_1_inlet,565,166.54691988,0
SPPS_conventional_hydroelectric_1_inlet,566,167.36633891999998,0
SPPS_conventional_hydroelectric_1_inlet,567,168.39061272,0
SPPS_conventional_hydroelectric_1_inlet,568,169.21003176,0
SPPS_conventional_hydroelectric_1_inlet,569,170.23430555999997,0
SPPS_conventional_hydroelectric_1_inlet,570,171.0537246,0
SPPS_conventional_hydroelectric_1_inlet,571,172.0779984,0
SPPS_conventional_hydroelectric_1_inlet,572,172.89741744,0
SPPS_conventional_hydroelectric_1_inlet,573,173.92169124,0
SPPS_conventional_hydroelectric_1_inlet,574,174.94596504,0
SPPS_conventional_hydroelectric_1_inlet,575,175.76538408,0
SPPS_conventional_hydroelectric_1_inlet,576,176.78965788,0
SRCA_conventional_hydroelectric_1_inlet,1,363.38072832,0
SRCA_conventional_hydroelectric_1_inlet,2,364.10387404799997,0
SRCA_conventional_hydroelectric_1_inlet,3,364.82701977600004,0
SRCA_conventional_hydroelectric_1_inlet,4,365.55016550399995,0
SRCA_conventional_hydroelectric_1_inlet,5,366.27331123199997,0
SRCA_conventional_hydroelectric_1_inlet,6,366.99645696000005,0
SRCA_conventional_hydroelectric_1_inlet,7,367.719602688,0
SRCA_conventional_hydroelectric_1_inlet,8,368.442748416,0
SRCA_conventional_hydroelectric_1_inlet,9,369.165894144,0
SRCA_conventional_hydroelectric_1_inlet,10,369.889039872,0
SRCA_conventional_hydroelectric_1_inlet,11,370.6121856,0
SRCA_conventional_hydroelectric_1_inlet,12,371.335331328,0
SRCA_conventional_hydroelectric_1_inlet,13,371.87769062399997,0
SRCA_conventional_hydroelectric_1_inlet,14,372.60083635200004,0
SRCA_conventional_hydroelectric_1_inlet,15,373.32398207999995,0
SRCA_conventional_hydroelectric_1_inlet,16,374.04712780799997,0
SRCA_conventional_hydroelectric_1_inlet,17,374.77027353600005,0
SRCA_conventional_hydroelectric_1_inlet,18,375.49341926399995,0
SRCA_conventional_hydroelectric_1_inlet,19,376.216564992,0
SRCA_conventional_hydroelectric_1_inlet,20,376.93971072,0
SRCA_conventional_hydroelectric_1_inlet,21,377.662856448,0
SRCA_conventional_hydroelectric_1_inlet,22,378.386002176,0
SRCA_conventional_hydroelectric_1_inlet,23,379.109147904,0
SRCA_conventional_hydroelectric_1_inlet,24,379.65150719999997,0
SRCA_conventional_hydroelectric_1_inlet,25,396.103072512,0
SRCA_conventional_hydroelectric_1_inlet,26,395.741499648,0
SRCA_conventional_hydroelectric_1_inlet,27,395.199140352,0
SRCA_conventional_hydroelectric_1_inlet,28,394.83756748800005,0
SRCA_conventional_hydroelectric_1_inlet,29,394.475994624,0
SRCA_conventional_hydroelectric_1_inlet,30,394.11442175999997,0
SRCA_conventional_hydroelectric_1_inlet,31,393.572062464,0
SRCA_conventional_hydroelectric_1_inlet,32,393.21048959999996,0
SRCA_conventional_hydroelectric_1_inlet,33,392.848916736,0
SRCA_conventional_hydroelectric_1_inlet,34,392.30655744,0
SRCA_conventional_hydroelectric_1_inlet,35,391.94498457599997,0
SRCA_conventional_hydroelectric_1_inlet,36,391.583411712,0
SRCA_conventional_hydroelectric_1_inlet,37,391.221838848,0
SRCA_conventional_hydroelectric_1_inlet,38,390.679479552,0
SRCA_conventional_hydroelectric_1_inlet,39,390.31790668800005,0
SRCA_conventional_hydroelectric_1_inlet,40,389.956333824,0
SRCA_conventional_hydroelectric_1_inlet,41,389.41397452800004,0
SRCA_conventional_hydroelectric_1_inlet,42,389.052401664,0
SRCA_conventional_hydroelectric_1_inlet,43,388.69082879999996,0
SRCA_conventional_hydroelectric_1_inlet,44,388.329255936,0
SRCA_conventional_hydroelectric_1_inlet,45,387.78689664,0
SRCA_conventional_hydroelectric_1_inlet,46,387.42532377599997,0
SRCA_conventional_hydroelectric_1_inlet,47,387.06375091200005,0
SRCA_conventional_hydroelectric_1_inlet,48,386.52139161599996,0
SRCA_conventional_hydroelectric_1_inlet,49,307.156147968,0
SRCA_conventional_hydroelectric_1_inlet,50,307.156147968,0
SRCA_conventional_hydroelectric_1_inlet,51,307.156147968,0
SRCA_conventional_hydroelectric_1_inlet,52,307.156147968,0
SRCA_conventional_hydroelectric_1_inlet,53,307.156147968,0
SRCA_conventional_hydroelectric_1_inlet,54,307.156147968,0
SRCA_conventional_hydroelectric_1_inlet,55,307.156147968,0
SRCA_conventional_hydroelectric_1_inlet,56,307.156147968,0
SRCA_conventional_hydroelectric_1_inlet,57,307.156147968,0
SRCA_conventional_hydroelectric_1_inlet,58,307.156147968,0
SRCA_conventional_hydroelectric_1_inlet,59,307.156147968,0
SRCA_conventional_hydroelectric_1_inlet,60,307.156147968,0
SRCA_conventional_hydroelectric_1_inlet,61,307.156147968,0
SRCA_conventional_hydroelectric_1_inlet,62,307.156147968,0
SRCA_conventional_hydroelectric_1_inlet,63,307.156147968,0
SRCA_conventional_hydroelectric_1_inlet,64,307.156147968,0
SRCA_conventional_hydroelectric_1_inlet,65,307.156147968,0
SRCA_conventional_hydroelectric_1_inlet,66,307.156147968,0
SRCA_conventional_hydroelectric_1_inlet,67,307.156147968,0
SRCA_conventional_hydroelectric_1_inlet,68,307.156147968,0
SRCA_conventional_hydroelectric_1_inlet,69,307.156147968,0
SRCA_conventional_hydroelectric_1_inlet,70,307.156147968,0
SRCA_conventional_hydroelectric_1_inlet,71,307.156147968,0
SRCA_conventional_hydroelectric_1_inlet,72,307.156147968,0
SRCA_conventional_hydroelectric_1_inlet,73,307.156147968,0
SRCA_conventional_hydroelectric_1_inlet,74,307.156147968,0
SRCA_conventional_hydroelectric_1_inlet,75,307.156147968,0
SRCA_conventional_hydroelectric_1_inlet,76,307.156147968,0
SRCA_conventional_hydroelectric_1_inlet,77,307.156147968,0
SRCA_conventional_hydroelectric_1_inlet,78,307.156147968,0
SRCA_conventional_hydroelectric_1_inlet,79,307.156147968,0
SRCA_conventional_hydroelectric_1_inlet,80,307.156147968,0
SRCA_conventional_hydroelectric_1_inlet,81,307.156147968,0
SRCA_conventional_hydroelectric_1_inlet,82,307.156147968,0
SRCA_conventional_hydroelectric_1_inlet,83,307.156147968,0
SRCA_conventional_hydroelectric_1_inlet,84,307.156147968,0
SRCA_conventional_hydroelectric_1_inlet,85,307.156147968,0
SRCA_conventional_hydroelectric_1_inlet,86,307.156147968,0
SRCA_conventional_hydroelectric_1_inlet,87,307.156147968,0
SRCA_conventional_hydroelectric_1_inlet,88,307.156147968,0
SRCA_conventional_hydroelectric_1_inlet,89,307.156147968,0
SRCA_conventional_hydroelectric_1_inlet,90,307.156147968,0
SRCA_conventional_hydroelectric_1_inlet,91,307.156147968,0
SRCA_conventional_hydroelectric_1_inlet,92,307.156147968,0
SRCA_conventional_hydroelectric_1_inlet,93,307.156147968,0
SRCA_conventional_hydroelectric_1_inlet,94,307.156147968,0
SRCA_conventional_hydroelectric_1_inlet,95,307.156147968,0
SRCA_conventional_hydroelectric_1_inlet,96,307.156147968,0
SRCA_conventional_hydroelectric_1_inlet,97,323.96928614399997,0
SRCA_conventional_hydroelectric_1_inlet,98,324.15007257599996,0
SRCA_conventional_hydroelectric_1_inlet,99,324.15007257599996,0
SRCA_conventional_hydroelectric_1_inlet,100,324.15007257599996,0
SRCA_conventional_hydroelectric_1_inlet,101,324.330859008,0
SRCA_conventional_hydroelectric_1_inlet,102,324.330859008,0
SRCA_conventional_hydroelectric_1_inlet,103,324.330859008,0
SRCA_conventional_hydroelectric_1_inlet,104,324.51164544,0
SRCA_conventional_hydroelectric_1_inlet,105,324.51164544,0
SRCA_conventional_hydroelectric_1_inlet,106,324.51164544,0
SRCA_conventional_hydroelectric_1_inlet,107,324.51164544,0
SRCA_conventional_hydroelectric_1_inlet,108,324.69243187200004,0
SRCA_conventional_hydroelectric_1_inlet,109,324.69243187200004,0
SRCA_conventional_hydroelectric_1_inlet,110,324.69243187200004,0
SRCA_conventional_hydroelectric_1_inlet,111,324.87321830400003,0
SRCA_conventional_hydroelectric_1_inlet,112,324.87321830400003,0
SRCA_conventional_hydroelectric_1_inlet,113,324.87321830400003,0
SRCA_conventional_hydroelectric_1_inlet,114,325.05400473599997,0
SRCA_conventional_hydroelectric_1_inlet,115,325.05400473599997,0
SRCA_conventional_hydroelectric_1_inlet,116,325.05400473599997,0
SRCA_conventional_hydroelectric_1_inlet,117,325.23479116799996,0
SRCA_conventional_hydroelectric_1_inlet,118,325.23479116799996,0
SRCA_conventional_hydroelectric_1_inlet,119,325.23479116799996,0
SRCA_conventional_hydroelectric_1_inlet,120,325.41557759999995,0
SRCA_conventional_hydroelectric_1_inlet,121,327.404228352,0
SRCA_conventional_hydroelectric_1_inlet,122,327.404228352,0
SRCA_conventional_hydroelectric_1_inlet,123,327.404228352,0
SRCA_conventional_hydroelectric_1_inlet,124,327.404228352,0
SRCA_conventional_hydroelectric_1_inlet,125,327.404228352,0
SRCA_conventional_hydroelectric_1_inlet,126,327.404228352,0
SRCA_conventional_hydroelectric_1_inlet,127,327.404228352,0
SRCA_conventional_hydroelectric_1_inlet,128,327.404228352,0
SRCA_conventional_hydroelectric_1_inlet,129,327.404228352,0
SRCA_conventional_hydroelectric_1_inlet,130,327.404228352,0
SRCA_conventional_hydroelectric_1_inlet,131,327.404228352,0
SRCA_conventional_hydroelectric_1_inlet,132,327.404228352,0
SRCA_conventional_hydroelectric_1_inlet,133,327.404228352,0
SRCA_conventional_hydroelectric_1_inlet,134,327.404228352,0
SRCA_conventional_hydroelectric_1_inlet,135,327.404228352,0
SRCA_conventional_hydroelectric_1_inlet,136,327.404228352,0
SRCA_conventional_hydroelectric_1_inlet,137,327.404228352,0
SRCA_conventional_hydroelectric_1_inlet,138,327.404228352,0
SRCA_conventional_hydroelectric_1_inlet,139,327.404228352,0
SRCA_conventional_hydroelectric_1_inlet,140,327.404228352,0
SRCA_conventional_hydroelectric_1_inlet,141,327.404228352,0
SRCA_conventional_hydroelectric_1_inlet,142,327.404228352,0
SRCA_conventional_hydroelectric_1_inlet,143,327.404228352,0
SRCA_conventional_hydroelectric_1_inlet,144,327.404228352,0
SRCA_conventional_hydroelectric_1_inlet,145,309.32558515200003,0
SRCA_conventional_hydroelectric_1_inlet,146,309.32558515200003,0
SRCA_conventional_hydroelectric_1_inlet,147,309.14479872000004,0
SRCA_conventional_hydroelectric_1_inlet,148,309.14479872000004,0
SRCA_conventional_hydroelectric_1_inlet,149,308.964012288,0
SRCA_conventional_hydroelectric_1_inlet,150,308.964012288,0
SRCA_conventional_hydroelectric_1_inlet,151,308.964012288,0
SRCA_conventional_hydroelectric_1_inlet,152,308.783225856,0
SRCA_conventional_hydroelectric_1_inlet,153,308.783225856,0
SRCA_conventional_hydroelectric_1_inlet,154,308.60243942399995,0
SRCA_conventional_hydroelectric_1_inlet,155,308.60243942399995,0
SRCA_conventional_hydroelectric_1_inlet,156,308.60243942399995,0
SRCA_conventional_hydroelectric_1_inlet,157,308.42165299199996,0
SRCA_conventional_hydroelectric_1_inlet,158,308.42165299199996,0
SRCA_conventional_hydroelectric_1_inlet,159,308.24086656000003,0
SRCA_conventional_hydroelectric_1_inlet,160,308.24086656000003,0
SRCA_conventional_hydroelectric_1_inlet,161,308.24086656000003,0
SRCA_conventional_hydroelectric_1_inlet,162,308.060080128,0
SRCA_conventional_hydroelectric_1_inlet,163,308.060080128,0
SRCA_conventional_hydroelectric_1_inlet,164,307.879293696,0
SRCA_conventional_hydroelectric_1_inlet,165,307.879293696,0
SRCA_conventional_hydroelectric_1_inlet,166,307.69850726399994,0
SRCA_conventional_hydroelectric_1_inlet,167,307.69850726399994,0
SRCA_conventional_hydroelectric_1_inlet,168,307.69850726399994,0
SRCA_conventional_hydroelectric_1_inlet,169,299.924690688,0
SRCA_conventional_hydroelectric_1_inlet,170,299.924690688,0
SRCA_conventional_hydroelectric_1_inlet,171,299.924690688,0
SRCA_conventional_hydroelectric_1_inlet,172,299.924690688,0
SRCA_conventional_hydroelectric_1_inlet,173,299.924690688,0
SRCA_conventional_hydroelectric_1_inlet,174,299.924690688,0
SRCA_conventional_hydroelectric_1_inlet,175,299.924690688,0
SRCA_conventional_hydroelectric_1_inlet,176,299.924690688,0
SRCA_conventional_hydroelectric_1_inlet,177,299.924690688,0
SRCA_conventional_hydroelectric_1_inlet,178,299.924690688,0
SRCA_conventional_hydroelectric_1_inlet,179,299.924690688,0
SRCA_conventional_hydroelectric_1_inlet,180,299.924690688,0
SRCA_conventional_hydroelectric_1_inlet,181,299.924690688,0
SRCA_conventional_hydroelectric_1_inlet,182,299.924690688,0
SRCA_conventional_hydroelectric_1_inlet,183,299.924690688,0
SRCA_conventional_hydroelectric_1_inlet,184,299.924690688,0
SRCA_conventional_hydroelectric_1_inlet,185,299.924690688,0
SRCA_conventional_hydroelectric_1_inlet,186,299.924690688,0
SRCA_conventional_hydroelectric_1_inlet,187,299.924690688,0
SRCA_conventional_hydroelectric_1_inlet,188,299.924690688,0
SRCA_conventional_hydroelectric_1_inlet,189,299.924690688,0
SRCA_conventional_hydroelectric_1_inlet,190,299.924690688,0
SRCA_conventional_hydroelectric_1_inlet,191,299.924690688,0
SRCA_conventional_hydroelectric_1_inlet,192,299.924690688,0
SRCA_conventional_hydroelectric_1_inlet,193,365.36937907199996,0
SRCA_conventional_hydroelectric_1_inlet,194,365.36937907199996,0
SRCA_conventional_hydroelectric_1_inlet,195,365.36937907199996,0
SRCA_conventional_hydroelectric_1_inlet,196,365.36937907199996,0
SRCA_conventional_hydroelectric_1_inlet,197,365.36937907199996,0
SRCA_conventional_hydroelectric_1_inlet,198,365.36937907199996,0
SRCA_conventional_hydroelectric_1_inlet,199,365.36937907199996,0
SRCA_conventional_hydroelectric_1_inlet,200,365.36937907199996,0
SRCA_conventional_hydroelectric_1_inlet,201,365.36937907199996,0
SRCA_conventional_hydroelectric_1_inlet,202,365.36937907199996,0
SRCA_conventional_hydroelectric_1_inlet,203,365.36937907199996,0
SRCA_conventional_hydroelectric_1_inlet,204,365.36937907199996,0
SRCA_conventional_hydroelectric_1_inlet,205,365.36937907199996,0
SRCA_conventional_hydroelectric_1_inlet,206,365.36937907199996,0
SRCA_conventional_hydroelectric_1_inlet,207,365.36937907199996,0
SRCA_conventional_hydroelectric_1_inlet,208,365.36937907199996,0
SRCA_conventional_hydroelectric_1_inlet,209,365.36937907199996,0
SRCA_conventional_hydroelectric_1_inlet,210,365.36937907199996,0
SRCA_conventional_hydroelectric_1_inlet,211,365.36937907199996,0
SRCA_conventional_hydroelectric_1_inlet,212,365.36937907199996,0
SRCA_conventional_hydroelectric_1_inlet,213,365.36937907199996,0
SRCA_conventional_hydroelectric_1_inlet,214,365.36937907199996,0
SRCA_conventional_hydroelectric_1_inlet,215,365.36937907199996,0
SRCA_conventional_hydroelectric_1_inlet,216,365.36937907199996,0
SRCA_conventional_hydroelectric_1_inlet,217,323.24614041599995,0
SRCA_conventional_hydroelectric_1_inlet,218,322.88456755199996,0
SRCA_conventional_hydroelectric_1_inlet,219,322.52299468800004,0
SRCA_conventional_hydroelectric_1_inlet,220,322.342208256,0
SRCA_conventional_hydroelectric_1_inlet,221,321.980635392,0
SRCA_conventional_hydroelectric_1_inlet,222,321.79984895999996,0
SRCA_conventional_hydroelectric_1_inlet,223,321.43827609600004,0
SRCA_conventional_hydroelectric_1_inlet,224,321.076703232,0
SRCA_conventional_hydroelectric_1_inlet,225,320.89591679999995,0
SRCA_conventional_hydroelectric_1_inlet,226,320.534343936,0
SRCA_conventional_hydroelectric_1_inlet,227,320.353557504,0
SRCA_conventional_hydroelectric_1_inlet,228,319.99198464,0
SRCA_conventional_hydroelectric_1_inlet,229,319.630411776,0
SRCA_conventional_hydroelectric_1_inlet,230,319.449625344,0
SRCA_conventional_hydroelectric_1_inlet,231,319.08805248,0
SRCA_conventional_hydroelectric_1_inlet,232,318.907266048,0
SRCA_conventional_hydroelectric_1_inlet,233,318.54569318399996,0
SRCA_conventional_hydroelectric_1_inlet,234,318.18412032,0
SRCA_conventional_hydroelectric_1_inlet,235,318.003333888,0
SRCA_conventional_hydroelectric_1_inlet,236,317.64176102399995,0
SRCA_conventional_hydroelectric_1_inlet,237,317.28018815999997,0
SRCA_conventional_hydroelectric_1_inlet,238,317.09940172800003,0
SRCA_conventional_hydroelectric_1_inlet,239,316.737828864,0
SRCA_conventional_hydroelectric_1_inlet,240,316.557042432,0
SRCA_conventional_hydroelectric_1_inlet,241,258.705384192,0
SRCA_conventional_hydroelectric_1_inlet,242,258.705384192,0
SRCA_conventional_hydroelectric_1_inlet,243,258.705384192,0
SRCA_conventional_hydroelectric_1_inlet,244,258.705384192,0
SRCA_conventional_hydroelectric_1_inlet,245,258.705384192,0
SRCA_conventional_hydroelectric_1_inlet,246,258.705384192,0
SRCA_conventional_hydroelectric_1_inlet,247,258.705384192,0
SRCA_conventional_hydroelectric_1_inlet,248,258.705384192,0
SRCA_conventional_hydroelectric_1_inlet,249,258.705384192,0
SRCA_conventional_hydroelectric_1_inlet,250,258.705384192,0
SRCA_conventional_hydroelectric_1_inlet,251,258.705384192,0
SRCA_conventional_hydroelectric_1_inlet,252,258.705384192,0
SRCA_conventional_hydroelectric_1_inlet,253,258.705384192,0
SRCA_conventional_hydroelectric_1_inlet,254,258.705384192,0
SRCA_conventional_hydroelectric_1_inlet,255,258.705384192,0
SRCA_conventional_hydroelectric_1_inlet,256,258.705384192,0
SRCA_conventional_hydroelectric_1_inlet,257,258.705384192,0
SRCA_conventional_hydroelectric_1_inlet,258,258.705384192,0
SRCA_conventional_hydroelectric_1_inlet,259,258.705384192,0
SRCA_conventional_hydroelectric_1_inlet,260,258.705384192,0
SRCA_conventional_hydroelectric_1_inlet,261,258.705384192,0
SRCA_conventional_hydroelectric_1_inlet,262,258.705384192,0
SRCA_conventional_hydroelectric_1_inlet,263,258.705384192,0
SRCA_conventional_hydroelectric_1_inlet,264,258.705384192,0
SRCA_conventional_hydroelectric_1_inlet,265,246.411906816,0
SRCA_conventional_hydroelectric_1_inlet,266,246.411906816,0
SRCA_conventional_hydroelectric_1_inlet,267,246.23112038399998,0
SRCA_conventional_hydroelectric_1_inlet,268,246.23112038399998,0
SRCA_conventional_hydroelectric_1_inlet,269,246.050333952,0
SRCA_conventional_hydroelectric_1_inlet,270,246.050333952,0
SRCA_conventional_hydroelectric_1_inlet,271,246.050333952,0
SRCA_conventional_hydroelectric_1_inlet,272,245.86954752,0
SRCA_conventional_hydroelectric_1_inlet,273,245.86954752,0
SRCA_conventional_hydroelectric_1_inlet,274,245.68876108799998,0
SRCA_conventional_hydroelectric_1_inlet,275,245.68876108799998,0
SRCA_conventional_hydroelectric_1_inlet,276,245.68876108799998,0
SRCA_conventional_hydroelectric_1_inlet,277,245.507974656,0
SRCA_conventional_hydroelectric_1_inlet,278,245.507974656,0
SRCA_conventional_hydroelectric_1_inlet,279,245.32718822399997,0
SRCA_conventional_hydroelectric_1_inlet,280,245.32718822399997,0
SRCA_conventional_hydroelectric_1_inlet,281,245.14640179199998,0
SRCA_conventional_hydroelectric_1_inlet,282,245.14640179199998,0
SRCA_conventional_hydroelectric_1_inlet,283,245.14640179199998,0
SRCA_conventional_hydroelectric_1_inlet,284,244.96561536,0
SRCA_conventional_hydroelectric_1_inlet,285,244.96561536,0
SRCA_conventional_hydroelectric_1_inlet,286,244.784828928,0
SRCA_conventional_hydroelectric_1_inlet,287,244.784828928,0
SRCA_conventional_hydroelectric_1_inlet,288,244.60404249600003,0
SRCA_conventional_hydroelectric_1_inlet,289,231.045060096,0
SRCA_conventional_hydroelectric_1_inlet,290,231.045060096,0
SRCA_conventional_hydroelectric_1_inlet,291,231.045060096,0
SRCA_conventional_hydroelectric_1_inlet,292,231.045060096,0
SRCA_conventional_hydroelectric_1_inlet,293,231.045060096,0
SRCA_conventional_hydroelectric_1_inlet,294,231.045060096,0
SRCA_conventional_hydroelectric_1_inlet,295,231.045060096,0
SRCA_conventional_hydroelectric_1_inlet,296,231.045060096,0
SRCA_conventional_hydroelectric_1_inlet,297,231.045060096,0
SRCA_conventional_hydroelectric_1_inlet,298,231.045060096,0
SRCA_conventional_hydroelectric_1_inlet,299,231.045060096,0
SRCA_conventional_hydroelectric_1_inlet,300,231.045060096,0
SRCA_conventional_hydroelectric_1_inlet,301,231.045060096,0
SRCA_conventional_hydroelectric_1_inlet,302,231.045060096,0
SRCA_conventional_hydroelectric_1_inlet,303,231.045060096,0
SRCA_conventional_hydroelectric_1_inlet,304,231.045060096,0
SRCA_conventional_hydroelectric_1_inlet,305,231.045060096,0
SRCA_conventional_hydroelectric_1_inlet,306,231.045060096,0
SRCA_conventional_hydroelectric_1_inlet,307,231.045060096,0
SRCA_conventional_hydroelectric_1_inlet,308,231.045060096,0
SRCA_conventional_hydroelectric_1_inlet,309,231.045060096,0
SRCA_conventional_hydroelectric_1_inlet,310,231.045060096,0
SRCA_conventional_hydroelectric_1_inlet,311,231.045060096,0
SRCA_conventional_hydroelectric_1_inlet,312,231.045060096,0
SRCA_conventional_hydroelectric_1_inlet,313,238.63809024,0
SRCA_conventional_hydroelectric_1_inlet,314,238.818876672,0
SRCA_conventional_hydroelectric_1_inlet,315,238.818876672,0
SRCA_conventional_hydroelectric_1_inlet,316,238.99966310400004,0
SRCA_conventional_hydroelectric_1_inlet,317,238.99966310400004,0
SRCA_conventional_hydroelectric_1_inlet,318,239.180449536,0
SRCA_conventional_hydroelectric_1_inlet,319,239.180449536,0
SRCA_conventional_hydroelectric_1_inlet,320,239.361235968,0
SRCA_conventional_hydroelectric_1_inlet,321,239.54202240000004,0
SRCA_conventional_hydroelectric_1_inlet,322,239.54202240000004,0
SRCA_conventional_hydroelectric_1_inlet,323,239.722808832,0
SRCA_conventional_hydroelectric_1_inlet,324,239.722808832,0
SRCA_conventional_hydroelectric_1_inlet,325,239.903595264,0
SRCA_conventional_hydroelectric_1_inlet,326,239.903595264,0
SRCA_conventional_hydroelectric_1_inlet,327,240.08438169599998,0
SRCA_conventional_hydroelectric_1_inlet,328,240.26516812799997,0
SRCA_conventional_hydroelectric_1_inlet,329,240.26516812799997,0
SRCA_conventional_hydroelectric_1_inlet,330,240.44595456,0
SRCA_conventional_hydroelectric_1_inlet,331,240.44595456,0
SRCA_conventional_hydroelectric_1_inlet,332,240.62674099199998,0
SRCA_conventional_hydroelectric_1_inlet,333,240.62674099199998,0
SRCA_conventional_hydroelectric_1_inlet,334,240.807527424,0
SRCA_conventional_hydroelectric_1_inlet,335,240.988313856,0
SRCA_conventional_hydroelectric_1_inlet,336,240.988313856,0
SRCA_conventional_hydroelectric_1_inlet,337,255.993587712,0
SRCA_conventional_hydroelectric_1_inlet,338,256.174374144,0
SRCA_conventional_hydroelectric_1_inlet,339,256.355160576,0
SRCA_conventional_hydroelectric_1_inlet,340,256.355160576,0
SRCA_conventional_hydroelectric_1_inlet,341,256.535947008,0
SRCA_conventional_hydroelectric_1_inlet,342,256.535947008,0
SRCA_conventional_hydroelectric_1_inlet,343,256.71673344,0
SRCA_conventional_hydroelectric_1_inlet,344,256.71673344,0
SRCA_conventional_hydroelectric_1_inlet,345,256.89751987200003,0
SRCA_conventional_hydroelectric_1_inlet,346,257.078306304,0
SRCA_conventional_hydroelectric_1_inlet,347,257.078306304,0
SRCA_conventional_hydroelectric_1_inlet,348,257.259092736,0
SRCA_conventional_hydroelectric_1_inlet,349,257.259092736,0
SRCA_conventional_hydroelectric_1_inlet,350,257.43987916799995,0
SRCA_conventional_hydroelectric_1_inlet,351,257.43987916799995,0
SRCA_conventional_hydroelectric_1_inlet,352,257.62066559999994,0
SRCA_conventional_hydroelectric_1_inlet,353,257.801452032,0
SRCA_conventional_hydroelectric_1_inlet,354,257.801452032,0
SRCA_conventional_hydroelectric_1_inlet,355,257.982238464,0
SRCA_conventional_hydroelectric_1_inlet,356,257.982238464,0
SRCA_conventional_hydroelectric_1_inlet,357,258.163024896,0
SRCA_conventional_hydroelectric_1_inlet,358,258.163024896,0
SRCA_conventional_hydroelectric_1_inlet,359,258.343811328,0
SRCA_conventional_hydroelectric_1_inlet,360,258.52459775999995,0
SRCA_conventional_hydroelectric_1_inlet,361,267.021560064,0
SRCA_conventional_hydroelectric_1_inlet,362,267.021560064,0
SRCA_conventional_hydroelectric_1_inlet,363,267.021560064,0
SRCA_conventional_hydroelectric_1_inlet,364,267.021560064,0
SRCA_conventional_hydroelectric_1_inlet,365,267.021560064,0
SRCA_conventional_hydroelectric_1_inlet,366,267.021560064,0
SRCA_conventional_hydroelectric_1_inlet,367,267.021560064,0
SRCA_conventional_hydroelectric_1_inlet,368,266.84077363200004,0
SRCA_conventional_hydroelectric_1_inlet,369,266.84077363200004,0
SRCA_conventional_hydroelectric_1_inlet,370,266.84077363200004,0
SRCA_conventional_hydroelectric_1_inlet,371,266.84077363200004,0
SRCA_conventional_hydroelectric_1_inlet,372,266.84077363200004,0
SRCA_conventional_hydroelectric_1_inlet,373,266.84077363200004,0
SRCA_conventional_hydroelectric_1_inlet,374,266.84077363200004,0
SRCA_conventional_hydroelectric_1_inlet,375,266.84077363200004,0
SRCA_conventional_hydroelectric_1_inlet,376,266.84077363200004,0
SRCA_conventional_hydroelectric_1_inlet,377,266.84077363200004,0
SRCA_conventional_hydroelectric_1_inlet,378,266.84077363200004,0
SRCA_conventional_hydroelectric_1_inlet,379,266.84077363200004,0
SRCA_conventional_hydroelectric_1_inlet,380,266.6599872,0
SRCA_conventional_hydroelectric_1_inlet,381,266.6599872,0
SRCA_conventional_hydroelectric_1_inlet,382,266.6599872,0
SRCA_conventional_hydroelectric_1_inlet,383,266.6599872,0
SRCA_conventional_hydroelectric_1_inlet,384,266.6599872,0
SRCA_conventional_hydroelectric_1_inlet,385,264.85212288,0
SRCA_conventional_hydroelectric_1_inlet,386,264.85212288,0
SRCA_conventional_hydroelectric_1_inlet,387,264.85212288,0
SRCA_conventional_hydroelectric_1_inlet,388,264.67133644800003,0
SRCA_conventional_hydroelectric_1_inlet,389,264.67133644800003,0
SRCA_conventional_hydroelectric_1_inlet,390,264.67133644800003,0
SRCA_conventional_hydroelectric_1_inlet,391,264.67133644800003,0
SRCA_conventional_hydroelectric_1_inlet,392,264.67133644800003,0
SRCA_conventional_hydroelectric_1_inlet,393,264.67133644800003,0
SRCA_conventional_hydroelectric_1_inlet,394,264.67133644800003,0
SRCA_conventional_hydroelectric_1_inlet,395,264.67133644800003,0
SRCA_conventional_hydroelectric_1_inlet,396,264.67133644800003,0
SRCA_conventional_hydroelectric_1_inlet,397,264.67133644800003,0
SRCA_conventional_hydroelectric_1_inlet,398,264.67133644800003,0
SRCA_conventional_hydroelectric_1_inlet,399,264.67133644800003,0
SRCA_conventional_hydroelectric_1_inlet,400,264.49055001600004,0
SRCA_conventional_hydroelectric_1_inlet,401,264.49055001600004,0
SRCA_conventional_hydroelectric_1_inlet,402,264.49055001600004,0
SRCA_conventional_hydroelectric_1_inlet,403,264.49055001600004,0
SRCA_conventional_hydroelectric_1_inlet,404,264.49055001600004,0
SRCA_conventional_hydroelectric_1_inlet,405,264.49055001600004,0
SRCA_conventional_hydroelectric_1_inlet,406,264.49055001600004,0
SRCA_conventional_hydroelectric_1_inlet,407,264.49055001600004,0
SRCA_conventional_hydroelectric_1_inlet,408,264.49055001600004,0
SRCA_conventional_hydroelectric_1_inlet,409,263.94819072,0
SRCA_conventional_hydroelectric_1_inlet,410,263.94819072,0
SRCA_conventional_hydroelectric_1_inlet,411,263.94819072,0
SRCA_conventional_hydroelectric_1_inlet,412,263.94819072,0
SRCA_conventional_hydroelectric_1_inlet,413,263.94819072,0
SRCA_conventional_hydroelectric_1_inlet,414,263.94819072,0
SRCA_conventional_hydroelectric_1_inlet,415,263.94819072,0
SRCA_conventional_hydroelectric_1_inlet,416,263.94819072,0
SRCA_conventional_hydroelectric_1_inlet,417,263.94819072,0
SRCA_conventional_hydroelectric_1_inlet,418,263.94819072,0
SRCA_conventional_hydroelectric_1_inlet,419,263.94819072,0
SRCA_conventional_hydroelectric_1_inlet,420,263.94819072,0
SRCA_conventional_hydroelectric_1_inlet,421,263.94819072,0
SRCA_conventional_hydroelectric_1_inlet,422,263.94819072,0
SRCA_conventional_hydroelectric_1_inlet,423,263.94819072,0
SRCA_conventional_hydroelectric_1_inlet,424,263.94819072,0
SRCA_conventional_hydroelectric_1_inlet,425,263.94819072,0
SRCA_conventional_hydroelectric_1_inlet,426,263.94819072,0
SRCA_conventional_hydroelectric_1_inlet,427,263.94819072,0
SRCA_conventional_hydroelectric_1_inlet,428,263.94819072,0
SRCA_conventional_hydroelectric_1_inlet,429,263.94819072,0
SRCA_conventional_hydroelectric_1_inlet,430,263.94819072,0
SRCA_conventional_hydroelectric_1_inlet,431,263.94819072,0
SRCA_conventional_hydroelectric_1_inlet,432,263.94819072,0
SRCA_conventional_hydroelectric_1_inlet,433,284.919416832,0
SRCA_conventional_hydroelectric_1_inlet,434,285.10020326399996,0
SRCA_conventional_hydroelectric_1_inlet,435,285.10020326399996,0
SRCA_conventional_hydroelectric_1_inlet,436,285.10020326399996,0
SRCA_conventional_hydroelectric_1_inlet,437,285.28098969599995,0
SRCA_conventional_hydroelectric_1_inlet,438,285.28098969599995,0
SRCA_conventional_hydroelectric_1_inlet,439,285.461776128,0
SRCA_conventional_hydroelectric_1_inlet,440,285.461776128,0
SRCA_conventional_hydroelectric_1_inlet,441,285.64256256,0
SRCA_conventional_hydroelectric_1_inlet,442,285.64256256,0
SRCA_conventional_hydroelectric_1_inlet,443,285.64256256,0
SRCA_conventional_hydroelectric_1_inlet,444,285.823348992,0
SRCA_conventional_hydroelectric_1_inlet,445,285.823348992,0
SRCA_conventional_hydroelectric_1_inlet,446,286.004135424,0
SRCA_conventional_hydroelectric_1_inlet,447,286.004135424,0
SRCA_conventional_hydroelectric_1_inlet,448,286.004135424,0
SRCA_conventional_hydroelectric_1_inlet,449,286.18492185599996,0
SRCA_conventional_hydroelectric_1_inlet,450,286.18492185599996,0
SRCA_conventional_hydroelectric_1_inlet,451,286.365708288,0
SRCA_conventional_hydroelectric_1_inlet,452,286.365708288,0
SRCA_conventional_hydroelectric_1_inlet,453,286.365708288,0
SRCA_conventional_hydroelectric_1_inlet,454,286.54649472,0
SRCA_conventional_hydroelectric_1_inlet,455,286.54649472,0
SRCA_conventional_hydroelectric_1_inlet,456,286.727281152,0
SRCA_conventional_hydroelectric_1_inlet,457,291.06615552,0
SRCA_conventional_hydroelectric_1_inlet,458,291.06615552,0
SRCA_conventional_hydroelectric_1_inlet,459,291.06615552,0
SRCA_conventional_hydroelectric_1_inlet,460,291.06615552,0
SRCA_conventional_hydroelectric_1_inlet,461,291.06615552,0
SRCA_conventional_hydroelectric_1_inlet,462,291.06615552,0
SRCA_conventional_hydroelectric_1_inlet,463,291.06615552,0
SRCA_conventional_hydroelectric_1_inlet,464,291.06615552,0
SRCA_conventional_hydroelectric_1_inlet,465,291.06615552,0
SRCA_conventional_hydroelectric_1_inlet,466,291.06615552,0
SRCA_conventional_hydroelectric_1_inlet,467,291.06615552,0
SRCA_conventional_hydroelectric_1_inlet,468,291.06615552,0
SRCA_conventional_hydroelectric_1_inlet,469,291.06615552,0
SRCA_conventional_hydroelectric_1_inlet,470,291.06615552,0
SRCA_conventional_hydroelectric_1_inlet,471,291.06615552,0
SRCA_conventional_hydroelectric_1_inlet,472,291.06615552,0
SRCA_conventional_hydroelectric_1_inlet,473,291.06615552,0
SRCA_conventional_hydroelectric_1_inlet,474,291.06615552,0
SRCA_conventional_hydroelectric_1_inlet,475,291.06615552,0
SRCA_conventional_hydroelectric_1_inlet,476,291.06615552,0
SRCA_conventional_hydroelectric_1_inlet,477,291.06615552,0
SRCA_conventional_hydroelectric_1_inlet,478,291.06615552,0
SRCA_conventional_hydroelectric_1_inlet,479,291.06615552,0
SRCA_conventional_hydroelectric_1_inlet,480,291.06615552,0
SRCA_conventional_hydroelectric_1_inlet,481,230.321914368,0
SRCA_conventional_hydroelectric_1_inlet,482,230.321914368,0
SRCA_conventional_hydroelectric_1_inlet,483,230.321914368,0
SRCA_conventional_hydroelectric_1_inlet,484,230.321914368,0
SRCA_conventional_hydroelectric_1_inlet,485,230.321914368,0
SRCA_conventional_hydroelectric_1_inlet,486,230.321914368,0
SRCA_conventional_hydroelectric_1_inlet,487,230.321914368,0
SRCA_conventional_hydroelectric_1_inlet,488,230.321914368,0
SRCA_conventional_hydroelectric_1_inlet,489,230.321914368,0
SRCA_conventional_hydroelectric_1_inlet,490,230.321914368,0
SRCA_conventional_hydroelectric_1_inlet,491,230.321914368,0
SRCA_conventional_hydroelectric_1_inlet,492,230.321914368,0
SRCA_conventional_hydroelectric_1_inlet,493,230.321914368,0
SRCA_conventional_hydroelectric_1_inlet,494,230.321914368,0
SRCA_conventional_hydroelectric_1_inlet,495,230.321914368,0
SRCA_conventional_hydroelectric_1_inlet,496,230.321914368,0
SRCA_conventional_hydroelectric_1_inlet,497,230.321914368,0
SRCA_conventional_hydroelectric_1_inlet,498,230.321914368,0
SRCA_conventional_hydroelectric_1_inlet,499,230.321914368,0
SRCA_conventional_hydroelectric_1_inlet,500,230.321914368,0
SRCA_conventional_hydroelectric_1_inlet,501,230.321914368,0
SRCA_conventional_hydroelectric_1_inlet,502,230.321914368,0
SRCA_conventional_hydroelectric_1_inlet,503,230.321914368,0
SRCA_conventional_hydroelectric_1_inlet,504,230.321914368,0
SRCA_conventional_hydroelectric_1_inlet,505,216.03978623999998,0
SRCA_conventional_hydroelectric_1_inlet,506,216.03978623999998,0
SRCA_conventional_hydroelectric_1_inlet,507,215.858999808,0
SRCA_conventional_hydroelectric_1_inlet,508,215.858999808,0
SRCA_conventional_hydroelectric_1_inlet,509,215.678213376,0
SRCA_conventional_hydroelectric_1_inlet,510,215.678213376,0
SRCA_conventional_hydroelectric_1_inlet,511,215.49742694399998,0
SRCA_conventional_hydroelectric_1_inlet,512,215.49742694399998,0
SRCA_conventional_hydroelectric_1_inlet,513,215.316640512,0
SRCA_conventional_hydroelectric_1_inlet,514,215.13585408,0
SRCA_conventional_hydroelectric_1_inlet,515,215.13585408,0
SRCA_conventional_hydroelectric_1_inlet,516,214.955067648,0
SRCA_conventional_hydroelectric_1_inlet,517,214.955067648,0
SRCA_conventional_hydroelectric_1_inlet,518,214.774281216,0
SRCA_conventional_hydroelectric_1_inlet,519,214.774281216,0
SRCA_conventional_hydroelectric_1_inlet,520,214.593494784,0
SRCA_conventional_hydroelectric_1_inlet,521,214.41270835199998,0
SRCA_conventional_hydroelectric_1_inlet,522,214.41270835199998,0
SRCA_conventional_hydroelectric_1_inlet,523,214.23192192,0
SRCA_conventional_hydroelectric_1_inlet,524,214.23192192,0
SRCA_conventional_hydroelectric_1_inlet,525,214.05113548800003,0
SRCA_conventional_hydroelectric_1_inlet,526,214.05113548800003,0
SRCA_conventional_hydroelectric_1_inlet,527,213.870349056,0
SRCA_conventional_hydroelectric_1_inlet,528,213.870349056,0
SRCA_conventional_hydroelectric_1_inlet,529,193.079909376,0
SRCA_conventional_hydroelectric_1_inlet,530,193.079909376,0
SRCA_conventional_hydroelectric_1_inlet,531,193.079909376,0
SRCA_conventional_hydroelectric_1_inlet,532,193.079909376,0
SRCA_conventional_hydroelectric_1_inlet,533,193.079909376,0
SRCA_conventional_hydroelectric_1_inlet,534,193.079909376,0
SRCA_conventional_hydroelectric_1_inlet,535,193.079909376,0
SRCA_conventional_hydroelectric_1_inlet,536,193.079909376,0
SRCA_conventional_hydroelectric_1_inlet,537,193.079909376,0
SRCA_conventional_hydroelectric_1_inlet,538,193.079909376,0
SRCA_conventional_hydroelectric_1_inlet,539,193.079909376,0
SRCA_conventional_hydroelectric_1_inlet,540,193.079909376,0
SRCA_conventional_hydroelectric_1_inlet,541,193.079909376,0
SRCA_conventional_hydroelectric_1_inlet,542,193.079909376,0
SRCA_conventional_hydroelectric_1_inlet,543,193.079909376,0
SRCA_conventional_hydroelectric_1_inlet,544,193.079909376,0
SRCA_conventional_hydroelectric_1_inlet,545,193.079909376,0
SRCA_conventional_hydroelectric_1_inlet,546,193.079909376,0
SRCA_conventional_hydroelectric_1_inlet,547,193.079909376,0
SRCA_conventional_hydroelectric_1_inlet,548,193.079909376,0
SRCA_conventional_hydroelectric_1_inlet,549,193.079909376,0
SRCA_conventional_hydroelectric_1_inlet,550,193.079909376,0
SRCA_conventional_hydroelectric_1_inlet,551,193.079909376,0
SRCA_conventional_hydroelectric_1_inlet,552,193.079909376,0
SRCA_conventional_hydroelectric_1_inlet,553,261.597967104,0
SRCA_conventional_hydroelectric_1_inlet,554,262.32111283200004,0
SRCA_conventional_hydroelectric_1_inlet,555,263.04425855999995,0
SRCA_conventional_hydroelectric_1_inlet,556,263.767404288,0
SRCA_conventional_hydroelectric_1_inlet,557,264.49055001600004,0
SRCA_conventional_hydroelectric_1_inlet,558,265.21369574399995,0
SRCA_conventional_hydroelectric_1_inlet,559,265.936841472,0
SRCA_conventional_hydroelectric_1_inlet,560,266.6599872,0
SRCA_conventional_hydroelectric_1_inlet,561,267.202346496,0
SRCA_conventional_hydroelectric_1_inlet,562,267.925492224,0
SRCA_conventional_hydroelectric_1_inlet,563,268.648637952,0
SRCA_conventional_hydroelectric_1_inlet,564,269.37178368,0
SRCA_conventional_hydroelectric_1_inlet,565,270.094929408,0
SRCA_conventional_hydroelectric_1_inlet,566,270.81807513599995,0
SRCA_conventional_hydroelectric_1_inlet,567,271.541220864,0
SRCA_conventional_hydroelectric_1_inlet,568,272.26436659200004,0
SRCA_conventional_hydroelectric_1_inlet,569,272.98751231999995,0
SRCA_conventional_hydroelectric_1_inlet,570,273.710658048,0
SRCA_conventional_hydroelectric_1_inlet,571,274.433803776,0
SRCA_conventional_hydroelectric_1_inlet,572,275.15694950399995,0
SRCA_conventional_hydroelectric_1_inlet,573,275.6993088,0
SRCA_conventional_hydroelectric_1_inlet,574,276.422454528,0
SRCA_conventional_hydroelectric_1_inlet,575,277.145600256,0
SRCA_conventional_hydroelectric_1_inlet,576,277.868745984,0
SRCE_conventional_hydroelectric_1_inlet,1,2938.1903109988925,0
SRCE_conventional_hydroelectric_1_inlet,2,2942.1307459267105,0
SRCE_conventional_hydroelectric_1_inlet,3,2946.5567664604914,0
SRCE_conventional_hydroelectric_1_inlet,4,2950.9827869942733,0
SRCE_conventional_hydroelectric_1_inlet,5,2955.4088075280542,0
SRCE_conventional_hydroelectric_1_inlet,6,2959.8348280618357,0
SRCE_conventional_hydroelectric_1_inlet,7,2964.260848595617,0
SRCE_conventional_hydroelectric_1_inlet,8,2968.668285769361,0
SRCE_conventional_hydroelectric_1_inlet,9,2973.0943063031427,0
SRCE_conventional_hydroelectric_1_inlet,10,2977.5203268369237,0
SRCE_conventional_hydroelectric_1_inlet,11,2981.946347370705,0
SRCE_conventional_hydroelectric_1_inlet,12,2985.886782298523,0
SRCE_conventional_hydroelectric_1_inlet,13,2990.312802832304,0
SRCE_conventional_hydroelectric_1_inlet,14,2994.7388233660854,0
SRCE_conventional_hydroelectric_1_inlet,15,2999.14626053983,0
SRCE_conventional_hydroelectric_1_inlet,16,3003.5722810736106,0
SRCE_conventional_hydroelectric_1_inlet,17,3007.998301607392,0
SRCE_conventional_hydroelectric_1_inlet,18,3012.4243221411734,0
SRCE_conventional_hydroelectric_1_inlet,19,3016.850342674955,0
SRCE_conventional_hydroelectric_1_inlet,20,3021.276363208736,0
SRCE_conventional_hydroelectric_1_inlet,21,3025.7023837425168,0
SRCE_conventional_hydroelectric_1_inlet,22,3030.128404276299,0
SRCE_conventional_hydroelectric_1_inlet,23,3034.0502558440803,0
SRCE_conventional_hydroelectric_1_inlet,24,3038.476276377861,0
SRCE_conventional_hydroelectric_1_inlet,25,3225.538234834042,0
SRCE_conventional_hydroelectric_1_inlet,26,3223.5587256901144,0
SRCE_conventional_hydroelectric_1_inlet,27,3221.579216546188,0
SRCE_conventional_hydroelectric_1_inlet,28,3219.581124042224,0
SRCE_conventional_hydroelectric_1_inlet,29,3217.601614898297,0
SRCE_conventional_hydroelectric_1_inlet,30,3215.6221057543708,0
SRCE_conventional_hydroelectric_1_inlet,31,3213.6425966104425,0
SRCE_conventional_hydroelectric_1_inlet,32,3211.663087466516,0
SRCE_conventional_hydroelectric_1_inlet,33,3209.6835783225893,0
SRCE_conventional_hydroelectric_1_inlet,34,3207.704069178662,0
SRCE_conventional_hydroelectric_1_inlet,35,3205.7245600347346,0
SRCE_conventional_hydroelectric_1_inlet,36,3203.7450508908078,0
SRCE_conventional_hydroelectric_1_inlet,37,3201.765541746881,0
SRCE_conventional_hydroelectric_1_inlet,38,3199.7860326029545,0
SRCE_conventional_hydroelectric_1_inlet,39,3197.7879400989905,0
SRCE_conventional_hydroelectric_1_inlet,40,3196.294016561027,0
SRCE_conventional_hydroelectric_1_inlet,41,3194.3145074170993,0
SRCE_conventional_hydroelectric_1_inlet,42,3192.3349982731725,0
SRCE_conventional_hydroelectric_1_inlet,43,3190.355489129246,0
SRCE_conventional_hydroelectric_1_inlet,44,3188.3759799853183,0
SRCE_conventional_hydroelectric_1_inlet,45,3186.396470841391,0
SRCE_conventional_hydroelectric_1_inlet,46,3184.416961697464,0
SRCE_conventional_hydroelectric_1_inlet,47,3182.437452553537,0
SRCE_conventional_hydroelectric_1_inlet,48,3180.4579434096104,0
SRCE_conventional_hydroelectric_1_inlet,49,2801.9814463587727,0
SRCE_conventional_hydroelectric_1_inlet,50,2801.9814463587727,0
SRCE_conventional_hydroelectric_1_inlet,51,2801.9814463587727,0
SRCE_conventional_hydroelectric_1_inlet,52,2801.9814463587727,0
SRCE_conventional_hydroelectric_1_inlet,53,2801.9814463587727,0
SRCE_conventional_hydroelectric_1_inlet,54,2801.9814463587727,0
SRCE_conventional_hydroelectric_1_inlet,55,2801.9814463587727,0
SRCE_conventional_hydroelectric_1_inlet,56,2801.9814463587727,0
SRCE_conventional_hydroelectric_1_inlet,57,2801.9814463587727,0
SRCE_conventional_hydroelectric_1_inlet,58,2801.9814463587727,0
SRCE_conventional_hydroelectric_1_inlet,59,2801.9814463587727,0
SRCE_conventional_hydroelectric_1_inlet,60,2801.9814463587727,0
SRCE_conventional_hydroelectric_1_inlet,61,2801.9814463587727,0
SRCE_conventional_hydroelectric_1_inlet,62,2801.9814463587727,0
SRCE_conventional_hydroelectric_1_inlet,63,2801.9814463587727,0
SRCE_conventional_hydroelectric_1_inlet,64,2801.9814463587727,0
SRCE_conventional_hydroelectric_1_inlet,65,2801.9814463587727,0
SRCE_conventional_hydroelectric_1_inlet,66,2801.9814463587727,0
SRCE_conventional_hydroelectric_1_inlet,67,2801.9814463587727,0
SRCE_conventional_hydroelectric_1_inlet,68,2801.9814463587727,0
SRCE_conventional_hydroelectric_1_inlet,69,2801.9814463587727,0
SRCE_conventional_hydroelectric_1_inlet,70,2801.9814463587727,0
SRCE_conventional_hydroelectric_1_inlet,71,2801.9814463587727,0
SRCE_conventional_hydroelectric_1_inlet,72,2801.9814463587727,0
SRCE_conventional_hydroelectric_1_inlet,73,2801.9814463587727,0
SRCE_conventional_hydroelectric_1_inlet,74,2801.9814463587727,0
SRCE_conventional_hydroelectric_1_inlet,75,2801.9814463587727,0
SRCE_conventional_hydroelectric_1_inlet,76,2801.9814463587727,0
SRCE_conventional_hydroelectric_1_inlet,77,2801.9814463587727,0
SRCE_conventional_hydroelectric_1_inlet,78,2801.9814463587727,0
SRCE_conventional_hydroelectric_1_inlet,79,2801.9814463587727,0
SRCE_conventional_hydroelectric_1_inlet,80,2801.9814463587727,0
SRCE_conventional_hydroelectric_1_inlet,81,2801.9814463587727,0
SRCE_conventional_hydroelectric_1_inlet,82,2801.9814463587727,0
SRCE_conventional_hydroelectric_1_inlet,83,2801.9814463587727,0
SRCE_conventional_hydroelectric_1_inlet,84,2801.9814463587727,0
SRCE_conventional_hydroelectric_1_inlet,85,2801.9814463587727,0
SRCE_conventional_hydroelectric_1_inlet,86,2801.9814463587727,0
SRCE_conventional_hydroelectric_1_inlet,87,2801.9814463587727,0
SRCE_conventional_hydroelectric_1_inlet,88,2801.9814463587727,0
SRCE_conventional_hydroelectric_1_inlet,89,2801.9814463587727,0
SRCE_conventional_hydroelectric_1_inlet,90,2801.9814463587727,0
SRCE_conventional_hydroelectric_1_inlet,91,2801.9814463587727,0
SRCE_conventional_hydroelectric_1_inlet,92,2801.9814463587727,0
SRCE_conventional_hydroelectric_1_inlet,93,2801.9814463587727,0
SRCE_conventional_hydroelectric_1_inlet,94,2801.9814463587727,0
SRCE_conventional_hydroelectric_1_inlet,95,2801.9814463587727,0
SRCE_conventional_hydroelectric_1_inlet,96,2801.9814463587727,0
SRCE_conventional_hydroelectric_1_inlet,97,2519.4337589479005,0
SRCE_conventional_hydroelectric_1_inlet,98,2518.4811710960103,0
SRCE_conventional_hydroelectric_1_inlet,99,2517.5471666041562,0
SRCE_conventional_hydroelectric_1_inlet,100,2516.6131621123022,0
SRCE_conventional_hydroelectric_1_inlet,101,2515.6791576204473,0
SRCE_conventional_hydroelectric_1_inlet,102,2514.726569768557,0
SRCE_conventional_hydroelectric_1_inlet,103,2513.792565276703,0
SRCE_conventional_hydroelectric_1_inlet,104,2512.858560784849,0
SRCE_conventional_hydroelectric_1_inlet,105,2511.924556292995,0
SRCE_conventional_hydroelectric_1_inlet,106,2510.9719684411034,0
SRCE_conventional_hydroelectric_1_inlet,107,2510.03796394925,0
SRCE_conventional_hydroelectric_1_inlet,108,2509.103959457396,0
SRCE_conventional_hydroelectric_1_inlet,109,2508.169954965542,0
SRCE_conventional_hydroelectric_1_inlet,110,2507.217367113651,0
SRCE_conventional_hydroelectric_1_inlet,111,2506.2833626217966,0
SRCE_conventional_hydroelectric_1_inlet,112,2505.3493581299426,0
SRCE_conventional_hydroelectric_1_inlet,113,2504.4153536380886,0
SRCE_conventional_hydroelectric_1_inlet,114,2503.4627657861984,0
SRCE_conventional_hydroelectric_1_inlet,115,2502.5287612943443,0
SRCE_conventional_hydroelectric_1_inlet,116,2501.5947568024894,0
SRCE_conventional_hydroelectric_1_inlet,117,2500.6607523106354,0
SRCE_conventional_hydroelectric_1_inlet,118,2499.708164458745,0
SRCE_conventional_hydroelectric_1_inlet,119,2498.774159966891,0
SRCE_conventional_hydroelectric_1_inlet,120,2497.8401554750367,0
SRCE_conventional_hydroelectric_1_inlet,121,2464.0487435279592,0
SRCE_conventional_hydroelectric_1_inlet,122,2464.0487435279592,0
SRCE_conventional_hydroelectric_1_inlet,123,2464.0487435279592,0
SRCE_conventional_hydroelectric_1_inlet,124,2464.0487435279592,0
SRCE_conventional_hydroelectric_1_inlet,125,2464.0487435279592,0
SRCE_conventional_hydroelectric_1_inlet,126,2464.0487435279592,0
SRCE_conventional_hydroelectric_1_inlet,127,2464.0487435279592,0
SRCE_conventional_hydroelectric_1_inlet,128,2464.0487435279592,0
SRCE_conventional_hydroelectric_1_inlet,129,2464.0487435279592,0
SRCE_conventional_hydroelectric_1_inlet,130,2464.0487435279592,0
SRCE_conventional_hydroelectric_1_inlet,131,2464.0487435279592,0
SRCE_conventional_hydroelectric_1_inlet,132,2464.0487435279592,0
SRCE_conventional_hydroelectric_1_inlet,133,2464.0487435279592,0
SRCE_conventional_hydroelectric_1_inlet,134,2464.0487435279592,0
SRCE_conventional_hydroelectric_1_inlet,135,2464.0487435279592,0
SRCE_conventional_hydroelectric_1_inlet,136,2464.0487435279592,0
SRCE_conventional_hydroelectric_1_inlet,137,2464.0487435279592,0
SRCE_conventional_hydroelectric_1_inlet,138,2464.0487435279592,0
SRCE_conventional_hydroelectric_1_inlet,139,2464.0487435279592,0
SRCE_conventional_hydroelectric_1_inlet,140,2464.0487435279592,0
SRCE_conventional_hydroelectric_1_inlet,141,2464.0487435279592,0
SRCE_conventional_hydroelectric_1_inlet,142,2464.0487435279592,0
SRCE_conventional_hydroelectric_1_inlet,143,2464.0487435279592,0
SRCE_conventional_hydroelectric_1_inlet,144,2464.0487435279592,0
SRCE_conventional_hydroelectric_1_inlet,145,1264.3643751279935,0
SRCE_conventional_hydroelectric_1_inlet,146,1259.4156022681757,0
SRCE_conventional_hydroelectric_1_inlet,147,1254.4482460483216,0
SRCE_conventional_hydroelectric_1_inlet,148,1249.4994731885038,0
SRCE_conventional_hydroelectric_1_inlet,149,1244.5321169686497,0
SRCE_conventional_hydroelectric_1_inlet,150,1239.583344108832,0
SRCE_conventional_hydroelectric_1_inlet,151,1234.615987888978,0
SRCE_conventional_hydroelectric_1_inlet,152,1229.6672150291602,0
SRCE_conventional_hydroelectric_1_inlet,153,1224.699858809306,0
SRCE_conventional_hydroelectric_1_inlet,154,1219.7510859494885,0
SRCE_conventional_hydroelectric_1_inlet,155,1214.2981441236707,0
SRCE_conventional_hydroelectric_1_inlet,156,1209.3493712638528,0
SRCE_conventional_hydroelectric_1_inlet,157,1204.382015043999,0
SRCE_conventional_hydroelectric_1_inlet,158,1199.4332421841812,0
SRCE_conventional_hydroelectric_1_inlet,159,1194.4658859643268,0
SRCE_conventional_hydroelectric_1_inlet,160,1189.5171131045092,0
SRCE_conventional_hydroelectric_1_inlet,161,1184.5497568846552,0
SRCE_conventional_hydroelectric_1_inlet,162,1179.6009840248375,0
SRCE_conventional_hydroelectric_1_inlet,163,1174.65221116502,0
SRCE_conventional_hydroelectric_1_inlet,164,1169.6848549451656,0
SRCE_conventional_hydroelectric_1_inlet,165,1164.7360820853478,0
SRCE_conventional_hydroelectric_1_inlet,166,1159.768725865494,0
SRCE_conventional_hydroelectric_1_inlet,167,1154.819953005676,0
SRCE_conventional_hydroelectric_1_inlet,168,1149.8525967858218,0
SRCE_conventional_hydroelectric_1_inlet,169,642.2248380187765,0
SRCE_conventional_hydroelectric_1_inlet,170,642.2248380187765,0
SRCE_conventional_hydroelectric_1_inlet,171,642.2248380187765,0
SRCE_conventional_hydroelectric_1_inlet,172,642.2248380187765,0
SRCE_conventional_hydroelectric_1_inlet,173,642.2248380187765,0
SRCE_conventional_hydroelectric_1_inlet,174,642.2248380187765,0
SRCE_conventional_hydroelectric_1_inlet,175,642.2248380187765,0
SRCE_conventional_hydroelectric_1_inlet,176,642.2248380187765,0
SRCE_conventional_hydroelectric_1_inlet,177,642.2248380187765,0
SRCE_conventional_hydroelectric_1_inlet,178,642.2248380187765,0
SRCE_conventional_hydroelectric_1_inlet,179,642.2248380187765,0
SRCE_conventional_hydroelectric_1_inlet,180,642.2248380187765,0
SRCE_conventional_hydroelectric_1_inlet,181,642.2248380187765,0
SRCE_conventional_hydroelectric_1_inlet,182,642.2248380187765,0
SRCE_conventional_hydroelectric_1_inlet,183,642.2248380187765,0
SRCE_conventional_hydroelectric_1_inlet,184,642.2248380187765,0
SRCE_conventional_hydroelectric_1_inlet,185,642.2248380187765,0
SRCE_conventional_hydroelectric_1_inlet,186,642.2248380187765,0
SRCE_conventional_hydroelectric_1_inlet,187,642.2248380187765,0
SRCE_conventional_hydroelectric_1_inlet,188,642.2248380187765,0
SRCE_conventional_hydroelectric_1_inlet,189,642.2248380187765,0
SRCE_conventional_hydroelectric_1_inlet,190,642.2248380187765,0
SRCE_conventional_hydroelectric_1_inlet,191,642.2248380187765,0
SRCE_conventional_hydroelectric_1_inlet,192,642.2248380187765,0
SRCE_conventional_hydroelectric_1_inlet,193,733.7305470805608,0
SRCE_conventional_hydroelectric_1_inlet,194,733.7305470805608,0
SRCE_conventional_hydroelectric_1_inlet,195,733.7305470805608,0
SRCE_conventional_hydroelectric_1_inlet,196,733.7305470805608,0
SRCE_conventional_hydroelectric_1_inlet,197,733.7305470805608,0
SRCE_conventional_hydroelectric_1_inlet,198,733.7305470805608,0
SRCE_conventional_hydroelectric_1_inlet,199,733.7305470805608,0
SRCE_conventional_hydroelectric_1_inlet,200,733.7305470805608,0
SRCE_conventional_hydroelectric_1_inlet,201,733.7305470805608,0
SRCE_conventional_hydroelectric_1_inlet,202,733.7305470805608,0
SRCE_conventional_hydroelectric_1_inlet,203,733.7305470805608,0
SRCE_conventional_hydroelectric_1_inlet,204,733.7305470805608,0
SRCE_conventional_hydroelectric_1_inlet,205,733.7305470805608,0
SRCE_conventional_hydroelectric_1_inlet,206,733.7305470805608,0
SRCE_conventional_hydroelectric_1_inlet,207,733.7305470805608,0
SRCE_conventional_hydroelectric_1_inlet,208,733.7305470805608,0
SRCE_conventional_hydroelectric_1_inlet,209,733.7305470805608,0
SRCE_conventional_hydroelectric_1_inlet,210,733.7305470805608,0
SRCE_conventional_hydroelectric_1_inlet,211,733.7305470805608,0
SRCE_conventional_hydroelectric_1_inlet,212,733.7305470805608,0
SRCE_conventional_hydroelectric_1_inlet,213,733.7305470805608,0
SRCE_conventional_hydroelectric_1_inlet,214,733.7305470805608,0
SRCE_conventional_hydroelectric_1_inlet,215,733.7305470805608,0
SRCE_conventional_hydroelectric_1_inlet,216,733.7305470805608,0
SRCE_conventional_hydroelectric_1_inlet,217,896.1181381877682,0
SRCE_conventional_hydroelectric_1_inlet,218,897.0893093996951,0
SRCE_conventional_hydroelectric_1_inlet,219,898.5460662175857,0
SRCE_conventional_hydroelectric_1_inlet,220,899.5172374295129,0
SRCE_conventional_hydroelectric_1_inlet,221,900.5069920014764,0
SRCE_conventional_hydroelectric_1_inlet,222,901.4781632134036,0
SRCE_conventional_hydroelectric_1_inlet,223,902.9349200312942,0
SRCE_conventional_hydroelectric_1_inlet,224,903.9060912432213,0
SRCE_conventional_hydroelectric_1_inlet,225,904.8958458151848,0
SRCE_conventional_hydroelectric_1_inlet,226,906.3526026330754,0
SRCE_conventional_hydroelectric_1_inlet,227,907.3237738450024,0
SRCE_conventional_hydroelectric_1_inlet,228,908.2949450569296,0
SRCE_conventional_hydroelectric_1_inlet,229,909.7702852348567,0
SRCE_conventional_hydroelectric_1_inlet,230,910.7414564467837,0
SRCE_conventional_hydroelectric_1_inlet,231,911.7126276587109,0
SRCE_conventional_hydroelectric_1_inlet,232,912.6837988706379,0
SRCE_conventional_hydroelectric_1_inlet,233,914.159139048565,0
SRCE_conventional_hydroelectric_1_inlet,234,915.1303102604921,0
SRCE_conventional_hydroelectric_1_inlet,235,916.1014814724191,0
SRCE_conventional_hydroelectric_1_inlet,236,917.5582382903098,0
SRCE_conventional_hydroelectric_1_inlet,237,918.5479928622731,0
SRCE_conventional_hydroelectric_1_inlet,238,919.5191640742003,0
SRCE_conventional_hydroelectric_1_inlet,239,920.9759208920908,0
SRCE_conventional_hydroelectric_1_inlet,240,921.9470921040179,0
SRCE_conventional_hydroelectric_1_inlet,241,1143.8362941792875,0
SRCE_conventional_hydroelectric_1_inlet,242,1143.8362941792875,0
SRCE_conventional_hydroelectric_1_inlet,243,1143.8362941792875,0
SRCE_conventional_hydroelectric_1_inlet,244,1143.8362941792875,0
SRCE_conventional_hydroelectric_1_inlet,245,1143.8362941792875,0
SRCE_conventional_hydroelectric_1_inlet,246,1143.8362941792875,0
SRCE_conventional_hydroelectric_1_inlet,247,1143.8362941792875,0
SRCE_conventional_hydroelectric_1_inlet,248,1143.8362941792875,0
SRCE_conventional_hydroelectric_1_inlet,249,1143.8362941792875,0
SRCE_conventional_hydroelectric_1_inlet,250,1143.8362941792875,0
SRCE_conventional_hydroelectric_1_inlet,251,1143.8362941792875,0
SRCE_conventional_hydroelectric_1_inlet,252,1143.8362941792875,0
SRCE_conventional_hydroelectric_1_inlet,253,1143.8362941792875,0
SRCE_conventional_hydroelectric_1_inlet,254,1143.8362941792875,0
SRCE_conventional_hydroelectric_1_inlet,255,1143.8362941792875,0
SRCE_conventional_hydroelectric_1_inlet,256,1143.8362941792875,0
SRCE_conventional_hydroelectric_1_inlet,257,1143.8362941792875,0
SRCE_conventional_hydroelectric_1_inlet,258,1143.8362941792875,0
SRCE_conventional_hydroelectric_1_inlet,259,1143.8362941792875,0
SRCE_conventional_hydroelectric_1_inlet,260,1143.8362941792875,0
SRCE_conventional_hydroelectric_1_inlet,261,1143.8362941792875,0
SRCE_conventional_hydroelectric_1_inlet,262,1143.8362941792875,0
SRCE_conventional_hydroelectric_1_inlet,263,1143.8362941792875,0
SRCE_conventional_hydroelectric_1_inlet,264,1143.8362941792875,0
SRCE_conventional_hydroelectric_1_inlet,265,1115.7652458335847,0
SRCE_conventional_hydroelectric_1_inlet,266,1115.7652458335847,0
SRCE_conventional_hydroelectric_1_inlet,267,1115.7652458335847,0
SRCE_conventional_hydroelectric_1_inlet,268,1115.2796602276212,0
SRCE_conventional_hydroelectric_1_inlet,269,1115.2796602276212,0
SRCE_conventional_hydroelectric_1_inlet,270,1114.7940746216575,0
SRCE_conventional_hydroelectric_1_inlet,271,1114.7940746216575,0
SRCE_conventional_hydroelectric_1_inlet,272,1114.7940746216575,0
SRCE_conventional_hydroelectric_1_inlet,273,1114.308489015694,0
SRCE_conventional_hydroelectric_1_inlet,274,1114.308489015694,0
SRCE_conventional_hydroelectric_1_inlet,275,1114.308489015694,0
SRCE_conventional_hydroelectric_1_inlet,276,1113.8229034097305,0
SRCE_conventional_hydroelectric_1_inlet,277,1113.8229034097305,0
SRCE_conventional_hydroelectric_1_inlet,278,1113.8229034097305,0
SRCE_conventional_hydroelectric_1_inlet,279,1113.337317803767,0
SRCE_conventional_hydroelectric_1_inlet,280,1113.337317803767,0
SRCE_conventional_hydroelectric_1_inlet,281,1113.337317803767,0
SRCE_conventional_hydroelectric_1_inlet,282,1112.8517321978034,0
SRCE_conventional_hydroelectric_1_inlet,283,1112.8517321978034,0
SRCE_conventional_hydroelectric_1_inlet,284,1112.36614659184,0
SRCE_conventional_hydroelectric_1_inlet,285,1112.36614659184,0
SRCE_conventional_hydroelectric_1_inlet,286,1112.36614659184,0
SRCE_conventional_hydroelectric_1_inlet,287,1111.8805609858764,0
SRCE_conventional_hydroelectric_1_inlet,288,1111.8991443459129,0
SRCE_conventional_hydroelectric_1_inlet,289,1080.9145823644287,0
SRCE_conventional_hydroelectric_1_inlet,290,1080.9145823644287,0
SRCE_conventional_hydroelectric_1_inlet,291,1080.9145823644287,0
SRCE_conventional_hydroelectric_1_inlet,292,1080.9145823644287,0
SRCE_conventional_hydroelectric_1_inlet,293,1080.9145823644287,0
SRCE_conventional_hydroelectric_1_inlet,294,1080.9145823644287,0
SRCE_conventional_hydroelectric_1_inlet,295,1080.9145823644287,0
SRCE_conventional_hydroelectric_1_inlet,296,1080.9145823644287,0
SRCE_conventional_hydroelectric_1_inlet,297,1080.9145823644287,0
SRCE_conventional_hydroelectric_1_inlet,298,1080.9145823644287,0
SRCE_conventional_hydroelectric_1_inlet,299,1080.9145823644287,0
SRCE_conventional_hydroelectric_1_inlet,300,1080.9145823644287,0
SRCE_conventional_hydroelectric_1_inlet,301,1080.9145823644287,0
SRCE_conventional_hydroelectric_1_inlet,302,1080.9145823644287,0
SRCE_conventional_hydroelectric_1_inlet,303,1080.9145823644287,0
SRCE_conventional_hydroelectric_1_inlet,304,1080.9145823644287,0
SRCE_conventional_hydroelectric_1_inlet,305,1080.9145823644287,0
SRCE_conventional_hydroelectric_1_inlet,306,1080.9145823644287,0
SRCE_conventional_hydroelectric_1_inlet,307,1080.9145823644287,0
SRCE_conventional_hydroelectric_1_inlet,308,1080.9145823644287,0
SRCE_conventional_hydroelectric_1_inlet,309,1080.9145823644287,0
SRCE_conventional_hydroelectric_1_inlet,310,1080.9145823644287,0
SRCE_conventional_hydroelectric_1_inlet,311,1080.9145823644287,0
SRCE_conventional_hydroelectric_1_inlet,312,1080.9145823644287,0
SRCE_conventional_hydroelectric_1_inlet,313,1249.6608634492095,0
SRCE_conventional_hydroelectric_1_inlet,314,1251.6403725931364,0
SRCE_conventional_hydroelectric_1_inlet,315,1254.105467343027,0
SRCE_conventional_hydroelectric_1_inlet,316,1256.570562092918,0
SRCE_conventional_hydroelectric_1_inlet,317,1258.5500712368448,0
SRCE_conventional_hydroelectric_1_inlet,318,1261.0151659867356,0
SRCE_conventional_hydroelectric_1_inlet,319,1263.4802607366262,0
SRCE_conventional_hydroelectric_1_inlet,320,1265.9453554865165,0
SRCE_conventional_hydroelectric_1_inlet,321,1267.9248646304434,0
SRCE_conventional_hydroelectric_1_inlet,322,1270.3713760202975,0
SRCE_conventional_hydroelectric_1_inlet,323,1272.8364707701883,0
SRCE_conventional_hydroelectric_1_inlet,324,1274.8159799141156,0
SRCE_conventional_hydroelectric_1_inlet,325,1277.2810746640062,0
SRCE_conventional_hydroelectric_1_inlet,326,1279.7461694138967,0
SRCE_conventional_hydroelectric_1_inlet,327,1281.725678557824,0
SRCE_conventional_hydroelectric_1_inlet,328,1284.1907733077146,0
SRCE_conventional_hydroelectric_1_inlet,329,1286.655868057605,0
SRCE_conventional_hydroelectric_1_inlet,330,1288.6353772015323,0
SRCE_conventional_hydroelectric_1_inlet,331,1291.100471951423,0
SRCE_conventional_hydroelectric_1_inlet,332,1293.5655667013136,0
SRCE_conventional_hydroelectric_1_inlet,333,1295.5450758452403,0
SRCE_conventional_hydroelectric_1_inlet,334,1298.010170595131,0
SRCE_conventional_hydroelectric_1_inlet,335,1300.4752653450216,0
SRCE_conventional_hydroelectric_1_inlet,336,1302.454774488949,0
SRCE_conventional_hydroelectric_1_inlet,337,1637.463658548583,0
SRCE_conventional_hydroelectric_1_inlet,338,1639.9287532984733,0
SRCE_conventional_hydroelectric_1_inlet,339,1641.9082624424007,0
SRCE_conventional_hydroelectric_1_inlet,340,1644.3733571922912,0
SRCE_conventional_hydroelectric_1_inlet,341,1646.838451942182,0
SRCE_conventional_hydroelectric_1_inlet,342,1648.817961086109,0
SRCE_conventional_hydroelectric_1_inlet,343,1651.2830558359992,0
SRCE_conventional_hydroelectric_1_inlet,344,1653.7481505858902,0
SRCE_conventional_hydroelectric_1_inlet,345,1655.727659729817,0
SRCE_conventional_hydroelectric_1_inlet,346,1658.1927544797077,0
SRCE_conventional_hydroelectric_1_inlet,347,1660.6578492295982,0
SRCE_conventional_hydroelectric_1_inlet,348,1663.1229439794893,0
SRCE_conventional_hydroelectric_1_inlet,349,1665.1024531234161,0
SRCE_conventional_hydroelectric_1_inlet,350,1667.5675478733067,0
SRCE_conventional_hydroelectric_1_inlet,351,1670.0326426231973,0
SRCE_conventional_hydroelectric_1_inlet,352,1672.0121517671246,0
SRCE_conventional_hydroelectric_1_inlet,353,1674.4772465170151,0
SRCE_conventional_hydroelectric_1_inlet,354,1676.9423412669057,0
SRCE_conventional_hydroelectric_1_inlet,355,1678.9218504108326,0
SRCE_conventional_hydroelectric_1_inlet,356,1681.3869451607234,0
SRCE_conventional_hydroelectric_1_inlet,357,1683.8520399106144,0
SRCE_conventional_hydroelectric_1_inlet,358,1685.831549054541,0
SRCE_conventional_hydroelectric_1_inlet,359,1688.2966438044316,0
SRCE_conventional_hydroelectric_1_inlet,360,1690.7617385543222,0
SRCE_conventional_hydroelectric_1_inlet,361,1807.6570234711921,0
SRCE_conventional_hydroelectric_1_inlet,362,1807.1714378652284,0
SRCE_conventional_hydroelectric_1_inlet,363,1806.2002666533015,0
SRCE_conventional_hydroelectric_1_inlet,364,1805.2290954413745,0
SRCE_conventional_hydroelectric_1_inlet,365,1804.7435098354106,0
SRCE_conventional_hydroelectric_1_inlet,366,1803.7723386234838,0
SRCE_conventional_hydroelectric_1_inlet,367,1803.2867530175201,0
SRCE_conventional_hydroelectric_1_inlet,368,1802.315581805593,0
SRCE_conventional_hydroelectric_1_inlet,369,1801.344410593666,0
SRCE_conventional_hydroelectric_1_inlet,370,1800.840241627666,0
SRCE_conventional_hydroelectric_1_inlet,371,1799.869070415739,0
SRCE_conventional_hydroelectric_1_inlet,372,1798.8978992038121,0
SRCE_conventional_hydroelectric_1_inlet,373,1798.4123135978487,0
SRCE_conventional_hydroelectric_1_inlet,374,1797.441142385921,0
SRCE_conventional_hydroelectric_1_inlet,375,1796.955556779958,0
SRCE_conventional_hydroelectric_1_inlet,376,1795.9843855680306,0
SRCE_conventional_hydroelectric_1_inlet,377,1795.0132143561036,0
SRCE_conventional_hydroelectric_1_inlet,378,1794.52762875014,0
SRCE_conventional_hydroelectric_1_inlet,379,1793.556457538213,0
SRCE_conventional_hydroelectric_1_inlet,380,1793.0708719322495,0
SRCE_conventional_hydroelectric_1_inlet,381,1792.0997007203223,0
SRCE_conventional_hydroelectric_1_inlet,382,1791.1285295083956,0
SRCE_conventional_hydroelectric_1_inlet,383,1790.6429439024319,0
SRCE_conventional_hydroelectric_1_inlet,384,1789.671772690505,0
SRCE_conventional_hydroelectric_1_inlet,385,1694.8339126473234,0
SRCE_conventional_hydroelectric_1_inlet,386,1694.3483270413594,0
SRCE_conventional_hydroelectric_1_inlet,387,1693.3771558294325,0
SRCE_conventional_hydroelectric_1_inlet,388,1692.891570223469,0
SRCE_conventional_hydroelectric_1_inlet,389,1691.9203990115418,0
SRCE_conventional_hydroelectric_1_inlet,390,1690.9492277996148,0
SRCE_conventional_hydroelectric_1_inlet,391,1690.4636421936514,0
SRCE_conventional_hydroelectric_1_inlet,392,1689.4924709817242,0
SRCE_conventional_hydroelectric_1_inlet,393,1689.0068853757607,0
SRCE_conventional_hydroelectric_1_inlet,394,1688.0357141638335,0
SRCE_conventional_hydroelectric_1_inlet,395,1687.0645429519063,0
SRCE_conventional_hydroelectric_1_inlet,396,1686.5789573459429,0
SRCE_conventional_hydroelectric_1_inlet,397,1685.607786134016,0
SRCE_conventional_hydroelectric_1_inlet,398,1685.1222005280524,0
SRCE_conventional_hydroelectric_1_inlet,399,1684.1324459560883,0
SRCE_conventional_hydroelectric_1_inlet,400,1683.1612747441616,0
SRCE_conventional_hydroelectric_1_inlet,401,1682.6756891381979,0
SRCE_conventional_hydroelectric_1_inlet,402,1681.704517926271,0
SRCE_conventional_hydroelectric_1_inlet,403,1681.2189323203072,0
SRCE_conventional_hydroelectric_1_inlet,404,1680.2477611083805,0
SRCE_conventional_hydroelectric_1_inlet,405,1679.2765898964528,0
SRCE_conventional_hydroelectric_1_inlet,406,1678.7910042904896,0
SRCE_conventional_hydroelectric_1_inlet,407,1677.8198330785626,0
SRCE_conventional_hydroelectric_1_inlet,408,1676.8486618666352,0
SRCE_conventional_hydroelectric_1_inlet,409,1653.5033860603128,0
SRCE_conventional_hydroelectric_1_inlet,410,1653.5033860603128,0
SRCE_conventional_hydroelectric_1_inlet,411,1653.5033860603128,0
SRCE_conventional_hydroelectric_1_inlet,412,1653.5033860603128,0
SRCE_conventional_hydroelectric_1_inlet,413,1653.5033860603128,0
SRCE_conventional_hydroelectric_1_inlet,414,1653.5033860603128,0
SRCE_conventional_hydroelectric_1_inlet,415,1653.5033860603128,0
SRCE_conventional_hydroelectric_1_inlet,416,1653.5033860603128,0
SRCE_conventional_hydroelectric_1_inlet,417,1653.5033860603128,0
SRCE_conventional_hydroelectric_1_inlet,418,1653.5033860603128,0
SRCE_conventional_hydroelectric_1_inlet,419,1653.5033860603128,0
SRCE_conventional_hydroelectric_1_inlet,420,1653.5033860603128,0
SRCE_conventional_hydroelectric_1_inlet,421,1653.5033860603128,0
SRCE_conventional_hydroelectric_1_inlet,422,1653.5033860603128,0
SRCE_conventional_hydroelectric_1_inlet,423,1653.5033860603128,0
SRCE_conventional_hydroelectric_1_inlet,424,1653.5033860603128,0
SRCE_conventional_hydroelectric_1_inlet,425,1653.5033860603128,0
SRCE_conventional_hydroelectric_1_inlet,426,1653.5033860603128,0
SRCE_conventional_hydroelectric_1_inlet,427,1653.5033860603128,0
SRCE_conventional_hydroelectric_1_inlet,428,1653.5033860603128,0
SRCE_conventional_hydroelectric_1_inlet,429,1653.5033860603128,0
SRCE_conventional_hydroelectric_1_inlet,430,1653.5033860603128,0
SRCE_conventional_hydroelectric_1_inlet,431,1653.5033860603128,0
SRCE_conventional_hydroelectric_1_inlet,432,1653.5033860603128,0
SRCE_conventional_hydroelectric_1_inlet,433,1937.4934512637335,0
SRCE_conventional_hydroelectric_1_inlet,434,1938.483205835697,0
SRCE_conventional_hydroelectric_1_inlet,435,1939.4729604076608,0
SRCE_conventional_hydroelectric_1_inlet,436,1940.4627149796243,0
SRCE_conventional_hydroelectric_1_inlet,437,1941.4338861915514,0
SRCE_conventional_hydroelectric_1_inlet,438,1942.4236407635149,0
SRCE_conventional_hydroelectric_1_inlet,439,1943.4133953354783,0
SRCE_conventional_hydroelectric_1_inlet,440,1944.403149907442,0
SRCE_conventional_hydroelectric_1_inlet,441,1945.3929044794056,0
SRCE_conventional_hydroelectric_1_inlet,442,1946.3640756913326,0
SRCE_conventional_hydroelectric_1_inlet,443,1947.3538302632958,0
SRCE_conventional_hydroelectric_1_inlet,444,1948.3435848352597,0
SRCE_conventional_hydroelectric_1_inlet,445,1949.333339407223,0
SRCE_conventional_hydroelectric_1_inlet,446,1950.3230939791865,0
SRCE_conventional_hydroelectric_1_inlet,447,1951.3128485511502,0
SRCE_conventional_hydroelectric_1_inlet,448,1952.2840197630774,0
SRCE_conventional_hydroelectric_1_inlet,449,1953.2737743350408,0
SRCE_conventional_hydroelectric_1_inlet,450,1954.2635289070047,0
SRCE_conventional_hydroelectric_1_inlet,451,1955.2532834789677,0
SRCE_conventional_hydroelectric_1_inlet,452,1956.2430380509315,0
SRCE_conventional_hydroelectric_1_inlet,453,1957.2142092628585,0
SRCE_conventional_hydroelectric_1_inlet,454,1958.2039638348222,0
SRCE_conventional_hydroelectric_1_inlet,455,1959.1937184067856,0
SRCE_conventional_hydroelectric_1_inlet,456,1960.6690585847125,0
SRCE_conventional_hydroelectric_1_inlet,457,2020.821087154051,0
SRCE_conventional_hydroelectric_1_inlet,458,2020.821087154051,0
SRCE_conventional_hydroelectric_1_inlet,459,2020.821087154051,0
SRCE_conventional_hydroelectric_1_inlet,460,2020.821087154051,0
SRCE_conventional_hydroelectric_1_inlet,461,2020.821087154051,0
SRCE_conventional_hydroelectric_1_inlet,462,2020.821087154051,0
SRCE_conventional_hydroelectric_1_inlet,463,2020.821087154051,0
SRCE_conventional_hydroelectric_1_inlet,464,2020.821087154051,0
SRCE_conventional_hydroelectric_1_inlet,465,2020.821087154051,0
SRCE_conventional_hydroelectric_1_inlet,466,2020.821087154051,0
SRCE_conventional_hydroelectric_1_inlet,467,2020.821087154051,0
SRCE_conventional_hydroelectric_1_inlet,468,2020.821087154051,0
SRCE_conventional_hydroelectric_1_inlet,469,2020.821087154051,0
SRCE_conventional_hydroelectric_1_inlet,470,2020.821087154051,0
SRCE_conventional_hydroelectric_1_inlet,471,2020.821087154051,0
SRCE_conventional_hydroelectric_1_inlet,472,2020.821087154051,0
SRCE_conventional_hydroelectric_1_inlet,473,2020.821087154051,0
SRCE_conventional_hydroelectric_1_inlet,474,2020.821087154051,0
SRCE_conventional_hydroelectric_1_inlet,475,2020.821087154051,0
SRCE_conventional_hydroelectric_1_inlet,476,2020.821087154051,0
SRCE_conventional_hydroelectric_1_inlet,477,2020.821087154051,0
SRCE_conventional_hydroelectric_1_inlet,478,2020.821087154051,0
SRCE_conventional_hydroelectric_1_inlet,479,2020.821087154051,0
SRCE_conventional_hydroelectric_1_inlet,480,2020.821087154051,0
SRCE_conventional_hydroelectric_1_inlet,481,2034.8261875970804,0
SRCE_conventional_hydroelectric_1_inlet,482,2034.8261875970804,0
SRCE_conventional_hydroelectric_1_inlet,483,2034.8261875970804,0
SRCE_conventional_hydroelectric_1_inlet,484,2034.8261875970804,0
SRCE_conventional_hydroelectric_1_inlet,485,2034.8261875970804,0
SRCE_conventional_hydroelectric_1_inlet,486,2034.8261875970804,0
SRCE_conventional_hydroelectric_1_inlet,487,2034.8261875970804,0
SRCE_conventional_hydroelectric_1_inlet,488,2034.8261875970804,0
SRCE_conventional_hydroelectric_1_inlet,489,2034.8261875970804,0
SRCE_conventional_hydroelectric_1_inlet,490,2034.8261875970804,0
SRCE_conventional_hydroelectric_1_inlet,491,2034.8261875970804,0
SRCE_conventional_hydroelectric_1_inlet,492,2034.8261875970804,0
SRCE_conventional_hydroelectric_1_inlet,493,2034.8261875970804,0
SRCE_conventional_hydroelectric_1_inlet,494,2034.8261875970804,0
SRCE_conventional_hydroelectric_1_inlet,495,2034.8261875970804,0
SRCE_conventional_hydroelectric_1_inlet,496,2034.8261875970804,0
SRCE_conventional_hydroelectric_1_inlet,497,2034.8261875970804,0
SRCE_conventional_hydroelectric_1_inlet,498,2034.8261875970804,0
SRCE_conventional_hydroelectric_1_inlet,499,2034.8261875970804,0
SRCE_conventional_hydroelectric_1_inlet,500,2034.8261875970804,0
SRCE_conventional_hydroelectric_1_inlet,501,2034.8261875970804,0
SRCE_conventional_hydroelectric_1_inlet,502,2034.8261875970804,0
SRCE_conventional_hydroelectric_1_inlet,503,2034.8261875970804,0
SRCE_conventional_hydroelectric_1_inlet,504,2034.8261875970804,0
SRCE_conventional_hydroelectric_1_inlet,505,1977.1353103324413,0
SRCE_conventional_hydroelectric_1_inlet,506,1976.6868914465506,0
SRCE_conventional_hydroelectric_1_inlet,507,1976.2570559206965,0
SRCE_conventional_hydroelectric_1_inlet,508,1975.8272203948422,0
SRCE_conventional_hydroelectric_1_inlet,509,1975.3973848689882,0
SRCE_conventional_hydroelectric_1_inlet,510,1974.9675493431341,0
SRCE_conventional_hydroelectric_1_inlet,511,1974.5377138172798,0
SRCE_conventional_hydroelectric_1_inlet,512,1974.1078782914258,0
SRCE_conventional_hydroelectric_1_inlet,513,1973.659459405535,0
SRCE_conventional_hydroelectric_1_inlet,514,1973.229623879681,0
SRCE_conventional_hydroelectric_1_inlet,515,1973.2853739597901,0
SRCE_conventional_hydroelectric_1_inlet,516,1972.8555384339363,0
SRCE_conventional_hydroelectric_1_inlet,517,1972.4257029080823,0
SRCE_conventional_hydroelectric_1_inlet,518,1971.995867382228,0
SRCE_conventional_hydroelectric_1_inlet,519,1971.5660318563735,0
SRCE_conventional_hydroelectric_1_inlet,520,1971.1176129704832,0
SRCE_conventional_hydroelectric_1_inlet,521,1970.687777444629,0
SRCE_conventional_hydroelectric_1_inlet,522,1970.257941918775,0
SRCE_conventional_hydroelectric_1_inlet,523,1969.8281063929207,0
SRCE_conventional_hydroelectric_1_inlet,524,1969.3982708670662,0
SRCE_conventional_hydroelectric_1_inlet,525,1968.9684353412124,0
SRCE_conventional_hydroelectric_1_inlet,526,1968.538599815358,0
SRCE_conventional_hydroelectric_1_inlet,527,1968.0901809294674,0
SRCE_conventional_hydroelectric_1_inlet,528,1967.6603454036135,0
SRCE_conventional_hydroelectric_1_inlet,529,1883.3010821759804,0
SRCE_conventional_hydroelectric_1_inlet,530,1883.3010821759804,0
SRCE_conventional_hydroelectric_1_inlet,531,1883.3010821759804,0
SRCE_conventional_hydroelectric_1_inlet,532,1883.3010821759804,0
SRCE_conventional_hydroelectric_1_inlet,533,1883.3010821759804,0
SRCE_conventional_hydroelectric_1_inlet,534,1883.3010821759804,0
SRCE_conventional_hydroelectric_1_inlet,535,1883.3010821759804,0
SRCE_conventional_hydroelectric_1_inlet,536,1883.3010821759804,0
SRCE_conventional_hydroelectric_1_inlet,537,1883.3010821759804,0
SRCE_conventional_hydroelectric_1_inlet,538,1883.3010821759804,0
SRCE_conventional_hydroelectric_1_inlet,539,1883.3010821759804,0
SRCE_conventional_hydroelectric_1_inlet,540,1883.3010821759804,0
SRCE_conventional_hydroelectric_1_inlet,541,1883.3010821759804,0
SRCE_conventional_hydroelectric_1_inlet,542,1883.3010821759804,0
SRCE_conventional_hydroelectric_1_inlet,543,1883.3010821759804,0
SRCE_conventional_hydroelectric_1_inlet,544,1883.3010821759804,0
SRCE_conventional_hydroelectric_1_inlet,545,1883.3010821759804,0
SRCE_conventional_hydroelectric_1_inlet,546,1883.3010821759804,0
SRCE_conventional_hydroelectric_1_inlet,547,1883.3010821759804,0
SRCE_conventional_hydroelectric_1_inlet,548,1883.3010821759804,0
SRCE_conventional_hydroelectric_1_inlet,549,1883.3010821759804,0
SRCE_conventional_hydroelectric_1_inlet,550,1883.3010821759804,0
SRCE_conventional_hydroelectric_1_inlet,551,1883.3010821759804,0
SRCE_conventional_hydroelectric_1_inlet,552,1883.3010821759804,0
SRCE_conventional_hydroelectric_1_inlet,553,2308.013219818614,0
SRCE_conventional_hydroelectric_1_inlet,554,2312.439240352395,0
SRCE_conventional_hydroelectric_1_inlet,555,2316.379675280213,0
SRCE_conventional_hydroelectric_1_inlet,556,2320.805695813994,0
SRCE_conventional_hydroelectric_1_inlet,557,2325.213132987739,0
SRCE_conventional_hydroelectric_1_inlet,558,2329.6391535215203,0
SRCE_conventional_hydroelectric_1_inlet,559,2334.0651740553017,0
SRCE_conventional_hydroelectric_1_inlet,560,2338.4911945890826,0
SRCE_conventional_hydroelectric_1_inlet,561,2342.917215122864,0
SRCE_conventional_hydroelectric_1_inlet,562,2347.343235656645,0
SRCE_conventional_hydroelectric_1_inlet,563,2351.7692561904264,0
SRCE_conventional_hydroelectric_1_inlet,564,2356.1766933641716,0
SRCE_conventional_hydroelectric_1_inlet,565,2360.1171282919886,0
SRCE_conventional_hydroelectric_1_inlet,566,2364.54314882577,0
SRCE_conventional_hydroelectric_1_inlet,567,2368.9691693595514,0
SRCE_conventional_hydroelectric_1_inlet,568,2373.3951898933324,0
SRCE_conventional_hydroelectric_1_inlet,569,2377.821210427114,0
SRCE_conventional_hydroelectric_1_inlet,570,2382.2472309608947,0
SRCE_conventional_hydroelectric_1_inlet,571,2386.673251494676,0
SRCE_conventional_hydroelectric_1_inlet,572,2391.080688668421,0
SRCE_conventional_hydroelectric_1_inlet,573,2395.506709202202,0
SRCE_conventional_hydroelectric_1_inlet,574,2399.9327297359832,0
SRCE_conventional_hydroelectric_1_inlet,575,2403.873164663801,0
SRCE_conventional_hydroelectric_1_inlet,576,2408.299185197582,0
SRSE_conventional_hydroelectric_1_inlet,1,1123.4158416000002,0
SRSE_conventional_hydroelectric_1_inlet,2,1124.9659152,0
SRSE_conventional_hydroelectric_1_inlet,3,1126.9035072000001,0
SRSE_conventional_hydroelectric_1_inlet,4,1128.4535808,0
SRSE_conventional_hydroelectric_1_inlet,5,1130.3911728,0
SRSE_conventional_hydroelectric_1_inlet,6,1131.9412464000002,0
SRSE_conventional_hydroelectric_1_inlet,7,1133.49132,0
SRSE_conventional_hydroelectric_1_inlet,8,1135.428912,0
SRSE_conventional_hydroelectric_1_inlet,9,1136.9789856,0
SRSE_conventional_hydroelectric_1_inlet,10,1138.9165776,0
SRSE_conventional_hydroelectric_1_inlet,11,1140.4666512000001,0
SRSE_conventional_hydroelectric_1_inlet,12,1142.4042432,0
SRSE_conventional_hydroelectric_1_inlet,13,1143.9543168000002,0
SRSE_conventional_hydroelectric_1_inlet,14,1145.8919088000002,0
SRSE_conventional_hydroelectric_1_inlet,15,1147.4419824,0
SRSE_conventional_hydroelectric_1_inlet,16,1148.992056,0
SRSE_conventional_hydroelectric_1_inlet,17,1150.929648,0
SRSE_conventional_hydroelectric_1_inlet,18,1152.4797216000002,0
SRSE_conventional_hydroelectric_1_inlet,19,1154.4173136000002,0
SRSE_conventional_hydroelectric_1_inlet,20,1155.9673872000003,0
SRSE_conventional_hydroelectric_1_inlet,21,1157.9049792,0
SRSE_conventional_hydroelectric_1_inlet,22,1159.4550528000002,0
SRSE_conventional_hydroelectric_1_inlet,23,1161.3926448000002,0
SRSE_conventional_hydroelectric_1_inlet,24,1162.9427184,0
SRSE_conventional_hydroelectric_1_inlet,25,1155.9673872000003,0
SRSE_conventional_hydroelectric_1_inlet,26,1154.804832,0
SRSE_conventional_hydroelectric_1_inlet,27,1153.2547584000001,0
SRSE_conventional_hydroelectric_1_inlet,28,1152.0922032,0
SRSE_conventional_hydroelectric_1_inlet,29,1150.5421296000002,0
SRSE_conventional_hydroelectric_1_inlet,30,1149.3795744,0
SRSE_conventional_hydroelectric_1_inlet,31,1147.8295008,0
SRSE_conventional_hydroelectric_1_inlet,32,1146.6669456,0
SRSE_conventional_hydroelectric_1_inlet,33,1145.116872,0
SRSE_conventional_hydroelectric_1_inlet,34,1143.9543168000002,0
SRSE_conventional_hydroelectric_1_inlet,35,1142.7917616000002,0
SRSE_conventional_hydroelectric_1_inlet,36,1141.241688,0
SRSE_conventional_hydroelectric_1_inlet,37,1140.0791328000003,0
SRSE_conventional_hydroelectric_1_inlet,38,1138.5290592000001,0
SRSE_conventional_hydroelectric_1_inlet,39,1137.366504,0
SRSE_conventional_hydroelectric_1_inlet,40,1135.8164304000002,0
SRSE_conventional_hydroelectric_1_inlet,41,1134.6538752000001,0
SRSE_conventional_hydroelectric_1_inlet,42,1133.49132,0
SRSE_conventional_hydroelectric_1_inlet,43,1131.9412464000002,0
SRSE_conventional_hydroelectric_1_inlet,44,1130.7786912000001,0
SRSE_conventional_hydroelectric_1_inlet,45,1129.2286176,0
SRSE_conventional_hydroelectric_1_inlet,46,1128.0660624000002,0
SRSE_conventional_hydroelectric_1_inlet,47,1126.5159888,0
SRSE_conventional_hydroelectric_1_inlet,48,1125.3534336,0
SRSE_conventional_hydroelectric_1_inlet,49,869.5912896,0
SRSE_conventional_hydroelectric_1_inlet,50,869.5912896,0
SRSE_conventional_hydroelectric_1_inlet,51,869.5912896,0
SRSE_conventional_hydroelectric_1_inlet,52,869.5912896,0
SRSE_conventional_hydroelectric_1_inlet,53,869.5912896,0
SRSE_conventional_hydroelectric_1_inlet,54,869.5912896,0
SRSE_conventional_hydroelectric_1_inlet,55,869.5912896,0
SRSE_conventional_hydroelectric_1_inlet,56,869.5912896,0
SRSE_conventional_hydroelectric_1_inlet,57,869.5912896,0
SRSE_conventional_hydroelectric_1_inlet,58,869.5912896,0
SRSE_conventional_hydroelectric_1_inlet,59,869.5912896,0
SRSE_conventional_hydroelectric_1_inlet,60,869.5912896,0
SRSE_conventional_hydroelectric_1_inlet,61,869.5912896,0
SRSE_conventional_hydroelectric_1_inlet,62,869.5912896,0
SRSE_conventional_hydroelectric_1_inlet,63,869.5912896,0
SRSE_conventional_hydroelectric_1_inlet,64,869.5912896,0
SRSE_conventional_hydroelectric_1_inlet,65,869.5912896,0
SRSE_conventional_hydroelectric_1_inlet,66,869.5912896,0
SRSE_conventional_hydroelectric_1_inlet,67,869.5912896,0
SRSE_conventional_hydroelectric_1_inlet,68,869.5912896,0
SRSE_conventional_hydroelectric_1_inlet,69,869.5912896,0
SRSE_conventional_hydroelectric_1_inlet,70,869.5912896,0
SRSE_conventional_hydroelectric_1_inlet,71,869.5912896,0
SRSE_conventional_hydroelectric_1_inlet,72,869.5912896,0
SRSE_conventional_hydroelectric_1_inlet,73,869.5912896,0
SRSE_conventional_hydroelectric_1_inlet,74,869.5912896,0
SRSE_conventional_hydroelectric_1_inlet,75,869.5912896,0
SRSE_conventional_hydroelectric_1_inlet,76,869.5912896,0
SRSE_conventional_hydroelectric_1_inlet,77,869.5912896,0
SRSE_conventional_hydroelectric_1_inlet,78,869.5912896,0
SRSE_conventional_hydroelectric_1_inlet,79,869.5912896,0
SRSE_conventional_hydroelectric_1_inlet,80,869.5912896,0
SRSE_conventional_hydroelectric_1_inlet,81,869.5912896,0
SRSE_conventional_hydroelectric_1_inlet,82,869.5912896,0
SRSE_conventional_hydroelectric_1_inlet,83,869.5912896,0
SRSE_conventional_hydroelectric_1_inlet,84,869.5912896,0
SRSE_conventional_hydroelectric_1_inlet,85,869.5912896,0
SRSE_conventional_hydroelectric_1_inlet,86,869.5912896,0
SRSE_conventional_hydroelectric_1_inlet,87,869.5912896,0
SRSE_conventional_hydroelectric_1_inlet,88,869.5912896,0
SRSE_conventional_hydroelectric_1_inlet,89,869.5912896,0
SRSE_conventional_hydroelectric_1_inlet,90,869.5912896,0
SRSE_conventional_hydroelectric_1_inlet,91,869.5912896,0
SRSE_conventional_hydroelectric_1_inlet,92,869.5912896,0
SRSE_conventional_hydroelectric_1_inlet,93,869.5912896,0
SRSE_conventional_hydroelectric_1_inlet,94,869.5912896,0
SRSE_conventional_hydroelectric_1_inlet,95,869.5912896,0
SRSE_conventional_hydroelectric_1_inlet,96,869.5912896,0
SRSE_conventional_hydroelectric_1_inlet,97,1026.5362416000003,0
SRSE_conventional_hydroelectric_1_inlet,98,1026.9237600000001,0
SRSE_conventional_hydroelectric_1_inlet,99,1027.6987968,0
SRSE_conventional_hydroelectric_1_inlet,100,1028.0863152,0
SRSE_conventional_hydroelectric_1_inlet,101,1028.4738336,0
SRSE_conventional_hydroelectric_1_inlet,102,1029.2488704,0
SRSE_conventional_hydroelectric_1_inlet,103,1029.6363888,0
SRSE_conventional_hydroelectric_1_inlet,104,1030.0239072,0
SRSE_conventional_hydroelectric_1_inlet,105,1030.7989440000001,0
SRSE_conventional_hydroelectric_1_inlet,106,1031.1864624,0
SRSE_conventional_hydroelectric_1_inlet,107,1031.5739808,0
SRSE_conventional_hydroelectric_1_inlet,108,1032.3490176000003,0
SRSE_conventional_hydroelectric_1_inlet,109,1032.7365360000001,0
SRSE_conventional_hydroelectric_1_inlet,110,1033.1240544000002,0
SRSE_conventional_hydroelectric_1_inlet,111,1033.8990912,0
SRSE_conventional_hydroelectric_1_inlet,112,1034.2866096000002,0
SRSE_conventional_hydroelectric_1_inlet,113,1035.0616464000002,0
SRSE_conventional_hydroelectric_1_inlet,114,1035.4491648,0
SRSE_conventional_hydroelectric_1_inlet,115,1035.8366832000002,0
SRSE_conventional_hydroelectric_1_inlet,116,1036.61172,0
SRSE_conventional_hydroelectric_1_inlet,117,1036.9992384000002,0
SRSE_conventional_hydroelectric_1_inlet,118,1037.3867568,0
SRSE_conventional_hydroelectric_1_inlet,119,1038.1617936000002,0
SRSE_conventional_hydroelectric_1_inlet,120,1038.5493120000003,0
SRSE_conventional_hydroelectric_1_inlet,121,1057.1501952,0
SRSE_conventional_hydroelectric_1_inlet,122,1057.1501952,0
SRSE_conventional_hydroelectric_1_inlet,123,1057.1501952,0
SRSE_conventional_hydroelectric_1_inlet,124,1057.1501952,0
SRSE_conventional_hydroelectric_1_inlet,125,1057.1501952,0
SRSE_conventional_hydroelectric_1_inlet,126,1057.1501952,0
SRSE_conventional_hydroelectric_1_inlet,127,1057.1501952,0
SRSE_conventional_hydroelectric_1_inlet,128,1057.1501952,0
SRSE_conventional_hydroelectric_1_inlet,129,1057.1501952,0
SRSE_conventional_hydroelectric_1_inlet,130,1057.1501952,0
SRSE_conventional_hydroelectric_1_inlet,131,1057.1501952,0
SRSE_conventional_hydroelectric_1_inlet,132,1057.1501952,0
SRSE_conventional_hydroelectric_1_inlet,133,1057.1501952,0
SRSE_conventional_hydroelectric_1_inlet,134,1057.1501952,0
SRSE_conventional_hydroelectric_1_inlet,135,1057.1501952,0
SRSE_conventional_hydroelectric_1_inlet,136,1057.1501952,0
SRSE_conventional_hydroelectric_1_inlet,137,1057.1501952,0
SRSE_conventional_hydroelectric_1_inlet,138,1057.1501952,0
SRSE_conventional_hydroelectric_1_inlet,139,1057.1501952,0
SRSE_conventional_hydroelectric_1_inlet,140,1057.1501952,0
SRSE_conventional_hydroelectric_1_inlet,141,1057.1501952,0
SRSE_conventional_hydroelectric_1_inlet,142,1057.1501952,0
SRSE_conventional_hydroelectric_1_inlet,143,1057.1501952,0
SRSE_conventional_hydroelectric_1_inlet,144,1057.1501952,0
SRSE_conventional_hydroelectric_1_inlet,145,589.0279680000001,0
SRSE_conventional_hydroelectric_1_inlet,146,587.090376,0
SRSE_conventional_hydroelectric_1_inlet,147,585.152784,0
SRSE_conventional_hydroelectric_1_inlet,148,583.2151920000001,0
SRSE_conventional_hydroelectric_1_inlet,149,581.2776,0
SRSE_conventional_hydroelectric_1_inlet,150,579.340008,0
SRSE_conventional_hydroelectric_1_inlet,151,577.402416,0
SRSE_conventional_hydroelectric_1_inlet,152,575.464824,0
SRSE_conventional_hydroelectric_1_inlet,153,573.527232,0
SRSE_conventional_hydroelectric_1_inlet,154,571.58964,0
SRSE_conventional_hydroelectric_1_inlet,155,569.652048,0
SRSE_conventional_hydroelectric_1_inlet,156,567.714456,0
SRSE_conventional_hydroelectric_1_inlet,157,565.776864,0
SRSE_conventional_hydroelectric_1_inlet,158,563.8392719999999,0
SRSE_conventional_hydroelectric_1_inlet,159,561.90168,0
SRSE_conventional_hydroelectric_1_inlet,160,559.9640880000001,0
SRSE_conventional_hydroelectric_1_inlet,161,558.026496,0
SRSE_conventional_hydroelectric_1_inlet,162,556.0889040000001,0
SRSE_conventional_hydroelectric_1_inlet,163,554.151312,0
SRSE_conventional_hydroelectric_1_inlet,164,552.21372,0
SRSE_conventional_hydroelectric_1_inlet,165,550.276128,0
SRSE_conventional_hydroelectric_1_inlet,166,548.338536,0
SRSE_conventional_hydroelectric_1_inlet,167,546.400944,0
SRSE_conventional_hydroelectric_1_inlet,168,544.4633520000001,0
SRSE_conventional_hydroelectric_1_inlet,169,346.0539312,0
SRSE_conventional_hydroelectric_1_inlet,170,346.0539312,0
SRSE_conventional_hydroelectric_1_inlet,171,346.0539312,0
SRSE_conventional_hydroelectric_1_inlet,172,346.0539312,0
SRSE_conventional_hydroelectric_1_inlet,173,346.0539312,0
SRSE_conventional_hydroelectric_1_inlet,174,346.0539312,0
SRSE_conventional_hydroelectric_1_inlet,175,346.0539312,0
SRSE_conventional_hydroelectric_1_inlet,176,346.0539312,0
SRSE_conventional_hydroelectric_1_inlet,177,346.0539312,0
SRSE_conventional_hydroelectric_1_inlet,178,346.0539312,0
SRSE_conventional_hydroelectric_1_inlet,179,346.0539312,0
SRSE_conventional_hydroelectric_1_inlet,180,346.0539312,0
SRSE_conventional_hydroelectric_1_inlet,181,346.0539312,0
SRSE_conventional_hydroelectric_1_inlet,182,346.0539312,0
SRSE_conventional_hydroelectric_1_inlet,183,346.0539312,0
SRSE_conventional_hydroelectric_1_inlet,184,346.0539312,0
SRSE_conventional_hydroelectric_1_inlet,185,346.0539312,0
SRSE_conventional_hydroelectric_1_inlet,186,346.0539312,0
SRSE_conventional_hydroelectric_1_inlet,187,346.0539312,0
SRSE_conventional_hydroelectric_1_inlet,188,346.0539312,0
SRSE_conventional_hydroelectric_1_inlet,189,346.0539312,0
SRSE_conventional_hydroelectric_1_inlet,190,346.0539312,0
SRSE_conventional_hydroelectric_1_inlet,191,346.0539312,0
SRSE_conventional_hydroelectric_1_inlet,192,346.0539312,0
SRSE_conventional_hydroelectric_1_inlet,193,371.63014560000005,0
SRSE_conventional_hydroelectric_1_inlet,194,371.63014560000005,0
SRSE_conventional_hydroelectric_1_inlet,195,371.63014560000005,0
SRSE_conventional_hydroelectric_1_inlet,196,371.63014560000005,0
SRSE_conventional_hydroelectric_1_inlet,197,371.63014560000005,0
SRSE_conventional_hydroelectric_1_inlet,198,371.63014560000005,0
SRSE_conventional_hydroelectric_1_inlet,199,371.63014560000005,0
SRSE_conventional_hydroelectric_1_inlet,200,371.63014560000005,0
SRSE_conventional_hydroelectric_1_inlet,201,371.63014560000005,0
SRSE_conventional_hydroelectric_1_inlet,202,371.63014560000005,0
SRSE_conventional_hydroelectric_1_inlet,203,371.63014560000005,0
SRSE_conventional_hydroelectric_1_inlet,204,371.63014560000005,0
SRSE_conventional_hydroelectric_1_inlet,205,371.63014560000005,0
SRSE_conventional_hydroelectric_1_inlet,206,371.63014560000005,0
SRSE_conventional_hydroelectric_1_inlet,207,371.63014560000005,0
SRSE_conventional_hydroelectric_1_inlet,208,371.63014560000005,0
SRSE_conventional_hydroelectric_1_inlet,209,371.63014560000005,0
SRSE_conventional_hydroelectric_1_inlet,210,371.63014560000005,0
SRSE_conventional_hydroelectric_1_inlet,211,371.63014560000005,0
SRSE_conventional_hydroelectric_1_inlet,212,371.63014560000005,0
SRSE_conventional_hydroelectric_1_inlet,213,371.63014560000005,0
SRSE_conventional_hydroelectric_1_inlet,214,371.63014560000005,0
SRSE_conventional_hydroelectric_1_inlet,215,371.63014560000005,0
SRSE_conventional_hydroelectric_1_inlet,216,371.63014560000005,0
SRSE_conventional_hydroelectric_1_inlet,217,381.3181056,0
SRSE_conventional_hydroelectric_1_inlet,218,381.3181056,0
SRSE_conventional_hydroelectric_1_inlet,219,381.3181056,0
SRSE_conventional_hydroelectric_1_inlet,220,381.3181056,0
SRSE_conventional_hydroelectric_1_inlet,221,381.70562400000006,0
SRSE_conventional_hydroelectric_1_inlet,222,381.70562400000006,0
SRSE_conventional_hydroelectric_1_inlet,223,381.70562400000006,0
SRSE_conventional_hydroelectric_1_inlet,224,381.70562400000006,0
SRSE_conventional_hydroelectric_1_inlet,225,381.70562400000006,0
SRSE_conventional_hydroelectric_1_inlet,226,381.70562400000006,0
SRSE_conventional_hydroelectric_1_inlet,227,382.09314240000003,0
SRSE_conventional_hydroelectric_1_inlet,228,382.09314240000003,0
SRSE_conventional_hydroelectric_1_inlet,229,382.09314240000003,0
SRSE_conventional_hydroelectric_1_inlet,230,382.09314240000003,0
SRSE_conventional_hydroelectric_1_inlet,231,382.09314240000003,0
SRSE_conventional_hydroelectric_1_inlet,232,382.09314240000003,0
SRSE_conventional_hydroelectric_1_inlet,233,382.4806608,0
SRSE_conventional_hydroelectric_1_inlet,234,382.4806608,0
SRSE_conventional_hydroelectric_1_inlet,235,382.4806608,0
SRSE_conventional_hydroelectric_1_inlet,236,382.4806608,0
SRSE_conventional_hydroelectric_1_inlet,237,382.4806608,0
SRSE_conventional_hydroelectric_1_inlet,238,382.86817920000004,0
SRSE_conventional_hydroelectric_1_inlet,239,382.86817920000004,0
SRSE_conventional_hydroelectric_1_inlet,240,382.86817920000004,0
SRSE_conventional_hydroelectric_1_inlet,241,396.04380480000003,0
SRSE_conventional_hydroelectric_1_inlet,242,396.04380480000003,0
SRSE_conventional_hydroelectric_1_inlet,243,396.04380480000003,0
SRSE_conventional_hydroelectric_1_inlet,244,396.04380480000003,0
SRSE_conventional_hydroelectric_1_inlet,245,396.04380480000003,0
SRSE_conventional_hydroelectric_1_inlet,246,396.04380480000003,0
SRSE_conventional_hydroelectric_1_inlet,247,396.04380480000003,0
SRSE_conventional_hydroelectric_1_inlet,248,396.04380480000003,0
SRSE_conventional_hydroelectric_1_inlet,249,396.04380480000003,0
SRSE_conventional_hydroelectric_1_inlet,250,396.04380480000003,0
SRSE_conventional_hydroelectric_1_inlet,251,396.04380480000003,0
SRSE_conventional_hydroelectric_1_inlet,252,396.04380480000003,0
SRSE_conventional_hydroelectric_1_inlet,253,396.04380480000003,0
SRSE_conventional_hydroelectric_1_inlet,254,396.04380480000003,0
SRSE_conventional_hydroelectric_1_inlet,255,396.04380480000003,0
SRSE_conventional_hydroelectric_1_inlet,256,396.04380480000003,0
SRSE_conventional_hydroelectric_1_inlet,257,396.04380480000003,0
SRSE_conventional_hydroelectric_1_inlet,258,396.04380480000003,0
SRSE_conventional_hydroelectric_1_inlet,259,396.04380480000003,0
SRSE_conventional_hydroelectric_1_inlet,260,396.04380480000003,0
SRSE_conventional_hydroelectric_1_inlet,261,396.04380480000003,0
SRSE_conventional_hydroelectric_1_inlet,262,396.04380480000003,0
SRSE_conventional_hydroelectric_1_inlet,263,396.04380480000003,0
SRSE_conventional_hydroelectric_1_inlet,264,396.04380480000003,0
SRSE_conventional_hydroelectric_1_inlet,265,407.66935680000006,0
SRSE_conventional_hydroelectric_1_inlet,266,408.05687520000004,0
SRSE_conventional_hydroelectric_1_inlet,267,408.05687520000004,0
SRSE_conventional_hydroelectric_1_inlet,268,408.05687520000004,0
SRSE_conventional_hydroelectric_1_inlet,269,408.05687520000004,0
SRSE_conventional_hydroelectric_1_inlet,270,408.05687520000004,0
SRSE_conventional_hydroelectric_1_inlet,271,408.05687520000004,0
SRSE_conventional_hydroelectric_1_inlet,272,408.4443936,0
SRSE_conventional_hydroelectric_1_inlet,273,408.4443936,0
SRSE_conventional_hydroelectric_1_inlet,274,408.4443936,0
SRSE_conventional_hydroelectric_1_inlet,275,408.4443936,0
SRSE_conventional_hydroelectric_1_inlet,276,408.4443936,0
SRSE_conventional_hydroelectric_1_inlet,277,408.83191200000005,0
SRSE_conventional_hydroelectric_1_inlet,278,408.83191200000005,0
SRSE_conventional_hydroelectric_1_inlet,279,408.83191200000005,0
SRSE_conventional_hydroelectric_1_inlet,280,408.83191200000005,0
SRSE_conventional_hydroelectric_1_inlet,281,408.83191200000005,0
SRSE_conventional_hydroelectric_1_inlet,282,409.2194304,0
SRSE_conventional_hydroelectric_1_inlet,283,409.2194304,0
SRSE_conventional_hydroelectric_1_inlet,284,409.2194304,0
SRSE_conventional_hydroelectric_1_inlet,285,409.2194304,0
SRSE_conventional_hydroelectric_1_inlet,286,409.2194304,0
SRSE_conventional_hydroelectric_1_inlet,287,409.2194304,0
SRSE_conventional_hydroelectric_1_inlet,288,409.60694880000005,0
SRSE_conventional_hydroelectric_1_inlet,289,422.395056,0
SRSE_conventional_hydroelectric_1_inlet,290,422.395056,0
SRSE_conventional_hydroelectric_1_inlet,291,422.395056,0
SRSE_conventional_hydroelectric_1_inlet,292,422.395056,0
SRSE_conventional_hydroelectric_1_inlet,293,422.395056,0
SRSE_conventional_hydroelectric_1_inlet,294,422.395056,0
SRSE_conventional_hydroelectric_1_inlet,295,422.395056,0
SRSE_conventional_hydroelectric_1_inlet,296,422.395056,0
SRSE_conventional_hydroelectric_1_inlet,297,422.395056,0
SRSE_conventional_hydroelectric_1_inlet,298,422.395056,0
SRSE_conventional_hydroelectric_1_inlet,299,422.395056,0
SRSE_conventional_hydroelectric_1_inlet,300,422.395056,0
SRSE_conventional_hydroelectric_1_inlet,301,422.395056,0
SRSE_conventional_hydroelectric_1_inlet,302,422.395056,0
SRSE_conventional_hydroelectric_1_inlet,303,422.395056,0
SRSE_conventional_hydroelectric_1_inlet,304,422.395056,0
SRSE_conventional_hydroelectric_1_inlet,305,422.395056,0
SRSE_conventional_hydroelectric_1_inlet,306,422.395056,0
SRSE_conventional_hydroelectric_1_inlet,307,422.395056,0
SRSE_conventional_hydroelectric_1_inlet,308,422.395056,0
SRSE_conventional_hydroelectric_1_inlet,309,422.395056,0
SRSE_conventional_hydroelectric_1_inlet,310,422.395056,0
SRSE_conventional_hydroelectric_1_inlet,311,422.395056,0
SRSE_conventional_hydroelectric_1_inlet,312,422.395056,0
SRSE_conventional_hydroelectric_1_inlet,313,436.73323680000004,0
SRSE_conventional_hydroelectric_1_inlet,314,436.73323680000004,0
SRSE_conventional_hydroelectric_1_inlet,315,437.1207552000001,0
SRSE_conventional_hydroelectric_1_inlet,316,437.1207552000001,0
SRSE_conventional_hydroelectric_1_inlet,317,437.5082736,0
SRSE_conventional_hydroelectric_1_inlet,318,437.5082736,0
SRSE_conventional_hydroelectric_1_inlet,319,437.89579200000003,0
SRSE_conventional_hydroelectric_1_inlet,320,437.89579200000003,0
SRSE_conventional_hydroelectric_1_inlet,321,438.28331040000006,0
SRSE_conventional_hydroelectric_1_inlet,322,438.28331040000006,0
SRSE_conventional_hydroelectric_1_inlet,323,438.67082880000004,0
SRSE_conventional_hydroelectric_1_inlet,324,438.67082880000004,0
SRSE_conventional_hydroelectric_1_inlet,325,439.0583472,0
SRSE_conventional_hydroelectric_1_inlet,326,439.0583472,0
SRSE_conventional_hydroelectric_1_inlet,327,439.44586560000005,0
SRSE_conventional_hydroelectric_1_inlet,328,439.44586560000005,0
SRSE_conventional_hydroelectric_1_inlet,329,439.8333840000001,0
SRSE_conventional_hydroelectric_1_inlet,330,439.8333840000001,0
SRSE_conventional_hydroelectric_1_inlet,331,440.22090240000006,0
SRSE_conventional_hydroelectric_1_inlet,332,440.22090240000006,0
SRSE_conventional_hydroelectric_1_inlet,333,440.60842080000003,0
SRSE_conventional_hydroelectric_1_inlet,334,440.60842080000003,0
SRSE_conventional_hydroelectric_1_inlet,335,440.9959392,0
SRSE_conventional_hydroelectric_1_inlet,336,440.9959392,0
SRSE_conventional_hydroelectric_1_inlet,337,469.6723008,0
SRSE_conventional_hydroelectric_1_inlet,338,469.6723008,0
SRSE_conventional_hydroelectric_1_inlet,339,470.05981920000005,0
SRSE_conventional_hydroelectric_1_inlet,340,470.05981920000005,0
SRSE_conventional_hydroelectric_1_inlet,341,470.4473376,0
SRSE_conventional_hydroelectric_1_inlet,342,470.4473376,0
SRSE_conventional_hydroelectric_1_inlet,343,470.834856,0
SRSE_conventional_hydroelectric_1_inlet,344,470.834856,0
SRSE_conventional_hydroelectric_1_inlet,345,471.22237440000004,0
SRSE_conventional_hydroelectric_1_inlet,346,471.22237440000004,0
SRSE_conventional_hydroelectric_1_inlet,347,471.60989280000007,0
SRSE_conventional_hydroelectric_1_inlet,348,471.60989280000007,0
SRSE_conventional_hydroelectric_1_inlet,349,471.9974112000001,0
SRSE_conventional_hydroelectric_1_inlet,350,471.9974112000001,0
SRSE_conventional_hydroelectric_1_inlet,351,472.3849296,0
SRSE_conventional_hydroelectric_1_inlet,352,472.3849296,0
SRSE_conventional_hydroelectric_1_inlet,353,472.772448,0
SRSE_conventional_hydroelectric_1_inlet,354,472.772448,0
SRSE_conventional_hydroelectric_1_inlet,355,473.15996640000003,0
SRSE_conventional_hydroelectric_1_inlet,356,473.15996640000003,0
SRSE_conventional_hydroelectric_1_inlet,357,473.54748480000006,0
SRSE_conventional_hydroelectric_1_inlet,358,473.54748480000006,0
SRSE_conventional_hydroelectric_1_inlet,359,473.9350032000001,0
SRSE_conventional_hydroelectric_1_inlet,360,473.9350032000001,0
SRSE_conventional_hydroelectric_1_inlet,361,489.8232576000001,0
SRSE_conventional_hydroelectric_1_inlet,362,489.8232576000001,0
SRSE_conventional_hydroelectric_1_inlet,363,489.8232576000001,0
SRSE_conventional_hydroelectric_1_inlet,364,489.8232576000001,0
SRSE_conventional_hydroelectric_1_inlet,365,489.8232576000001,0
SRSE_conventional_hydroelectric_1_inlet,366,489.4357392,0
SRSE_conventional_hydroelectric_1_inlet,367,489.4357392,0
SRSE_conventional_hydroelectric_1_inlet,368,489.4357392,0
SRSE_conventional_hydroelectric_1_inlet,369,489.4357392,0
SRSE_conventional_hydroelectric_1_inlet,370,489.4357392,0
SRSE_conventional_hydroelectric_1_inlet,371,489.4357392,0
SRSE_conventional_hydroelectric_1_inlet,372,489.4357392,0
SRSE_conventional_hydroelectric_1_inlet,373,489.4357392,0
SRSE_conventional_hydroelectric_1_inlet,374,489.4357392,0
SRSE_conventional_hydroelectric_1_inlet,375,489.4357392,0
SRSE_conventional_hydroelectric_1_inlet,376,489.4357392,0
SRSE_conventional_hydroelectric_1_inlet,377,489.4357392,0
SRSE_conventional_hydroelectric_1_inlet,378,489.0482208000001,0
SRSE_conventional_hydroelectric_1_inlet,379,489.0482208000001,0
SRSE_conventional_hydroelectric_1_inlet,380,489.0482208000001,0
SRSE_conventional_hydroelectric_1_inlet,381,489.0482208000001,0
SRSE_conventional_hydroelectric_1_inlet,382,489.0482208000001,0
SRSE_conventional_hydroelectric_1_inlet,383,489.0482208000001,0
SRSE_conventional_hydroelectric_1_inlet,384,489.0482208000001,0
SRSE_conventional_hydroelectric_1_inlet,385,485.1730368000001,0
SRSE_conventional_hydroelectric_1_inlet,386,485.1730368000001,0
SRSE_conventional_hydroelectric_1_inlet,387,485.1730368000001,0
SRSE_conventional_hydroelectric_1_inlet,388,485.1730368000001,0
SRSE_conventional_hydroelectric_1_inlet,389,484.7855184,0
SRSE_conventional_hydroelectric_1_inlet,390,484.7855184,0
SRSE_conventional_hydroelectric_1_inlet,391,484.7855184,0
SRSE_conventional_hydroelectric_1_inlet,392,484.7855184,0
SRSE_conventional_hydroelectric_1_inlet,393,484.7855184,0
SRSE_conventional_hydroelectric_1_inlet,394,484.7855184,0
SRSE_conventional_hydroelectric_1_inlet,395,484.7855184,0
SRSE_conventional_hydroelectric_1_inlet,396,484.7855184,0
SRSE_conventional_hydroelectric_1_inlet,397,484.7855184,0
SRSE_conventional_hydroelectric_1_inlet,398,484.7855184,0
SRSE_conventional_hydroelectric_1_inlet,399,484.7855184,0
SRSE_conventional_hydroelectric_1_inlet,400,484.7855184,0
SRSE_conventional_hydroelectric_1_inlet,401,484.398,0
SRSE_conventional_hydroelectric_1_inlet,402,484.398,0
SRSE_conventional_hydroelectric_1_inlet,403,484.398,0
SRSE_conventional_hydroelectric_1_inlet,404,484.398,0
SRSE_conventional_hydroelectric_1_inlet,405,484.398,0
SRSE_conventional_hydroelectric_1_inlet,406,484.398,0
SRSE_conventional_hydroelectric_1_inlet,407,484.398,0
SRSE_conventional_hydroelectric_1_inlet,408,484.398,0
SRSE_conventional_hydroelectric_1_inlet,409,483.23544480000004,0
SRSE_conventional_hydroelectric_1_inlet,410,483.23544480000004,0
SRSE_conventional_hydroelectric_1_inlet,411,483.23544480000004,0
SRSE_conventional_hydroelectric_1_inlet,412,483.23544480000004,0
SRSE_conventional_hydroelectric_1_inlet,413,483.23544480000004,0
SRSE_conventional_hydroelectric_1_inlet,414,483.23544480000004,0
SRSE_conventional_hydroelectric_1_inlet,415,483.23544480000004,0
SRSE_conventional_hydroelectric_1_inlet,416,483.23544480000004,0
SRSE_conventional_hydroelectric_1_inlet,417,483.23544480000004,0
SRSE_conventional_hydroelectric_1_inlet,418,483.23544480000004,0
SRSE_conventional_hydroelectric_1_inlet,419,483.23544480000004,0
SRSE_conventional_hydroelectric_1_inlet,420,483.23544480000004,0
SRSE_conventional_hydroelectric_1_inlet,421,483.23544480000004,0
SRSE_conventional_hydroelectric_1_inlet,422,483.23544480000004,0
SRSE_conventional_hydroelectric_1_inlet,423,483.23544480000004,0
SRSE_conventional_hydroelectric_1_inlet,424,483.23544480000004,0
SRSE_conventional_hydroelectric_1_inlet,425,483.23544480000004,0
SRSE_conventional_hydroelectric_1_inlet,426,483.23544480000004,0
SRSE_conventional_hydroelectric_1_inlet,427,483.23544480000004,0
SRSE_conventional_hydroelectric_1_inlet,428,483.23544480000004,0
SRSE_conventional_hydroelectric_1_inlet,429,483.23544480000004,0
SRSE_conventional_hydroelectric_1_inlet,430,483.23544480000004,0
SRSE_conventional_hydroelectric_1_inlet,431,483.23544480000004,0
SRSE_conventional_hydroelectric_1_inlet,432,483.23544480000004,0
SRSE_conventional_hydroelectric_1_inlet,433,536.7129840000001,0
SRSE_conventional_hydroelectric_1_inlet,434,536.7129840000001,0
SRSE_conventional_hydroelectric_1_inlet,435,537.1005024,0
SRSE_conventional_hydroelectric_1_inlet,436,537.1005024,0
SRSE_conventional_hydroelectric_1_inlet,437,537.1005024,0
SRSE_conventional_hydroelectric_1_inlet,438,537.4880208,0
SRSE_conventional_hydroelectric_1_inlet,439,537.4880208,0
SRSE_conventional_hydroelectric_1_inlet,440,537.8755392,0
SRSE_conventional_hydroelectric_1_inlet,441,537.8755392,0
SRSE_conventional_hydroelectric_1_inlet,442,538.2630576,0
SRSE_conventional_hydroelectric_1_inlet,443,538.2630576,0
SRSE_conventional_hydroelectric_1_inlet,444,538.6505760000001,0
SRSE_conventional_hydroelectric_1_inlet,445,538.6505760000001,0
SRSE_conventional_hydroelectric_1_inlet,446,539.0380944000001,0
SRSE_conventional_hydroelectric_1_inlet,447,539.0380944000001,0
SRSE_conventional_hydroelectric_1_inlet,448,539.4256128000001,0
SRSE_conventional_hydroelectric_1_inlet,449,539.4256128000001,0
SRSE_conventional_hydroelectric_1_inlet,450,539.8131312000002,0
SRSE_conventional_hydroelectric_1_inlet,451,539.8131312000002,0
SRSE_conventional_hydroelectric_1_inlet,452,540.2006496,0
SRSE_conventional_hydroelectric_1_inlet,453,540.2006496,0
SRSE_conventional_hydroelectric_1_inlet,454,540.5881680000001,0
SRSE_conventional_hydroelectric_1_inlet,455,540.5881680000001,0
SRSE_conventional_hydroelectric_1_inlet,456,540.9756864,0
SRSE_conventional_hydroelectric_1_inlet,457,552.21372,0
SRSE_conventional_hydroelectric_1_inlet,458,552.21372,0
SRSE_conventional_hydroelectric_1_inlet,459,552.21372,0
SRSE_conventional_hydroelectric_1_inlet,460,552.21372,0
SRSE_conventional_hydroelectric_1_inlet,461,552.21372,0
SRSE_conventional_hydroelectric_1_inlet,462,552.21372,0
SRSE_conventional_hydroelectric_1_inlet,463,552.21372,0
SRSE_conventional_hydroelectric_1_inlet,464,552.21372,0
SRSE_conventional_hydroelectric_1_inlet,465,552.21372,0
SRSE_conventional_hydroelectric_1_inlet,466,552.21372,0
SRSE_conventional_hydroelectric_1_inlet,467,552.21372,0
SRSE_conventional_hydroelectric_1_inlet,468,552.21372,0
SRSE_conventional_hydroelectric_1_inlet,469,552.21372,0
SRSE_conventional_hydroelectric_1_inlet,470,552.21372,0
SRSE_conventional_hydroelectric_1_inlet,471,552.21372,0
SRSE_conventional_hydroelectric_1_inlet,472,552.21372,0
SRSE_conventional_hydroelectric_1_inlet,473,552.21372,0
SRSE_conventional_hydroelectric_1_inlet,474,552.21372,0
SRSE_conventional_hydroelectric_1_inlet,475,552.21372,0
SRSE_conventional_hydroelectric_1_inlet,476,552.21372,0
SRSE_conventional_hydroelectric_1_inlet,477,552.21372,0
SRSE_conventional_hydroelectric_1_inlet,478,552.21372,0
SRSE_conventional_hydroelectric_1_inlet,479,552.21372,0
SRSE_conventional_hydroelectric_1_inlet,480,552.21372,0
SRSE_conventional_hydroelectric_1_inlet,481,519.6621744,0
SRSE_conventional_hydroelectric_1_inlet,482,519.6621744,0
SRSE_conventional_hydroelectric_1_inlet,483,519.6621744,0
SRSE_conventional_hydroelectric_1_inlet,484,519.6621744,0
SRSE_conventional_hydroelectric_1_inlet,485,519.6621744,0
SRSE_conventional_hydroelectric_1_inlet,486,519.6621744,0
SRSE_conventional_hydroelectric_1_inlet,487,519.6621744,0
SRSE_conventional_hydroelectric_1_inlet,488,519.6621744,0
SRSE_conventional_hydroelectric_1_inlet,489,519.6621744,0
SRSE_conventional_hydroelectric_1_inlet,490,519.6621744,0
SRSE_conventional_hydroelectric_1_inlet,491,519.6621744,0
SRSE_conventional_hydroelectric_1_inlet,492,519.6621744,0
SRSE_conventional_hydroelectric_1_inlet,493,519.6621744,0
SRSE_conventional_hydroelectric_1_inlet,494,519.6621744,0
SRSE_conventional_hydroelectric_1_inlet,495,519.6621744,0
SRSE_conventional_hydroelectric_1_inlet,496,519.6621744,0
SRSE_conventional_hydroelectric_1_inlet,497,519.6621744,0
SRSE_conventional_hydroelectric_1_inlet,498,519.6621744,0
SRSE_conventional_hydroelectric_1_inlet,499,519.6621744,0
SRSE_conventional_hydroelectric_1_inlet,500,519.6621744,0
SRSE_conventional_hydroelectric_1_inlet,501,519.6621744,0
SRSE_conventional_hydroelectric_1_inlet,502,519.6621744,0
SRSE_conventional_hydroelectric_1_inlet,503,519.6621744,0
SRSE_conventional_hydroelectric_1_inlet,504,519.6621744,0
SRSE_conventional_hydroelectric_1_inlet,505,590.96556,0
SRSE_conventional_hydroelectric_1_inlet,506,591.3530784000001,0
SRSE_conventional_hydroelectric_1_inlet,507,592.1281152,0
SRSE_conventional_hydroelectric_1_inlet,508,592.5156336000001,0
SRSE_conventional_hydroelectric_1_inlet,509,592.9031520000001,0
SRSE_conventional_hydroelectric_1_inlet,510,593.6781888,0
SRSE_conventional_hydroelectric_1_inlet,511,594.0657072,0
SRSE_conventional_hydroelectric_1_inlet,512,594.4532256000001,0
SRSE_conventional_hydroelectric_1_inlet,513,595.2282624,0
SRSE_conventional_hydroelectric_1_inlet,514,595.6157808,0
SRSE_conventional_hydroelectric_1_inlet,515,596.0032992,0
SRSE_conventional_hydroelectric_1_inlet,516,596.7783360000001,0
SRSE_conventional_hydroelectric_1_inlet,517,597.1658544,0
SRSE_conventional_hydroelectric_1_inlet,518,597.5533728,0
SRSE_conventional_hydroelectric_1_inlet,519,598.3284096000001,0
SRSE_conventional_hydroelectric_1_inlet,520,598.7159280000001,0
SRSE_conventional_hydroelectric_1_inlet,521,599.1034464,0
SRSE_conventional_hydroelectric_1_inlet,522,599.8784832000001,0
SRSE_conventional_hydroelectric_1_inlet,523,600.2660016000001,0
SRSE_conventional_hydroelectric_1_inlet,524,600.65352,0
SRSE_conventional_hydroelectric_1_inlet,525,601.4285568,0
SRSE_conventional_hydroelectric_1_inlet,526,601.8160752,0
SRSE_conventional_hydroelectric_1_inlet,527,602.2035936000001,0
SRSE_conventional_hydroelectric_1_inlet,528,602.9786304,0
SRSE_conventional_hydroelectric_1_inlet,529,707.6085984000001,0
SRSE_conventional_hydroelectric_1_inlet,530,707.6085984000001,0
SRSE_conventional_hydroelectric_1_inlet,531,707.6085984000001,0
SRSE_conventional_hydroelectric_1_inlet,532,707.6085984000001,0
SRSE_conventional_hydroelectric_1_inlet,533,707.6085984000001,0
SRSE_conventional_hydroelectric_1_inlet,534,707.6085984000001,0
SRSE_conventional_hydroelectric_1_inlet,535,707.6085984000001,0
SRSE_conventional_hydroelectric_1_inlet,536,707.6085984000001,0
SRSE_conventional_hydroelectric_1_inlet,537,707.6085984000001,0
SRSE_conventional_hydroelectric_1_inlet,538,707.6085984000001,0
SRSE_conventional_hydroelectric_1_inlet,539,707.6085984000001,0
SRSE_conventional_hydroelectric_1_inlet,540,707.6085984000001,0
SRSE_conventional_hydroelectric_1_inlet,541,707.6085984000001,0
SRSE_conventional_hydroelectric_1_inlet,542,707.6085984000001,0
SRSE_conventional_hydroelectric_1_inlet,543,707.6085984000001,0
SRSE_conventional_hydroelectric_1_inlet,544,707.6085984000001,0
SRSE_conventional_hydroelectric_1_inlet,545,707.6085984000001,0
SRSE_conventional_hydroelectric_1_inlet,546,707.6085984000001,0
SRSE_conventional_hydroelectric_1_inlet,547,707.6085984000001,0
SRSE_conventional_hydroelectric_1_inlet,548,707.6085984000001,0
SRSE_conventional_hydroelectric_1_inlet,549,707.6085984000001,0
SRSE_conventional_hydroelectric_1_inlet,550,707.6085984000001,0
SRSE_conventional_hydroelectric_1_inlet,551,707.6085984000001,0
SRSE_conventional_hydroelectric_1_inlet,552,707.6085984000001,0
SRSE_conventional_hydroelectric_1_inlet,553,875.0165472,0
SRSE_conventional_hydroelectric_1_inlet,554,876.5666208000001,0
SRSE_conventional_hydroelectric_1_inlet,555,878.5042128000001,0
SRSE_conventional_hydroelectric_1_inlet,556,880.0542864,0
SRSE_conventional_hydroelectric_1_inlet,557,881.9918784,0
SRSE_conventional_hydroelectric_1_inlet,558,883.5419520000002,0
SRSE_conventional_hydroelectric_1_inlet,559,885.479544,0
SRSE_conventional_hydroelectric_1_inlet,560,887.0296176,0
SRSE_conventional_hydroelectric_1_inlet,561,888.9672096,0
SRSE_conventional_hydroelectric_1_inlet,562,890.5172832000002,0
SRSE_conventional_hydroelectric_1_inlet,563,892.4548752000001,0
SRSE_conventional_hydroelectric_1_inlet,564,894.0049488000001,0
SRSE_conventional_hydroelectric_1_inlet,565,895.5550224000001,0
SRSE_conventional_hydroelectric_1_inlet,566,897.4926144000001,0
SRSE_conventional_hydroelectric_1_inlet,567,899.0426880000001,0
SRSE_conventional_hydroelectric_1_inlet,568,900.9802800000002,0
SRSE_conventional_hydroelectric_1_inlet,569,902.5303536,0
SRSE_conventional_hydroelectric_1_inlet,570,904.4679456000001,0
SRSE_conventional_hydroelectric_1_inlet,571,906.0180192000001,0
SRSE_conventional_hydroelectric_1_inlet,572,907.9556112000001,0
SRSE_conventional_hydroelectric_1_inlet,573,909.5056848,0
SRSE_conventional_hydroelectric_1_inlet,574,911.0557584000002,0
SRSE_conventional_hydroelectric_1_inlet,575,912.9933504,0
SRSE_conventional_hydroelectric_1_inlet,576,914.5434240000001,0
SRSG_conventional_hydroelectric_1_inlet,1,810.4687786932012,0
SRSG_conventional_hydroelectric_1_inlet,2,811.2419574999909,0
SRSG_conventional_hydroelectric_1_inlet,3,811.7407231981085,0
SRSG_conventional_hydroelectric_1_inlet,4,812.5062343175701,0
SRSG_conventional_hydroelectric_1_inlet,5,813.0050000156878,0
SRSG_conventional_hydroelectric_1_inlet,6,813.7705111351493,0
SRSG_conventional_hydroelectric_1_inlet,7,814.2776202531379,0
SRSG_conventional_hydroelectric_1_inlet,8,815.0347879527285,0
SRSG_conventional_hydroelectric_1_inlet,9,815.5418970707173,0
SRSG_conventional_hydroelectric_1_inlet,10,816.3150758775071,0
SRSG_conventional_hydroelectric_1_inlet,11,817.0722435770974,0
SRSG_conventional_hydroelectric_1_inlet,12,817.5793526950861,0
SRSG_conventional_hydroelectric_1_inlet,13,818.3365203946767,0
SRSG_conventional_hydroelectric_1_inlet,14,818.8436295126653,0
SRSG_conventional_hydroelectric_1_inlet,15,819.6091406321268,0
SRSG_conventional_hydroelectric_1_inlet,16,820.1079063302444,0
SRSG_conventional_hydroelectric_1_inlet,17,820.8810851370342,0
SRSG_conventional_hydroelectric_1_inlet,18,821.3805265676947,0
SRSG_conventional_hydroelectric_1_inlet,19,822.1453619546132,0
SRSG_conventional_hydroelectric_1_inlet,20,822.6448033852738,0
SRSG_conventional_hydroelectric_1_inlet,21,823.4179821920634,0
SRSG_conventional_hydroelectric_1_inlet,22,823.9090802028529,0
SRSG_conventional_hydroelectric_1_inlet,23,824.6822590096425,0
SRSG_conventional_hydroelectric_1_inlet,24,825.1810247077602,0
SRSG_conventional_hydroelectric_1_inlet,25,878.2027165594618,0
SRSG_conventional_hydroelectric_1_inlet,26,878.1943731395907,0
SRSG_conventional_hydroelectric_1_inlet,27,878.1860297197196,0
SRSG_conventional_hydroelectric_1_inlet,28,877.9122923435906,0
SRSG_conventional_hydroelectric_1_inlet,29,877.9039489237197,0
SRSG_conventional_hydroelectric_1_inlet,30,877.6295358150476,0
SRSG_conventional_hydroelectric_1_inlet,31,877.6295358150476,0
SRSG_conventional_hydroelectric_1_inlet,32,877.6135247078485,0
SRSG_conventional_hydroelectric_1_inlet,33,877.3474550190475,0
SRSG_conventional_hydroelectric_1_inlet,34,877.3391115991764,0
SRSG_conventional_hydroelectric_1_inlet,35,877.0646984905046,0
SRSG_conventional_hydroelectric_1_inlet,36,877.0570308031764,0
SRSG_conventional_hydroelectric_1_inlet,37,877.0486873833054,0
SRSG_conventional_hydroelectric_1_inlet,38,876.7742742746335,0
SRSG_conventional_hydroelectric_1_inlet,39,876.7742742746335,0
SRSG_conventional_hydroelectric_1_inlet,40,876.7582631674343,0
SRSG_conventional_hydroelectric_1_inlet,41,876.4838500587626,0
SRSG_conventional_hydroelectric_1_inlet,42,876.4838500587626,0
SRSG_conventional_hydroelectric_1_inlet,43,876.2094369500905,0
SRSG_conventional_hydroelectric_1_inlet,44,876.1934258428915,0
SRSG_conventional_hydroelectric_1_inlet,45,876.1934258428915,0
SRSG_conventional_hydroelectric_1_inlet,46,875.9190127342195,0
SRSG_conventional_hydroelectric_1_inlet,47,875.9106693143484,0
SRSG_conventional_hydroelectric_1_inlet,48,875.6369319382195,0
SRSG_conventional_hydroelectric_1_inlet,49,854.2707288025249,0
SRSG_conventional_hydroelectric_1_inlet,50,854.2707288025249,0
SRSG_conventional_hydroelectric_1_inlet,51,854.2707288025249,0
SRSG_conventional_hydroelectric_1_inlet,52,854.2707288025249,0
SRSG_conventional_hydroelectric_1_inlet,53,854.2707288025249,0
SRSG_conventional_hydroelectric_1_inlet,54,854.2707288025249,0
SRSG_conventional_hydroelectric_1_inlet,55,854.2707288025249,0
SRSG_conventional_hydroelectric_1_inlet,56,854.2707288025249,0
SRSG_conventional_hydroelectric_1_inlet,57,854.2707288025249,0
SRSG_conventional_hydroelectric_1_inlet,58,854.2707288025249,0
SRSG_conventional_hydroelectric_1_inlet,59,854.2707288025249,0
SRSG_conventional_hydroelectric_1_inlet,60,854.2707288025249,0
SRSG_conventional_hydroelectric_1_inlet,61,854.2707288025249,0
SRSG_conventional_hydroelectric_1_inlet,62,854.2707288025249,0
SRSG_conventional_hydroelectric_1_inlet,63,854.2707288025249,0
SRSG_conventional_hydroelectric_1_inlet,64,854.2707288025249,0
SRSG_conventional_hydroelectric_1_inlet,65,854.2707288025249,0
SRSG_conventional_hydroelectric_1_inlet,66,854.2707288025249,0
SRSG_conventional_hydroelectric_1_inlet,67,854.2707288025249,0
SRSG_conventional_hydroelectric_1_inlet,68,854.2707288025249,0
SRSG_conventional_hydroelectric_1_inlet,69,854.2707288025249,0
SRSG_conventional_hydroelectric_1_inlet,70,854.2707288025249,0
SRSG_conventional_hydroelectric_1_inlet,71,854.2707288025249,0
SRSG_conventional_hydroelectric_1_inlet,72,854.2707288025249,0
SRSG_conventional_hydroelectric_1_inlet,73,854.2707288025249,0
SRSG_conventional_hydroelectric_1_inlet,74,854.2707288025249,0
SRSG_conventional_hydroelectric_1_inlet,75,854.2707288025249,0
SRSG_conventional_hydroelectric_1_inlet,76,854.2707288025249,0
SRSG_conventional_hydroelectric_1_inlet,77,854.2707288025249,0
SRSG_conventional_hydroelectric_1_inlet,78,854.2707288025249,0
SRSG_conventional_hydroelectric_1_inlet,79,854.2707288025249,0
SRSG_conventional_hydroelectric_1_inlet,80,854.2707288025249,0
SRSG_conventional_hydroelectric_1_inlet,81,854.2707288025249,0
SRSG_conventional_hydroelectric_1_inlet,82,854.2707288025249,0
SRSG_conventional_hydroelectric_1_inlet,83,854.2707288025249,0
SRSG_conventional_hydroelectric_1_inlet,84,854.2707288025249,0
SRSG_conventional_hydroelectric_1_inlet,85,854.2707288025249,0
SRSG_conventional_hydroelectric_1_inlet,86,854.2707288025249,0
SRSG_conventional_hydroelectric_1_inlet,87,854.2707288025249,0
SRSG_conventional_hydroelectric_1_inlet,88,854.2707288025249,0
SRSG_conventional_hydroelectric_1_inlet,89,854.2707288025249,0
SRSG_conventional_hydroelectric_1_inlet,90,854.2707288025249,0
SRSG_conventional_hydroelectric_1_inlet,91,854.2707288025249,0
SRSG_conventional_hydroelectric_1_inlet,92,854.2707288025249,0
SRSG_conventional_hydroelectric_1_inlet,93,854.2707288025249,0
SRSG_conventional_hydroelectric_1_inlet,94,854.2707288025249,0
SRSG_conventional_hydroelectric_1_inlet,95,854.2707288025249,0
SRSG_conventional_hydroelectric_1_inlet,96,854.2707288025249,0
SRSG_conventional_hydroelectric_1_inlet,97,916.5797825767738,0
SRSG_conventional_hydroelectric_1_inlet,98,916.8778744799731,0
SRSG_conventional_hydroelectric_1_inlet,99,917.1676229633008,0
SRSG_conventional_hydroelectric_1_inlet,100,917.191301757828,0
SRSG_conventional_hydroelectric_1_inlet,101,917.4893936610272,0
SRSG_conventional_hydroelectric_1_inlet,102,917.7791421443553,0
SRSG_conventional_hydroelectric_1_inlet,103,918.0772340475544,0
SRSG_conventional_hydroelectric_1_inlet,104,918.0932451547534,0
SRSG_conventional_hydroelectric_1_inlet,105,918.3829936380816,0
SRSG_conventional_hydroelectric_1_inlet,106,918.6810855412806,0
SRSG_conventional_hydroelectric_1_inlet,107,918.7047643358078,0
SRSG_conventional_hydroelectric_1_inlet,108,918.9945128191358,0
SRSG_conventional_hydroelectric_1_inlet,109,919.2926047223351,0
SRSG_conventional_hydroelectric_1_inlet,110,919.3162835168621,0
SRSG_conventional_hydroelectric_1_inlet,111,919.6067077327331,0
SRSG_conventional_hydroelectric_1_inlet,112,919.8964562160611,0
SRSG_conventional_hydroelectric_1_inlet,113,919.9201350105883,0
SRSG_conventional_hydroelectric_1_inlet,114,920.2182269137872,0
SRSG_conventional_hydroelectric_1_inlet,115,920.5079753971153,0
SRSG_conventional_hydroelectric_1_inlet,116,920.5399976115136,0
SRSG_conventional_hydroelectric_1_inlet,117,920.8297460948415,0
SRSG_conventional_hydroelectric_1_inlet,118,921.1194945781698,0
SRSG_conventional_hydroelectric_1_inlet,119,921.14384910524,0
SRSG_conventional_hydroelectric_1_inlet,120,921.4335975885681,0
SRSG_conventional_hydroelectric_1_inlet,121,929.0162458531223,0
SRSG_conventional_hydroelectric_1_inlet,122,929.0162458531223,0
SRSG_conventional_hydroelectric_1_inlet,123,929.0162458531223,0
SRSG_conventional_hydroelectric_1_inlet,124,929.0162458531223,0
SRSG_conventional_hydroelectric_1_inlet,125,929.0162458531223,0
SRSG_conventional_hydroelectric_1_inlet,126,929.0162458531223,0
SRSG_conventional_hydroelectric_1_inlet,127,929.0162458531223,0
SRSG_conventional_hydroelectric_1_inlet,128,929.0162458531223,0
SRSG_conventional_hydroelectric_1_inlet,129,929.0162458531223,0
SRSG_conventional_hydroelectric_1_inlet,130,929.0162458531223,0
SRSG_conventional_hydroelectric_1_inlet,131,929.0162458531223,0
SRSG_conventional_hydroelectric_1_inlet,132,929.0162458531223,0
SRSG_conventional_hydroelectric_1_inlet,133,929.0162458531223,0
SRSG_conventional_hydroelectric_1_inlet,134,929.0162458531223,0
SRSG_conventional_hydroelectric_1_inlet,135,929.0162458531223,0
SRSG_conventional_hydroelectric_1_inlet,136,929.0162458531223,0
SRSG_conventional_hydroelectric_1_inlet,137,929.0162458531223,0
SRSG_conventional_hydroelectric_1_inlet,138,929.0162458531223,0
SRSG_conventional_hydroelectric_1_inlet,139,929.0162458531223,0
SRSG_conventional_hydroelectric_1_inlet,140,929.0162458531223,0
SRSG_conventional_hydroelectric_1_inlet,141,929.0162458531223,0
SRSG_conventional_hydroelectric_1_inlet,142,929.0162458531223,0
SRSG_conventional_hydroelectric_1_inlet,143,929.0162458531223,0
SRSG_conventional_hydroelectric_1_inlet,144,929.0162458531223,0
SRSG_conventional_hydroelectric_1_inlet,145,967.2267437985882,0
SRSG_conventional_hydroelectric_1_inlet,146,967.2831205400566,0
SRSG_conventional_hydroelectric_1_inlet,147,967.6055669703258,0
SRSG_conventional_hydroelectric_1_inlet,148,967.6619437117942,0
SRSG_conventional_hydroelectric_1_inlet,149,967.7183204532625,0
SRSG_conventional_hydroelectric_1_inlet,150,968.0407668835317,0
SRSG_conventional_hydroelectric_1_inlet,151,968.1131547321992,0
SRSG_conventional_hydroelectric_1_inlet,152,968.1695314736676,0
SRSG_conventional_hydroelectric_1_inlet,153,968.4919779039367,0
SRSG_conventional_hydroelectric_1_inlet,154,968.5483546454051,0
SRSG_conventional_hydroelectric_1_inlet,155,968.8708010756743,0
SRSG_conventional_hydroelectric_1_inlet,156,968.9348455044707,0
SRSG_conventional_hydroelectric_1_inlet,157,968.9995656658101,0
SRSG_conventional_hydroelectric_1_inlet,158,969.3220120960793,0
SRSG_conventional_hydroelectric_1_inlet,159,969.3783888375476,0
SRSG_conventional_hydroelectric_1_inlet,160,969.4347655790159,0
SRSG_conventional_hydroelectric_1_inlet,161,969.7648796966132,0
SRSG_conventional_hydroelectric_1_inlet,162,969.8212564380816,0
SRSG_conventional_hydroelectric_1_inlet,163,970.1520462882216,0
SRSG_conventional_hydroelectric_1_inlet,164,970.2084230296902,0
SRSG_conventional_hydroelectric_1_inlet,165,970.2647997711583,0
SRSG_conventional_hydroelectric_1_inlet,166,970.5949138887556,0
SRSG_conventional_hydroelectric_1_inlet,167,970.6512906302238,0
SRSG_conventional_hydroelectric_1_inlet,168,970.7076673716922,0
SRSG_conventional_hydroelectric_1_inlet,169,987.1216613291945,0
SRSG_conventional_hydroelectric_1_inlet,170,987.1216613291945,0
SRSG_conventional_hydroelectric_1_inlet,171,987.1216613291945,0
SRSG_conventional_hydroelectric_1_inlet,172,987.1216613291945,0
SRSG_conventional_hydroelectric_1_inlet,173,987.1216613291945,0
SRSG_conventional_hydroelectric_1_inlet,174,987.1216613291945,0
SRSG_conventional_hydroelectric_1_inlet,175,987.1216613291945,0
SRSG_conventional_hydroelectric_1_inlet,176,987.1216613291945,0
SRSG_conventional_hydroelectric_1_inlet,177,987.1216613291945,0
SRSG_conventional_hydroelectric_1_inlet,178,987.1216613291945,0
SRSG_conventional_hydroelectric_1_inlet,179,987.1216613291945,0
SRSG_conventional_hydroelectric_1_inlet,180,987.1216613291945,0
SRSG_conventional_hydroelectric_1_inlet,181,987.1216613291945,0
SRSG_conventional_hydroelectric_1_inlet,182,987.1216613291945,0
SRSG_conventional_hydroelectric_1_inlet,183,987.1216613291945,0
SRSG_conventional_hydroelectric_1_inlet,184,987.1216613291945,0
SRSG_conventional_hydroelectric_1_inlet,185,987.1216613291945,0
SRSG_conventional_hydroelectric_1_inlet,186,987.1216613291945,0
SRSG_conventional_hydroelectric_1_inlet,187,987.1216613291945,0
SRSG_conventional_hydroelectric_1_inlet,188,987.1216613291945,0
SRSG_conventional_hydroelectric_1_inlet,189,987.1216613291945,0
SRSG_conventional_hydroelectric_1_inlet,190,987.1216613291945,0
SRSG_conventional_hydroelectric_1_inlet,191,987.1216613291945,0
SRSG_conventional_hydroelectric_1_inlet,192,987.1216613291945,0
SRSG_conventional_hydroelectric_1_inlet,193,930.4155096313373,0
SRSG_conventional_hydroelectric_1_inlet,194,930.4155096313373,0
SRSG_conventional_hydroelectric_1_inlet,195,930.4155096313373,0
SRSG_conventional_hydroelectric_1_inlet,196,930.4155096313373,0
SRSG_conventional_hydroelectric_1_inlet,197,930.4155096313373,0
SRSG_conventional_hydroelectric_1_inlet,198,930.4155096313373,0
SRSG_conventional_hydroelectric_1_inlet,199,930.4155096313373,0
SRSG_conventional_hydroelectric_1_inlet,200,930.4155096313373,0
SRSG_conventional_hydroelectric_1_inlet,201,930.4155096313373,0
SRSG_conventional_hydroelectric_1_inlet,202,930.4155096313373,0
SRSG_conventional_hydroelectric_1_inlet,203,930.4155096313373,0
SRSG_conventional_hydroelectric_1_inlet,204,930.4155096313373,0
SRSG_conventional_hydroelectric_1_inlet,205,930.4155096313373,0
SRSG_conventional_hydroelectric_1_inlet,206,930.4155096313373,0
SRSG_conventional_hydroelectric_1_inlet,207,930.4155096313373,0
SRSG_conventional_hydroelectric_1_inlet,208,930.4155096313373,0
SRSG_conventional_hydroelectric_1_inlet,209,930.4155096313373,0
SRSG_conventional_hydroelectric_1_inlet,210,930.4155096313373,0
SRSG_conventional_hydroelectric_1_inlet,211,930.4155096313373,0
SRSG_conventional_hydroelectric_1_inlet,212,930.4155096313373,0
SRSG_conventional_hydroelectric_1_inlet,213,930.4155096313373,0
SRSG_conventional_hydroelectric_1_inlet,214,930.4155096313373,0
SRSG_conventional_hydroelectric_1_inlet,215,930.4155096313373,0
SRSG_conventional_hydroelectric_1_inlet,216,930.4155096313373,0
SRSG_conventional_hydroelectric_1_inlet,217,938.5553181479323,0
SRSG_conventional_hydroelectric_1_inlet,218,938.8200363716471,0
SRSG_conventional_hydroelectric_1_inlet,219,938.811017219233,0
SRSG_conventional_hydroelectric_1_inlet,220,938.8096657541471,0
SRSG_conventional_hydroelectric_1_inlet,221,938.8083142890612,0
SRSG_conventional_hydroelectric_1_inlet,222,938.7992951366472,0
SRSG_conventional_hydroelectric_1_inlet,223,939.0640133603621,0
SRSG_conventional_hydroelectric_1_inlet,224,939.0549942079481,0
SRSG_conventional_hydroelectric_1_inlet,225,939.045299322991,0
SRSG_conventional_hydroelectric_1_inlet,226,939.036280170577,0
SRSG_conventional_hydroelectric_1_inlet,227,939.3009983942917,0
SRSG_conventional_hydroelectric_1_inlet,228,939.2919792418777,0
SRSG_conventional_hydroelectric_1_inlet,229,939.2906277767918,0
SRSG_conventional_hydroelectric_1_inlet,230,939.2816086243778,0
SRSG_conventional_hydroelectric_1_inlet,231,939.5463268480927,0
SRSG_conventional_hydroelectric_1_inlet,232,939.5373076956787,0
SRSG_conventional_hydroelectric_1_inlet,233,939.5276128107216,0
SRSG_conventional_hydroelectric_1_inlet,234,939.5185936583076,0
SRSG_conventional_hydroelectric_1_inlet,235,939.5172421932217,0
SRSG_conventional_hydroelectric_1_inlet,236,939.7742927296086,0
SRSG_conventional_hydroelectric_1_inlet,237,939.7729412645227,0
SRSG_conventional_hydroelectric_1_inlet,238,939.7639221121086,0
SRSG_conventional_hydroelectric_1_inlet,239,939.7625706470227,0
SRSG_conventional_hydroelectric_1_inlet,240,940.0112777635385,0
SRSG_conventional_hydroelectric_1_inlet,241,951.0305421937602,0
SRSG_conventional_hydroelectric_1_inlet,242,951.0305421937602,0
SRSG_conventional_hydroelectric_1_inlet,243,951.0305421937602,0
SRSG_conventional_hydroelectric_1_inlet,244,951.0305421937602,0
SRSG_conventional_hydroelectric_1_inlet,245,951.0305421937602,0
SRSG_conventional_hydroelectric_1_inlet,246,951.0305421937602,0
SRSG_conventional_hydroelectric_1_inlet,247,951.0305421937602,0
SRSG_conventional_hydroelectric_1_inlet,248,951.0305421937602,0
SRSG_conventional_hydroelectric_1_inlet,249,951.0305421937602,0
SRSG_conventional_hydroelectric_1_inlet,250,951.0305421937602,0
SRSG_conventional_hydroelectric_1_inlet,251,951.0305421937602,0
SRSG_conventional_hydroelectric_1_inlet,252,951.0305421937602,0
SRSG_conventional_hydroelectric_1_inlet,253,951.0305421937602,0
SRSG_conventional_hydroelectric_1_inlet,254,951.0305421937602,0
SRSG_conventional_hydroelectric_1_inlet,255,951.0305421937602,0
SRSG_conventional_hydroelectric_1_inlet,256,951.0305421937602,0
SRSG_conventional_hydroelectric_1_inlet,257,951.0305421937602,0
SRSG_conventional_hydroelectric_1_inlet,258,951.0305421937602,0
SRSG_conventional_hydroelectric_1_inlet,259,951.0305421937602,0
SRSG_conventional_hydroelectric_1_inlet,260,951.0305421937602,0
SRSG_conventional_hydroelectric_1_inlet,261,951.0305421937602,0
SRSG_conventional_hydroelectric_1_inlet,262,951.0305421937602,0
SRSG_conventional_hydroelectric_1_inlet,263,951.0305421937602,0
SRSG_conventional_hydroelectric_1_inlet,264,951.0305421937602,0
SRSG_conventional_hydroelectric_1_inlet,265,948.9479532666244,0
SRSG_conventional_hydroelectric_1_inlet,266,948.9486289991676,0
SRSG_conventional_hydroelectric_1_inlet,267,948.9569724190386,0
SRSG_conventional_hydroelectric_1_inlet,268,948.9576481515813,0
SRSG_conventional_hydroelectric_1_inlet,269,948.9659915714525,0
SRSG_conventional_hydroelectric_1_inlet,270,948.9666673039955,0
SRSG_conventional_hydroelectric_1_inlet,271,948.9750107238666,0
SRSG_conventional_hydroelectric_1_inlet,272,948.9756864564094,0
SRSG_conventional_hydroelectric_1_inlet,273,948.9840298762806,0
SRSG_conventional_hydroelectric_1_inlet,274,948.9847056088236,0
SRSG_conventional_hydroelectric_1_inlet,275,948.9853813413665,0
SRSG_conventional_hydroelectric_1_inlet,276,948.9937247612376,0
SRSG_conventional_hydroelectric_1_inlet,277,948.9944004937805,0
SRSG_conventional_hydroelectric_1_inlet,278,948.9944004937805,0
SRSG_conventional_hydroelectric_1_inlet,279,948.9950762263235,0
SRSG_conventional_hydroelectric_1_inlet,280,949.0034196461945,0
SRSG_conventional_hydroelectric_1_inlet,281,949.0040953787376,0
SRSG_conventional_hydroelectric_1_inlet,282,949.0124387986086,0
SRSG_conventional_hydroelectric_1_inlet,283,948.7470448423506,0
SRSG_conventional_hydroelectric_1_inlet,284,948.7477205748937,0
SRSG_conventional_hydroelectric_1_inlet,285,948.7560639947648,0
SRSG_conventional_hydroelectric_1_inlet,286,948.7567397273077,0
SRSG_conventional_hydroelectric_1_inlet,287,948.7650831471788,0
SRSG_conventional_hydroelectric_1_inlet,288,948.7657588797218,0
SRSG_conventional_hydroelectric_1_inlet,289,946.7476554845701,0
SRSG_conventional_hydroelectric_1_inlet,290,946.7476554845701,0
SRSG_conventional_hydroelectric_1_inlet,291,946.7476554845701,0
SRSG_conventional_hydroelectric_1_inlet,292,946.7476554845701,0
SRSG_conventional_hydroelectric_1_inlet,293,946.7476554845701,0
SRSG_conventional_hydroelectric_1_inlet,294,946.7476554845701,0
SRSG_conventional_hydroelectric_1_inlet,295,946.7476554845701,0
SRSG_conventional_hydroelectric_1_inlet,296,946.7476554845701,0
SRSG_conventional_hydroelectric_1_inlet,297,946.7476554845701,0
SRSG_conventional_hydroelectric_1_inlet,298,946.7476554845701,0
SRSG_conventional_hydroelectric_1_inlet,299,946.7476554845701,0
SRSG_conventional_hydroelectric_1_inlet,300,946.7476554845701,0
SRSG_conventional_hydroelectric_1_inlet,301,946.7476554845701,0
SRSG_conventional_hydroelectric_1_inlet,302,946.7476554845701,0
SRSG_conventional_hydroelectric_1_inlet,303,946.7476554845701,0
SRSG_conventional_hydroelectric_1_inlet,304,946.7476554845701,0
SRSG_conventional_hydroelectric_1_inlet,305,946.7476554845701,0
SRSG_conventional_hydroelectric_1_inlet,306,946.7476554845701,0
SRSG_conventional_hydroelectric_1_inlet,307,946.7476554845701,0
SRSG_conventional_hydroelectric_1_inlet,308,946.7476554845701,0
SRSG_conventional_hydroelectric_1_inlet,309,946.7476554845701,0
SRSG_conventional_hydroelectric_1_inlet,310,946.7476554845701,0
SRSG_conventional_hydroelectric_1_inlet,311,946.7476554845701,0
SRSG_conventional_hydroelectric_1_inlet,312,946.7476554845701,0
SRSG_conventional_hydroelectric_1_inlet,313,931.7380683807488,0
SRSG_conventional_hydroelectric_1_inlet,314,931.6983784790226,0
SRSG_conventional_hydroelectric_1_inlet,315,931.4009623083666,0
SRSG_conventional_hydroelectric_1_inlet,316,931.0952027178395,0
SRSG_conventional_hydroelectric_1_inlet,317,931.0638562359842,0
SRSG_conventional_hydroelectric_1_inlet,318,930.758096645457,0
SRSG_conventional_hydroelectric_1_inlet,319,930.468348162129,0
SRSG_conventional_hydroelectric_1_inlet,320,930.4286582604028,0
SRSG_conventional_hydroelectric_1_inlet,321,930.1312420897465,0
SRSG_conventional_hydroelectric_1_inlet,322,929.8254824992193,0
SRSG_conventional_hydroelectric_1_inlet,323,929.7941360173643,0
SRSG_conventional_hydroelectric_1_inlet,324,929.4883764268371,0
SRSG_conventional_hydroelectric_1_inlet,325,929.1986279435091,0
SRSG_conventional_hydroelectric_1_inlet,326,929.1589380417829,0
SRSG_conventional_hydroelectric_1_inlet,327,928.8615218711269,0
SRSG_conventional_hydroelectric_1_inlet,328,928.8218319694007,0
SRSG_conventional_hydroelectric_1_inlet,329,928.5244157987444,0
SRSG_conventional_hydroelectric_1_inlet,330,928.2186562082172,0
SRSG_conventional_hydroelectric_1_inlet,331,928.1873097263622,0
SRSG_conventional_hydroelectric_1_inlet,332,927.897561243034,0
SRSG_conventional_hydroelectric_1_inlet,333,927.591801652507,0
SRSG_conventional_hydroelectric_1_inlet,334,927.5604551706516,0
SRSG_conventional_hydroelectric_1_inlet,335,927.2546955801246,0
SRSG_conventional_hydroelectric_1_inlet,336,926.9572794094682,0
SRSG_conventional_hydroelectric_1_inlet,337,897.4932476414117,0
SRSG_conventional_hydroelectric_1_inlet,338,897.1958314707557,0
SRSG_conventional_hydroelectric_1_inlet,339,896.8900718802287,0
SRSG_conventional_hydroelectric_1_inlet,340,896.8587253983735,0
SRSG_conventional_hydroelectric_1_inlet,341,896.5529658078462,0
SRSG_conventional_hydroelectric_1_inlet,342,896.2555496371901,0
SRSG_conventional_hydroelectric_1_inlet,343,896.2158597354639,0
SRSG_conventional_hydroelectric_1_inlet,344,895.9261112521358,0
SRSG_conventional_hydroelectric_1_inlet,345,895.8864213504096,0
SRSG_conventional_hydroelectric_1_inlet,346,895.5890051797534,0
SRSG_conventional_hydroelectric_1_inlet,347,895.2832455892263,0
SRSG_conventional_hydroelectric_1_inlet,348,895.2518991073711,0
SRSG_conventional_hydroelectric_1_inlet,349,894.946139516844,0
SRSG_conventional_hydroelectric_1_inlet,350,894.6487233461878,0
SRSG_conventional_hydroelectric_1_inlet,351,894.6167011317895,0
SRSG_conventional_hydroelectric_1_inlet,352,894.3192849611335,0
SRSG_conventional_hydroelectric_1_inlet,353,894.0135253706064,0
SRSG_conventional_hydroelectric_1_inlet,354,893.9821788887513,0
SRSG_conventional_hydroelectric_1_inlet,355,893.6764192982241,0
SRSG_conventional_hydroelectric_1_inlet,356,893.6450728163688,0
SRSG_conventional_hydroelectric_1_inlet,357,893.3393132258417,0
SRSG_conventional_hydroelectric_1_inlet,358,893.0495647425136,0
SRSG_conventional_hydroelectric_1_inlet,359,893.0098748407873,0
SRSG_conventional_hydroelectric_1_inlet,360,892.7124586701314,0
SRSG_conventional_hydroelectric_1_inlet,361,763.0105524158688,0
SRSG_conventional_hydroelectric_1_inlet,362,762.4387231365407,0
SRSG_conventional_hydroelectric_1_inlet,363,761.8668938572127,0
SRSG_conventional_hydroelectric_1_inlet,364,761.3027322652126,0
SRSG_conventional_hydroelectric_1_inlet,365,760.4564898772127,0
SRSG_conventional_hydroelectric_1_inlet,366,759.8846605978847,0
SRSG_conventional_hydroelectric_1_inlet,367,759.3128313185566,0
SRSG_conventional_hydroelectric_1_inlet,368,758.7486697265566,0
SRSG_conventional_hydroelectric_1_inlet,369,757.9107707584277,0
SRSG_conventional_hydroelectric_1_inlet,370,757.3389414790995,0
SRSG_conventional_hydroelectric_1_inlet,371,756.7671121997716,0
SRSG_conventional_hydroelectric_1_inlet,372,756.1952829204436,0
SRSG_conventional_hydroelectric_1_inlet,373,755.3650516396426,0
SRSG_conventional_hydroelectric_1_inlet,374,754.7932223603145,0
SRSG_conventional_hydroelectric_1_inlet,375,754.2213930809863,0
SRSG_conventional_hydroelectric_1_inlet,376,753.6495638016584,0
SRSG_conventional_hydroelectric_1_inlet,377,752.8116648335294,0
SRSG_conventional_hydroelectric_1_inlet,378,752.2475032415294,0
SRSG_conventional_hydroelectric_1_inlet,379,751.6756739622014,0
SRSG_conventional_hydroelectric_1_inlet,380,751.0955012630025,0
SRSG_conventional_hydroelectric_1_inlet,381,750.2576022948733,0
SRSG_conventional_hydroelectric_1_inlet,382,749.6934407028733,0
SRSG_conventional_hydroelectric_1_inlet,383,749.1216114235452,0
SRSG_conventional_hydroelectric_1_inlet,384,748.5497821442173,0
SRSG_conventional_hydroelectric_1_inlet,385,671.5089611930566,0
SRSG_conventional_hydroelectric_1_inlet,386,670.9371319137284,0
SRSG_conventional_hydroelectric_1_inlet,387,670.0992329455995,0
SRSG_conventional_hydroelectric_1_inlet,388,669.5274036662714,0
SRSG_conventional_hydroelectric_1_inlet,389,668.9632420742715,0
SRSG_conventional_hydroelectric_1_inlet,390,668.3914127949434,0
SRSG_conventional_hydroelectric_1_inlet,391,667.5535138268145,0
SRSG_conventional_hydroelectric_1_inlet,392,666.9816845474865,0
SRSG_conventional_hydroelectric_1_inlet,393,666.4175229554864,0
SRSG_conventional_hydroelectric_1_inlet,394,665.8373502562873,0
SRSG_conventional_hydroelectric_1_inlet,395,664.9994512881584,0
SRSG_conventional_hydroelectric_1_inlet,396,664.4276220088303,0
SRSG_conventional_hydroelectric_1_inlet,397,663.8557927295022,0
SRSG_conventional_hydroelectric_1_inlet,398,663.2916311375022,0
SRSG_conventional_hydroelectric_1_inlet,399,662.4537321693732,0
SRSG_conventional_hydroelectric_1_inlet,400,661.8819028900452,0
SRSG_conventional_hydroelectric_1_inlet,401,661.3100736107173,0
SRSG_conventional_hydroelectric_1_inlet,402,660.7382443313891,0
SRSG_conventional_hydroelectric_1_inlet,403,659.9080130505882,0
SRSG_conventional_hydroelectric_1_inlet,404,659.3361837712603,0
SRSG_conventional_hydroelectric_1_inlet,405,658.7643544919322,0
SRSG_conventional_hydroelectric_1_inlet,406,658.1925252126041,0
SRSG_conventional_hydroelectric_1_inlet,407,657.3622939318032,0
SRSG_conventional_hydroelectric_1_inlet,408,656.7904646524752,0
SRSG_conventional_hydroelectric_1_inlet,409,637.8024177352534,0
SRSG_conventional_hydroelectric_1_inlet,410,637.8024177352534,0
SRSG_conventional_hydroelectric_1_inlet,411,637.8024177352534,0
SRSG_conventional_hydroelectric_1_inlet,412,637.8024177352534,0
SRSG_conventional_hydroelectric_1_inlet,413,637.8024177352534,0
SRSG_conventional_hydroelectric_1_inlet,414,637.8024177352534,0
SRSG_conventional_hydroelectric_1_inlet,415,637.8024177352534,0
SRSG_conventional_hydroelectric_1_inlet,416,637.8024177352534,0
SRSG_conventional_hydroelectric_1_inlet,417,637.8024177352534,0
SRSG_conventional_hydroelectric_1_inlet,418,637.8024177352534,0
SRSG_conventional_hydroelectric_1_inlet,419,637.8024177352534,0
SRSG_conventional_hydroelectric_1_inlet,420,637.8024177352534,0
SRSG_conventional_hydroelectric_1_inlet,421,637.8024177352534,0
SRSG_conventional_hydroelectric_1_inlet,422,637.8024177352534,0
SRSG_conventional_hydroelectric_1_inlet,423,637.8024177352534,0
SRSG_conventional_hydroelectric_1_inlet,424,637.8024177352534,0
SRSG_conventional_hydroelectric_1_inlet,425,637.8024177352534,0
SRSG_conventional_hydroelectric_1_inlet,426,637.8024177352534,0
SRSG_conventional_hydroelectric_1_inlet,427,637.8024177352534,0
SRSG_conventional_hydroelectric_1_inlet,428,637.8024177352534,0
SRSG_conventional_hydroelectric_1_inlet,429,637.8024177352534,0
SRSG_conventional_hydroelectric_1_inlet,430,637.8024177352534,0
SRSG_conventional_hydroelectric_1_inlet,431,637.8024177352534,0
SRSG_conventional_hydroelectric_1_inlet,432,637.8024177352534,0
SRSG_conventional_hydroelectric_1_inlet,433,533.9308947360543,0
SRSG_conventional_hydroelectric_1_inlet,434,533.6321271003122,0
SRSG_conventional_hydroelectric_1_inlet,435,533.3256917772421,0
SRSG_conventional_hydroelectric_1_inlet,436,533.019256454172,0
SRSG_conventional_hydroelectric_1_inlet,437,532.454419129629,0
SRSG_conventional_hydroelectric_1_inlet,438,532.1479838065588,0
SRSG_conventional_hydroelectric_1_inlet,439,531.8415484834886,0
SRSG_conventional_hydroelectric_1_inlet,440,531.5427808477467,0
SRSG_conventional_hydroelectric_1_inlet,441,531.2363455246766,0
SRSG_conventional_hydroelectric_1_inlet,442,530.6638405128055,0
SRSG_conventional_hydroelectric_1_inlet,443,530.3650728770633,0
SRSG_conventional_hydroelectric_1_inlet,444,530.0586375539932,0
SRSG_conventional_hydroelectric_1_inlet,445,529.7522022309231,0
SRSG_conventional_hydroelectric_1_inlet,446,529.1873649063803,0
SRSG_conventional_hydroelectric_1_inlet,447,528.8809295833099,0
SRSG_conventional_hydroelectric_1_inlet,448,528.5744942602398,0
SRSG_conventional_hydroelectric_1_inlet,449,528.2757266244978,0
SRSG_conventional_hydroelectric_1_inlet,450,527.7032216126269,0
SRSG_conventional_hydroelectric_1_inlet,451,527.4044539768846,0
SRSG_conventional_hydroelectric_1_inlet,452,527.0980186538145,0
SRSG_conventional_hydroelectric_1_inlet,453,526.7915833307443,0
SRSG_conventional_hydroelectric_1_inlet,454,526.2267460062014,0
SRSG_conventional_hydroelectric_1_inlet,455,525.9203106831312,0
SRSG_conventional_hydroelectric_1_inlet,456,525.6138753600611,0
SRSG_conventional_hydroelectric_1_inlet,457,503.6471149267873,0
SRSG_conventional_hydroelectric_1_inlet,458,503.6471149267873,0
SRSG_conventional_hydroelectric_1_inlet,459,503.6471149267873,0
SRSG_conventional_hydroelectric_1_inlet,460,503.6471149267873,0
SRSG_conventional_hydroelectric_1_inlet,461,503.6471149267873,0
SRSG_conventional_hydroelectric_1_inlet,462,503.6471149267873,0
SRSG_conventional_hydroelectric_1_inlet,463,503.6471149267873,0
SRSG_conventional_hydroelectric_1_inlet,464,503.6471149267873,0
SRSG_conventional_hydroelectric_1_inlet,465,503.6471149267873,0
SRSG_conventional_hydroelectric_1_inlet,466,503.6471149267873,0
SRSG_conventional_hydroelectric_1_inlet,467,503.6471149267873,0
SRSG_conventional_hydroelectric_1_inlet,468,503.6471149267873,0
SRSG_conventional_hydroelectric_1_inlet,469,503.6471149267873,0
SRSG_conventional_hydroelectric_1_inlet,470,503.6471149267873,0
SRSG_conventional_hydroelectric_1_inlet,471,503.6471149267873,0
SRSG_conventional_hydroelectric_1_inlet,472,503.6471149267873,0
SRSG_conventional_hydroelectric_1_inlet,473,503.6471149267873,0
SRSG_conventional_hydroelectric_1_inlet,474,503.6471149267873,0
SRSG_conventional_hydroelectric_1_inlet,475,503.6471149267873,0
SRSG_conventional_hydroelectric_1_inlet,476,503.6471149267873,0
SRSG_conventional_hydroelectric_1_inlet,477,503.6471149267873,0
SRSG_conventional_hydroelectric_1_inlet,478,503.6471149267873,0
SRSG_conventional_hydroelectric_1_inlet,479,503.6471149267873,0
SRSG_conventional_hydroelectric_1_inlet,480,503.6471149267873,0
SRSG_conventional_hydroelectric_1_inlet,481,710.4570869054118,0
SRSG_conventional_hydroelectric_1_inlet,482,710.4570869054118,0
SRSG_conventional_hydroelectric_1_inlet,483,710.4570869054118,0
SRSG_conventional_hydroelectric_1_inlet,484,710.4570869054118,0
SRSG_conventional_hydroelectric_1_inlet,485,710.4570869054118,0
SRSG_conventional_hydroelectric_1_inlet,486,710.4570869054118,0
SRSG_conventional_hydroelectric_1_inlet,487,710.4570869054118,0
SRSG_conventional_hydroelectric_1_inlet,488,710.4570869054118,0
SRSG_conventional_hydroelectric_1_inlet,489,710.4570869054118,0
SRSG_conventional_hydroelectric_1_inlet,490,710.4570869054118,0
SRSG_conventional_hydroelectric_1_inlet,491,710.4570869054118,0
SRSG_conventional_hydroelectric_1_inlet,492,710.4570869054118,0
SRSG_conventional_hydroelectric_1_inlet,493,710.4570869054118,0
SRSG_conventional_hydroelectric_1_inlet,494,710.4570869054118,0
SRSG_conventional_hydroelectric_1_inlet,495,710.4570869054118,0
SRSG_conventional_hydroelectric_1_inlet,496,710.4570869054118,0
SRSG_conventional_hydroelectric_1_inlet,497,710.4570869054118,0
SRSG_conventional_hydroelectric_1_inlet,498,710.4570869054118,0
SRSG_conventional_hydroelectric_1_inlet,499,710.4570869054118,0
SRSG_conventional_hydroelectric_1_inlet,500,710.4570869054118,0
SRSG_conventional_hydroelectric_1_inlet,501,710.4570869054118,0
SRSG_conventional_hydroelectric_1_inlet,502,710.4570869054118,0
SRSG_conventional_hydroelectric_1_inlet,503,710.4570869054118,0
SRSG_conventional_hydroelectric_1_inlet,504,710.4570869054118,0
SRSG_conventional_hydroelectric_1_inlet,505,689.8739451649479,0
SRSG_conventional_hydroelectric_1_inlet,506,689.6329057357601,0
SRSG_conventional_hydroelectric_1_inlet,507,689.3911905740295,0
SRSG_conventional_hydroelectric_1_inlet,508,689.4162208336426,0
SRSG_conventional_hydroelectric_1_inlet,509,689.1745056719119,0
SRSG_conventional_hydroelectric_1_inlet,510,688.941133930052,0
SRSG_conventional_hydroelectric_1_inlet,511,688.9578207697941,0
SRSG_conventional_hydroelectric_1_inlet,512,688.7161056080635,0
SRSG_conventional_hydroelectric_1_inlet,513,688.4750661788756,0
SRSG_conventional_hydroelectric_1_inlet,514,688.4994207059457,0
SRSG_conventional_hydroelectric_1_inlet,515,688.258381276758,0
SRSG_conventional_hydroelectric_1_inlet,516,688.2827358038281,0
SRSG_conventional_hydroelectric_1_inlet,517,688.0333529547693,0
SRSG_conventional_hydroelectric_1_inlet,518,687.7999812129095,0
SRSG_conventional_hydroelectric_1_inlet,519,687.8166680526516,0
SRSG_conventional_hydroelectric_1_inlet,520,687.5832963107919,0
SRSG_conventional_hydroelectric_1_inlet,521,687.333913461733,0
SRSG_conventional_hydroelectric_1_inlet,522,687.3666114086742,0
SRSG_conventional_hydroelectric_1_inlet,523,687.1172285596153,0
SRSG_conventional_hydroelectric_1_inlet,524,686.8755133978847,0
SRSG_conventional_hydroelectric_1_inlet,525,686.9005436574978,0
SRSG_conventional_hydroelectric_1_inlet,526,686.658828495767,0
SRSG_conventional_hydroelectric_1_inlet,527,686.4254567539073,0
SRSG_conventional_hydroelectric_1_inlet,528,686.4421435936493,0
SRSG_conventional_hydroelectric_1_inlet,529,656.0046346308529,0
SRSG_conventional_hydroelectric_1_inlet,530,656.0046346308529,0
SRSG_conventional_hydroelectric_1_inlet,531,656.0046346308529,0
SRSG_conventional_hydroelectric_1_inlet,532,656.0046346308529,0
SRSG_conventional_hydroelectric_1_inlet,533,656.0046346308529,0
SRSG_conventional_hydroelectric_1_inlet,534,656.0046346308529,0
SRSG_conventional_hydroelectric_1_inlet,535,656.0046346308529,0
SRSG_conventional_hydroelectric_1_inlet,536,656.0046346308529,0
SRSG_conventional_hydroelectric_1_inlet,537,656.0046346308529,0
SRSG_conventional_hydroelectric_1_inlet,538,656.0046346308529,0
SRSG_conventional_hydroelectric_1_inlet,539,656.0046346308529,0
SRSG_conventional_hydroelectric_1_inlet,540,656.0046346308529,0
SRSG_conventional_hydroelectric_1_inlet,541,656.0046346308529,0
SRSG_conventional_hydroelectric_1_inlet,542,656.0046346308529,0
SRSG_conventional_hydroelectric_1_inlet,543,656.0046346308529,0
SRSG_conventional_hydroelectric_1_inlet,544,656.0046346308529,0
SRSG_conventional_hydroelectric_1_inlet,545,656.0046346308529,0
SRSG_conventional_hydroelectric_1_inlet,546,656.0046346308529,0
SRSG_conventional_hydroelectric_1_inlet,547,656.0046346308529,0
SRSG_conventional_hydroelectric_1_inlet,548,656.0046346308529,0
SRSG_conventional_hydroelectric_1_inlet,549,656.0046346308529,0
SRSG_conventional_hydroelectric_1_inlet,550,656.0046346308529,0
SRSG_conventional_hydroelectric_1_inlet,551,656.0046346308529,0
SRSG_conventional_hydroelectric_1_inlet,552,656.0046346308529,0
SRSG_conventional_hydroelectric_1_inlet,553,718.1413672214661,0
SRSG_conventional_hydroelectric_1_inlet,554,718.9145460282558,0
SRSG_conventional_hydroelectric_1_inlet,555,719.4056440390453,0
SRSG_conventional_hydroelectric_1_inlet,556,720.1788228458349,0
SRSG_conventional_hydroelectric_1_inlet,557,720.9359905454254,0
SRSG_conventional_hydroelectric_1_inlet,558,721.443099663414,0
SRSG_conventional_hydroelectric_1_inlet,559,722.2086107828754,0
SRSG_conventional_hydroelectric_1_inlet,560,722.7073764809933,0
SRSG_conventional_hydroelectric_1_inlet,561,723.4805552877829,0
SRSG_conventional_hydroelectric_1_inlet,562,723.9799967184437,0
SRSG_conventional_hydroelectric_1_inlet,563,724.7448321053621,0
SRSG_conventional_hydroelectric_1_inlet,564,725.2442735360227,0
SRSG_conventional_hydroelectric_1_inlet,565,726.0091089229411,0
SRSG_conventional_hydroelectric_1_inlet,566,726.5085503536019,0
SRSG_conventional_hydroelectric_1_inlet,567,727.2817291603913,0
SRSG_conventional_hydroelectric_1_inlet,568,727.7804948585092,0
SRSG_conventional_hydroelectric_1_inlet,569,728.5460059779706,0
SRSG_conventional_hydroelectric_1_inlet,570,729.0531150959594,0
SRSG_conventional_hydroelectric_1_inlet,571,729.8102827955497,0
SRSG_conventional_hydroelectric_1_inlet,572,730.3173919135386,0
SRSG_conventional_hydroelectric_1_inlet,573,731.082903033,0
SRSG_conventional_hydroelectric_1_inlet,574,731.8477384199186,0
SRSG_conventional_hydroelectric_1_inlet,575,732.3548475379072,0
SRSG_conventional_hydroelectric_1_inlet,576,733.1120152374978,0
TRE_conventional_hydroelectric_1_inlet,1,11.971885859999999,0
TRE_conventional_hydroelectric_1_inlet,2,11.92261884,0
TRE_conventional_hydroelectric_1_inlet,3,11.92261884,0
TRE_conventional_hydroelectric_1_inlet,4,11.87335182,0
TRE_conventional_hydroelectric_1_inlet,5,11.824084800000001,0
TRE_conventional_hydroelectric_1_inlet,6,11.77481778,0
TRE_conventional_hydroelectric_1_inlet,7,11.77481778,0
TRE_conventional_hydroelectric_1_inlet,8,11.72555076,0
TRE_conventional_hydroelectric_1_inlet,9,11.676283739999999,0
TRE_conventional_hydroelectric_1_inlet,10,11.676283739999999,0
TRE_conventional_hydroelectric_1_inlet,11,11.62701672,0
TRE_conventional_hydroelectric_1_inlet,12,11.5777497,0
TRE_conventional_hydroelectric_1_inlet,13,11.5777497,0
TRE_conventional_hydroelectric_1_inlet,14,11.52848268,0
TRE_conventional_hydroelectric_1_inlet,15,11.479215660000001,0
TRE_conventional_hydroelectric_1_inlet,16,11.42994864,0
TRE_conventional_hydroelectric_1_inlet,17,11.42994864,0
TRE_conventional_hydroelectric_1_inlet,18,11.380681619999999,0
TRE_conventional_hydroelectric_1_inlet,19,11.3314146,0
TRE_conventional_hydroelectric_1_inlet,20,11.3314146,0
TRE_conventional_hydroelectric_1_inlet,21,11.28214758,0
TRE_conventional_hydroelectric_1_inlet,22,11.232880560000002,0
TRE_conventional_hydroelectric_1_inlet,23,11.232880560000002,0
TRE_conventional_hydroelectric_1_inlet,24,11.18361354,0
TRE_conventional_hydroelectric_1_inlet,25,2.8082201400000004,0
TRE_conventional_hydroelectric_1_inlet,26,2.8082201400000004,0
TRE_conventional_hydroelectric_1_inlet,27,2.75895312,0
TRE_conventional_hydroelectric_1_inlet,28,2.7096861,0
TRE_conventional_hydroelectric_1_inlet,29,2.7096861,0
TRE_conventional_hydroelectric_1_inlet,30,2.6604190800000005,0
TRE_conventional_hydroelectric_1_inlet,31,2.6604190800000005,0
TRE_conventional_hydroelectric_1_inlet,32,2.61115206,0
TRE_conventional_hydroelectric_1_inlet,33,2.56188504,0
TRE_conventional_hydroelectric_1_inlet,34,2.56188504,0
TRE_conventional_hydroelectric_1_inlet,35,2.5126180200000006,0
TRE_conventional_hydroelectric_1_inlet,36,2.4633510000000003,0
TRE_conventional_hydroelectric_1_inlet,37,2.4633510000000003,0
TRE_conventional_hydroelectric_1_inlet,38,2.41408398,0
TRE_conventional_hydroelectric_1_inlet,39,2.3648169599999997,0
TRE_conventional_hydroelectric_1_inlet,40,2.3648169599999997,0
TRE_conventional_hydroelectric_1_inlet,41,2.3155499400000004,0
TRE_conventional_hydroelectric_1_inlet,42,2.26628292,0
TRE_conventional_hydroelectric_1_inlet,43,2.26628292,0
TRE_conventional_hydroelectric_1_inlet,44,2.2170159,0
TRE_conventional_hydroelectric_1_inlet,45,2.1677488800000004,0
TRE_conventional_hydroelectric_1_inlet,46,2.1677488800000004,0
TRE_conventional_hydroelectric_1_inlet,47,2.11848186,0
TRE_conventional_hydroelectric_1_inlet,48,2.11848186,0
TRE_conventional_hydroelectric_1_inlet,49,0.0,0
TRE_conventional_hydroelectric_1_inlet,50,0.0,0
TRE_conventional_hydroelectric_1_inlet,51,0.0,0
TRE_conventional_hydroelectric_1_inlet,52,0.0,0
TRE_conventional_hydroelectric_1_inlet,53,0.0,0
TRE_conventional_hydroelectric_1_inlet,54,0.0,0
TRE_conventional_hydroelectric_1_inlet,55,0.0,0
TRE_conventional_hydroelectric_1_inlet,56,0.0,0
TRE_conventional_hydroelectric_1_inlet,57,0.0,0
TRE_conventional_hydroelectric_1_inlet,58,0.0,0
TRE_conventional_hydroelectric_1_inlet,59,0.0,0
TRE_conventional_hydroelectric_1_inlet,60,0.0,0
TRE_conventional_hydroelectric_1_inlet,61,0.0,0
TRE_conventional_hydroelectric_1_inlet,62,0.0,0
TRE_conventional_hydroelectric_1_inlet,63,0.0,0
TRE_conventional_hydroelectric_1_inlet,64,0.0,0
TRE_conventional_hydroelectric_1_inlet,65,0.0,0
TRE_conventional_hydroelectric_1_inlet,66,0.0,0
TRE_conventional_hydroelectric_1_inlet,67,0.0,0
TRE_conventional_hydroelectric_1_inlet,68,0.0,0
TRE_conventional_hydroelectric_1_inlet,69,0.0,0
TRE_conventional_hydroelectric_1_inlet,70,0.0,0
TRE_conventional_hydroelectric_1_inlet,71,0.0,0
TRE_conventional_hydroelectric_1_inlet,72,0.0,0
TRE_conventional_hydroelectric_1_inlet,73,0.0,0
TRE_conventional_hydroelectric_1_inlet,74,0.0,0
TRE_conventional_hydroelectric_1_inlet,75,0.0,0
TRE_conventional_hydroelectric_1_inlet,76,0.0,0
TRE_conventional_hydroelectric_1_inlet,77,0.0,0
TRE_conventional_hydroelectric_1_inlet,78,0.0,0
TRE_conventional_hydroelectric_1_inlet,79,0.0,0
TRE_conventional_hydroelectric_1_inlet,80,0.0,0
TRE_conventional_hydroelectric_1_inlet,81,0.0,0
TRE_conventional_hydroelectric_1_inlet,82,0.0,0
TRE_conventional_hydroelectric_1_inlet,83,0.0,0
TRE_conventional_hydroelectric_1_inlet,84,0.0,0
TRE_conventional_hydroelectric_1_inlet,85,0.0,0
TRE_conventional_hydroelectric_1_inlet,86,0.0,0
TRE_conventional_hydroelectric_1_inlet,87,0.0,0
TRE_conventional_hydroelectric_1_inlet,88,0.0,0
TRE_conventional_hydroelectric_1_inlet,89,0.0,0
TRE_conventional_hydroelectric_1_inlet,90,0.0,0
TRE_conventional_hydroelectric_1_inlet,91,0.0,0
TRE_conventional_hydroelectric_1_inlet,92,0.0,0
TRE_conventional_hydroelectric_1_inlet,93,0.0,0
TRE_conventional_hydroelectric_1_inlet,94,0.0,0
TRE_conventional_hydroelectric_1_inlet,95,0.0,0
TRE_conventional_hydroelectric_1_inlet,96,0.0,0
TRE_conventional_hydroelectric_1_inlet,97,88.28649984,0
TRE_conventional_hydroelectric_1_inlet,98,88.58210196,0
TRE_conventional_hydroelectric_1_inlet,99,88.87770408,0
TRE_conventional_hydroelectric_1_inlet,100,89.1733062,0
TRE_conventional_hydroelectric_1_inlet,101,89.51817534,0
TRE_conventional_hydroelectric_1_inlet,102,89.81377746,0
TRE_conventional_hydroelectric_1_inlet,103,90.10937958,0
TRE_conventional_hydroelectric_1_inlet,104,90.4049817,0
TRE_conventional_hydroelectric_1_inlet,105,90.70058382,0
TRE_conventional_hydroelectric_1_inlet,106,91.04545295999999,0
TRE_conventional_hydroelectric_1_inlet,107,91.34105508,0
TRE_conventional_hydroelectric_1_inlet,108,91.6366572,0
TRE_conventional_hydroelectric_1_inlet,109,91.93225932,0
TRE_conventional_hydroelectric_1_inlet,110,92.27712846,0
TRE_conventional_hydroelectric_1_inlet,111,92.57273058000001,0
TRE_conventional_hydroelectric_1_inlet,112,92.8683327,0
TRE_conventional_hydroelectric_1_inlet,113,93.16393482,0
TRE_conventional_hydroelectric_1_inlet,114,93.45953693999999,0
TRE_conventional_hydroelectric_1_inlet,115,93.80440608,0
TRE_conventional_hydroelectric_1_inlet,116,94.10000819999999,0
TRE_conventional_hydroelectric_1_inlet,117,94.39561031999999,0
TRE_conventional_hydroelectric_1_inlet,118,94.69121244000002,0
TRE_conventional_hydroelectric_1_inlet,119,95.03608157999999,0
TRE_conventional_hydroelectric_1_inlet,120,95.33168370000001,0
TRE_conventional_hydroelectric_1_inlet,121,106.36749618,0
TRE_conventional_hydroelectric_1_inlet,122,106.36749618,0
TRE_conventional_hydroelectric_1_inlet,123,106.36749618,0
TRE_conventional_hydroelectric_1_inlet,124,106.36749618,0
TRE_conventional_hydroelectric_1_inlet,125,106.36749618,0
TRE_conventional_hydroelectric_1_inlet,126,106.36749618,0
TRE_conventional_hydroelectric_1_inlet,127,106.36749618,0
TRE_conventional_hydroelectric_1_inlet,128,106.36749618,0
TRE_conventional_hydroelectric_1_inlet,129,106.36749618,0
TRE_conventional_hydroelectric_1_inlet,130,106.36749618,0
TRE_conventional_hydroelectric_1_inlet,131,106.36749618,0
TRE_conventional_hydroelectric_1_inlet,132,106.36749618,0
TRE_conventional_hydroelectric_1_inlet,133,106.36749618,0
TRE_conventional_hydroelectric_1_inlet,134,106.36749618,0
TRE_conventional_hydroelectric_1_inlet,135,106.36749618,0
TRE_conventional_hydroelectric_1_inlet,136,106.36749618,0
TRE_conventional_hydroelectric_1_inlet,137,106.36749618,0
TRE_conventional_hydroelectric_1_inlet,138,106.36749618,0
TRE_conventional_hydroelectric_1_inlet,139,106.36749618,0
TRE_conventional_hydroelectric_1_inlet,140,106.36749618,0
TRE_conventional_hydroelectric_1_inlet,141,106.36749618,0
TRE_conventional_hydroelectric_1_inlet,142,106.36749618,0
TRE_conventional_hydroelectric_1_inlet,143,106.36749618,0
TRE_conventional_hydroelectric_1_inlet,144,106.36749618,0
TRE_conventional_hydroelectric_1_inlet,145,124.3992255,0
TRE_conventional_hydroelectric_1_inlet,146,124.49775953999999,0
TRE_conventional_hydroelectric_1_inlet,147,124.54702656,0
TRE_conventional_hydroelectric_1_inlet,148,124.64556060000001,0
TRE_conventional_hydroelectric_1_inlet,149,124.74409464,0
TRE_conventional_hydroelectric_1_inlet,150,124.79336166000002,0
TRE_conventional_hydroelectric_1_inlet,151,124.8918957,0
TRE_conventional_hydroelectric_1_inlet,152,124.94116272000001,0
TRE_conventional_hydroelectric_1_inlet,153,125.03969676000003,0
TRE_conventional_hydroelectric_1_inlet,154,125.08896378000001,0
TRE_conventional_hydroelectric_1_inlet,155,125.18749782,0
TRE_conventional_hydroelectric_1_inlet,156,125.23676483999998,0
TRE_conventional_hydroelectric_1_inlet,157,125.33529888,0
TRE_conventional_hydroelectric_1_inlet,158,125.3845659,0
TRE_conventional_hydroelectric_1_inlet,159,125.48309993999999,0
TRE_conventional_hydroelectric_1_inlet,160,125.53236696,0
TRE_conventional_hydroelectric_1_inlet,161,125.630901,0
TRE_conventional_hydroelectric_1_inlet,162,125.68016802,0
TRE_conventional_hydroelectric_1_inlet,163,125.77870206000001,0
TRE_conventional_hydroelectric_1_inlet,164,125.82796908,0
TRE_conventional_hydroelectric_1_inlet,165,125.92650311999999,0
TRE_conventional_hydroelectric_1_inlet,166,125.97577014,0
TRE_conventional_hydroelectric_1_inlet,167,126.07430418000001,0
TRE_conventional_hydroelectric_1_inlet,168,126.1235712,0
TRE_conventional_hydroelectric_1_inlet,169,133.80922632,0
TRE_conventional_hydroelectric_1_inlet,170,133.80922632,0
TRE_conventional_hydroelectric_1_inlet,171,133.80922632,0
TRE_conventional_hydroelectric_1_inlet,172,133.80922632,0
TRE_conventional_hydroelectric_1_inlet,173,133.80922632,0
TRE_conventional_hydroelectric_1_inlet,174,133.80922632,0
TRE_conventional_hydroelectric_1_inlet,175,133.80922632,0
TRE_conventional_hydroelectric_1_inlet,176,133.80922632,0
TRE_conventional_hydroelectric_1_inlet,177,133.80922632,0
TRE_conventional_hydroelectric_1_inlet,178,133.80922632,0
TRE_conventional_hydroelectric_1_inlet,179,133.80922632,0
TRE_conventional_hydroelectric_1_inlet,180,133.80922632,0
TRE_conventional_hydroelectric_1_inlet,181,133.80922632,0
TRE_conventional_hydroelectric_1_inlet,182,133.80922632,0
TRE_conventional_hydroelectric_1_inlet,183,133.80922632,0
TRE_conventional_hydroelectric_1_inlet,184,133.80922632,0
TRE_conventional_hydroelectric_1_inlet,185,133.80922632,0
TRE_conventional_hydroelectric_1_inlet,186,133.80922632,0
TRE_conventional_hydroelectric_1_inlet,187,133.80922632,0
TRE_conventional_hydroelectric_1_inlet,188,133.80922632,0
TRE_conventional_hydroelectric_1_inlet,189,133.80922632,0
TRE_conventional_hydroelectric_1_inlet,190,133.80922632,0
TRE_conventional_hydroelectric_1_inlet,191,133.80922632,0
TRE_conventional_hydroelectric_1_inlet,192,133.80922632,0
TRE_conventional_hydroelectric_1_inlet,193,58.72628784,0
TRE_conventional_hydroelectric_1_inlet,194,58.72628784,0
TRE_conventional_hydroelectric_1_inlet,195,58.72628784,0
TRE_conventional_hydroelectric_1_inlet,196,58.72628784,0
TRE_conventional_hydroelectric_1_inlet,197,58.72628784,0
TRE_conventional_hydroelectric_1_inlet,198,58.72628784,0
TRE_conventional_hydroelectric_1_inlet,199,58.72628784,0
TRE_conventional_hydroelectric_1_inlet,200,58.72628784,0
TRE_conventional_hydroelectric_1_inlet,201,58.72628784,0
TRE_conventional_hydroelectric_1_inlet,202,58.72628784,0
TRE_conventional_hydroelectric_1_inlet,203,58.72628784,0
TRE_conventional_hydroelectric_1_inlet,204,58.72628784,0
TRE_conventional_hydroelectric_1_inlet,205,58.72628784,0
TRE_conventional_hydroelectric_1_inlet,206,58.72628784,0
TRE_conventional_hydroelectric_1_inlet,207,58.72628784,0
TRE_conventional_hydroelectric_1_inlet,208,58.72628784,0
TRE_conventional_hydroelectric_1_inlet,209,58.72628784,0
TRE_conventional_hydroelectric_1_inlet,210,58.72628784,0
TRE_conventional_hydroelectric_1_inlet,211,58.72628784,0
TRE_conventional_hydroelectric_1_inlet,212,58.72628784,0
TRE_conventional_hydroelectric_1_inlet,213,58.72628784,0
TRE_conventional_hydroelectric_1_inlet,214,58.72628784,0
TRE_conventional_hydroelectric_1_inlet,215,58.72628784,0
TRE_conventional_hydroelectric_1_inlet,216,58.72628784,0
TRE_conventional_hydroelectric_1_inlet,217,56.4107379,0
TRE_conventional_hydroelectric_1_inlet,218,56.36147088,0
TRE_conventional_hydroelectric_1_inlet,219,56.36147088,0
TRE_conventional_hydroelectric_1_inlet,220,56.36147088,0
TRE_conventional_hydroelectric_1_inlet,221,56.31220386,0
TRE_conventional_hydroelectric_1_inlet,222,56.31220386,0
TRE_conventional_hydroelectric_1_inlet,223,56.31220386,0
TRE_conventional_hydroelectric_1_inlet,224,56.26293684,0
TRE_conventional_hydroelectric_1_inlet,225,56.26293684,0
TRE_conventional_hydroelectric_1_inlet,226,56.26293684,0
TRE_conventional_hydroelectric_1_inlet,227,56.21366982,0
TRE_conventional_hydroelectric_1_inlet,228,56.21366982,0
TRE_conventional_hydroelectric_1_inlet,229,56.21366982,0
TRE_conventional_hydroelectric_1_inlet,230,56.164402800000005,0
TRE_conventional_hydroelectric_1_inlet,231,56.164402800000005,0
TRE_conventional_hydroelectric_1_inlet,232,56.164402800000005,0
TRE_conventional_hydroelectric_1_inlet,233,56.11513578,0
TRE_conventional_hydroelectric_1_inlet,234,56.11513578,0
TRE_conventional_hydroelectric_1_inlet,235,56.11513578,0
TRE_conventional_hydroelectric_1_inlet,236,56.06586876,0
TRE_conventional_hydroelectric_1_inlet,237,56.06586876,0
TRE_conventional_hydroelectric_1_inlet,238,56.06586876,0
TRE_conventional_hydroelectric_1_inlet,239,56.01660174,0
TRE_conventional_hydroelectric_1_inlet,240,56.01660174,0
TRE_conventional_hydroelectric_1_inlet,241,52.81424544000001,0
TRE_conventional_hydroelectric_1_inlet,242,52.81424544000001,0
TRE_conventional_hydroelectric_1_inlet,243,52.81424544000001,0
TRE_conventional_hydroelectric_1_inlet,244,52.81424544000001,0
TRE_conventional_hydroelectric_1_inlet,245,52.81424544000001,0
TRE_conventional_hydroelectric_1_inlet,246,52.81424544000001,0
TRE_conventional_hydroelectric_1_inlet,247,52.81424544000001,0
TRE_conventional_hydroelectric_1_inlet,248,52.81424544000001,0
TRE_conventional_hydroelectric_1_inlet,249,52.81424544000001,0
TRE_conventional_hydroelectric_1_inlet,250,52.81424544000001,0
TRE_conventional_hydroelectric_1_inlet,251,52.81424544000001,0
TRE_conventional_hydroelectric_1_inlet,252,52.81424544000001,0
TRE_conventional_hydroelectric_1_inlet,253,52.81424544000001,0
TRE_conventional_hydroelectric_1_inlet,254,52.81424544000001,0
TRE_conventional_hydroelectric_1_inlet,255,52.81424544000001,0
TRE_conventional_hydroelectric_1_inlet,256,52.81424544000001,0
TRE_conventional_hydroelectric_1_inlet,257,52.81424544000001,0
TRE_conventional_hydroelectric_1_inlet,258,52.81424544000001,0
TRE_conventional_hydroelectric_1_inlet,259,52.81424544000001,0
TRE_conventional_hydroelectric_1_inlet,260,52.81424544000001,0
TRE_conventional_hydroelectric_1_inlet,261,52.81424544000001,0
TRE_conventional_hydroelectric_1_inlet,262,52.81424544000001,0
TRE_conventional_hydroelectric_1_inlet,263,52.81424544000001,0
TRE_conventional_hydroelectric_1_inlet,264,52.81424544000001,0
TRE_conventional_hydroelectric_1_inlet,265,37.78780434000001,0
TRE_conventional_hydroelectric_1_inlet,266,37.738537320000006,0
TRE_conventional_hydroelectric_1_inlet,267,37.640003279999995,0
TRE_conventional_hydroelectric_1_inlet,268,37.54146924,0
TRE_conventional_hydroelectric_1_inlet,269,37.4429352,0
TRE_conventional_hydroelectric_1_inlet,270,37.344401160000004,0
TRE_conventional_hydroelectric_1_inlet,271,37.24586712,0
TRE_conventional_hydroelectric_1_inlet,272,37.147333079999996,0
TRE_conventional_hydroelectric_1_inlet,273,37.09806606000001,0
TRE_conventional_hydroelectric_1_inlet,274,36.999532020000004,0
TRE_conventional_hydroelectric_1_inlet,275,36.90099798,0
TRE_conventional_hydroelectric_1_inlet,276,36.802463939999996,0
TRE_conventional_hydroelectric_1_inlet,277,36.7039299,0
TRE_conventional_hydroelectric_1_inlet,278,36.60539586,0
TRE_conventional_hydroelectric_1_inlet,279,36.50686182,0
TRE_conventional_hydroelectric_1_inlet,280,36.40832778,0
TRE_conventional_hydroelectric_1_inlet,281,36.359060760000006,0
TRE_conventional_hydroelectric_1_inlet,282,36.26052672,0
TRE_conventional_hydroelectric_1_inlet,283,36.161992680000004,0
TRE_conventional_hydroelectric_1_inlet,284,36.06345864,0
TRE_conventional_hydroelectric_1_inlet,285,35.964924599999996,0
TRE_conventional_hydroelectric_1_inlet,286,35.86639056,0
TRE_conventional_hydroelectric_1_inlet,287,35.767856519999995,0
TRE_conventional_hydroelectric_1_inlet,288,35.669322480000005,0
TRE_conventional_hydroelectric_1_inlet,289,19.11560376,0
TRE_conventional_hydroelectric_1_inlet,290,19.11560376,0
TRE_conventional_hydroelectric_1_inlet,291,19.11560376,0
TRE_conventional_hydroelectric_1_inlet,292,19.11560376,0
TRE_conventional_hydroelectric_1_inlet,293,19.11560376,0
TRE_conventional_hydroelectric_1_inlet,294,19.11560376,0
TRE_conventional_hydroelectric_1_inlet,295,19.11560376,0
TRE_conventional_hydroelectric_1_inlet,296,19.11560376,0
TRE_conventional_hydroelectric_1_inlet,297,19.11560376,0
TRE_conventional_hydroelectric_1_inlet,298,19.11560376,0
TRE_conventional_hydroelectric_1_inlet,299,19.11560376,0
TRE_conventional_hydroelectric_1_inlet,300,19.11560376,0
TRE_conventional_hydroelectric_1_inlet,301,19.11560376,0
TRE_conventional_hydroelectric_1_inlet,302,19.11560376,0
TRE_conventional_hydroelectric_1_inlet,303,19.11560376,0
TRE_conventional_hydroelectric_1_inlet,304,19.11560376,0
TRE_conventional_hydroelectric_1_inlet,305,19.11560376,0
TRE_conventional_hydroelectric_1_inlet,306,19.11560376,0
TRE_conventional_hydroelectric_1_inlet,307,19.11560376,0
TRE_conventional_hydroelectric_1_inlet,308,19.11560376,0
TRE_conventional_hydroelectric_1_inlet,309,19.11560376,0
TRE_conventional_hydroelectric_1_inlet,310,19.11560376,0
TRE_conventional_hydroelectric_1_inlet,311,19.11560376,0
TRE_conventional_hydroelectric_1_inlet,312,19.11560376,0
TRE_conventional_hydroelectric_1_inlet,313,22.120891980000003,0
TRE_conventional_hydroelectric_1_inlet,314,22.120891980000003,0
TRE_conventional_hydroelectric_1_inlet,315,22.170158999999998,0
TRE_conventional_hydroelectric_1_inlet,316,22.21942602,0
TRE_conventional_hydroelectric_1_inlet,317,22.26869304,0
TRE_conventional_hydroelectric_1_inlet,318,22.31796006,0
TRE_conventional_hydroelectric_1_inlet,319,22.36722708,0
TRE_conventional_hydroelectric_1_inlet,320,22.36722708,0
TRE_conventional_hydroelectric_1_inlet,321,22.416494099999998,0
TRE_conventional_hydroelectric_1_inlet,322,22.465761120000003,0
TRE_conventional_hydroelectric_1_inlet,323,22.51502814,0
TRE_conventional_hydroelectric_1_inlet,324,22.56429516,0
TRE_conventional_hydroelectric_1_inlet,325,22.56429516,0
TRE_conventional_hydroelectric_1_inlet,326,22.613562180000002,0
TRE_conventional_hydroelectric_1_inlet,327,22.6628292,0
TRE_conventional_hydroelectric_1_inlet,328,22.71209622,0
TRE_conventional_hydroelectric_1_inlet,329,22.761363239999998,0
TRE_conventional_hydroelectric_1_inlet,330,22.81063026,0
TRE_conventional_hydroelectric_1_inlet,331,22.81063026,0
TRE_conventional_hydroelectric_1_inlet,332,22.85989728,0
TRE_conventional_hydroelectric_1_inlet,333,22.9091643,0
TRE_conventional_hydroelectric_1_inlet,334,22.958431320000003,0
TRE_conventional_hydroelectric_1_inlet,335,23.007698339999997,0
TRE_conventional_hydroelectric_1_inlet,336,23.05696536,0
TRE_conventional_hydroelectric_1_inlet,337,28.96900776,0
TRE_conventional_hydroelectric_1_inlet,338,29.01827478,0
TRE_conventional_hydroelectric_1_inlet,339,29.067541799999997,0
TRE_conventional_hydroelectric_1_inlet,340,29.11680882,0
TRE_conventional_hydroelectric_1_inlet,341,29.16607584,0
TRE_conventional_hydroelectric_1_inlet,342,29.21534286,0
TRE_conventional_hydroelectric_1_inlet,343,29.21534286,0
TRE_conventional_hydroelectric_1_inlet,344,29.264609880000002,0
TRE_conventional_hydroelectric_1_inlet,345,29.3138769,0
TRE_conventional_hydroelectric_1_inlet,346,29.36314392,0
TRE_conventional_hydroelectric_1_inlet,347,29.41241094,0
TRE_conventional_hydroelectric_1_inlet,348,29.46167796,0
TRE_conventional_hydroelectric_1_inlet,349,29.46167796,0
TRE_conventional_hydroelectric_1_inlet,350,29.510944979999998,0
TRE_conventional_hydroelectric_1_inlet,351,29.560212,0
TRE_conventional_hydroelectric_1_inlet,352,29.609479020000002,0
TRE_conventional_hydroelectric_1_inlet,353,29.65874604,0
TRE_conventional_hydroelectric_1_inlet,354,29.70801306,0
TRE_conventional_hydroelectric_1_inlet,355,29.70801306,0
TRE_conventional_hydroelectric_1_inlet,356,29.75728008,0
TRE_conventional_hydroelectric_1_inlet,357,29.8065471,0
TRE_conventional_hydroelectric_1_inlet,358,29.855814119999998,0
TRE_conventional_hydroelectric_1_inlet,359,29.905081139999997,0
TRE_conventional_hydroelectric_1_inlet,360,29.95434816,0
TRE_conventional_hydroelectric_1_inlet,361,28.18073544,0
TRE_conventional_hydroelectric_1_inlet,362,28.18073544,0
TRE_conventional_hydroelectric_1_inlet,363,28.13146842,0
TRE_conventional_hydroelectric_1_inlet,364,28.082201400000002,0
TRE_conventional_hydroelectric_1_inlet,365,28.03293438,0
TRE_conventional_hydroelectric_1_inlet,366,28.03293438,0
TRE_conventional_hydroelectric_1_inlet,367,27.983667360000002,0
TRE_conventional_hydroelectric_1_inlet,368,27.93440034,0
TRE_conventional_hydroelectric_1_inlet,369,27.885133319999998,0
TRE_conventional_hydroelectric_1_inlet,370,27.885133319999998,0
TRE_conventional_hydroelectric_1_inlet,371,27.8358663,0
TRE_conventional_hydroelectric_1_inlet,372,27.78659928,0
TRE_conventional_hydroelectric_1_inlet,373,27.737332260000002,0
TRE_conventional_hydroelectric_1_inlet,374,27.737332260000002,0
TRE_conventional_hydroelectric_1_inlet,375,27.68806524,0
TRE_conventional_hydroelectric_1_inlet,376,27.638798219999998,0
TRE_conventional_hydroelectric_1_inlet,377,27.5895312,0
TRE_conventional_hydroelectric_1_inlet,378,27.5895312,0
TRE_conventional_hydroelectric_1_inlet,379,27.540264179999998,0
TRE_conventional_hydroelectric_1_inlet,380,27.49099716,0
TRE_conventional_hydroelectric_1_inlet,381,27.49099716,0
TRE_conventional_hydroelectric_1_inlet,382,27.44173014,0
TRE_conventional_hydroelectric_1_inlet,383,27.39246312,0
TRE_conventional_hydroelectric_1_inlet,384,27.3431961,0
TRE_conventional_hydroelectric_1_inlet,385,22.958431320000003,0
TRE_conventional_hydroelectric_1_inlet,386,22.9091643,0
TRE_conventional_hydroelectric_1_inlet,387,22.85989728,0
TRE_conventional_hydroelectric_1_inlet,388,22.81063026,0
TRE_conventional_hydroelectric_1_inlet,389,22.81063026,0
TRE_conventional_hydroelectric_1_inlet,390,22.761363239999998,0
TRE_conventional_hydroelectric_1_inlet,391,22.71209622,0
TRE_conventional_hydroelectric_1_inlet,392,22.6628292,0
TRE_conventional_hydroelectric_1_inlet,393,22.6628292,0
TRE_conventional_hydroelectric_1_inlet,394,22.613562180000002,0
TRE_conventional_hydroelectric_1_inlet,395,22.56429516,0
TRE_conventional_hydroelectric_1_inlet,396,22.51502814,0
TRE_conventional_hydroelectric_1_inlet,397,22.51502814,0
TRE_conventional_hydroelectric_1_inlet,398,22.465761120000003,0
TRE_conventional_hydroelectric_1_inlet,399,22.416494099999998,0
TRE_conventional_hydroelectric_1_inlet,400,22.416494099999998,0
TRE_conventional_hydroelectric_1_inlet,401,22.36722708,0
TRE_conventional_hydroelectric_1_inlet,402,22.31796006,0
TRE_conventional_hydroelectric_1_inlet,403,22.26869304,0
TRE_conventional_hydroelectric_1_inlet,404,22.26869304,0
TRE_conventional_hydroelectric_1_inlet,405,22.21942602,0
TRE_conventional_hydroelectric_1_inlet,406,22.170158999999998,0
TRE_conventional_hydroelectric_1_inlet,407,22.120891980000003,0
TRE_conventional_hydroelectric_1_inlet,408,22.120891980000003,0
TRE_conventional_hydroelectric_1_inlet,409,20.98775052,0
TRE_conventional_hydroelectric_1_inlet,410,20.98775052,0
TRE_conventional_hydroelectric_1_inlet,411,20.98775052,0
TRE_conventional_hydroelectric_1_inlet,412,20.98775052,0
TRE_conventional_hydroelectric_1_inlet,413,20.98775052,0
TRE_conventional_hydroelectric_1_inlet,414,20.98775052,0
TRE_conventional_hydroelectric_1_inlet,415,20.98775052,0
TRE_conventional_hydroelectric_1_inlet,416,20.98775052,0
TRE_conventional_hydroelectric_1_inlet,417,20.98775052,0
TRE_conventional_hydroelectric_1_inlet,418,20.98775052,0
TRE_conventional_hydroelectric_1_inlet,419,20.98775052,0
TRE_conventional_hydroelectric_1_inlet,420,20.98775052,0
TRE_conventional_hydroelectric_1_inlet,421,20.98775052,0
TRE_conventional_hydroelectric_1_inlet,422,20.98775052,0
TRE_conventional_hydroelectric_1_inlet,423,20.98775052,0
TRE_conventional_hydroelectric_1_inlet,424,20.98775052,0
TRE_conventional_hydroelectric_1_inlet,425,20.98775052,0
TRE_conventional_hydroelectric_1_inlet,426,20.98775052,0
TRE_conventional_hydroelectric_1_inlet,427,20.98775052,0
TRE_conventional_hydroelectric_1_inlet,428,20.98775052,0
TRE_conventional_hydroelectric_1_inlet,429,20.98775052,0
TRE_conventional_hydroelectric_1_inlet,430,20.98775052,0
TRE_conventional_hydroelectric_1_inlet,431,20.98775052,0
TRE_conventional_hydroelectric_1_inlet,432,20.98775052,0
TRE_conventional_hydroelectric_1_inlet,433,74.29466615999999,0
TRE_conventional_hydroelectric_1_inlet,434,74.49173424,0
TRE_conventional_hydroelectric_1_inlet,435,74.68880232000001,0
TRE_conventional_hydroelectric_1_inlet,436,74.8858704,0
TRE_conventional_hydroelectric_1_inlet,437,75.08293848,0
TRE_conventional_hydroelectric_1_inlet,438,75.23073954,0
TRE_conventional_hydroelectric_1_inlet,439,75.42780762000001,0
TRE_conventional_hydroelectric_1_inlet,440,75.62487569999999,0
TRE_conventional_hydroelectric_1_inlet,441,75.82194378,0
TRE_conventional_hydroelectric_1_inlet,442,76.01901185999999,0
TRE_conventional_hydroelectric_1_inlet,443,76.21607994,0
TRE_conventional_hydroelectric_1_inlet,444,76.36388099999999,0
TRE_conventional_hydroelectric_1_inlet,445,76.56094908,0
TRE_conventional_hydroelectric_1_inlet,446,76.75801716,0
TRE_conventional_hydroelectric_1_inlet,447,76.95508524,0
TRE_conventional_hydroelectric_1_inlet,448,77.15215332,0
TRE_conventional_hydroelectric_1_inlet,449,77.3492214,0
TRE_conventional_hydroelectric_1_inlet,450,77.49702246,0
TRE_conventional_hydroelectric_1_inlet,451,77.69409053999999,0
TRE_conventional_hydroelectric_1_inlet,452,77.89115862,0
TRE_conventional_hydroelectric_1_inlet,453,78.0882267,0
TRE_conventional_hydroelectric_1_inlet,454,78.28529478000002,0
TRE_conventional_hydroelectric_1_inlet,455,78.43309584,0
TRE_conventional_hydroelectric_1_inlet,456,78.63016392,0
TRE_conventional_hydroelectric_1_inlet,457,89.96157852000002,0
TRE_conventional_hydroelectric_1_inlet,458,89.96157852000002,0
TRE_conventional_hydroelectric_1_inlet,459,89.96157852000002,0
TRE_conventional_hydroelectric_1_inlet,460,89.96157852000002,0
TRE_conventional_hydroelectric_1_inlet,461,89.96157852000002,0
TRE_conventional_hydroelectric_1_inlet,462,89.96157852000002,0
TRE_conventional_hydroelectric_1_inlet,463,89.96157852000002,0
TRE_conventional_hydroelectric_1_inlet,464,89.96157852000002,0
TRE_conventional_hydroelectric_1_inlet,465,89.96157852000002,0
TRE_conventional_hydroelectric_1_inlet,466,89.96157852000002,0
TRE_conventional_hydroelectric_1_inlet,467,89.96157852000002,0
TRE_conventional_hydroelectric_1_inlet,468,89.96157852000002,0
TRE_conventional_hydroelectric_1_inlet,469,89.96157852000002,0
TRE_conventional_hydroelectric_1_inlet,470,89.96157852000002,0
TRE_conventional_hydroelectric_1_inlet,471,89.96157852000002,0
TRE_conventional_hydroelectric_1_inlet,472,89.96157852000002,0
TRE_conventional_hydroelectric_1_inlet,473,89.96157852000002,0
TRE_conventional_hydroelectric_1_inlet,474,89.96157852000002,0
TRE_conventional_hydroelectric_1_inlet,475,89.96157852000002,0
TRE_conventional_hydroelectric_1_inlet,476,89.96157852000002,0
TRE_conventional_hydroelectric_1_inlet,477,89.96157852000002,0
TRE_conventional_hydroelectric_1_inlet,478,89.96157852000002,0
TRE_conventional_hydroelectric_1_inlet,479,89.96157852000002,0
TRE_conventional_hydroelectric_1_inlet,480,89.96157852000002,0
TRE_conventional_hydroelectric_1_inlet,481,14.43523686,0
TRE_conventional_hydroelectric_1_inlet,482,14.43523686,0
TRE_conventional_hydroelectric_1_inlet,483,14.43523686,0
TRE_conventional_hydroelectric_1_inlet,484,14.43523686,0
TRE_conventional_hydroelectric_1_inlet,485,14.43523686,0
TRE_conventional_hydroelectric_1_inlet,486,14.43523686,0
TRE_conventional_hydroelectric_1_inlet,487,14.43523686,0
TRE_conventional_hydroelectric_1_inlet,488,14.43523686,0
TRE_conventional_hydroelectric_1_inlet,489,14.43523686,0
TRE_conventional_hydroelectric_1_inlet,490,14.43523686,0
TRE_conventional_hydroelectric_1_inlet,491,14.43523686,0
TRE_conventional_hydroelectric_1_inlet,492,14.43523686,0
TRE_conventional_hydroelectric_1_inlet,493,14.43523686,0
TRE_conventional_hydroelectric_1_inlet,494,14.43523686,0
TRE_conventional_hydroelectric_1_inlet,495,14.43523686,0
TRE_conventional_hydroelectric_1_inlet,496,14.43523686,0
TRE_conventional_hydroelectric_1_inlet,497,14.43523686,0
TRE_conventional_hydroelectric_1_inlet,498,14.43523686,0
TRE_conventional_hydroelectric_1_inlet,499,14.43523686,0
TRE_conventional_hydroelectric_1_inlet,500,14.43523686,0
TRE_conventional_hydroelectric_1_inlet,501,14.43523686,0
TRE_conventional_hydroelectric_1_inlet,502,14.43523686,0
TRE_conventional_hydroelectric_1_inlet,503,14.43523686,0
TRE_conventional_hydroelectric_1_inlet,504,14.43523686,0
TRE_conventional_hydroelectric_1_inlet,505,16.65225276,0
TRE_conventional_hydroelectric_1_inlet,506,16.65225276,0
TRE_conventional_hydroelectric_1_inlet,507,16.701519779999998,0
TRE_conventional_hydroelectric_1_inlet,508,16.701519779999998,0
TRE_conventional_hydroelectric_1_inlet,509,16.701519779999998,0
TRE_conventional_hydroelectric_1_inlet,510,16.7507868,0
TRE_conventional_hydroelectric_1_inlet,511,16.7507868,0
TRE_conventional_hydroelectric_1_inlet,512,16.7507868,0
TRE_conventional_hydroelectric_1_inlet,513,16.80005382,0
TRE_conventional_hydroelectric_1_inlet,514,16.80005382,0
TRE_conventional_hydroelectric_1_inlet,515,16.80005382,0
TRE_conventional_hydroelectric_1_inlet,516,16.84932084,0
TRE_conventional_hydroelectric_1_inlet,517,16.84932084,0
TRE_conventional_hydroelectric_1_inlet,518,16.84932084,0
TRE_conventional_hydroelectric_1_inlet,519,16.89858786,0
TRE_conventional_hydroelectric_1_inlet,520,16.89858786,0
TRE_conventional_hydroelectric_1_inlet,521,16.89858786,0
TRE_conventional_hydroelectric_1_inlet,522,16.94785488,0
TRE_conventional_hydroelectric_1_inlet,523,16.94785488,0
TRE_conventional_hydroelectric_1_inlet,524,16.94785488,0
TRE_conventional_hydroelectric_1_inlet,525,16.94785488,0
TRE_conventional_hydroelectric_1_inlet,526,16.997121900000003,0
TRE_conventional_hydroelectric_1_inlet,527,16.997121900000003,0
TRE_conventional_hydroelectric_1_inlet,528,16.997121900000003,0
TRE_conventional_hydroelectric_1_inlet,529,20.24874522,0
TRE_conventional_hydroelectric_1_inlet,530,20.24874522,0
TRE_conventional_hydroelectric_1_inlet,531,20.24874522,0
TRE_conventional_hydroelectric_1_inlet,532,20.24874522,0
TRE_conventional_hydroelectric_1_inlet,533,20.24874522,0
TRE_conventional_hydroelectric_1_inlet,534,20.24874522,0
TRE_conventional_hydroelectric_1_inlet,535,20.24874522,0
TRE_conventional_hydroelectric_1_inlet,536,20.24874522,0
TRE_conventional_hydroelectric_1_inlet,537,20.24874522,0
TRE_conventional_hydroelectric_1_inlet,538,20.24874522,0
TRE_conventional_hydroelectric_1_inlet,539,20.24874522,0
TRE_conventional_hydroelectric_1_inlet,540,20.24874522,0
TRE_conventional_hydroelectric_1_inlet,541,20.24874522,0
TRE_conventional_hydroelectric_1_inlet,542,20.24874522,0
TRE_conventional_hydroelectric_1_inlet,543,20.24874522,0
TRE_conventional_hydroelectric_1_inlet,544,20.24874522,0
TRE_conventional_hydroelectric_1_inlet,545,20.24874522,0
TRE_conventional_hydroelectric_1_inlet,546,20.24874522,0
TRE_conventional_hydroelectric_1_inlet,547,20.24874522,0
TRE_conventional_hydroelectric_1_inlet,548,20.24874522,0
TRE_conventional_hydroelectric_1_inlet,549,20.24874522,0
TRE_conventional_hydroelectric_1_inlet,550,20.24874522,0
TRE_conventional_hydroelectric_1_inlet,551,20.24874522,0
TRE_conventional_hydroelectric_1_inlet,552,20.24874522,0
TRE_conventional_hydroelectric_1_inlet,553,16.94785488,0
TRE_conventional_hydroelectric_1_inlet,554,16.89858786,0
TRE_conventional_hydroelectric_1_inlet,555,16.84932084,0
TRE_conventional_hydroelectric_1_inlet,556,16.84932084,0
TRE_conventional_hydroelectric_1_inlet,557,16.80005382,0
TRE_conventional_hydroelectric_1_inlet,558,16.7507868,0
TRE_conventional_hydroelectric_1_inlet,559,16.701519779999998,0
TRE_conventional_hydroelectric_1_inlet,560,16.701519779999998,0
TRE_conventional_hydroelectric_1_inlet,561,16.65225276,0
TRE_conventional_hydroelectric_1_inlet,562,16.60298574,0
TRE_conventional_hydroelectric_1_inlet,563,16.60298574,0
TRE_conventional_hydroelectric_1_inlet,564,16.55371872,0
TRE_conventional_hydroelectric_1_inlet,565,16.504451700000004,0
TRE_conventional_hydroelectric_1_inlet,566,16.504451700000004,0
TRE_conventional_hydroelectric_1_inlet,567,16.45518468,0
TRE_conventional_hydroelectric_1_inlet,568,16.40591766,0
TRE_conventional_hydroelectric_1_inlet,569,16.356650639999998,0
TRE_conventional_hydroelectric_1_inlet,570,16.356650639999998,0
TRE_conventional_hydroelectric_1_inlet,571,16.30738362,0
TRE_conventional_hydroelectric_1_inlet,572,16.2581166,0
TRE_conventional_hydroelectric_1_inlet,573,16.2581166,0
TRE_conventional_hydroelectric_1_inlet,574,16.20884958,0
TRE_conventional_hydroelectric_1_inlet,575,16.159582560000004,0
TRE_conventional_hydroelectric_1_inlet,576,16.159582560000004,0
