WCON_TPS_1,WCON_TPS_2,DispatchWater
BASN_conventional_hydroelectric_1,1,0.0
BASN_conventional_hydroelectric_1,2,0.0
BASN_conventional_hydroelectric_1,3,0.0
BASN_conventional_hydroelectric_1,4,2233.730313125306
BASN_conventional_hydroelectric_1,5,772.7600336924187
BASN_conventional_hydroelectric_1,6,0.0
BASN_conventional_hydroelectric_1,7,0.0
BASN_conventional_hydroelectric_1,8,0.0
BASN_conventional_hydroelectric_1,9,384.18081330239704
BASN_conventional_hydroelectric_1,10,0.0
BASN_conventional_hydroelectric_1,11,0.0
BASN_conventional_hydroelectric_1,12,0.0
BASN_conventional_hydroelectric_1,13,0.0
BASN_conventional_hydroelectric_1,14,0.0
BASN_conventional_hydroelectric_1,15,0.0
BASN_conventional_hydroelectric_1,16,0.0
BASN_conventional_hydroelectric_1,17,0.0
BASN_conventional_hydroelectric_1,18,0.0
BASN_conventional_hydroelectric_1,19,776.8607439734635
BASN_conventional_hydroelectric_1,20,777.1328106847316
BASN_conventional_hydroelectric_1,21,777.3662235138816
BASN_conventional_hydroelectric_1,22,0.0
BASN_conventional_hydroelectric_1,23,778.0164185146036
BASN_conventional_hydroelectric_1,24,0.0
BASN_conventional_hydroelectric_1,25,0.0
BASN_conventional_hydroelectric_1,26,0.0
BASN_conventional_hydroelectric_1,27,0.0
BASN_conventional_hydroelectric_1,28,1166.54261631856
BASN_conventional_hydroelectric_1,29,0.0
BASN_conventional_hydroelectric_1,30,1530.0659293018475
BASN_conventional_hydroelectric_1,31,0.0
BASN_conventional_hydroelectric_1,32,833.914655780759
BASN_conventional_hydroelectric_1,33,1844.5876146647706
BASN_conventional_hydroelectric_1,34,1194.5816136044589
BASN_conventional_hydroelectric_1,35,497.07489803656006
BASN_conventional_hydroelectric_1,36,0.0
BASN_conventional_hydroelectric_1,37,0.0
BASN_conventional_hydroelectric_1,38,0.0
BASN_conventional_hydroelectric_1,39,0.0
BASN_conventional_hydroelectric_1,40,671.3868743231869
BASN_conventional_hydroelectric_1,41,0.0
BASN_conventional_hydroelectric_1,42,0.0
BASN_conventional_hydroelectric_1,43,0.0
BASN_conventional_hydroelectric_1,44,0.0
BASN_conventional_hydroelectric_1,45,0.0
BASN_conventional_hydroelectric_1,46,1613.7947888739309
BASN_conventional_hydroelectric_1,47,0.0
BASN_conventional_hydroelectric_1,48,0.0
BASN_conventional_hydroelectric_1,49,1518.2427427004657
BASN_conventional_hydroelectric_1,50,1436.8806859129395
BASN_conventional_hydroelectric_1,51,661.7467508372006
BASN_conventional_hydroelectric_1,52,1610.899828230692
BASN_conventional_hydroelectric_1,53,26.55407311702413
BASN_conventional_hydroelectric_1,54,0.0
BASN_conventional_hydroelectric_1,55,2539.3716
BASN_conventional_hydroelectric_1,56,866.2719546424437
BASN_conventional_hydroelectric_1,57,991.6839236847063
BASN_conventional_hydroelectric_1,58,338.6669777617901
BASN_conventional_hydroelectric_1,59,1960.0475378361346
BASN_conventional_hydroelectric_1,60,1064.8807062794722
BASN_conventional_hydroelectric_1,61,2475.903834802064
BASN_conventional_hydroelectric_1,62,2539.3716
BASN_conventional_hydroelectric_1,63,2476.8535089222587
BASN_conventional_hydroelectric_1,64,2539.3716
BASN_conventional_hydroelectric_1,65,2539.3716
BASN_conventional_hydroelectric_1,66,2478.1458175712987
BASN_conventional_hydroelectric_1,67,1701.8750370117525
BASN_conventional_hydroelectric_1,68,1701.9626810067616
BASN_conventional_hydroelectric_1,69,1702.1105565885757
BASN_conventional_hydroelectric_1,70,866.2719546424437
BASN_conventional_hydroelectric_1,71,1702.4100357080483
BASN_conventional_hydroelectric_1,72,2539.3716
BASN_conventional_hydroelectric_1,73,1818.6667536242055
BASN_conventional_hydroelectric_1,74,2539.3716
BASN_conventional_hydroelectric_1,75,2539.3716
BASN_conventional_hydroelectric_1,76,866.2719546424437
BASN_conventional_hydroelectric_1,77,2539.3716
BASN_conventional_hydroelectric_1,78,2539.3716
BASN_conventional_hydroelectric_1,79,0.0
BASN_conventional_hydroelectric_1,80,2539.3716
BASN_conventional_hydroelectric_1,81,1974.252737674879
BASN_conventional_hydroelectric_1,82,2539.3716
BASN_conventional_hydroelectric_1,83,884.2494482857594
BASN_conventional_hydroelectric_1,84,2276.8498352114225
BASN_conventional_hydroelectric_1,85,866.2719546424437
BASN_conventional_hydroelectric_1,86,0.0
BASN_conventional_hydroelectric_1,87,0.0
BASN_conventional_hydroelectric_1,88,0.0
BASN_conventional_hydroelectric_1,89,0.0
BASN_conventional_hydroelectric_1,90,866.2719546424437
BASN_conventional_hydroelectric_1,91,153.56440603427984
BASN_conventional_hydroelectric_1,92,866.2719546424437
BASN_conventional_hydroelectric_1,93,866.2719546424437
BASN_conventional_hydroelectric_1,94,866.2719546424437
BASN_conventional_hydroelectric_1,95,866.2719546424437
BASN_conventional_hydroelectric_1,96,1172.287542651616
BASN_conventional_hydroelectric_1,97,0.0
BASN_conventional_hydroelectric_1,98,0.0
BASN_conventional_hydroelectric_1,99,161.6770894849015
BASN_conventional_hydroelectric_1,100,0.0
BASN_conventional_hydroelectric_1,101,32.47441320836583
BASN_conventional_hydroelectric_1,102,0.0
BASN_conventional_hydroelectric_1,103,0.0
BASN_conventional_hydroelectric_1,104,0.0
BASN_conventional_hydroelectric_1,105,1158.8812003772175
BASN_conventional_hydroelectric_1,106,537.6065228950702
BASN_conventional_hydroelectric_1,107,0.0
BASN_conventional_hydroelectric_1,108,0.0
BASN_conventional_hydroelectric_1,109,0.0
BASN_conventional_hydroelectric_1,110,0.0
BASN_conventional_hydroelectric_1,111,0.0
BASN_conventional_hydroelectric_1,112,0.0
BASN_conventional_hydroelectric_1,113,0.0
BASN_conventional_hydroelectric_1,114,0.0
BASN_conventional_hydroelectric_1,115,0.0
BASN_conventional_hydroelectric_1,116,0.0
BASN_conventional_hydroelectric_1,117,0.0
BASN_conventional_hydroelectric_1,118,0.0
BASN_conventional_hydroelectric_1,119,0.0
BASN_conventional_hydroelectric_1,120,0.0
BASN_conventional_hydroelectric_1,121,1141.6745362618155
BASN_conventional_hydroelectric_1,122,0.0
BASN_conventional_hydroelectric_1,123,1377.2485425063894
BASN_conventional_hydroelectric_1,124,1190.0482432187132
BASN_conventional_hydroelectric_1,125,1278.5484138813335
BASN_conventional_hydroelectric_1,126,0.0
BASN_conventional_hydroelectric_1,127,2532.5283074927806
BASN_conventional_hydroelectric_1,128,860.4575121123189
BASN_conventional_hydroelectric_1,129,1207.2289938828999
BASN_conventional_hydroelectric_1,130,1829.567208613406
BASN_conventional_hydroelectric_1,131,2368.0914999226943
BASN_conventional_hydroelectric_1,132,305.09916556962895
BASN_conventional_hydroelectric_1,133,0.0
BASN_conventional_hydroelectric_1,134,697.8328038028003
BASN_conventional_hydroelectric_1,135,698.7505722170183
BASN_conventional_hydroelectric_1,136,699.669394005073
BASN_conventional_hydroelectric_1,137,700.6726996666264
BASN_conventional_hydroelectric_1,138,1800.4166931451127
BASN_conventional_hydroelectric_1,139,1310.1523887031692
BASN_conventional_hydroelectric_1,140,1840.754212560539
BASN_conventional_hydroelectric_1,141,655.4131766761672
BASN_conventional_hydroelectric_1,142,724.1900940398671
BASN_conventional_hydroelectric_1,143,1393.883265133514
BASN_conventional_hydroelectric_1,144,0.0
BASN_conventional_hydroelectric_1,145,0.0
BASN_conventional_hydroelectric_1,146,1143.1839551339865
BASN_conventional_hydroelectric_1,147,471.82891490668294
BASN_conventional_hydroelectric_1,148,1337.9154333422573
BASN_conventional_hydroelectric_1,149,1675.8446630793946
BASN_conventional_hydroelectric_1,150,2539.3716
BASN_conventional_hydroelectric_1,151,2539.3716
BASN_conventional_hydroelectric_1,152,2539.3716
BASN_conventional_hydroelectric_1,153,1326.1852421539866
BASN_conventional_hydroelectric_1,154,1164.3408096815797
BASN_conventional_hydroelectric_1,155,0.0
BASN_conventional_hydroelectric_1,156,852.2858077968272
BASN_conventional_hydroelectric_1,157,1158.7475700306486
BASN_conventional_hydroelectric_1,158,1328.6106024951268
BASN_conventional_hydroelectric_1,159,1329.1372400365935
BASN_conventional_hydroelectric_1,160,1329.4965310392322
BASN_conventional_hydroelectric_1,161,1330.0871281233485
BASN_conventional_hydroelectric_1,162,747.4485975092555
BASN_conventional_hydroelectric_1,163,1585.603372630581
BASN_conventional_hydroelectric_1,164,0.0
BASN_conventional_hydroelectric_1,165,880.0793254207763
BASN_conventional_hydroelectric_1,166,447.395897559059
BASN_conventional_hydroelectric_1,167,789.8133365951343
BASN_conventional_hydroelectric_1,168,1333.4199947132815
BASN_conventional_hydroelectric_1,169,1382.0787803852927
BASN_conventional_hydroelectric_1,170,1382.0787803852927
BASN_conventional_hydroelectric_1,171,1382.0787803852927
BASN_conventional_hydroelectric_1,172,0.0
BASN_conventional_hydroelectric_1,173,197.66412184931687
BASN_conventional_hydroelectric_1,174,1031.1489573726444
BASN_conventional_hydroelectric_1,175,1382.0787803852927
BASN_conventional_hydroelectric_1,176,2539.3716
BASN_conventional_hydroelectric_1,177,1382.0787803852927
BASN_conventional_hydroelectric_1,178,1287.0727667554986
BASN_conventional_hydroelectric_1,179,169.84125725219747
BASN_conventional_hydroelectric_1,180,1382.0787803852927
BASN_conventional_hydroelectric_1,181,1382.0787803852927
BASN_conventional_hydroelectric_1,182,1382.0787803852927
BASN_conventional_hydroelectric_1,183,1382.0787803852927
BASN_conventional_hydroelectric_1,184,1382.0787803852927
BASN_conventional_hydroelectric_1,185,1382.0787803852927
BASN_conventional_hydroelectric_1,186,0.0
BASN_conventional_hydroelectric_1,187,366.240959553616
BASN_conventional_hydroelectric_1,188,710.1035568038018
BASN_conventional_hydroelectric_1,189,1016.7504950101145
BASN_conventional_hydroelectric_1,190,1382.0787803852927
BASN_conventional_hydroelectric_1,191,1121.8372067981038
BASN_conventional_hydroelectric_1,192,1382.0787803852927
BASN_conventional_hydroelectric_1,193,2205.3998433240668
BASN_conventional_hydroelectric_1,194,1285.3317014981744
BASN_conventional_hydroelectric_1,195,1285.3317014981744
BASN_conventional_hydroelectric_1,196,1285.3317014981744
BASN_conventional_hydroelectric_1,197,1961.2184753043814
BASN_conventional_hydroelectric_1,198,1056.838866676032
BASN_conventional_hydroelectric_1,199,0.0
BASN_conventional_hydroelectric_1,200,77.94889857614567
BASN_conventional_hydroelectric_1,201,0.0
BASN_conventional_hydroelectric_1,202,71.35779065910663
BASN_conventional_hydroelectric_1,203,1285.3317014981744
BASN_conventional_hydroelectric_1,204,1285.3317014981744
BASN_conventional_hydroelectric_1,205,1285.3317014981744
BASN_conventional_hydroelectric_1,206,1285.3317014981744
BASN_conventional_hydroelectric_1,207,1285.3317014981744
BASN_conventional_hydroelectric_1,208,2539.3716
BASN_conventional_hydroelectric_1,209,2539.3716
BASN_conventional_hydroelectric_1,210,2539.3716
BASN_conventional_hydroelectric_1,211,2539.3716
BASN_conventional_hydroelectric_1,212,2163.54996216211
BASN_conventional_hydroelectric_1,213,2539.3716
BASN_conventional_hydroelectric_1,214,2098.9919036190386
BASN_conventional_hydroelectric_1,215,1841.0485001199904
BASN_conventional_hydroelectric_1,216,2539.3716
BASN_conventional_hydroelectric_1,217,409.7233668055576
BASN_conventional_hydroelectric_1,218,1330.0965426520143
BASN_conventional_hydroelectric_1,219,1330.3810523417292
BASN_conventional_hydroelectric_1,220,1330.7473713229351
BASN_conventional_hydroelectric_1,221,0.0
BASN_conventional_hydroelectric_1,222,520.0809250373967
BASN_conventional_hydroelectric_1,223,77.51862005229077
BASN_conventional_hydroelectric_1,224,0.0
BASN_conventional_hydroelectric_1,225,78.2549859705473
BASN_conventional_hydroelectric_1,226,264.537210940136
BASN_conventional_hydroelectric_1,227,1332.7999443091526
BASN_conventional_hydroelectric_1,228,1333.2291694591709
BASN_conventional_hydroelectric_1,229,1333.4497196062366
BASN_conventional_hydroelectric_1,230,1333.7558070006376
BASN_conventional_hydroelectric_1,231,1334.0403166903525
BASN_conventional_hydroelectric_1,232,80.36673716973291
BASN_conventional_hydroelectric_1,233,80.65124685944761
BASN_conventional_hydroelectric_1,234,80.95733425384879
BASN_conventional_hydroelectric_1,235,81.30207553036848
BASN_conventional_hydroelectric_1,236,457.42980076265917
BASN_conventional_hydroelectric_1,237,81.9142503191706
BASN_conventional_hydroelectric_1,238,522.4918657686746
BASN_conventional_hydroelectric_1,239,30.36016128707318
BASN_conventional_hydroelectric_1,240,82.84853530596934
BASN_conventional_hydroelectric_1,241,1397.3596302426572
BASN_conventional_hydroelectric_1,242,1397.3596302426572
BASN_conventional_hydroelectric_1,243,1397.3596302426572
BASN_conventional_hydroelectric_1,244,1397.3596302426572
BASN_conventional_hydroelectric_1,245,1975.058718364679
BASN_conventional_hydroelectric_1,246,1397.3596302426572
BASN_conventional_hydroelectric_1,247,1397.3596302426572
BASN_conventional_hydroelectric_1,248,1397.3596302426572
BASN_conventional_hydroelectric_1,249,1397.3596302426572
BASN_conventional_hydroelectric_1,250,1397.3596302426572
BASN_conventional_hydroelectric_1,251,1397.3596302426572
BASN_conventional_hydroelectric_1,252,1397.3596302426572
BASN_conventional_hydroelectric_1,253,1397.3596302426572
BASN_conventional_hydroelectric_1,254,1397.3596302426572
BASN_conventional_hydroelectric_1,255,1397.3596302426572
BASN_conventional_hydroelectric_1,256,1397.3596302426572
BASN_conventional_hydroelectric_1,257,1397.3596302426572
BASN_conventional_hydroelectric_1,258,1397.3596302426572
BASN_conventional_hydroelectric_1,259,1397.3596302426572
BASN_conventional_hydroelectric_1,260,1397.3596302426572
BASN_conventional_hydroelectric_1,261,1397.3596302426572
BASN_conventional_hydroelectric_1,262,1397.3596302426572
BASN_conventional_hydroelectric_1,263,1397.3596302426572
BASN_conventional_hydroelectric_1,264,1397.3596302426572
BASN_conventional_hydroelectric_1,265,2539.3716
BASN_conventional_hydroelectric_1,266,2313.1493574439264
BASN_conventional_hydroelectric_1,267,2539.3716
BASN_conventional_hydroelectric_1,268,2539.3716
BASN_conventional_hydroelectric_1,269,2539.3716
BASN_conventional_hydroelectric_1,270,1341.819828112899
BASN_conventional_hydroelectric_1,271,1341.477193584053
BASN_conventional_hydroelectric_1,272,1341.24167400723
BASN_conventional_hydroelectric_1,273,2539.3716
BASN_conventional_hydroelectric_1,274,1340.4116894892336
BASN_conventional_hydroelectric_1,275,1340.1761699124104
BASN_conventional_hydroelectric_1,276,2539.3716
BASN_conventional_hydroelectric_1,277,2539.3716
BASN_conventional_hydroelectric_1,278,2539.3716
BASN_conventional_hydroelectric_1,279,1338.9353778275731
BASN_conventional_hydroelectric_1,280,1338.4469744645858
BASN_conventional_hydroelectric_1,281,1338.190930556912
BASN_conventional_hydroelectric_1,282,1337.8698737327531
BASN_conventional_hydroelectric_1,283,1337.5272392039074
BASN_conventional_hydroelectric_1,284,1337.2917196270837
BASN_conventional_hydroelectric_1,285,1336.804369637934
BASN_conventional_hydroelectric_1,286,1336.4833128137748
BASN_conventional_hydroelectric_1,287,1747.1916340730857
BASN_conventional_hydroelectric_1,288,1335.8846343772552
BASN_conventional_hydroelectric_1,289,2138.9552963299066
BASN_conventional_hydroelectric_1,290,1875.3132525658589
BASN_conventional_hydroelectric_1,291,2292.5472340049287
BASN_conventional_hydroelectric_1,292,1394.8585576266587
BASN_conventional_hydroelectric_1,293,213.07517709183253
BASN_conventional_hydroelectric_1,294,2539.3716
BASN_conventional_hydroelectric_1,295,2539.3716
BASN_conventional_hydroelectric_1,296,1276.4154021982013
BASN_conventional_hydroelectric_1,297,77.94389505042159
BASN_conventional_hydroelectric_1,298,1276.4154021982013
BASN_conventional_hydroelectric_1,299,1276.4154021982013
BASN_conventional_hydroelectric_1,300,76.87733758176546
BASN_conventional_hydroelectric_1,301,1293.5336487471832
BASN_conventional_hydroelectric_1,302,1805.817440235992
BASN_conventional_hydroelectric_1,303,2539.3716
BASN_conventional_hydroelectric_1,304,1761.2932270757074
BASN_conventional_hydroelectric_1,305,2539.3716
BASN_conventional_hydroelectric_1,306,2539.3716
BASN_conventional_hydroelectric_1,307,2539.3716
BASN_conventional_hydroelectric_1,308,2539.3716
BASN_conventional_hydroelectric_1,309,2539.3716
BASN_conventional_hydroelectric_1,310,2539.3716
BASN_conventional_hydroelectric_1,311,2118.7577503445573
BASN_conventional_hydroelectric_1,312,2539.3716
BASN_conventional_hydroelectric_1,313,1406.5989887268984
BASN_conventional_hydroelectric_1,314,1044.1707350096142
BASN_conventional_hydroelectric_1,315,1550.714292536005
BASN_conventional_hydroelectric_1,316,1013.6639566010729
BASN_conventional_hydroelectric_1,317,2539.3716
BASN_conventional_hydroelectric_1,318,0.0
BASN_conventional_hydroelectric_1,319,897.5616718962128
BASN_conventional_hydroelectric_1,320,1220.4793422277203
BASN_conventional_hydroelectric_1,321,1219.7438897820875
BASN_conventional_hydroelectric_1,322,1219.009490710292
BASN_conventional_hydroelectric_1,323,1218.3606288858323
BASN_conventional_hydroelectric_1,324,2539.3716
BASN_conventional_hydroelectric_1,325,0.0
BASN_conventional_hydroelectric_1,326,585.408807264351
BASN_conventional_hydroelectric_1,327,1236.6000519427262
BASN_conventional_hydroelectric_1,328,2539.3716
BASN_conventional_hydroelectric_1,329,1135.7019849564094
BASN_conventional_hydroelectric_1,330,725.1566546699812
BASN_conventional_hydroelectric_1,331,2008.3155362180778
BASN_conventional_hydroelectric_1,332,675.0356020785091
BASN_conventional_hydroelectric_1,333,0.0
BASN_conventional_hydroelectric_1,334,1380.870303470681
BASN_conventional_hydroelectric_1,335,2496.0351460784386
BASN_conventional_hydroelectric_1,336,1413.213825999223
BASN_conventional_hydroelectric_1,337,1168.6265497081604
BASN_conventional_hydroelectric_1,338,928.7596530968362
BASN_conventional_hydroelectric_1,339,0.0
BASN_conventional_hydroelectric_1,340,0.0
BASN_conventional_hydroelectric_1,341,0.0
BASN_conventional_hydroelectric_1,342,2539.3716
BASN_conventional_hydroelectric_1,343,164.266255216206
BASN_conventional_hydroelectric_1,344,1102.9215217902415
BASN_conventional_hydroelectric_1,345,1102.1860693446092
BASN_conventional_hydroelectric_1,346,2041.4424615197825
BASN_conventional_hydroelectric_1,347,2141.748036700388
BASN_conventional_hydroelectric_1,348,0.0
BASN_conventional_hydroelectric_1,349,1099.418494178261
BASN_conventional_hydroelectric_1,350,0.0
BASN_conventional_hydroelectric_1,351,732.0679555350933
BASN_conventional_hydroelectric_1,352,205.31629864702904
BASN_conventional_hydroelectric_1,353,988.8990002856912
BASN_conventional_hydroelectric_1,354,1237.648537376054
BASN_conventional_hydroelectric_1,355,276.43382037793873
BASN_conventional_hydroelectric_1,356,1926.491962033099
BASN_conventional_hydroelectric_1,357,2242.497328304056
BASN_conventional_hydroelectric_1,358,1979.130841653254
BASN_conventional_hydroelectric_1,359,1092.4124389543003
BASN_conventional_hydroelectric_1,360,2164.201013648802
BASN_conventional_hydroelectric_1,361,1164.4368669256191
BASN_conventional_hydroelectric_1,362,2254.366261785091
BASN_conventional_hydroelectric_1,363,2030.8686791629314
BASN_conventional_hydroelectric_1,364,2539.3716
BASN_conventional_hydroelectric_1,365,0.0
BASN_conventional_hydroelectric_1,366,292.2917275883483
BASN_conventional_hydroelectric_1,367,922.2892889880145
BASN_conventional_hydroelectric_1,368,921.698552002686
BASN_conventional_hydroelectric_1,369,2539.3716
BASN_conventional_hydroelectric_1,370,2475.422373233345
BASN_conventional_hydroelectric_1,371,1878.407500574197
BASN_conventional_hydroelectric_1,372,2539.3716
BASN_conventional_hydroelectric_1,373,2539.3716
BASN_conventional_hydroelectric_1,374,2539.3716
BASN_conventional_hydroelectric_1,375,2539.3716
BASN_conventional_hydroelectric_1,376,2539.3716
BASN_conventional_hydroelectric_1,377,2379.551911433192
BASN_conventional_hydroelectric_1,378,2539.3716
BASN_conventional_hydroelectric_1,379,2215.5136691552398
BASN_conventional_hydroelectric_1,380,1549.6750928775787
BASN_conventional_hydroelectric_1,381,1243.7502047824728
BASN_conventional_hydroelectric_1,382,1134.3990651955373
BASN_conventional_hydroelectric_1,383,913.7717739800745
BASN_conventional_hydroelectric_1,384,913.1170774520972
BASN_conventional_hydroelectric_1,385,595.4352717203592
BASN_conventional_hydroelectric_1,386,847.787185965831
BASN_conventional_hydroelectric_1,387,847.2566805673074
BASN_conventional_hydroelectric_1,388,0.0
BASN_conventional_hydroelectric_1,389,2539.3716
BASN_conventional_hydroelectric_1,390,2539.3716
BASN_conventional_hydroelectric_1,391,845.1223641254628
BASN_conventional_hydroelectric_1,392,844.5316271401343
BASN_conventional_hydroelectric_1,393,156.46816431172886
BASN_conventional_hydroelectric_1,394,0.0
BASN_conventional_hydroelectric_1,395,1383.2042732415186
BASN_conventional_hydroelectric_1,396,1540.346438244701
BASN_conventional_hydroelectric_1,397,1761.0500322520688
BASN_conventional_hydroelectric_1,398,1759.8685582814119
BASN_conventional_hydroelectric_1,399,840.895059705899
BASN_conventional_hydroelectric_1,400,840.2198388470714
BASN_conventional_hydroelectric_1,401,839.7748706958837
BASN_conventional_hydroelectric_1,402,302.5237234615944
BASN_conventional_hydroelectric_1,403,838.7607432640543
BASN_conventional_hydroelectric_1,404,1185.1697865380384
BASN_conventional_hydroelectric_1,405,1847.7672293685673
BASN_conventional_hydroelectric_1,406,837.0498172687106
BASN_conventional_hydroelectric_1,407,836.6048491175229
BASN_conventional_hydroelectric_1,408,835.9285748848587
BASN_conventional_hydroelectric_1,409,1072.8079416936462
BASN_conventional_hydroelectric_1,410,819.8663438366827
BASN_conventional_hydroelectric_1,411,819.8663438366827
BASN_conventional_hydroelectric_1,412,51.01513356787905
BASN_conventional_hydroelectric_1,413,1666.087319267474
BASN_conventional_hydroelectric_1,414,0.0
BASN_conventional_hydroelectric_1,415,819.8663438366825
BASN_conventional_hydroelectric_1,416,819.8663438366825
BASN_conventional_hydroelectric_1,417,1685.619951571958
BASN_conventional_hydroelectric_1,418,532.909347610472
BASN_conventional_hydroelectric_1,419,1.9341965431829067
BASN_conventional_hydroelectric_1,420,819.8663438366827
BASN_conventional_hydroelectric_1,421,819.8663438366827
BASN_conventional_hydroelectric_1,422,819.8663438366827
BASN_conventional_hydroelectric_1,423,819.8663438366827
BASN_conventional_hydroelectric_1,424,819.8663438366827
BASN_conventional_hydroelectric_1,425,819.8663438366827
BASN_conventional_hydroelectric_1,426,1356.5483317903304
BASN_conventional_hydroelectric_1,427,0.0
BASN_conventional_hydroelectric_1,428,819.8663438366827
BASN_conventional_hydroelectric_1,429,242.97255490834027
BASN_conventional_hydroelectric_1,430,819.8663438366827
BASN_conventional_hydroelectric_1,431,819.8663438366827
BASN_conventional_hydroelectric_1,432,819.8663438366827
BASN_conventional_hydroelectric_1,433,0.0
BASN_conventional_hydroelectric_1,434,562.645801128627
BASN_conventional_hydroelectric_1,435,0.0
BASN_conventional_hydroelectric_1,436,2539.3716
BASN_conventional_hydroelectric_1,437,328.90218051837223
BASN_conventional_hydroelectric_1,438,1289.3999217799428
BASN_conventional_hydroelectric_1,439,1850.1664988211558
BASN_conventional_hydroelectric_1,440,557.1212750586124
BASN_conventional_hydroelectric_1,441,0.0
BASN_conventional_hydroelectric_1,442,292.967263871374
BASN_conventional_hydroelectric_1,443,0.0
BASN_conventional_hydroelectric_1,444,0.0
BASN_conventional_hydroelectric_1,445,552.6553650060629
BASN_conventional_hydroelectric_1,446,551.6785582800894
BASN_conventional_hydroelectric_1,447,550.7872888014521
BASN_conventional_hydroelectric_1,448,549.8094287016418
BASN_conventional_hydroelectric_1,449,548.9999685144959
BASN_conventional_hydroelectric_1,450,548.1086990358584
BASN_conventional_hydroelectric_1,451,162.8218521339261
BASN_conventional_hydroelectric_1,452,546.1540322100749
BASN_conventional_hydroelectric_1,453,1122.2373075774349
BASN_conventional_hydroelectric_1,454,544.4522491704547
BASN_conventional_hydroelectric_1,455,543.4754424444814
BASN_conventional_hydroelectric_1,456,0.0
BASN_conventional_hydroelectric_1,457,0.0
BASN_conventional_hydroelectric_1,458,0.0
BASN_conventional_hydroelectric_1,459,181.7995829265106
BASN_conventional_hydroelectric_1,460,0.0
BASN_conventional_hydroelectric_1,461,0.0
BASN_conventional_hydroelectric_1,462,0.0
BASN_conventional_hydroelectric_1,463,0.0
BASN_conventional_hydroelectric_1,464,488.2516195478097
BASN_conventional_hydroelectric_1,465,0.0
BASN_conventional_hydroelectric_1,466,0.0
BASN_conventional_hydroelectric_1,467,0.0
BASN_conventional_hydroelectric_1,468,0.0
BASN_conventional_hydroelectric_1,469,0.0
BASN_conventional_hydroelectric_1,470,0.0
BASN_conventional_hydroelectric_1,471,0.0
BASN_conventional_hydroelectric_1,472,0.0
BASN_conventional_hydroelectric_1,473,0.0
BASN_conventional_hydroelectric_1,474,0.0
BASN_conventional_hydroelectric_1,475,0.0
BASN_conventional_hydroelectric_1,476,0.0
BASN_conventional_hydroelectric_1,477,0.0
BASN_conventional_hydroelectric_1,478,0.0
BASN_conventional_hydroelectric_1,479,0.0
BASN_conventional_hydroelectric_1,480,223.52118588074748
BASN_conventional_hydroelectric_1,481,203.5360297311134
BASN_conventional_hydroelectric_1,482,0.0
BASN_conventional_hydroelectric_1,483,0.0
BASN_conventional_hydroelectric_1,484,0.0
BASN_conventional_hydroelectric_1,485,334.90337285952006
BASN_conventional_hydroelectric_1,486,0.0
BASN_conventional_hydroelectric_1,487,0.0
BASN_conventional_hydroelectric_1,488,613.5935516888876
BASN_conventional_hydroelectric_1,489,0.0
BASN_conventional_hydroelectric_1,490,0.0
BASN_conventional_hydroelectric_1,491,0.0
BASN_conventional_hydroelectric_1,492,0.0
BASN_conventional_hydroelectric_1,493,0.0
BASN_conventional_hydroelectric_1,494,0.0
BASN_conventional_hydroelectric_1,495,0.0
BASN_conventional_hydroelectric_1,496,0.0
BASN_conventional_hydroelectric_1,497,0.0
BASN_conventional_hydroelectric_1,498,0.0
BASN_conventional_hydroelectric_1,499,0.0
BASN_conventional_hydroelectric_1,500,0.0
BASN_conventional_hydroelectric_1,501,0.0
BASN_conventional_hydroelectric_1,502,0.0
BASN_conventional_hydroelectric_1,503,471.61666311496924
BASN_conventional_hydroelectric_1,504,0.0
BASN_conventional_hydroelectric_1,505,998.2163336734113
BASN_conventional_hydroelectric_1,506,0.0
BASN_conventional_hydroelectric_1,507,0.0
BASN_conventional_hydroelectric_1,508,1200.784485667714
BASN_conventional_hydroelectric_1,509,536.4362719447606
BASN_conventional_hydroelectric_1,510,0.0
BASN_conventional_hydroelectric_1,511,457.681061842467
BASN_conventional_hydroelectric_1,512,648.103987820265
BASN_conventional_hydroelectric_1,513,510.14567210481937
BASN_conventional_hydroelectric_1,514,648.6485491759227
BASN_conventional_hydroelectric_1,515,583.6950119688933
BASN_conventional_hydroelectric_1,516,0.0
BASN_conventional_hydroelectric_1,517,771.889384751942
BASN_conventional_hydroelectric_1,518,0.0
BASN_conventional_hydroelectric_1,519,0.0
BASN_conventional_hydroelectric_1,520,0.0
BASN_conventional_hydroelectric_1,521,301.03320487853574
BASN_conventional_hydroelectric_1,522,0.0
BASN_conventional_hydroelectric_1,523,417.32198618872235
BASN_conventional_hydroelectric_1,524,0.0
BASN_conventional_hydroelectric_1,525,0.0
BASN_conventional_hydroelectric_1,526,0.0
BASN_conventional_hydroelectric_1,527,0.0
BASN_conventional_hydroelectric_1,528,2072.9744858942695
BASN_conventional_hydroelectric_1,529,0.0
BASN_conventional_hydroelectric_1,530,0.0
BASN_conventional_hydroelectric_1,531,289.7517737484227
BASN_conventional_hydroelectric_1,532,0.0
BASN_conventional_hydroelectric_1,533,0.0
BASN_conventional_hydroelectric_1,534,0.0
BASN_conventional_hydroelectric_1,535,848.9869540774189
BASN_conventional_hydroelectric_1,536,700.3644067707542
BASN_conventional_hydroelectric_1,537,860.461183429157
BASN_conventional_hydroelectric_1,538,700.3644067707542
BASN_conventional_hydroelectric_1,539,2376.2539022174064
BASN_conventional_hydroelectric_1,540,2220.4004889633693
BASN_conventional_hydroelectric_1,541,1679.6511311700392
BASN_conventional_hydroelectric_1,542,2451.8241121390715
BASN_conventional_hydroelectric_1,543,2452.0850772776384
BASN_conventional_hydroelectric_1,544,2452.2229046605885
BASN_conventional_hydroelectric_1,545,2000.3662436936338
BASN_conventional_hydroelectric_1,546,1613.1270122546903
BASN_conventional_hydroelectric_1,547,1434.6861543432547
BASN_conventional_hydroelectric_1,548,2453.1662585377626
BASN_conventional_hydroelectric_1,549,2453.428277050166
BASN_conventional_hydroelectric_1,550,2453.7108198934197
BASN_conventional_hydroelectric_1,551,1982.2319841614
BASN_conventional_hydroelectric_1,552,700.3644067707542
BASN_conventional_hydroelectric_1,553,2539.3716
BASN_conventional_hydroelectric_1,554,2539.3716
BASN_conventional_hydroelectric_1,555,2539.3716
BASN_conventional_hydroelectric_1,556,0.0
BASN_conventional_hydroelectric_1,557,2539.3716
BASN_conventional_hydroelectric_1,558,2539.3716
BASN_conventional_hydroelectric_1,559,2539.3716
BASN_conventional_hydroelectric_1,560,1504.68594830914
BASN_conventional_hydroelectric_1,561,1256.3063175512204
BASN_conventional_hydroelectric_1,562,2539.3716
BASN_conventional_hydroelectric_1,563,1595.4080191700687
BASN_conventional_hydroelectric_1,564,1516.5429217150795
BASN_conventional_hydroelectric_1,565,732.5771629912798
BASN_conventional_hydroelectric_1,566,669.8472367890756
BASN_conventional_hydroelectric_1,567,733.167126405197
BASN_conventional_hydroelectric_1,568,0.0
BASN_conventional_hydroelectric_1,569,823.2307122505905
BASN_conventional_hydroelectric_1,570,1573.6901346227878
BASN_conventional_hydroelectric_1,571,2539.3716
BASN_conventional_hydroelectric_1,572,734.5541070278136
BASN_conventional_hydroelectric_1,573,734.9117109864175
BASN_conventional_hydroelectric_1,574,735.2053554023722
BASN_conventional_hydroelectric_1,575,735.4161371529989
BASN_conventional_hydroelectric_1,576,212.31679203155318
CANO_conventional_hydroelectric_1,1,2177.416816050775
CANO_conventional_hydroelectric_1,2,2378.3764319999996
CANO_conventional_hydroelectric_1,3,0.0
CANO_conventional_hydroelectric_1,4,1599.5998816328602
CANO_conventional_hydroelectric_1,5,0.0
CANO_conventional_hydroelectric_1,6,5535.456156
CANO_conventional_hydroelectric_1,7,0.0
CANO_conventional_hydroelectric_1,8,1589.63083398839
CANO_conventional_hydroelectric_1,9,0.0
CANO_conventional_hydroelectric_1,10,0.0
CANO_conventional_hydroelectric_1,11,1582.9306693078352
CANO_conventional_hydroelectric_1,12,836.5915478360639
CANO_conventional_hydroelectric_1,13,3603.11525950302
CANO_conventional_hydroelectric_1,14,3462.759841935397
CANO_conventional_hydroelectric_1,15,2889.2676165714256
CANO_conventional_hydroelectric_1,16,2060.5934758336043
CANO_conventional_hydroelectric_1,17,2703.3568784608597
CANO_conventional_hydroelectric_1,18,0.0
CANO_conventional_hydroelectric_1,19,0.0
CANO_conventional_hydroelectric_1,20,3534.1330099285683
CANO_conventional_hydroelectric_1,21,1609.1316323651256
CANO_conventional_hydroelectric_1,22,1928.785524
CANO_conventional_hydroelectric_1,23,1590.1646999999996
CANO_conventional_hydroelectric_1,24,1144.5717839999984
CANO_conventional_hydroelectric_1,25,0.0
CANO_conventional_hydroelectric_1,26,1656.9023367710417
CANO_conventional_hydroelectric_1,27,1237.7596270187705
CANO_conventional_hydroelectric_1,28,1237.0823519197484
CANO_conventional_hydroelectric_1,29,1237.0823519197484
CANO_conventional_hydroelectric_1,30,0.0
CANO_conventional_hydroelectric_1,31,0.0
CANO_conventional_hydroelectric_1,32,1235.797774542686
CANO_conventional_hydroelectric_1,33,1127.578668301941
CANO_conventional_hydroelectric_1,34,0.0
CANO_conventional_hydroelectric_1,35,1234.4432243446436
CANO_conventional_hydroelectric_1,36,4283.743898084318
CANO_conventional_hydroelectric_1,37,2550.487493575093
CANO_conventional_hydroelectric_1,38,0.0
CANO_conventional_hydroelectric_1,39,0.0
CANO_conventional_hydroelectric_1,40,2596.5251578588095
CANO_conventional_hydroelectric_1,41,2900.946551770136
CANO_conventional_hydroelectric_1,42,4818.132139452677
CANO_conventional_hydroelectric_1,43,0.0
CANO_conventional_hydroelectric_1,44,1231.1268216705155
CANO_conventional_hydroelectric_1,45,1163.725493335125
CANO_conventional_hydroelectric_1,46,1390.559472
CANO_conventional_hydroelectric_1,47,1048.0604039999998
CANO_conventional_hydroelectric_1,48,1967.1425927326823
CANO_conventional_hydroelectric_1,49,0.0
CANO_conventional_hydroelectric_1,50,0.0
CANO_conventional_hydroelectric_1,51,1152.4678707636294
CANO_conventional_hydroelectric_1,52,1152.4678707636294
CANO_conventional_hydroelectric_1,53,1152.4678707636294
CANO_conventional_hydroelectric_1,54,0.0
CANO_conventional_hydroelectric_1,55,0.0
CANO_conventional_hydroelectric_1,56,1152.4678707636294
CANO_conventional_hydroelectric_1,57,1152.4678707636294
CANO_conventional_hydroelectric_1,58,5638.745750557198
CANO_conventional_hydroelectric_1,59,4179.358620168604
CANO_conventional_hydroelectric_1,60,0.0
CANO_conventional_hydroelectric_1,61,3281.458529670522
CANO_conventional_hydroelectric_1,62,3894.1741883043405
CANO_conventional_hydroelectric_1,63,4467.876524334969
CANO_conventional_hydroelectric_1,64,3362.9505566568155
CANO_conventional_hydroelectric_1,65,0.0
CANO_conventional_hydroelectric_1,66,0.0
CANO_conventional_hydroelectric_1,67,0.0
CANO_conventional_hydroelectric_1,68,1001.1484668855278
CANO_conventional_hydroelectric_1,69,1219.1919239999995
CANO_conventional_hydroelectric_1,70,1923.9637799999987
CANO_conventional_hydroelectric_1,71,2094.1283419525603
CANO_conventional_hydroelectric_1,72,156.9566174982358
CANO_conventional_hydroelectric_1,73,3482.29734
CANO_conventional_hydroelectric_1,74,2428.1487599999987
CANO_conventional_hydroelectric_1,75,1152.4678707636294
CANO_conventional_hydroelectric_1,76,1152.4678707636294
CANO_conventional_hydroelectric_1,77,5598.3591480000005
CANO_conventional_hydroelectric_1,78,5735.348411999999
CANO_conventional_hydroelectric_1,79,1152.4678707636294
CANO_conventional_hydroelectric_1,80,1152.4678707636294
CANO_conventional_hydroelectric_1,81,1152.4678707636294
CANO_conventional_hydroelectric_1,82,0.0
CANO_conventional_hydroelectric_1,83,837.409503167526
CANO_conventional_hydroelectric_1,84,3529.9207373946674
CANO_conventional_hydroelectric_1,85,1811.7915014844093
CANO_conventional_hydroelectric_1,86,0.0
CANO_conventional_hydroelectric_1,87,1614.5303169523856
CANO_conventional_hydroelectric_1,88,0.0
CANO_conventional_hydroelectric_1,89,592.2317724692598
CANO_conventional_hydroelectric_1,90,1695.3763842955702
CANO_conventional_hydroelectric_1,91,4489.574310830875
CANO_conventional_hydroelectric_1,92,1303.787274641733
CANO_conventional_hydroelectric_1,93,1152.4678707636303
CANO_conventional_hydroelectric_1,94,1152.4678707636303
CANO_conventional_hydroelectric_1,95,1125.180155999999
CANO_conventional_hydroelectric_1,96,571.051120517779
CANO_conventional_hydroelectric_1,97,0.0
CANO_conventional_hydroelectric_1,98,0.0
CANO_conventional_hydroelectric_1,99,5104.470456
CANO_conventional_hydroelectric_1,100,4616.853336
CANO_conventional_hydroelectric_1,101,0.0
CANO_conventional_hydroelectric_1,102,0.0
CANO_conventional_hydroelectric_1,103,4370.227332
CANO_conventional_hydroelectric_1,104,4826.26056
CANO_conventional_hydroelectric_1,105,4626.934608000001
CANO_conventional_hydroelectric_1,106,0.0
CANO_conventional_hydroelectric_1,107,2218.271936236457
CANO_conventional_hydroelectric_1,108,2026.1725226119265
CANO_conventional_hydroelectric_1,109,953.5612922649093
CANO_conventional_hydroelectric_1,110,984.5620451844546
CANO_conventional_hydroelectric_1,111,0.0
CANO_conventional_hydroelectric_1,112,420.2500155571306
CANO_conventional_hydroelectric_1,113,323.445916361243
CANO_conventional_hydroelectric_1,114,1283.5101940514487
CANO_conventional_hydroelectric_1,115,0.0
CANO_conventional_hydroelectric_1,116,400.68987425068013
CANO_conventional_hydroelectric_1,117,0.0
CANO_conventional_hydroelectric_1,118,1472.339045435178
CANO_conventional_hydroelectric_1,119,957.7897919999984
CANO_conventional_hydroelectric_1,120,807.6057621018559
CANO_conventional_hydroelectric_1,121,2047.9457371863489
CANO_conventional_hydroelectric_1,122,1044.0908020471043
CANO_conventional_hydroelectric_1,123,0.0
CANO_conventional_hydroelectric_1,124,0.0
CANO_conventional_hydroelectric_1,125,3072.5952242462163
CANO_conventional_hydroelectric_1,126,2966.7905705869953
CANO_conventional_hydroelectric_1,127,0.0
CANO_conventional_hydroelectric_1,128,0.0
CANO_conventional_hydroelectric_1,129,0.0
CANO_conventional_hydroelectric_1,130,3879.9426017734363
CANO_conventional_hydroelectric_1,131,4689.501967097994
CANO_conventional_hydroelectric_1,132,3818.102187989086
CANO_conventional_hydroelectric_1,133,3362.9172632819273
CANO_conventional_hydroelectric_1,134,3922.602621204202
CANO_conventional_hydroelectric_1,135,0.0
CANO_conventional_hydroelectric_1,136,3488.423774095264
CANO_conventional_hydroelectric_1,137,3714.1998797526317
CANO_conventional_hydroelectric_1,138,0.0
CANO_conventional_hydroelectric_1,139,0.0
CANO_conventional_hydroelectric_1,140,2580.320859927082
CANO_conventional_hydroelectric_1,141,300.56258399999933
CANO_conventional_hydroelectric_1,142,541.9729199999986
CANO_conventional_hydroelectric_1,143,1180.4323319999985
CANO_conventional_hydroelectric_1,144,2623.977802962268
CANO_conventional_hydroelectric_1,145,2754.088944
CANO_conventional_hydroelectric_1,146,1611.2576680410048
CANO_conventional_hydroelectric_1,147,0.0
CANO_conventional_hydroelectric_1,148,470.3746203512046
CANO_conventional_hydroelectric_1,149,0.0
CANO_conventional_hydroelectric_1,150,0.0
CANO_conventional_hydroelectric_1,151,726.8772460639275
CANO_conventional_hydroelectric_1,152,274.8601489478442
CANO_conventional_hydroelectric_1,153,4785.810053092504
CANO_conventional_hydroelectric_1,154,4024.9758074066835
CANO_conventional_hydroelectric_1,155,2963.870245517247
CANO_conventional_hydroelectric_1,156,2305.761225322396
CANO_conventional_hydroelectric_1,157,0.0
CANO_conventional_hydroelectric_1,158,2037.090120387521
CANO_conventional_hydroelectric_1,159,1625.7232526787072
CANO_conventional_hydroelectric_1,160,953.7830874898652
CANO_conventional_hydroelectric_1,161,1149.4585145856504
CANO_conventional_hydroelectric_1,162,1516.6689240766218
CANO_conventional_hydroelectric_1,163,3298.7719087290516
CANO_conventional_hydroelectric_1,164,595.8605712074486
CANO_conventional_hydroelectric_1,165,2016.258115927765
CANO_conventional_hydroelectric_1,166,0.0
CANO_conventional_hydroelectric_1,167,108.96455999999858
CANO_conventional_hydroelectric_1,168,1236.684685342642
CANO_conventional_hydroelectric_1,169,0.0
CANO_conventional_hydroelectric_1,170,0.0
CANO_conventional_hydroelectric_1,171,6183.067212
CANO_conventional_hydroelectric_1,172,5769.9639480000005
CANO_conventional_hydroelectric_1,173,0.0
CANO_conventional_hydroelectric_1,174,4555.034786680488
CANO_conventional_hydroelectric_1,175,5464.197528000001
CANO_conventional_hydroelectric_1,176,5837.436540000001
CANO_conventional_hydroelectric_1,177,3960.3943548396455
CANO_conventional_hydroelectric_1,178,3769.398918833083
CANO_conventional_hydroelectric_1,179,2427.9896621674684
CANO_conventional_hydroelectric_1,180,2591.090745360482
CANO_conventional_hydroelectric_1,181,2708.2119360482006
CANO_conventional_hydroelectric_1,182,0.0
CANO_conventional_hydroelectric_1,183,2699.3120074570616
CANO_conventional_hydroelectric_1,184,2059.4515891426145
CANO_conventional_hydroelectric_1,185,2478.914357151835
CANO_conventional_hydroelectric_1,186,3407.1025876409653
CANO_conventional_hydroelectric_1,187,931.5714243240391
CANO_conventional_hydroelectric_1,188,2293.807215566518
CANO_conventional_hydroelectric_1,189,299.8566780120491
CANO_conventional_hydroelectric_1,190,380.2049999999991
CANO_conventional_hydroelectric_1,191,863.8033199999991
CANO_conventional_hydroelectric_1,192,2249.9754334588442
CANO_conventional_hydroelectric_1,193,4262.347439999999
CANO_conventional_hydroelectric_1,194,1387.537695261679
CANO_conventional_hydroelectric_1,195,0.0
CANO_conventional_hydroelectric_1,196,92.42990117503723
CANO_conventional_hydroelectric_1,197,3434.40418700757
CANO_conventional_hydroelectric_1,198,3434.40418700757
CANO_conventional_hydroelectric_1,199,398.19632117503716
CANO_conventional_hydroelectric_1,200,24.957309175037153
CANO_conventional_hydroelectric_1,201,2708.4567797964132
CANO_conventional_hydroelectric_1,202,268.66693695669983
CANO_conventional_hydroelectric_1,203,995.5139258458839
CANO_conventional_hydroelectric_1,204,45.68300253461075
CANO_conventional_hydroelectric_1,205,1664.2121978106413
CANO_conventional_hydroelectric_1,206,2053.703355973724
CANO_conventional_hydroelectric_1,207,2182.223657079349
CANO_conventional_hydroelectric_1,208,1578.1207127925488
CANO_conventional_hydroelectric_1,209,2325.7265156015337
CANO_conventional_hydroelectric_1,210,3304.630364435689
CANO_conventional_hydroelectric_1,211,5186.643294498084
CANO_conventional_hydroelectric_1,212,1567.918147996193
CANO_conventional_hydroelectric_1,213,919.9823960359245
CANO_conventional_hydroelectric_1,214,2085.8130094209123
CANO_conventional_hydroelectric_1,215,2161.527084
CANO_conventional_hydroelectric_1,216,3434.40418700757
CANO_conventional_hydroelectric_1,217,0.0
CANO_conventional_hydroelectric_1,218,2673.922043999999
CANO_conventional_hydroelectric_1,219,2885.915402063836
CANO_conventional_hydroelectric_1,220,5976.411744
CANO_conventional_hydroelectric_1,221,3225.303307266827
CANO_conventional_hydroelectric_1,222,0.0
CANO_conventional_hydroelectric_1,223,5545.418904
CANO_conventional_hydroelectric_1,224,4918.519003006009
CANO_conventional_hydroelectric_1,225,0.0
CANO_conventional_hydroelectric_1,226,1885.9849733355206
CANO_conventional_hydroelectric_1,227,1910.414956726874
CANO_conventional_hydroelectric_1,228,1913.994887014777
CANO_conventional_hydroelectric_1,229,1843.791884059115
CANO_conventional_hydroelectric_1,230,2140.243245442803
CANO_conventional_hydroelectric_1,231,2458.4454808232094
CANO_conventional_hydroelectric_1,232,1838.181691041055
CANO_conventional_hydroelectric_1,233,2293.3766330706117
CANO_conventional_hydroelectric_1,234,2694.501007827042
CANO_conventional_hydroelectric_1,235,1453.713567143328
CANO_conventional_hydroelectric_1,236,432.6687304761918
CANO_conventional_hydroelectric_1,237,3648.7260544980854
CANO_conventional_hydroelectric_1,238,2261.162908617831
CANO_conventional_hydroelectric_1,239,1498.3653083555982
CANO_conventional_hydroelectric_1,240,3198.412836101542
CANO_conventional_hydroelectric_1,241,4904.571263999999
CANO_conventional_hydroelectric_1,242,2921.316077416822
CANO_conventional_hydroelectric_1,243,2921.316077416822
CANO_conventional_hydroelectric_1,244,171.4446983505013
CANO_conventional_hydroelectric_1,245,2921.316077416822
CANO_conventional_hydroelectric_1,246,5862.128291999999
CANO_conventional_hydroelectric_1,247,598.7263653499449
CANO_conventional_hydroelectric_1,248,4730.320104707159
CANO_conventional_hydroelectric_1,249,2433.1104137712105
CANO_conventional_hydroelectric_1,250,1917.0058455610297
CANO_conventional_hydroelectric_1,251,1923.9851805057494
CANO_conventional_hydroelectric_1,252,2259.072492775043
CANO_conventional_hydroelectric_1,253,2490.2327632030665
CANO_conventional_hydroelectric_1,254,2828.959107918994
CANO_conventional_hydroelectric_1,255,3249.4230985462523
CANO_conventional_hydroelectric_1,256,2690.314970933772
CANO_conventional_hydroelectric_1,257,3194.7325506535344
CANO_conventional_hydroelectric_1,258,3773.864727133006
CANO_conventional_hydroelectric_1,259,2921.316077416822
CANO_conventional_hydroelectric_1,260,2232.031018804601
CANO_conventional_hydroelectric_1,261,2475.391307119855
CANO_conventional_hydroelectric_1,262,2921.316077416822
CANO_conventional_hydroelectric_1,263,2921.316077416822
CANO_conventional_hydroelectric_1,264,2921.316077416822
CANO_conventional_hydroelectric_1,265,2248.9312100863503
CANO_conventional_hydroelectric_1,266,3100.1156352710796
CANO_conventional_hydroelectric_1,267,3101.5401582901004
CANO_conventional_hydroelectric_1,268,3102.3573790310793
CANO_conventional_hydroelectric_1,269,3103.7819020501
CANO_conventional_hydroelectric_1,270,0.0
CANO_conventional_hydroelectric_1,271,6036.402840000001
CANO_conventional_hydroelectric_1,272,0.0
CANO_conventional_hydroelectric_1,273,2782.4918944761926
CANO_conventional_hydroelectric_1,274,2365.7598983360726
CANO_conventional_hydroelectric_1,275,2076.865390406133
CANO_conventional_hydroelectric_1,276,2179.8256368932693
CANO_conventional_hydroelectric_1,277,1358.6995789847756
CANO_conventional_hydroelectric_1,278,3059.60465934757
CANO_conventional_hydroelectric_1,279,3250.8291066316424
CANO_conventional_hydroelectric_1,280,2626.9329233256813
CANO_conventional_hydroelectric_1,281,2843.278561916324
CANO_conventional_hydroelectric_1,282,1287.4866793383226
CANO_conventional_hydroelectric_1,283,3119.006751734015
CANO_conventional_hydroelectric_1,284,2675.1329189009352
CANO_conventional_hydroelectric_1,285,3121.2484954940146
CANO_conventional_hydroelectric_1,286,3122.0657162349953
CANO_conventional_hydroelectric_1,287,3122.812964154994
CANO_conventional_hydroelectric_1,288,3124.307459994995
CANO_conventional_hydroelectric_1,289,3134.3597755459355
CANO_conventional_hydroelectric_1,290,4085.7468839999988
CANO_conventional_hydroelectric_1,291,3321.180913571209
CANO_conventional_hydroelectric_1,292,3321.180913571209
CANO_conventional_hydroelectric_1,293,3321.180913571209
CANO_conventional_hydroelectric_1,294,6242.21232
CANO_conventional_hydroelectric_1,295,390.19441710326646
CANO_conventional_hydroelectric_1,296,6033.277565766827
CANO_conventional_hydroelectric_1,297,3114.4222269403344
CANO_conventional_hydroelectric_1,298,2530.6777696157606
CANO_conventional_hydroelectric_1,299,2567.0425029293883
CANO_conventional_hydroelectric_1,300,2953.914704877939
CANO_conventional_hydroelectric_1,301,3309.9254537821557
CANO_conventional_hydroelectric_1,302,3916.573921782156
CANO_conventional_hydroelectric_1,303,4620.522298239736
CANO_conventional_hydroelectric_1,304,4592.301588586753
CANO_conventional_hydroelectric_1,305,3321.180913571209
CANO_conventional_hydroelectric_1,306,3321.180913571209
CANO_conventional_hydroelectric_1,307,3321.180913571209
CANO_conventional_hydroelectric_1,308,5103.939267365077
CANO_conventional_hydroelectric_1,309,4366.275409081399
CANO_conventional_hydroelectric_1,310,4331.007737300472
CANO_conventional_hydroelectric_1,311,4676.097995999999
CANO_conventional_hydroelectric_1,312,4368.482927999999
CANO_conventional_hydroelectric_1,313,2311.2919700863513
CANO_conventional_hydroelectric_1,314,2492.325487135631
CANO_conventional_hydroelectric_1,315,3255.6768530083364
CANO_conventional_hydroelectric_1,316,3254.532221273231
CANO_conventional_hydroelectric_1,317,3254.0648646371455
CANO_conventional_hydroelectric_1,318,0.0
CANO_conventional_hydroelectric_1,319,3252.3829034449745
CANO_conventional_hydroelectric_1,320,139.37431493623626
CANO_conventional_hydroelectric_1,321,3566.190764468527
CANO_conventional_hydroelectric_1,322,2813.5461644948036
CANO_conventional_hydroelectric_1,323,2306.115217582922
CANO_conventional_hydroelectric_1,324,2426.5592563393534
CANO_conventional_hydroelectric_1,325,2974.8180385900364
CANO_conventional_hydroelectric_1,326,2896.0611961992327
CANO_conventional_hydroelectric_1,327,1481.293508182669
CANO_conventional_hydroelectric_1,328,1973.5296975676047
CANO_conventional_hydroelectric_1,329,3394.93450601861
CANO_conventional_hydroelectric_1,330,3242.361109112936
CANO_conventional_hydroelectric_1,331,3241.8237796558724
CANO_conventional_hydroelectric_1,332,1954.849106560414
CANO_conventional_hydroelectric_1,333,2195.117295774492
CANO_conventional_hydroelectric_1,334,2447.1283328056725
CANO_conventional_hydroelectric_1,335,2678.5646760000004
CANO_conventional_hydroelectric_1,336,2654.481252000001
CANO_conventional_hydroelectric_1,337,3311.49683008635
CANO_conventional_hydroelectric_1,338,5170.2404639999995
CANO_conventional_hydroelectric_1,339,3109.2736429799143
CANO_conventional_hydroelectric_1,340,3108.806286343827
CANO_conventional_hydroelectric_1,341,3107.6616546087216
CANO_conventional_hydroelectric_1,342,6826.936282253763
CANO_conventional_hydroelectric_1,343,3105.9796934165524
CANO_conventional_hydroelectric_1,344,3105.512336780467
CANO_conventional_hydroelectric_1,345,1913.9438456016042
CANO_conventional_hydroelectric_1,346,3626.4657093092437
CANO_conventional_hydroelectric_1,347,3278.989334909674
CANO_conventional_hydroelectric_1,348,3101.541112118085
CANO_conventional_hydroelectric_1,349,4029.1525128363323
CANO_conventional_hydroelectric_1,350,2854.8072531120324
CANO_conventional_hydroelectric_1,351,3099.3917942898306
CANO_conventional_hydroelectric_1,352,3098.247162554725
CANO_conventional_hydroelectric_1,353,2945.6737656490504
CANO_conventional_hydroelectric_1,354,3096.635174183534
CANO_conventional_hydroelectric_1,355,4579.075643956218
CANO_conventional_hydroelectric_1,356,5931.330196759712
CANO_conventional_hydroelectric_1,357,4229.48139491406
CANO_conventional_hydroelectric_1,358,4984.944074314182
CANO_conventional_hydroelectric_1,359,4337.222784
CANO_conventional_hydroelectric_1,360,4012.5853439999987
CANO_conventional_hydroelectric_1,361,7348.3092959999985
CANO_conventional_hydroelectric_1,362,2537.8730279769993
CANO_conventional_hydroelectric_1,363,4046.336328
CANO_conventional_hydroelectric_1,364,2692.0152766052606
CANO_conventional_hydroelectric_1,365,2690.450807944281
CANO_conventional_hydroelectric_1,366,0.0
CANO_conventional_hydroelectric_1,367,2686.644595523302
CANO_conventional_hydroelectric_1,368,2685.0801268623245
CANO_conventional_hydroelectric_1,369,2682.838383102323
CANO_conventional_hydroelectric_1,370,2158.1012512633342
CANO_conventional_hydroelectric_1,371,2503.4758275448603
CANO_conventional_hydroelectric_1,372,2677.5376748413446
CANO_conventional_hydroelectric_1,373,1747.894448826034
CANO_conventional_hydroelectric_1,374,2674.4087375193876
CANO_conventional_hydroelectric_1,375,2672.166993759388
CANO_conventional_hydroelectric_1,376,2670.6025250984085
CANO_conventional_hydroelectric_1,377,2669.038056437431
CANO_conventional_hydroelectric_1,378,3465.3500081510647
CANO_conventional_hydroelectric_1,379,4637.011763025725
CANO_conventional_hydroelectric_1,380,3590.9033373704224
CANO_conventional_hydroelectric_1,381,4907.141342579089
CANO_conventional_hydroelectric_1,382,4630.600895999997
CANO_conventional_hydroelectric_1,383,4627.150031999999
CANO_conventional_hydroelectric_1,384,4401.813672000001
CANO_conventional_hydroelectric_1,385,3838.96616608635
CANO_conventional_hydroelectric_1,386,5210.620632
CANO_conventional_hydroelectric_1,387,3556.71246
CANO_conventional_hydroelectric_1,388,2436.4168087210846
CANO_conventional_hydroelectric_1,389,2434.175064961085
CANO_conventional_hydroelectric_1,390,5120.819660484388
CANO_conventional_hydroelectric_1,391,2431.046127639128
CANO_conventional_hydroelectric_1,392,2429.4816589781485
CANO_conventional_hydroelectric_1,393,2427.239915218149
CANO_conventional_hydroelectric_1,394,2425.6754465571694
CANO_conventional_hydroelectric_1,395,2424.11097789619
CANO_conventional_hydroelectric_1,396,2421.9392069571686
CANO_conventional_hydroelectric_1,397,4924.304114169675
CANO_conventional_hydroelectric_1,398,5329.153391645316
CANO_conventional_hydroelectric_1,399,2416.568525875212
CANO_conventional_hydroelectric_1,400,5771.71487109398
CANO_conventional_hydroelectric_1,401,2413.439588553255
CANO_conventional_hydroelectric_1,402,1612.6441493196198
CANO_conventional_hydroelectric_1,403,2737.2269543844986
CANO_conventional_hydroelectric_1,404,2490.2307416902004
CANO_conventional_hydroelectric_1,405,3752.4814985551625
CANO_conventional_hydroelectric_1,406,3782.376036
CANO_conventional_hydroelectric_1,407,3846.857375999999
CANO_conventional_hydroelectric_1,408,3898.2857760000006
CANO_conventional_hydroelectric_1,409,3443.962394086349
CANO_conventional_hydroelectric_1,410,5147.237424
CANO_conventional_hydroelectric_1,411,3366.3450785985387
CANO_conventional_hydroelectric_1,412,2347.636865371721
CANO_conventional_hydroelectric_1,413,2347.636865371721
CANO_conventional_hydroelectric_1,414,0.0
CANO_conventional_hydroelectric_1,415,2347.636865371721
CANO_conventional_hydroelectric_1,416,2347.636865371721
CANO_conventional_hydroelectric_1,417,2347.636865371721
CANO_conventional_hydroelectric_1,418,4486.8110394023
CANO_conventional_hydroelectric_1,419,4215.198870309796
CANO_conventional_hydroelectric_1,420,4116.961290907496
CANO_conventional_hydroelectric_1,421,0.0
CANO_conventional_hydroelectric_1,422,0.0
CANO_conventional_hydroelectric_1,423,2347.636865371721
CANO_conventional_hydroelectric_1,424,0.0
CANO_conventional_hydroelectric_1,425,5304.440590029558
CANO_conventional_hydroelectric_1,426,2347.636865371721
CANO_conventional_hydroelectric_1,427,4001.7491193431847
CANO_conventional_hydroelectric_1,428,3182.3064689719554
CANO_conventional_hydroelectric_1,429,4793.559463693484
CANO_conventional_hydroelectric_1,430,4135.014923999999
CANO_conventional_hydroelectric_1,431,3985.516991999999
CANO_conventional_hydroelectric_1,432,3781.3248240000003
CANO_conventional_hydroelectric_1,433,2005.7020100863492
CANO_conventional_hydroelectric_1,434,2012.2222243161525
CANO_conventional_hydroelectric_1,435,0.0
CANO_conventional_hydroelectric_1,436,2009.653069562025
CANO_conventional_hydroelectric_1,437,2008.3684921849608
CANO_conventional_hydroelectric_1,438,4355.39805527864
CANO_conventional_hydroelectric_1,439,2006.4066397088764
CANO_conventional_hydroelectric_1,440,2005.1220623318122
CANO_conventional_hydroelectric_1,441,2003.83748495475
CANO_conventional_hydroelectric_1,442,0.0
CANO_conventional_hydroelectric_1,443,133.70632526254667
CANO_conventional_hydroelectric_1,444,231.33660238680477
CANO_conventional_hydroelectric_1,445,3106.571452958945
CANO_conventional_hydroelectric_1,446,3483.485728317461
CANO_conventional_hydroelectric_1,447,3832.639889876284
CANO_conventional_hydroelectric_1,448,3422.015723380408
CANO_conventional_hydroelectric_1,449,0.0
CANO_conventional_hydroelectric_1,450,1993.5608659382406
CANO_conventional_hydroelectric_1,451,4027.614662999447
CANO_conventional_hydroelectric_1,452,2141.126776947998
CANO_conventional_hydroelectric_1,453,2288.2208760000017
CANO_conventional_hydroelectric_1,454,2215.249749928128
CANO_conventional_hydroelectric_1,455,2368.7464456362873
CANO_conventional_hydroelectric_1,456,3396.549700288027
CANO_conventional_hydroelectric_1,457,1576.7567949800743
CANO_conventional_hydroelectric_1,458,1915.201645937358
CANO_conventional_hydroelectric_1,459,435.9433142979324
CANO_conventional_hydroelectric_1,460,1915.201645937358
CANO_conventional_hydroelectric_1,461,1915.201645937358
CANO_conventional_hydroelectric_1,462,0.0
CANO_conventional_hydroelectric_1,463,1915.201645937358
CANO_conventional_hydroelectric_1,464,1915.201645937358
CANO_conventional_hydroelectric_1,465,1915.201645937358
CANO_conventional_hydroelectric_1,466,1778.580379484465
CANO_conventional_hydroelectric_1,467,3484.4304574428015
CANO_conventional_hydroelectric_1,468,2965.2478985199773
CANO_conventional_hydroelectric_1,469,2928.578589088119
CANO_conventional_hydroelectric_1,470,3002.3320782397363
CANO_conventional_hydroelectric_1,471,3101.7265638817726
CANO_conventional_hydroelectric_1,472,2448.772001712096
CANO_conventional_hydroelectric_1,473,3343.574274509029
CANO_conventional_hydroelectric_1,474,5531.375711025724
CANO_conventional_hydroelectric_1,475,1915.201645937358
CANO_conventional_hydroelectric_1,476,4060.173084137521
CANO_conventional_hydroelectric_1,477,1796.1714479999991
CANO_conventional_hydroelectric_1,478,1349.869083580964
CANO_conventional_hydroelectric_1,479,1915.201645937358
CANO_conventional_hydroelectric_1,480,961.8519333395953
CANO_conventional_hydroelectric_1,481,0.0
CANO_conventional_hydroelectric_1,482,0.0
CANO_conventional_hydroelectric_1,483,1586.1286256227859
CANO_conventional_hydroelectric_1,484,1586.1286256227859
CANO_conventional_hydroelectric_1,485,1586.1286256227859
CANO_conventional_hydroelectric_1,486,0.0
CANO_conventional_hydroelectric_1,487,1586.1286256227859
CANO_conventional_hydroelectric_1,488,1586.1286256227859
CANO_conventional_hydroelectric_1,489,1586.1286256227859
CANO_conventional_hydroelectric_1,490,1586.1286256227859
CANO_conventional_hydroelectric_1,491,16.89981411734243
CANO_conventional_hydroelectric_1,492,536.0823730401662
CANO_conventional_hydroelectric_1,493,0.0
CANO_conventional_hydroelectric_1,494,0.0
CANO_conventional_hydroelectric_1,495,0.0
CANO_conventional_hydroelectric_1,496,0.0
CANO_conventional_hydroelectric_1,497,0.0
CANO_conventional_hydroelectric_1,498,0.0
CANO_conventional_hydroelectric_1,499,535.3781548738662
CANO_conventional_hydroelectric_1,500,1586.128625622786
CANO_conventional_hydroelectric_1,501,1705.158823560145
CANO_conventional_hydroelectric_1,502,1881.19416
CANO_conventional_hydroelectric_1,503,1479.886584
CANO_conventional_hydroelectric_1,504,0.0
CANO_conventional_hydroelectric_1,505,3871.2725403042073
CANO_conventional_hydroelectric_1,506,992.3009404644068
CANO_conventional_hydroelectric_1,507,1813.3906000398738
CANO_conventional_hydroelectric_1,508,1815.3749056267252
CANO_conventional_hydroelectric_1,509,1816.6819361145563
CANO_conventional_hydroelectric_1,510,3297.169497855765
CANO_conventional_hydroelectric_1,511,1819.9732721892387
CANO_conventional_hydroelectric_1,512,1821.9575777760901
CANO_conventional_hydroelectric_1,513,1823.2646082639194
CANO_conventional_hydroelectric_1,514,1825.2489138507708
CANO_conventional_hydroelectric_1,515,1826.5559443386019
CANO_conventional_hydroelectric_1,516,1827.8629748264311
CANO_conventional_hydroelectric_1,517,1284.1196277747085
CANO_conventional_hydroelectric_1,518,1490.3109663636715
CANO_conventional_hydroelectric_1,519,2945.4461787814234
CANO_conventional_hydroelectric_1,520,3710.639123706232
CANO_conventional_hydroelectric_1,521,2608.3432771657035
CANO_conventional_hydroelectric_1,522,555.8469499948715
CANO_conventional_hydroelectric_1,523,2890.541732207227
CANO_conventional_hydroelectric_1,524,0.0
CANO_conventional_hydroelectric_1,525,1842.405322433968
CANO_conventional_hydroelectric_1,526,2114.6566559999997
CANO_conventional_hydroelectric_1,527,1675.6541640000003
CANO_conventional_hydroelectric_1,528,1082.8013999999987
CANO_conventional_hydroelectric_1,529,599.3998776280176
CANO_conventional_hydroelectric_1,530,2988.9414959999986
CANO_conventional_hydroelectric_1,531,3178.1346338853764
CANO_conventional_hydroelectric_1,532,4117.0059002578355
CANO_conventional_hydroelectric_1,533,2176.739371765342
CANO_conventional_hydroelectric_1,534,0.0
CANO_conventional_hydroelectric_1,535,2176.739371765342
CANO_conventional_hydroelectric_1,536,4107.644154891408
CANO_conventional_hydroelectric_1,537,3461.937212927817
CANO_conventional_hydroelectric_1,538,5174.686219208672
CANO_conventional_hydroelectric_1,539,4100.336687932811
CANO_conventional_hydroelectric_1,540,4841.352648032836
CANO_conventional_hydroelectric_1,541,3950.6826238554954
CANO_conventional_hydroelectric_1,542,3846.361569331137
CANO_conventional_hydroelectric_1,543,2915.5150904170796
CANO_conventional_hydroelectric_1,544,2499.388231128623
CANO_conventional_hydroelectric_1,545,3336.467792468525
CANO_conventional_hydroelectric_1,546,4901.773526180624
CANO_conventional_hydroelectric_1,547,0.0
CANO_conventional_hydroelectric_1,548,1487.3244024932037
CANO_conventional_hydroelectric_1,549,2176.7393717653426
CANO_conventional_hydroelectric_1,550,868.2670383718917
CANO_conventional_hydroelectric_1,551,1989.974099999999
CANO_conventional_hydroelectric_1,552,532.8674778736877
CANO_conventional_hydroelectric_1,553,647.400121779468
CANO_conventional_hydroelectric_1,554,2205.6235385365876
CANO_conventional_hydroelectric_1,555,2542.5097320000004
CANO_conventional_hydroelectric_1,556,0.0
CANO_conventional_hydroelectric_1,557,3534.5432487536073
CANO_conventional_hydroelectric_1,558,0.0
CANO_conventional_hydroelectric_1,559,5914.124423792517
CANO_conventional_hydroelectric_1,560,0.0
CANO_conventional_hydroelectric_1,561,2338.163748
CANO_conventional_hydroelectric_1,562,1748.347523748363
CANO_conventional_hydroelectric_1,563,0.0
CANO_conventional_hydroelectric_1,564,0.0
CANO_conventional_hydroelectric_1,565,0.0
CANO_conventional_hydroelectric_1,566,0.0
CANO_conventional_hydroelectric_1,567,0.0
CANO_conventional_hydroelectric_1,568,0.0
CANO_conventional_hydroelectric_1,569,0.0
CANO_conventional_hydroelectric_1,570,0.0
CANO_conventional_hydroelectric_1,571,556.2585931100634
CANO_conventional_hydroelectric_1,572,2460.1380939275587
CANO_conventional_hydroelectric_1,573,1849.9803239999997
CANO_conventional_hydroelectric_1,574,1902.4770719999992
CANO_conventional_hydroelectric_1,575,1562.7566879999995
CANO_conventional_hydroelectric_1,576,1282.2085439999985
CASO_conventional_hydroelectric_1,1,0.0
CASO_conventional_hydroelectric_1,2,289.75126611775
CASO_conventional_hydroelectric_1,3,0.0
CASO_conventional_hydroelectric_1,4,0.0
CASO_conventional_hydroelectric_1,5,179.4130954806049
CASO_conventional_hydroelectric_1,6,0.0
CASO_conventional_hydroelectric_1,7,978.2687096149746
CASO_conventional_hydroelectric_1,8,0.0
CASO_conventional_hydroelectric_1,9,249.87921584784493
CASO_conventional_hydroelectric_1,10,179.15161289377676
CASO_conventional_hydroelectric_1,11,0.0
CASO_conventional_hydroelectric_1,12,0.0
CASO_conventional_hydroelectric_1,13,0.0
CASO_conventional_hydroelectric_1,14,0.0
CASO_conventional_hydroelectric_1,15,205.77626443401488
CASO_conventional_hydroelectric_1,16,0.0
CASO_conventional_hydroelectric_1,17,0.0
CASO_conventional_hydroelectric_1,18,0.0
CASO_conventional_hydroelectric_1,19,247.92487930065207
CASO_conventional_hydroelectric_1,20,177.5695061826479
CASO_conventional_hydroelectric_1,21,965.6024198808727
CASO_conventional_hydroelectric_1,22,0.0
CASO_conventional_hydroelectric_1,23,877.9313163103616
CASO_conventional_hydroelectric_1,24,748.2002281256968
CASO_conventional_hydroelectric_1,25,0.0
CASO_conventional_hydroelectric_1,26,0.0
CASO_conventional_hydroelectric_1,27,287.990166470894
CASO_conventional_hydroelectric_1,28,0.0
CASO_conventional_hydroelectric_1,29,0.0
CASO_conventional_hydroelectric_1,30,331.1927854178827
CASO_conventional_hydroelectric_1,31,0.0
CASO_conventional_hydroelectric_1,32,0.0
CASO_conventional_hydroelectric_1,33,0.0
CASO_conventional_hydroelectric_1,34,1042.4399999999998
CASO_conventional_hydroelectric_1,35,0.0
CASO_conventional_hydroelectric_1,36,364.81329954078274
CASO_conventional_hydroelectric_1,37,1042.44
CASO_conventional_hydroelectric_1,38,287.07873260790655
CASO_conventional_hydroelectric_1,39,0.0
CASO_conventional_hydroelectric_1,40,488.5250034866434
CASO_conventional_hydroelectric_1,41,1042.44
CASO_conventional_hydroelectric_1,42,0.0
CASO_conventional_hydroelectric_1,43,465.37623766597983
CASO_conventional_hydroelectric_1,44,150.80343063327143
CASO_conventional_hydroelectric_1,45,0.0
CASO_conventional_hydroelectric_1,46,0.0
CASO_conventional_hydroelectric_1,47,0.0
CASO_conventional_hydroelectric_1,48,0.0
CASO_conventional_hydroelectric_1,49,271.6223262030247
CASO_conventional_hydroelectric_1,50,0.0
CASO_conventional_hydroelectric_1,51,0.0
CASO_conventional_hydroelectric_1,52,0.0
CASO_conventional_hydroelectric_1,53,0.0
CASO_conventional_hydroelectric_1,54,0.0
CASO_conventional_hydroelectric_1,55,0.0
CASO_conventional_hydroelectric_1,56,0.0
CASO_conventional_hydroelectric_1,57,350.2603555338964
CASO_conventional_hydroelectric_1,58,135.81116310151234
CASO_conventional_hydroelectric_1,59,0.0
CASO_conventional_hydroelectric_1,60,964.8769585620561
CASO_conventional_hydroelectric_1,61,135.81116310151234
CASO_conventional_hydroelectric_1,62,1042.4399999999998
CASO_conventional_hydroelectric_1,63,1042.44
CASO_conventional_hydroelectric_1,64,105.86058048676367
CASO_conventional_hydroelectric_1,65,0.0
CASO_conventional_hydroelectric_1,66,491.7905885386742
CASO_conventional_hydroelectric_1,67,0.0
CASO_conventional_hydroelectric_1,68,0.0
CASO_conventional_hydroelectric_1,69,0.0
CASO_conventional_hydroelectric_1,70,0.0
CASO_conventional_hydroelectric_1,71,0.0
CASO_conventional_hydroelectric_1,72,0.0
CASO_conventional_hydroelectric_1,73,0.0
CASO_conventional_hydroelectric_1,74,0.0
CASO_conventional_hydroelectric_1,75,273.978749515097
CASO_conventional_hydroelectric_1,76,0.0
CASO_conventional_hydroelectric_1,77,423.6113228249403
CASO_conventional_hydroelectric_1,78,271.62232620302467
CASO_conventional_hydroelectric_1,79,423.4406160146458
CASO_conventional_hydroelectric_1,80,0.0
CASO_conventional_hydroelectric_1,81,963.8019706691281
CASO_conventional_hydroelectric_1,82,135.81116310151234
CASO_conventional_hydroelectric_1,83,0.0
CASO_conventional_hydroelectric_1,84,135.81116310151234
CASO_conventional_hydroelectric_1,85,0.0
CASO_conventional_hydroelectric_1,86,0.0
CASO_conventional_hydroelectric_1,87,0.0
CASO_conventional_hydroelectric_1,88,0.0
CASO_conventional_hydroelectric_1,89,0.0
CASO_conventional_hydroelectric_1,90,0.0
CASO_conventional_hydroelectric_1,91,0.0
CASO_conventional_hydroelectric_1,92,0.0
CASO_conventional_hydroelectric_1,93,0.0
CASO_conventional_hydroelectric_1,94,135.81116310151242
CASO_conventional_hydroelectric_1,95,490.9701412308431
CASO_conventional_hydroelectric_1,96,0.0
CASO_conventional_hydroelectric_1,97,276.7237603841868
CASO_conventional_hydroelectric_1,98,0.0
CASO_conventional_hydroelectric_1,99,0.0
CASO_conventional_hydroelectric_1,100,0.0
CASO_conventional_hydroelectric_1,101,0.0
CASO_conventional_hydroelectric_1,102,0.0
CASO_conventional_hydroelectric_1,103,0.0
CASO_conventional_hydroelectric_1,104,0.0
CASO_conventional_hydroelectric_1,105,138.16393552263202
CASO_conventional_hydroelectric_1,106,138.16475420726985
CASO_conventional_hydroelectric_1,107,0.0
CASO_conventional_hydroelectric_1,108,0.0
CASO_conventional_hydroelectric_1,109,0.0
CASO_conventional_hydroelectric_1,110,0.0
CASO_conventional_hydroelectric_1,111,0.0
CASO_conventional_hydroelectric_1,112,0.0
CASO_conventional_hydroelectric_1,113,0.0
CASO_conventional_hydroelectric_1,114,0.0
CASO_conventional_hydroelectric_1,115,0.0
CASO_conventional_hydroelectric_1,116,0.0
CASO_conventional_hydroelectric_1,117,0.0
CASO_conventional_hydroelectric_1,118,650.0453603722201
CASO_conventional_hydroelectric_1,119,0.0
CASO_conventional_hydroelectric_1,120,0.0
CASO_conventional_hydroelectric_1,121,0.0
CASO_conventional_hydroelectric_1,122,0.0
CASO_conventional_hydroelectric_1,123,360.4322289545238
CASO_conventional_hydroelectric_1,124,575.907168589394
CASO_conventional_hydroelectric_1,125,230.59090597044985
CASO_conventional_hydroelectric_1,126,42.018541709749734
CASO_conventional_hydroelectric_1,127,0.0
CASO_conventional_hydroelectric_1,128,223.8883606805244
CASO_conventional_hydroelectric_1,129,138.5947738449456
CASO_conventional_hydroelectric_1,130,0.0
CASO_conventional_hydroelectric_1,131,0.0
CASO_conventional_hydroelectric_1,132,170.60401267880903
CASO_conventional_hydroelectric_1,133,0.0
CASO_conventional_hydroelectric_1,134,0.0
CASO_conventional_hydroelectric_1,135,0.0
CASO_conventional_hydroelectric_1,136,0.0
CASO_conventional_hydroelectric_1,137,0.0
CASO_conventional_hydroelectric_1,138,547.7460238363856
CASO_conventional_hydroelectric_1,139,0.0
CASO_conventional_hydroelectric_1,140,0.0
CASO_conventional_hydroelectric_1,141,0.0
CASO_conventional_hydroelectric_1,142,0.0
CASO_conventional_hydroelectric_1,143,0.0
CASO_conventional_hydroelectric_1,144,0.0
CASO_conventional_hydroelectric_1,145,221.16237218254173
CASO_conventional_hydroelectric_1,146,242.52761004000695
CASO_conventional_hydroelectric_1,147,0.0
CASO_conventional_hydroelectric_1,148,827.3450738600619
CASO_conventional_hydroelectric_1,149,268.7049296311421
CASO_conventional_hydroelectric_1,150,457.6766073239462
CASO_conventional_hydroelectric_1,151,499.90773045688513
CASO_conventional_hydroelectric_1,152,878.8127254061828
CASO_conventional_hydroelectric_1,153,0.0
CASO_conventional_hydroelectric_1,154,0.0
CASO_conventional_hydroelectric_1,155,65.76434506586293
CASO_conventional_hydroelectric_1,156,83.81293331552234
CASO_conventional_hydroelectric_1,157,0.0
CASO_conventional_hydroelectric_1,158,0.0
CASO_conventional_hydroelectric_1,159,0.0
CASO_conventional_hydroelectric_1,160,0.0
CASO_conventional_hydroelectric_1,161,0.0
CASO_conventional_hydroelectric_1,162,0.0
CASO_conventional_hydroelectric_1,163,0.0
CASO_conventional_hydroelectric_1,164,0.0
CASO_conventional_hydroelectric_1,165,0.0
CASO_conventional_hydroelectric_1,166,0.0
CASO_conventional_hydroelectric_1,167,0.0
CASO_conventional_hydroelectric_1,168,0.0
CASO_conventional_hydroelectric_1,169,1042.44
CASO_conventional_hydroelectric_1,170,243.02001018519877
CASO_conventional_hydroelectric_1,171,264.00523454773156
CASO_conventional_hydroelectric_1,172,3.90133527319651
CASO_conventional_hydroelectric_1,173,0.0
CASO_conventional_hydroelectric_1,174,0.0
CASO_conventional_hydroelectric_1,175,0.0
CASO_conventional_hydroelectric_1,176,264.0052345477315
CASO_conventional_hydroelectric_1,177,0.0
CASO_conventional_hydroelectric_1,178,0.0
CASO_conventional_hydroelectric_1,179,307.97788724934
CASO_conventional_hydroelectric_1,180,0.0
CASO_conventional_hydroelectric_1,181,0.0
CASO_conventional_hydroelectric_1,182,0.0
CASO_conventional_hydroelectric_1,183,0.0
CASO_conventional_hydroelectric_1,184,0.0
CASO_conventional_hydroelectric_1,185,0.0
CASO_conventional_hydroelectric_1,186,0.0
CASO_conventional_hydroelectric_1,187,0.0
CASO_conventional_hydroelectric_1,188,0.0
CASO_conventional_hydroelectric_1,189,148.89113267391906
CASO_conventional_hydroelectric_1,190,119.2601475821447
CASO_conventional_hydroelectric_1,191,0.0
CASO_conventional_hydroelectric_1,192,149.6273901510217
CASO_conventional_hydroelectric_1,193,0.0
CASO_conventional_hydroelectric_1,194,1042.4399999999998
CASO_conventional_hydroelectric_1,195,555.6867504808702
CASO_conventional_hydroelectric_1,196,309.9175736849357
CASO_conventional_hydroelectric_1,197,313.7138462734944
CASO_conventional_hydroelectric_1,198,313.6087835888565
CASO_conventional_hydroelectric_1,199,362.959638524566
CASO_conventional_hydroelectric_1,200,0.0
CASO_conventional_hydroelectric_1,201,1.1155076039268579
CASO_conventional_hydroelectric_1,202,509.0104433383817
CASO_conventional_hydroelectric_1,203,1042.44
CASO_conventional_hydroelectric_1,204,301.94873406776077
CASO_conventional_hydroelectric_1,205,415.1615459181746
CASO_conventional_hydroelectric_1,206,415.47591528745033
CASO_conventional_hydroelectric_1,207,415.87686608882996
CASO_conventional_hydroelectric_1,208,731.3100237900225
CASO_conventional_hydroelectric_1,209,552.3840494238261
CASO_conventional_hydroelectric_1,210,555.6867504808702
CASO_conventional_hydroelectric_1,211,1042.44
CASO_conventional_hydroelectric_1,212,1042.4399999999998
CASO_conventional_hydroelectric_1,213,555.6867504808702
CASO_conventional_hydroelectric_1,214,643.2581074898401
CASO_conventional_hydroelectric_1,215,555.6867504808702
CASO_conventional_hydroelectric_1,216,555.6867504808702
CASO_conventional_hydroelectric_1,217,314.2198597595118
CASO_conventional_hydroelectric_1,218,50.10956252714254
CASO_conventional_hydroelectric_1,219,536.6719866141682
CASO_conventional_hydroelectric_1,220,0.0
CASO_conventional_hydroelectric_1,221,0.0
CASO_conventional_hydroelectric_1,222,0.0
CASO_conventional_hydroelectric_1,223,0.0
CASO_conventional_hydroelectric_1,224,49.308479609021106
CASO_conventional_hydroelectric_1,225,535.9566664435129
CASO_conventional_hydroelectric_1,226,166.84651130146975
CASO_conventional_hydroelectric_1,227,0.0
CASO_conventional_hydroelectric_1,228,258.1595862171331
CASO_conventional_hydroelectric_1,229,535.4506529574953
CASO_conventional_hydroelectric_1,230,535.2606462100291
CASO_conventional_hydroelectric_1,231,535.1555835253914
CASO_conventional_hydroelectric_1,232,286.68568135241014
CASO_conventional_hydroelectric_1,233,534.8605140932875
CASO_conventional_hydroelectric_1,234,534.7554514086496
CASO_conventional_hydroelectric_1,235,45.289639696683366
CASO_conventional_hydroelectric_1,236,45.58389044414969
CASO_conventional_hydroelectric_1,237,534.3545006072698
CASO_conventional_hydroelectric_1,238,446.67808091366214
CASO_conventional_hydroelectric_1,239,534.1443752379942
CASO_conventional_hydroelectric_1,240,534.0393125533562
CASO_conventional_hydroelectric_1,241,508.3687974673387
CASO_conventional_hydroelectric_1,242,508.3687974673387
CASO_conventional_hydroelectric_1,243,508.3687974673387
CASO_conventional_hydroelectric_1,244,508.3687974673387
CASO_conventional_hydroelectric_1,245,508.3687974673387
CASO_conventional_hydroelectric_1,246,508.3687974673387
CASO_conventional_hydroelectric_1,247,458.8279357841631
CASO_conventional_hydroelectric_1,248,508.3687974673387
CASO_conventional_hydroelectric_1,249,508.3687974673387
CASO_conventional_hydroelectric_1,250,508.3687974673387
CASO_conventional_hydroelectric_1,251,508.3687974673387
CASO_conventional_hydroelectric_1,252,508.3687974673387
CASO_conventional_hydroelectric_1,253,508.3687974673387
CASO_conventional_hydroelectric_1,254,508.3687974673387
CASO_conventional_hydroelectric_1,255,508.3687974673387
CASO_conventional_hydroelectric_1,256,508.3687974673387
CASO_conventional_hydroelectric_1,257,508.3687974673387
CASO_conventional_hydroelectric_1,258,508.3687974673387
CASO_conventional_hydroelectric_1,259,508.3687974673387
CASO_conventional_hydroelectric_1,260,508.3687974673387
CASO_conventional_hydroelectric_1,261,508.3687974673387
CASO_conventional_hydroelectric_1,262,508.3687974673387
CASO_conventional_hydroelectric_1,263,508.3687974673387
CASO_conventional_hydroelectric_1,264,508.3687974673387
CASO_conventional_hydroelectric_1,265,459.6589090882462
CASO_conventional_hydroelectric_1,266,459.3191328369328
CASO_conventional_hydroelectric_1,267,458.9986565227912
CASO_conventional_hydroelectric_1,268,458.7446430189441
CASO_conventional_hydroelectric_1,269,634.6909016710235
CASO_conventional_hydroelectric_1,270,458.17015320095516
CASO_conventional_hydroelectric_1,271,457.83119563427977
CASO_conventional_hydroelectric_1,272,457.5107193201379
CASO_conventional_hydroelectric_1,273,457.2567058162906
CASO_conventional_hydroelectric_1,274,456.936229502149
CASO_conventional_hydroelectric_1,275,456.5972719354736
CASO_conventional_hydroelectric_1,276,456.3617396841603
CASO_conventional_hydroelectric_1,277,456.02278211748467
CASO_conventional_hydroelectric_1,278,455.78724986617135
CASO_conventional_hydroelectric_1,279,455.44829229949596
CASO_conventional_hydroelectric_1,280,455.10851604818254
CASO_conventional_hydroelectric_1,281,454.8729837968692
CASO_conventional_hydroelectric_1,282,454.5340262301936
CASO_conventional_hydroelectric_1,283,454.213549916052
CASO_conventional_hydroelectric_1,284,453.9595364122049
CASO_conventional_hydroelectric_1,285,453.6390600980633
CASO_conventional_hydroelectric_1,286,453.30010253138767
CASO_conventional_hydroelectric_1,287,453.06457028007435
CASO_conventional_hydroelectric_1,288,452.72561271339873
CASO_conventional_hydroelectric_1,289,1042.44
CASO_conventional_hydroelectric_1,290,1042.4399999999998
CASO_conventional_hydroelectric_1,291,398.8908414762536
CASO_conventional_hydroelectric_1,292,398.8908414762536
CASO_conventional_hydroelectric_1,293,222.62410651003233
CASO_conventional_hydroelectric_1,294,398.8908414762536
CASO_conventional_hydroelectric_1,295,398.8908414762536
CASO_conventional_hydroelectric_1,296,398.8908414762536
CASO_conventional_hydroelectric_1,297,398.8908414762536
CASO_conventional_hydroelectric_1,298,398.8908414762536
CASO_conventional_hydroelectric_1,299,398.8908414762536
CASO_conventional_hydroelectric_1,300,398.8908414762536
CASO_conventional_hydroelectric_1,301,398.8908414762536
CASO_conventional_hydroelectric_1,302,398.8908414762536
CASO_conventional_hydroelectric_1,303,398.8908414762536
CASO_conventional_hydroelectric_1,304,398.8908414762536
CASO_conventional_hydroelectric_1,305,793.3478860934995
CASO_conventional_hydroelectric_1,306,793.3277674716901
CASO_conventional_hydroelectric_1,307,793.242004724224
CASO_conventional_hydroelectric_1,308,793.2218861024144
CASO_conventional_hydroelectric_1,309,793.2025861652428
CASO_conventional_hydroelectric_1,310,661.7395732628302
CASO_conventional_hydroelectric_1,311,700.492616504438
CASO_conventional_hydroelectric_1,312,398.8908414762536
CASO_conventional_hydroelectric_1,313,0.0
CASO_conventional_hydroelectric_1,314,0.0
CASO_conventional_hydroelectric_1,315,395.16871389694893
CASO_conventional_hydroelectric_1,316,395.1485952751393
CASO_conventional_hydroelectric_1,317,836.8788835469229
CASO_conventional_hydroelectric_1,318,395.0427139058636
CASO_conventional_hydroelectric_1,319,394.9384699058635
CASO_conventional_hydroelectric_1,320,394.9183512840541
CASO_conventional_hydroelectric_1,321,394.9175325994163
CASO_conventional_hydroelectric_1,322,394.8124699147784
CASO_conventional_hydroelectric_1,323,394.7931699776068
CASO_conventional_hydroelectric_1,324,394.7065885455029
CASO_conventional_hydroelectric_1,325,394.6872886083313
CASO_conventional_hydroelectric_1,326,394.58222592369316
CASO_conventional_hydroelectric_1,327,394.5629259865216
CASO_conventional_hydroelectric_1,328,394.56128861724596
CASO_conventional_hydroelectric_1,329,0.0
CASO_conventional_hydroelectric_1,330,0.0
CASO_conventional_hydroelectric_1,331,0.0
CASO_conventional_hydroelectric_1,332,0.0
CASO_conventional_hydroelectric_1,333,0.0
CASO_conventional_hydroelectric_1,334,131.35795021777471
CASO_conventional_hydroelectric_1,335,92.60408829152902
CASO_conventional_hydroelectric_1,336,394.10080063507553
CASO_conventional_hydroelectric_1,337,1042.44
CASO_conventional_hydroelectric_1,338,584.5611091571811
CASO_conventional_hydroelectric_1,339,599.3359508344918
CASO_conventional_hydroelectric_1,340,386.7616081611038
CASO_conventional_hydroelectric_1,341,348.4850504096704
CASO_conventional_hydroelectric_1,342,386.7406708546564
CASO_conventional_hydroelectric_1,343,539.832636834677
CASO_conventional_hydroelectric_1,344,386.6347894853809
CASO_conventional_hydroelectric_1,345,386.5305454853808
CASO_conventional_hydroelectric_1,346,386.5104268635712
CASO_conventional_hydroelectric_1,347,386.4911269263996
CASO_conventional_hydroelectric_1,348,386.40454549429546
CASO_conventional_hydroelectric_1,349,386.3852455571239
CASO_conventional_hydroelectric_1,350,638.441666237093
CASO_conventional_hydroelectric_1,351,588.7309280409258
CASO_conventional_hydroelectric_1,352,386.1743015032105
CASO_conventional_hydroelectric_1,353,386.1550015660389
CASO_conventional_hydroelectric_1,354,386.1348829442293
CASO_conventional_hydroelectric_1,355,386.04912019676317
CASO_conventional_hydroelectric_1,356,386.02900157495355
CASO_conventional_hydroelectric_1,357,791.5207866530111
CASO_conventional_hydroelectric_1,358,791.6689187875829
CASO_conventional_hydroelectric_1,359,1042.44
CASO_conventional_hydroelectric_1,360,385.79875758386834
CASO_conventional_hydroelectric_1,361,0.0
CASO_conventional_hydroelectric_1,362,999.4947203770189
CASO_conventional_hydroelectric_1,363,1042.44
CASO_conventional_hydroelectric_1,364,1042.4399999999998
CASO_conventional_hydroelectric_1,365,1042.4399999999998
CASO_conventional_hydroelectric_1,366,965.3485975243979
CASO_conventional_hydroelectric_1,367,1042.44
CASO_conventional_hydroelectric_1,368,1042.4399999999998
CASO_conventional_hydroelectric_1,369,404.0536272203767
CASO_conventional_hydroelectric_1,370,404.2033967242239
CASO_conventional_hydroelectric_1,371,1042.44
CASO_conventional_hydroelectric_1,372,1042.4399999999998
CASO_conventional_hydroelectric_1,373,1042.44
CASO_conventional_hydroelectric_1,374,1042.4399999999998
CASO_conventional_hydroelectric_1,375,1042.44
CASO_conventional_hydroelectric_1,376,1042.4399999999998
CASO_conventional_hydroelectric_1,377,1042.44
CASO_conventional_hydroelectric_1,378,1042.4399999999998
CASO_conventional_hydroelectric_1,379,405.38143413319176
CASO_conventional_hydroelectric_1,380,1042.4399999999998
CASO_conventional_hydroelectric_1,381,1042.44
CASO_conventional_hydroelectric_1,382,1042.4399999999998
CASO_conventional_hydroelectric_1,383,791.7993883542582
CASO_conventional_hydroelectric_1,384,1042.4399999999998
CASO_conventional_hydroelectric_1,385,963.7992446543907
CASO_conventional_hydroelectric_1,386,422.29131001114354
CASO_conventional_hydroelectric_1,387,0.0
CASO_conventional_hydroelectric_1,388,287.2388068752736
CASO_conventional_hydroelectric_1,389,422.6556744598567
CASO_conventional_hydroelectric_1,390,903.5011651481409
CASO_conventional_hydroelectric_1,391,308.6144348018663
CASO_conventional_hydroelectric_1,392,827.0088406879279
CASO_conventional_hydroelectric_1,393,423.25475247524537
CASO_conventional_hydroelectric_1,394,433.28162023539426
CASO_conventional_hydroelectric_1,395,827.7375695853539
CASO_conventional_hydroelectric_1,396,828.0362899084106
CASO_conventional_hydroelectric_1,397,289.71941400106556
CASO_conventional_hydroelectric_1,398,576.4738845591926
CASO_conventional_hydroelectric_1,399,626.3983990155874
CASO_conventional_hydroelectric_1,400,829.0645578135316
CASO_conventional_hydroelectric_1,401,829.3640968212255
CASO_conventional_hydroelectric_1,402,829.6636358289202
CASO_conventional_hydroelectric_1,403,1042.44
CASO_conventional_hydroelectric_1,404,830.1777697814805
CASO_conventional_hydroelectric_1,405,424.7963356482887
CASO_conventional_hydroelectric_1,406,0.0
CASO_conventional_hydroelectric_1,407,425.095874655983
CASO_conventional_hydroelectric_1,408,831.2909817494295
CASO_conventional_hydroelectric_1,409,429.2274275289997
CASO_conventional_hydroelectric_1,410,429.2274275289997
CASO_conventional_hydroelectric_1,411,0.0
CASO_conventional_hydroelectric_1,412,967.8850680583428
CASO_conventional_hydroelectric_1,413,429.2274275289997
CASO_conventional_hydroelectric_1,414,429.2274275289997
CASO_conventional_hydroelectric_1,415,260.8176860775592
CASO_conventional_hydroelectric_1,416,429.2274275289997
CASO_conventional_hydroelectric_1,417,1042.44
CASO_conventional_hydroelectric_1,418,1042.4399999999998
CASO_conventional_hydroelectric_1,419,0.0
CASO_conventional_hydroelectric_1,420,0.0
CASO_conventional_hydroelectric_1,421,271.6287265037931
CASO_conventional_hydroelectric_1,422,429.2274275289997
CASO_conventional_hydroelectric_1,423,429.2274275289997
CASO_conventional_hydroelectric_1,424,429.2274275289997
CASO_conventional_hydroelectric_1,425,429.2274275289997
CASO_conventional_hydroelectric_1,426,429.2274275289997
CASO_conventional_hydroelectric_1,427,593.5077279578361
CASO_conventional_hydroelectric_1,428,429.2274275289997
CASO_conventional_hydroelectric_1,429,429.2274275289997
CASO_conventional_hydroelectric_1,430,854.1735326811356
CASO_conventional_hydroelectric_1,431,429.2274275289997
CASO_conventional_hydroelectric_1,432,429.2274275289997
CASO_conventional_hydroelectric_1,433,257.58749929190765
CASO_conventional_hydroelectric_1,434,257.0384163559565
CASO_conventional_hydroelectric_1,435,256.4228706097108
CASO_conventional_hydroelectric_1,436,0.0
CASO_conventional_hydroelectric_1,437,0.0
CASO_conventional_hydroelectric_1,438,254.64269618126824
CASO_conventional_hydroelectric_1,439,0.0
CASO_conventional_hydroelectric_1,440,0.0
CASO_conventional_hydroelectric_1,441,0.0
CASO_conventional_hydroelectric_1,442,0.0
CASO_conventional_hydroelectric_1,443,0.0
CASO_conventional_hydroelectric_1,444,0.0
CASO_conventional_hydroelectric_1,445,0.0
CASO_conventional_hydroelectric_1,446,0.0
CASO_conventional_hydroelectric_1,447,0.0
CASO_conventional_hydroelectric_1,448,0.0
CASO_conventional_hydroelectric_1,449,0.0
CASO_conventional_hydroelectric_1,450,247.31514783677366
CASO_conventional_hydroelectric_1,451,507.0010423651139
CASO_conventional_hydroelectric_1,452,246.06557509174846
CASO_conventional_hydroelectric_1,453,245.5349734083311
CASO_conventional_hydroelectric_1,454,244.9009464095516
CASO_conventional_hydroelectric_1,455,0.0
CASO_conventional_hydroelectric_1,456,0.0
CASO_conventional_hydroelectric_1,457,0.0
CASO_conventional_hydroelectric_1,458,0.0
CASO_conventional_hydroelectric_1,459,207.32308920350238
CASO_conventional_hydroelectric_1,460,0.0
CASO_conventional_hydroelectric_1,461,0.0
CASO_conventional_hydroelectric_1,462,0.0
CASO_conventional_hydroelectric_1,463,0.0
CASO_conventional_hydroelectric_1,464,0.0
CASO_conventional_hydroelectric_1,465,0.0
CASO_conventional_hydroelectric_1,466,0.0
CASO_conventional_hydroelectric_1,467,0.0
CASO_conventional_hydroelectric_1,468,0.0
CASO_conventional_hydroelectric_1,469,275.1510750493996
CASO_conventional_hydroelectric_1,470,131.322765084802
CASO_conventional_hydroelectric_1,471,0.0
CASO_conventional_hydroelectric_1,472,0.0
CASO_conventional_hydroelectric_1,473,0.0
CASO_conventional_hydroelectric_1,474,0.0
CASO_conventional_hydroelectric_1,475,207.3230892035023
CASO_conventional_hydroelectric_1,476,207.3230892035023
CASO_conventional_hydroelectric_1,477,0.0
CASO_conventional_hydroelectric_1,478,0.0
CASO_conventional_hydroelectric_1,479,0.0
CASO_conventional_hydroelectric_1,480,0.0
CASO_conventional_hydroelectric_1,481,0.0
CASO_conventional_hydroelectric_1,482,22.93866239265274
CASO_conventional_hydroelectric_1,483,163.70797489540996
CASO_conventional_hydroelectric_1,484,0.0
CASO_conventional_hydroelectric_1,485,4.7136946213206645
CASO_conventional_hydroelectric_1,486,0.0
CASO_conventional_hydroelectric_1,487,115.90813163118814
CASO_conventional_hydroelectric_1,488,0.0
CASO_conventional_hydroelectric_1,489,10.57758806537538
CASO_conventional_hydroelectric_1,490,0.0
CASO_conventional_hydroelectric_1,491,9.412959383178759
CASO_conventional_hydroelectric_1,492,8.797413636933129
CASO_conventional_hydroelectric_1,493,0.0
CASO_conventional_hydroelectric_1,494,0.0
CASO_conventional_hydroelectric_1,495,0.0
CASO_conventional_hydroelectric_1,496,0.0
CASO_conventional_hydroelectric_1,497,198.60607500260002
CASO_conventional_hydroelectric_1,498,0.0
CASO_conventional_hydroelectric_1,499,163.7079748954099
CASO_conventional_hydroelectric_1,500,0.0
CASO_conventional_hydroelectric_1,501,0.0
CASO_conventional_hydroelectric_1,502,0.0
CASO_conventional_hydroelectric_1,503,0.0
CASO_conventional_hydroelectric_1,504,0.0
CASO_conventional_hydroelectric_1,505,0.0
CASO_conventional_hydroelectric_1,506,0.0
CASO_conventional_hydroelectric_1,507,181.6268132096577
CASO_conventional_hydroelectric_1,508,0.0
CASO_conventional_hydroelectric_1,509,0.0
CASO_conventional_hydroelectric_1,510,0.0
CASO_conventional_hydroelectric_1,511,182.15212663284683
CASO_conventional_hydroelectric_1,512,0.0
CASO_conventional_hydroelectric_1,513,182.44719606495096
CASO_conventional_hydroelectric_1,514,182.55307743422668
CASO_conventional_hydroelectric_1,515,182.65814011886437
CASO_conventional_hydroelectric_1,516,182.7640214881401
CASO_conventional_hydroelectric_1,517,182.9540282356063
CASO_conventional_hydroelectric_1,518,0.0
CASO_conventional_hydroelectric_1,519,0.0
CASO_conventional_hydroelectric_1,520,0.0
CASO_conventional_hydroelectric_1,521,0.0
CASO_conventional_hydroelectric_1,522,0.0
CASO_conventional_hydroelectric_1,523,183.6894670280711
CASO_conventional_hydroelectric_1,524,347.5218045452905
CASO_conventional_hydroelectric_1,525,0.0
CASO_conventional_hydroelectric_1,526,0.0
CASO_conventional_hydroelectric_1,527,162.5952275863097
CASO_conventional_hydroelectric_1,528,0.0
CASO_conventional_hydroelectric_1,529,0.0
CASO_conventional_hydroelectric_1,530,485.8791631141132
CASO_conventional_hydroelectric_1,531,587.6631618631997
CASO_conventional_hydroelectric_1,532,213.94804719170895
CASO_conventional_hydroelectric_1,533,168.76130969982557
CASO_conventional_hydroelectric_1,534,0.0
CASO_conventional_hydroelectric_1,535,581.1093419366173
CASO_conventional_hydroelectric_1,536,173.8942982812056
CASO_conventional_hydroelectric_1,537,210.25294578784815
CASO_conventional_hydroelectric_1,538,558.5047307356209
CASO_conventional_hydroelectric_1,539,1042.44
CASO_conventional_hydroelectric_1,540,585.3968657727778
CASO_conventional_hydroelectric_1,541,736.5006540983812
CASO_conventional_hydroelectric_1,542,214.99229830432
CASO_conventional_hydroelectric_1,543,426.85832325778676
CASO_conventional_hydroelectric_1,544,1013.1372466952508
CASO_conventional_hydroelectric_1,545,296.69811429259755
CASO_conventional_hydroelectric_1,546,247.12477046855963
CASO_conventional_hydroelectric_1,547,0.0
CASO_conventional_hydroelectric_1,548,0.0
CASO_conventional_hydroelectric_1,549,172.61185054014084
CASO_conventional_hydroelectric_1,550,303.17466330023
CASO_conventional_hydroelectric_1,551,0.0
CASO_conventional_hydroelectric_1,552,0.0
CASO_conventional_hydroelectric_1,553,250.60219984759908
CASO_conventional_hydroelectric_1,554,0.0
CASO_conventional_hydroelectric_1,555,0.0
CASO_conventional_hydroelectric_1,556,701.5832328384319
CASO_conventional_hydroelectric_1,557,1042.44
CASO_conventional_hydroelectric_1,558,960.7215878346512
CASO_conventional_hydroelectric_1,559,69.80085960871563
CASO_conventional_hydroelectric_1,560,1040.304538367879
CASO_conventional_hydroelectric_1,561,277.8410074168935
CASO_conventional_hydroelectric_1,562,0.0
CASO_conventional_hydroelectric_1,563,407.0770904360836
CASO_conventional_hydroelectric_1,564,0.0
CASO_conventional_hydroelectric_1,565,0.0
CASO_conventional_hydroelectric_1,566,0.0
CASO_conventional_hydroelectric_1,567,0.0
CASO_conventional_hydroelectric_1,568,0.0
CASO_conventional_hydroelectric_1,569,0.0
CASO_conventional_hydroelectric_1,570,0.0
CASO_conventional_hydroelectric_1,571,21.31287838385887
CASO_conventional_hydroelectric_1,572,405.94435173319187
CASO_conventional_hydroelectric_1,573,0.0
CASO_conventional_hydroelectric_1,574,78.98395686448238
CASO_conventional_hydroelectric_1,575,0.0
CASO_conventional_hydroelectric_1,576,633.1856280405012
FRCC_conventional_hydroelectric_1,1,18.271566
FRCC_conventional_hydroelectric_1,2,18.298188000000003
FRCC_conventional_hydroelectric_1,3,18.32481
FRCC_conventional_hydroelectric_1,4,0.0
FRCC_conventional_hydroelectric_1,5,18.382491
FRCC_conventional_hydroelectric_1,6,0.0
FRCC_conventional_hydroelectric_1,7,0.0
FRCC_conventional_hydroelectric_1,8,18.462357000000004
FRCC_conventional_hydroelectric_1,9,18.493416000000003
FRCC_conventional_hydroelectric_1,10,18.520038
FRCC_conventional_hydroelectric_1,11,18.546659999999996
FRCC_conventional_hydroelectric_1,12,18.573282
FRCC_conventional_hydroelectric_1,13,37.559205000000006
FRCC_conventional_hydroelectric_1,14,0.0
FRCC_conventional_hydroelectric_1,15,18.657585000000005
FRCC_conventional_hydroelectric_1,16,18.684206999999994
FRCC_conventional_hydroelectric_1,17,18.710828999999997
FRCC_conventional_hydroelectric_1,18,44.37
FRCC_conventional_hydroelectric_1,19,44.37
FRCC_conventional_hydroelectric_1,20,44.37
FRCC_conventional_hydroelectric_1,21,44.37
FRCC_conventional_hydroelectric_1,22,44.37
FRCC_conventional_hydroelectric_1,23,44.37
FRCC_conventional_hydroelectric_1,24,44.37
FRCC_conventional_hydroelectric_1,25,19.181151
FRCC_conventional_hydroelectric_1,26,19.163403000000002
FRCC_conventional_hydroelectric_1,27,19.145654999999998
FRCC_conventional_hydroelectric_1,28,0.0
FRCC_conventional_hydroelectric_1,29,19.110159000000003
FRCC_conventional_hydroelectric_1,30,19.087974000000003
FRCC_conventional_hydroelectric_1,31,0.0
FRCC_conventional_hydroelectric_1,32,19.052478
FRCC_conventional_hydroelectric_1,33,19.034730000000003
FRCC_conventional_hydroelectric_1,34,19.016982
FRCC_conventional_hydroelectric_1,35,18.994797
FRCC_conventional_hydroelectric_1,36,18.977049
FRCC_conventional_hydroelectric_1,37,0.0
FRCC_conventional_hydroelectric_1,38,18.941553
FRCC_conventional_hydroelectric_1,39,18.923804999999994
FRCC_conventional_hydroelectric_1,40,18.906056999999997
FRCC_conventional_hydroelectric_1,41,18.883872000000004
FRCC_conventional_hydroelectric_1,42,0.0
FRCC_conventional_hydroelectric_1,43,0.0
FRCC_conventional_hydroelectric_1,44,0.0
FRCC_conventional_hydroelectric_1,45,0.0
FRCC_conventional_hydroelectric_1,46,0.0
FRCC_conventional_hydroelectric_1,47,0.0
FRCC_conventional_hydroelectric_1,48,0.0
FRCC_conventional_hydroelectric_1,49,15.192287999999998
FRCC_conventional_hydroelectric_1,50,15.192287999999998
FRCC_conventional_hydroelectric_1,51,15.192287999999998
FRCC_conventional_hydroelectric_1,52,44.37
FRCC_conventional_hydroelectric_1,53,44.37
FRCC_conventional_hydroelectric_1,54,44.37
FRCC_conventional_hydroelectric_1,55,44.37
FRCC_conventional_hydroelectric_1,56,44.37
FRCC_conventional_hydroelectric_1,57,15.192287999999998
FRCC_conventional_hydroelectric_1,58,15.192287999999998
FRCC_conventional_hydroelectric_1,59,15.192287999999998
FRCC_conventional_hydroelectric_1,60,15.192287999999998
FRCC_conventional_hydroelectric_1,61,15.192287999999998
FRCC_conventional_hydroelectric_1,62,15.192287999999998
FRCC_conventional_hydroelectric_1,63,15.192287999999998
FRCC_conventional_hydroelectric_1,64,15.192287999999998
FRCC_conventional_hydroelectric_1,65,15.192287999999998
FRCC_conventional_hydroelectric_1,66,8.425863000000007
FRCC_conventional_hydroelectric_1,67,0.0
FRCC_conventional_hydroelectric_1,68,0.0
FRCC_conventional_hydroelectric_1,69,0.0
FRCC_conventional_hydroelectric_1,70,0.0
FRCC_conventional_hydroelectric_1,71,8.470233
FRCC_conventional_hydroelectric_1,72,8.479106999999999
FRCC_conventional_hydroelectric_1,73,15.192287999999998
FRCC_conventional_hydroelectric_1,74,15.192287999999998
FRCC_conventional_hydroelectric_1,75,15.192287999999998
FRCC_conventional_hydroelectric_1,76,0.0
FRCC_conventional_hydroelectric_1,77,0.0
FRCC_conventional_hydroelectric_1,78,0.0
FRCC_conventional_hydroelectric_1,79,2.160819000000002
FRCC_conventional_hydroelectric_1,80,0.0
FRCC_conventional_hydroelectric_1,81,15.192287999999998
FRCC_conventional_hydroelectric_1,82,15.192287999999998
FRCC_conventional_hydroelectric_1,83,15.192287999999998
FRCC_conventional_hydroelectric_1,84,15.192287999999998
FRCC_conventional_hydroelectric_1,85,15.192287999999998
FRCC_conventional_hydroelectric_1,86,15.192287999999998
FRCC_conventional_hydroelectric_1,87,15.192287999999998
FRCC_conventional_hydroelectric_1,88,15.192287999999998
FRCC_conventional_hydroelectric_1,89,15.192287999999998
FRCC_conventional_hydroelectric_1,90,15.192287999999998
FRCC_conventional_hydroelectric_1,91,21.044691
FRCC_conventional_hydroelectric_1,92,15.192287999999998
FRCC_conventional_hydroelectric_1,93,15.192287999999998
FRCC_conventional_hydroelectric_1,94,15.192287999999998
FRCC_conventional_hydroelectric_1,95,15.192287999999998
FRCC_conventional_hydroelectric_1,96,15.192287999999998
FRCC_conventional_hydroelectric_1,97,16.124057999999998
FRCC_conventional_hydroelectric_1,98,16.128495
FRCC_conventional_hydroelectric_1,99,16.132932000000004
FRCC_conventional_hydroelectric_1,100,2.1519449999999978
FRCC_conventional_hydroelectric_1,101,2.1519449999999978
FRCC_conventional_hydroelectric_1,102,2.156381999999997
FRCC_conventional_hydroelectric_1,103,0.0
FRCC_conventional_hydroelectric_1,104,2.160819
FRCC_conventional_hydroelectric_1,105,16.15068
FRCC_conventional_hydroelectric_1,106,16.155116999999997
FRCC_conventional_hydroelectric_1,107,16.155116999999997
FRCC_conventional_hydroelectric_1,108,16.159554
FRCC_conventional_hydroelectric_1,109,16.163991000000003
FRCC_conventional_hydroelectric_1,110,16.168428
FRCC_conventional_hydroelectric_1,111,16.168428
FRCC_conventional_hydroelectric_1,112,16.172865
FRCC_conventional_hydroelectric_1,113,16.177302000000005
FRCC_conventional_hydroelectric_1,114,16.177302000000005
FRCC_conventional_hydroelectric_1,115,0.0
FRCC_conventional_hydroelectric_1,116,16.186176000000003
FRCC_conventional_hydroelectric_1,117,16.186176000000003
FRCC_conventional_hydroelectric_1,118,16.190613000000006
FRCC_conventional_hydroelectric_1,119,16.195050000000002
FRCC_conventional_hydroelectric_1,120,16.195050000000002
FRCC_conventional_hydroelectric_1,121,16.310412
FRCC_conventional_hydroelectric_1,122,16.310412
FRCC_conventional_hydroelectric_1,123,16.310412
FRCC_conventional_hydroelectric_1,124,44.37
FRCC_conventional_hydroelectric_1,125,16.310412
FRCC_conventional_hydroelectric_1,126,16.310412
FRCC_conventional_hydroelectric_1,127,16.310412
FRCC_conventional_hydroelectric_1,128,16.310412
FRCC_conventional_hydroelectric_1,129,16.310412
FRCC_conventional_hydroelectric_1,130,16.310412
FRCC_conventional_hydroelectric_1,131,16.310412
FRCC_conventional_hydroelectric_1,132,16.310412
FRCC_conventional_hydroelectric_1,133,16.310412
FRCC_conventional_hydroelectric_1,134,16.310412
FRCC_conventional_hydroelectric_1,135,16.310412
FRCC_conventional_hydroelectric_1,136,16.310412
FRCC_conventional_hydroelectric_1,137,16.310412
FRCC_conventional_hydroelectric_1,138,16.310412
FRCC_conventional_hydroelectric_1,139,16.310412
FRCC_conventional_hydroelectric_1,140,16.310412
FRCC_conventional_hydroelectric_1,141,16.310412
FRCC_conventional_hydroelectric_1,142,16.310412
FRCC_conventional_hydroelectric_1,143,16.310412
FRCC_conventional_hydroelectric_1,144,16.310412
FRCC_conventional_hydroelectric_1,145,13.683708000000003
FRCC_conventional_hydroelectric_1,146,13.674833999999997
FRCC_conventional_hydroelectric_1,147,13.661523000000003
FRCC_conventional_hydroelectric_1,148,0.0
FRCC_conventional_hydroelectric_1,149,13.639338000000002
FRCC_conventional_hydroelectric_1,150,13.630463999999996
FRCC_conventional_hydroelectric_1,151,44.37
FRCC_conventional_hydroelectric_1,152,13.608279000000003
FRCC_conventional_hydroelectric_1,153,13.594968000000001
FRCC_conventional_hydroelectric_1,154,13.586094000000003
FRCC_conventional_hydroelectric_1,155,13.577220000000004
FRCC_conventional_hydroelectric_1,156,13.563909000000002
FRCC_conventional_hydroelectric_1,157,13.555034999999997
FRCC_conventional_hydroelectric_1,158,13.541724000000002
FRCC_conventional_hydroelectric_1,159,13.532850000000003
FRCC_conventional_hydroelectric_1,160,44.37
FRCC_conventional_hydroelectric_1,161,44.37
FRCC_conventional_hydroelectric_1,162,44.37
FRCC_conventional_hydroelectric_1,163,44.37
FRCC_conventional_hydroelectric_1,164,44.37
FRCC_conventional_hydroelectric_1,165,13.466295000000002
FRCC_conventional_hydroelectric_1,166,13.457421000000004
FRCC_conventional_hydroelectric_1,167,13.444110000000002
FRCC_conventional_hydroelectric_1,168,13.435236000000003
FRCC_conventional_hydroelectric_1,169,12.321548999999997
FRCC_conventional_hydroelectric_1,170,12.321548999999997
FRCC_conventional_hydroelectric_1,171,12.321548999999997
FRCC_conventional_hydroelectric_1,172,0.0
FRCC_conventional_hydroelectric_1,173,12.321548999999997
FRCC_conventional_hydroelectric_1,174,12.321548999999997
FRCC_conventional_hydroelectric_1,175,0.0
FRCC_conventional_hydroelectric_1,176,12.321548999999997
FRCC_conventional_hydroelectric_1,177,12.321548999999997
FRCC_conventional_hydroelectric_1,178,12.321548999999997
FRCC_conventional_hydroelectric_1,179,12.321548999999997
FRCC_conventional_hydroelectric_1,180,12.321548999999997
FRCC_conventional_hydroelectric_1,181,12.321548999999997
FRCC_conventional_hydroelectric_1,182,12.321548999999997
FRCC_conventional_hydroelectric_1,183,12.321548999999997
FRCC_conventional_hydroelectric_1,184,0.0
FRCC_conventional_hydroelectric_1,185,0.0
FRCC_conventional_hydroelectric_1,186,0.0
FRCC_conventional_hydroelectric_1,187,0.0
FRCC_conventional_hydroelectric_1,188,0.0
FRCC_conventional_hydroelectric_1,189,12.321548999999997
FRCC_conventional_hydroelectric_1,190,12.321548999999997
FRCC_conventional_hydroelectric_1,191,12.321548999999997
FRCC_conventional_hydroelectric_1,192,12.321548999999997
FRCC_conventional_hydroelectric_1,193,17.645949
FRCC_conventional_hydroelectric_1,194,17.645949
FRCC_conventional_hydroelectric_1,195,17.645949
FRCC_conventional_hydroelectric_1,196,44.37
FRCC_conventional_hydroelectric_1,197,17.645949
FRCC_conventional_hydroelectric_1,198,17.645949
FRCC_conventional_hydroelectric_1,199,0.0
FRCC_conventional_hydroelectric_1,200,17.645949
FRCC_conventional_hydroelectric_1,201,17.645949
FRCC_conventional_hydroelectric_1,202,17.645949
FRCC_conventional_hydroelectric_1,203,17.645949
FRCC_conventional_hydroelectric_1,204,17.645949
FRCC_conventional_hydroelectric_1,205,17.645949
FRCC_conventional_hydroelectric_1,206,17.645949
FRCC_conventional_hydroelectric_1,207,17.645949
FRCC_conventional_hydroelectric_1,208,0.0
FRCC_conventional_hydroelectric_1,209,0.0
FRCC_conventional_hydroelectric_1,210,0.0
FRCC_conventional_hydroelectric_1,211,0.0
FRCC_conventional_hydroelectric_1,212,0.0
FRCC_conventional_hydroelectric_1,213,17.645949
FRCC_conventional_hydroelectric_1,214,32.776119
FRCC_conventional_hydroelectric_1,215,17.645949
FRCC_conventional_hydroelectric_1,216,17.645949
FRCC_conventional_hydroelectric_1,217,15.449634000000003
FRCC_conventional_hydroelectric_1,218,15.436323000000002
FRCC_conventional_hydroelectric_1,219,15.418574999999997
FRCC_conventional_hydroelectric_1,220,0.0
FRCC_conventional_hydroelectric_1,221,15.391953
FRCC_conventional_hydroelectric_1,222,15.374204999999996
FRCC_conventional_hydroelectric_1,223,44.37
FRCC_conventional_hydroelectric_1,224,15.343145999999997
FRCC_conventional_hydroelectric_1,225,15.329834999999996
FRCC_conventional_hydroelectric_1,226,15.312086999999998
FRCC_conventional_hydroelectric_1,227,15.298775999999997
FRCC_conventional_hydroelectric_1,228,15.285464999999995
FRCC_conventional_hydroelectric_1,229,15.267716999999998
FRCC_conventional_hydroelectric_1,230,15.254405999999996
FRCC_conventional_hydroelectric_1,231,15.236657999999998
FRCC_conventional_hydroelectric_1,232,14.340384000000004
FRCC_conventional_hydroelectric_1,233,14.318199000000007
FRCC_conventional_hydroelectric_1,234,14.287140000000008
FRCC_conventional_hydroelectric_1,235,14.264955000000008
FRCC_conventional_hydroelectric_1,236,26.333595000000003
FRCC_conventional_hydroelectric_1,237,15.147917999999997
FRCC_conventional_hydroelectric_1,238,0.0
FRCC_conventional_hydroelectric_1,239,15.116858999999998
FRCC_conventional_hydroelectric_1,240,15.103547999999996
FRCC_conventional_hydroelectric_1,241,12.099699000000001
FRCC_conventional_hydroelectric_1,242,12.099699000000001
FRCC_conventional_hydroelectric_1,243,12.099699000000001
FRCC_conventional_hydroelectric_1,244,0.0
FRCC_conventional_hydroelectric_1,245,12.099699000000001
FRCC_conventional_hydroelectric_1,246,12.099699000000001
FRCC_conventional_hydroelectric_1,247,0.0
FRCC_conventional_hydroelectric_1,248,12.099699000000001
FRCC_conventional_hydroelectric_1,249,12.099699000000001
FRCC_conventional_hydroelectric_1,250,12.099699000000001
FRCC_conventional_hydroelectric_1,251,22.837239000000004
FRCC_conventional_hydroelectric_1,252,22.828364999999998
FRCC_conventional_hydroelectric_1,253,22.823928000000002
FRCC_conventional_hydroelectric_1,254,12.099699000000001
FRCC_conventional_hydroelectric_1,255,12.099699000000001
FRCC_conventional_hydroelectric_1,256,12.099699000000001
FRCC_conventional_hydroelectric_1,257,12.099699000000001
FRCC_conventional_hydroelectric_1,258,12.099699000000001
FRCC_conventional_hydroelectric_1,259,12.099699000000001
FRCC_conventional_hydroelectric_1,260,0.0
FRCC_conventional_hydroelectric_1,261,12.099699000000001
FRCC_conventional_hydroelectric_1,262,12.099699000000001
FRCC_conventional_hydroelectric_1,263,12.099699000000001
FRCC_conventional_hydroelectric_1,264,12.099699000000001
FRCC_conventional_hydroelectric_1,265,10.817405999999998
FRCC_conventional_hydroelectric_1,266,10.808532
FRCC_conventional_hydroelectric_1,267,10.799658
FRCC_conventional_hydroelectric_1,268,18.706392000000008
FRCC_conventional_hydroelectric_1,269,10.786347
FRCC_conventional_hydroelectric_1,270,29.554857
FRCC_conventional_hydroelectric_1,271,0.0
FRCC_conventional_hydroelectric_1,272,10.759724999999996
FRCC_conventional_hydroelectric_1,273,10.755288
FRCC_conventional_hydroelectric_1,274,10.746414000000001
FRCC_conventional_hydroelectric_1,275,0.0
FRCC_conventional_hydroelectric_1,276,0.0
FRCC_conventional_hydroelectric_1,277,0.0
FRCC_conventional_hydroelectric_1,278,10.715354999999995
FRCC_conventional_hydroelectric_1,279,10.706481000000004
FRCC_conventional_hydroelectric_1,280,10.697606999999998
FRCC_conventional_hydroelectric_1,281,10.688733
FRCC_conventional_hydroelectric_1,282,10.684295999999996
FRCC_conventional_hydroelectric_1,283,10.675422000000005
FRCC_conventional_hydroelectric_1,284,10.666547999999999
FRCC_conventional_hydroelectric_1,285,19.873323
FRCC_conventional_hydroelectric_1,286,10.653236999999997
FRCC_conventional_hydroelectric_1,287,10.644362999999998
FRCC_conventional_hydroelectric_1,288,10.635489
FRCC_conventional_hydroelectric_1,289,9.215648999999999
FRCC_conventional_hydroelectric_1,290,9.215648999999999
FRCC_conventional_hydroelectric_1,291,9.215648999999999
FRCC_conventional_hydroelectric_1,292,0.0
FRCC_conventional_hydroelectric_1,293,9.215648999999999
FRCC_conventional_hydroelectric_1,294,0.0
FRCC_conventional_hydroelectric_1,295,2.289492000000017
FRCC_conventional_hydroelectric_1,296,9.215648999999999
FRCC_conventional_hydroelectric_1,297,9.215648999999999
FRCC_conventional_hydroelectric_1,298,9.215648999999999
FRCC_conventional_hydroelectric_1,299,9.215648999999999
FRCC_conventional_hydroelectric_1,300,9.215648999999999
FRCC_conventional_hydroelectric_1,301,44.37
FRCC_conventional_hydroelectric_1,302,9.215648999999999
FRCC_conventional_hydroelectric_1,303,9.215648999999999
FRCC_conventional_hydroelectric_1,304,9.215648999999999
FRCC_conventional_hydroelectric_1,305,9.215648999999999
FRCC_conventional_hydroelectric_1,306,9.215648999999999
FRCC_conventional_hydroelectric_1,307,9.215648999999999
FRCC_conventional_hydroelectric_1,308,9.215648999999999
FRCC_conventional_hydroelectric_1,309,0.0
FRCC_conventional_hydroelectric_1,310,9.215648999999999
FRCC_conventional_hydroelectric_1,311,9.215648999999999
FRCC_conventional_hydroelectric_1,312,9.215648999999999
FRCC_conventional_hydroelectric_1,313,9.539549999999998
FRCC_conventional_hydroelectric_1,314,9.543987000000001
FRCC_conventional_hydroelectric_1,315,9.548424000000004
FRCC_conventional_hydroelectric_1,316,9.552861
FRCC_conventional_hydroelectric_1,317,9.557298000000003
FRCC_conventional_hydroelectric_1,318,0.0
FRCC_conventional_hydroelectric_1,319,44.37
FRCC_conventional_hydroelectric_1,320,9.570608999999997
FRCC_conventional_hydroelectric_1,321,9.575046
FRCC_conventional_hydroelectric_1,322,44.37
FRCC_conventional_hydroelectric_1,323,9.583919999999999
FRCC_conventional_hydroelectric_1,324,19.91325599999999
FRCC_conventional_hydroelectric_1,325,0.0
FRCC_conventional_hydroelectric_1,326,19.931004
FRCC_conventional_hydroelectric_1,327,9.601667999999997
FRCC_conventional_hydroelectric_1,328,9.606105
FRCC_conventional_hydroelectric_1,329,9.610542000000002
FRCC_conventional_hydroelectric_1,330,9.614978999999998
FRCC_conventional_hydroelectric_1,331,44.37
FRCC_conventional_hydroelectric_1,332,19.979811000000005
FRCC_conventional_hydroelectric_1,333,44.37
FRCC_conventional_hydroelectric_1,334,44.37
FRCC_conventional_hydroelectric_1,335,9.632726999999996
FRCC_conventional_hydroelectric_1,336,9.637163999999999
FRCC_conventional_hydroelectric_1,337,10.276091999999998
FRCC_conventional_hydroelectric_1,338,10.280529000000001
FRCC_conventional_hydroelectric_1,339,10.284966000000004
FRCC_conventional_hydroelectric_1,340,10.289403
FRCC_conventional_hydroelectric_1,341,10.293840000000003
FRCC_conventional_hydroelectric_1,342,10.298276999999999
FRCC_conventional_hydroelectric_1,343,0.0
FRCC_conventional_hydroelectric_1,344,10.307150999999998
FRCC_conventional_hydroelectric_1,345,10.311588
FRCC_conventional_hydroelectric_1,346,0.0
FRCC_conventional_hydroelectric_1,347,21.106809
FRCC_conventional_hydroelectric_1,348,44.37
FRCC_conventional_hydroelectric_1,349,29.137778999999995
FRCC_conventional_hydroelectric_1,350,44.37
FRCC_conventional_hydroelectric_1,351,21.124556999999996
FRCC_conventional_hydroelectric_1,352,21.128994
FRCC_conventional_hydroelectric_1,353,21.133431
FRCC_conventional_hydroelectric_1,354,10.351520999999998
FRCC_conventional_hydroelectric_1,355,0.0
FRCC_conventional_hydroelectric_1,356,44.37
FRCC_conventional_hydroelectric_1,357,19.988685000000004
FRCC_conventional_hydroelectric_1,358,0.0
FRCC_conventional_hydroelectric_1,359,10.373705999999999
FRCC_conventional_hydroelectric_1,360,31.888719
FRCC_conventional_hydroelectric_1,361,10.790784000000002
FRCC_conventional_hydroelectric_1,362,10.790784000000002
FRCC_conventional_hydroelectric_1,363,10.790784000000002
FRCC_conventional_hydroelectric_1,364,10.790784000000002
FRCC_conventional_hydroelectric_1,365,10.790784000000002
FRCC_conventional_hydroelectric_1,366,10.790784000000002
FRCC_conventional_hydroelectric_1,367,0.0
FRCC_conventional_hydroelectric_1,368,10.790784000000002
FRCC_conventional_hydroelectric_1,369,10.786347
FRCC_conventional_hydroelectric_1,370,0.0
FRCC_conventional_hydroelectric_1,371,44.37
FRCC_conventional_hydroelectric_1,372,0.0
FRCC_conventional_hydroelectric_1,373,10.786347000000001
FRCC_conventional_hydroelectric_1,374,0.0
FRCC_conventional_hydroelectric_1,375,44.37
FRCC_conventional_hydroelectric_1,376,44.37
FRCC_conventional_hydroelectric_1,377,44.37
FRCC_conventional_hydroelectric_1,378,21.51945
FRCC_conventional_hydroelectric_1,379,0.0
FRCC_conventional_hydroelectric_1,380,10.786347000000001
FRCC_conventional_hydroelectric_1,381,10.78191
FRCC_conventional_hydroelectric_1,382,0.0
FRCC_conventional_hydroelectric_1,383,10.781910000000003
FRCC_conventional_hydroelectric_1,384,0.0
FRCC_conventional_hydroelectric_1,385,10.737540000000003
FRCC_conventional_hydroelectric_1,386,10.737540000000003
FRCC_conventional_hydroelectric_1,387,10.737540000000003
FRCC_conventional_hydroelectric_1,388,10.737540000000003
FRCC_conventional_hydroelectric_1,389,10.737540000000003
FRCC_conventional_hydroelectric_1,390,10.737540000000003
FRCC_conventional_hydroelectric_1,391,0.0
FRCC_conventional_hydroelectric_1,392,10.737540000000003
FRCC_conventional_hydroelectric_1,393,10.737540000000003
FRCC_conventional_hydroelectric_1,394,0.0
FRCC_conventional_hydroelectric_1,395,0.0
FRCC_conventional_hydroelectric_1,396,21.51945
FRCC_conventional_hydroelectric_1,397,10.733103
FRCC_conventional_hydroelectric_1,398,21.51945
FRCC_conventional_hydroelectric_1,399,10.733103
FRCC_conventional_hydroelectric_1,400,10.733103
FRCC_conventional_hydroelectric_1,401,10.733103
FRCC_conventional_hydroelectric_1,402,44.37
FRCC_conventional_hydroelectric_1,403,41.490387
FRCC_conventional_hydroelectric_1,404,10.733103
FRCC_conventional_hydroelectric_1,405,10.733103
FRCC_conventional_hydroelectric_1,406,0.0
FRCC_conventional_hydroelectric_1,407,10.728665999999997
FRCC_conventional_hydroelectric_1,408,0.0
FRCC_conventional_hydroelectric_1,409,10.719791999999998
FRCC_conventional_hydroelectric_1,410,10.719791999999998
FRCC_conventional_hydroelectric_1,411,10.719791999999998
FRCC_conventional_hydroelectric_1,412,10.719791999999998
FRCC_conventional_hydroelectric_1,413,10.719791999999998
FRCC_conventional_hydroelectric_1,414,10.719791999999998
FRCC_conventional_hydroelectric_1,415,44.37
FRCC_conventional_hydroelectric_1,416,10.719791999999998
FRCC_conventional_hydroelectric_1,417,10.719791999999998
FRCC_conventional_hydroelectric_1,418,7.7647500000000065
FRCC_conventional_hydroelectric_1,419,0.0
FRCC_conventional_hydroelectric_1,420,0.0
FRCC_conventional_hydroelectric_1,421,0.0
FRCC_conventional_hydroelectric_1,422,10.719792
FRCC_conventional_hydroelectric_1,423,0.0
FRCC_conventional_hydroelectric_1,424,0.0
FRCC_conventional_hydroelectric_1,425,0.0
FRCC_conventional_hydroelectric_1,426,10.719792
FRCC_conventional_hydroelectric_1,427,10.719792
FRCC_conventional_hydroelectric_1,428,10.719792
FRCC_conventional_hydroelectric_1,429,0.0
FRCC_conventional_hydroelectric_1,430,7.857927000000004
FRCC_conventional_hydroelectric_1,431,10.719791999999998
FRCC_conventional_hydroelectric_1,432,10.719791999999998
FRCC_conventional_hydroelectric_1,433,11.891160000000006
FRCC_conventional_hydroelectric_1,434,11.895597000000002
FRCC_conventional_hydroelectric_1,435,11.900033999999998
FRCC_conventional_hydroelectric_1,436,11.904471000000001
FRCC_conventional_hydroelectric_1,437,11.908908000000004
FRCC_conventional_hydroelectric_1,438,11.913345
FRCC_conventional_hydroelectric_1,439,0.0
FRCC_conventional_hydroelectric_1,440,11.922218999999998
FRCC_conventional_hydroelectric_1,441,11.926656000000001
FRCC_conventional_hydroelectric_1,442,11.926656000000001
FRCC_conventional_hydroelectric_1,443,0.0
FRCC_conventional_hydroelectric_1,444,0.0
FRCC_conventional_hydroelectric_1,445,0.0
FRCC_conventional_hydroelectric_1,446,11.944404
FRCC_conventional_hydroelectric_1,447,22.668633
FRCC_conventional_hydroelectric_1,448,22.67307
FRCC_conventional_hydroelectric_1,449,22.677507
FRCC_conventional_hydroelectric_1,450,11.962152000000001
FRCC_conventional_hydroelectric_1,451,11.966589
FRCC_conventional_hydroelectric_1,452,11.971026
FRCC_conventional_hydroelectric_1,453,0.0
FRCC_conventional_hydroelectric_1,454,11.9799
FRCC_conventional_hydroelectric_1,455,11.984337000000004
FRCC_conventional_hydroelectric_1,456,11.988774
FRCC_conventional_hydroelectric_1,457,12.237245999999999
FRCC_conventional_hydroelectric_1,458,12.237245999999999
FRCC_conventional_hydroelectric_1,459,12.237245999999999
FRCC_conventional_hydroelectric_1,460,12.237245999999999
FRCC_conventional_hydroelectric_1,461,12.237245999999999
FRCC_conventional_hydroelectric_1,462,12.237245999999999
FRCC_conventional_hydroelectric_1,463,0.0
FRCC_conventional_hydroelectric_1,464,12.237245999999999
FRCC_conventional_hydroelectric_1,465,12.237245999999999
FRCC_conventional_hydroelectric_1,466,12.237245999999999
FRCC_conventional_hydroelectric_1,467,1.2512339999999966
FRCC_conventional_hydroelectric_1,468,0.0
FRCC_conventional_hydroelectric_1,469,17.069139000000007
FRCC_conventional_hydroelectric_1,470,0.0
FRCC_conventional_hydroelectric_1,471,0.0
FRCC_conventional_hydroelectric_1,472,0.0
FRCC_conventional_hydroelectric_1,473,0.0
FRCC_conventional_hydroelectric_1,474,12.237246
FRCC_conventional_hydroelectric_1,475,12.237246
FRCC_conventional_hydroelectric_1,476,0.0
FRCC_conventional_hydroelectric_1,477,17.055828000000005
FRCC_conventional_hydroelectric_1,478,12.237245999999999
FRCC_conventional_hydroelectric_1,479,12.237245999999999
FRCC_conventional_hydroelectric_1,480,12.237245999999999
FRCC_conventional_hydroelectric_1,481,13.692582000000002
FRCC_conventional_hydroelectric_1,482,13.692582000000002
FRCC_conventional_hydroelectric_1,483,13.692582000000002
FRCC_conventional_hydroelectric_1,484,13.692582000000002
FRCC_conventional_hydroelectric_1,485,13.692582000000002
FRCC_conventional_hydroelectric_1,486,13.692582000000002
FRCC_conventional_hydroelectric_1,487,1.2246120000000147
FRCC_conventional_hydroelectric_1,488,13.692582000000002
FRCC_conventional_hydroelectric_1,489,13.692582000000002
FRCC_conventional_hydroelectric_1,490,13.692582000000002
FRCC_conventional_hydroelectric_1,491,13.692582000000002
FRCC_conventional_hydroelectric_1,492,4.215150000000001
FRCC_conventional_hydroelectric_1,493,0.0
FRCC_conventional_hydroelectric_1,494,0.0
FRCC_conventional_hydroelectric_1,495,0.0
FRCC_conventional_hydroelectric_1,496,0.0
FRCC_conventional_hydroelectric_1,497,0.0
FRCC_conventional_hydroelectric_1,498,0.0
FRCC_conventional_hydroelectric_1,499,0.0
FRCC_conventional_hydroelectric_1,500,0.0
FRCC_conventional_hydroelectric_1,501,0.0
FRCC_conventional_hydroelectric_1,502,13.692582000000002
FRCC_conventional_hydroelectric_1,503,13.692582000000002
FRCC_conventional_hydroelectric_1,504,13.692582000000002
FRCC_conventional_hydroelectric_1,505,12.916107000000004
FRCC_conventional_hydroelectric_1,506,12.907232999999998
FRCC_conventional_hydroelectric_1,507,12.902796000000002
FRCC_conventional_hydroelectric_1,508,12.898359
FRCC_conventional_hydroelectric_1,509,12.893921999999996
FRCC_conventional_hydroelectric_1,510,12.885047999999998
FRCC_conventional_hydroelectric_1,511,44.37
FRCC_conventional_hydroelectric_1,512,12.876173999999999
FRCC_conventional_hydroelectric_1,513,12.871737000000003
FRCC_conventional_hydroelectric_1,514,12.862862999999997
FRCC_conventional_hydroelectric_1,515,12.858426000000001
FRCC_conventional_hydroelectric_1,516,12.853989000000006
FRCC_conventional_hydroelectric_1,517,0.0
FRCC_conventional_hydroelectric_1,518,6.047631000000006
FRCC_conventional_hydroelectric_1,519,0.0
FRCC_conventional_hydroelectric_1,520,0.0
FRCC_conventional_hydroelectric_1,521,0.0
FRCC_conventional_hydroelectric_1,522,0.0
FRCC_conventional_hydroelectric_1,523,0.0
FRCC_conventional_hydroelectric_1,524,6.016572000000007
FRCC_conventional_hydroelectric_1,525,0.0
FRCC_conventional_hydroelectric_1,526,12.796308000000003
FRCC_conventional_hydroelectric_1,527,12.791871
FRCC_conventional_hydroelectric_1,528,12.787433999999998
FRCC_conventional_hydroelectric_1,529,25.960887000000003
FRCC_conventional_hydroelectric_1,530,25.987509000000003
FRCC_conventional_hydroelectric_1,531,26.014131
FRCC_conventional_hydroelectric_1,532,19.15452900000001
FRCC_conventional_hydroelectric_1,533,26.067375000000006
FRCC_conventional_hydroelectric_1,534,11.647125000000003
FRCC_conventional_hydroelectric_1,535,0.0
FRCC_conventional_hydroelectric_1,536,26.151678000000004
FRCC_conventional_hydroelectric_1,537,26.178300000000004
FRCC_conventional_hydroelectric_1,538,26.204922000000003
FRCC_conventional_hydroelectric_1,539,26.235981000000002
FRCC_conventional_hydroelectric_1,540,26.262603000000002
FRCC_conventional_hydroelectric_1,541,11.647125000000003
FRCC_conventional_hydroelectric_1,542,0.0
FRCC_conventional_hydroelectric_1,543,20.738538000000005
FRCC_conventional_hydroelectric_1,544,20.76516000000001
FRCC_conventional_hydroelectric_1,545,20.78734500000001
FRCC_conventional_hydroelectric_1,546,8.567847000000004
FRCC_conventional_hydroelectric_1,547,0.0
FRCC_conventional_hydroelectric_1,548,0.0
FRCC_conventional_hydroelectric_1,549,11.647125000000003
FRCC_conventional_hydroelectric_1,550,11.647125000000003
FRCC_conventional_hydroelectric_1,551,26.564319000000005
FRCC_conventional_hydroelectric_1,552,11.647125000000003
FRCC_conventional_hydroelectric_1,553,0.0
FRCC_conventional_hydroelectric_1,554,0.0
FRCC_conventional_hydroelectric_1,555,0.0
FRCC_conventional_hydroelectric_1,556,44.37
FRCC_conventional_hydroelectric_1,557,0.0
FRCC_conventional_hydroelectric_1,558,32.860422
FRCC_conventional_hydroelectric_1,559,32.141628000000004
FRCC_conventional_hydroelectric_1,560,0.0
FRCC_conventional_hydroelectric_1,561,0.0
FRCC_conventional_hydroelectric_1,562,0.0
FRCC_conventional_hydroelectric_1,563,0.0
FRCC_conventional_hydroelectric_1,564,0.0
FRCC_conventional_hydroelectric_1,565,14.6421
FRCC_conventional_hydroelectric_1,566,33.299685000000004
FRCC_conventional_hydroelectric_1,567,0.0
FRCC_conventional_hydroelectric_1,568,0.0
FRCC_conventional_hydroelectric_1,569,0.0
FRCC_conventional_hydroelectric_1,570,0.0
FRCC_conventional_hydroelectric_1,571,27.354105000000008
FRCC_conventional_hydroelectric_1,572,23.280938999999996
FRCC_conventional_hydroelectric_1,573,23.320872
FRCC_conventional_hydroelectric_1,574,23.351931
FRCC_conventional_hydroelectric_1,575,0.0
FRCC_conventional_hydroelectric_1,576,14.943815999999998
ISNE_conventional_hydroelectric_1,1,946.75176
ISNE_conventional_hydroelectric_1,2,946.75176
ISNE_conventional_hydroelectric_1,3,946.75176
ISNE_conventional_hydroelectric_1,4,489.62104419917625
ISNE_conventional_hydroelectric_1,5,746.0786309927673
ISNE_conventional_hydroelectric_1,6,924.4732007457818
ISNE_conventional_hydroelectric_1,7,489.4921254774787
ISNE_conventional_hydroelectric_1,8,946.75176
ISNE_conventional_hydroelectric_1,9,481.4226988516167
ISNE_conventional_hydroelectric_1,10,946.75176
ISNE_conventional_hydroelectric_1,11,946.75176
ISNE_conventional_hydroelectric_1,12,946.75176
ISNE_conventional_hydroelectric_1,13,946.75176
ISNE_conventional_hydroelectric_1,14,946.75176
ISNE_conventional_hydroelectric_1,15,946.75176
ISNE_conventional_hydroelectric_1,16,946.75176
ISNE_conventional_hydroelectric_1,17,946.75176
ISNE_conventional_hydroelectric_1,18,946.75176
ISNE_conventional_hydroelectric_1,19,946.75176
ISNE_conventional_hydroelectric_1,20,946.75176
ISNE_conventional_hydroelectric_1,21,946.75176
ISNE_conventional_hydroelectric_1,22,946.75176
ISNE_conventional_hydroelectric_1,23,946.75176
ISNE_conventional_hydroelectric_1,24,946.75176
ISNE_conventional_hydroelectric_1,25,0.0
ISNE_conventional_hydroelectric_1,26,50.70035987743654
ISNE_conventional_hydroelectric_1,27,0.0
ISNE_conventional_hydroelectric_1,28,452.8352221454103
ISNE_conventional_hydroelectric_1,29,196.17565850859864
ISNE_conventional_hydroelectric_1,30,426.67474753204647
ISNE_conventional_hydroelectric_1,31,946.75176
ISNE_conventional_hydroelectric_1,32,0.0
ISNE_conventional_hydroelectric_1,33,451.8185571326152
ISNE_conventional_hydroelectric_1,34,0.0
ISNE_conventional_hydroelectric_1,35,0.0
ISNE_conventional_hydroelectric_1,36,0.0
ISNE_conventional_hydroelectric_1,37,0.0
ISNE_conventional_hydroelectric_1,38,0.0
ISNE_conventional_hydroelectric_1,39,0.0
ISNE_conventional_hydroelectric_1,40,0.0
ISNE_conventional_hydroelectric_1,41,370.24035694447383
ISNE_conventional_hydroelectric_1,42,0.0
ISNE_conventional_hydroelectric_1,43,220.42649759939465
ISNE_conventional_hydroelectric_1,44,400.86255213178487
ISNE_conventional_hydroelectric_1,45,0.0
ISNE_conventional_hydroelectric_1,46,400.2566216021229
ISNE_conventional_hydroelectric_1,47,0.0
ISNE_conventional_hydroelectric_1,48,0.0
ISNE_conventional_hydroelectric_1,49,946.75176
ISNE_conventional_hydroelectric_1,50,946.75176
ISNE_conventional_hydroelectric_1,51,946.75176
ISNE_conventional_hydroelectric_1,52,946.75176
ISNE_conventional_hydroelectric_1,53,946.75176
ISNE_conventional_hydroelectric_1,54,946.75176
ISNE_conventional_hydroelectric_1,55,323.82272902963484
ISNE_conventional_hydroelectric_1,56,946.75176
ISNE_conventional_hydroelectric_1,57,946.75176
ISNE_conventional_hydroelectric_1,58,946.75176
ISNE_conventional_hydroelectric_1,59,946.75176
ISNE_conventional_hydroelectric_1,60,946.75176
ISNE_conventional_hydroelectric_1,61,946.75176
ISNE_conventional_hydroelectric_1,62,946.75176
ISNE_conventional_hydroelectric_1,63,946.75176
ISNE_conventional_hydroelectric_1,64,946.75176
ISNE_conventional_hydroelectric_1,65,946.75176
ISNE_conventional_hydroelectric_1,66,864.487756064474
ISNE_conventional_hydroelectric_1,67,650.9167710258139
ISNE_conventional_hydroelectric_1,68,946.75176
ISNE_conventional_hydroelectric_1,69,938.1111507786554
ISNE_conventional_hydroelectric_1,70,946.75176
ISNE_conventional_hydroelectric_1,71,946.75176
ISNE_conventional_hydroelectric_1,72,946.75176
ISNE_conventional_hydroelectric_1,73,409.1742939061162
ISNE_conventional_hydroelectric_1,74,409.1742939061162
ISNE_conventional_hydroelectric_1,75,565.6023764742672
ISNE_conventional_hydroelectric_1,76,635.5670827604495
ISNE_conventional_hydroelectric_1,77,818.3485878122324
ISNE_conventional_hydroelectric_1,78,409.1742939061162
ISNE_conventional_hydroelectric_1,79,946.75176
ISNE_conventional_hydroelectric_1,80,411.49689439027577
ISNE_conventional_hydroelectric_1,81,417.18657313070287
ISNE_conventional_hydroelectric_1,82,411.78652008318625
ISNE_conventional_hydroelectric_1,83,412.01350437922997
ISNE_conventional_hydroelectric_1,84,412.2056548136853
ISNE_conventional_hydroelectric_1,85,811.8099773565331
ISNE_conventional_hydroelectric_1,86,811.5006988460917
ISNE_conventional_hydroelectric_1,87,412.8393928786254
ISNE_conventional_hydroelectric_1,88,412.99670945149217
ISNE_conventional_hydroelectric_1,89,0.0
ISNE_conventional_hydroelectric_1,90,11.982195382132772
ISNE_conventional_hydroelectric_1,91,488.9566446768261
ISNE_conventional_hydroelectric_1,92,12.877751604705281
ISNE_conventional_hydroelectric_1,93,633.2815549440828
ISNE_conventional_hydroelectric_1,94,409.1742939061162
ISNE_conventional_hydroelectric_1,95,0.0
ISNE_conventional_hydroelectric_1,96,414.4428736790984
ISNE_conventional_hydroelectric_1,97,542.0549807809899
ISNE_conventional_hydroelectric_1,98,542.5027588922761
ISNE_conventional_hydroelectric_1,99,791.6630728437466
ISNE_conventional_hydroelectric_1,100,726.1798201666315
ISNE_conventional_hydroelectric_1,101,543.8522837069361
ISNE_conventional_hydroelectric_1,102,544.2464109846119
ISNE_conventional_hydroelectric_1,103,544.694189095898
ISNE_conventional_hydroelectric_1,104,946.75176
ISNE_conventional_hydroelectric_1,105,946.75176
ISNE_conventional_hydroelectric_1,106,946.75176
ISNE_conventional_hydroelectric_1,107,946.75176
ISNE_conventional_hydroelectric_1,108,946.75176
ISNE_conventional_hydroelectric_1,109,547.3333974108062
ISNE_conventional_hydroelectric_1,110,547.7811755220924
ISNE_conventional_hydroelectric_1,111,946.75176
ISNE_conventional_hydroelectric_1,112,946.75176
ISNE_conventional_hydroelectric_1,113,346.7930136561313
ISNE_conventional_hydroelectric_1,114,946.75176
ISNE_conventional_hydroelectric_1,115,946.75176
ISNE_conventional_hydroelectric_1,116,946.75176
ISNE_conventional_hydroelectric_1,117,736.037077967406
ISNE_conventional_hydroelectric_1,118,233.81637123688606
ISNE_conventional_hydroelectric_1,119,946.75176
ISNE_conventional_hydroelectric_1,120,946.75176
ISNE_conventional_hydroelectric_1,121,537.4715892584511
ISNE_conventional_hydroelectric_1,122,252.6300502646027
ISNE_conventional_hydroelectric_1,123,130.40718860908262
ISNE_conventional_hydroelectric_1,124,0.0
ISNE_conventional_hydroelectric_1,125,0.0
ISNE_conventional_hydroelectric_1,126,0.0
ISNE_conventional_hydroelectric_1,127,102.4429547410947
ISNE_conventional_hydroelectric_1,128,102.0864614074626
ISNE_conventional_hydroelectric_1,129,101.76480193541886
ISNE_conventional_hydroelectric_1,130,103.4934675212429
ISNE_conventional_hydroelectric_1,131,568.0975969227493
ISNE_conventional_hydroelectric_1,132,568.0975969227493
ISNE_conventional_hydroelectric_1,133,568.0975969227493
ISNE_conventional_hydroelectric_1,134,500.61707885497094
ISNE_conventional_hydroelectric_1,135,415.30122915074844
ISNE_conventional_hydroelectric_1,136,282.703368091391
ISNE_conventional_hydroelectric_1,137,232.88646089027384
ISNE_conventional_hydroelectric_1,138,0.0
ISNE_conventional_hydroelectric_1,139,0.0
ISNE_conventional_hydroelectric_1,140,0.0
ISNE_conventional_hydroelectric_1,141,0.0
ISNE_conventional_hydroelectric_1,142,885.6319996070247
ISNE_conventional_hydroelectric_1,143,153.59086705318566
ISNE_conventional_hydroelectric_1,144,301.4719800787438
ISNE_conventional_hydroelectric_1,145,384.72736548079513
ISNE_conventional_hydroelectric_1,146,477.2521651397067
ISNE_conventional_hydroelectric_1,147,301.81442678636137
ISNE_conventional_hydroelectric_1,148,946.75176
ISNE_conventional_hydroelectric_1,149,946.75176
ISNE_conventional_hydroelectric_1,150,741.9502166903832
ISNE_conventional_hydroelectric_1,151,946.75176
ISNE_conventional_hydroelectric_1,152,946.75176
ISNE_conventional_hydroelectric_1,153,946.75176
ISNE_conventional_hydroelectric_1,154,944.6666010805436
ISNE_conventional_hydroelectric_1,155,0.0
ISNE_conventional_hydroelectric_1,156,24.2795807308024
ISNE_conventional_hydroelectric_1,157,0.0
ISNE_conventional_hydroelectric_1,158,0.0
ISNE_conventional_hydroelectric_1,159,0.0
ISNE_conventional_hydroelectric_1,160,0.0
ISNE_conventional_hydroelectric_1,161,767.9445338946684
ISNE_conventional_hydroelectric_1,162,98.60721268388426
ISNE_conventional_hydroelectric_1,163,98.25071935025204
ISNE_conventional_hydroelectric_1,164,97.84057518300955
ISNE_conventional_hydroelectric_1,165,163.52367132146213
ISNE_conventional_hydroelectric_1,166,0.0
ISNE_conventional_hydroelectric_1,167,796.6240411962754
ISNE_conventional_hydroelectric_1,168,389.95452214795876
ISNE_conventional_hydroelectric_1,169,10.929811210895926
ISNE_conventional_hydroelectric_1,170,185.23814811928082
ISNE_conventional_hydroelectric_1,171,244.45740317510183
ISNE_conventional_hydroelectric_1,172,169.53600732450934
ISNE_conventional_hydroelectric_1,173,221.60129193783337
ISNE_conventional_hydroelectric_1,174,404.13763190117606
ISNE_conventional_hydroelectric_1,175,92.782820618931
ISNE_conventional_hydroelectric_1,176,439.1582559611163
ISNE_conventional_hydroelectric_1,177,439.1582559611163
ISNE_conventional_hydroelectric_1,178,317.7543426980068
ISNE_conventional_hydroelectric_1,179,598.1813957461263
ISNE_conventional_hydroelectric_1,180,459.64156967181003
ISNE_conventional_hydroelectric_1,181,531.9580693428846
ISNE_conventional_hydroelectric_1,182,612.1029550507612
ISNE_conventional_hydroelectric_1,183,696.6484049149394
ISNE_conventional_hydroelectric_1,184,751.0763487789471
ISNE_conventional_hydroelectric_1,185,722.3950169490065
ISNE_conventional_hydroelectric_1,186,439.1582559611162
ISNE_conventional_hydroelectric_1,187,439.1582559611162
ISNE_conventional_hydroelectric_1,188,439.1582559611162
ISNE_conventional_hydroelectric_1,189,946.75176
ISNE_conventional_hydroelectric_1,190,914.9748414157007
ISNE_conventional_hydroelectric_1,191,0.0
ISNE_conventional_hydroelectric_1,192,89.40708553783602
ISNE_conventional_hydroelectric_1,193,184.19364751367516
ISNE_conventional_hydroelectric_1,194,201.84555660659495
ISNE_conventional_hydroelectric_1,195,439.96524208759575
ISNE_conventional_hydroelectric_1,196,0.0
ISNE_conventional_hydroelectric_1,197,0.0
ISNE_conventional_hydroelectric_1,198,0.0
ISNE_conventional_hydroelectric_1,199,37.329543874030435
ISNE_conventional_hydroelectric_1,200,0.0
ISNE_conventional_hydroelectric_1,201,0.0
ISNE_conventional_hydroelectric_1,202,0.0
ISNE_conventional_hydroelectric_1,203,0.0
ISNE_conventional_hydroelectric_1,204,61.46792408124526
ISNE_conventional_hydroelectric_1,205,13.020860973730464
ISNE_conventional_hydroelectric_1,206,0.0
ISNE_conventional_hydroelectric_1,207,0.44874036800064604
ISNE_conventional_hydroelectric_1,208,78.26216422971825
ISNE_conventional_hydroelectric_1,209,0.0
ISNE_conventional_hydroelectric_1,210,573.5982596493799
ISNE_conventional_hydroelectric_1,211,573.5982596493799
ISNE_conventional_hydroelectric_1,212,573.5982596493799
ISNE_conventional_hydroelectric_1,213,0.0
ISNE_conventional_hydroelectric_1,214,0.0
ISNE_conventional_hydroelectric_1,215,573.5982596493799
ISNE_conventional_hydroelectric_1,216,328.3723635560268
ISNE_conventional_hydroelectric_1,217,819.9975248449304
ISNE_conventional_hydroelectric_1,218,587.5488367613511
ISNE_conventional_hydroelectric_1,219,854.6628655453973
ISNE_conventional_hydroelectric_1,220,715.1969509749673
ISNE_conventional_hydroelectric_1,221,665.9673890768005
ISNE_conventional_hydroelectric_1,222,946.75176
ISNE_conventional_hydroelectric_1,223,895.7042700681741
ISNE_conventional_hydroelectric_1,224,603.4615726291872
ISNE_conventional_hydroelectric_1,225,887.8678356678956
ISNE_conventional_hydroelectric_1,226,946.75176
ISNE_conventional_hydroelectric_1,227,923.1477437805906
ISNE_conventional_hydroelectric_1,228,946.75176
ISNE_conventional_hydroelectric_1,229,946.75176
ISNE_conventional_hydroelectric_1,230,946.75176
ISNE_conventional_hydroelectric_1,231,946.75176
ISNE_conventional_hydroelectric_1,232,946.75176
ISNE_conventional_hydroelectric_1,233,774.4122515469232
ISNE_conventional_hydroelectric_1,234,946.75176
ISNE_conventional_hydroelectric_1,235,946.75176
ISNE_conventional_hydroelectric_1,236,946.75176
ISNE_conventional_hydroelectric_1,237,519.2890253075599
ISNE_conventional_hydroelectric_1,238,674.6090927750045
ISNE_conventional_hydroelectric_1,239,518.6204533810311
ISNE_conventional_hydroelectric_1,240,946.75176
ISNE_conventional_hydroelectric_1,241,158.95754987772756
ISNE_conventional_hydroelectric_1,242,391.0719519980424
ISNE_conventional_hydroelectric_1,243,123.62363725073189
ISNE_conventional_hydroelectric_1,244,262.7552658578974
ISNE_conventional_hydroelectric_1,245,259.1751130122335
ISNE_conventional_hydroelectric_1,246,0.0
ISNE_conventional_hydroelectric_1,247,17.137479992432375
ISNE_conventional_hydroelectric_1,248,0.0
ISNE_conventional_hydroelectric_1,249,0.0
ISNE_conventional_hydroelectric_1,250,0.0
ISNE_conventional_hydroelectric_1,251,0.0
ISNE_conventional_hydroelectric_1,252,28.56719346913968
ISNE_conventional_hydroelectric_1,253,28.232907505875403
ISNE_conventional_hydroelectric_1,254,27.898621542610783
ISNE_conventional_hydroelectric_1,255,27.56433557934639
ISNE_conventional_hydroelectric_1,256,27.28370044969239
ISNE_conventional_hydroelectric_1,257,199.28892293950463
ISNE_conventional_hydroelectric_1,258,26.615128523163833
ISNE_conventional_hydroelectric_1,259,26.280842559899327
ISNE_conventional_hydroelectric_1,260,25.946556596634935
ISNE_conventional_hydroelectric_1,261,453.0811958066121
ISNE_conventional_hydroelectric_1,262,0.0
ISNE_conventional_hydroelectric_1,263,453.0811958066121
ISNE_conventional_hydroelectric_1,264,24.61560322437873
ISNE_conventional_hydroelectric_1,265,381.24066610878083
ISNE_conventional_hydroelectric_1,266,380.8305219415382
ISNE_conventional_hydroelectric_1,267,380.38554391270725
ISNE_conventional_hydroelectric_1,268,379.92174891185425
ISNE_conventional_hydroelectric_1,269,379.4767708830233
ISNE_conventional_hydroelectric_1,270,613.2710372769193
ISNE_conventional_hydroelectric_1,271,670.5097873250776
ISNE_conventional_hydroelectric_1,272,630.628551286144
ISNE_conventional_hydroelectric_1,273,93.00716051688175
ISNE_conventional_hydroelectric_1,274,154.74788545579156
ISNE_conventional_hydroelectric_1,275,376.8389364891706
ISNE_conventional_hydroelectric_1,276,376.3939584603396
ISNE_conventional_hydroelectric_1,277,375.977623812296
ISNE_conventional_hydroelectric_1,278,375.56747964505337
ISNE_conventional_hydroelectric_1,279,375.06885078261223
ISNE_conventional_hydroelectric_1,280,374.6587066153696
ISNE_conventional_hydroelectric_1,281,666.0670333630777
ISNE_conventional_hydroelectric_1,282,373.7499335856859
ISNE_conventional_hydroelectric_1,283,373.3049555568547
ISNE_conventional_hydroelectric_1,284,372.8948113896123
ISNE_conventional_hydroelectric_1,285,664.337971998909
ISNE_conventional_hydroelectric_1,286,639.8320026225603
ISNE_conventional_hydroelectric_1,287,946.75176
ISNE_conventional_hydroelectric_1,288,371.130916163855
ISNE_conventional_hydroelectric_1,289,799.6538406348568
ISNE_conventional_hydroelectric_1,290,716.944617605789
ISNE_conventional_hydroelectric_1,291,291.8533047765392
ISNE_conventional_hydroelectric_1,292,382.14278485638016
ISNE_conventional_hydroelectric_1,293,291.8533047765392
ISNE_conventional_hydroelectric_1,294,57.648894215400674
ISNE_conventional_hydroelectric_1,295,0.0
ISNE_conventional_hydroelectric_1,296,39.38260717649219
ISNE_conventional_hydroelectric_1,297,291.8533047765392
ISNE_conventional_hydroelectric_1,298,291.8533047765392
ISNE_conventional_hydroelectric_1,299,291.8533047765392
ISNE_conventional_hydroelectric_1,300,291.8533047765392
ISNE_conventional_hydroelectric_1,301,291.8533047765392
ISNE_conventional_hydroelectric_1,302,291.8533047765392
ISNE_conventional_hydroelectric_1,303,291.8533047765392
ISNE_conventional_hydroelectric_1,304,291.8533047765392
ISNE_conventional_hydroelectric_1,305,0.0
ISNE_conventional_hydroelectric_1,306,291.8533047765392
ISNE_conventional_hydroelectric_1,307,291.8533047765392
ISNE_conventional_hydroelectric_1,308,368.7317240572627
ISNE_conventional_hydroelectric_1,309,0.0
ISNE_conventional_hydroelectric_1,310,0.0
ISNE_conventional_hydroelectric_1,311,0.0
ISNE_conventional_hydroelectric_1,312,291.8533047765392
ISNE_conventional_hydroelectric_1,313,414.33009789464745
ISNE_conventional_hydroelectric_1,314,567.7189933145684
ISNE_conventional_hydroelectric_1,315,683.7673584165858
ISNE_conventional_hydroelectric_1,316,266.3613552021384
ISNE_conventional_hydroelectric_1,317,476.3795549662209
ISNE_conventional_hydroelectric_1,318,946.75176
ISNE_conventional_hydroelectric_1,319,946.75176
ISNE_conventional_hydroelectric_1,320,793.3938193764304
ISNE_conventional_hydroelectric_1,321,793.1696351628418
ISNE_conventional_hydroelectric_1,322,578.618345845406
ISNE_conventional_hydroelectric_1,323,343.7466736269226
ISNE_conventional_hydroelectric_1,324,281.0645557323595
ISNE_conventional_hydroelectric_1,325,280.9350466947709
ISNE_conventional_hydroelectric_1,326,280.75188682357214
ISNE_conventional_hydroelectric_1,327,280.62237778598376
ISNE_conventional_hydroelectric_1,328,280.52770260998375
ISNE_conventional_hydroelectric_1,329,539.582308464141
ISNE_conventional_hydroelectric_1,330,280.26868453480677
ISNE_conventional_hydroelectric_1,331,414.0949795707452
ISNE_conventional_hydroelectric_1,332,461.59824941176583
ISNE_conventional_hydroelectric_1,333,538.1639997837019
ISNE_conventional_hydroelectric_1,334,486.18566424771535
ISNE_conventional_hydroelectric_1,335,254.26975176896292
ISNE_conventional_hydroelectric_1,336,279.5076471988426
ISNE_conventional_hydroelectric_1,337,567.9266729584509
ISNE_conventional_hydroelectric_1,338,496.96916552039914
ISNE_conventional_hydroelectric_1,339,368.76872188330503
ISNE_conventional_hydroelectric_1,340,695.755735980323
ISNE_conventional_hydroelectric_1,341,575.8376659440816
ISNE_conventional_hydroelectric_1,342,105.3011180111256
ISNE_conventional_hydroelectric_1,343,0.0
ISNE_conventional_hydroelectric_1,344,0.0
ISNE_conventional_hydroelectric_1,345,0.0
ISNE_conventional_hydroelectric_1,346,214.292271242259
ISNE_conventional_hydroelectric_1,347,707.4378653810177
ISNE_conventional_hydroelectric_1,348,770.0191176187798
ISNE_conventional_hydroelectric_1,349,946.75176
ISNE_conventional_hydroelectric_1,350,946.75176
ISNE_conventional_hydroelectric_1,351,259.09853053123527
ISNE_conventional_hydroelectric_1,352,946.75176
ISNE_conventional_hydroelectric_1,353,946.3535067307023
ISNE_conventional_hydroelectric_1,354,946.75176
ISNE_conventional_hydroelectric_1,355,946.75176
ISNE_conventional_hydroelectric_1,356,946.75176
ISNE_conventional_hydroelectric_1,357,946.75176
ISNE_conventional_hydroelectric_1,358,946.75176
ISNE_conventional_hydroelectric_1,359,946.75176
ISNE_conventional_hydroelectric_1,360,257.89531524889514
ISNE_conventional_hydroelectric_1,361,0.0
ISNE_conventional_hydroelectric_1,362,0.0
ISNE_conventional_hydroelectric_1,363,0.0
ISNE_conventional_hydroelectric_1,364,0.0
ISNE_conventional_hydroelectric_1,365,0.0
ISNE_conventional_hydroelectric_1,366,0.0
ISNE_conventional_hydroelectric_1,367,0.0
ISNE_conventional_hydroelectric_1,368,0.0
ISNE_conventional_hydroelectric_1,369,0.0
ISNE_conventional_hydroelectric_1,370,0.0
ISNE_conventional_hydroelectric_1,371,0.0
ISNE_conventional_hydroelectric_1,372,0.0
ISNE_conventional_hydroelectric_1,373,0.0
ISNE_conventional_hydroelectric_1,374,0.0
ISNE_conventional_hydroelectric_1,375,888.7446782344828
ISNE_conventional_hydroelectric_1,376,0.0
ISNE_conventional_hydroelectric_1,377,0.0
ISNE_conventional_hydroelectric_1,378,0.0
ISNE_conventional_hydroelectric_1,379,0.0
ISNE_conventional_hydroelectric_1,380,0.0
ISNE_conventional_hydroelectric_1,381,0.0
ISNE_conventional_hydroelectric_1,382,0.0
ISNE_conventional_hydroelectric_1,383,0.0
ISNE_conventional_hydroelectric_1,384,905.9996866008936
ISNE_conventional_hydroelectric_1,385,509.6030438116735
ISNE_conventional_hydroelectric_1,386,509.6789020156518
ISNE_conventional_hydroelectric_1,387,946.75176
ISNE_conventional_hydroelectric_1,388,946.75176
ISNE_conventional_hydroelectric_1,389,946.75176
ISNE_conventional_hydroelectric_1,390,946.75176
ISNE_conventional_hydroelectric_1,391,946.75176
ISNE_conventional_hydroelectric_1,392,946.75176
ISNE_conventional_hydroelectric_1,393,946.75176
ISNE_conventional_hydroelectric_1,394,946.75176
ISNE_conventional_hydroelectric_1,395,946.75176
ISNE_conventional_hydroelectric_1,396,946.75176
ISNE_conventional_hydroelectric_1,397,769.9842837571912
ISNE_conventional_hydroelectric_1,398,769.8957990619924
ISNE_conventional_hydroelectric_1,399,0.0
ISNE_conventional_hydroelectric_1,400,83.46897958844306
ISNE_conventional_hydroelectric_1,401,510.961611429934
ISNE_conventional_hydroelectric_1,402,769.741282571581
ISNE_conventional_hydroelectric_1,403,635.8203123596427
ISNE_conventional_hydroelectric_1,404,511.24927288589845
ISNE_conventional_hydroelectric_1,405,66.27454416931727
ISNE_conventional_hydroelectric_1,406,511.47345709948684
ISNE_conventional_hydroelectric_1,407,0.0
ISNE_conventional_hydroelectric_1,408,552.3488490553805
ISNE_conventional_hydroelectric_1,409,0.0
ISNE_conventional_hydroelectric_1,410,0.0
ISNE_conventional_hydroelectric_1,411,0.0
ISNE_conventional_hydroelectric_1,412,0.0
ISNE_conventional_hydroelectric_1,413,0.0
ISNE_conventional_hydroelectric_1,414,0.0
ISNE_conventional_hydroelectric_1,415,0.0
ISNE_conventional_hydroelectric_1,416,0.0
ISNE_conventional_hydroelectric_1,417,0.0
ISNE_conventional_hydroelectric_1,418,0.0
ISNE_conventional_hydroelectric_1,419,0.0
ISNE_conventional_hydroelectric_1,420,0.0
ISNE_conventional_hydroelectric_1,421,0.0
ISNE_conventional_hydroelectric_1,422,0.0
ISNE_conventional_hydroelectric_1,423,0.0
ISNE_conventional_hydroelectric_1,424,0.0
ISNE_conventional_hydroelectric_1,425,0.0
ISNE_conventional_hydroelectric_1,426,0.0
ISNE_conventional_hydroelectric_1,427,0.0
ISNE_conventional_hydroelectric_1,428,0.0
ISNE_conventional_hydroelectric_1,429,0.0
ISNE_conventional_hydroelectric_1,430,0.0
ISNE_conventional_hydroelectric_1,431,0.0
ISNE_conventional_hydroelectric_1,432,0.0
ISNE_conventional_hydroelectric_1,433,158.0864179247596
ISNE_conventional_hydroelectric_1,434,158.58504678720078
ISNE_conventional_hydroelectric_1,435,159.0836756496422
ISNE_conventional_hydroelectric_1,436,0.0
ISNE_conventional_hydroelectric_1,437,0.0
ISNE_conventional_hydroelectric_1,438,0.0
ISNE_conventional_hydroelectric_1,439,16.35392977956144
ISNE_conventional_hydroelectric_1,440,0.0
ISNE_conventional_hydroelectric_1,441,0.0
ISNE_conventional_hydroelectric_1,442,156.45639604220645
ISNE_conventional_hydroelectric_1,443,0.0
ISNE_conventional_hydroelectric_1,444,0.0
ISNE_conventional_hydroelectric_1,445,0.0
ISNE_conventional_hydroelectric_1,446,0.0
ISNE_conventional_hydroelectric_1,447,405.24095253226113
ISNE_conventional_hydroelectric_1,448,409.023596184874
ISNE_conventional_hydroelectric_1,449,0.0
ISNE_conventional_hydroelectric_1,450,0.0
ISNE_conventional_hydroelectric_1,451,0.0
ISNE_conventional_hydroelectric_1,452,0.0
ISNE_conventional_hydroelectric_1,453,170.17814188813418
ISNE_conventional_hydroelectric_1,454,672.3939607195828
ISNE_conventional_hydroelectric_1,455,834.7258618146187
ISNE_conventional_hydroelectric_1,456,0.0
ISNE_conventional_hydroelectric_1,457,0.0
ISNE_conventional_hydroelectric_1,458,0.0
ISNE_conventional_hydroelectric_1,459,0.0
ISNE_conventional_hydroelectric_1,460,159.57611403128237
ISNE_conventional_hydroelectric_1,461,160.0747428937235
ISNE_conventional_hydroelectric_1,462,160.60820561775347
ISNE_conventional_hydroelectric_1,463,249.90569670214853
ISNE_conventional_hydroelectric_1,464,419.9268456157207
ISNE_conventional_hydroelectric_1,465,420.46030833975044
ISNE_conventional_hydroelectric_1,466,264.56238247439694
ISNE_conventional_hydroelectric_1,467,163.10134992996007
ISNE_conventional_hydroelectric_1,468,163.59378831160006
ISNE_conventional_hydroelectric_1,469,164.09241717404143
ISNE_conventional_hydroelectric_1,470,164.59104603648268
ISNE_conventional_hydroelectric_1,471,328.6879065245259
ISNE_conventional_hydroelectric_1,472,442.9665195972176
ISNE_conventional_hydroelectric_1,473,166.08693262380677
ISNE_conventional_hydroelectric_1,474,166.58556148624814
ISNE_conventional_hydroelectric_1,475,167.08419034868928
ISNE_conventional_hydroelectric_1,476,167.5766287303295
ISNE_conventional_hydroelectric_1,477,442.9665195972176
ISNE_conventional_hydroelectric_1,478,242.93075256399786
ISNE_conventional_hydroelectric_1,479,0.0
ISNE_conventional_hydroelectric_1,480,169.60597804168322
ISNE_conventional_hydroelectric_1,481,409.432643304886
ISNE_conventional_hydroelectric_1,482,409.432643304886
ISNE_conventional_hydroelectric_1,483,409.432643304886
ISNE_conventional_hydroelectric_1,484,409.5847462913904
ISNE_conventional_hydroelectric_1,485,409.432643304886
ISNE_conventional_hydroelectric_1,486,409.432643304886
ISNE_conventional_hydroelectric_1,487,409.432643304886
ISNE_conventional_hydroelectric_1,488,409.432643304886
ISNE_conventional_hydroelectric_1,489,409.432643304886
ISNE_conventional_hydroelectric_1,490,409.432643304886
ISNE_conventional_hydroelectric_1,491,409.432643304886
ISNE_conventional_hydroelectric_1,492,409.432643304886
ISNE_conventional_hydroelectric_1,493,409.432643304886
ISNE_conventional_hydroelectric_1,494,409.432643304886
ISNE_conventional_hydroelectric_1,495,409.432643304886
ISNE_conventional_hydroelectric_1,496,409.432643304886
ISNE_conventional_hydroelectric_1,497,409.432643304886
ISNE_conventional_hydroelectric_1,498,409.432643304886
ISNE_conventional_hydroelectric_1,499,409.432643304886
ISNE_conventional_hydroelectric_1,500,409.432643304886
ISNE_conventional_hydroelectric_1,501,409.432643304886
ISNE_conventional_hydroelectric_1,502,0.0
ISNE_conventional_hydroelectric_1,503,255.35725549217307
ISNE_conventional_hydroelectric_1,504,409.432643304886
ISNE_conventional_hydroelectric_1,505,916.9963813234125
ISNE_conventional_hydroelectric_1,506,667.6378405941155
ISNE_conventional_hydroelectric_1,507,444.9863507178376
ISNE_conventional_hydroelectric_1,508,946.75176
ISNE_conventional_hydroelectric_1,509,946.75176
ISNE_conventional_hydroelectric_1,510,460.35837636620596
ISNE_conventional_hydroelectric_1,511,445.97039163560873
ISNE_conventional_hydroelectric_1,512,497.78665405835864
ISNE_conventional_hydroelectric_1,513,505.9193123969783
ISNE_conventional_hydroelectric_1,514,446.7622821189249
ISNE_conventional_hydroelectric_1,515,446.98307593416723
ISNE_conventional_hydroelectric_1,516,447.2985449254096
ISNE_conventional_hydroelectric_1,517,447.5193387406522
ISNE_conventional_hydroelectric_1,518,447.7463230366958
ISNE_conventional_hydroelectric_1,519,448.00195071352675
ISNE_conventional_hydroelectric_1,520,448.27639536237973
ISNE_conventional_hydroelectric_1,521,448.53821352001194
ISNE_conventional_hydroelectric_1,522,575.5291854153293
ISNE_conventional_hydroelectric_1,523,449.02082549288673
ISNE_conventional_hydroelectric_1,524,449.2952701417395
ISNE_conventional_hydroelectric_1,525,946.75176
ISNE_conventional_hydroelectric_1,526,946.75176
ISNE_conventional_hydroelectric_1,527,449.99867592985686
ISNE_conventional_hydroelectric_1,528,450.3141449210992
ISNE_conventional_hydroelectric_1,529,245.02111604545638
ISNE_conventional_hydroelectric_1,530,278.7834104195144
ISNE_conventional_hydroelectric_1,531,587.2241301149805
ISNE_conventional_hydroelectric_1,532,0.0
ISNE_conventional_hydroelectric_1,533,56.07248450027362
ISNE_conventional_hydroelectric_1,534,680.2080736762554
ISNE_conventional_hydroelectric_1,535,839.8901421958365
ISNE_conventional_hydroelectric_1,536,946.75176
ISNE_conventional_hydroelectric_1,537,946.75176
ISNE_conventional_hydroelectric_1,538,946.75176
ISNE_conventional_hydroelectric_1,539,501.6905279726233
ISNE_conventional_hydroelectric_1,540,501.6905279726233
ISNE_conventional_hydroelectric_1,541,501.6905279726233
ISNE_conventional_hydroelectric_1,542,501.6905279726233
ISNE_conventional_hydroelectric_1,543,501.6905279726233
ISNE_conventional_hydroelectric_1,544,501.6905279726233
ISNE_conventional_hydroelectric_1,545,501.6905279726233
ISNE_conventional_hydroelectric_1,546,407.8330990680839
ISNE_conventional_hydroelectric_1,547,501.6905279726233
ISNE_conventional_hydroelectric_1,548,501.6905279726233
ISNE_conventional_hydroelectric_1,549,500.34023000086756
ISNE_conventional_hydroelectric_1,550,0.0
ISNE_conventional_hydroelectric_1,551,501.6905279726233
ISNE_conventional_hydroelectric_1,552,501.6905279726233
ISNE_conventional_hydroelectric_1,553,686.7870056138389
ISNE_conventional_hydroelectric_1,554,851.6452581475977
ISNE_conventional_hydroelectric_1,555,411.25481729668
ISNE_conventional_hydroelectric_1,556,496.76960246701555
ISNE_conventional_hydroelectric_1,557,441.0860316580552
ISNE_conventional_hydroelectric_1,558,303.52698598706655
ISNE_conventional_hydroelectric_1,559,158.38741868849428
ISNE_conventional_hydroelectric_1,560,0.0
ISNE_conventional_hydroelectric_1,561,0.0
ISNE_conventional_hydroelectric_1,562,51.396882162632835
ISNE_conventional_hydroelectric_1,563,496.43929721798787
ISNE_conventional_hydroelectric_1,564,496.36682941235557
ISNE_conventional_hydroelectric_1,565,496.29436160672344
ISNE_conventional_hydroelectric_1,566,496.2567276626799
ISNE_conventional_hydroelectric_1,567,496.23791069065794
ISNE_conventional_hydroelectric_1,568,496.16544288502575
ISNE_conventional_hydroelectric_1,569,527.4534099164102
ISNE_conventional_hydroelectric_1,570,946.75176
ISNE_conventional_hydroelectric_1,571,496.0303336825268
ISNE_conventional_hydroelectric_1,572,495.9578658768947
ISNE_conventional_hydroelectric_1,573,0.0
ISNE_conventional_hydroelectric_1,574,163.33471538617238
ISNE_conventional_hydroelectric_1,575,495.82894715519683
ISNE_conventional_hydroelectric_1,576,495.75647934956476
MISC_conventional_hydroelectric_1,1,118.14086068164231
MISC_conventional_hydroelectric_1,2,215.83593677143952
MISC_conventional_hydroelectric_1,3,216.13774231991044
MISC_conventional_hydroelectric_1,4,118.56128441988473
MISC_conventional_hydroelectric_1,5,0.0
MISC_conventional_hydroelectric_1,6,208.17371673809726
MISC_conventional_hydroelectric_1,7,0.0
MISC_conventional_hydroelectric_1,8,0.0
MISC_conventional_hydroelectric_1,9,119.28351370659789
MISC_conventional_hydroelectric_1,10,259.81478928622283
MISC_conventional_hydroelectric_1,11,79.89548086865244
MISC_conventional_hydroelectric_1,12,0.0
MISC_conventional_hydroelectric_1,13,66.04710692756578
MISC_conventional_hydroelectric_1,14,0.0
MISC_conventional_hydroelectric_1,15,81.43344404698888
MISC_conventional_hydroelectric_1,16,81.77527845719368
MISC_conventional_hydroelectric_1,17,82.22785603236156
MISC_conventional_hydroelectric_1,18,460.53000000000003
MISC_conventional_hydroelectric_1,19,362.1101636314425
MISC_conventional_hydroelectric_1,20,87.52777975472411
MISC_conventional_hydroelectric_1,21,0.0
MISC_conventional_hydroelectric_1,22,0.0
MISC_conventional_hydroelectric_1,23,0.0
MISC_conventional_hydroelectric_1,24,0.0
MISC_conventional_hydroelectric_1,25,0.0
MISC_conventional_hydroelectric_1,26,0.0
MISC_conventional_hydroelectric_1,27,0.0
MISC_conventional_hydroelectric_1,28,0.0
MISC_conventional_hydroelectric_1,29,0.0
MISC_conventional_hydroelectric_1,30,0.0
MISC_conventional_hydroelectric_1,31,0.0
MISC_conventional_hydroelectric_1,32,0.0
MISC_conventional_hydroelectric_1,33,321.80400048476565
MISC_conventional_hydroelectric_1,34,0.0
MISC_conventional_hydroelectric_1,35,0.0
MISC_conventional_hydroelectric_1,36,0.0
MISC_conventional_hydroelectric_1,37,0.0
MISC_conventional_hydroelectric_1,38,0.0
MISC_conventional_hydroelectric_1,39,0.0
MISC_conventional_hydroelectric_1,40,0.0
MISC_conventional_hydroelectric_1,41,0.0
MISC_conventional_hydroelectric_1,42,0.0
MISC_conventional_hydroelectric_1,43,0.0
MISC_conventional_hydroelectric_1,44,0.0
MISC_conventional_hydroelectric_1,45,0.0
MISC_conventional_hydroelectric_1,46,0.0
MISC_conventional_hydroelectric_1,47,0.0
MISC_conventional_hydroelectric_1,48,0.0
MISC_conventional_hydroelectric_1,49,321.0838103520472
MISC_conventional_hydroelectric_1,50,321.1603278344774
MISC_conventional_hydroelectric_1,51,321.24528356188125
MISC_conventional_hydroelectric_1,52,321.3637106590968
MISC_conventional_hydroelectric_1,53,440.1685878003879
MISC_conventional_hydroelectric_1,54,330.32816611667454
MISC_conventional_hydroelectric_1,55,440.66835517938904
MISC_conventional_hydroelectric_1,56,460.53000000000003
MISC_conventional_hydroelectric_1,57,460.53000000000003
MISC_conventional_hydroelectric_1,58,460.53000000000003
MISC_conventional_hydroelectric_1,59,460.53000000000003
MISC_conventional_hydroelectric_1,60,460.53000000000003
MISC_conventional_hydroelectric_1,61,460.53000000000003
MISC_conventional_hydroelectric_1,62,460.53000000000003
MISC_conventional_hydroelectric_1,63,460.53000000000003
MISC_conventional_hydroelectric_1,64,460.53000000000003
MISC_conventional_hydroelectric_1,65,460.53000000000003
MISC_conventional_hydroelectric_1,66,443.24349081086353
MISC_conventional_hydroelectric_1,67,32.73137143643021
MISC_conventional_hydroelectric_1,68,456.3489332506177
MISC_conventional_hydroelectric_1,69,460.53000000000003
MISC_conventional_hydroelectric_1,70,460.53000000000003
MISC_conventional_hydroelectric_1,71,444.4405222351566
MISC_conventional_hydroelectric_1,72,460.53000000000003
MISC_conventional_hydroelectric_1,73,170.53035330902293
MISC_conventional_hydroelectric_1,74,170.53035330902293
MISC_conventional_hydroelectric_1,75,170.53035330902293
MISC_conventional_hydroelectric_1,76,170.53035330902293
MISC_conventional_hydroelectric_1,77,170.53035330902293
MISC_conventional_hydroelectric_1,78,170.53035330902293
MISC_conventional_hydroelectric_1,79,170.53035330902293
MISC_conventional_hydroelectric_1,80,170.53035330902293
MISC_conventional_hydroelectric_1,81,170.53035330902293
MISC_conventional_hydroelectric_1,82,170.53035330902293
MISC_conventional_hydroelectric_1,83,170.53035330902293
MISC_conventional_hydroelectric_1,84,250.8365021380581
MISC_conventional_hydroelectric_1,85,185.1592799964198
MISC_conventional_hydroelectric_1,86,251.59202175952998
MISC_conventional_hydroelectric_1,87,170.53035330902293
MISC_conventional_hydroelectric_1,88,170.53035330902293
MISC_conventional_hydroelectric_1,89,170.53035330902293
MISC_conventional_hydroelectric_1,90,170.53035330902293
MISC_conventional_hydroelectric_1,91,460.53000000000003
MISC_conventional_hydroelectric_1,92,170.53035330902293
MISC_conventional_hydroelectric_1,93,178.61331422178972
MISC_conventional_hydroelectric_1,94,170.53035330902293
MISC_conventional_hydroelectric_1,95,170.53035330902293
MISC_conventional_hydroelectric_1,96,170.53035330902293
MISC_conventional_hydroelectric_1,97,0.0
MISC_conventional_hydroelectric_1,98,124.62277795705876
MISC_conventional_hydroelectric_1,99,0.0
MISC_conventional_hydroelectric_1,100,0.0
MISC_conventional_hydroelectric_1,101,0.0
MISC_conventional_hydroelectric_1,102,210.72690378968204
MISC_conventional_hydroelectric_1,103,210.87131947451587
MISC_conventional_hydroelectric_1,104,210.98113734920773
MISC_conventional_hydroelectric_1,105,211.12442659371132
MISC_conventional_hydroelectric_1,106,0.0
MISC_conventional_hydroelectric_1,107,0.0
MISC_conventional_hydroelectric_1,108,0.0
MISC_conventional_hydroelectric_1,109,0.0
MISC_conventional_hydroelectric_1,110,0.0
MISC_conventional_hydroelectric_1,111,0.0
MISC_conventional_hydroelectric_1,112,0.0
MISC_conventional_hydroelectric_1,113,0.0
MISC_conventional_hydroelectric_1,114,0.0
MISC_conventional_hydroelectric_1,115,0.0
MISC_conventional_hydroelectric_1,116,0.0
MISC_conventional_hydroelectric_1,117,0.0
MISC_conventional_hydroelectric_1,118,0.0
MISC_conventional_hydroelectric_1,119,0.0
MISC_conventional_hydroelectric_1,120,0.0
MISC_conventional_hydroelectric_1,121,0.0
MISC_conventional_hydroelectric_1,122,0.0
MISC_conventional_hydroelectric_1,123,65.52645954337282
MISC_conventional_hydroelectric_1,124,0.0
MISC_conventional_hydroelectric_1,125,0.0
MISC_conventional_hydroelectric_1,126,217.8488127198882
MISC_conventional_hydroelectric_1,127,217.8488127198882
MISC_conventional_hydroelectric_1,128,217.8488127198882
MISC_conventional_hydroelectric_1,129,217.8488127198882
MISC_conventional_hydroelectric_1,130,429.12067224931775
MISC_conventional_hydroelectric_1,131,429.23049012400963
MISC_conventional_hydroelectric_1,132,429.3737793685132
MISC_conventional_hydroelectric_1,133,429.52008586390133
MISC_conventional_hydroelectric_1,134,429.6310301789234
MISC_conventional_hydroelectric_1,135,73.51778440750087
MISC_conventional_hydroelectric_1,136,73.8341431627378
MISC_conventional_hydroelectric_1,137,74.19430234331435
MISC_conventional_hydroelectric_1,138,74.52211659440945
MISC_conventional_hydroelectric_1,139,74.83847534964633
MISC_conventional_hydroelectric_1,140,241.79833465201966
MISC_conventional_hydroelectric_1,141,430.54192816344266
MISC_conventional_hydroelectric_1,142,430.6852174079463
MISC_conventional_hydroelectric_1,143,430.82850665244996
MISC_conventional_hydroelectric_1,144,430.9413417780263
MISC_conventional_hydroelectric_1,145,460.53000000000003
MISC_conventional_hydroelectric_1,146,451.2676369683753
MISC_conventional_hydroelectric_1,147,252.97329921029223
MISC_conventional_hydroelectric_1,148,318.84846243838354
MISC_conventional_hydroelectric_1,149,319.2056043680757
MISC_conventional_hydroelectric_1,150,0.0
MISC_conventional_hydroelectric_1,151,0.0
MISC_conventional_hydroelectric_1,152,0.0
MISC_conventional_hydroelectric_1,153,0.0
MISC_conventional_hydroelectric_1,154,0.0
MISC_conventional_hydroelectric_1,155,270.0220489188758
MISC_conventional_hydroelectric_1,156,270.2359016040643
MISC_conventional_hydroelectric_1,157,270.44433329516363
MISC_conventional_hydroelectric_1,158,270.6593124206823
MISC_conventional_hydroelectric_1,159,460.53000000000003
MISC_conventional_hydroelectric_1,160,460.53000000000003
MISC_conventional_hydroelectric_1,161,460.53000000000003
MISC_conventional_hydroelectric_1,162,460.53000000000003
MISC_conventional_hydroelectric_1,163,460.53000000000003
MISC_conventional_hydroelectric_1,164,460.53000000000003
MISC_conventional_hydroelectric_1,165,0.0
MISC_conventional_hydroelectric_1,166,26.86044721090795
MISC_conventional_hydroelectric_1,167,0.0
MISC_conventional_hydroelectric_1,168,272.7495934309243
MISC_conventional_hydroelectric_1,169,68.72955811638701
MISC_conventional_hydroelectric_1,170,202.81040313680583
MISC_conventional_hydroelectric_1,171,460.53000000000003
MISC_conventional_hydroelectric_1,172,460.53000000000003
MISC_conventional_hydroelectric_1,173,460.53000000000003
MISC_conventional_hydroelectric_1,174,351.4877021096004
MISC_conventional_hydroelectric_1,175,351.6931165498153
MISC_conventional_hydroelectric_1,176,351.9099864858882
MISC_conventional_hydroelectric_1,177,352.0914942415952
MISC_conventional_hydroelectric_1,178,352.29690868181
MISC_conventional_hydroelectric_1,179,0.0
MISC_conventional_hydroelectric_1,180,0.0
MISC_conventional_hydroelectric_1,181,0.0
MISC_conventional_hydroelectric_1,182,0.0
MISC_conventional_hydroelectric_1,183,0.0
MISC_conventional_hydroelectric_1,184,0.0
MISC_conventional_hydroelectric_1,185,0.0
MISC_conventional_hydroelectric_1,186,0.0
MISC_conventional_hydroelectric_1,187,0.0
MISC_conventional_hydroelectric_1,188,0.0
MISC_conventional_hydroelectric_1,189,354.60104237724056
MISC_conventional_hydroelectric_1,190,327.94713604687763
MISC_conventional_hydroelectric_1,191,355.0214359429741
MISC_conventional_hydroelectric_1,192,82.48983888845297
MISC_conventional_hydroelectric_1,193,249.08953901024984
MISC_conventional_hydroelectric_1,194,0.0
MISC_conventional_hydroelectric_1,195,0.0
MISC_conventional_hydroelectric_1,196,0.0
MISC_conventional_hydroelectric_1,197,0.0
MISC_conventional_hydroelectric_1,198,0.0
MISC_conventional_hydroelectric_1,199,0.0
MISC_conventional_hydroelectric_1,200,0.0
MISC_conventional_hydroelectric_1,201,0.0
MISC_conventional_hydroelectric_1,202,0.0
MISC_conventional_hydroelectric_1,203,82.48983888845297
MISC_conventional_hydroelectric_1,204,82.48983888845297
MISC_conventional_hydroelectric_1,205,82.48983888845297
MISC_conventional_hydroelectric_1,206,82.48983888845297
MISC_conventional_hydroelectric_1,207,249.08953901024984
MISC_conventional_hydroelectric_1,208,249.08953901024984
MISC_conventional_hydroelectric_1,209,249.08953901024984
MISC_conventional_hydroelectric_1,210,249.08953901024984
MISC_conventional_hydroelectric_1,211,249.08953901024984
MISC_conventional_hydroelectric_1,212,82.48983888845297
MISC_conventional_hydroelectric_1,213,0.0
MISC_conventional_hydroelectric_1,214,0.0
MISC_conventional_hydroelectric_1,215,0.0
MISC_conventional_hydroelectric_1,216,0.0
MISC_conventional_hydroelectric_1,217,366.98413167470153
MISC_conventional_hydroelectric_1,218,366.69792531330336
MISC_conventional_hydroelectric_1,219,366.4440638813868
MISC_conventional_hydroelectric_1,220,366.19864069444384
MISC_conventional_hydroelectric_1,221,365.94477926252716
MISC_conventional_hydroelectric_1,222,365.6950615218253
MISC_conventional_hydroelectric_1,223,365.44120008990876
MISC_conventional_hydroelectric_1,224,365.1873386579922
MISC_conventional_hydroelectric_1,225,364.901132296594
MISC_conventional_hydroelectric_1,226,364.64727086467747
MISC_conventional_hydroelectric_1,227,209.2848087294483
MISC_conventional_hydroelectric_1,228,286.07423165732155
MISC_conventional_hydroelectric_1,229,208.78122955682989
MISC_conventional_hydroelectric_1,230,363.64440707319943
MISC_conventional_hydroelectric_1,231,363.3582007118014
MISC_conventional_hydroelectric_1,232,363.1043392798847
MISC_conventional_hydroelectric_1,233,362.8619333438262
MISC_conventional_hydroelectric_1,234,362.6091983522399
MISC_conventional_hydroelectric_1,235,362.3553369203232
MISC_conventional_hydroelectric_1,236,206.98443654012056
MISC_conventional_hydroelectric_1,237,361.8476140564901
MISC_conventional_hydroelectric_1,238,361.5644249459765
MISC_conventional_hydroelectric_1,239,206.1935245657737
MISC_conventional_hydroelectric_1,240,361.06514032711686
MISC_conventional_hydroelectric_1,241,0.0
MISC_conventional_hydroelectric_1,242,0.0
MISC_conventional_hydroelectric_1,243,0.0
MISC_conventional_hydroelectric_1,244,0.0
MISC_conventional_hydroelectric_1,245,0.0
MISC_conventional_hydroelectric_1,246,0.0
MISC_conventional_hydroelectric_1,247,0.0
MISC_conventional_hydroelectric_1,248,0.0
MISC_conventional_hydroelectric_1,249,0.0
MISC_conventional_hydroelectric_1,250,0.0
MISC_conventional_hydroelectric_1,251,155.1170389482861
MISC_conventional_hydroelectric_1,252,78.07789827971101
MISC_conventional_hydroelectric_1,253,155.1170389482861
MISC_conventional_hydroelectric_1,254,0.0
MISC_conventional_hydroelectric_1,255,0.0
MISC_conventional_hydroelectric_1,256,0.0
MISC_conventional_hydroelectric_1,257,0.0
MISC_conventional_hydroelectric_1,258,0.0
MISC_conventional_hydroelectric_1,259,0.0
MISC_conventional_hydroelectric_1,260,155.1170389482861
MISC_conventional_hydroelectric_1,261,0.0
MISC_conventional_hydroelectric_1,262,0.0
MISC_conventional_hydroelectric_1,263,155.1170389482861
MISC_conventional_hydroelectric_1,264,0.0
MISC_conventional_hydroelectric_1,265,460.53000000000003
MISC_conventional_hydroelectric_1,266,460.53000000000003
MISC_conventional_hydroelectric_1,267,460.53000000000003
MISC_conventional_hydroelectric_1,268,460.53000000000003
MISC_conventional_hydroelectric_1,269,460.53000000000003
MISC_conventional_hydroelectric_1,270,460.53000000000003
MISC_conventional_hydroelectric_1,271,460.53000000000003
MISC_conventional_hydroelectric_1,272,320.9548731642508
MISC_conventional_hydroelectric_1,273,460.53000000000003
MISC_conventional_hydroelectric_1,274,460.53000000000003
MISC_conventional_hydroelectric_1,275,460.53000000000003
MISC_conventional_hydroelectric_1,276,460.53000000000003
MISC_conventional_hydroelectric_1,277,321.0635042535947
MISC_conventional_hydroelectric_1,278,158.64519086752352
MISC_conventional_hydroelectric_1,279,158.6649538608168
MISC_conventional_hydroelectric_1,280,158.6866076646644
MISC_conventional_hydroelectric_1,281,158.70938790884213
MISC_conventional_hydroelectric_1,282,158.73216815301987
MISC_conventional_hydroelectric_1,283,158.71733333617124
MISC_conventional_hydroelectric_1,284,158.74011358034898
MISC_conventional_hydroelectric_1,285,321.20173457411533
MISC_conventional_hydroelectric_1,286,460.53000000000003
MISC_conventional_hydroelectric_1,287,321.2472950624709
MISC_conventional_hydroelectric_1,288,158.82596442551517
MISC_conventional_hydroelectric_1,289,0.0
MISC_conventional_hydroelectric_1,290,0.0
MISC_conventional_hydroelectric_1,291,22.634455653237836
MISC_conventional_hydroelectric_1,292,0.0
MISC_conventional_hydroelectric_1,293,16.567502425741463
MISC_conventional_hydroelectric_1,294,0.0
MISC_conventional_hydroelectric_1,295,0.0
MISC_conventional_hydroelectric_1,296,0.0
MISC_conventional_hydroelectric_1,297,22.76299054091632
MISC_conventional_hydroelectric_1,298,22.76776785481681
MISC_conventional_hydroelectric_1,299,0.0
MISC_conventional_hydroelectric_1,300,0.0
MISC_conventional_hydroelectric_1,301,0.0
MISC_conventional_hydroelectric_1,302,162.43996718991878
MISC_conventional_hydroelectric_1,303,162.43996718991878
MISC_conventional_hydroelectric_1,304,162.43996718991878
MISC_conventional_hydroelectric_1,305,162.43996718991878
MISC_conventional_hydroelectric_1,306,162.43996718991878
MISC_conventional_hydroelectric_1,307,162.43996718991878
MISC_conventional_hydroelectric_1,308,162.43996718991878
MISC_conventional_hydroelectric_1,309,0.0
MISC_conventional_hydroelectric_1,310,184.9610144399123
MISC_conventional_hydroelectric_1,311,0.0
MISC_conventional_hydroelectric_1,312,162.43996718991878
MISC_conventional_hydroelectric_1,313,460.53000000000003
MISC_conventional_hydroelectric_1,314,460.53000000000003
MISC_conventional_hydroelectric_1,315,460.53000000000003
MISC_conventional_hydroelectric_1,316,460.53000000000003
MISC_conventional_hydroelectric_1,317,460.53000000000003
MISC_conventional_hydroelectric_1,318,460.53000000000003
MISC_conventional_hydroelectric_1,319,460.53000000000003
MISC_conventional_hydroelectric_1,320,460.53000000000003
MISC_conventional_hydroelectric_1,321,460.53000000000003
MISC_conventional_hydroelectric_1,322,460.53000000000003
MISC_conventional_hydroelectric_1,323,460.53000000000003
MISC_conventional_hydroelectric_1,324,460.53000000000003
MISC_conventional_hydroelectric_1,325,324.28146518600613
MISC_conventional_hydroelectric_1,326,324.25819212418384
MISC_conventional_hydroelectric_1,327,460.53000000000003
MISC_conventional_hydroelectric_1,328,162.29365063702778
MISC_conventional_hydroelectric_1,329,162.27564770675042
MISC_conventional_hydroelectric_1,330,162.2630657705622
MISC_conventional_hydroelectric_1,331,162.28584601473995
MISC_conventional_hydroelectric_1,332,162.27326407855162
MISC_conventional_hydroelectric_1,333,162.26369939324786
MISC_conventional_hydroelectric_1,334,0.0
MISC_conventional_hydroelectric_1,335,324.2432265597969
MISC_conventional_hydroelectric_1,336,324.21264169333125
MISC_conventional_hydroelectric_1,337,184.5876296429588
MISC_conventional_hydroelectric_1,338,184.58524601476003
MISC_conventional_hydroelectric_1,339,162.01181928941213
MISC_conventional_hydroelectric_1,340,184.64465568467529
MISC_conventional_hydroelectric_1,341,168.07778688161943
MISC_conventional_hydroelectric_1,342,184.700283733482
MISC_conventional_hydroelectric_1,343,43.70997571538848
MISC_conventional_hydroelectric_1,344,183.25556366497887
MISC_conventional_hydroelectric_1,345,20.955976582107894
MISC_conventional_hydroelectric_1,346,161.99206635362177
MISC_conventional_hydroelectric_1,347,184.75632413990957
MISC_conventional_hydroelectric_1,348,184.8227740618887
MISC_conventional_hydroelectric_1,349,460.53000000000003
MISC_conventional_hydroelectric_1,350,460.53000000000003
MISC_conventional_hydroelectric_1,351,324.3060054931998
MISC_conventional_hydroelectric_1,352,460.53000000000003
MISC_conventional_hydroelectric_1,353,161.97343985816156
MISC_conventional_hydroelectric_1,354,161.96274873252764
MISC_conventional_hydroelectric_1,355,161.9836381661512
MISC_conventional_hydroelectric_1,356,460.53000000000003
MISC_conventional_hydroelectric_1,357,460.53000000000003
MISC_conventional_hydroelectric_1,358,460.53000000000003
MISC_conventional_hydroelectric_1,359,460.53000000000003
MISC_conventional_hydroelectric_1,360,460.53000000000003
MISC_conventional_hydroelectric_1,361,0.0
MISC_conventional_hydroelectric_1,362,0.0
MISC_conventional_hydroelectric_1,363,0.0
MISC_conventional_hydroelectric_1,364,0.0
MISC_conventional_hydroelectric_1,365,0.0
MISC_conventional_hydroelectric_1,366,0.0
MISC_conventional_hydroelectric_1,367,0.0
MISC_conventional_hydroelectric_1,368,0.0
MISC_conventional_hydroelectric_1,369,0.0
MISC_conventional_hydroelectric_1,370,0.0
MISC_conventional_hydroelectric_1,371,160.32732835062285
MISC_conventional_hydroelectric_1,372,0.0
MISC_conventional_hydroelectric_1,373,0.0
MISC_conventional_hydroelectric_1,374,160.28281384257394
MISC_conventional_hydroelectric_1,375,160.26621896270933
MISC_conventional_hydroelectric_1,376,322.2733036873366
MISC_conventional_hydroelectric_1,377,460.53000000000003
MISC_conventional_hydroelectric_1,378,460.53000000000003
MISC_conventional_hydroelectric_1,379,460.53000000000003
MISC_conventional_hydroelectric_1,380,322.2252791107587
MISC_conventional_hydroelectric_1,381,322.197228735036
MISC_conventional_hydroelectric_1,382,160.22452055548592
MISC_conventional_hydroelectric_1,383,160.20905211595155
MISC_conventional_hydroelectric_1,384,0.0
MISC_conventional_hydroelectric_1,385,319.6111304253479
MISC_conventional_hydroelectric_1,386,319.62097672073423
MISC_conventional_hydroelectric_1,387,319.5889134013353
MISC_conventional_hydroelectric_1,388,319.5609937731509
MISC_conventional_hydroelectric_1,389,319.52893045375197
MISC_conventional_hydroelectric_1,390,319.5638098739764
MISC_conventional_hydroelectric_1,391,460.53000000000003
MISC_conventional_hydroelectric_1,392,460.53000000000003
MISC_conventional_hydroelectric_1,393,460.53000000000003
MISC_conventional_hydroelectric_1,394,319.4481385325687
MISC_conventional_hydroelectric_1,395,159.15870685305487
MISC_conventional_hydroelectric_1,396,319.45397188427864
MISC_conventional_hydroelectric_1,397,319.4219085648797
MISC_conventional_hydroelectric_1,398,159.11117509412145
MISC_conventional_hydroelectric_1,399,159.09570665458702
MISC_conventional_hydroelectric_1,400,159.1125831445342
MISC_conventional_hydroelectric_1,401,319.37081896900634
MISC_conventional_hydroelectric_1,402,319.3387556496074
MISC_conventional_hydroelectric_1,403,319.3078187705386
MISC_conventional_hydroelectric_1,404,159.05260019695086
MISC_conventional_hydroelectric_1,405,159.069476686898
MISC_conventional_hydroelectric_1,406,159.05400824736364
MISC_conventional_hydroelectric_1,407,159.03741336749906
MISC_conventional_hydroelectric_1,408,319.21854585526626
MISC_conventional_hydroelectric_1,409,0.0
MISC_conventional_hydroelectric_1,410,0.0
MISC_conventional_hydroelectric_1,411,0.0
MISC_conventional_hydroelectric_1,412,0.0
MISC_conventional_hydroelectric_1,413,0.0
MISC_conventional_hydroelectric_1,414,0.0
MISC_conventional_hydroelectric_1,415,0.0
MISC_conventional_hydroelectric_1,416,0.0
MISC_conventional_hydroelectric_1,417,0.0
MISC_conventional_hydroelectric_1,418,0.0
MISC_conventional_hydroelectric_1,419,136.9255807781683
MISC_conventional_hydroelectric_1,420,136.89436228901693
MISC_conventional_hydroelectric_1,421,158.77716542121033
MISC_conventional_hydroelectric_1,422,158.77716542121033
MISC_conventional_hydroelectric_1,423,158.77716542121033
MISC_conventional_hydroelectric_1,424,158.77716542121033
MISC_conventional_hydroelectric_1,425,158.77716542121033
MISC_conventional_hydroelectric_1,426,136.6259174778254
MISC_conventional_hydroelectric_1,427,158.77716542121033
MISC_conventional_hydroelectric_1,428,136.53732093435434
MISC_conventional_hydroelectric_1,429,136.506102445203
MISC_conventional_hydroelectric_1,430,136.4498508312135
MISC_conventional_hydroelectric_1,431,136.41561509117764
MISC_conventional_hydroelectric_1,432,136.35936347718814
MISC_conventional_hydroelectric_1,433,0.0
MISC_conventional_hydroelectric_1,434,0.0
MISC_conventional_hydroelectric_1,435,0.0
MISC_conventional_hydroelectric_1,436,0.0
MISC_conventional_hydroelectric_1,437,0.0
MISC_conventional_hydroelectric_1,438,0.0
MISC_conventional_hydroelectric_1,439,0.0
MISC_conventional_hydroelectric_1,440,0.0
MISC_conventional_hydroelectric_1,441,0.0
MISC_conventional_hydroelectric_1,442,0.0
MISC_conventional_hydroelectric_1,443,0.0
MISC_conventional_hydroelectric_1,444,0.0
MISC_conventional_hydroelectric_1,445,0.0
MISC_conventional_hydroelectric_1,446,0.0
MISC_conventional_hydroelectric_1,447,0.0
MISC_conventional_hydroelectric_1,448,0.0
MISC_conventional_hydroelectric_1,449,0.0
MISC_conventional_hydroelectric_1,450,0.0
MISC_conventional_hydroelectric_1,451,0.0
MISC_conventional_hydroelectric_1,452,0.0
MISC_conventional_hydroelectric_1,453,0.0
MISC_conventional_hydroelectric_1,454,0.0
MISC_conventional_hydroelectric_1,455,0.0
MISC_conventional_hydroelectric_1,456,0.0
MISC_conventional_hydroelectric_1,457,0.0
MISC_conventional_hydroelectric_1,458,0.0
MISC_conventional_hydroelectric_1,459,0.0
MISC_conventional_hydroelectric_1,460,0.0
MISC_conventional_hydroelectric_1,461,0.0
MISC_conventional_hydroelectric_1,462,0.0
MISC_conventional_hydroelectric_1,463,0.0
MISC_conventional_hydroelectric_1,464,0.0
MISC_conventional_hydroelectric_1,465,0.0
MISC_conventional_hydroelectric_1,466,0.0
MISC_conventional_hydroelectric_1,467,0.0
MISC_conventional_hydroelectric_1,468,0.0
MISC_conventional_hydroelectric_1,469,0.0
MISC_conventional_hydroelectric_1,470,183.47286103547114
MISC_conventional_hydroelectric_1,471,0.0
MISC_conventional_hydroelectric_1,472,0.0
MISC_conventional_hydroelectric_1,473,0.0
MISC_conventional_hydroelectric_1,474,0.0
MISC_conventional_hydroelectric_1,475,0.0
MISC_conventional_hydroelectric_1,476,0.0
MISC_conventional_hydroelectric_1,477,0.0
MISC_conventional_hydroelectric_1,478,0.0
MISC_conventional_hydroelectric_1,479,0.0
MISC_conventional_hydroelectric_1,480,0.0
MISC_conventional_hydroelectric_1,481,137.37009223597175
MISC_conventional_hydroelectric_1,482,137.31384062198214
MISC_conventional_hydroelectric_1,483,137.27960488194634
MISC_conventional_hydroelectric_1,484,137.22335326795684
MISC_conventional_hydroelectric_1,485,137.19100833847534
MISC_conventional_hydroelectric_1,486,137.12631847951224
MISC_conventional_hydroelectric_1,487,137.10353823533444
MISC_conventional_hydroelectric_1,488,137.03583112548694
MISC_conventional_hydroelectric_1,489,137.01305088130914
MISC_conventional_hydroelectric_1,490,136.9818323921578
MISC_conventional_hydroelectric_1,491,0.0
MISC_conventional_hydroelectric_1,492,0.0
MISC_conventional_hydroelectric_1,493,0.0
MISC_conventional_hydroelectric_1,494,0.0
MISC_conventional_hydroelectric_1,495,0.0
MISC_conventional_hydroelectric_1,496,0.0
MISC_conventional_hydroelectric_1,497,0.0
MISC_conventional_hydroelectric_1,498,0.0
MISC_conventional_hydroelectric_1,499,0.0
MISC_conventional_hydroelectric_1,500,0.0
MISC_conventional_hydroelectric_1,501,0.0
MISC_conventional_hydroelectric_1,502,0.0
MISC_conventional_hydroelectric_1,503,0.0
MISC_conventional_hydroelectric_1,504,0.0
MISC_conventional_hydroelectric_1,505,305.18701422868617
MISC_conventional_hydroelectric_1,506,207.61062673118107
MISC_conventional_hydroelectric_1,507,207.41204133546802
MISC_conventional_hydroelectric_1,508,305.1102050786704
MISC_conventional_hydroelectric_1,509,305.07869492193356
MISC_conventional_hydroelectric_1,510,206.8832278879524
MISC_conventional_hydroelectric_1,511,460.53000000000003
MISC_conventional_hydroelectric_1,512,285.2834195632781
MISC_conventional_hydroelectric_1,513,206.34710263579342
MISC_conventional_hydroelectric_1,514,206.18198860989213
MISC_conventional_hydroelectric_1,515,205.98340321417908
MISC_conventional_hydroelectric_1,516,205.8182891882778
MISC_conventional_hydroelectric_1,517,183.66919355052383
MISC_conventional_hydroelectric_1,518,0.0
MISC_conventional_hydroelectric_1,519,183.25149539558038
MISC_conventional_hydroelectric_1,520,183.02169151071598
MISC_conventional_hydroelectric_1,521,99.32406720821461
MISC_conventional_hydroelectric_1,522,304.568404875745
MISC_conventional_hydroelectric_1,523,182.37117222002365
MISC_conventional_hydroelectric_1,524,204.3800863816851
MISC_conventional_hydroelectric_1,525,279.7974165442797
MISC_conventional_hydroelectric_1,526,460.53000000000003
MISC_conventional_hydroelectric_1,527,304.38972579747025
MISC_conventional_hydroelectric_1,528,288.5093133464119
MISC_conventional_hydroelectric_1,529,0.0
MISC_conventional_hydroelectric_1,530,0.0
MISC_conventional_hydroelectric_1,531,0.0
MISC_conventional_hydroelectric_1,532,0.0
MISC_conventional_hydroelectric_1,533,0.0
MISC_conventional_hydroelectric_1,534,0.0
MISC_conventional_hydroelectric_1,535,0.0
MISC_conventional_hydroelectric_1,536,0.0
MISC_conventional_hydroelectric_1,537,0.0
MISC_conventional_hydroelectric_1,538,0.0
MISC_conventional_hydroelectric_1,539,0.0
MISC_conventional_hydroelectric_1,540,0.0
MISC_conventional_hydroelectric_1,541,0.0
MISC_conventional_hydroelectric_1,542,0.0
MISC_conventional_hydroelectric_1,543,0.0
MISC_conventional_hydroelectric_1,544,0.0
MISC_conventional_hydroelectric_1,545,83.47625866261069
MISC_conventional_hydroelectric_1,546,0.0
MISC_conventional_hydroelectric_1,547,0.0
MISC_conventional_hydroelectric_1,548,0.0
MISC_conventional_hydroelectric_1,549,0.0
MISC_conventional_hydroelectric_1,550,0.0
MISC_conventional_hydroelectric_1,551,0.0
MISC_conventional_hydroelectric_1,552,0.0
MISC_conventional_hydroelectric_1,553,460.53000000000003
MISC_conventional_hydroelectric_1,554,460.53000000000003
MISC_conventional_hydroelectric_1,555,460.53000000000003
MISC_conventional_hydroelectric_1,556,460.53000000000003
MISC_conventional_hydroelectric_1,557,460.53000000000003
MISC_conventional_hydroelectric_1,558,460.53000000000003
MISC_conventional_hydroelectric_1,559,304.9987981185128
MISC_conventional_hydroelectric_1,560,460.53000000000003
MISC_conventional_hydroelectric_1,561,98.57942980493249
MISC_conventional_hydroelectric_1,562,280.2712609154295
MISC_conventional_hydroelectric_1,563,460.53000000000003
MISC_conventional_hydroelectric_1,564,460.53000000000003
MISC_conventional_hydroelectric_1,565,460.53000000000003
MISC_conventional_hydroelectric_1,566,460.53000000000003
MISC_conventional_hydroelectric_1,567,460.53000000000003
MISC_conventional_hydroelectric_1,568,460.53000000000003
MISC_conventional_hydroelectric_1,569,460.53000000000003
MISC_conventional_hydroelectric_1,570,0.0
MISC_conventional_hydroelectric_1,571,319.1717397760566
MISC_conventional_hydroelectric_1,572,460.53000000000003
MISC_conventional_hydroelectric_1,573,460.53000000000003
MISC_conventional_hydroelectric_1,574,288.1186195868844
MISC_conventional_hydroelectric_1,575,460.53000000000003
MISC_conventional_hydroelectric_1,576,460.53000000000003
MISE_conventional_hydroelectric_1,1,0.0
MISE_conventional_hydroelectric_1,2,0.0
MISE_conventional_hydroelectric_1,3,0.0
MISE_conventional_hydroelectric_1,4,0.0
MISE_conventional_hydroelectric_1,5,0.0
MISE_conventional_hydroelectric_1,6,32.946000000000005
MISE_conventional_hydroelectric_1,7,32.946
MISE_conventional_hydroelectric_1,8,12.7764588
MISE_conventional_hydroelectric_1,9,12.7698696
MISE_conventional_hydroelectric_1,10,12.7632804
MISE_conventional_hydroelectric_1,11,12.753396600000002
MISE_conventional_hydroelectric_1,12,12.746807400000002
MISE_conventional_hydroelectric_1,13,12.740218200000001
MISE_conventional_hydroelectric_1,14,32.946000000000005
MISE_conventional_hydroelectric_1,15,32.946
MISE_conventional_hydroelectric_1,16,32.946000000000005
MISE_conventional_hydroelectric_1,17,32.946
MISE_conventional_hydroelectric_1,18,32.946000000000005
MISE_conventional_hydroelectric_1,19,32.946
MISE_conventional_hydroelectric_1,20,32.946000000000005
MISE_conventional_hydroelectric_1,21,32.946
MISE_conventional_hydroelectric_1,22,32.946000000000005
MISE_conventional_hydroelectric_1,23,19.981748999999994
MISE_conventional_hydroelectric_1,24,32.946000000000005
MISE_conventional_hydroelectric_1,25,24.6501972
MISE_conventional_hydroelectric_1,26,24.640313399999997
MISE_conventional_hydroelectric_1,27,24.6337242
MISE_conventional_hydroelectric_1,28,29.430661799999974
MISE_conventional_hydroelectric_1,29,24.6172512
MISE_conventional_hydroelectric_1,30,24.607367399999987
MISE_conventional_hydroelectric_1,31,0.0
MISE_conventional_hydroelectric_1,32,32.946000000000005
MISE_conventional_hydroelectric_1,33,32.946
MISE_conventional_hydroelectric_1,34,32.946000000000005
MISE_conventional_hydroelectric_1,35,11.814435599999996
MISE_conventional_hydroelectric_1,36,11.814435599999996
MISE_conventional_hydroelectric_1,37,11.814435599999996
MISE_conventional_hydroelectric_1,38,0.0
MISE_conventional_hydroelectric_1,39,0.0
MISE_conventional_hydroelectric_1,40,0.0
MISE_conventional_hydroelectric_1,41,24.521707799999994
MISE_conventional_hydroelectric_1,42,0.0
MISE_conventional_hydroelectric_1,43,0.0
MISE_conventional_hydroelectric_1,44,11.814435599999998
MISE_conventional_hydroelectric_1,45,0.0
MISE_conventional_hydroelectric_1,46,0.0
MISE_conventional_hydroelectric_1,47,0.0
MISE_conventional_hydroelectric_1,48,0.0
MISE_conventional_hydroelectric_1,49,11.804551799999999
MISE_conventional_hydroelectric_1,50,11.804551799999999
MISE_conventional_hydroelectric_1,51,11.804551799999999
MISE_conventional_hydroelectric_1,52,11.804551799999999
MISE_conventional_hydroelectric_1,53,11.804551799999999
MISE_conventional_hydroelectric_1,54,11.804551799999999
MISE_conventional_hydroelectric_1,55,23.618987399999995
MISE_conventional_hydroelectric_1,56,2.477539199999981
MISE_conventional_hydroelectric_1,57,2.4775391999999954
MISE_conventional_hydroelectric_1,58,0.0
MISE_conventional_hydroelectric_1,59,32.946
MISE_conventional_hydroelectric_1,60,11.804551799999999
MISE_conventional_hydroelectric_1,61,32.946
MISE_conventional_hydroelectric_1,62,10.513068599999986
MISE_conventional_hydroelectric_1,63,10.55919299999999
MISE_conventional_hydroelectric_1,64,10.602022799999986
MISE_conventional_hydroelectric_1,65,0.0
MISE_conventional_hydroelectric_1,66,0.0
MISE_conventional_hydroelectric_1,67,0.0
MISE_conventional_hydroelectric_1,68,11.804551799999999
MISE_conventional_hydroelectric_1,69,0.0
MISE_conventional_hydroelectric_1,70,0.0
MISE_conventional_hydroelectric_1,71,32.946
MISE_conventional_hydroelectric_1,72,32.946000000000005
MISE_conventional_hydroelectric_1,73,11.804551799999999
MISE_conventional_hydroelectric_1,74,11.804551799999999
MISE_conventional_hydroelectric_1,75,6.533191799999997
MISE_conventional_hydroelectric_1,76,6.585905399999994
MISE_conventional_hydroelectric_1,77,11.804551799999999
MISE_conventional_hydroelectric_1,78,6.691332599999992
MISE_conventional_hydroelectric_1,79,11.804551799999999
MISE_conventional_hydroelectric_1,80,32.946000000000005
MISE_conventional_hydroelectric_1,81,32.946
MISE_conventional_hydroelectric_1,82,32.946000000000005
MISE_conventional_hydroelectric_1,83,23.609103599999997
MISE_conventional_hydroelectric_1,84,32.946000000000005
MISE_conventional_hydroelectric_1,85,18.861584999999994
MISE_conventional_hydroelectric_1,86,32.946000000000005
MISE_conventional_hydroelectric_1,87,32.946
MISE_conventional_hydroelectric_1,88,32.946000000000005
MISE_conventional_hydroelectric_1,89,0.0
MISE_conventional_hydroelectric_1,90,32.946000000000005
MISE_conventional_hydroelectric_1,91,32.946
MISE_conventional_hydroelectric_1,92,11.804551799999999
MISE_conventional_hydroelectric_1,93,2.4775391999999954
MISE_conventional_hydroelectric_1,94,10.66462019999998
MISE_conventional_hydroelectric_1,95,23.609103599999997
MISE_conventional_hydroelectric_1,96,11.804551799999999
MISE_conventional_hydroelectric_1,97,27.569212799999995
MISE_conventional_hydroelectric_1,98,27.6219264
MISE_conventional_hydroelectric_1,99,32.946
MISE_conventional_hydroelectric_1,100,32.946000000000005
MISE_conventional_hydroelectric_1,101,27.780067199999994
MISE_conventional_hydroelectric_1,102,32.946000000000005
MISE_conventional_hydroelectric_1,103,27.8821998
MISE_conventional_hydroelectric_1,104,25.648460999999998
MISE_conventional_hydroelectric_1,105,25.701174599999998
MISE_conventional_hydroelectric_1,106,0.0
MISE_conventional_hydroelectric_1,107,0.0
MISE_conventional_hydroelectric_1,108,7.004319599999992
MISE_conventional_hydroelectric_1,109,0.0
MISE_conventional_hydroelectric_1,110,0.0
MISE_conventional_hydroelectric_1,111,0.0
MISE_conventional_hydroelectric_1,112,0.0
MISE_conventional_hydroelectric_1,113,19.069144799999997
MISE_conventional_hydroelectric_1,114,0.0
MISE_conventional_hydroelectric_1,115,0.0
MISE_conventional_hydroelectric_1,116,0.0
MISE_conventional_hydroelectric_1,117,32.946
MISE_conventional_hydroelectric_1,118,32.946000000000005
MISE_conventional_hydroelectric_1,119,28.722322799999997
MISE_conventional_hydroelectric_1,120,26.488583999999996
MISE_conventional_hydroelectric_1,121,0.0
MISE_conventional_hydroelectric_1,122,0.0
MISE_conventional_hydroelectric_1,123,0.0
MISE_conventional_hydroelectric_1,124,0.0
MISE_conventional_hydroelectric_1,125,0.0
MISE_conventional_hydroelectric_1,126,0.0
MISE_conventional_hydroelectric_1,127,30.659547599999996
MISE_conventional_hydroelectric_1,128,0.0
MISE_conventional_hydroelectric_1,129,0.0
MISE_conventional_hydroelectric_1,130,28.231427399999976
MISE_conventional_hydroelectric_1,131,32.946
MISE_conventional_hydroelectric_1,132,32.946000000000005
MISE_conventional_hydroelectric_1,133,32.946
MISE_conventional_hydroelectric_1,134,32.946000000000005
MISE_conventional_hydroelectric_1,135,32.946
MISE_conventional_hydroelectric_1,136,32.946000000000005
MISE_conventional_hydroelectric_1,137,30.659547599999996
MISE_conventional_hydroelectric_1,138,28.649841599999988
MISE_conventional_hydroelectric_1,139,32.946
MISE_conventional_hydroelectric_1,140,26.277729599999997
MISE_conventional_hydroelectric_1,141,32.946
MISE_conventional_hydroelectric_1,142,32.946000000000005
MISE_conventional_hydroelectric_1,143,26.755446599999996
MISE_conventional_hydroelectric_1,144,0.0
MISE_conventional_hydroelectric_1,145,32.946
MISE_conventional_hydroelectric_1,146,32.946
MISE_conventional_hydroelectric_1,147,27.780067199999994
MISE_conventional_hydroelectric_1,148,32.946
MISE_conventional_hydroelectric_1,149,32.946
MISE_conventional_hydroelectric_1,150,15.748187999999995
MISE_conventional_hydroelectric_1,151,12.605139600000003
MISE_conventional_hydroelectric_1,152,29.809540799999994
MISE_conventional_hydroelectric_1,153,29.760121799999993
MISE_conventional_hydroelectric_1,154,29.707408200000003
MISE_conventional_hydroelectric_1,155,22.51859099999999
MISE_conventional_hydroelectric_1,156,15.441790199999993
MISE_conventional_hydroelectric_1,157,15.389076599999996
MISE_conventional_hydroelectric_1,158,15.339657599999992
MISE_conventional_hydroelectric_1,159,27.163976999999996
MISE_conventional_hydroelectric_1,160,27.114557999999988
MISE_conventional_hydroelectric_1,161,29.3482968
MISE_conventional_hydroelectric_1,162,29.295583199999996
MISE_conventional_hydroelectric_1,163,32.946
MISE_conventional_hydroelectric_1,164,32.946000000000005
MISE_conventional_hydroelectric_1,165,10.651441799999997
MISE_conventional_hydroelectric_1,166,10.65144179999998
MISE_conventional_hydroelectric_1,167,0.0
MISE_conventional_hydroelectric_1,168,17.1121524
MISE_conventional_hydroelectric_1,169,0.0
MISE_conventional_hydroelectric_1,170,0.0
MISE_conventional_hydroelectric_1,171,0.0
MISE_conventional_hydroelectric_1,172,0.0
MISE_conventional_hydroelectric_1,173,0.0
MISE_conventional_hydroelectric_1,174,11.877032999999997
MISE_conventional_hydroelectric_1,175,0.0
MISE_conventional_hydroelectric_1,176,0.0
MISE_conventional_hydroelectric_1,177,0.0
MISE_conventional_hydroelectric_1,178,0.0
MISE_conventional_hydroelectric_1,179,0.0
MISE_conventional_hydroelectric_1,180,11.877032999999997
MISE_conventional_hydroelectric_1,181,11.877032999999997
MISE_conventional_hydroelectric_1,182,11.877032999999997
MISE_conventional_hydroelectric_1,183,0.0
MISE_conventional_hydroelectric_1,184,0.0
MISE_conventional_hydroelectric_1,185,0.0
MISE_conventional_hydroelectric_1,186,0.0
MISE_conventional_hydroelectric_1,187,0.0
MISE_conventional_hydroelectric_1,188,0.0
MISE_conventional_hydroelectric_1,189,11.877032999999997
MISE_conventional_hydroelectric_1,190,11.877032999999997
MISE_conventional_hydroelectric_1,191,0.0
MISE_conventional_hydroelectric_1,192,11.877032999999997
MISE_conventional_hydroelectric_1,193,10.625084999999999
MISE_conventional_hydroelectric_1,194,10.575665999999998
MISE_conventional_hydroelectric_1,195,15.688885200000001
MISE_conventional_hydroelectric_1,196,10.4735334
MISE_conventional_hydroelectric_1,197,10.420819799999997
MISE_conventional_hydroelectric_1,198,15.688885200000001
MISE_conventional_hydroelectric_1,199,0.0
MISE_conventional_hydroelectric_1,200,15.688885200000001
MISE_conventional_hydroelectric_1,201,15.688885200000001
MISE_conventional_hydroelectric_1,202,15.688885200000001
MISE_conventional_hydroelectric_1,203,15.688885200000001
MISE_conventional_hydroelectric_1,204,15.688885200000001
MISE_conventional_hydroelectric_1,205,15.688885200000001
MISE_conventional_hydroelectric_1,206,15.688885200000001
MISE_conventional_hydroelectric_1,207,15.688885200000001
MISE_conventional_hydroelectric_1,208,15.688885200000001
MISE_conventional_hydroelectric_1,209,15.688885200000001
MISE_conventional_hydroelectric_1,210,15.688885200000001
MISE_conventional_hydroelectric_1,211,7.745604599999993
MISE_conventional_hydroelectric_1,212,11.936335799999988
MISE_conventional_hydroelectric_1,213,15.688885200000001
MISE_conventional_hydroelectric_1,214,15.688885200000001
MISE_conventional_hydroelectric_1,215,15.688885200000001
MISE_conventional_hydroelectric_1,216,15.688885200000001
MISE_conventional_hydroelectric_1,217,22.508707200000003
MISE_conventional_hydroelectric_1,218,22.4922342
MISE_conventional_hydroelectric_1,219,22.472466599999997
MISE_conventional_hydroelectric_1,220,22.4559936
MISE_conventional_hydroelectric_1,221,22.4395206
MISE_conventional_hydroelectric_1,222,22.419753
MISE_conventional_hydroelectric_1,223,22.403279999999995
MISE_conventional_hydroelectric_1,224,13.049910599999997
MISE_conventional_hydroelectric_1,225,13.0334376
MISE_conventional_hydroelectric_1,226,22.350566399999998
MISE_conventional_hydroelectric_1,227,22.3340934
MISE_conventional_hydroelectric_1,228,22.317620399999996
MISE_conventional_hydroelectric_1,229,22.301147399999998
MISE_conventional_hydroelectric_1,230,22.281379800000003
MISE_conventional_hydroelectric_1,231,22.2649068
MISE_conventional_hydroelectric_1,232,22.2484338
MISE_conventional_hydroelectric_1,233,22.231960799999996
MISE_conventional_hydroelectric_1,234,22.2121932
MISE_conventional_hydroelectric_1,235,22.195720199999997
MISE_conventional_hydroelectric_1,236,22.1792472
MISE_conventional_hydroelectric_1,237,22.159479599999997
MISE_conventional_hydroelectric_1,238,12.806110199999999
MISE_conventional_hydroelectric_1,239,12.789637200000001
MISE_conventional_hydroelectric_1,240,12.773164199999997
MISE_conventional_hydroelectric_1,241,0.0
MISE_conventional_hydroelectric_1,242,0.0
MISE_conventional_hydroelectric_1,243,0.0
MISE_conventional_hydroelectric_1,244,0.0
MISE_conventional_hydroelectric_1,245,0.0
MISE_conventional_hydroelectric_1,246,0.0
MISE_conventional_hydroelectric_1,247,0.0
MISE_conventional_hydroelectric_1,248,9.3368964
MISE_conventional_hydroelectric_1,249,9.3368964
MISE_conventional_hydroelectric_1,250,0.0
MISE_conventional_hydroelectric_1,251,0.0
MISE_conventional_hydroelectric_1,252,0.0
MISE_conventional_hydroelectric_1,253,0.0
MISE_conventional_hydroelectric_1,254,0.0
MISE_conventional_hydroelectric_1,255,0.0
MISE_conventional_hydroelectric_1,256,0.0
MISE_conventional_hydroelectric_1,257,0.0
MISE_conventional_hydroelectric_1,258,0.0
MISE_conventional_hydroelectric_1,259,0.0
MISE_conventional_hydroelectric_1,260,0.0
MISE_conventional_hydroelectric_1,261,0.0
MISE_conventional_hydroelectric_1,262,9.3368964
MISE_conventional_hydroelectric_1,263,9.3368964
MISE_conventional_hydroelectric_1,264,9.3368964
MISE_conventional_hydroelectric_1,265,7.584169199999998
MISE_conventional_hydroelectric_1,266,7.574285400000001
MISE_conventional_hydroelectric_1,267,18.663908999999997
MISE_conventional_hydroelectric_1,268,7.5512231999999955
MISE_conventional_hydroelectric_1,269,12.9444834
MISE_conventional_hydroelectric_1,270,7.531455600000001
MISE_conventional_hydroelectric_1,271,18.634257600000005
MISE_conventional_hydroelectric_1,272,18.627668399999994
MISE_conventional_hydroelectric_1,273,7.498509599999998
MISE_conventional_hydroelectric_1,274,18.614489999999993
MISE_conventional_hydroelectric_1,275,18.6079008
MISE_conventional_hydroelectric_1,276,32.946000000000005
MISE_conventional_hydroelectric_1,277,18.5947224
MISE_conventional_hydroelectric_1,278,12.848940000000002
MISE_conventional_hydroelectric_1,279,7.435912200000004
MISE_conventional_hydroelectric_1,280,7.422733800000003
MISE_conventional_hydroelectric_1,281,7.412849999999999
MISE_conventional_hydroelectric_1,282,7.402966200000002
MISE_conventional_hydroelectric_1,283,7.393082399999997
MISE_conventional_hydroelectric_1,284,7.379903999999996
MISE_conventional_hydroelectric_1,285,7.370020199999999
MISE_conventional_hydroelectric_1,286,7.360136400000002
MISE_conventional_hydroelectric_1,287,7.3502525999999975
MISE_conventional_hydroelectric_1,288,7.3370742000000035
MISE_conventional_hydroelectric_1,289,5.4031439999999975
MISE_conventional_hydroelectric_1,290,5.4031439999999975
MISE_conventional_hydroelectric_1,291,0.0
MISE_conventional_hydroelectric_1,292,5.4031439999999975
MISE_conventional_hydroelectric_1,293,0.0
MISE_conventional_hydroelectric_1,294,5.4031439999999975
MISE_conventional_hydroelectric_1,295,0.0
MISE_conventional_hydroelectric_1,296,0.0
MISE_conventional_hydroelectric_1,297,11.122569599999999
MISE_conventional_hydroelectric_1,298,0.0
MISE_conventional_hydroelectric_1,299,0.0
MISE_conventional_hydroelectric_1,300,0.0
MISE_conventional_hydroelectric_1,301,0.0
MISE_conventional_hydroelectric_1,302,0.0
MISE_conventional_hydroelectric_1,303,5.4031439999999975
MISE_conventional_hydroelectric_1,304,5.4031439999999975
MISE_conventional_hydroelectric_1,305,5.4031439999999975
MISE_conventional_hydroelectric_1,306,5.4031439999999975
MISE_conventional_hydroelectric_1,307,5.4031439999999975
MISE_conventional_hydroelectric_1,308,5.4031439999999975
MISE_conventional_hydroelectric_1,309,5.4031439999999975
MISE_conventional_hydroelectric_1,310,5.4031439999999975
MISE_conventional_hydroelectric_1,311,11.175283199999996
MISE_conventional_hydroelectric_1,312,5.4031439999999975
MISE_conventional_hydroelectric_1,313,17.2109904
MISE_conventional_hydroelectric_1,314,12.035173799999992
MISE_conventional_hydroelectric_1,315,32.946
MISE_conventional_hydroelectric_1,316,32.946000000000005
MISE_conventional_hydroelectric_1,317,32.946
MISE_conventional_hydroelectric_1,318,5.7062472
MISE_conventional_hydroelectric_1,319,32.946
MISE_conventional_hydroelectric_1,320,32.946000000000005
MISE_conventional_hydroelectric_1,321,32.946
MISE_conventional_hydroelectric_1,322,32.946000000000005
MISE_conventional_hydroelectric_1,323,32.946
MISE_conventional_hydroelectric_1,324,18.59801699999999
MISE_conventional_hydroelectric_1,325,32.946
MISE_conventional_hydroelectric_1,326,12.127422599999996
MISE_conventional_hydroelectric_1,327,12.1373064
MISE_conventional_hydroelectric_1,328,12.14389559999999
MISE_conventional_hydroelectric_1,329,5.749077
MISE_conventional_hydroelectric_1,330,5.7523715999999965
MISE_conventional_hydroelectric_1,331,5.758960799999997
MISE_conventional_hydroelectric_1,332,5.762255400000001
MISE_conventional_hydroelectric_1,333,12.183430799999996
MISE_conventional_hydroelectric_1,334,12.190019999999993
MISE_conventional_hydroelectric_1,335,32.946
MISE_conventional_hydroelectric_1,336,5.775433800000002
MISE_conventional_hydroelectric_1,337,0.0
MISE_conventional_hydroelectric_1,338,32.946000000000005
MISE_conventional_hydroelectric_1,339,6.3453995999999995
MISE_conventional_hydroelectric_1,340,12.051646799999991
MISE_conventional_hydroelectric_1,341,0.0
MISE_conventional_hydroelectric_1,342,11.494859400000003
MISE_conventional_hydroelectric_1,343,0.0
MISE_conventional_hydroelectric_1,344,0.0
MISE_conventional_hydroelectric_1,345,0.0
MISE_conventional_hydroelectric_1,346,0.0
MISE_conventional_hydroelectric_1,347,6.378345599999999
MISE_conventional_hydroelectric_1,348,6.3816402000000005
MISE_conventional_hydroelectric_1,349,6.384934799999999
MISE_conventional_hydroelectric_1,350,32.946000000000005
MISE_conventional_hydroelectric_1,351,32.946
MISE_conventional_hydroelectric_1,352,32.946000000000005
MISE_conventional_hydroelectric_1,353,6.401407800000001
MISE_conventional_hydroelectric_1,354,6.404702399999998
MISE_conventional_hydroelectric_1,355,6.407997000000002
MISE_conventional_hydroelectric_1,356,6.411291599999998
MISE_conventional_hydroelectric_1,357,32.946
MISE_conventional_hydroelectric_1,358,32.946000000000005
MISE_conventional_hydroelectric_1,359,6.42447
MISE_conventional_hydroelectric_1,360,6.427764600000003
MISE_conventional_hydroelectric_1,361,0.0
MISE_conventional_hydroelectric_1,362,0.0
MISE_conventional_hydroelectric_1,363,0.0
MISE_conventional_hydroelectric_1,364,0.0
MISE_conventional_hydroelectric_1,365,0.0
MISE_conventional_hydroelectric_1,366,0.0
MISE_conventional_hydroelectric_1,367,0.0
MISE_conventional_hydroelectric_1,368,0.0
MISE_conventional_hydroelectric_1,369,0.0
MISE_conventional_hydroelectric_1,370,0.0
MISE_conventional_hydroelectric_1,371,0.0
MISE_conventional_hydroelectric_1,372,0.0
MISE_conventional_hydroelectric_1,373,0.0
MISE_conventional_hydroelectric_1,374,0.0
MISE_conventional_hydroelectric_1,375,0.0
MISE_conventional_hydroelectric_1,376,0.0
MISE_conventional_hydroelectric_1,377,8.638441200000003
MISE_conventional_hydroelectric_1,378,8.61867359999999
MISE_conventional_hydroelectric_1,379,8.598906000000003
MISE_conventional_hydroelectric_1,380,8.57913839999999
MISE_conventional_hydroelectric_1,381,0.0
MISE_conventional_hydroelectric_1,382,0.0
MISE_conventional_hydroelectric_1,383,4.968256799999999
MISE_conventional_hydroelectric_1,384,4.958373000000002
MISE_conventional_hydroelectric_1,385,32.946
MISE_conventional_hydroelectric_1,386,4.872713399999984
MISE_conventional_hydroelectric_1,387,4.882597199999996
MISE_conventional_hydroelectric_1,388,0.0922487999999948
MISE_conventional_hydroelectric_1,389,16.960600799999987
MISE_conventional_hydroelectric_1,390,32.946000000000005
MISE_conventional_hydroelectric_1,391,15.197989799999998
MISE_conventional_hydroelectric_1,392,15.181516799999997
MISE_conventional_hydroelectric_1,393,15.165043799999998
MISE_conventional_hydroelectric_1,394,15.1518654
MISE_conventional_hydroelectric_1,395,8.7570468
MISE_conventional_hydroelectric_1,396,8.7372792
MISE_conventional_hydroelectric_1,397,8.717511599999998
MISE_conventional_hydroelectric_1,398,8.697743999999998
MISE_conventional_hydroelectric_1,399,8.677976399999999
MISE_conventional_hydroelectric_1,400,8.6582088
MISE_conventional_hydroelectric_1,401,32.946
MISE_conventional_hydroelectric_1,402,32.946000000000005
MISE_conventional_hydroelectric_1,403,32.946
MISE_conventional_hydroelectric_1,404,32.946000000000005
MISE_conventional_hydroelectric_1,405,8.5593708
MISE_conventional_hydroelectric_1,406,8.539603199999998
MISE_conventional_hydroelectric_1,407,3.5515788
MISE_conventional_hydroelectric_1,408,27.95468099999999
MISE_conventional_hydroelectric_1,409,0.0
MISE_conventional_hydroelectric_1,410,0.0
MISE_conventional_hydroelectric_1,411,0.0
MISE_conventional_hydroelectric_1,412,0.0
MISE_conventional_hydroelectric_1,413,0.0
MISE_conventional_hydroelectric_1,414,0.0
MISE_conventional_hydroelectric_1,415,0.0
MISE_conventional_hydroelectric_1,416,0.0
MISE_conventional_hydroelectric_1,417,0.0
MISE_conventional_hydroelectric_1,418,0.0
MISE_conventional_hydroelectric_1,419,3.2484755999999995
MISE_conventional_hydroelectric_1,420,3.2484755999999995
MISE_conventional_hydroelectric_1,421,3.2484755999999995
MISE_conventional_hydroelectric_1,422,3.2484755999999995
MISE_conventional_hydroelectric_1,423,3.2484755999999995
MISE_conventional_hydroelectric_1,424,3.2484755999999995
MISE_conventional_hydroelectric_1,425,3.2484755999999995
MISE_conventional_hydroelectric_1,426,0.0
MISE_conventional_hydroelectric_1,427,0.0
MISE_conventional_hydroelectric_1,428,0.0
MISE_conventional_hydroelectric_1,429,0.0
MISE_conventional_hydroelectric_1,430,0.0
MISE_conventional_hydroelectric_1,431,0.0
MISE_conventional_hydroelectric_1,432,0.0
MISE_conventional_hydroelectric_1,433,0.0
MISE_conventional_hydroelectric_1,434,0.0
MISE_conventional_hydroelectric_1,435,0.0
MISE_conventional_hydroelectric_1,436,0.0
MISE_conventional_hydroelectric_1,437,0.0
MISE_conventional_hydroelectric_1,438,0.0
MISE_conventional_hydroelectric_1,439,0.0
MISE_conventional_hydroelectric_1,440,0.0
MISE_conventional_hydroelectric_1,441,0.0
MISE_conventional_hydroelectric_1,442,0.0
MISE_conventional_hydroelectric_1,443,0.0
MISE_conventional_hydroelectric_1,444,0.0
MISE_conventional_hydroelectric_1,445,0.0
MISE_conventional_hydroelectric_1,446,0.0
MISE_conventional_hydroelectric_1,447,0.0
MISE_conventional_hydroelectric_1,448,0.0
MISE_conventional_hydroelectric_1,449,0.0
MISE_conventional_hydroelectric_1,450,0.0
MISE_conventional_hydroelectric_1,451,0.0
MISE_conventional_hydroelectric_1,452,0.0
MISE_conventional_hydroelectric_1,453,0.0
MISE_conventional_hydroelectric_1,454,0.0
MISE_conventional_hydroelectric_1,455,0.0
MISE_conventional_hydroelectric_1,456,0.0
MISE_conventional_hydroelectric_1,457,0.0
MISE_conventional_hydroelectric_1,458,0.0
MISE_conventional_hydroelectric_1,459,0.0
MISE_conventional_hydroelectric_1,460,0.0
MISE_conventional_hydroelectric_1,461,0.0
MISE_conventional_hydroelectric_1,462,0.0
MISE_conventional_hydroelectric_1,463,0.0
MISE_conventional_hydroelectric_1,464,0.0
MISE_conventional_hydroelectric_1,465,0.0
MISE_conventional_hydroelectric_1,466,0.0
MISE_conventional_hydroelectric_1,467,0.0
MISE_conventional_hydroelectric_1,468,0.0
MISE_conventional_hydroelectric_1,469,0.0
MISE_conventional_hydroelectric_1,470,0.0
MISE_conventional_hydroelectric_1,471,0.0
MISE_conventional_hydroelectric_1,472,0.0
MISE_conventional_hydroelectric_1,473,0.0
MISE_conventional_hydroelectric_1,474,0.0
MISE_conventional_hydroelectric_1,475,0.0
MISE_conventional_hydroelectric_1,476,0.0
MISE_conventional_hydroelectric_1,477,0.0
MISE_conventional_hydroelectric_1,478,0.0
MISE_conventional_hydroelectric_1,479,0.0
MISE_conventional_hydroelectric_1,480,0.0
MISE_conventional_hydroelectric_1,481,0.0
MISE_conventional_hydroelectric_1,482,0.0
MISE_conventional_hydroelectric_1,483,0.0
MISE_conventional_hydroelectric_1,484,0.0
MISE_conventional_hydroelectric_1,485,0.0
MISE_conventional_hydroelectric_1,486,0.0
MISE_conventional_hydroelectric_1,487,0.46124400000000065
MISE_conventional_hydroelectric_1,488,0.0
MISE_conventional_hydroelectric_1,489,0.0
MISE_conventional_hydroelectric_1,490,0.0
MISE_conventional_hydroelectric_1,491,0.0
MISE_conventional_hydroelectric_1,492,0.0
MISE_conventional_hydroelectric_1,493,0.0
MISE_conventional_hydroelectric_1,494,0.0
MISE_conventional_hydroelectric_1,495,0.0
MISE_conventional_hydroelectric_1,496,0.0
MISE_conventional_hydroelectric_1,497,0.0
MISE_conventional_hydroelectric_1,498,0.0
MISE_conventional_hydroelectric_1,499,0.0
MISE_conventional_hydroelectric_1,500,0.0
MISE_conventional_hydroelectric_1,501,0.0
MISE_conventional_hydroelectric_1,502,0.0
MISE_conventional_hydroelectric_1,503,0.0
MISE_conventional_hydroelectric_1,504,0.0
MISE_conventional_hydroelectric_1,505,32.946
MISE_conventional_hydroelectric_1,506,32.946000000000005
MISE_conventional_hydroelectric_1,507,32.946
MISE_conventional_hydroelectric_1,508,32.946000000000005
MISE_conventional_hydroelectric_1,509,32.946000000000005
MISE_conventional_hydroelectric_1,510,18.82863899999998
MISE_conventional_hydroelectric_1,511,32.946
MISE_conventional_hydroelectric_1,512,0.5007791999999966
MISE_conventional_hydroelectric_1,513,0.5370197999999995
MISE_conventional_hydroelectric_1,514,0.576554999999999
MISE_conventional_hydroelectric_1,515,0.0
MISE_conventional_hydroelectric_1,516,0.0
MISE_conventional_hydroelectric_1,517,0.0
MISE_conventional_hydroelectric_1,518,0.0
MISE_conventional_hydroelectric_1,519,0.0
MISE_conventional_hydroelectric_1,520,0.0
MISE_conventional_hydroelectric_1,521,0.0
MISE_conventional_hydroelectric_1,522,15.566984999999995
MISE_conventional_hydroelectric_1,523,15.603225599999996
MISE_conventional_hydroelectric_1,524,32.946000000000005
MISE_conventional_hydroelectric_1,525,32.946
MISE_conventional_hydroelectric_1,526,1.0345043999999959
MISE_conventional_hydroelectric_1,527,1.0707449999999952
MISE_conventional_hydroelectric_1,528,9.6432942
MISE_conventional_hydroelectric_1,529,0.0
MISE_conventional_hydroelectric_1,530,0.0
MISE_conventional_hydroelectric_1,531,0.0
MISE_conventional_hydroelectric_1,532,0.0
MISE_conventional_hydroelectric_1,533,0.0
MISE_conventional_hydroelectric_1,534,0.0
MISE_conventional_hydroelectric_1,535,0.0
MISE_conventional_hydroelectric_1,536,28.567476599999996
MISE_conventional_hydroelectric_1,537,28.5608874
MISE_conventional_hydroelectric_1,538,28.554298199999995
MISE_conventional_hydroelectric_1,539,25.9087344
MISE_conventional_hydroelectric_1,540,25.941680400000003
MISE_conventional_hydroelectric_1,541,25.971331799999994
MISE_conventional_hydroelectric_1,542,26.000983199999993
MISE_conventional_hydroelectric_1,543,26.030634599999992
MISE_conventional_hydroelectric_1,544,26.063580599999995
MISE_conventional_hydroelectric_1,545,26.089937400000004
MISE_conventional_hydroelectric_1,546,0.0
MISE_conventional_hydroelectric_1,547,0.0
MISE_conventional_hydroelectric_1,548,0.0
MISE_conventional_hydroelectric_1,549,0.0
MISE_conventional_hydroelectric_1,550,32.946000000000005
MISE_conventional_hydroelectric_1,551,32.946
MISE_conventional_hydroelectric_1,552,14.684032199999997
MISE_conventional_hydroelectric_1,553,32.623129199999994
MISE_conventional_hydroelectric_1,554,32.946000000000005
MISE_conventional_hydroelectric_1,555,32.946
MISE_conventional_hydroelectric_1,556,32.946000000000005
MISE_conventional_hydroelectric_1,557,32.946000000000005
MISE_conventional_hydroelectric_1,558,13.8999174
MISE_conventional_hydroelectric_1,559,8.417702999999996
MISE_conventional_hydroelectric_1,560,0.0
MISE_conventional_hydroelectric_1,561,0.0
MISE_conventional_hydroelectric_1,562,0.0
MISE_conventional_hydroelectric_1,563,0.0
MISE_conventional_hydroelectric_1,564,0.0
MISE_conventional_hydroelectric_1,565,0.0
MISE_conventional_hydroelectric_1,566,0.0
MISE_conventional_hydroelectric_1,567,0.0
MISE_conventional_hydroelectric_1,568,0.0
MISE_conventional_hydroelectric_1,569,0.0
MISE_conventional_hydroelectric_1,570,26.50835159999999
MISE_conventional_hydroelectric_1,571,26.495173199999996
MISE_conventional_hydroelectric_1,572,9.172166399999988
MISE_conventional_hydroelectric_1,573,9.1952286
MISE_conventional_hydroelectric_1,574,0.0
MISE_conventional_hydroelectric_1,575,0.0
MISE_conventional_hydroelectric_1,576,17.089090199999987
MISS_conventional_hydroelectric_1,1,204.2493915915372
MISS_conventional_hydroelectric_1,2,204.86025676145456
MISS_conventional_hydroelectric_1,3,205.4711219313719
MISS_conventional_hydroelectric_1,4,325.154709676562
MISS_conventional_hydroelectric_1,5,326.3764400163967
MISS_conventional_hydroelectric_1,6,594.75384
MISS_conventional_hydroelectric_1,7,594.75384
MISS_conventional_hydroelectric_1,8,594.75384
MISS_conventional_hydroelectric_1,9,594.75384
MISS_conventional_hydroelectric_1,10,209.70168409428098
MISS_conventional_hydroelectric_1,11,202.84453823742143
MISS_conventional_hydroelectric_1,12,210.89425019623138
MISS_conventional_hydroelectric_1,13,204.15387052026446
MISS_conventional_hydroelectric_1,14,204.79979831325613
MISS_conventional_hydroelectric_1,15,199.86880290902477
MISS_conventional_hydroelectric_1,16,0.0
MISS_conventional_hydroelectric_1,17,201.17119912780163
MISS_conventional_hydroelectric_1,18,207.34380461454543
MISS_conventional_hydroelectric_1,19,215.1248123591405
MISS_conventional_hydroelectric_1,20,594.75384
MISS_conventional_hydroelectric_1,21,594.75384
MISS_conventional_hydroelectric_1,22,415.98366549962174
MISS_conventional_hydroelectric_1,23,594.75384
MISS_conventional_hydroelectric_1,24,594.75384
MISS_conventional_hydroelectric_1,25,0.0
MISS_conventional_hydroelectric_1,26,0.0
MISS_conventional_hydroelectric_1,27,0.0
MISS_conventional_hydroelectric_1,28,0.0
MISS_conventional_hydroelectric_1,29,0.0
MISS_conventional_hydroelectric_1,30,0.0
MISS_conventional_hydroelectric_1,31,197.76676712860564
MISS_conventional_hydroelectric_1,32,200.88813125335537
MISS_conventional_hydroelectric_1,33,0.0
MISS_conventional_hydroelectric_1,34,112.98049292862385
MISS_conventional_hydroelectric_1,35,0.0
MISS_conventional_hydroelectric_1,36,0.0
MISS_conventional_hydroelectric_1,37,0.0
MISS_conventional_hydroelectric_1,38,0.0
MISS_conventional_hydroelectric_1,39,0.0
MISS_conventional_hydroelectric_1,40,0.0
MISS_conventional_hydroelectric_1,41,0.0
MISS_conventional_hydroelectric_1,42,0.0
MISS_conventional_hydroelectric_1,43,0.0
MISS_conventional_hydroelectric_1,44,0.0
MISS_conventional_hydroelectric_1,45,0.0
MISS_conventional_hydroelectric_1,46,0.0
MISS_conventional_hydroelectric_1,47,0.0
MISS_conventional_hydroelectric_1,48,0.0
MISS_conventional_hydroelectric_1,49,586.8595067992067
MISS_conventional_hydroelectric_1,50,586.9120461191403
MISS_conventional_hydroelectric_1,51,586.9471087422148
MISS_conventional_hydroelectric_1,52,586.9996480621487
MISS_conventional_hydroelectric_1,53,587.034710685223
MISS_conventional_hydroelectric_1,54,594.75384
MISS_conventional_hydroelectric_1,55,389.3555454996257
MISS_conventional_hydroelectric_1,56,594.75384
MISS_conventional_hydroelectric_1,57,594.75384
MISS_conventional_hydroelectric_1,58,474.28196096254965
MISS_conventional_hydroelectric_1,59,594.75384
MISS_conventional_hydroelectric_1,60,587.3500558341818
MISS_conventional_hydroelectric_1,61,594.75384
MISS_conventional_hydroelectric_1,62,594.75384
MISS_conventional_hydroelectric_1,63,594.75384
MISS_conventional_hydroelectric_1,64,594.75384
MISS_conventional_hydroelectric_1,65,594.75384
MISS_conventional_hydroelectric_1,66,594.75384
MISS_conventional_hydroelectric_1,67,587.6362367452562
MISS_conventional_hydroelectric_1,68,587.68877606519
MISS_conventional_hydroelectric_1,69,587.7238386882643
MISS_conventional_hydroelectric_1,70,587.7763780081982
MISS_conventional_hydroelectric_1,71,587.8114406312727
MISS_conventional_hydroelectric_1,72,587.8639799512066
MISS_conventional_hydroelectric_1,73,298.11345354327267
MISS_conventional_hydroelectric_1,74,0.0
MISS_conventional_hydroelectric_1,75,0.0
MISS_conventional_hydroelectric_1,76,298.11345354327267
MISS_conventional_hydroelectric_1,77,0.0
MISS_conventional_hydroelectric_1,78,298.11345354327267
MISS_conventional_hydroelectric_1,79,0.0
MISS_conventional_hydroelectric_1,80,298.11345354327267
MISS_conventional_hydroelectric_1,81,298.11345354327267
MISS_conventional_hydroelectric_1,82,0.0
MISS_conventional_hydroelectric_1,83,0.0
MISS_conventional_hydroelectric_1,84,0.0
MISS_conventional_hydroelectric_1,85,0.0
MISS_conventional_hydroelectric_1,86,0.0
MISS_conventional_hydroelectric_1,87,0.0
MISS_conventional_hydroelectric_1,88,200.49610709692558
MISS_conventional_hydroelectric_1,89,0.0
MISS_conventional_hydroelectric_1,90,0.0
MISS_conventional_hydroelectric_1,91,298.11345354327267
MISS_conventional_hydroelectric_1,92,243.72354640353558
MISS_conventional_hydroelectric_1,93,298.11345354327267
MISS_conventional_hydroelectric_1,94,298.11345354327267
MISS_conventional_hydroelectric_1,95,298.11345354327267
MISS_conventional_hydroelectric_1,96,298.11345354327267
MISS_conventional_hydroelectric_1,97,0.0
MISS_conventional_hydroelectric_1,98,0.0
MISS_conventional_hydroelectric_1,99,0.0
MISS_conventional_hydroelectric_1,100,291.27416668601654
MISS_conventional_hydroelectric_1,101,0.0
MISS_conventional_hydroelectric_1,102,291.2497539250909
MISS_conventional_hydroelectric_1,103,285.0377712557355
MISS_conventional_hydroelectric_1,104,0.0
MISS_conventional_hydroelectric_1,105,0.0
MISS_conventional_hydroelectric_1,106,0.0
MISS_conventional_hydroelectric_1,107,0.0
MISS_conventional_hydroelectric_1,108,0.0
MISS_conventional_hydroelectric_1,109,0.0
MISS_conventional_hydroelectric_1,110,0.0
MISS_conventional_hydroelectric_1,111,0.0
MISS_conventional_hydroelectric_1,112,0.0
MISS_conventional_hydroelectric_1,113,0.0
MISS_conventional_hydroelectric_1,114,0.0
MISS_conventional_hydroelectric_1,115,0.0
MISS_conventional_hydroelectric_1,116,0.0
MISS_conventional_hydroelectric_1,117,0.0
MISS_conventional_hydroelectric_1,118,0.0
MISS_conventional_hydroelectric_1,119,0.0
MISS_conventional_hydroelectric_1,120,0.0
MISS_conventional_hydroelectric_1,121,0.0
MISS_conventional_hydroelectric_1,122,594.75384
MISS_conventional_hydroelectric_1,123,594.75384
MISS_conventional_hydroelectric_1,124,33.174047520000045
MISS_conventional_hydroelectric_1,125,594.75384
MISS_conventional_hydroelectric_1,126,290.4470273924628
MISS_conventional_hydroelectric_1,127,594.75384
MISS_conventional_hydroelectric_1,128,0.0
MISS_conventional_hydroelectric_1,129,0.0
MISS_conventional_hydroelectric_1,130,594.75384
MISS_conventional_hydroelectric_1,131,284.9597814959999
MISS_conventional_hydroelectric_1,132,284.9539923401652
MISS_conventional_hydroelectric_1,133,284.93536873507435
MISS_conventional_hydroelectric_1,134,284.92957957923966
MISS_conventional_hydroelectric_1,135,396.31976467378513
MISS_conventional_hydroelectric_1,136,290.4470273924628
MISS_conventional_hydroelectric_1,137,396.699063610314
MISS_conventional_hydroelectric_1,138,391.32650853699175
MISS_conventional_hydroelectric_1,139,93.38465431100843
MISS_conventional_hydroelectric_1,140,147.94501385980334
MISS_conventional_hydroelectric_1,141,88.05344021087329
MISS_conventional_hydroelectric_1,142,0.0
MISS_conventional_hydroelectric_1,143,0.0
MISS_conventional_hydroelectric_1,144,581.4233802410579
MISS_conventional_hydroelectric_1,145,323.90539892449596
MISS_conventional_hydroelectric_1,146,27.43546487682636
MISS_conventional_hydroelectric_1,147,27.636228432000053
MISS_conventional_hydroelectric_1,148,0.0
MISS_conventional_hydroelectric_1,149,28.00859130446287
MISS_conventional_hydroelectric_1,150,0.0
MISS_conventional_hydroelectric_1,151,0.0
MISS_conventional_hydroelectric_1,152,594.75384
MISS_conventional_hydroelectric_1,153,325.32024676462817
MISS_conventional_hydroelectric_1,154,28.875981615471062
MISS_conventional_hydroelectric_1,155,594.75384
MISS_conventional_hydroelectric_1,156,594.75384
MISS_conventional_hydroelectric_1,157,594.75384
MISS_conventional_hydroelectric_1,158,594.75384
MISS_conventional_hydroelectric_1,159,594.75384
MISS_conventional_hydroelectric_1,160,594.75384
MISS_conventional_hydroelectric_1,161,594.75384
MISS_conventional_hydroelectric_1,162,594.75384
MISS_conventional_hydroelectric_1,163,594.75384
MISS_conventional_hydroelectric_1,164,594.75384
MISS_conventional_hydroelectric_1,165,594.75384
MISS_conventional_hydroelectric_1,166,594.75384
MISS_conventional_hydroelectric_1,167,594.75384
MISS_conventional_hydroelectric_1,168,44.54523599999872
MISS_conventional_hydroelectric_1,169,361.0065148435041
MISS_conventional_hydroelectric_1,170,361.0065148435041
MISS_conventional_hydroelectric_1,171,361.0065148435041
MISS_conventional_hydroelectric_1,172,361.0065148435041
MISS_conventional_hydroelectric_1,173,361.0065148435041
MISS_conventional_hydroelectric_1,174,104.12916369619836
MISS_conventional_hydroelectric_1,175,348.05529940641327
MISS_conventional_hydroelectric_1,176,335.13373973930567
MISS_conventional_hydroelectric_1,177,361.0065148435041
MISS_conventional_hydroelectric_1,178,361.0065148435041
MISS_conventional_hydroelectric_1,179,105.1106440688925
MISS_conventional_hydroelectric_1,180,105.29972008304128
MISS_conventional_hydroelectric_1,181,105.47710855616526
MISS_conventional_hydroelectric_1,182,105.66618457031404
MISS_conventional_hydroelectric_1,183,0.0
MISS_conventional_hydroelectric_1,184,106.0618132954711
MISS_conventional_hydroelectric_1,185,0.0
MISS_conventional_hydroelectric_1,186,0.0
MISS_conventional_hydroelectric_1,187,0.0
MISS_conventional_hydroelectric_1,188,0.0
MISS_conventional_hydroelectric_1,189,5.6732658264821225
MISS_conventional_hydroelectric_1,190,93.89715844641319
MISS_conventional_hydroelectric_1,191,94.08044530472722
MISS_conventional_hydroelectric_1,192,306.78601561805095
MISS_conventional_hydroelectric_1,193,243.71958299920664
MISS_conventional_hydroelectric_1,194,243.71958299920664
MISS_conventional_hydroelectric_1,195,243.71958299920664
MISS_conventional_hydroelectric_1,196,243.71958299920664
MISS_conventional_hydroelectric_1,197,243.71958299920664
MISS_conventional_hydroelectric_1,198,243.71958299920664
MISS_conventional_hydroelectric_1,199,0.0
MISS_conventional_hydroelectric_1,200,0.0
MISS_conventional_hydroelectric_1,201,243.71958299920664
MISS_conventional_hydroelectric_1,202,243.71958299920664
MISS_conventional_hydroelectric_1,203,243.71958299920664
MISS_conventional_hydroelectric_1,204,243.71958299920664
MISS_conventional_hydroelectric_1,205,243.71958299920664
MISS_conventional_hydroelectric_1,206,243.71958299920664
MISS_conventional_hydroelectric_1,207,243.71958299920664
MISS_conventional_hydroelectric_1,208,243.71958299920664
MISS_conventional_hydroelectric_1,209,243.71958299920664
MISS_conventional_hydroelectric_1,210,243.71958299920664
MISS_conventional_hydroelectric_1,211,243.71958299920664
MISS_conventional_hydroelectric_1,212,243.71958299920664
MISS_conventional_hydroelectric_1,213,243.71958299920664
MISS_conventional_hydroelectric_1,214,243.71958299920664
MISS_conventional_hydroelectric_1,215,243.71958299920664
MISS_conventional_hydroelectric_1,216,0.0
MISS_conventional_hydroelectric_1,217,266.81460098161983
MISS_conventional_hydroelectric_1,218,266.39253875246277
MISS_conventional_hydroelectric_1,219,180.2609320968595
MISS_conventional_hydroelectric_1,220,179.82254007907443
MISS_conventional_hydroelectric_1,221,265.09369248773555
MISS_conventional_hydroelectric_1,222,264.65530046995036
MISS_conventional_hydroelectric_1,223,264.2285959931901
MISS_conventional_hydroelectric_1,224,263.790203975405
MISS_conventional_hydroelectric_1,225,263.36814174624794
MISS_conventional_hydroelectric_1,226,262.92974972846275
MISS_conventional_hydroelectric_1,227,176.82730731074378
MISS_conventional_hydroelectric_1,228,262.0821299307769
MISS_conventional_hydroelectric_1,229,261.61342676687605
MISS_conventional_hydroelectric_1,230,175.51098434915696
MISS_conventional_hydroelectric_1,231,175.07259233137188
MISS_conventional_hydroelectric_1,232,174.65053010221493
MISS_conventional_hydroelectric_1,233,259.9053527222479
MISS_conventional_hydroelectric_1,234,259.496124942347
MISS_conventional_hydroelectric_1,235,259.05773292456206
MISS_conventional_hydroelectric_1,236,258.5890297606612
MISS_conventional_hydroelectric_1,237,258.17980198076043
MISS_conventional_hydroelectric_1,238,257.74140996297524
MISS_conventional_hydroelectric_1,239,257.3193477338182
MISS_conventional_hydroelectric_1,240,256.880955716033
MISS_conventional_hydroelectric_1,241,0.0
MISS_conventional_hydroelectric_1,242,0.0
MISS_conventional_hydroelectric_1,243,85.69321463781819
MISS_conventional_hydroelectric_1,244,85.69321463781819
MISS_conventional_hydroelectric_1,245,0.0
MISS_conventional_hydroelectric_1,246,0.0
MISS_conventional_hydroelectric_1,247,0.0
MISS_conventional_hydroelectric_1,248,0.0
MISS_conventional_hydroelectric_1,249,0.0
MISS_conventional_hydroelectric_1,250,0.0
MISS_conventional_hydroelectric_1,251,85.69321463781819
MISS_conventional_hydroelectric_1,252,0.0
MISS_conventional_hydroelectric_1,253,0.0
MISS_conventional_hydroelectric_1,254,85.69321463781819
MISS_conventional_hydroelectric_1,255,85.69321463781819
MISS_conventional_hydroelectric_1,256,85.69321463781819
MISS_conventional_hydroelectric_1,257,0.0
MISS_conventional_hydroelectric_1,258,0.0
MISS_conventional_hydroelectric_1,259,0.0
MISS_conventional_hydroelectric_1,260,0.0
MISS_conventional_hydroelectric_1,261,0.0
MISS_conventional_hydroelectric_1,262,0.0
MISS_conventional_hydroelectric_1,263,0.0
MISS_conventional_hydroelectric_1,264,0.0
MISS_conventional_hydroelectric_1,265,131.07899485904125
MISS_conventional_hydroelectric_1,266,131.00089586995034
MISS_conventional_hydroelectric_1,267,185.40863854214882
MISS_conventional_hydroelectric_1,268,130.84934013937186
MISS_conventional_hydroelectric_1,269,72.98487067239671
MISS_conventional_hydroelectric_1,270,72.9067716833058
MISS_conventional_hydroelectric_1,271,72.8169851531901
MISS_conventional_hydroelectric_1,272,481.76201340201675
MISS_conventional_hydroelectric_1,273,130.46927659735536
MISS_conventional_hydroelectric_1,274,130.39117760826434
MISS_conventional_hydroelectric_1,275,130.33055531603304
MISS_conventional_hydroelectric_1,276,337.2882792985865
MISS_conventional_hydroelectric_1,277,130.16152288859496
MISS_conventional_hydroelectric_1,278,594.75384
MISS_conventional_hydroelectric_1,279,129.99363736938835
MISS_conventional_hydroelectric_1,280,438.52941607538514
MISS_conventional_hydroelectric_1,281,594.75384
MISS_conventional_hydroelectric_1,282,535.1262863128908
MISS_conventional_hydroelectric_1,283,183.48855031874376
MISS_conventional_hydroelectric_1,284,129.64273806525614
MISS_conventional_hydroelectric_1,285,129.55180462690907
MISS_conventional_hydroelectric_1,286,594.75384
MISS_conventional_hydroelectric_1,287,129.41308334558676
MISS_conventional_hydroelectric_1,288,594.75384
MISS_conventional_hydroelectric_1,289,0.0
MISS_conventional_hydroelectric_1,290,0.0
MISS_conventional_hydroelectric_1,291,0.0
MISS_conventional_hydroelectric_1,292,0.0
MISS_conventional_hydroelectric_1,293,57.80384717474374
MISS_conventional_hydroelectric_1,294,57.80384717474374
MISS_conventional_hydroelectric_1,295,57.80384717474374
MISS_conventional_hydroelectric_1,296,0.0
MISS_conventional_hydroelectric_1,297,0.0
MISS_conventional_hydroelectric_1,298,0.0
MISS_conventional_hydroelectric_1,299,0.0
MISS_conventional_hydroelectric_1,300,0.0
MISS_conventional_hydroelectric_1,301,0.0
MISS_conventional_hydroelectric_1,302,0.0
MISS_conventional_hydroelectric_1,303,0.0
MISS_conventional_hydroelectric_1,304,0.0
MISS_conventional_hydroelectric_1,305,0.0
MISS_conventional_hydroelectric_1,306,0.0
MISS_conventional_hydroelectric_1,307,0.0
MISS_conventional_hydroelectric_1,308,0.0
MISS_conventional_hydroelectric_1,309,0.0
MISS_conventional_hydroelectric_1,310,0.0
MISS_conventional_hydroelectric_1,311,0.0
MISS_conventional_hydroelectric_1,312,0.0
MISS_conventional_hydroelectric_1,313,101.73649466677693
MISS_conventional_hydroelectric_1,314,594.75384
MISS_conventional_hydroelectric_1,315,594.75384
MISS_conventional_hydroelectric_1,316,572.8729609172233
MISS_conventional_hydroelectric_1,317,572.9371331635041
MISS_conventional_hydroelectric_1,318,573.0024523180166
MISS_conventional_hydroelectric_1,319,465.3942790385455
MISS_conventional_hydroelectric_1,320,0.0
MISS_conventional_hydroelectric_1,321,594.75384
MISS_conventional_hydroelectric_1,322,100.92623130862808
MISS_conventional_hydroelectric_1,323,100.84578388839668
MISS_conventional_hydroelectric_1,324,274.5236611779672
MISS_conventional_hydroelectric_1,325,175.75774884788666
MISS_conventional_hydroelectric_1,326,184.11110302968592
MISS_conventional_hydroelectric_1,327,263.7269083773229
MISS_conventional_hydroelectric_1,328,0.0
MISS_conventional_hydroelectric_1,329,0.0
MISS_conventional_hydroelectric_1,330,0.0
MISS_conventional_hydroelectric_1,331,0.0
MISS_conventional_hydroelectric_1,332,53.75138347576865
MISS_conventional_hydroelectric_1,333,53.71757699028103
MISS_conventional_hydroelectric_1,334,183.1446416933554
MISS_conventional_hydroelectric_1,335,99.80586581057844
MISS_conventional_hydroelectric_1,336,0.0
MISS_conventional_hydroelectric_1,337,594.75384
MISS_conventional_hydroelectric_1,338,101.63857054968601
MISS_conventional_hydroelectric_1,339,41.978479709752115
MISS_conventional_hydroelectric_1,340,0.0
MISS_conventional_hydroelectric_1,341,0.0
MISS_conventional_hydroelectric_1,342,0.0
MISS_conventional_hydroelectric_1,343,0.0
MISS_conventional_hydroelectric_1,344,114.26833545953701
MISS_conventional_hydroelectric_1,345,0.0
MISS_conventional_hydroelectric_1,346,594.75384
MISS_conventional_hydroelectric_1,347,594.75384
MISS_conventional_hydroelectric_1,348,213.92938117243799
MISS_conventional_hydroelectric_1,349,519.6635035031877
MISS_conventional_hydroelectric_1,350,46.576762497520654
MISS_conventional_hydroelectric_1,351,278.6084630151073
MISS_conventional_hydroelectric_1,352,0.0
MISS_conventional_hydroelectric_1,353,95.25022127438152
MISS_conventional_hydroelectric_1,354,289.63923488988604
MISS_conventional_hydroelectric_1,355,594.75384
MISS_conventional_hydroelectric_1,356,155.6229402404628
MISS_conventional_hydroelectric_1,357,594.75384
MISS_conventional_hydroelectric_1,358,46.23285387213223
MISS_conventional_hydroelectric_1,359,594.75384
MISS_conventional_hydroelectric_1,360,229.0195509679339
MISS_conventional_hydroelectric_1,361,0.0
MISS_conventional_hydroelectric_1,362,0.0
MISS_conventional_hydroelectric_1,363,0.0
MISS_conventional_hydroelectric_1,364,0.0
MISS_conventional_hydroelectric_1,365,0.0
MISS_conventional_hydroelectric_1,366,0.0
MISS_conventional_hydroelectric_1,367,0.0
MISS_conventional_hydroelectric_1,368,0.0
MISS_conventional_hydroelectric_1,369,0.0
MISS_conventional_hydroelectric_1,370,0.0
MISS_conventional_hydroelectric_1,371,0.0
MISS_conventional_hydroelectric_1,372,0.0
MISS_conventional_hydroelectric_1,373,0.0
MISS_conventional_hydroelectric_1,374,0.0
MISS_conventional_hydroelectric_1,375,0.0
MISS_conventional_hydroelectric_1,376,0.0
MISS_conventional_hydroelectric_1,377,0.0
MISS_conventional_hydroelectric_1,378,0.0
MISS_conventional_hydroelectric_1,379,0.0
MISS_conventional_hydroelectric_1,380,0.0
MISS_conventional_hydroelectric_1,381,0.0
MISS_conventional_hydroelectric_1,382,0.0
MISS_conventional_hydroelectric_1,383,0.0
MISS_conventional_hydroelectric_1,384,0.0
MISS_conventional_hydroelectric_1,385,0.0
MISS_conventional_hydroelectric_1,386,0.0
MISS_conventional_hydroelectric_1,387,0.0
MISS_conventional_hydroelectric_1,388,0.0
MISS_conventional_hydroelectric_1,389,0.0
MISS_conventional_hydroelectric_1,390,0.0
MISS_conventional_hydroelectric_1,391,0.0
MISS_conventional_hydroelectric_1,392,0.0
MISS_conventional_hydroelectric_1,393,0.0
MISS_conventional_hydroelectric_1,394,0.4709423656860139
MISS_conventional_hydroelectric_1,395,108.41521437163635
MISS_conventional_hydroelectric_1,396,108.48282734261156
MISS_conventional_hydroelectric_1,397,108.60876878935537
MISS_conventional_hydroelectric_1,398,108.74290243775206
MISS_conventional_hydroelectric_1,399,261.70054813318967
MISS_conventional_hydroelectric_1,400,495.485012553904
MISS_conventional_hydroelectric_1,401,243.91479166895732
MISS_conventional_hydroelectric_1,402,109.13820347484298
MISS_conventional_hydroelectric_1,403,155.61125269943807
MISS_conventional_hydroelectric_1,404,594.75384
MISS_conventional_hydroelectric_1,405,155.71507520171897
MISS_conventional_hydroelectric_1,406,109.51602781507438
MISS_conventional_hydroelectric_1,407,109.64196926181816
MISS_conventional_hydroelectric_1,408,109.70029773758677
MISS_conventional_hydroelectric_1,409,0.0
MISS_conventional_hydroelectric_1,410,0.0
MISS_conventional_hydroelectric_1,411,0.0
MISS_conventional_hydroelectric_1,412,0.0
MISS_conventional_hydroelectric_1,413,0.0
MISS_conventional_hydroelectric_1,414,0.0
MISS_conventional_hydroelectric_1,415,0.0
MISS_conventional_hydroelectric_1,416,0.0
MISS_conventional_hydroelectric_1,417,0.0
MISS_conventional_hydroelectric_1,418,0.0
MISS_conventional_hydroelectric_1,419,0.0
MISS_conventional_hydroelectric_1,420,0.0
MISS_conventional_hydroelectric_1,421,60.07854850036364
MISS_conventional_hydroelectric_1,422,60.07854850036364
MISS_conventional_hydroelectric_1,423,60.07854850036364
MISS_conventional_hydroelectric_1,424,60.07854850036364
MISS_conventional_hydroelectric_1,425,60.07854850036364
MISS_conventional_hydroelectric_1,426,60.07854850036364
MISS_conventional_hydroelectric_1,427,60.07854850036364
MISS_conventional_hydroelectric_1,428,0.0
MISS_conventional_hydroelectric_1,429,0.0
MISS_conventional_hydroelectric_1,430,0.0
MISS_conventional_hydroelectric_1,431,0.0
MISS_conventional_hydroelectric_1,432,0.0
MISS_conventional_hydroelectric_1,433,0.0
MISS_conventional_hydroelectric_1,434,0.0
MISS_conventional_hydroelectric_1,435,0.0
MISS_conventional_hydroelectric_1,436,0.0
MISS_conventional_hydroelectric_1,437,0.0
MISS_conventional_hydroelectric_1,438,0.0
MISS_conventional_hydroelectric_1,439,0.0
MISS_conventional_hydroelectric_1,440,0.0
MISS_conventional_hydroelectric_1,441,0.0
MISS_conventional_hydroelectric_1,442,0.0
MISS_conventional_hydroelectric_1,443,0.0
MISS_conventional_hydroelectric_1,444,0.0
MISS_conventional_hydroelectric_1,445,0.0
MISS_conventional_hydroelectric_1,446,0.0
MISS_conventional_hydroelectric_1,447,75.21959405395042
MISS_conventional_hydroelectric_1,448,75.28491320846283
MISS_conventional_hydroelectric_1,449,75.33275566611572
MISS_conventional_hydroelectric_1,450,0.0
MISS_conventional_hydroelectric_1,451,0.0
MISS_conventional_hydroelectric_1,452,0.0
MISS_conventional_hydroelectric_1,453,0.0
MISS_conventional_hydroelectric_1,454,0.0
MISS_conventional_hydroelectric_1,455,0.0
MISS_conventional_hydroelectric_1,456,0.0
MISS_conventional_hydroelectric_1,457,0.0
MISS_conventional_hydroelectric_1,458,0.0
MISS_conventional_hydroelectric_1,459,0.0
MISS_conventional_hydroelectric_1,460,0.0
MISS_conventional_hydroelectric_1,461,0.0
MISS_conventional_hydroelectric_1,462,0.0
MISS_conventional_hydroelectric_1,463,0.0
MISS_conventional_hydroelectric_1,464,0.0
MISS_conventional_hydroelectric_1,465,0.0
MISS_conventional_hydroelectric_1,466,0.0
MISS_conventional_hydroelectric_1,467,0.0
MISS_conventional_hydroelectric_1,468,0.0
MISS_conventional_hydroelectric_1,469,0.0
MISS_conventional_hydroelectric_1,470,0.0
MISS_conventional_hydroelectric_1,471,0.0
MISS_conventional_hydroelectric_1,472,0.0
MISS_conventional_hydroelectric_1,473,0.0
MISS_conventional_hydroelectric_1,474,0.0
MISS_conventional_hydroelectric_1,475,0.0
MISS_conventional_hydroelectric_1,476,0.0
MISS_conventional_hydroelectric_1,477,0.0
MISS_conventional_hydroelectric_1,478,0.0
MISS_conventional_hydroelectric_1,479,0.0
MISS_conventional_hydroelectric_1,480,0.0
MISS_conventional_hydroelectric_1,481,0.0
MISS_conventional_hydroelectric_1,482,0.0
MISS_conventional_hydroelectric_1,483,0.0
MISS_conventional_hydroelectric_1,484,0.0
MISS_conventional_hydroelectric_1,485,0.0
MISS_conventional_hydroelectric_1,486,0.0
MISS_conventional_hydroelectric_1,487,0.0
MISS_conventional_hydroelectric_1,488,0.0
MISS_conventional_hydroelectric_1,489,0.0
MISS_conventional_hydroelectric_1,490,0.0
MISS_conventional_hydroelectric_1,491,0.0
MISS_conventional_hydroelectric_1,492,0.0
MISS_conventional_hydroelectric_1,493,0.0
MISS_conventional_hydroelectric_1,494,0.0
MISS_conventional_hydroelectric_1,495,0.0
MISS_conventional_hydroelectric_1,496,0.0
MISS_conventional_hydroelectric_1,497,0.0
MISS_conventional_hydroelectric_1,498,0.0
MISS_conventional_hydroelectric_1,499,0.0
MISS_conventional_hydroelectric_1,500,0.0
MISS_conventional_hydroelectric_1,501,0.0
MISS_conventional_hydroelectric_1,502,0.0
MISS_conventional_hydroelectric_1,503,0.0
MISS_conventional_hydroelectric_1,504,0.0
MISS_conventional_hydroelectric_1,505,0.0
MISS_conventional_hydroelectric_1,506,0.0
MISS_conventional_hydroelectric_1,507,0.0
MISS_conventional_hydroelectric_1,508,0.0
MISS_conventional_hydroelectric_1,509,0.0
MISS_conventional_hydroelectric_1,510,0.0
MISS_conventional_hydroelectric_1,511,107.7108488735206
MISS_conventional_hydroelectric_1,512,107.7283255703802
MISS_conventional_hydroelectric_1,513,0.0
MISS_conventional_hydroelectric_1,514,0.0
MISS_conventional_hydroelectric_1,515,0.0
MISS_conventional_hydroelectric_1,516,0.0
MISS_conventional_hydroelectric_1,517,0.0
MISS_conventional_hydroelectric_1,518,0.0
MISS_conventional_hydroelectric_1,519,0.0
MISS_conventional_hydroelectric_1,520,0.0
MISS_conventional_hydroelectric_1,521,0.0
MISS_conventional_hydroelectric_1,522,0.0
MISS_conventional_hydroelectric_1,523,0.0
MISS_conventional_hydroelectric_1,524,0.0
MISS_conventional_hydroelectric_1,525,0.0
MISS_conventional_hydroelectric_1,526,0.0
MISS_conventional_hydroelectric_1,527,0.0
MISS_conventional_hydroelectric_1,528,0.0
MISS_conventional_hydroelectric_1,529,0.0
MISS_conventional_hydroelectric_1,530,0.0
MISS_conventional_hydroelectric_1,531,0.0
MISS_conventional_hydroelectric_1,532,0.0
MISS_conventional_hydroelectric_1,533,0.0
MISS_conventional_hydroelectric_1,534,0.0
MISS_conventional_hydroelectric_1,535,0.0
MISS_conventional_hydroelectric_1,536,0.0
MISS_conventional_hydroelectric_1,537,0.0
MISS_conventional_hydroelectric_1,538,0.0
MISS_conventional_hydroelectric_1,539,0.0
MISS_conventional_hydroelectric_1,540,0.0
MISS_conventional_hydroelectric_1,541,0.0
MISS_conventional_hydroelectric_1,542,0.0
MISS_conventional_hydroelectric_1,543,0.0
MISS_conventional_hydroelectric_1,544,0.0
MISS_conventional_hydroelectric_1,545,0.0
MISS_conventional_hydroelectric_1,546,0.0
MISS_conventional_hydroelectric_1,547,0.0
MISS_conventional_hydroelectric_1,548,0.0
MISS_conventional_hydroelectric_1,549,0.0
MISS_conventional_hydroelectric_1,550,0.0
MISS_conventional_hydroelectric_1,551,0.0
MISS_conventional_hydroelectric_1,552,0.0
MISS_conventional_hydroelectric_1,553,588.0196863972893
MISS_conventional_hydroelectric_1,554,588.8112715356694
MISS_conventional_hydroelectric_1,555,594.75384
MISS_conventional_hydroelectric_1,556,594.75384
MISS_conventional_hydroelectric_1,557,594.75384
MISS_conventional_hydroelectric_1,558,319.93158036138834
MISS_conventional_hydroelectric_1,559,328.76157222029747
MISS_conventional_hydroelectric_1,560,121.52901770419834
MISS_conventional_hydroelectric_1,561,302.3669538708098
MISS_conventional_hydroelectric_1,562,594.75384
MISS_conventional_hydroelectric_1,563,487.6256751227107
MISS_conventional_hydroelectric_1,564,488.3613348311405
MISS_conventional_hydroelectric_1,565,428.97180510446276
MISS_conventional_hydroelectric_1,566,429.70746481289257
MISS_conventional_hydroelectric_1,567,355.1232033044628
MISS_conventional_hydroelectric_1,568,355.79354385838013
MISS_conventional_hydroelectric_1,569,356.4347201744132
MISS_conventional_hydroelectric_1,570,432.49144800793385
MISS_conventional_hydroelectric_1,571,433.16413699299176
MISS_conventional_hydroelectric_1,572,114.92987158472732
MISS_conventional_hydroelectric_1,573,116.24723222519015
MISS_conventional_hydroelectric_1,574,296.2927686788906
MISS_conventional_hydroelectric_1,575,118.81079058109088
MISS_conventional_hydroelectric_1,576,120.15267321183475
MISW_conventional_hydroelectric_1,1,25.233820781316545
MISW_conventional_hydroelectric_1,2,25.225650766983406
MISW_conventional_hydroelectric_1,3,25.212058402289642
MISW_conventional_hydroelectric_1,4,25.198466037595885
MISW_conventional_hydroelectric_1,5,0.0
MISW_conventional_hydroelectric_1,6,0.0
MISW_conventional_hydroelectric_1,7,0.0
MISW_conventional_hydroelectric_1,8,0.0
MISW_conventional_hydroelectric_1,9,0.0
MISW_conventional_hydroelectric_1,10,0.0
MISW_conventional_hydroelectric_1,11,0.0
MISW_conventional_hydroelectric_1,12,0.0
MISW_conventional_hydroelectric_1,13,0.0
MISW_conventional_hydroelectric_1,14,0.0
MISW_conventional_hydroelectric_1,15,0.0
MISW_conventional_hydroelectric_1,16,0.0
MISW_conventional_hydroelectric_1,17,0.0
MISW_conventional_hydroelectric_1,18,0.0
MISW_conventional_hydroelectric_1,19,0.0
MISW_conventional_hydroelectric_1,20,0.0
MISW_conventional_hydroelectric_1,21,0.0
MISW_conventional_hydroelectric_1,22,0.0
MISW_conventional_hydroelectric_1,23,0.0
MISW_conventional_hydroelectric_1,24,0.0
MISW_conventional_hydroelectric_1,25,0.0
MISW_conventional_hydroelectric_1,26,0.0
MISW_conventional_hydroelectric_1,27,0.0
MISW_conventional_hydroelectric_1,28,0.0
MISW_conventional_hydroelectric_1,29,0.0
MISW_conventional_hydroelectric_1,30,0.0
MISW_conventional_hydroelectric_1,31,53.75772359436749
MISW_conventional_hydroelectric_1,32,53.77888130198055
MISW_conventional_hydroelectric_1,33,0.0
MISW_conventional_hydroelectric_1,34,53.815871670291926
MISW_conventional_hydroelectric_1,35,0.0
MISW_conventional_hydroelectric_1,36,0.0
MISW_conventional_hydroelectric_1,37,0.0
MISW_conventional_hydroelectric_1,38,0.0
MISW_conventional_hydroelectric_1,39,0.0
MISW_conventional_hydroelectric_1,40,0.0
MISW_conventional_hydroelectric_1,41,0.0
MISW_conventional_hydroelectric_1,42,0.0
MISW_conventional_hydroelectric_1,43,0.0
MISW_conventional_hydroelectric_1,44,0.0
MISW_conventional_hydroelectric_1,45,0.0
MISW_conventional_hydroelectric_1,46,0.0
MISW_conventional_hydroelectric_1,47,0.0
MISW_conventional_hydroelectric_1,48,0.0
MISW_conventional_hydroelectric_1,49,2.4192224685059998
MISW_conventional_hydroelectric_1,50,2.4539725408128206
MISW_conventional_hydroelectric_1,51,64.03186355141386
MISW_conventional_hydroelectric_1,52,2.5180387513222726
MISW_conventional_hydroelectric_1,53,27.737701881259305
MISW_conventional_hydroelectric_1,54,89.30284729882084
MISW_conventional_hydroelectric_1,55,35.56085906170578
MISW_conventional_hydroelectric_1,56,35.56085906170578
MISW_conventional_hydroelectric_1,57,89.36100695848884
MISW_conventional_hydroelectric_1,58,35.56085906170578
MISW_conventional_hydroelectric_1,59,89.40331078997139
MISW_conventional_hydroelectric_1,60,97.104
MISW_conventional_hydroelectric_1,61,97.104
MISW_conventional_hydroelectric_1,62,89.46598810962794
MISW_conventional_hydroelectric_1,63,97.104
MISW_conventional_hydroelectric_1,64,97.104
MISW_conventional_hydroelectric_1,65,89.52944964872353
MISW_conventional_hydroelectric_1,66,89.55065832480825
MISW_conventional_hydroelectric_1,67,89.5718160324213
MISW_conventional_hydroelectric_1,68,89.59297374003435
MISW_conventional_hydroelectric_1,69,97.104
MISW_conventional_hydroelectric_1,70,97.104
MISW_conventional_hydroelectric_1,71,97.104
MISW_conventional_hydroelectric_1,72,97.104
MISW_conventional_hydroelectric_1,73,97.104
MISW_conventional_hydroelectric_1,74,97.104
MISW_conventional_hydroelectric_1,75,35.56085906170578
MISW_conventional_hydroelectric_1,76,97.104
MISW_conventional_hydroelectric_1,77,97.104
MISW_conventional_hydroelectric_1,78,35.56085906170578
MISW_conventional_hydroelectric_1,79,35.56085906170578
MISW_conventional_hydroelectric_1,80,35.56085906170578
MISW_conventional_hydroelectric_1,81,35.56085906170578
MISW_conventional_hydroelectric_1,82,35.56085906170578
MISW_conventional_hydroelectric_1,83,35.56085906170578
MISW_conventional_hydroelectric_1,84,35.56085906170578
MISW_conventional_hydroelectric_1,85,28.432036103766464
MISW_conventional_hydroelectric_1,86,28.460294646182035
MISW_conventional_hydroelectric_1,87,28.48856477234117
MISW_conventional_hydroelectric_1,88,28.521398893463093
MISW_conventional_hydroelectric_1,89,35.56085906170578
MISW_conventional_hydroelectric_1,90,35.56085906170578
MISW_conventional_hydroelectric_1,91,35.56085906170578
MISW_conventional_hydroelectric_1,92,28.634347343423023
MISW_conventional_hydroelectric_1,93,35.56085906170578
MISW_conventional_hydroelectric_1,94,35.56085906170578
MISW_conventional_hydroelectric_1,95,35.56085906170578
MISW_conventional_hydroelectric_1,96,35.56085906170578
MISW_conventional_hydroelectric_1,97,0.0
MISW_conventional_hydroelectric_1,98,0.0
MISW_conventional_hydroelectric_1,99,0.0
MISW_conventional_hydroelectric_1,100,0.0
MISW_conventional_hydroelectric_1,101,0.0
MISW_conventional_hydroelectric_1,102,0.0
MISW_conventional_hydroelectric_1,103,0.0
MISW_conventional_hydroelectric_1,104,0.0
MISW_conventional_hydroelectric_1,105,0.0
MISW_conventional_hydroelectric_1,106,0.0
MISW_conventional_hydroelectric_1,107,0.0
MISW_conventional_hydroelectric_1,108,0.0
MISW_conventional_hydroelectric_1,109,0.0
MISW_conventional_hydroelectric_1,110,0.0
MISW_conventional_hydroelectric_1,111,0.0
MISW_conventional_hydroelectric_1,112,0.0
MISW_conventional_hydroelectric_1,113,0.0
MISW_conventional_hydroelectric_1,114,0.0
MISW_conventional_hydroelectric_1,115,0.0
MISW_conventional_hydroelectric_1,116,0.0
MISW_conventional_hydroelectric_1,117,0.0
MISW_conventional_hydroelectric_1,118,0.0
MISW_conventional_hydroelectric_1,119,0.0
MISW_conventional_hydroelectric_1,120,0.0
MISW_conventional_hydroelectric_1,121,89.64172624155697
MISW_conventional_hydroelectric_1,122,89.66998478397254
MISW_conventional_hydroelectric_1,123,38.015204113291375
MISW_conventional_hydroelectric_1,124,38.06184489836293
MISW_conventional_hydroelectric_1,125,38.10306333307387
MISW_conventional_hydroelectric_1,126,89.78292165018891
MISW_conventional_hydroelectric_1,127,89.81119177634804
MISW_conventional_hydroelectric_1,128,89.83939240004581
MISW_conventional_hydroelectric_1,129,89.86766252620494
MISW_conventional_hydroelectric_1,130,89.89049871825989
MISW_conventional_hydroelectric_1,131,89.91870629220378
MISW_conventional_hydroelectric_1,132,89.94691849964512
MISW_conventional_hydroelectric_1,133,97.104
MISW_conventional_hydroelectric_1,134,97.104
MISW_conventional_hydroelectric_1,135,97.104
MISW_conventional_hydroelectric_1,136,97.104
MISW_conventional_hydroelectric_1,137,90.09275203919864
MISW_conventional_hydroelectric_1,138,90.12095961314253
MISW_conventional_hydroelectric_1,139,90.14921815555812
MISW_conventional_hydroelectric_1,140,97.104
MISW_conventional_hydroelectric_1,141,90.20574682413283
MISW_conventional_hydroelectric_1,142,90.22852509746997
MISW_conventional_hydroelectric_1,143,90.2567952236291
MISW_conventional_hydroelectric_1,144,38.93497999459647
MISW_conventional_hydroelectric_1,145,0.0
MISW_conventional_hydroelectric_1,146,0.0
MISW_conventional_hydroelectric_1,147,0.0
MISW_conventional_hydroelectric_1,148,0.0
MISW_conventional_hydroelectric_1,149,0.0
MISW_conventional_hydroelectric_1,150,0.0
MISW_conventional_hydroelectric_1,151,0.0
MISW_conventional_hydroelectric_1,152,0.0
MISW_conventional_hydroelectric_1,153,0.0
MISW_conventional_hydroelectric_1,154,0.0
MISW_conventional_hydroelectric_1,155,0.0
MISW_conventional_hydroelectric_1,156,0.0
MISW_conventional_hydroelectric_1,157,43.78870870969664
MISW_conventional_hydroelectric_1,158,0.0
MISW_conventional_hydroelectric_1,159,0.0
MISW_conventional_hydroelectric_1,160,43.83303853792789
MISW_conventional_hydroelectric_1,161,43.851420780583865
MISW_conventional_hydroelectric_1,162,43.869842407967965
MISW_conventional_hydroelectric_1,163,0.0
MISW_conventional_hydroelectric_1,164,0.0
MISW_conventional_hydroelectric_1,165,0.0
MISW_conventional_hydroelectric_1,166,0.0
MISW_conventional_hydroelectric_1,167,0.0
MISW_conventional_hydroelectric_1,168,0.0
MISW_conventional_hydroelectric_1,169,43.59968634065256
MISW_conventional_hydroelectric_1,170,43.61805699956499
MISW_conventional_hydroelectric_1,171,95.31399818623927
MISW_conventional_hydroelectric_1,172,95.31399818623927
MISW_conventional_hydroelectric_1,173,95.31399818623927
MISW_conventional_hydroelectric_1,174,43.680769070452214
MISW_conventional_hydroelectric_1,175,43.69376834747569
MISW_conventional_hydroelectric_1,176,43.712150590131664
MISW_conventional_hydroelectric_1,177,43.725149867155146
MISW_conventional_hydroelectric_1,178,43.74353210981112
MISW_conventional_hydroelectric_1,179,43.761902768723544
MISW_conventional_hydroelectric_1,180,43.77033805078422
MISW_conventional_hydroelectric_1,181,0.0
MISW_conventional_hydroelectric_1,182,43.80165701824844
MISW_conventional_hydroelectric_1,183,43.82009022937609
MISW_conventional_hydroelectric_1,184,0.0
MISW_conventional_hydroelectric_1,185,0.0
MISW_conventional_hydroelectric_1,186,0.0
MISW_conventional_hydroelectric_1,187,43.882790716519764
MISW_conventional_hydroelectric_1,188,43.90117295917574
MISW_conventional_hydroelectric_1,189,43.91417223619923
MISW_conventional_hydroelectric_1,190,43.9325544788552
MISW_conventional_hydroelectric_1,191,43.94555375587866
MISW_conventional_hydroelectric_1,192,95.31399818623927
MISW_conventional_hydroelectric_1,193,0.0
MISW_conventional_hydroelectric_1,194,0.0
MISW_conventional_hydroelectric_1,195,0.0
MISW_conventional_hydroelectric_1,196,0.0
MISW_conventional_hydroelectric_1,197,0.0
MISW_conventional_hydroelectric_1,198,0.0
MISW_conventional_hydroelectric_1,199,0.0
MISW_conventional_hydroelectric_1,200,0.0
MISW_conventional_hydroelectric_1,201,0.0
MISW_conventional_hydroelectric_1,202,0.0
MISW_conventional_hydroelectric_1,203,0.0
MISW_conventional_hydroelectric_1,204,0.0
MISW_conventional_hydroelectric_1,205,0.0
MISW_conventional_hydroelectric_1,206,0.0
MISW_conventional_hydroelectric_1,207,0.0
MISW_conventional_hydroelectric_1,208,0.0
MISW_conventional_hydroelectric_1,209,0.0
MISW_conventional_hydroelectric_1,210,0.0
MISW_conventional_hydroelectric_1,211,0.0
MISW_conventional_hydroelectric_1,212,0.0
MISW_conventional_hydroelectric_1,213,0.0
MISW_conventional_hydroelectric_1,214,0.0
MISW_conventional_hydroelectric_1,215,0.0
MISW_conventional_hydroelectric_1,216,0.0
MISW_conventional_hydroelectric_1,217,88.56625557980539
MISW_conventional_hydroelectric_1,218,88.56184217350886
MISW_conventional_hydroelectric_1,219,88.567357193818
MISW_conventional_hydroelectric_1,220,88.56829663542072
MISW_conventional_hydroelectric_1,221,88.57381165572986
MISW_conventional_hydroelectric_1,222,88.57482059979395
MISW_conventional_hydroelectric_1,223,44.113524987750424
MISW_conventional_hydroelectric_1,224,44.11361765769894
MISW_conventional_hydroelectric_1,225,44.114626601763035
MISW_conventional_hydroelectric_1,226,44.11556604336576
MISW_conventional_hydroelectric_1,227,44.12108106367489
MISW_conventional_hydroelectric_1,228,44.12202050527762
MISW_conventional_hydroelectric_1,229,44.12302944934174
MISW_conventional_hydroelectric_1,230,44.12312211929023
MISW_conventional_hydroelectric_1,231,44.124061560892955
MISW_conventional_hydroelectric_1,232,44.12505892121354
MISW_conventional_hydroelectric_1,233,44.130585525266184
MISW_conventional_hydroelectric_1,234,44.13152496686891
MISW_conventional_hydroelectric_1,235,44.13246440847169
MISW_conventional_hydroelectric_1,236,88.5948500507842
MISW_conventional_hydroelectric_1,237,88.59580107613053
MISW_conventional_hydroelectric_1,238,44.13450546408703
MISW_conventional_hydroelectric_1,239,44.140078403113904
MISW_conventional_hydroelectric_1,240,44.14101784471666
MISW_conventional_hydroelectric_1,241,0.0
MISW_conventional_hydroelectric_1,242,0.0
MISW_conventional_hydroelectric_1,243,0.0
MISW_conventional_hydroelectric_1,244,0.0
MISW_conventional_hydroelectric_1,245,0.0
MISW_conventional_hydroelectric_1,246,0.0
MISW_conventional_hydroelectric_1,247,44.46223505364625
MISW_conventional_hydroelectric_1,248,44.46223505364625
MISW_conventional_hydroelectric_1,249,44.46223505364625
MISW_conventional_hydroelectric_1,250,44.46223505364625
MISW_conventional_hydroelectric_1,251,44.46223505364625
MISW_conventional_hydroelectric_1,252,44.46223505364625
MISW_conventional_hydroelectric_1,253,44.46223505364625
MISW_conventional_hydroelectric_1,254,44.46223505364625
MISW_conventional_hydroelectric_1,255,44.46223505364625
MISW_conventional_hydroelectric_1,256,44.46223505364625
MISW_conventional_hydroelectric_1,257,44.46223505364625
MISW_conventional_hydroelectric_1,258,44.46223505364625
MISW_conventional_hydroelectric_1,259,44.46223505364625
MISW_conventional_hydroelectric_1,260,0.0
MISW_conventional_hydroelectric_1,261,0.0
MISW_conventional_hydroelectric_1,262,44.46223505364625
MISW_conventional_hydroelectric_1,263,44.46223505364625
MISW_conventional_hydroelectric_1,264,44.46223505364625
MISW_conventional_hydroelectric_1,265,37.5452771212822
MISW_conventional_hydroelectric_1,266,97.104
MISW_conventional_hydroelectric_1,267,97.104
MISW_conventional_hydroelectric_1,268,97.104
MISW_conventional_hydroelectric_1,269,37.38257417598169
MISW_conventional_hydroelectric_1,270,97.104
MISW_conventional_hydroelectric_1,271,37.293484762633085
MISW_conventional_hydroelectric_1,272,97.104
MISW_conventional_hydroelectric_1,273,97.104
MISW_conventional_hydroelectric_1,274,37.16801428588437
MISW_conventional_hydroelectric_1,275,37.120783888265606
MISW_conventional_hydroelectric_1,276,37.083551419713814
MISW_conventional_hydroelectric_1,277,37.041646069009744
MISW_conventional_hydroelectric_1,278,36.99983802175157
MISW_conventional_hydroelectric_1,279,36.95802997449343
MISW_conventional_hydroelectric_1,280,36.916221927235256
MISW_conventional_hydroelectric_1,281,36.868991529616494
MISW_conventional_hydroelectric_1,282,36.82713714738409
MISW_conventional_hydroelectric_1,283,36.78532910012592
MISW_conventional_hydroelectric_1,284,36.74347008439611
MISW_conventional_hydroelectric_1,285,36.701662037137964
MISW_conventional_hydroelectric_1,286,36.654431639519174
MISW_conventional_hydroelectric_1,287,97.104
MISW_conventional_hydroelectric_1,288,36.57534478873498
MISW_conventional_hydroelectric_1,289,28.94023529872925
MISW_conventional_hydroelectric_1,290,0.0
MISW_conventional_hydroelectric_1,291,0.0
MISW_conventional_hydroelectric_1,292,1.737882216920461
MISW_conventional_hydroelectric_1,293,28.94023529872925
MISW_conventional_hydroelectric_1,294,0.0
MISW_conventional_hydroelectric_1,295,97.104
MISW_conventional_hydroelectric_1,296,1.5332901381568647
MISW_conventional_hydroelectric_1,297,1.486052790291943
MISW_conventional_hydroelectric_1,298,61.37479652304522
MISW_conventional_hydroelectric_1,299,28.94023529872925
MISW_conventional_hydroelectric_1,300,28.94023529872925
MISW_conventional_hydroelectric_1,301,28.94023529872925
MISW_conventional_hydroelectric_1,302,28.94023529872925
MISW_conventional_hydroelectric_1,303,28.94023529872925
MISW_conventional_hydroelectric_1,304,28.94023529872925
MISW_conventional_hydroelectric_1,305,28.94023529872925
MISW_conventional_hydroelectric_1,306,28.94023529872925
MISW_conventional_hydroelectric_1,307,28.94023529872925
MISW_conventional_hydroelectric_1,308,28.94023529872925
MISW_conventional_hydroelectric_1,309,28.94023529872925
MISW_conventional_hydroelectric_1,310,28.94023529872925
MISW_conventional_hydroelectric_1,311,0.0
MISW_conventional_hydroelectric_1,312,28.94023529872925
MISW_conventional_hydroelectric_1,313,97.104
MISW_conventional_hydroelectric_1,314,97.104
MISW_conventional_hydroelectric_1,315,97.104
MISW_conventional_hydroelectric_1,316,97.104
MISW_conventional_hydroelectric_1,317,97.104
MISW_conventional_hydroelectric_1,318,97.104
MISW_conventional_hydroelectric_1,319,61.39654615995421
MISW_conventional_hydroelectric_1,320,97.104
MISW_conventional_hydroelectric_1,321,97.104
MISW_conventional_hydroelectric_1,322,97.104
MISW_conventional_hydroelectric_1,323,97.104
MISW_conventional_hydroelectric_1,324,59.56025174603322
MISW_conventional_hydroelectric_1,325,28.333600440343446
MISW_conventional_hydroelectric_1,326,28.328097003777913
MISW_conventional_hydroelectric_1,327,28.317233769066974
MISW_conventional_hydroelectric_1,328,28.31183921969091
MISW_conventional_hydroelectric_1,329,28.30177178816257
MISW_conventional_hydroelectric_1,330,28.296330903812247
MISW_conventional_hydroelectric_1,331,28.290827467246714
MISW_conventional_hydroelectric_1,332,28.285386582896393
MISW_conventional_hydroelectric_1,333,28.279952648792204
MISW_conventional_hydroelectric_1,334,59.42117152897539
MISW_conventional_hydroelectric_1,335,97.104
MISW_conventional_hydroelectric_1,336,59.38930812556384
MISW_conventional_hydroelectric_1,337,59.71946682614768
MISW_conventional_hydroelectric_1,338,29.04281611136806
MISW_conventional_hydroelectric_1,339,28.990052159450507
MISW_conventional_hydroelectric_1,340,27.19943379159703
MISW_conventional_hydroelectric_1,341,59.66576111587865
MISW_conventional_hydroelectric_1,342,28.821878212066434
MISW_conventional_hydroelectric_1,343,27.178479957870646
MISW_conventional_hydroelectric_1,344,27.173027489776768
MISW_conventional_hydroelectric_1,345,27.16753563695478
MISW_conventional_hydroelectric_1,346,27.156672402243853
MISW_conventional_hydroelectric_1,347,59.580335640618216
MISW_conventional_hydroelectric_1,348,97.104
MISW_conventional_hydroelectric_1,349,97.104
MISW_conventional_hydroelectric_1,350,97.104
MISW_conventional_hydroelectric_1,351,97.104
MISW_conventional_hydroelectric_1,352,27.119333363251286
MISW_conventional_hydroelectric_1,353,27.103940884808253
MISW_conventional_hydroelectric_1,354,27.098449031986263
MISW_conventional_hydroelectric_1,355,27.0929965638924
MISW_conventional_hydroelectric_1,356,97.104
MISW_conventional_hydroelectric_1,357,97.104
MISW_conventional_hydroelectric_1,358,97.104
MISW_conventional_hydroelectric_1,359,27.859000379347474
MISW_conventional_hydroelectric_1,360,97.104
MISW_conventional_hydroelectric_1,361,0.0
MISW_conventional_hydroelectric_1,362,0.0
MISW_conventional_hydroelectric_1,363,0.0
MISW_conventional_hydroelectric_1,364,0.0
MISW_conventional_hydroelectric_1,365,0.0
MISW_conventional_hydroelectric_1,366,0.0
MISW_conventional_hydroelectric_1,367,0.0
MISW_conventional_hydroelectric_1,368,0.0
MISW_conventional_hydroelectric_1,369,0.0
MISW_conventional_hydroelectric_1,370,25.566071505987416
MISW_conventional_hydroelectric_1,371,25.561553845998855
MISW_conventional_hydroelectric_1,372,25.556915715077285
MISW_conventional_hydroelectric_1,373,56.76811662360618
MISW_conventional_hydroelectric_1,374,56.75797505611908
MISW_conventional_hydroelectric_1,375,56.74796554330854
MISW_conventional_hydroelectric_1,376,97.104
MISW_conventional_hydroelectric_1,377,97.104
MISW_conventional_hydroelectric_1,378,97.104
MISW_conventional_hydroelectric_1,379,97.104
MISW_conventional_hydroelectric_1,380,56.693117675924455
MISW_conventional_hydroelectric_1,381,56.68310816311391
MISW_conventional_hydroelectric_1,382,25.516406205472244
MISW_conventional_hydroelectric_1,383,25.51183757701202
MISW_conventional_hydroelectric_1,384,25.502623867384088
MISW_conventional_hydroelectric_1,385,50.61752362056097
MISW_conventional_hydroelectric_1,386,50.60378066720092
MISW_conventional_hydroelectric_1,387,50.60000784192331
MISW_conventional_hydroelectric_1,388,50.59168723892388
MISW_conventional_hydroelectric_1,389,50.58249206328564
MISW_conventional_hydroelectric_1,390,50.57333163887809
MISW_conventional_hydroelectric_1,391,50.5641295129937
MISW_conventional_hydroelectric_1,392,32.70607557898113
MISW_conventional_hydroelectric_1,393,50.54576696270178
MISW_conventional_hydroelectric_1,394,24.97595738266743
MISW_conventional_hydroelectric_1,395,24.971330835489418
MISW_conventional_hydroelectric_1,396,24.97218455738982
MISW_conventional_hydroelectric_1,397,24.967546426468235
MISW_conventional_hydroelectric_1,398,24.963028766479685
MISW_conventional_hydroelectric_1,399,24.9583906355581
MISW_conventional_hydroelectric_1,400,54.57237517188324
MISW_conventional_hydroelectric_1,401,54.56859076286206
MISW_conventional_hydroelectric_1,402,54.55938400348026
MISW_conventional_hydroelectric_1,403,54.55565056293074
MISW_conventional_hydroelectric_1,404,24.940881807166573
MISW_conventional_hydroelectric_1,405,24.93624367624499
MISW_conventional_hydroelectric_1,406,24.927099469078428
MISW_conventional_hydroelectric_1,407,24.922512306628516
MISW_conventional_hydroelectric_1,408,24.917943678168292
MISW_conventional_hydroelectric_1,409,0.0
MISW_conventional_hydroelectric_1,410,0.0
MISW_conventional_hydroelectric_1,411,0.0
MISW_conventional_hydroelectric_1,412,0.0
MISW_conventional_hydroelectric_1,413,0.0
MISW_conventional_hydroelectric_1,414,0.0
MISW_conventional_hydroelectric_1,415,0.0
MISW_conventional_hydroelectric_1,416,0.0
MISW_conventional_hydroelectric_1,417,0.0
MISW_conventional_hydroelectric_1,418,0.0
MISW_conventional_hydroelectric_1,419,0.0
MISW_conventional_hydroelectric_1,420,0.0
MISW_conventional_hydroelectric_1,421,13.23147895500859
MISW_conventional_hydroelectric_1,422,24.797261921007443
MISW_conventional_hydroelectric_1,423,24.797261921007443
MISW_conventional_hydroelectric_1,424,13.274178950520898
MISW_conventional_hydroelectric_1,425,13.287803749696636
MISW_conventional_hydroelectric_1,426,13.30234482298799
MISW_conventional_hydroelectric_1,427,13.315969622163724
MISW_conventional_hydroelectric_1,428,13.330503745208947
MISW_conventional_hydroelectric_1,429,0.0
MISW_conventional_hydroelectric_1,430,13.358669617676018
MISW_conventional_hydroelectric_1,431,13.367718838145404
MISW_conventional_hydroelectric_1,432,13.381413139782492
MISW_conventional_hydroelectric_1,433,0.0
MISW_conventional_hydroelectric_1,434,0.0
MISW_conventional_hydroelectric_1,435,0.0
MISW_conventional_hydroelectric_1,436,0.0
MISW_conventional_hydroelectric_1,437,0.0
MISW_conventional_hydroelectric_1,438,0.0
MISW_conventional_hydroelectric_1,439,0.0
MISW_conventional_hydroelectric_1,440,0.0
MISW_conventional_hydroelectric_1,441,0.0
MISW_conventional_hydroelectric_1,442,0.0
MISW_conventional_hydroelectric_1,443,0.0
MISW_conventional_hydroelectric_1,444,0.0
MISW_conventional_hydroelectric_1,445,0.0
MISW_conventional_hydroelectric_1,446,0.0
MISW_conventional_hydroelectric_1,447,0.0
MISW_conventional_hydroelectric_1,448,0.0
MISW_conventional_hydroelectric_1,449,0.0
MISW_conventional_hydroelectric_1,450,0.0
MISW_conventional_hydroelectric_1,451,0.0
MISW_conventional_hydroelectric_1,452,0.0
MISW_conventional_hydroelectric_1,453,13.344186463102474
MISW_conventional_hydroelectric_1,454,0.0
MISW_conventional_hydroelectric_1,455,0.0
MISW_conventional_hydroelectric_1,456,0.0
MISW_conventional_hydroelectric_1,457,0.0
MISW_conventional_hydroelectric_1,458,0.0
MISW_conventional_hydroelectric_1,459,0.0
MISW_conventional_hydroelectric_1,460,0.0
MISW_conventional_hydroelectric_1,461,0.0
MISW_conventional_hydroelectric_1,462,0.0
MISW_conventional_hydroelectric_1,463,0.0
MISW_conventional_hydroelectric_1,464,0.0
MISW_conventional_hydroelectric_1,465,0.0
MISW_conventional_hydroelectric_1,466,13.194263862072134
MISW_conventional_hydroelectric_1,467,13.208793351619931
MISW_conventional_hydroelectric_1,468,13.21785415583286
MISW_conventional_hydroelectric_1,469,0.0
MISW_conventional_hydroelectric_1,470,58.61775965783629
MISW_conventional_hydroelectric_1,471,0.0
MISW_conventional_hydroelectric_1,472,0.0
MISW_conventional_hydroelectric_1,473,0.0
MISW_conventional_hydroelectric_1,474,0.0
MISW_conventional_hydroelectric_1,475,0.0
MISW_conventional_hydroelectric_1,476,0.0
MISW_conventional_hydroelectric_1,477,0.0
MISW_conventional_hydroelectric_1,478,0.0
MISW_conventional_hydroelectric_1,479,0.0
MISW_conventional_hydroelectric_1,480,0.0
MISW_conventional_hydroelectric_1,481,13.067919971058956
MISW_conventional_hydroelectric_1,482,13.081614272696072
MISW_conventional_hydroelectric_1,483,13.096085843526055
MISW_conventional_hydroelectric_1,484,13.109773194917011
MISW_conventional_hydroelectric_1,485,13.124302684464794
MISW_conventional_hydroelectric_1,486,13.13793906738411
MISW_conventional_hydroelectric_1,487,13.152410638214093
MISW_conventional_hydroelectric_1,488,31.014998449456215
MISW_conventional_hydroelectric_1,489,13.180576510681163
MISW_conventional_hydroelectric_1,490,0.0
MISW_conventional_hydroelectric_1,491,0.0
MISW_conventional_hydroelectric_1,492,0.0
MISW_conventional_hydroelectric_1,493,0.0
MISW_conventional_hydroelectric_1,494,0.0
MISW_conventional_hydroelectric_1,495,0.0
MISW_conventional_hydroelectric_1,496,0.0
MISW_conventional_hydroelectric_1,497,0.0
MISW_conventional_hydroelectric_1,498,0.0
MISW_conventional_hydroelectric_1,499,0.0
MISW_conventional_hydroelectric_1,500,0.0
MISW_conventional_hydroelectric_1,501,0.0
MISW_conventional_hydroelectric_1,502,0.0
MISW_conventional_hydroelectric_1,503,0.0
MISW_conventional_hydroelectric_1,504,0.0
MISW_conventional_hydroelectric_1,505,89.41011324995996
MISW_conventional_hydroelectric_1,506,89.39534745204354
MISW_conventional_hydroelectric_1,507,89.37053275658845
MISW_conventional_hydroelectric_1,508,89.35030522358329
MISW_conventional_hydroelectric_1,509,89.33011707530625
MISW_conventional_hydroelectric_1,510,89.31530030891817
MISW_conventional_hydroelectric_1,511,89.29506119216944
MISW_conventional_hydroelectric_1,512,97.104
MISW_conventional_hydroelectric_1,513,89.24549435347454
MISW_conventional_hydroelectric_1,514,89.22519731800804
MISW_conventional_hydroelectric_1,515,89.21043847033773
MISW_conventional_hydroelectric_1,516,81.5152434298798
MISW_conventional_hydroelectric_1,517,81.5162639576875
MISW_conventional_hydroelectric_1,518,18.980782121763042
MISW_conventional_hydroelectric_1,519,69.98139336975389
MISW_conventional_hydroelectric_1,520,81.51986650193476
MISW_conventional_hydroelectric_1,521,29.86177770092732
MISW_conventional_hydroelectric_1,522,89.06971336169435
MISW_conventional_hydroelectric_1,523,29.848437861843166
MISW_conventional_hydroelectric_1,524,29.841791109788204
MISW_conventional_hydroelectric_1,525,97.104
MISW_conventional_hydroelectric_1,526,97.104
MISW_conventional_hydroelectric_1,527,97.104
MISW_conventional_hydroelectric_1,528,97.104
MISW_conventional_hydroelectric_1,529,0.0
MISW_conventional_hydroelectric_1,530,0.0
MISW_conventional_hydroelectric_1,531,0.0
MISW_conventional_hydroelectric_1,532,0.0
MISW_conventional_hydroelectric_1,533,0.0
MISW_conventional_hydroelectric_1,534,0.0
MISW_conventional_hydroelectric_1,535,0.0
MISW_conventional_hydroelectric_1,536,0.0
MISW_conventional_hydroelectric_1,537,0.0
MISW_conventional_hydroelectric_1,538,0.0
MISW_conventional_hydroelectric_1,539,0.0
MISW_conventional_hydroelectric_1,540,0.0
MISW_conventional_hydroelectric_1,541,0.0
MISW_conventional_hydroelectric_1,542,0.0
MISW_conventional_hydroelectric_1,543,0.0
MISW_conventional_hydroelectric_1,544,0.0
MISW_conventional_hydroelectric_1,545,97.104
MISW_conventional_hydroelectric_1,546,0.0
MISW_conventional_hydroelectric_1,547,59.20099004812822
MISW_conventional_hydroelectric_1,548,77.35510009217478
MISW_conventional_hydroelectric_1,549,0.0
MISW_conventional_hydroelectric_1,550,0.0
MISW_conventional_hydroelectric_1,551,0.0
MISW_conventional_hydroelectric_1,552,0.0
MISW_conventional_hydroelectric_1,553,97.104
MISW_conventional_hydroelectric_1,554,97.104
MISW_conventional_hydroelectric_1,555,97.104
MISW_conventional_hydroelectric_1,556,97.104
MISW_conventional_hydroelectric_1,557,97.104
MISW_conventional_hydroelectric_1,558,97.104
MISW_conventional_hydroelectric_1,559,97.104
MISW_conventional_hydroelectric_1,560,89.27024649671439
MISW_conventional_hydroelectric_1,561,97.104
MISW_conventional_hydroelectric_1,562,97.104
MISW_conventional_hydroelectric_1,563,97.104
MISW_conventional_hydroelectric_1,564,97.104
MISW_conventional_hydroelectric_1,565,97.104
MISW_conventional_hydroelectric_1,566,97.104
MISW_conventional_hydroelectric_1,567,97.104
MISW_conventional_hydroelectric_1,568,97.104
MISW_conventional_hydroelectric_1,569,59.22817477751574
MISW_conventional_hydroelectric_1,570,97.104
MISW_conventional_hydroelectric_1,571,97.104
MISW_conventional_hydroelectric_1,572,78.94171994162029
MISW_conventional_hydroelectric_1,573,81.5199788642473
MISW_conventional_hydroelectric_1,574,81.5163612611334
MISW_conventional_hydroelectric_1,575,81.51185750163711
MISW_conventional_hydroelectric_1,576,81.51904521451632
NWPP_conventional_hydroelectric_1,1,12828.428260600946
NWPP_conventional_hydroelectric_1,2,14114.491716906758
NWPP_conventional_hydroelectric_1,3,15765.48083132528
NWPP_conventional_hydroelectric_1,4,14454.654838287342
NWPP_conventional_hydroelectric_1,5,15744.936332463718
NWPP_conventional_hydroelectric_1,6,17620.45568244942
NWPP_conventional_hydroelectric_1,7,17966.345144394007
NWPP_conventional_hydroelectric_1,8,17421.3010826043
NWPP_conventional_hydroelectric_1,9,17930.116699670314
NWPP_conventional_hydroelectric_1,10,17590.05770523613
NWPP_conventional_hydroelectric_1,11,18252.290815331053
NWPP_conventional_hydroelectric_1,12,21079.197305533504
NWPP_conventional_hydroelectric_1,13,16061.349477219392
NWPP_conventional_hydroelectric_1,14,16707.908015352587
NWPP_conventional_hydroelectric_1,15,19532.4908184501
NWPP_conventional_hydroelectric_1,16,18802.52437047496
NWPP_conventional_hydroelectric_1,17,19441.09219211996
NWPP_conventional_hydroelectric_1,18,15864.75312815387
NWPP_conventional_hydroelectric_1,19,16323.429424707589
NWPP_conventional_hydroelectric_1,20,20101.729361001268
NWPP_conventional_hydroelectric_1,21,18879.324414637846
NWPP_conventional_hydroelectric_1,22,19270.43585351161
NWPP_conventional_hydroelectric_1,23,17328.700598206528
NWPP_conventional_hydroelectric_1,24,16424.257110579805
NWPP_conventional_hydroelectric_1,25,11614.533450587143
NWPP_conventional_hydroelectric_1,26,8402.631783181188
NWPP_conventional_hydroelectric_1,27,12233.500107518501
NWPP_conventional_hydroelectric_1,28,10646.783383071708
NWPP_conventional_hydroelectric_1,29,11683.607269454604
NWPP_conventional_hydroelectric_1,30,14611.16441890363
NWPP_conventional_hydroelectric_1,31,15467.030310950739
NWPP_conventional_hydroelectric_1,32,13234.823154177599
NWPP_conventional_hydroelectric_1,33,15324.520379731373
NWPP_conventional_hydroelectric_1,34,14088.703881316114
NWPP_conventional_hydroelectric_1,35,14946.116426172464
NWPP_conventional_hydroelectric_1,36,13811.583687017534
NWPP_conventional_hydroelectric_1,37,16281.118181825486
NWPP_conventional_hydroelectric_1,38,15492.70681021318
NWPP_conventional_hydroelectric_1,39,11014.87517243629
NWPP_conventional_hydroelectric_1,40,10918.30009236662
NWPP_conventional_hydroelectric_1,41,11852.235887792624
NWPP_conventional_hydroelectric_1,42,16748.56068575631
NWPP_conventional_hydroelectric_1,43,14691.447382436734
NWPP_conventional_hydroelectric_1,44,15038.387699590414
NWPP_conventional_hydroelectric_1,45,15239.144769273122
NWPP_conventional_hydroelectric_1,46,15517.777232554612
NWPP_conventional_hydroelectric_1,47,14451.14000471857
NWPP_conventional_hydroelectric_1,48,15433.572708648497
NWPP_conventional_hydroelectric_1,49,15796.286972885144
NWPP_conventional_hydroelectric_1,50,18209.450704870345
NWPP_conventional_hydroelectric_1,51,17321.758752685466
NWPP_conventional_hydroelectric_1,52,16860.39951727172
NWPP_conventional_hydroelectric_1,53,18783.40416966858
NWPP_conventional_hydroelectric_1,54,19632.205359251002
NWPP_conventional_hydroelectric_1,55,17961.29616768534
NWPP_conventional_hydroelectric_1,56,18629.27900695843
NWPP_conventional_hydroelectric_1,57,23674.833914490802
NWPP_conventional_hydroelectric_1,58,20104.512259849973
NWPP_conventional_hydroelectric_1,59,20416.696474250148
NWPP_conventional_hydroelectric_1,60,19279.946032913576
NWPP_conventional_hydroelectric_1,61,18125.74975490658
NWPP_conventional_hydroelectric_1,62,18242.765739664548
NWPP_conventional_hydroelectric_1,63,21139.079993941326
NWPP_conventional_hydroelectric_1,64,20349.142794693435
NWPP_conventional_hydroelectric_1,65,19885.096887397216
NWPP_conventional_hydroelectric_1,66,15793.064175965977
NWPP_conventional_hydroelectric_1,67,16014.231588917231
NWPP_conventional_hydroelectric_1,68,15377.395889822132
NWPP_conventional_hydroelectric_1,69,17975.788285260838
NWPP_conventional_hydroelectric_1,70,17760.312624663045
NWPP_conventional_hydroelectric_1,71,16623.596520119747
NWPP_conventional_hydroelectric_1,72,16608.020769626608
NWPP_conventional_hydroelectric_1,73,19679.761957339902
NWPP_conventional_hydroelectric_1,74,19097.418971731495
NWPP_conventional_hydroelectric_1,75,18316.02479316133
NWPP_conventional_hydroelectric_1,76,22601.326676264063
NWPP_conventional_hydroelectric_1,77,21256.251470479867
NWPP_conventional_hydroelectric_1,78,22513.16190649158
NWPP_conventional_hydroelectric_1,79,22948.51994226624
NWPP_conventional_hydroelectric_1,80,23789.929329690684
NWPP_conventional_hydroelectric_1,81,24153.697849361284
NWPP_conventional_hydroelectric_1,82,23820.669575229364
NWPP_conventional_hydroelectric_1,83,20409.262618523637
NWPP_conventional_hydroelectric_1,84,23124.138685088463
NWPP_conventional_hydroelectric_1,85,22013.708046905398
NWPP_conventional_hydroelectric_1,86,21699.022461934655
NWPP_conventional_hydroelectric_1,87,16824.57346901135
NWPP_conventional_hydroelectric_1,88,19580.15802542643
NWPP_conventional_hydroelectric_1,89,15816.520342268408
NWPP_conventional_hydroelectric_1,90,19359.422123712087
NWPP_conventional_hydroelectric_1,91,16097.142749560668
NWPP_conventional_hydroelectric_1,92,13393.238558334597
NWPP_conventional_hydroelectric_1,93,14860.425112362454
NWPP_conventional_hydroelectric_1,94,16426.684443864655
NWPP_conventional_hydroelectric_1,95,17391.27083604935
NWPP_conventional_hydroelectric_1,96,16354.0909425874
NWPP_conventional_hydroelectric_1,97,9645.521111317026
NWPP_conventional_hydroelectric_1,98,8223.362777326116
NWPP_conventional_hydroelectric_1,99,11076.308415676018
NWPP_conventional_hydroelectric_1,100,10532.478034807236
NWPP_conventional_hydroelectric_1,101,10323.491906862197
NWPP_conventional_hydroelectric_1,102,11187.158783279418
NWPP_conventional_hydroelectric_1,103,11674.340818810026
NWPP_conventional_hydroelectric_1,104,13264.504946540806
NWPP_conventional_hydroelectric_1,105,16556.685637068822
NWPP_conventional_hydroelectric_1,106,16036.286566805038
NWPP_conventional_hydroelectric_1,107,16037.219830571497
NWPP_conventional_hydroelectric_1,108,15131.346496653634
NWPP_conventional_hydroelectric_1,109,15438.042059408719
NWPP_conventional_hydroelectric_1,110,15595.857855481036
NWPP_conventional_hydroelectric_1,111,18763.422590290153
NWPP_conventional_hydroelectric_1,112,14591.854446794809
NWPP_conventional_hydroelectric_1,113,17091.510093560104
NWPP_conventional_hydroelectric_1,114,13417.153286609471
NWPP_conventional_hydroelectric_1,115,11275.05830909744
NWPP_conventional_hydroelectric_1,116,11637.207524630354
NWPP_conventional_hydroelectric_1,117,13244.523588461274
NWPP_conventional_hydroelectric_1,118,14871.480542204596
NWPP_conventional_hydroelectric_1,119,15517.47440884012
NWPP_conventional_hydroelectric_1,120,16553.73534164508
NWPP_conventional_hydroelectric_1,121,14251.994902572813
NWPP_conventional_hydroelectric_1,122,14498.822135617165
NWPP_conventional_hydroelectric_1,123,16902.485550550387
NWPP_conventional_hydroelectric_1,124,15421.848248866147
NWPP_conventional_hydroelectric_1,125,14887.078232267353
NWPP_conventional_hydroelectric_1,126,16364.436164989283
NWPP_conventional_hydroelectric_1,127,15345.332810525299
NWPP_conventional_hydroelectric_1,128,16630.520939243677
NWPP_conventional_hydroelectric_1,129,18651.229336289412
NWPP_conventional_hydroelectric_1,130,17497.155696001235
NWPP_conventional_hydroelectric_1,131,21035.898978387853
NWPP_conventional_hydroelectric_1,132,16353.196489576778
NWPP_conventional_hydroelectric_1,133,18712.31852075994
NWPP_conventional_hydroelectric_1,134,18514.680974301104
NWPP_conventional_hydroelectric_1,135,13513.468758765734
NWPP_conventional_hydroelectric_1,136,15463.766950366522
NWPP_conventional_hydroelectric_1,137,14904.842057281554
NWPP_conventional_hydroelectric_1,138,14635.117645678805
NWPP_conventional_hydroelectric_1,139,12127.050477715358
NWPP_conventional_hydroelectric_1,140,10925.497477244175
NWPP_conventional_hydroelectric_1,141,12127.978826933682
NWPP_conventional_hydroelectric_1,142,12542.76254474081
NWPP_conventional_hydroelectric_1,143,14075.657756815393
NWPP_conventional_hydroelectric_1,144,16208.998161397423
NWPP_conventional_hydroelectric_1,145,12257.235955731658
NWPP_conventional_hydroelectric_1,146,14658.640289248482
NWPP_conventional_hydroelectric_1,147,15815.519234404976
NWPP_conventional_hydroelectric_1,148,13334.306192434467
NWPP_conventional_hydroelectric_1,149,13679.969905763928
NWPP_conventional_hydroelectric_1,150,15445.543734931323
NWPP_conventional_hydroelectric_1,151,15590.983697045125
NWPP_conventional_hydroelectric_1,152,19442.132639869415
NWPP_conventional_hydroelectric_1,153,18384.534885709716
NWPP_conventional_hydroelectric_1,154,20342.42195319981
NWPP_conventional_hydroelectric_1,155,16461.653324860148
NWPP_conventional_hydroelectric_1,156,19809.93574483294
NWPP_conventional_hydroelectric_1,157,15791.024289509365
NWPP_conventional_hydroelectric_1,158,15758.168921968156
NWPP_conventional_hydroelectric_1,159,17785.507019007277
NWPP_conventional_hydroelectric_1,160,15132.384553575303
NWPP_conventional_hydroelectric_1,161,9969.094154284165
NWPP_conventional_hydroelectric_1,162,13123.910583426234
NWPP_conventional_hydroelectric_1,163,8834.561738884768
NWPP_conventional_hydroelectric_1,164,6765.753586295005
NWPP_conventional_hydroelectric_1,165,7065.035604805012
NWPP_conventional_hydroelectric_1,166,8628.904069866852
NWPP_conventional_hydroelectric_1,167,10835.000424304872
NWPP_conventional_hydroelectric_1,168,11410.835352199436
NWPP_conventional_hydroelectric_1,169,14466.68863934538
NWPP_conventional_hydroelectric_1,170,14159.40998231152
NWPP_conventional_hydroelectric_1,171,12985.141673782202
NWPP_conventional_hydroelectric_1,172,13230.733773544653
NWPP_conventional_hydroelectric_1,173,11392.675825077102
NWPP_conventional_hydroelectric_1,174,11822.714655589962
NWPP_conventional_hydroelectric_1,175,14568.127005297301
NWPP_conventional_hydroelectric_1,176,14032.399512368103
NWPP_conventional_hydroelectric_1,177,16309.958701571499
NWPP_conventional_hydroelectric_1,178,15073.305256543279
NWPP_conventional_hydroelectric_1,179,15744.86130682193
NWPP_conventional_hydroelectric_1,180,14925.125847965091
NWPP_conventional_hydroelectric_1,181,17291.027353484267
NWPP_conventional_hydroelectric_1,182,16641.56875679524
NWPP_conventional_hydroelectric_1,183,16487.48579907868
NWPP_conventional_hydroelectric_1,184,16355.238692687682
NWPP_conventional_hydroelectric_1,185,16070.161098081218
NWPP_conventional_hydroelectric_1,186,11946.306197302183
NWPP_conventional_hydroelectric_1,187,11940.126096532034
NWPP_conventional_hydroelectric_1,188,9364.944808432665
NWPP_conventional_hydroelectric_1,189,10863.151895096202
NWPP_conventional_hydroelectric_1,190,9839.464713172749
NWPP_conventional_hydroelectric_1,191,10256.125412935999
NWPP_conventional_hydroelectric_1,192,11862.761178493425
NWPP_conventional_hydroelectric_1,193,12475.371006171503
NWPP_conventional_hydroelectric_1,194,10654.872777888373
NWPP_conventional_hydroelectric_1,195,13199.320546968602
NWPP_conventional_hydroelectric_1,196,13744.765050980437
NWPP_conventional_hydroelectric_1,197,10931.276103445245
NWPP_conventional_hydroelectric_1,198,9921.911933526897
NWPP_conventional_hydroelectric_1,199,10389.631086334968
NWPP_conventional_hydroelectric_1,200,10410.207755823281
NWPP_conventional_hydroelectric_1,201,11284.07781397732
NWPP_conventional_hydroelectric_1,202,10960.470887398791
NWPP_conventional_hydroelectric_1,203,11997.739825216247
NWPP_conventional_hydroelectric_1,204,15898.591203292508
NWPP_conventional_hydroelectric_1,205,11620.47834702867
NWPP_conventional_hydroelectric_1,206,12309.65837198287
NWPP_conventional_hydroelectric_1,207,11648.577839149042
NWPP_conventional_hydroelectric_1,208,11031.419906676016
NWPP_conventional_hydroelectric_1,209,14684.407827288334
NWPP_conventional_hydroelectric_1,210,14305.9692356
NWPP_conventional_hydroelectric_1,211,10491.593431724456
NWPP_conventional_hydroelectric_1,212,12924.44413169584
NWPP_conventional_hydroelectric_1,213,10174.73240183988
NWPP_conventional_hydroelectric_1,214,11795.083646077757
NWPP_conventional_hydroelectric_1,215,12793.282588823255
NWPP_conventional_hydroelectric_1,216,14655.795648795958
NWPP_conventional_hydroelectric_1,217,13549.482378484809
NWPP_conventional_hydroelectric_1,218,13319.20129814215
NWPP_conventional_hydroelectric_1,219,12552.213199119766
NWPP_conventional_hydroelectric_1,220,13039.988852206156
NWPP_conventional_hydroelectric_1,221,12905.633349079144
NWPP_conventional_hydroelectric_1,222,11879.578691247703
NWPP_conventional_hydroelectric_1,223,13198.729369727631
NWPP_conventional_hydroelectric_1,224,12954.787947595605
NWPP_conventional_hydroelectric_1,225,14810.268286085033
NWPP_conventional_hydroelectric_1,226,17642.03750354821
NWPP_conventional_hydroelectric_1,227,17836.920404526023
NWPP_conventional_hydroelectric_1,228,13742.349590805026
NWPP_conventional_hydroelectric_1,229,16469.76733513185
NWPP_conventional_hydroelectric_1,230,16481.91488810396
NWPP_conventional_hydroelectric_1,231,16119.335836899441
NWPP_conventional_hydroelectric_1,232,15121.454009899273
NWPP_conventional_hydroelectric_1,233,10974.803146089205
NWPP_conventional_hydroelectric_1,234,11460.770375011578
NWPP_conventional_hydroelectric_1,235,12062.318178925952
NWPP_conventional_hydroelectric_1,236,11957.44312255612
NWPP_conventional_hydroelectric_1,237,13450.518429396214
NWPP_conventional_hydroelectric_1,238,15609.083936733725
NWPP_conventional_hydroelectric_1,239,15911.094489425765
NWPP_conventional_hydroelectric_1,240,16470.151573613195
NWPP_conventional_hydroelectric_1,241,14678.844097543784
NWPP_conventional_hydroelectric_1,242,17909.05316275775
NWPP_conventional_hydroelectric_1,243,16370.528497682639
NWPP_conventional_hydroelectric_1,244,18097.67624204434
NWPP_conventional_hydroelectric_1,245,18669.82560622412
NWPP_conventional_hydroelectric_1,246,18250.35490535485
NWPP_conventional_hydroelectric_1,247,16765.35664156802
NWPP_conventional_hydroelectric_1,248,15584.003303418953
NWPP_conventional_hydroelectric_1,249,15791.782970403197
NWPP_conventional_hydroelectric_1,250,14528.814714002325
NWPP_conventional_hydroelectric_1,251,14748.919641754164
NWPP_conventional_hydroelectric_1,252,18403.531402792752
NWPP_conventional_hydroelectric_1,253,17842.93564772621
NWPP_conventional_hydroelectric_1,254,18129.226280043997
NWPP_conventional_hydroelectric_1,255,17700.104954721948
NWPP_conventional_hydroelectric_1,256,17256.302193910455
NWPP_conventional_hydroelectric_1,257,17233.824470563075
NWPP_conventional_hydroelectric_1,258,17048.439520464493
NWPP_conventional_hydroelectric_1,259,17232.216765750767
NWPP_conventional_hydroelectric_1,260,16982.331677801692
NWPP_conventional_hydroelectric_1,261,17275.07241479732
NWPP_conventional_hydroelectric_1,262,17492.168701050898
NWPP_conventional_hydroelectric_1,263,17535.281922655897
NWPP_conventional_hydroelectric_1,264,17770.714773197775
NWPP_conventional_hydroelectric_1,265,19719.85950739054
NWPP_conventional_hydroelectric_1,266,22810.35788014845
NWPP_conventional_hydroelectric_1,267,20407.47345644876
NWPP_conventional_hydroelectric_1,268,18108.13362534406
NWPP_conventional_hydroelectric_1,269,17961.78943407666
NWPP_conventional_hydroelectric_1,270,17580.234179815732
NWPP_conventional_hydroelectric_1,271,15270.467862046906
NWPP_conventional_hydroelectric_1,272,12888.735908375931
NWPP_conventional_hydroelectric_1,273,14329.089215667695
NWPP_conventional_hydroelectric_1,274,16819.081054327602
NWPP_conventional_hydroelectric_1,275,14290.09252831984
NWPP_conventional_hydroelectric_1,276,14872.656371527404
NWPP_conventional_hydroelectric_1,277,14570.281694143378
NWPP_conventional_hydroelectric_1,278,14739.881454562152
NWPP_conventional_hydroelectric_1,279,17281.4978815053
NWPP_conventional_hydroelectric_1,280,17662.192321303024
NWPP_conventional_hydroelectric_1,281,22023.160837861327
NWPP_conventional_hydroelectric_1,282,17525.678536968804
NWPP_conventional_hydroelectric_1,283,20334.372168793027
NWPP_conventional_hydroelectric_1,284,17381.858732488432
NWPP_conventional_hydroelectric_1,285,16815.900780603668
NWPP_conventional_hydroelectric_1,286,17334.69775085771
NWPP_conventional_hydroelectric_1,287,16587.475899737194
NWPP_conventional_hydroelectric_1,288,16002.877370697253
NWPP_conventional_hydroelectric_1,289,18484.866934856927
NWPP_conventional_hydroelectric_1,290,18401.343518851827
NWPP_conventional_hydroelectric_1,291,20186.28183971565
NWPP_conventional_hydroelectric_1,292,17826.35068746168
NWPP_conventional_hydroelectric_1,293,18336.925912510083
NWPP_conventional_hydroelectric_1,294,16584.83962196048
NWPP_conventional_hydroelectric_1,295,16575.795374427515
NWPP_conventional_hydroelectric_1,296,13868.835433491487
NWPP_conventional_hydroelectric_1,297,12911.46203056537
NWPP_conventional_hydroelectric_1,298,13070.320815863062
NWPP_conventional_hydroelectric_1,299,18286.91171656512
NWPP_conventional_hydroelectric_1,300,15111.8865621621
NWPP_conventional_hydroelectric_1,301,19357.942716161604
NWPP_conventional_hydroelectric_1,302,19382.07498427137
NWPP_conventional_hydroelectric_1,303,19932.330262825028
NWPP_conventional_hydroelectric_1,304,22547.768366377288
NWPP_conventional_hydroelectric_1,305,19140.942089511183
NWPP_conventional_hydroelectric_1,306,25665.526909444077
NWPP_conventional_hydroelectric_1,307,22161.49968544958
NWPP_conventional_hydroelectric_1,308,19374.33630375966
NWPP_conventional_hydroelectric_1,309,19709.41177527226
NWPP_conventional_hydroelectric_1,310,19476.747384061382
NWPP_conventional_hydroelectric_1,311,19375.544008607034
NWPP_conventional_hydroelectric_1,312,19972.487432216796
NWPP_conventional_hydroelectric_1,313,20951.13105060775
NWPP_conventional_hydroelectric_1,314,20727.264494393494
NWPP_conventional_hydroelectric_1,315,20291.385998944224
NWPP_conventional_hydroelectric_1,316,19812.03161880253
NWPP_conventional_hydroelectric_1,317,18121.461371605783
NWPP_conventional_hydroelectric_1,318,16000.967863194344
NWPP_conventional_hydroelectric_1,319,17151.526607986718
NWPP_conventional_hydroelectric_1,320,12957.462089446184
NWPP_conventional_hydroelectric_1,321,11870.707563592356
NWPP_conventional_hydroelectric_1,322,13652.34832182667
NWPP_conventional_hydroelectric_1,323,10571.608077355906
NWPP_conventional_hydroelectric_1,324,15740.352879272925
NWPP_conventional_hydroelectric_1,325,11801.425636823902
NWPP_conventional_hydroelectric_1,326,12546.136039593273
NWPP_conventional_hydroelectric_1,327,14447.8764367237
NWPP_conventional_hydroelectric_1,328,18214.56911966917
NWPP_conventional_hydroelectric_1,329,20638.904234305923
NWPP_conventional_hydroelectric_1,330,16313.162310928265
NWPP_conventional_hydroelectric_1,331,19409.41815812628
NWPP_conventional_hydroelectric_1,332,18489.836436290418
NWPP_conventional_hydroelectric_1,333,17419.383243296084
NWPP_conventional_hydroelectric_1,334,16911.859192261498
NWPP_conventional_hydroelectric_1,335,16025.911246591657
NWPP_conventional_hydroelectric_1,336,16253.76411960587
NWPP_conventional_hydroelectric_1,337,20264.15096803846
NWPP_conventional_hydroelectric_1,338,22142.908251434586
NWPP_conventional_hydroelectric_1,339,20276.16420902206
NWPP_conventional_hydroelectric_1,340,17910.772534290794
NWPP_conventional_hydroelectric_1,341,18867.229188369063
NWPP_conventional_hydroelectric_1,342,18686.243367479652
NWPP_conventional_hydroelectric_1,343,18747.777036713258
NWPP_conventional_hydroelectric_1,344,19643.525984202748
NWPP_conventional_hydroelectric_1,345,12085.289445988521
NWPP_conventional_hydroelectric_1,346,13229.993176594997
NWPP_conventional_hydroelectric_1,347,13641.273101695955
NWPP_conventional_hydroelectric_1,348,14186.072201646628
NWPP_conventional_hydroelectric_1,349,18205.117548491085
NWPP_conventional_hydroelectric_1,350,18145.957125440542
NWPP_conventional_hydroelectric_1,351,18028.389241702047
NWPP_conventional_hydroelectric_1,352,15657.165377014697
NWPP_conventional_hydroelectric_1,353,17883.845514347748
NWPP_conventional_hydroelectric_1,354,24764.791625049587
NWPP_conventional_hydroelectric_1,355,20719.619644228267
NWPP_conventional_hydroelectric_1,356,19314.90749500958
NWPP_conventional_hydroelectric_1,357,19440.634612104706
NWPP_conventional_hydroelectric_1,358,19545.027404723824
NWPP_conventional_hydroelectric_1,359,19142.782087080857
NWPP_conventional_hydroelectric_1,360,18870.629224634053
NWPP_conventional_hydroelectric_1,361,16815.18320390934
NWPP_conventional_hydroelectric_1,362,21286.040712510654
NWPP_conventional_hydroelectric_1,363,19819.005558019788
NWPP_conventional_hydroelectric_1,364,18456.442070408957
NWPP_conventional_hydroelectric_1,365,17921.92819626993
NWPP_conventional_hydroelectric_1,366,17501.66159410389
NWPP_conventional_hydroelectric_1,367,17177.52249930657
NWPP_conventional_hydroelectric_1,368,18076.073013255846
NWPP_conventional_hydroelectric_1,369,13049.435507372216
NWPP_conventional_hydroelectric_1,370,11404.047431586909
NWPP_conventional_hydroelectric_1,371,13236.637167412871
NWPP_conventional_hydroelectric_1,372,17470.16558809019
NWPP_conventional_hydroelectric_1,373,17332.596239417016
NWPP_conventional_hydroelectric_1,374,14049.005825910219
NWPP_conventional_hydroelectric_1,375,17772.454254279648
NWPP_conventional_hydroelectric_1,376,19873.720800335843
NWPP_conventional_hydroelectric_1,377,22143.800269728526
NWPP_conventional_hydroelectric_1,378,18609.677487243705
NWPP_conventional_hydroelectric_1,379,18484.673745114855
NWPP_conventional_hydroelectric_1,380,19217.418799970987
NWPP_conventional_hydroelectric_1,381,15524.292383571346
NWPP_conventional_hydroelectric_1,382,14809.612348630299
NWPP_conventional_hydroelectric_1,383,14156.264706409032
NWPP_conventional_hydroelectric_1,384,14252.264136715392
NWPP_conventional_hydroelectric_1,385,19353.96362927016
NWPP_conventional_hydroelectric_1,386,16939.72299900562
NWPP_conventional_hydroelectric_1,387,17194.916898667
NWPP_conventional_hydroelectric_1,388,16509.457882269795
NWPP_conventional_hydroelectric_1,389,17455.96199875306
NWPP_conventional_hydroelectric_1,390,17194.3586038402
NWPP_conventional_hydroelectric_1,391,14260.999810824196
NWPP_conventional_hydroelectric_1,392,15311.617457636814
NWPP_conventional_hydroelectric_1,393,14034.983234627838
NWPP_conventional_hydroelectric_1,394,16194.699343004046
NWPP_conventional_hydroelectric_1,395,17030.69004273572
NWPP_conventional_hydroelectric_1,396,13076.009913796588
NWPP_conventional_hydroelectric_1,397,13457.151502476798
NWPP_conventional_hydroelectric_1,398,16666.800604303113
NWPP_conventional_hydroelectric_1,399,13674.24833947539
NWPP_conventional_hydroelectric_1,400,17655.8358690184
NWPP_conventional_hydroelectric_1,401,18641.009357488416
NWPP_conventional_hydroelectric_1,402,19112.484277100237
NWPP_conventional_hydroelectric_1,403,23039.766327471014
NWPP_conventional_hydroelectric_1,404,19528.078920025626
NWPP_conventional_hydroelectric_1,405,19862.65811366762
NWPP_conventional_hydroelectric_1,406,19508.908423867797
NWPP_conventional_hydroelectric_1,407,19315.415541080227
NWPP_conventional_hydroelectric_1,408,19062.78252793492
NWPP_conventional_hydroelectric_1,409,19677.42055815739
NWPP_conventional_hydroelectric_1,410,20904.529578942187
NWPP_conventional_hydroelectric_1,411,16152.89709445975
NWPP_conventional_hydroelectric_1,412,18324.943807779007
NWPP_conventional_hydroelectric_1,413,18099.264412146513
NWPP_conventional_hydroelectric_1,414,17583.14002309441
NWPP_conventional_hydroelectric_1,415,17561.738903690108
NWPP_conventional_hydroelectric_1,416,17868.3298415359
NWPP_conventional_hydroelectric_1,417,14421.672338879443
NWPP_conventional_hydroelectric_1,418,13437.865319710643
NWPP_conventional_hydroelectric_1,419,13941.944860828848
NWPP_conventional_hydroelectric_1,420,13509.559182359708
NWPP_conventional_hydroelectric_1,421,16825.239681865776
NWPP_conventional_hydroelectric_1,422,12627.674010935518
NWPP_conventional_hydroelectric_1,423,16178.290058670846
NWPP_conventional_hydroelectric_1,424,11866.664418139075
NWPP_conventional_hydroelectric_1,425,11584.713225824484
NWPP_conventional_hydroelectric_1,426,15855.227315434911
NWPP_conventional_hydroelectric_1,427,18748.703505674108
NWPP_conventional_hydroelectric_1,428,20139.157006817208
NWPP_conventional_hydroelectric_1,429,16196.201860844903
NWPP_conventional_hydroelectric_1,430,16033.930685180429
NWPP_conventional_hydroelectric_1,431,16465.17939704769
NWPP_conventional_hydroelectric_1,432,16123.269515926318
NWPP_conventional_hydroelectric_1,433,18179.92844223206
NWPP_conventional_hydroelectric_1,434,13695.74268702966
NWPP_conventional_hydroelectric_1,435,15135.52789499105
NWPP_conventional_hydroelectric_1,436,15888.533334492568
NWPP_conventional_hydroelectric_1,437,16905.09673485488
NWPP_conventional_hydroelectric_1,438,15954.406927484151
NWPP_conventional_hydroelectric_1,439,16271.727387729705
NWPP_conventional_hydroelectric_1,440,15124.548166273944
NWPP_conventional_hydroelectric_1,441,16935.562612648817
NWPP_conventional_hydroelectric_1,442,15704.08710532389
NWPP_conventional_hydroelectric_1,443,15006.511552244918
NWPP_conventional_hydroelectric_1,444,17758.27605659478
NWPP_conventional_hydroelectric_1,445,12909.398779817247
NWPP_conventional_hydroelectric_1,446,16660.875066036715
NWPP_conventional_hydroelectric_1,447,11870.595453139169
NWPP_conventional_hydroelectric_1,448,15168.598283184403
NWPP_conventional_hydroelectric_1,449,14435.132814889077
NWPP_conventional_hydroelectric_1,450,10235.673699012186
NWPP_conventional_hydroelectric_1,451,17808.850538296087
NWPP_conventional_hydroelectric_1,452,15297.806722771647
NWPP_conventional_hydroelectric_1,453,17264.8597562688
NWPP_conventional_hydroelectric_1,454,16761.706747000884
NWPP_conventional_hydroelectric_1,455,15830.707696472344
NWPP_conventional_hydroelectric_1,456,15149.593317524439
NWPP_conventional_hydroelectric_1,457,10951.671250759344
NWPP_conventional_hydroelectric_1,458,12895.819166345878
NWPP_conventional_hydroelectric_1,459,9443.353146103118
NWPP_conventional_hydroelectric_1,460,9607.312226232256
NWPP_conventional_hydroelectric_1,461,7016.336475590469
NWPP_conventional_hydroelectric_1,462,8000.58856203196
NWPP_conventional_hydroelectric_1,463,9532.603377408213
NWPP_conventional_hydroelectric_1,464,10718.256428569824
NWPP_conventional_hydroelectric_1,465,11894.280797816933
NWPP_conventional_hydroelectric_1,466,15770.438832808966
NWPP_conventional_hydroelectric_1,467,12330.727922331578
NWPP_conventional_hydroelectric_1,468,10645.833203155384
NWPP_conventional_hydroelectric_1,469,11169.91753219187
NWPP_conventional_hydroelectric_1,470,11205.492669446881
NWPP_conventional_hydroelectric_1,471,13627.476608608555
NWPP_conventional_hydroelectric_1,472,12912.48475138714
NWPP_conventional_hydroelectric_1,473,8958.049283843124
NWPP_conventional_hydroelectric_1,474,13663.771326585354
NWPP_conventional_hydroelectric_1,475,12637.22503895413
NWPP_conventional_hydroelectric_1,476,13880.527444441112
NWPP_conventional_hydroelectric_1,477,13698.169108332364
NWPP_conventional_hydroelectric_1,478,11372.487427451611
NWPP_conventional_hydroelectric_1,479,13775.460350640558
NWPP_conventional_hydroelectric_1,480,11907.88705115443
NWPP_conventional_hydroelectric_1,481,18332.690085217662
NWPP_conventional_hydroelectric_1,482,16190.042397628225
NWPP_conventional_hydroelectric_1,483,17950.068408451818
NWPP_conventional_hydroelectric_1,484,18480.37178765067
NWPP_conventional_hydroelectric_1,485,17994.872273230452
NWPP_conventional_hydroelectric_1,486,17639.74318608447
NWPP_conventional_hydroelectric_1,487,17744.701733979942
NWPP_conventional_hydroelectric_1,488,16676.09997770762
NWPP_conventional_hydroelectric_1,489,16862.480209837973
NWPP_conventional_hydroelectric_1,490,15648.515241909263
NWPP_conventional_hydroelectric_1,491,14461.794365674523
NWPP_conventional_hydroelectric_1,492,11697.769031054566
NWPP_conventional_hydroelectric_1,493,14271.011018267407
NWPP_conventional_hydroelectric_1,494,13667.254983992918
NWPP_conventional_hydroelectric_1,495,13791.457382613464
NWPP_conventional_hydroelectric_1,496,9621.600249021867
NWPP_conventional_hydroelectric_1,497,14031.56668972727
NWPP_conventional_hydroelectric_1,498,10423.511874193933
NWPP_conventional_hydroelectric_1,499,13101.038230533019
NWPP_conventional_hydroelectric_1,500,17259.221909028216
NWPP_conventional_hydroelectric_1,501,16362.045794314861
NWPP_conventional_hydroelectric_1,502,14848.916803121623
NWPP_conventional_hydroelectric_1,503,15224.127366113133
NWPP_conventional_hydroelectric_1,504,13893.713619206545
NWPP_conventional_hydroelectric_1,505,17897.519810281265
NWPP_conventional_hydroelectric_1,506,19379.863722421273
NWPP_conventional_hydroelectric_1,507,19602.242410123134
NWPP_conventional_hydroelectric_1,508,20373.447775519522
NWPP_conventional_hydroelectric_1,509,24457.76123632447
NWPP_conventional_hydroelectric_1,510,20636.447164944828
NWPP_conventional_hydroelectric_1,511,20748.270761814627
NWPP_conventional_hydroelectric_1,512,20055.589821532405
NWPP_conventional_hydroelectric_1,513,20773.242411984906
NWPP_conventional_hydroelectric_1,514,18413.353669998804
NWPP_conventional_hydroelectric_1,515,22310.227708971917
NWPP_conventional_hydroelectric_1,516,20432.413178579554
NWPP_conventional_hydroelectric_1,517,17756.567155405726
NWPP_conventional_hydroelectric_1,518,17151.058244375585
NWPP_conventional_hydroelectric_1,519,16669.89950197759
NWPP_conventional_hydroelectric_1,520,19344.63233568056
NWPP_conventional_hydroelectric_1,521,17800.605358903274
NWPP_conventional_hydroelectric_1,522,19603.844532979103
NWPP_conventional_hydroelectric_1,523,18794.98257945137
NWPP_conventional_hydroelectric_1,524,22030.893164276913
NWPP_conventional_hydroelectric_1,525,21641.918516262274
NWPP_conventional_hydroelectric_1,526,20686.03882684901
NWPP_conventional_hydroelectric_1,527,19776.333292569907
NWPP_conventional_hydroelectric_1,528,17570.0666279593
NWPP_conventional_hydroelectric_1,529,15141.370447432542
NWPP_conventional_hydroelectric_1,530,14701.39863942941
NWPP_conventional_hydroelectric_1,531,14552.321383975192
NWPP_conventional_hydroelectric_1,532,15566.778443039302
NWPP_conventional_hydroelectric_1,533,15119.748519608367
NWPP_conventional_hydroelectric_1,534,16601.419654167417
NWPP_conventional_hydroelectric_1,535,17866.753979680572
NWPP_conventional_hydroelectric_1,536,19944.644542018963
NWPP_conventional_hydroelectric_1,537,19740.852480800735
NWPP_conventional_hydroelectric_1,538,22303.775656172387
NWPP_conventional_hydroelectric_1,539,18613.502582930218
NWPP_conventional_hydroelectric_1,540,17458.346727057502
NWPP_conventional_hydroelectric_1,541,20217.10053141851
NWPP_conventional_hydroelectric_1,542,20295.525006017342
NWPP_conventional_hydroelectric_1,543,20009.09916635399
NWPP_conventional_hydroelectric_1,544,19829.41133356167
NWPP_conventional_hydroelectric_1,545,19524.23660012069
NWPP_conventional_hydroelectric_1,546,19171.872375970233
NWPP_conventional_hydroelectric_1,547,21563.351199479745
NWPP_conventional_hydroelectric_1,548,23322.950689731275
NWPP_conventional_hydroelectric_1,549,23673.186713204104
NWPP_conventional_hydroelectric_1,550,23778.422250754167
NWPP_conventional_hydroelectric_1,551,22761.19325792585
NWPP_conventional_hydroelectric_1,552,21873.301221898066
NWPP_conventional_hydroelectric_1,553,25816.03607045043
NWPP_conventional_hydroelectric_1,554,19459.500055351953
NWPP_conventional_hydroelectric_1,555,19180.6606777444
NWPP_conventional_hydroelectric_1,556,23852.992988762257
NWPP_conventional_hydroelectric_1,557,24105.40755121533
NWPP_conventional_hydroelectric_1,558,23364.159931581504
NWPP_conventional_hydroelectric_1,559,21725.1810288757
NWPP_conventional_hydroelectric_1,560,23947.157801707395
NWPP_conventional_hydroelectric_1,561,20639.434499746883
NWPP_conventional_hydroelectric_1,562,19033.40071964557
NWPP_conventional_hydroelectric_1,563,20708.566718653674
NWPP_conventional_hydroelectric_1,564,18748.475486433676
NWPP_conventional_hydroelectric_1,565,18688.151837549845
NWPP_conventional_hydroelectric_1,566,19444.12595316636
NWPP_conventional_hydroelectric_1,567,18300.53836483375
NWPP_conventional_hydroelectric_1,568,17095.289826404434
NWPP_conventional_hydroelectric_1,569,17277.888095149334
NWPP_conventional_hydroelectric_1,570,17308.175300073453
NWPP_conventional_hydroelectric_1,571,18009.864010740293
NWPP_conventional_hydroelectric_1,572,22145.62068255861
NWPP_conventional_hydroelectric_1,573,23035.80803614834
NWPP_conventional_hydroelectric_1,574,20923.08562339622
NWPP_conventional_hydroelectric_1,575,20533.24138316002
NWPP_conventional_hydroelectric_1,576,20967.185611144887
NYUP_conventional_hydroelectric_1,1,3611.4017999999996
NYUP_conventional_hydroelectric_1,2,3611.4017999999996
NYUP_conventional_hydroelectric_1,3,3611.4017999999996
NYUP_conventional_hydroelectric_1,4,3611.4017999999996
NYUP_conventional_hydroelectric_1,5,3611.4017999999996
NYUP_conventional_hydroelectric_1,6,3611.4017999999996
NYUP_conventional_hydroelectric_1,7,3611.4017999999996
NYUP_conventional_hydroelectric_1,8,1939.2109205545503
NYUP_conventional_hydroelectric_1,9,1520.3584410066542
NYUP_conventional_hydroelectric_1,10,1531.2618296667758
NYUP_conventional_hydroelectric_1,11,1380.0147640969071
NYUP_conventional_hydroelectric_1,12,1473.5657934172661
NYUP_conventional_hydroelectric_1,13,1303.0833207990568
NYUP_conventional_hydroelectric_1,14,1326.8167982906634
NYUP_conventional_hydroelectric_1,15,1687.9046949089188
NYUP_conventional_hydroelectric_1,16,2303.480112848068
NYUP_conventional_hydroelectric_1,17,2888.6889720545237
NYUP_conventional_hydroelectric_1,18,3509.9109408048607
NYUP_conventional_hydroelectric_1,19,3611.4017999999996
NYUP_conventional_hydroelectric_1,20,3611.4017999999996
NYUP_conventional_hydroelectric_1,21,3611.4017999999996
NYUP_conventional_hydroelectric_1,22,3611.4017999999996
NYUP_conventional_hydroelectric_1,23,3611.4017999999996
NYUP_conventional_hydroelectric_1,24,2833.8100245326928
NYUP_conventional_hydroelectric_1,25,1470.571298491503
NYUP_conventional_hydroelectric_1,26,1472.3147333073211
NYUP_conventional_hydroelectric_1,27,1473.9033460263922
NYUP_conventional_hydroelectric_1,28,1475.4626090637016
NYUP_conventional_hydroelectric_1,29,1477.2889254536967
NYUP_conventional_hydroelectric_1,30,320.3542057314397
NYUP_conventional_hydroelectric_1,31,1480.664325351454
NYUP_conventional_hydroelectric_1,32,3611.4017999999996
NYUP_conventional_hydroelectric_1,33,3611.4017999999996
NYUP_conventional_hydroelectric_1,34,3611.4017999999996
NYUP_conventional_hydroelectric_1,35,3611.4017999999996
NYUP_conventional_hydroelectric_1,36,3611.4017999999996
NYUP_conventional_hydroelectric_1,37,3611.4017999999996
NYUP_conventional_hydroelectric_1,38,3611.4017999999996
NYUP_conventional_hydroelectric_1,39,1488.8650294752672
NYUP_conventional_hydroelectric_1,40,2040.6434656757037
NYUP_conventional_hydroelectric_1,41,2654.4495360303013
NYUP_conventional_hydroelectric_1,42,2878.8352542602865
NYUP_conventional_hydroelectric_1,43,3407.952636849327
NYUP_conventional_hydroelectric_1,44,3359.8851015132423
NYUP_conventional_hydroelectric_1,45,2709.349952131642
NYUP_conventional_hydroelectric_1,46,2655.022208388461
NYUP_conventional_hydroelectric_1,47,1342.374863566577
NYUP_conventional_hydroelectric_1,48,711.2945136344487
NYUP_conventional_hydroelectric_1,49,3611.4017999999996
NYUP_conventional_hydroelectric_1,50,3611.4017999999996
NYUP_conventional_hydroelectric_1,51,3611.4017999999996
NYUP_conventional_hydroelectric_1,52,3611.4017999999996
NYUP_conventional_hydroelectric_1,53,3611.4017999999996
NYUP_conventional_hydroelectric_1,54,3611.4017999999996
NYUP_conventional_hydroelectric_1,55,3611.4017999999996
NYUP_conventional_hydroelectric_1,56,1725.0394345938012
NYUP_conventional_hydroelectric_1,57,1725.2324493529409
NYUP_conventional_hydroelectric_1,58,924.580401132424
NYUP_conventional_hydroelectric_1,59,1725.3567872554727
NYUP_conventional_hydroelectric_1,60,1725.6776056195708
NYUP_conventional_hydroelectric_1,61,1725.8422653380048
NYUP_conventional_hydroelectric_1,62,1608.5054538813515
NYUP_conventional_hydroelectric_1,63,3611.4017999999996
NYUP_conventional_hydroelectric_1,64,1487.3696210793264
NYUP_conventional_hydroelectric_1,65,816.7108400053414
NYUP_conventional_hydroelectric_1,66,1805.7801702136612
NYUP_conventional_hydroelectric_1,67,2194.931632057269
NYUP_conventional_hydroelectric_1,68,2683.356245072989
NYUP_conventional_hydroelectric_1,69,2513.4511416478745
NYUP_conventional_hydroelectric_1,70,1872.5622909254791
NYUP_conventional_hydroelectric_1,71,1708.4297612831417
NYUP_conventional_hydroelectric_1,72,3611.4017999999996
NYUP_conventional_hydroelectric_1,73,1755.3106901459787
NYUP_conventional_hydroelectric_1,74,1755.3106901459787
NYUP_conventional_hydroelectric_1,75,3611.4017999999996
NYUP_conventional_hydroelectric_1,76,3611.4017999999996
NYUP_conventional_hydroelectric_1,77,3611.4017999999996
NYUP_conventional_hydroelectric_1,78,3611.4017999999996
NYUP_conventional_hydroelectric_1,79,1755.3106901459787
NYUP_conventional_hydroelectric_1,80,3611.4017999999996
NYUP_conventional_hydroelectric_1,81,3611.4017999999996
NYUP_conventional_hydroelectric_1,82,3611.4017999999996
NYUP_conventional_hydroelectric_1,83,3611.4017999999996
NYUP_conventional_hydroelectric_1,84,3611.4017999999996
NYUP_conventional_hydroelectric_1,85,3611.4017999999996
NYUP_conventional_hydroelectric_1,86,3611.4017999999996
NYUP_conventional_hydroelectric_1,87,1589.176037686621
NYUP_conventional_hydroelectric_1,88,3611.4017999999996
NYUP_conventional_hydroelectric_1,89,1668.6725533688505
NYUP_conventional_hydroelectric_1,90,1773.2552168281898
NYUP_conventional_hydroelectric_1,91,2044.9595875796758
NYUP_conventional_hydroelectric_1,92,2397.6474113052964
NYUP_conventional_hydroelectric_1,93,2401.612243323751
NYUP_conventional_hydroelectric_1,94,2004.7132686401098
NYUP_conventional_hydroelectric_1,95,1514.130648644437
NYUP_conventional_hydroelectric_1,96,1755.3106901459787
NYUP_conventional_hydroelectric_1,97,3611.4017999999996
NYUP_conventional_hydroelectric_1,98,3611.4017999999996
NYUP_conventional_hydroelectric_1,99,3611.4017999999996
NYUP_conventional_hydroelectric_1,100,3611.4017999999996
NYUP_conventional_hydroelectric_1,101,3611.4017999999996
NYUP_conventional_hydroelectric_1,102,3611.4017999999996
NYUP_conventional_hydroelectric_1,103,3611.4017999999996
NYUP_conventional_hydroelectric_1,104,1775.9464692648594
NYUP_conventional_hydroelectric_1,105,1776.0592755476578
NYUP_conventional_hydroelectric_1,106,1776.0956265699715
NYUP_conventional_hydroelectric_1,107,1776.1319775922852
NYUP_conventional_hydroelectric_1,108,1776.2447838750845
NYUP_conventional_hydroelectric_1,109,1776.327665449261
NYUP_conventional_hydroelectric_1,110,1776.4484677136675
NYUP_conventional_hydroelectric_1,111,2704.530373662991
NYUP_conventional_hydroelectric_1,112,1242.8090638357332
NYUP_conventional_hydroelectric_1,113,1466.428332819793
NYUP_conventional_hydroelectric_1,114,1435.941702367167
NYUP_conventional_hydroelectric_1,115,1570.5328123141264
NYUP_conventional_hydroelectric_1,116,1471.7750291005818
NYUP_conventional_hydroelectric_1,117,1432.7984207718853
NYUP_conventional_hydroelectric_1,118,1171.667732216769
NYUP_conventional_hydroelectric_1,119,3611.4017999999996
NYUP_conventional_hydroelectric_1,120,3611.4017999999996
NYUP_conventional_hydroelectric_1,121,1799.9401488154317
NYUP_conventional_hydroelectric_1,122,1800.05295509823
NYUP_conventional_hydroelectric_1,123,0.0
NYUP_conventional_hydroelectric_1,124,1157.330031408314
NYUP_conventional_hydroelectric_1,125,2121.0595272625496
NYUP_conventional_hydroelectric_1,126,2038.066991953022
NYUP_conventional_hydroelectric_1,127,1800.2531576931196
NYUP_conventional_hydroelectric_1,128,3611.4017999999996
NYUP_conventional_hydroelectric_1,129,3611.4017999999996
NYUP_conventional_hydroelectric_1,130,3611.4017999999996
NYUP_conventional_hydroelectric_1,131,3611.4017999999996
NYUP_conventional_hydroelectric_1,132,3611.4017999999996
NYUP_conventional_hydroelectric_1,133,3611.4017999999996
NYUP_conventional_hydroelectric_1,134,3611.4017999999996
NYUP_conventional_hydroelectric_1,135,3611.4017999999996
NYUP_conventional_hydroelectric_1,136,2707.6992845235636
NYUP_conventional_hydroelectric_1,137,3611.4017999999996
NYUP_conventional_hydroelectric_1,138,1423.8477751797404
NYUP_conventional_hydroelectric_1,139,746.1232296718513
NYUP_conventional_hydroelectric_1,140,765.9815297096221
NYUP_conventional_hydroelectric_1,141,863.8207034465289
NYUP_conventional_hydroelectric_1,142,1390.2264179684885
NYUP_conventional_hydroelectric_1,143,1801.3945626983846
NYUP_conventional_hydroelectric_1,144,1801.507368981183
NYUP_conventional_hydroelectric_1,145,3611.4017999999996
NYUP_conventional_hydroelectric_1,146,3611.4017999999996
NYUP_conventional_hydroelectric_1,147,3382.470165038609
NYUP_conventional_hydroelectric_1,148,2389.431602228282
NYUP_conventional_hydroelectric_1,149,2579.8298631225557
NYUP_conventional_hydroelectric_1,150,2978.339943576958
NYUP_conventional_hydroelectric_1,151,3611.4017999999996
NYUP_conventional_hydroelectric_1,152,1517.4407121291442
NYUP_conventional_hydroelectric_1,153,1516.461829918172
NYUP_conventional_hydroelectric_1,154,1515.193965627499
NYUP_conventional_hydroelectric_1,155,1513.9897428230934
NYUP_conventional_hydroelectric_1,156,1512.9392231442475
NYUP_conventional_hydroelectric_1,157,1511.7429963214486
NYUP_conventional_hydroelectric_1,158,1510.6459460907395
NYUP_conventional_hydroelectric_1,159,1509.4497192679405
NYUP_conventional_hydroelectric_1,160,3611.4017999999996
NYUP_conventional_hydroelectric_1,161,1414.822541012141
NYUP_conventional_hydroelectric_1,162,2409.624810177841
NYUP_conventional_hydroelectric_1,163,2291.041155008114
NYUP_conventional_hydroelectric_1,164,1930.3697614773223
NYUP_conventional_hydroelectric_1,165,2279.145880904908
NYUP_conventional_hydroelectric_1,166,2405.1313171745524
NYUP_conventional_hydroelectric_1,167,2403.931912162757
NYUP_conventional_hydroelectric_1,168,3611.4017999999996
NYUP_conventional_hydroelectric_1,169,1102.8914545718544
NYUP_conventional_hydroelectric_1,170,1135.8643026438158
NYUP_conventional_hydroelectric_1,171,2237.857780011011
NYUP_conventional_hydroelectric_1,172,2031.3179246349919
NYUP_conventional_hydroelectric_1,173,1777.4034700755292
NYUP_conventional_hydroelectric_1,174,0.0
NYUP_conventional_hydroelectric_1,175,1095.902881169718
NYUP_conventional_hydroelectric_1,176,3611.4017999999996
NYUP_conventional_hydroelectric_1,177,3611.4017999999996
NYUP_conventional_hydroelectric_1,178,2284.8935892734653
NYUP_conventional_hydroelectric_1,179,2284.8935892734653
NYUP_conventional_hydroelectric_1,180,2284.8935892734653
NYUP_conventional_hydroelectric_1,181,2284.8935892734653
NYUP_conventional_hydroelectric_1,182,2284.8935892734653
NYUP_conventional_hydroelectric_1,183,2284.8935892734653
NYUP_conventional_hydroelectric_1,184,1085.3633459529515
NYUP_conventional_hydroelectric_1,185,2156.5515238765165
NYUP_conventional_hydroelectric_1,186,2284.8935892734653
NYUP_conventional_hydroelectric_1,187,2284.8935892734653
NYUP_conventional_hydroelectric_1,188,1882.1156981777212
NYUP_conventional_hydroelectric_1,189,1639.3306860195871
NYUP_conventional_hydroelectric_1,190,2284.8935892734653
NYUP_conventional_hydroelectric_1,191,2284.8935892734653
NYUP_conventional_hydroelectric_1,192,1076.187370375253
NYUP_conventional_hydroelectric_1,193,2187.1023145965346
NYUP_conventional_hydroelectric_1,194,3295.617235532284
NYUP_conventional_hydroelectric_1,195,1427.3360366754089
NYUP_conventional_hydroelectric_1,196,1263.8974053316451
NYUP_conventional_hydroelectric_1,197,362.3785901338615
NYUP_conventional_hydroelectric_1,198,1587.126417041934
NYUP_conventional_hydroelectric_1,199,3611.4017999999996
NYUP_conventional_hydroelectric_1,200,860.5941038700007
NYUP_conventional_hydroelectric_1,201,860.5941038700007
NYUP_conventional_hydroelectric_1,202,2187.1023145965346
NYUP_conventional_hydroelectric_1,203,2187.1023145965346
NYUP_conventional_hydroelectric_1,204,2187.1023145965346
NYUP_conventional_hydroelectric_1,205,2187.1023145965346
NYUP_conventional_hydroelectric_1,206,2187.1023145965346
NYUP_conventional_hydroelectric_1,207,2187.1023145965346
NYUP_conventional_hydroelectric_1,208,2187.1023145965346
NYUP_conventional_hydroelectric_1,209,2187.1023145965346
NYUP_conventional_hydroelectric_1,210,2187.1023145965346
NYUP_conventional_hydroelectric_1,211,2187.1023145965346
NYUP_conventional_hydroelectric_1,212,2187.1023145965346
NYUP_conventional_hydroelectric_1,213,2187.1023145965346
NYUP_conventional_hydroelectric_1,214,2187.1023145965346
NYUP_conventional_hydroelectric_1,215,2187.1023145965346
NYUP_conventional_hydroelectric_1,216,2187.1023145965346
NYUP_conventional_hydroelectric_1,217,3611.4017999999996
NYUP_conventional_hydroelectric_1,218,993.5589413886509
NYUP_conventional_hydroelectric_1,219,1931.268291899979
NYUP_conventional_hydroelectric_1,220,2135.6644524273343
NYUP_conventional_hydroelectric_1,221,3611.4017999999996
NYUP_conventional_hydroelectric_1,222,2905.3736800657034
NYUP_conventional_hydroelectric_1,223,710.3106941291667
NYUP_conventional_hydroelectric_1,224,3611.4017999999996
NYUP_conventional_hydroelectric_1,225,3611.4017999999996
NYUP_conventional_hydroelectric_1,226,2939.8590796162625
NYUP_conventional_hydroelectric_1,227,3455.8696453362663
NYUP_conventional_hydroelectric_1,228,3371.5614892451413
NYUP_conventional_hydroelectric_1,229,3611.4017999999996
NYUP_conventional_hydroelectric_1,230,3611.4017999999996
NYUP_conventional_hydroelectric_1,231,3611.4017999999996
NYUP_conventional_hydroelectric_1,232,3181.2873229490733
NYUP_conventional_hydroelectric_1,233,3050.0532662274695
NYUP_conventional_hydroelectric_1,234,3275.7320298309983
NYUP_conventional_hydroelectric_1,235,3048.6998824533725
NYUP_conventional_hydroelectric_1,236,3182.8488139691904
NYUP_conventional_hydroelectric_1,237,3006.9752373777105
NYUP_conventional_hydroelectric_1,238,3611.4017999999996
NYUP_conventional_hydroelectric_1,239,2496.0788643583437
NYUP_conventional_hydroelectric_1,240,2343.563929382913
NYUP_conventional_hydroelectric_1,241,585.1488946661252
NYUP_conventional_hydroelectric_1,242,2059.7586922725995
NYUP_conventional_hydroelectric_1,243,2059.7586922725995
NYUP_conventional_hydroelectric_1,244,2573.730231127601
NYUP_conventional_hydroelectric_1,245,583.7479038867232
NYUP_conventional_hydroelectric_1,246,1289.4640484375511
NYUP_conventional_hydroelectric_1,247,2059.7586922725995
NYUP_conventional_hydroelectric_1,248,582.6968091810163
NYUP_conventional_hydroelectric_1,249,582.3768378159411
NYUP_conventional_hydroelectric_1,250,1253.5712317938978
NYUP_conventional_hydroelectric_1,251,737.098235689562
NYUP_conventional_hydroelectric_1,252,821.0944163972199
NYUP_conventional_hydroelectric_1,253,580.9443138068359
NYUP_conventional_hydroelectric_1,254,580.6275206307578
NYUP_conventional_hydroelectric_1,255,580.3155452472902
NYUP_conventional_hydroelectric_1,256,1009.9312408915713
NYUP_conventional_hydroelectric_1,257,1140.8533222297078
NYUP_conventional_hydroelectric_1,258,914.8545872611044
NYUP_conventional_hydroelectric_1,259,1141.5849387848125
NYUP_conventional_hydroelectric_1,260,1006.9222285401888
NYUP_conventional_hydroelectric_1,261,1182.5303603000643
NYUP_conventional_hydroelectric_1,262,577.7838263126996
NYUP_conventional_hydroelectric_1,263,1692.7584355485753
NYUP_conventional_hydroelectric_1,264,1844.9999297107934
NYUP_conventional_hydroelectric_1,265,1994.3061511405604
NYUP_conventional_hydroelectric_1,266,1994.112646831526
NYUP_conventional_hydroelectric_1,267,1993.6916183811172
NYUP_conventional_hydroelectric_1,268,1479.2910550940992
NYUP_conventional_hydroelectric_1,269,1992.8880960505549
NYUP_conventional_hydroelectric_1,270,1992.4590716185385
NYUP_conventional_hydroelectric_1,271,3611.4017999999996
NYUP_conventional_hydroelectric_1,272,1991.5277456830163
NYUP_conventional_hydroelectric_1,273,1991.1452518028627
NYUP_conventional_hydroelectric_1,274,2492.019922899148
NYUP_conventional_hydroelectric_1,275,2705.218290270007
NYUP_conventional_hydroelectric_1,276,2024.4009782434068
NYUP_conventional_hydroelectric_1,277,2266.301722044548
NYUP_conventional_hydroelectric_1,278,2664.5328021404425
NYUP_conventional_hydroelectric_1,279,3120.8639929836786
NYUP_conventional_hydroelectric_1,280,2062.6921760864707
NYUP_conventional_hydroelectric_1,281,2229.0862250649457
NYUP_conventional_hydroelectric_1,282,2570.740601750062
NYUP_conventional_hydroelectric_1,283,2478.645682778371
NYUP_conventional_hydroelectric_1,284,2376.971950660358
NYUP_conventional_hydroelectric_1,285,3040.592768045779
NYUP_conventional_hydroelectric_1,286,2627.1652644588626
NYUP_conventional_hydroelectric_1,287,2941.3480957686997
NYUP_conventional_hydroelectric_1,288,2973.8656864217287
NYUP_conventional_hydroelectric_1,289,3611.4017999999996
NYUP_conventional_hydroelectric_1,290,3611.4017999999996
NYUP_conventional_hydroelectric_1,291,3611.4017999999996
NYUP_conventional_hydroelectric_1,292,3611.4017999999996
NYUP_conventional_hydroelectric_1,293,3611.4017999999996
NYUP_conventional_hydroelectric_1,294,3611.4017999999996
NYUP_conventional_hydroelectric_1,295,368.65583728914703
NYUP_conventional_hydroelectric_1,296,3611.4017999999996
NYUP_conventional_hydroelectric_1,297,2117.07090173549
NYUP_conventional_hydroelectric_1,298,2404.3587781862298
NYUP_conventional_hydroelectric_1,299,2746.7279091411006
NYUP_conventional_hydroelectric_1,300,3055.9110155379453
NYUP_conventional_hydroelectric_1,301,2835.529881548155
NYUP_conventional_hydroelectric_1,302,2150.3336265736225
NYUP_conventional_hydroelectric_1,303,2537.607629515033
NYUP_conventional_hydroelectric_1,304,2727.7696396095753
NYUP_conventional_hydroelectric_1,305,3284.0586043540675
NYUP_conventional_hydroelectric_1,306,1834.5909211624803
NYUP_conventional_hydroelectric_1,307,1585.647955292657
NYUP_conventional_hydroelectric_1,308,3218.1483682514563
NYUP_conventional_hydroelectric_1,309,2268.9609781654017
NYUP_conventional_hydroelectric_1,310,2103.1581146031526
NYUP_conventional_hydroelectric_1,311,2097.200661803816
NYUP_conventional_hydroelectric_1,312,2583.1885821059536
NYUP_conventional_hydroelectric_1,313,2180.858264408049
NYUP_conventional_hydroelectric_1,314,1722.7885967726727
NYUP_conventional_hydroelectric_1,315,668.8462539454739
NYUP_conventional_hydroelectric_1,316,202.29638424703262
NYUP_conventional_hydroelectric_1,317,202.21992898654798
NYUP_conventional_hydroelectric_1,318,349.56298779955284
NYUP_conventional_hydroelectric_1,319,3611.4017999999996
NYUP_conventional_hydroelectric_1,320,2006.2604497993889
NYUP_conventional_hydroelectric_1,321,3611.4017999999996
NYUP_conventional_hydroelectric_1,322,3611.4017999999996
NYUP_conventional_hydroelectric_1,323,2966.633135166506
NYUP_conventional_hydroelectric_1,324,3324.2616147171593
NYUP_conventional_hydroelectric_1,325,3302.3595110256556
NYUP_conventional_hydroelectric_1,326,3611.4017999999996
NYUP_conventional_hydroelectric_1,327,3227.1681732841002
NYUP_conventional_hydroelectric_1,328,3611.4017999999996
NYUP_conventional_hydroelectric_1,329,2887.9069649101657
NYUP_conventional_hydroelectric_1,330,3611.4017999999996
NYUP_conventional_hydroelectric_1,331,3611.4017999999996
NYUP_conventional_hydroelectric_1,332,2081.5540730933285
NYUP_conventional_hydroelectric_1,333,3088.669887295793
NYUP_conventional_hydroelectric_1,334,2402.2871473276873
NYUP_conventional_hydroelectric_1,335,3358.385044063606
NYUP_conventional_hydroelectric_1,336,3031.6459778940907
NYUP_conventional_hydroelectric_1,337,1558.2300339672438
NYUP_conventional_hydroelectric_1,338,890.0516840150531
NYUP_conventional_hydroelectric_1,339,1408.4526691338888
NYUP_conventional_hydroelectric_1,340,3611.4017999999996
NYUP_conventional_hydroelectric_1,341,3611.4017999999996
NYUP_conventional_hydroelectric_1,342,3611.4017999999996
NYUP_conventional_hydroelectric_1,343,87.94304424196253
NYUP_conventional_hydroelectric_1,344,1599.4710997484199
NYUP_conventional_hydroelectric_1,345,2337.0689439762473
NYUP_conventional_hydroelectric_1,346,2879.6302891674736
NYUP_conventional_hydroelectric_1,347,3436.3702918226713
NYUP_conventional_hydroelectric_1,348,3611.4017999999996
NYUP_conventional_hydroelectric_1,349,3611.4017999999996
NYUP_conventional_hydroelectric_1,350,3588.4091188129887
NYUP_conventional_hydroelectric_1,351,3128.5855340084577
NYUP_conventional_hydroelectric_1,352,3611.4017999999996
NYUP_conventional_hydroelectric_1,353,3611.4017999999996
NYUP_conventional_hydroelectric_1,354,2847.290075144865
NYUP_conventional_hydroelectric_1,355,3043.79390166778
NYUP_conventional_hydroelectric_1,356,3611.4017999999996
NYUP_conventional_hydroelectric_1,357,3611.4017999999996
NYUP_conventional_hydroelectric_1,358,3611.4017999999996
NYUP_conventional_hydroelectric_1,359,3611.4017999999996
NYUP_conventional_hydroelectric_1,360,3418.874882191956
NYUP_conventional_hydroelectric_1,361,171.63445547841502
NYUP_conventional_hydroelectric_1,362,1297.515971149045
NYUP_conventional_hydroelectric_1,363,3611.4017999999996
NYUP_conventional_hydroelectric_1,364,93.57143229395024
NYUP_conventional_hydroelectric_1,365,93.21292635861982
NYUP_conventional_hydroelectric_1,366,0.0
NYUP_conventional_hydroelectric_1,367,3010.895918444399
NYUP_conventional_hydroelectric_1,368,300.9440487054944
NYUP_conventional_hydroelectric_1,369,163.78030330538513
NYUP_conventional_hydroelectric_1,370,657.5976467023577
NYUP_conventional_hydroelectric_1,371,416.4704881663285
NYUP_conventional_hydroelectric_1,372,84.74122038174687
NYUP_conventional_hydroelectric_1,373,294.27014878170326
NYUP_conventional_hydroelectric_1,374,26.141249460128392
NYUP_conventional_hydroelectric_1,375,576.6778096203714
NYUP_conventional_hydroelectric_1,376,662.4758944195775
NYUP_conventional_hydroelectric_1,377,590.1265623936165
NYUP_conventional_hydroelectric_1,378,1235.4738473975324
NYUP_conventional_hydroelectric_1,379,1716.3136740691132
NYUP_conventional_hydroelectric_1,380,1378.2858232766037
NYUP_conventional_hydroelectric_1,381,1195.6029103067387
NYUP_conventional_hydroelectric_1,382,1288.753493431355
NYUP_conventional_hydroelectric_1,383,786.8244589388527
NYUP_conventional_hydroelectric_1,384,1235.893845018816
NYUP_conventional_hydroelectric_1,385,3611.4017999999996
NYUP_conventional_hydroelectric_1,386,3611.4017999999996
NYUP_conventional_hydroelectric_1,387,1297.7918084050664
NYUP_conventional_hydroelectric_1,388,3611.4017999999996
NYUP_conventional_hydroelectric_1,389,3611.4017999999996
NYUP_conventional_hydroelectric_1,390,3611.4017999999996
NYUP_conventional_hydroelectric_1,391,1980.4751821948516
NYUP_conventional_hydroelectric_1,392,3611.4017999999996
NYUP_conventional_hydroelectric_1,393,3611.4017999999996
NYUP_conventional_hydroelectric_1,394,3611.4017999999996
NYUP_conventional_hydroelectric_1,395,3383.863147449265
NYUP_conventional_hydroelectric_1,396,3553.3936715887526
NYUP_conventional_hydroelectric_1,397,3343.6292230658137
NYUP_conventional_hydroelectric_1,398,3611.4017999999996
NYUP_conventional_hydroelectric_1,399,3060.676250268637
NYUP_conventional_hydroelectric_1,400,2974.612720637827
NYUP_conventional_hydroelectric_1,401,3046.493195965764
NYUP_conventional_hydroelectric_1,402,3548.7522258439567
NYUP_conventional_hydroelectric_1,403,3211.363829555565
NYUP_conventional_hydroelectric_1,404,2980.1852444106885
NYUP_conventional_hydroelectric_1,405,2440.0823128455904
NYUP_conventional_hydroelectric_1,406,3611.4017999999996
NYUP_conventional_hydroelectric_1,407,2848.387089722841
NYUP_conventional_hydroelectric_1,408,2398.893193948776
NYUP_conventional_hydroelectric_1,409,0.0
NYUP_conventional_hydroelectric_1,410,0.0
NYUP_conventional_hydroelectric_1,411,534.6584475008126
NYUP_conventional_hydroelectric_1,412,1.7452609146307623
NYUP_conventional_hydroelectric_1,413,1.7452609146307623
NYUP_conventional_hydroelectric_1,414,1542.7696234147265
NYUP_conventional_hydroelectric_1,415,451.19652398587914
NYUP_conventional_hydroelectric_1,416,0.0
NYUP_conventional_hydroelectric_1,417,0.0
NYUP_conventional_hydroelectric_1,418,0.0
NYUP_conventional_hydroelectric_1,419,0.0
NYUP_conventional_hydroelectric_1,420,846.1146921694465
NYUP_conventional_hydroelectric_1,421,774.1185084935568
NYUP_conventional_hydroelectric_1,422,757.3292968206675
NYUP_conventional_hydroelectric_1,423,1190.7649574223897
NYUP_conventional_hydroelectric_1,424,1309.5420403469075
NYUP_conventional_hydroelectric_1,425,664.3982111589731
NYUP_conventional_hydroelectric_1,426,1070.0763223783435
NYUP_conventional_hydroelectric_1,427,0.0
NYUP_conventional_hydroelectric_1,428,0.0
NYUP_conventional_hydroelectric_1,429,50.49553444320041
NYUP_conventional_hydroelectric_1,430,239.4028471171867
NYUP_conventional_hydroelectric_1,431,462.01884275476914
NYUP_conventional_hydroelectric_1,432,0.0
NYUP_conventional_hydroelectric_1,433,1726.1290638697628
NYUP_conventional_hydroelectric_1,434,1725.853439508609
NYUP_conventional_hydroelectric_1,435,3359.6255063619265
NYUP_conventional_hydroelectric_1,436,2938.989323118158
NYUP_conventional_hydroelectric_1,437,3191.9678275269875
NYUP_conventional_hydroelectric_1,438,128.84646444200143
NYUP_conventional_hydroelectric_1,439,3611.4017999999996
NYUP_conventional_hydroelectric_1,440,1724.16208347679
NYUP_conventional_hydroelectric_1,441,1011.8196743364034
NYUP_conventional_hydroelectric_1,442,1323.1818090574639
NYUP_conventional_hydroelectric_1,443,1352.4406934015676
NYUP_conventional_hydroelectric_1,444,1541.042585050758
NYUP_conventional_hydroelectric_1,445,1621.0434355079753
NYUP_conventional_hydroelectric_1,446,1760.1470142655512
NYUP_conventional_hydroelectric_1,447,2334.468368244782
NYUP_conventional_hydroelectric_1,448,2215.415660959111
NYUP_conventional_hydroelectric_1,449,1892.8661875757955
NYUP_conventional_hydroelectric_1,450,1095.6245417663993
NYUP_conventional_hydroelectric_1,451,689.7651069334725
NYUP_conventional_hydroelectric_1,452,886.9990049922988
NYUP_conventional_hydroelectric_1,453,1502.65846059652
NYUP_conventional_hydroelectric_1,454,1786.4161003749632
NYUP_conventional_hydroelectric_1,455,1558.5071369160978
NYUP_conventional_hydroelectric_1,456,0.0
NYUP_conventional_hydroelectric_1,457,3611.4017999999996
NYUP_conventional_hydroelectric_1,458,2896.6493630985988
NYUP_conventional_hydroelectric_1,459,69.28766537274169
NYUP_conventional_hydroelectric_1,460,489.64822425535704
NYUP_conventional_hydroelectric_1,461,236.4769770595517
NYUP_conventional_hydroelectric_1,462,3001.780688568318
NYUP_conventional_hydroelectric_1,463,0.0
NYUP_conventional_hydroelectric_1,464,3611.4017999999996
NYUP_conventional_hydroelectric_1,465,1783.277568486421
NYUP_conventional_hydroelectric_1,466,624.5699473741146
NYUP_conventional_hydroelectric_1,467,1183.1910835518393
NYUP_conventional_hydroelectric_1,468,891.8266223701376
NYUP_conventional_hydroelectric_1,469,991.5730547380952
NYUP_conventional_hydroelectric_1,470,789.3081677466997
NYUP_conventional_hydroelectric_1,471,819.591125950022
NYUP_conventional_hydroelectric_1,472,1081.0415917398204
NYUP_conventional_hydroelectric_1,473,1577.4802890665298
NYUP_conventional_hydroelectric_1,474,276.7543570261834
NYUP_conventional_hydroelectric_1,475,197.6621609687852
NYUP_conventional_hydroelectric_1,476,0.0
NYUP_conventional_hydroelectric_1,477,59.74752073292744
NYUP_conventional_hydroelectric_1,478,0.0
NYUP_conventional_hydroelectric_1,479,183.22322305979125
NYUP_conventional_hydroelectric_1,480,886.0494569218213
NYUP_conventional_hydroelectric_1,481,876.0055696996578
NYUP_conventional_hydroelectric_1,482,1590.338314699568
NYUP_conventional_hydroelectric_1,483,3611.4017999999996
NYUP_conventional_hydroelectric_1,484,3611.4017999999996
NYUP_conventional_hydroelectric_1,485,3611.4017999999996
NYUP_conventional_hydroelectric_1,486,1483.8335686571945
NYUP_conventional_hydroelectric_1,487,3611.4017999999996
NYUP_conventional_hydroelectric_1,488,818.7403548356308
NYUP_conventional_hydroelectric_1,489,3611.4017999999996
NYUP_conventional_hydroelectric_1,490,3611.4017999999996
NYUP_conventional_hydroelectric_1,491,988.0630976884976
NYUP_conventional_hydroelectric_1,492,933.4367262112797
NYUP_conventional_hydroelectric_1,493,949.8403319271039
NYUP_conventional_hydroelectric_1,494,1215.9516069467568
NYUP_conventional_hydroelectric_1,495,1527.0304549200875
NYUP_conventional_hydroelectric_1,496,1938.5948861348393
NYUP_conventional_hydroelectric_1,497,2273.050721999999
NYUP_conventional_hydroelectric_1,498,2247.350672675336
NYUP_conventional_hydroelectric_1,499,2192.790884368903
NYUP_conventional_hydroelectric_1,500,2192.790884368903
NYUP_conventional_hydroelectric_1,501,1974.209371583644
NYUP_conventional_hydroelectric_1,502,2535.5181541278384
NYUP_conventional_hydroelectric_1,503,2200.2098052020874
NYUP_conventional_hydroelectric_1,504,3611.4017999999996
NYUP_conventional_hydroelectric_1,505,3611.4017999999996
NYUP_conventional_hydroelectric_1,506,3611.4017999999996
NYUP_conventional_hydroelectric_1,507,1383.8157605877477
NYUP_conventional_hydroelectric_1,508,1385.0654493672623
NYUP_conventional_hydroelectric_1,509,1386.0451785772589
NYUP_conventional_hydroelectric_1,510,3611.4017999999996
NYUP_conventional_hydroelectric_1,511,822.0279927839579
NYUP_conventional_hydroelectric_1,512,1605.8607423983221
NYUP_conventional_hydroelectric_1,513,904.5904788278066
NYUP_conventional_hydroelectric_1,514,543.1741673821242
NYUP_conventional_hydroelectric_1,515,3611.4017999999996
NYUP_conventional_hydroelectric_1,516,1063.006873886221
NYUP_conventional_hydroelectric_1,517,940.6035765385495
NYUP_conventional_hydroelectric_1,518,696.328352342477
NYUP_conventional_hydroelectric_1,519,1063.621469752697
NYUP_conventional_hydroelectric_1,520,1555.7368862175729
NYUP_conventional_hydroelectric_1,521,2211.0567567806193
NYUP_conventional_hydroelectric_1,522,2797.8181570786323
NYUP_conventional_hydroelectric_1,523,3078.1308961359014
NYUP_conventional_hydroelectric_1,524,3382.933656855368
NYUP_conventional_hydroelectric_1,525,3265.810654849851
NYUP_conventional_hydroelectric_1,526,2863.4614713622923
NYUP_conventional_hydroelectric_1,527,2505.3936248997297
NYUP_conventional_hydroelectric_1,528,1934.006519666617
NYUP_conventional_hydroelectric_1,529,0.0
NYUP_conventional_hydroelectric_1,530,0.0
NYUP_conventional_hydroelectric_1,531,3611.4017999999996
NYUP_conventional_hydroelectric_1,532,3611.4017999999996
NYUP_conventional_hydroelectric_1,533,3611.4017999999996
NYUP_conventional_hydroelectric_1,534,0.0
NYUP_conventional_hydroelectric_1,535,3611.4017999999996
NYUP_conventional_hydroelectric_1,536,3611.4017999999996
NYUP_conventional_hydroelectric_1,537,3611.4017999999996
NYUP_conventional_hydroelectric_1,538,3611.4017999999996
NYUP_conventional_hydroelectric_1,539,1906.4652976651523
NYUP_conventional_hydroelectric_1,540,3611.4017999999996
NYUP_conventional_hydroelectric_1,541,3611.4017999999996
NYUP_conventional_hydroelectric_1,542,3611.4017999999996
NYUP_conventional_hydroelectric_1,543,2401.666486319053
NYUP_conventional_hydroelectric_1,544,1252.7431369664466
NYUP_conventional_hydroelectric_1,545,2123.790373807599
NYUP_conventional_hydroelectric_1,546,1793.3306681550703
NYUP_conventional_hydroelectric_1,547,2176.1871273060606
NYUP_conventional_hydroelectric_1,548,1922.4415442743216
NYUP_conventional_hydroelectric_1,549,2198.8860820319733
NYUP_conventional_hydroelectric_1,550,2166.9172527818555
NYUP_conventional_hydroelectric_1,551,2066.924773481228
NYUP_conventional_hydroelectric_1,552,2303.810922529644
NYUP_conventional_hydroelectric_1,553,2208.892320265532
NYUP_conventional_hydroelectric_1,554,2210.4790913445254
NYUP_conventional_hydroelectric_1,555,0.0
NYUP_conventional_hydroelectric_1,556,0.0
NYUP_conventional_hydroelectric_1,557,0.0
NYUP_conventional_hydroelectric_1,558,3611.4017999999996
NYUP_conventional_hydroelectric_1,559,382.9776019033514
NYUP_conventional_hydroelectric_1,560,1169.8731430879245
NYUP_conventional_hydroelectric_1,561,1328.205591407185
NYUP_conventional_hydroelectric_1,562,1503.928605739219
NYUP_conventional_hydroelectric_1,563,1529.354131754658
NYUP_conventional_hydroelectric_1,564,1592.8626600958007
NYUP_conventional_hydroelectric_1,565,1763.8929079313443
NYUP_conventional_hydroelectric_1,566,1917.930447039224
NYUP_conventional_hydroelectric_1,567,2266.616124474936
NYUP_conventional_hydroelectric_1,568,2649.9295724189724
NYUP_conventional_hydroelectric_1,569,2674.2335189064697
NYUP_conventional_hydroelectric_1,570,3292.7686138551067
NYUP_conventional_hydroelectric_1,571,3611.4017999999996
NYUP_conventional_hydroelectric_1,572,3611.4017999999996
NYUP_conventional_hydroelectric_1,573,3597.6558644533293
NYUP_conventional_hydroelectric_1,574,3114.6737121613446
NYUP_conventional_hydroelectric_1,575,2849.4866263732893
NYUP_conventional_hydroelectric_1,576,2357.70746801342
PJMC_conventional_hydroelectric_1,1,0.8160000000000001
PJMC_conventional_hydroelectric_1,2,0.8160000000000001
PJMC_conventional_hydroelectric_1,3,0.8160000000000001
PJMC_conventional_hydroelectric_1,4,0.8160000000000001
PJMC_conventional_hydroelectric_1,5,0.8160000000000001
PJMC_conventional_hydroelectric_1,6,0.8160000000000001
PJMC_conventional_hydroelectric_1,7,0.8160000000000001
PJMC_conventional_hydroelectric_1,8,0.8160000000000001
PJMC_conventional_hydroelectric_1,9,0.8160000000000001
PJMC_conventional_hydroelectric_1,10,0.8160000000000001
PJMC_conventional_hydroelectric_1,11,0.8160000000000001
PJMC_conventional_hydroelectric_1,12,0.8160000000000001
PJMC_conventional_hydroelectric_1,13,0.8160000000000001
PJMC_conventional_hydroelectric_1,14,0.8160000000000001
PJMC_conventional_hydroelectric_1,15,0.8160000000000001
PJMC_conventional_hydroelectric_1,16,0.8160000000000001
PJMC_conventional_hydroelectric_1,17,0.8160000000000001
PJMC_conventional_hydroelectric_1,18,0.8160000000000001
PJMC_conventional_hydroelectric_1,19,0.8160000000000001
PJMC_conventional_hydroelectric_1,20,0.8160000000000001
PJMC_conventional_hydroelectric_1,21,0.8160000000000001
PJMC_conventional_hydroelectric_1,22,0.8160000000000001
PJMC_conventional_hydroelectric_1,23,0.8160000000000001
PJMC_conventional_hydroelectric_1,24,0.8160000000000001
PJMC_conventional_hydroelectric_1,25,3.374109612
PJMC_conventional_hydroelectric_1,26,3.3798226319999998
PJMC_conventional_hydroelectric_1,27,3.3843930479999997
PJMC_conventional_hydroelectric_1,28,3.3889634639999997
PJMC_conventional_hydroelectric_1,29,3.3935338799999997
PJMC_conventional_hydroelectric_1,30,3.3992468999999996
PJMC_conventional_hydroelectric_1,31,3.4038173159999996
PJMC_conventional_hydroelectric_1,32,3.4083877320000013
PJMC_conventional_hydroelectric_1,33,3.4141007519999995
PJMC_conventional_hydroelectric_1,34,3.4186711679999995
PJMC_conventional_hydroelectric_1,35,3.4232415839999994
PJMC_conventional_hydroelectric_1,36,3.4278119999999994
PJMC_conventional_hydroelectric_1,37,3.433525020000001
PJMC_conventional_hydroelectric_1,38,3.438095436000001
PJMC_conventional_hydroelectric_1,39,3.442665852000001
PJMC_conventional_hydroelectric_1,40,3.447236268000001
PJMC_conventional_hydroelectric_1,41,3.4529492879999992
PJMC_conventional_hydroelectric_1,42,3.457519703999999
PJMC_conventional_hydroelectric_1,43,3.462090119999999
PJMC_conventional_hydroelectric_1,44,3.467803140000001
PJMC_conventional_hydroelectric_1,45,3.472373556000001
PJMC_conventional_hydroelectric_1,46,3.476943972000001
PJMC_conventional_hydroelectric_1,47,3.481514388000001
PJMC_conventional_hydroelectric_1,48,3.4872274080000008
PJMC_conventional_hydroelectric_1,49,4.425305292000001
PJMC_conventional_hydroelectric_1,50,4.425305292000001
PJMC_conventional_hydroelectric_1,51,4.425305292000001
PJMC_conventional_hydroelectric_1,52,4.425305292000001
PJMC_conventional_hydroelectric_1,53,4.425305292000001
PJMC_conventional_hydroelectric_1,54,4.425305292000001
PJMC_conventional_hydroelectric_1,55,4.425305292000001
PJMC_conventional_hydroelectric_1,56,4.425305292000001
PJMC_conventional_hydroelectric_1,57,4.425305292000001
PJMC_conventional_hydroelectric_1,58,4.425305292000001
PJMC_conventional_hydroelectric_1,59,4.425305292000001
PJMC_conventional_hydroelectric_1,60,4.425305292000001
PJMC_conventional_hydroelectric_1,61,4.425305292000001
PJMC_conventional_hydroelectric_1,62,4.425305292000001
PJMC_conventional_hydroelectric_1,63,4.425305292000001
PJMC_conventional_hydroelectric_1,64,4.425305292000001
PJMC_conventional_hydroelectric_1,65,4.425305292000001
PJMC_conventional_hydroelectric_1,66,4.425305292000001
PJMC_conventional_hydroelectric_1,67,4.425305292000001
PJMC_conventional_hydroelectric_1,68,4.425305292000001
PJMC_conventional_hydroelectric_1,69,4.425305292000001
PJMC_conventional_hydroelectric_1,70,4.425305292000001
PJMC_conventional_hydroelectric_1,71,4.425305292000001
PJMC_conventional_hydroelectric_1,72,4.425305292000001
PJMC_conventional_hydroelectric_1,73,4.425305292000001
PJMC_conventional_hydroelectric_1,74,4.425305292000001
PJMC_conventional_hydroelectric_1,75,4.425305292000001
PJMC_conventional_hydroelectric_1,76,4.425305292000001
PJMC_conventional_hydroelectric_1,77,4.425305292000001
PJMC_conventional_hydroelectric_1,78,4.425305292000001
PJMC_conventional_hydroelectric_1,79,4.425305292000001
PJMC_conventional_hydroelectric_1,80,4.425305292000001
PJMC_conventional_hydroelectric_1,81,4.425305292000001
PJMC_conventional_hydroelectric_1,82,4.425305292000001
PJMC_conventional_hydroelectric_1,83,4.425305292000001
PJMC_conventional_hydroelectric_1,84,4.425305292000001
PJMC_conventional_hydroelectric_1,85,4.425305292000001
PJMC_conventional_hydroelectric_1,86,4.425305292000001
PJMC_conventional_hydroelectric_1,87,4.425305292000001
PJMC_conventional_hydroelectric_1,88,4.425305292000001
PJMC_conventional_hydroelectric_1,89,4.425305292000001
PJMC_conventional_hydroelectric_1,90,4.425305292000001
PJMC_conventional_hydroelectric_1,91,4.425305292000001
PJMC_conventional_hydroelectric_1,92,4.425305292000001
PJMC_conventional_hydroelectric_1,93,4.425305292000001
PJMC_conventional_hydroelectric_1,94,4.425305292000001
PJMC_conventional_hydroelectric_1,95,4.425305292000001
PJMC_conventional_hydroelectric_1,96,4.425305292000001
PJMC_conventional_hydroelectric_1,97,3.447236268000001
PJMC_conventional_hydroelectric_1,98,3.4438084559999993
PJMC_conventional_hydroelectric_1,99,3.440380644000001
PJMC_conventional_hydroelectric_1,100,3.438095436000001
PJMC_conventional_hydroelectric_1,101,3.4346676239999994
PJMC_conventional_hydroelectric_1,102,3.431239812000001
PJMC_conventional_hydroelectric_1,103,3.4278119999999994
PJMC_conventional_hydroelectric_1,104,3.424384188000001
PJMC_conventional_hydroelectric_1,105,3.4209563759999995
PJMC_conventional_hydroelectric_1,106,3.4175285639999995
PJMC_conventional_hydroelectric_1,107,3.4152433559999995
PJMC_conventional_hydroelectric_1,108,3.4118155439999995
PJMC_conventional_hydroelectric_1,109,3.4083877320000013
PJMC_conventional_hydroelectric_1,110,3.4049599199999996
PJMC_conventional_hydroelectric_1,111,3.4015321080000014
PJMC_conventional_hydroelectric_1,112,3.3981042959999996
PJMC_conventional_hydroelectric_1,113,3.3958190879999997
PJMC_conventional_hydroelectric_1,114,3.3923912759999997
PJMC_conventional_hydroelectric_1,115,3.3889634639999997
PJMC_conventional_hydroelectric_1,116,3.3855356519999997
PJMC_conventional_hydroelectric_1,117,3.3821078399999998
PJMC_conventional_hydroelectric_1,118,3.3786800280000016
PJMC_conventional_hydroelectric_1,119,3.37639482
PJMC_conventional_hydroelectric_1,120,3.372967008
PJMC_conventional_hydroelectric_1,121,3.255278795999999
PJMC_conventional_hydroelectric_1,122,3.255278795999999
PJMC_conventional_hydroelectric_1,123,3.255278795999999
PJMC_conventional_hydroelectric_1,124,3.255278795999999
PJMC_conventional_hydroelectric_1,125,3.255278795999999
PJMC_conventional_hydroelectric_1,126,3.255278795999999
PJMC_conventional_hydroelectric_1,127,3.255278795999999
PJMC_conventional_hydroelectric_1,128,3.255278795999999
PJMC_conventional_hydroelectric_1,129,3.255278795999999
PJMC_conventional_hydroelectric_1,130,3.255278795999999
PJMC_conventional_hydroelectric_1,131,3.255278795999999
PJMC_conventional_hydroelectric_1,132,3.255278795999999
PJMC_conventional_hydroelectric_1,133,3.255278795999999
PJMC_conventional_hydroelectric_1,134,3.255278795999999
PJMC_conventional_hydroelectric_1,135,3.255278795999999
PJMC_conventional_hydroelectric_1,136,3.255278795999999
PJMC_conventional_hydroelectric_1,137,3.255278795999999
PJMC_conventional_hydroelectric_1,138,3.255278795999999
PJMC_conventional_hydroelectric_1,139,3.255278795999999
PJMC_conventional_hydroelectric_1,140,3.255278795999999
PJMC_conventional_hydroelectric_1,141,3.255278795999999
PJMC_conventional_hydroelectric_1,142,3.255278795999999
PJMC_conventional_hydroelectric_1,143,3.255278795999999
PJMC_conventional_hydroelectric_1,144,3.255278795999999
PJMC_conventional_hydroelectric_1,145,4.680105984000001
PJMC_conventional_hydroelectric_1,146,4.686961608000001
PJMC_conventional_hydroelectric_1,147,4.692674627999999
PJMC_conventional_hydroelectric_1,148,4.698387648000001
PJMC_conventional_hydroelectric_1,149,4.704100668000002
PJMC_conventional_hydroelectric_1,150,4.7098136880000006
PJMC_conventional_hydroelectric_1,151,4.7166693120000005
PJMC_conventional_hydroelectric_1,152,4.722382331999999
PJMC_conventional_hydroelectric_1,153,4.728095352
PJMC_conventional_hydroelectric_1,154,4.733808371999999
PJMC_conventional_hydroelectric_1,155,4.739521392
PJMC_conventional_hydroelectric_1,156,4.7452344119999985
PJMC_conventional_hydroelectric_1,157,4.7520900359999985
PJMC_conventional_hydroelectric_1,158,4.757803056
PJMC_conventional_hydroelectric_1,159,4.763516076000002
PJMC_conventional_hydroelectric_1,160,4.769229096
PJMC_conventional_hydroelectric_1,161,4.774942115999998
PJMC_conventional_hydroelectric_1,162,4.780655136
PJMC_conventional_hydroelectric_1,163,4.78751076
PJMC_conventional_hydroelectric_1,164,4.793223779999998
PJMC_conventional_hydroelectric_1,165,4.7989368
PJMC_conventional_hydroelectric_1,166,4.804649820000002
PJMC_conventional_hydroelectric_1,167,4.81036284
PJMC_conventional_hydroelectric_1,168,4.816075859999998
PJMC_conventional_hydroelectric_1,169,5.419370772000001
PJMC_conventional_hydroelectric_1,170,5.419370772000001
PJMC_conventional_hydroelectric_1,171,5.419370772000001
PJMC_conventional_hydroelectric_1,172,5.419370772000001
PJMC_conventional_hydroelectric_1,173,5.419370772000001
PJMC_conventional_hydroelectric_1,174,5.419370772000001
PJMC_conventional_hydroelectric_1,175,5.419370772000001
PJMC_conventional_hydroelectric_1,176,5.419370772000001
PJMC_conventional_hydroelectric_1,177,5.419370772000001
PJMC_conventional_hydroelectric_1,178,5.419370772000001
PJMC_conventional_hydroelectric_1,179,5.419370772000001
PJMC_conventional_hydroelectric_1,180,5.419370772000001
PJMC_conventional_hydroelectric_1,181,5.419370772000001
PJMC_conventional_hydroelectric_1,182,5.419370772000001
PJMC_conventional_hydroelectric_1,183,5.419370772000001
PJMC_conventional_hydroelectric_1,184,5.419370772000001
PJMC_conventional_hydroelectric_1,185,5.419370772000001
PJMC_conventional_hydroelectric_1,186,5.419370772000001
PJMC_conventional_hydroelectric_1,187,5.419370772000001
PJMC_conventional_hydroelectric_1,188,5.419370772000001
PJMC_conventional_hydroelectric_1,189,5.419370772000001
PJMC_conventional_hydroelectric_1,190,5.419370772000001
PJMC_conventional_hydroelectric_1,191,5.419370772000001
PJMC_conventional_hydroelectric_1,192,5.419370772000001
PJMC_conventional_hydroelectric_1,193,3.8791405800000014
PJMC_conventional_hydroelectric_1,194,3.8791405800000014
PJMC_conventional_hydroelectric_1,195,3.8791405800000014
PJMC_conventional_hydroelectric_1,196,3.8791405800000014
PJMC_conventional_hydroelectric_1,197,3.8791405800000014
PJMC_conventional_hydroelectric_1,198,3.8791405800000014
PJMC_conventional_hydroelectric_1,199,3.8791405800000014
PJMC_conventional_hydroelectric_1,200,3.8791405800000014
PJMC_conventional_hydroelectric_1,201,3.8791405800000014
PJMC_conventional_hydroelectric_1,202,3.8791405800000014
PJMC_conventional_hydroelectric_1,203,3.8791405800000014
PJMC_conventional_hydroelectric_1,204,3.8791405800000014
PJMC_conventional_hydroelectric_1,205,3.8791405800000014
PJMC_conventional_hydroelectric_1,206,3.8791405800000014
PJMC_conventional_hydroelectric_1,207,3.8791405800000014
PJMC_conventional_hydroelectric_1,208,3.8791405800000014
PJMC_conventional_hydroelectric_1,209,3.8791405800000014
PJMC_conventional_hydroelectric_1,210,3.8791405800000014
PJMC_conventional_hydroelectric_1,211,3.8791405800000014
PJMC_conventional_hydroelectric_1,212,3.8791405800000014
PJMC_conventional_hydroelectric_1,213,3.8791405800000014
PJMC_conventional_hydroelectric_1,214,3.8791405800000014
PJMC_conventional_hydroelectric_1,215,3.8791405800000014
PJMC_conventional_hydroelectric_1,216,3.8791405800000014
PJMC_conventional_hydroelectric_1,217,4.149937728000001
PJMC_conventional_hydroelectric_1,218,4.152222936000001
PJMC_conventional_hydroelectric_1,219,4.154508143999999
PJMC_conventional_hydroelectric_1,220,4.155650747999999
PJMC_conventional_hydroelectric_1,221,4.157935955999999
PJMC_conventional_hydroelectric_1,222,4.159078560000001
PJMC_conventional_hydroelectric_1,223,4.161363768000001
PJMC_conventional_hydroelectric_1,224,4.163648976000001
PJMC_conventional_hydroelectric_1,225,4.164791579999999
PJMC_conventional_hydroelectric_1,226,4.167076787999999
PJMC_conventional_hydroelectric_1,227,4.169361995999999
PJMC_conventional_hydroelectric_1,228,4.170504600000001
PJMC_conventional_hydroelectric_1,229,4.172789808000001
PJMC_conventional_hydroelectric_1,230,4.175075016000001
PJMC_conventional_hydroelectric_1,231,4.176217619999999
PJMC_conventional_hydroelectric_1,232,4.178502827999999
PJMC_conventional_hydroelectric_1,233,4.179645432000001
PJMC_conventional_hydroelectric_1,234,4.181930640000001
PJMC_conventional_hydroelectric_1,235,4.184215848000001
PJMC_conventional_hydroelectric_1,236,4.185358451999999
PJMC_conventional_hydroelectric_1,237,4.187643659999999
PJMC_conventional_hydroelectric_1,238,4.189928867999999
PJMC_conventional_hydroelectric_1,239,4.191071472000001
PJMC_conventional_hydroelectric_1,240,4.193356680000001
PJMC_conventional_hydroelectric_1,241,4.563560376
PJMC_conventional_hydroelectric_1,242,4.563560376
PJMC_conventional_hydroelectric_1,243,4.563560376
PJMC_conventional_hydroelectric_1,244,4.563560376
PJMC_conventional_hydroelectric_1,245,4.563560376
PJMC_conventional_hydroelectric_1,246,4.563560376
PJMC_conventional_hydroelectric_1,247,4.563560376
PJMC_conventional_hydroelectric_1,248,4.563560376
PJMC_conventional_hydroelectric_1,249,4.563560376
PJMC_conventional_hydroelectric_1,250,4.563560376
PJMC_conventional_hydroelectric_1,251,4.563560376
PJMC_conventional_hydroelectric_1,252,4.563560376
PJMC_conventional_hydroelectric_1,253,4.563560376
PJMC_conventional_hydroelectric_1,254,4.563560376
PJMC_conventional_hydroelectric_1,255,4.563560376
PJMC_conventional_hydroelectric_1,256,4.563560376
PJMC_conventional_hydroelectric_1,257,4.563560376
PJMC_conventional_hydroelectric_1,258,4.563560376
PJMC_conventional_hydroelectric_1,259,4.563560376
PJMC_conventional_hydroelectric_1,260,4.563560376
PJMC_conventional_hydroelectric_1,261,4.563560376
PJMC_conventional_hydroelectric_1,262,4.563560376
PJMC_conventional_hydroelectric_1,263,4.563560376
PJMC_conventional_hydroelectric_1,264,4.563560376
PJMC_conventional_hydroelectric_1,265,4.57612902
PJMC_conventional_hydroelectric_1,266,4.5772716240000015
PJMC_conventional_hydroelectric_1,267,4.5772716240000015
PJMC_conventional_hydroelectric_1,268,4.5772716240000015
PJMC_conventional_hydroelectric_1,269,4.5772716240000015
PJMC_conventional_hydroelectric_1,270,4.5772716240000015
PJMC_conventional_hydroelectric_1,271,4.5772716240000015
PJMC_conventional_hydroelectric_1,272,4.5772716240000015
PJMC_conventional_hydroelectric_1,273,4.5772716240000015
PJMC_conventional_hydroelectric_1,274,4.5772716240000015
PJMC_conventional_hydroelectric_1,275,4.5772716240000015
PJMC_conventional_hydroelectric_1,276,4.5772716240000015
PJMC_conventional_hydroelectric_1,277,4.5772716240000015
PJMC_conventional_hydroelectric_1,278,4.5772716240000015
PJMC_conventional_hydroelectric_1,279,4.5772716240000015
PJMC_conventional_hydroelectric_1,280,4.578414228
PJMC_conventional_hydroelectric_1,281,4.578414228
PJMC_conventional_hydroelectric_1,282,4.578414228
PJMC_conventional_hydroelectric_1,283,4.578414228
PJMC_conventional_hydroelectric_1,284,4.578414228
PJMC_conventional_hydroelectric_1,285,4.578414228
PJMC_conventional_hydroelectric_1,286,4.578414228
PJMC_conventional_hydroelectric_1,287,4.578414228
PJMC_conventional_hydroelectric_1,288,4.578414228
PJMC_conventional_hydroelectric_1,289,4.593268080000001
PJMC_conventional_hydroelectric_1,290,4.593268080000001
PJMC_conventional_hydroelectric_1,291,4.593268080000001
PJMC_conventional_hydroelectric_1,292,4.593268080000001
PJMC_conventional_hydroelectric_1,293,4.593268080000001
PJMC_conventional_hydroelectric_1,294,4.593268080000001
PJMC_conventional_hydroelectric_1,295,4.593268080000001
PJMC_conventional_hydroelectric_1,296,4.593268080000001
PJMC_conventional_hydroelectric_1,297,4.593268080000001
PJMC_conventional_hydroelectric_1,298,4.593268080000001
PJMC_conventional_hydroelectric_1,299,4.593268080000001
PJMC_conventional_hydroelectric_1,300,4.593268080000001
PJMC_conventional_hydroelectric_1,301,4.593268080000001
PJMC_conventional_hydroelectric_1,302,4.593268080000001
PJMC_conventional_hydroelectric_1,303,4.593268080000001
PJMC_conventional_hydroelectric_1,304,4.593268080000001
PJMC_conventional_hydroelectric_1,305,4.593268080000001
PJMC_conventional_hydroelectric_1,306,4.593268080000001
PJMC_conventional_hydroelectric_1,307,4.593268080000001
PJMC_conventional_hydroelectric_1,308,4.593268080000001
PJMC_conventional_hydroelectric_1,309,4.593268080000001
PJMC_conventional_hydroelectric_1,310,4.593268080000001
PJMC_conventional_hydroelectric_1,311,4.593268080000001
PJMC_conventional_hydroelectric_1,312,4.593268080000001
PJMC_conventional_hydroelectric_1,313,4.196784492000001
PJMC_conventional_hydroelectric_1,314,4.191071472000001
PJMC_conventional_hydroelectric_1,315,4.185358451999999
PJMC_conventional_hydroelectric_1,316,4.180788035999999
PJMC_conventional_hydroelectric_1,317,4.175075016000001
PJMC_conventional_hydroelectric_1,318,4.169361995999999
PJMC_conventional_hydroelectric_1,319,4.163648976000001
PJMC_conventional_hydroelectric_1,320,4.159078560000001
PJMC_conventional_hydroelectric_1,321,4.153365539999999
PJMC_conventional_hydroelectric_1,322,4.147652519999999
PJMC_conventional_hydroelectric_1,323,4.141939499999999
PJMC_conventional_hydroelectric_1,324,4.1373690839999995
PJMC_conventional_hydroelectric_1,325,4.1316560639999995
PJMC_conventional_hydroelectric_1,326,4.125943044
PJMC_conventional_hydroelectric_1,327,4.120230024
PJMC_conventional_hydroelectric_1,328,4.115659608
PJMC_conventional_hydroelectric_1,329,4.109946588
PJMC_conventional_hydroelectric_1,330,4.1042335680000015
PJMC_conventional_hydroelectric_1,331,4.098520548
PJMC_conventional_hydroelectric_1,332,4.093950132
PJMC_conventional_hydroelectric_1,333,4.088237112
PJMC_conventional_hydroelectric_1,334,4.082524092
PJMC_conventional_hydroelectric_1,335,4.076811072000002
PJMC_conventional_hydroelectric_1,336,4.072240656
PJMC_conventional_hydroelectric_1,337,3.2838438960000005
PJMC_conventional_hydroelectric_1,338,3.2781308760000005
PJMC_conventional_hydroelectric_1,339,3.2724178560000006
PJMC_conventional_hydroelectric_1,340,3.266704835999999
PJMC_conventional_hydroelectric_1,341,3.262134419999999
PJMC_conventional_hydroelectric_1,342,3.256421399999999
PJMC_conventional_hydroelectric_1,343,3.250708379999999
PJMC_conventional_hydroelectric_1,344,3.2449953600000008
PJMC_conventional_hydroelectric_1,345,3.240424944000001
PJMC_conventional_hydroelectric_1,346,3.234711924000001
PJMC_conventional_hydroelectric_1,347,3.228998904000001
PJMC_conventional_hydroelectric_1,348,3.223285883999999
PJMC_conventional_hydroelectric_1,349,3.218715468000001
PJMC_conventional_hydroelectric_1,350,3.213002448000001
PJMC_conventional_hydroelectric_1,351,3.2072894279999993
PJMC_conventional_hydroelectric_1,352,3.201576408000001
PJMC_conventional_hydroelectric_1,353,3.1958633879999994
PJMC_conventional_hydroelectric_1,354,3.1912929719999994
PJMC_conventional_hydroelectric_1,355,3.185579952000001
PJMC_conventional_hydroelectric_1,356,3.1798669319999995
PJMC_conventional_hydroelectric_1,357,3.1741539119999995
PJMC_conventional_hydroelectric_1,358,3.1695834959999996
PJMC_conventional_hydroelectric_1,359,3.1638704759999996
PJMC_conventional_hydroelectric_1,360,3.1581574559999996
PJMC_conventional_hydroelectric_1,361,2.7239679359999993
PJMC_conventional_hydroelectric_1,362,2.7251105399999993
PJMC_conventional_hydroelectric_1,363,2.7251105399999993
PJMC_conventional_hydroelectric_1,364,2.726253144000001
PJMC_conventional_hydroelectric_1,365,2.7273957479999993
PJMC_conventional_hydroelectric_1,366,2.728538352000001
PJMC_conventional_hydroelectric_1,367,2.728538352000001
PJMC_conventional_hydroelectric_1,368,2.7296809559999993
PJMC_conventional_hydroelectric_1,369,2.730823560000001
PJMC_conventional_hydroelectric_1,370,2.7319661639999993
PJMC_conventional_hydroelectric_1,371,2.733108768000001
PJMC_conventional_hydroelectric_1,372,2.733108768000001
PJMC_conventional_hydroelectric_1,373,2.7342513719999992
PJMC_conventional_hydroelectric_1,374,2.735393976000001
PJMC_conventional_hydroelectric_1,375,2.736536579999999
PJMC_conventional_hydroelectric_1,376,2.737679184000001
PJMC_conventional_hydroelectric_1,377,2.737679184000001
PJMC_conventional_hydroelectric_1,378,2.738821787999999
PJMC_conventional_hydroelectric_1,379,2.739964392000001
PJMC_conventional_hydroelectric_1,380,2.741106995999999
PJMC_conventional_hydroelectric_1,381,2.742249600000001
PJMC_conventional_hydroelectric_1,382,2.742249600000001
PJMC_conventional_hydroelectric_1,383,2.743392203999999
PJMC_conventional_hydroelectric_1,384,2.744534808000001
PJMC_conventional_hydroelectric_1,385,2.853082188
PJMC_conventional_hydroelectric_1,386,2.854224792
PJMC_conventional_hydroelectric_1,387,2.855367396
PJMC_conventional_hydroelectric_1,388,2.85651
PJMC_conventional_hydroelectric_1,389,2.857652604
PJMC_conventional_hydroelectric_1,390,2.857652604
PJMC_conventional_hydroelectric_1,391,2.858795208
PJMC_conventional_hydroelectric_1,392,2.859937812
PJMC_conventional_hydroelectric_1,393,2.861080416
PJMC_conventional_hydroelectric_1,394,2.86222302
PJMC_conventional_hydroelectric_1,395,2.86222302
PJMC_conventional_hydroelectric_1,396,2.863365624
PJMC_conventional_hydroelectric_1,397,2.864508228
PJMC_conventional_hydroelectric_1,398,2.865650832
PJMC_conventional_hydroelectric_1,399,2.865650832
PJMC_conventional_hydroelectric_1,400,2.866793436
PJMC_conventional_hydroelectric_1,401,2.86793604
PJMC_conventional_hydroelectric_1,402,2.869078644
PJMC_conventional_hydroelectric_1,403,2.870221248
PJMC_conventional_hydroelectric_1,404,2.870221248
PJMC_conventional_hydroelectric_1,405,2.871363852
PJMC_conventional_hydroelectric_1,406,2.872506456
PJMC_conventional_hydroelectric_1,407,2.87364906
PJMC_conventional_hydroelectric_1,408,2.874791664
PJMC_conventional_hydroelectric_1,409,2.9010715560000016
PJMC_conventional_hydroelectric_1,410,2.9010715560000016
PJMC_conventional_hydroelectric_1,411,2.9010715560000016
PJMC_conventional_hydroelectric_1,412,2.9010715560000016
PJMC_conventional_hydroelectric_1,413,2.9010715560000016
PJMC_conventional_hydroelectric_1,414,2.9010715560000016
PJMC_conventional_hydroelectric_1,415,2.9010715560000016
PJMC_conventional_hydroelectric_1,416,2.9010715560000016
PJMC_conventional_hydroelectric_1,417,2.9010715560000016
PJMC_conventional_hydroelectric_1,418,2.9010715560000016
PJMC_conventional_hydroelectric_1,419,2.9010715560000016
PJMC_conventional_hydroelectric_1,420,2.9010715560000016
PJMC_conventional_hydroelectric_1,421,2.9010715560000016
PJMC_conventional_hydroelectric_1,422,2.9010715560000016
PJMC_conventional_hydroelectric_1,423,2.9010715560000016
PJMC_conventional_hydroelectric_1,424,2.9010715560000016
PJMC_conventional_hydroelectric_1,425,2.9010715560000016
PJMC_conventional_hydroelectric_1,426,2.9010715560000016
PJMC_conventional_hydroelectric_1,427,2.9010715560000016
PJMC_conventional_hydroelectric_1,428,2.9010715560000016
PJMC_conventional_hydroelectric_1,429,2.9010715560000016
PJMC_conventional_hydroelectric_1,430,2.9010715560000016
PJMC_conventional_hydroelectric_1,431,2.9010715560000016
PJMC_conventional_hydroelectric_1,432,2.9010715560000016
PJMC_conventional_hydroelectric_1,433,3.1501592279999997
PJMC_conventional_hydroelectric_1,434,3.1501592279999997
PJMC_conventional_hydroelectric_1,435,3.1513018319999997
PJMC_conventional_hydroelectric_1,436,3.1524444359999997
PJMC_conventional_hydroelectric_1,437,3.1535870400000015
PJMC_conventional_hydroelectric_1,438,3.1535870400000015
PJMC_conventional_hydroelectric_1,439,3.1547296439999997
PJMC_conventional_hydroelectric_1,440,3.1558722479999997
PJMC_conventional_hydroelectric_1,441,3.1570148519999996
PJMC_conventional_hydroelectric_1,442,3.1570148519999996
PJMC_conventional_hydroelectric_1,443,3.1581574559999996
PJMC_conventional_hydroelectric_1,444,3.1593000599999996
PJMC_conventional_hydroelectric_1,445,3.1604426639999996
PJMC_conventional_hydroelectric_1,446,3.1604426639999996
PJMC_conventional_hydroelectric_1,447,3.1615852679999996
PJMC_conventional_hydroelectric_1,448,3.1627278719999996
PJMC_conventional_hydroelectric_1,449,3.1638704759999996
PJMC_conventional_hydroelectric_1,450,3.1650130799999996
PJMC_conventional_hydroelectric_1,451,3.1650130799999996
PJMC_conventional_hydroelectric_1,452,3.1661556839999996
PJMC_conventional_hydroelectric_1,453,3.1672982879999996
PJMC_conventional_hydroelectric_1,454,3.1684408919999996
PJMC_conventional_hydroelectric_1,455,3.1684408919999996
PJMC_conventional_hydroelectric_1,456,3.1695834959999996
PJMC_conventional_hydroelectric_1,457,3.222143279999999
PJMC_conventional_hydroelectric_1,458,3.222143279999999
PJMC_conventional_hydroelectric_1,459,3.222143279999999
PJMC_conventional_hydroelectric_1,460,3.222143279999999
PJMC_conventional_hydroelectric_1,461,3.222143279999999
PJMC_conventional_hydroelectric_1,462,3.222143279999999
PJMC_conventional_hydroelectric_1,463,3.222143279999999
PJMC_conventional_hydroelectric_1,464,3.222143279999999
PJMC_conventional_hydroelectric_1,465,3.222143279999999
PJMC_conventional_hydroelectric_1,466,3.222143279999999
PJMC_conventional_hydroelectric_1,467,3.222143279999999
PJMC_conventional_hydroelectric_1,468,3.222143279999999
PJMC_conventional_hydroelectric_1,469,3.222143279999999
PJMC_conventional_hydroelectric_1,470,3.222143279999999
PJMC_conventional_hydroelectric_1,471,3.222143279999999
PJMC_conventional_hydroelectric_1,472,3.222143279999999
PJMC_conventional_hydroelectric_1,473,3.222143279999999
PJMC_conventional_hydroelectric_1,474,3.222143279999999
PJMC_conventional_hydroelectric_1,475,3.222143279999999
PJMC_conventional_hydroelectric_1,476,3.222143279999999
PJMC_conventional_hydroelectric_1,477,3.222143279999999
PJMC_conventional_hydroelectric_1,478,3.222143279999999
PJMC_conventional_hydroelectric_1,479,3.222143279999999
PJMC_conventional_hydroelectric_1,480,3.222143279999999
PJMC_conventional_hydroelectric_1,481,4.06195722
PJMC_conventional_hydroelectric_1,482,4.06195722
PJMC_conventional_hydroelectric_1,483,4.06195722
PJMC_conventional_hydroelectric_1,484,4.06195722
PJMC_conventional_hydroelectric_1,485,4.06195722
PJMC_conventional_hydroelectric_1,486,4.06195722
PJMC_conventional_hydroelectric_1,487,4.06195722
PJMC_conventional_hydroelectric_1,488,4.06195722
PJMC_conventional_hydroelectric_1,489,4.06195722
PJMC_conventional_hydroelectric_1,490,4.06195722
PJMC_conventional_hydroelectric_1,491,4.06195722
PJMC_conventional_hydroelectric_1,492,4.06195722
PJMC_conventional_hydroelectric_1,493,4.06195722
PJMC_conventional_hydroelectric_1,494,4.06195722
PJMC_conventional_hydroelectric_1,495,4.06195722
PJMC_conventional_hydroelectric_1,496,4.06195722
PJMC_conventional_hydroelectric_1,497,4.06195722
PJMC_conventional_hydroelectric_1,498,4.06195722
PJMC_conventional_hydroelectric_1,499,4.06195722
PJMC_conventional_hydroelectric_1,500,4.06195722
PJMC_conventional_hydroelectric_1,501,4.06195722
PJMC_conventional_hydroelectric_1,502,4.06195722
PJMC_conventional_hydroelectric_1,503,4.06195722
PJMC_conventional_hydroelectric_1,504,4.06195722
PJMC_conventional_hydroelectric_1,505,3.6437641559999996
PJMC_conventional_hydroelectric_1,506,3.6414789479999996
PJMC_conventional_hydroelectric_1,507,3.6380511359999996
PJMC_conventional_hydroelectric_1,508,3.6346233239999997
PJMC_conventional_hydroelectric_1,509,3.6323381159999997
PJMC_conventional_hydroelectric_1,510,3.6289103039999997
PJMC_conventional_hydroelectric_1,511,3.6254824919999997
PJMC_conventional_hydroelectric_1,512,3.6231972839999997
PJMC_conventional_hydroelectric_1,513,3.6197694719999998
PJMC_conventional_hydroelectric_1,514,3.617484264
PJMC_conventional_hydroelectric_1,515,3.614056452
PJMC_conventional_hydroelectric_1,516,3.61062864
PJMC_conventional_hydroelectric_1,517,3.608343432
PJMC_conventional_hydroelectric_1,518,3.60491562
PJMC_conventional_hydroelectric_1,519,3.601487808
PJMC_conventional_hydroelectric_1,520,3.5992026
PJMC_conventional_hydroelectric_1,521,3.595774788
PJMC_conventional_hydroelectric_1,522,3.59348958
PJMC_conventional_hydroelectric_1,523,3.590061768
PJMC_conventional_hydroelectric_1,524,3.586633956
PJMC_conventional_hydroelectric_1,525,3.584348748
PJMC_conventional_hydroelectric_1,526,3.580920936
PJMC_conventional_hydroelectric_1,527,3.577493124
PJMC_conventional_hydroelectric_1,528,3.575207916
PJMC_conventional_hydroelectric_1,529,6.985519367999998
PJMC_conventional_hydroelectric_1,530,6.983234159999999
PJMC_conventional_hydroelectric_1,531,6.980948951999998
PJMC_conventional_hydroelectric_1,532,6.979806347999999
PJMC_conventional_hydroelectric_1,533,6.978663743999999
PJMC_conventional_hydroelectric_1,534,6.9763785359999995
PJMC_conventional_hydroelectric_1,535,6.9752359319999995
PJMC_conventional_hydroelectric_1,536,6.9740933279999995
PJMC_conventional_hydroelectric_1,537,6.9718081199999995
PJMC_conventional_hydroelectric_1,538,6.9706655159999995
PJMC_conventional_hydroelectric_1,539,6.9695229119999995
PJMC_conventional_hydroelectric_1,540,6.967237703999997
PJMC_conventional_hydroelectric_1,541,6.964952495999999
PJMC_conventional_hydroelectric_1,542,6.963809891999997
PJMC_conventional_hydroelectric_1,543,6.962667287999998
PJMC_conventional_hydroelectric_1,544,6.96038208
PJMC_conventional_hydroelectric_1,545,6.959239475999998
PJMC_conventional_hydroelectric_1,546,6.958096871999998
PJMC_conventional_hydroelectric_1,547,6.955811664
PJMC_conventional_hydroelectric_1,548,6.954669059999998
PJMC_conventional_hydroelectric_1,549,6.953526455999998
PJMC_conventional_hydroelectric_1,550,6.951241248
PJMC_conventional_hydroelectric_1,551,6.94895604
PJMC_conventional_hydroelectric_1,552,6.94895604
PJMC_conventional_hydroelectric_1,553,0.8160000000000001
PJMC_conventional_hydroelectric_1,554,0.8160000000000001
PJMC_conventional_hydroelectric_1,555,0.8160000000000001
PJMC_conventional_hydroelectric_1,556,0.8160000000000001
PJMC_conventional_hydroelectric_1,557,0.8160000000000001
PJMC_conventional_hydroelectric_1,558,0.8160000000000001
PJMC_conventional_hydroelectric_1,559,0.8160000000000001
PJMC_conventional_hydroelectric_1,560,0.8160000000000001
PJMC_conventional_hydroelectric_1,561,0.8160000000000001
PJMC_conventional_hydroelectric_1,562,0.8160000000000001
PJMC_conventional_hydroelectric_1,563,0.8160000000000001
PJMC_conventional_hydroelectric_1,564,0.8160000000000001
PJMC_conventional_hydroelectric_1,565,0.8160000000000001
PJMC_conventional_hydroelectric_1,566,0.8160000000000001
PJMC_conventional_hydroelectric_1,567,0.8160000000000001
PJMC_conventional_hydroelectric_1,568,0.8160000000000001
PJMC_conventional_hydroelectric_1,569,0.8160000000000001
PJMC_conventional_hydroelectric_1,570,0.8160000000000001
PJMC_conventional_hydroelectric_1,571,0.8160000000000001
PJMC_conventional_hydroelectric_1,572,0.8160000000000001
PJMC_conventional_hydroelectric_1,573,0.8160000000000001
PJMC_conventional_hydroelectric_1,574,0.8160000000000001
PJMC_conventional_hydroelectric_1,575,0.8160000000000001
PJMC_conventional_hydroelectric_1,576,0.8160000000000001
PJMD_conventional_hydroelectric_1,1,210.92666300159857
PJMD_conventional_hydroelectric_1,2,0.0
PJMD_conventional_hydroelectric_1,3,117.75566459999993
PJMD_conventional_hydroelectric_1,4,249.45690180000008
PJMD_conventional_hydroelectric_1,5,249.51943800000004
PJMD_conventional_hydroelectric_1,6,249.51943800000004
PJMD_conventional_hydroelectric_1,7,0.0
PJMD_conventional_hydroelectric_1,8,0.0
PJMD_conventional_hydroelectric_1,9,110.31385680000005
PJMD_conventional_hydroelectric_1,10,248.70646740000012
PJMD_conventional_hydroelectric_1,11,490.8466338
PJMD_conventional_hydroelectric_1,12,383.034225
PJMD_conventional_hydroelectric_1,13,383.7221232
PJMD_conventional_hydroelectric_1,14,384.22241280000003
PJMD_conventional_hydroelectric_1,15,384.78523860000007
PJMD_conventional_hydroelectric_1,16,385.4106006
PJMD_conventional_hydroelectric_1,17,385.9734264
PJMD_conventional_hydroelectric_1,18,386.53625220000004
PJMD_conventional_hydroelectric_1,19,495.0365592
PJMD_conventional_hydroelectric_1,20,495.53684880000003
PJMD_conventional_hydroelectric_1,21,388.2872658
PJMD_conventional_hydroelectric_1,22,496.53742800000003
PJMD_conventional_hydroelectric_1,23,625.3620000000001
PJMD_conventional_hydroelectric_1,24,613.6677306
PJMD_conventional_hydroelectric_1,25,0.0
PJMD_conventional_hydroelectric_1,26,0.0
PJMD_conventional_hydroelectric_1,27,0.0
PJMD_conventional_hydroelectric_1,28,0.0
PJMD_conventional_hydroelectric_1,29,0.0
PJMD_conventional_hydroelectric_1,30,0.0
PJMD_conventional_hydroelectric_1,31,0.0
PJMD_conventional_hydroelectric_1,32,0.0
PJMD_conventional_hydroelectric_1,33,138.14246579999997
PJMD_conventional_hydroelectric_1,34,0.0
PJMD_conventional_hydroelectric_1,35,0.0
PJMD_conventional_hydroelectric_1,36,0.0
PJMD_conventional_hydroelectric_1,37,0.0
PJMD_conventional_hydroelectric_1,38,0.0
PJMD_conventional_hydroelectric_1,39,0.0
PJMD_conventional_hydroelectric_1,40,0.0
PJMD_conventional_hydroelectric_1,41,0.0
PJMD_conventional_hydroelectric_1,42,0.0
PJMD_conventional_hydroelectric_1,43,0.0
PJMD_conventional_hydroelectric_1,44,0.0
PJMD_conventional_hydroelectric_1,45,0.0
PJMD_conventional_hydroelectric_1,46,98.30690640000002
PJMD_conventional_hydroelectric_1,47,0.0
PJMD_conventional_hydroelectric_1,48,0.0
PJMD_conventional_hydroelectric_1,49,416.4990315984015
PJMD_conventional_hydroelectric_1,50,473.7626066458096
PJMD_conventional_hydroelectric_1,51,625.3620000000001
PJMD_conventional_hydroelectric_1,52,625.3620000000001
PJMD_conventional_hydroelectric_1,53,625.3620000000001
PJMD_conventional_hydroelectric_1,54,625.3620000000001
PJMD_conventional_hydroelectric_1,55,625.3620000000001
PJMD_conventional_hydroelectric_1,56,625.3620000000001
PJMD_conventional_hydroelectric_1,57,625.3620000000001
PJMD_conventional_hydroelectric_1,58,625.3620000000001
PJMD_conventional_hydroelectric_1,59,138.1424658
PJMD_conventional_hydroelectric_1,60,138.14246579999997
PJMD_conventional_hydroelectric_1,61,137.95485720000002
PJMD_conventional_hydroelectric_1,62,37.77186479999991
PJMD_conventional_hydroelectric_1,63,37.83440100000002
PJMD_conventional_hydroelectric_1,64,37.83440099999998
PJMD_conventional_hydroelectric_1,65,136.7041332
PJMD_conventional_hydroelectric_1,66,0.0
PJMD_conventional_hydroelectric_1,67,0.0
PJMD_conventional_hydroelectric_1,68,0.0
PJMD_conventional_hydroelectric_1,69,0.0
PJMD_conventional_hydroelectric_1,70,0.0
PJMD_conventional_hydroelectric_1,71,0.0
PJMD_conventional_hydroelectric_1,72,134.45283
PJMD_conventional_hydroelectric_1,73,0.0
PJMD_conventional_hydroelectric_1,74,0.0
PJMD_conventional_hydroelectric_1,75,0.0
PJMD_conventional_hydroelectric_1,76,0.0
PJMD_conventional_hydroelectric_1,77,0.0
PJMD_conventional_hydroelectric_1,78,0.0
PJMD_conventional_hydroelectric_1,79,0.0
PJMD_conventional_hydroelectric_1,80,73.66764360000002
PJMD_conventional_hydroelectric_1,81,0.0
PJMD_conventional_hydroelectric_1,82,0.0
PJMD_conventional_hydroelectric_1,83,0.0
PJMD_conventional_hydroelectric_1,84,0.0
PJMD_conventional_hydroelectric_1,85,0.25014479999997974
PJMD_conventional_hydroelectric_1,86,0.0
PJMD_conventional_hydroelectric_1,87,0.0
PJMD_conventional_hydroelectric_1,88,0.0
PJMD_conventional_hydroelectric_1,89,0.0
PJMD_conventional_hydroelectric_1,90,0.0
PJMD_conventional_hydroelectric_1,91,0.0
PJMD_conventional_hydroelectric_1,92,37.89693719999997
PJMD_conventional_hydroelectric_1,93,37.89693719999991
PJMD_conventional_hydroelectric_1,94,0.0
PJMD_conventional_hydroelectric_1,95,0.0
PJMD_conventional_hydroelectric_1,96,0.0
PJMD_conventional_hydroelectric_1,97,0.0
PJMD_conventional_hydroelectric_1,98,0.0
PJMD_conventional_hydroelectric_1,99,0.0
PJMD_conventional_hydroelectric_1,100,0.0
PJMD_conventional_hydroelectric_1,101,127.9490652
PJMD_conventional_hydroelectric_1,102,128.1366738
PJMD_conventional_hydroelectric_1,103,128.32428240000002
PJMD_conventional_hydroelectric_1,104,91.6780692
PJMD_conventional_hydroelectric_1,105,0.0
PJMD_conventional_hydroelectric_1,106,0.0
PJMD_conventional_hydroelectric_1,107,0.0
PJMD_conventional_hydroelectric_1,108,0.0
PJMD_conventional_hydroelectric_1,109,0.0
PJMD_conventional_hydroelectric_1,110,0.0
PJMD_conventional_hydroelectric_1,111,0.0
PJMD_conventional_hydroelectric_1,112,0.0
PJMD_conventional_hydroelectric_1,113,0.0
PJMD_conventional_hydroelectric_1,114,0.0
PJMD_conventional_hydroelectric_1,115,0.0
PJMD_conventional_hydroelectric_1,116,0.0
PJMD_conventional_hydroelectric_1,117,0.0
PJMD_conventional_hydroelectric_1,118,40.02316800000001
PJMD_conventional_hydroelectric_1,119,138.33007439999997
PJMD_conventional_hydroelectric_1,120,3.814708199999963
PJMD_conventional_hydroelectric_1,121,0.0
PJMD_conventional_hydroelectric_1,122,0.0
PJMD_conventional_hydroelectric_1,123,0.0
PJMD_conventional_hydroelectric_1,124,0.0
PJMD_conventional_hydroelectric_1,125,0.0
PJMD_conventional_hydroelectric_1,126,0.0
PJMD_conventional_hydroelectric_1,127,0.0
PJMD_conventional_hydroelectric_1,128,0.0
PJMD_conventional_hydroelectric_1,129,0.0
PJMD_conventional_hydroelectric_1,130,0.0
PJMD_conventional_hydroelectric_1,131,0.0
PJMD_conventional_hydroelectric_1,132,0.0
PJMD_conventional_hydroelectric_1,133,0.0
PJMD_conventional_hydroelectric_1,134,0.0
PJMD_conventional_hydroelectric_1,135,0.0
PJMD_conventional_hydroelectric_1,136,0.0
PJMD_conventional_hydroelectric_1,137,0.0
PJMD_conventional_hydroelectric_1,138,0.0
PJMD_conventional_hydroelectric_1,139,0.0
PJMD_conventional_hydroelectric_1,140,0.0
PJMD_conventional_hydroelectric_1,141,0.0
PJMD_conventional_hydroelectric_1,142,0.0
PJMD_conventional_hydroelectric_1,143,0.0
PJMD_conventional_hydroelectric_1,144,0.0
PJMD_conventional_hydroelectric_1,145,0.0
PJMD_conventional_hydroelectric_1,146,0.0
PJMD_conventional_hydroelectric_1,147,0.0
PJMD_conventional_hydroelectric_1,148,0.0
PJMD_conventional_hydroelectric_1,149,0.0
PJMD_conventional_hydroelectric_1,150,0.0
PJMD_conventional_hydroelectric_1,151,0.0
PJMD_conventional_hydroelectric_1,152,0.0
PJMD_conventional_hydroelectric_1,153,0.0
PJMD_conventional_hydroelectric_1,154,0.0
PJMD_conventional_hydroelectric_1,155,0.0
PJMD_conventional_hydroelectric_1,156,0.0
PJMD_conventional_hydroelectric_1,157,0.0
PJMD_conventional_hydroelectric_1,158,0.0
PJMD_conventional_hydroelectric_1,159,0.0
PJMD_conventional_hydroelectric_1,160,0.0
PJMD_conventional_hydroelectric_1,161,0.0
PJMD_conventional_hydroelectric_1,162,37.8344009999999
PJMD_conventional_hydroelectric_1,163,0.0
PJMD_conventional_hydroelectric_1,164,0.0
PJMD_conventional_hydroelectric_1,165,0.0
PJMD_conventional_hydroelectric_1,166,0.0
PJMD_conventional_hydroelectric_1,167,0.0
PJMD_conventional_hydroelectric_1,168,0.0
PJMD_conventional_hydroelectric_1,169,0.0
PJMD_conventional_hydroelectric_1,170,0.0
PJMD_conventional_hydroelectric_1,171,0.0
PJMD_conventional_hydroelectric_1,172,0.0
PJMD_conventional_hydroelectric_1,173,0.0
PJMD_conventional_hydroelectric_1,174,0.0
PJMD_conventional_hydroelectric_1,175,0.0
PJMD_conventional_hydroelectric_1,176,0.0
PJMD_conventional_hydroelectric_1,177,0.0
PJMD_conventional_hydroelectric_1,178,0.0
PJMD_conventional_hydroelectric_1,179,0.0
PJMD_conventional_hydroelectric_1,180,0.0
PJMD_conventional_hydroelectric_1,181,0.0
PJMD_conventional_hydroelectric_1,182,0.0
PJMD_conventional_hydroelectric_1,183,0.0
PJMD_conventional_hydroelectric_1,184,0.0
PJMD_conventional_hydroelectric_1,185,0.0
PJMD_conventional_hydroelectric_1,186,0.0
PJMD_conventional_hydroelectric_1,187,37.83440099999996
PJMD_conventional_hydroelectric_1,188,0.0
PJMD_conventional_hydroelectric_1,189,0.0
PJMD_conventional_hydroelectric_1,190,0.0
PJMD_conventional_hydroelectric_1,191,0.0
PJMD_conventional_hydroelectric_1,192,0.0
PJMD_conventional_hydroelectric_1,193,0.0
PJMD_conventional_hydroelectric_1,194,0.0
PJMD_conventional_hydroelectric_1,195,0.0
PJMD_conventional_hydroelectric_1,196,0.0
PJMD_conventional_hydroelectric_1,197,0.0
PJMD_conventional_hydroelectric_1,198,0.0
PJMD_conventional_hydroelectric_1,199,0.0
PJMD_conventional_hydroelectric_1,200,0.0
PJMD_conventional_hydroelectric_1,201,0.0
PJMD_conventional_hydroelectric_1,202,0.0
PJMD_conventional_hydroelectric_1,203,0.0
PJMD_conventional_hydroelectric_1,204,0.0
PJMD_conventional_hydroelectric_1,205,0.0
PJMD_conventional_hydroelectric_1,206,100.43313720000003
PJMD_conventional_hydroelectric_1,207,100.43313720000003
PJMD_conventional_hydroelectric_1,208,100.43313720000003
PJMD_conventional_hydroelectric_1,209,1.500868799999921
PJMD_conventional_hydroelectric_1,210,100.43313720000003
PJMD_conventional_hydroelectric_1,211,100.43313720000003
PJMD_conventional_hydroelectric_1,212,100.43313720000003
PJMD_conventional_hydroelectric_1,213,100.43313720000003
PJMD_conventional_hydroelectric_1,214,0.0
PJMD_conventional_hydroelectric_1,215,0.0
PJMD_conventional_hydroelectric_1,216,0.0
PJMD_conventional_hydroelectric_1,217,148.46093879999995
PJMD_conventional_hydroelectric_1,218,148.64854739999993
PJMD_conventional_hydroelectric_1,219,148.96122839999998
PJMD_conventional_hydroelectric_1,220,149.08630079999995
PJMD_conventional_hydroelectric_1,221,21.38738039999987
PJMD_conventional_hydroelectric_1,222,21.44991659999988
PJMD_conventional_hydroelectric_1,223,21.512452799999892
PJMD_conventional_hydroelectric_1,224,21.574988999999903
PJMD_conventional_hydroelectric_1,225,207.03991006334127
PJMD_conventional_hydroelectric_1,226,151.2750678
PJMD_conventional_hydroelectric_1,227,151.21253159999992
PJMD_conventional_hydroelectric_1,228,151.0874592
PJMD_conventional_hydroelectric_1,229,151.02492299999994
PJMD_conventional_hydroelectric_1,230,150.89985059999992
PJMD_conventional_hydroelectric_1,231,150.83731439999997
PJMD_conventional_hydroelectric_1,232,150.71224199999995
PJMD_conventional_hydroelectric_1,233,150.6497058
PJMD_conventional_hydroelectric_1,234,150.52463339999997
PJMD_conventional_hydroelectric_1,235,150.46209720000002
PJMD_conventional_hydroelectric_1,236,150.3370248
PJMD_conventional_hydroelectric_1,237,150.21195239999997
PJMD_conventional_hydroelectric_1,238,117.84070200000087
PJMD_conventional_hydroelectric_1,239,150.0243438
PJMD_conventional_hydroelectric_1,240,149.96180759999993
PJMD_conventional_hydroelectric_1,241,0.0
PJMD_conventional_hydroelectric_1,242,0.0
PJMD_conventional_hydroelectric_1,243,0.0
PJMD_conventional_hydroelectric_1,244,0.0
PJMD_conventional_hydroelectric_1,245,0.0
PJMD_conventional_hydroelectric_1,246,0.0
PJMD_conventional_hydroelectric_1,247,0.0
PJMD_conventional_hydroelectric_1,248,0.0
PJMD_conventional_hydroelectric_1,249,0.0
PJMD_conventional_hydroelectric_1,250,0.0
PJMD_conventional_hydroelectric_1,251,0.0
PJMD_conventional_hydroelectric_1,252,0.0
PJMD_conventional_hydroelectric_1,253,0.0
PJMD_conventional_hydroelectric_1,254,0.0
PJMD_conventional_hydroelectric_1,255,0.0
PJMD_conventional_hydroelectric_1,256,0.0
PJMD_conventional_hydroelectric_1,257,0.0
PJMD_conventional_hydroelectric_1,258,0.0
PJMD_conventional_hydroelectric_1,259,0.0
PJMD_conventional_hydroelectric_1,260,0.0
PJMD_conventional_hydroelectric_1,261,0.0
PJMD_conventional_hydroelectric_1,262,32.308714199999145
PJMD_conventional_hydroelectric_1,263,0.0
PJMD_conventional_hydroelectric_1,264,0.0
PJMD_conventional_hydroelectric_1,265,502.8603257733877
PJMD_conventional_hydroelectric_1,266,170.97397079999996
PJMD_conventional_hydroelectric_1,267,115.00407180000002
PJMD_conventional_hydroelectric_1,268,115.00407180000002
PJMD_conventional_hydroelectric_1,269,114.94153560000007
PJMD_conventional_hydroelectric_1,270,114.94153560000007
PJMD_conventional_hydroelectric_1,271,114.8789994
PJMD_conventional_hydroelectric_1,272,170.9114346
PJMD_conventional_hydroelectric_1,273,4.707663136658766
PJMD_conventional_hydroelectric_1,274,114.81646320000004
PJMD_conventional_hydroelectric_1,275,291.77452520159756
PJMD_conventional_hydroelectric_1,276,387.39622839840234
PJMD_conventional_hydroelectric_1,277,170.84889840000005
PJMD_conventional_hydroelectric_1,278,170.84889840000005
PJMD_conventional_hydroelectric_1,279,114.62885460000007
PJMD_conventional_hydroelectric_1,280,60.15982440000005
PJMD_conventional_hydroelectric_1,281,174.1308300000036
PJMD_conventional_hydroelectric_1,282,170.78636219999999
PJMD_conventional_hydroelectric_1,283,358.6834793999984
PJMD_conventional_hydroelectric_1,284,114.50378220000005
PJMD_conventional_hydroelectric_1,285,625.3620000000001
PJMD_conventional_hydroelectric_1,286,114.44124599999998
PJMD_conventional_hydroelectric_1,287,59.97221579999996
PJMD_conventional_hydroelectric_1,288,59.909679600000004
PJMD_conventional_hydroelectric_1,289,0.0
PJMD_conventional_hydroelectric_1,290,0.0
PJMD_conventional_hydroelectric_1,291,0.0
PJMD_conventional_hydroelectric_1,292,0.0
PJMD_conventional_hydroelectric_1,293,0.0
PJMD_conventional_hydroelectric_1,294,0.0
PJMD_conventional_hydroelectric_1,295,0.0
PJMD_conventional_hydroelectric_1,296,0.0
PJMD_conventional_hydroelectric_1,297,54.46903020000002
PJMD_conventional_hydroelectric_1,298,0.0
PJMD_conventional_hydroelectric_1,299,0.0
PJMD_conventional_hydroelectric_1,300,49.45160006034604
PJMD_conventional_hydroelectric_1,301,0.0
PJMD_conventional_hydroelectric_1,302,0.0
PJMD_conventional_hydroelectric_1,303,0.0
PJMD_conventional_hydroelectric_1,304,170.22353640000006
PJMD_conventional_hydroelectric_1,305,0.0
PJMD_conventional_hydroelectric_1,306,0.0
PJMD_conventional_hydroelectric_1,307,0.0
PJMD_conventional_hydroelectric_1,308,0.0
PJMD_conventional_hydroelectric_1,309,0.0
PJMD_conventional_hydroelectric_1,310,0.0
PJMD_conventional_hydroelectric_1,311,54.46903020000002
PJMD_conventional_hydroelectric_1,312,54.46903020000002
PJMD_conventional_hydroelectric_1,313,293.47564502661237
PJMD_conventional_hydroelectric_1,314,625.3620000000001
PJMD_conventional_hydroelectric_1,315,625.3620000000001
PJMD_conventional_hydroelectric_1,316,493.9109075999999
PJMD_conventional_hydroelectric_1,317,493.9734437999999
PJMD_conventional_hydroelectric_1,318,371.7151728
PJMD_conventional_hydroelectric_1,319,336.0695388000001
PJMD_conventional_hydroelectric_1,320,625.3620000000001
PJMD_conventional_hydroelectric_1,321,495.03655919999994
PJMD_conventional_hydroelectric_1,322,56.09497139999996
PJMD_conventional_hydroelectric_1,323,504.4363731984025
PJMD_conventional_hydroelectric_1,324,359.3630699412517
PJMD_conventional_hydroelectric_1,325,625.3620000000001
PJMD_conventional_hydroelectric_1,326,625.3620000000001
PJMD_conventional_hydroelectric_1,327,115.62943380000002
PJMD_conventional_hydroelectric_1,328,0.0
PJMD_conventional_hydroelectric_1,329,622.0175321999965
PJMD_conventional_hydroelectric_1,330,625.3620000000001
PJMD_conventional_hydroelectric_1,331,437.4648828000017
PJMD_conventional_hydroelectric_1,332,425.11858860000007
PJMD_conventional_hydroelectric_1,333,0.0
PJMD_conventional_hydroelectric_1,334,116.00465099999997
PJMD_conventional_hydroelectric_1,335,56.34511620000001
PJMD_conventional_hydroelectric_1,336,625.3620000000001
PJMD_conventional_hydroelectric_1,337,59.22178140000001
PJMD_conventional_hydroelectric_1,338,59.22178140000001
PJMD_conventional_hydroelectric_1,339,0.0
PJMD_conventional_hydroelectric_1,340,0.0
PJMD_conventional_hydroelectric_1,341,0.0
PJMD_conventional_hydroelectric_1,342,0.0
PJMD_conventional_hydroelectric_1,343,0.0
PJMD_conventional_hydroelectric_1,344,0.0
PJMD_conventional_hydroelectric_1,345,0.0
PJMD_conventional_hydroelectric_1,346,277.6310546521026
PJMD_conventional_hydroelectric_1,347,59.40939
PJMD_conventional_hydroelectric_1,348,59.40939
PJMD_conventional_hydroelectric_1,349,59.471926200000006
PJMD_conventional_hydroelectric_1,350,59.471926200000006
PJMD_conventional_hydroelectric_1,351,625.3620000000001
PJMD_conventional_hydroelectric_1,352,625.3620000000001
PJMD_conventional_hydroelectric_1,353,59.53446240000001
PJMD_conventional_hydroelectric_1,354,0.0
PJMD_conventional_hydroelectric_1,355,59.5969986
PJMD_conventional_hydroelectric_1,356,316.1229900000001
PJMD_conventional_hydroelectric_1,357,230.38336080000005
PJMD_conventional_hydroelectric_1,358,625.3620000000001
PJMD_conventional_hydroelectric_1,359,59.65953479999996
PJMD_conventional_hydroelectric_1,360,0.0
PJMD_conventional_hydroelectric_1,361,0.0
PJMD_conventional_hydroelectric_1,362,0.0
PJMD_conventional_hydroelectric_1,363,0.0
PJMD_conventional_hydroelectric_1,364,0.0
PJMD_conventional_hydroelectric_1,365,0.0
PJMD_conventional_hydroelectric_1,366,0.0
PJMD_conventional_hydroelectric_1,367,0.0
PJMD_conventional_hydroelectric_1,368,0.0
PJMD_conventional_hydroelectric_1,369,0.0
PJMD_conventional_hydroelectric_1,370,0.0
PJMD_conventional_hydroelectric_1,371,0.0
PJMD_conventional_hydroelectric_1,372,0.0
PJMD_conventional_hydroelectric_1,373,0.0
PJMD_conventional_hydroelectric_1,374,0.0
PJMD_conventional_hydroelectric_1,375,0.0
PJMD_conventional_hydroelectric_1,376,0.0
PJMD_conventional_hydroelectric_1,377,0.0
PJMD_conventional_hydroelectric_1,378,0.0
PJMD_conventional_hydroelectric_1,379,0.0
PJMD_conventional_hydroelectric_1,380,0.0
PJMD_conventional_hydroelectric_1,381,0.0
PJMD_conventional_hydroelectric_1,382,0.0
PJMD_conventional_hydroelectric_1,383,56.03243520000001
PJMD_conventional_hydroelectric_1,384,0.0
PJMD_conventional_hydroelectric_1,385,0.0
PJMD_conventional_hydroelectric_1,386,0.0
PJMD_conventional_hydroelectric_1,387,0.0
PJMD_conventional_hydroelectric_1,388,0.0
PJMD_conventional_hydroelectric_1,389,0.0
PJMD_conventional_hydroelectric_1,390,0.0
PJMD_conventional_hydroelectric_1,391,0.0
PJMD_conventional_hydroelectric_1,392,0.0
PJMD_conventional_hydroelectric_1,393,0.0
PJMD_conventional_hydroelectric_1,394,161.56067794789743
PJMD_conventional_hydroelectric_1,395,0.0
PJMD_conventional_hydroelectric_1,396,108.31269839999999
PJMD_conventional_hydroelectric_1,397,108.25016219999999
PJMD_conventional_hydroelectric_1,398,108.187626
PJMD_conventional_hydroelectric_1,399,108.12508980000001
PJMD_conventional_hydroelectric_1,400,108.06255360000002
PJMD_conventional_hydroelectric_1,401,108.06255360000002
PJMD_conventional_hydroelectric_1,402,167.47194360000003
PJMD_conventional_hydroelectric_1,403,0.0
PJMD_conventional_hydroelectric_1,404,0.0
PJMD_conventional_hydroelectric_1,405,107.81240880000001
PJMD_conventional_hydroelectric_1,406,0.0
PJMD_conventional_hydroelectric_1,407,441.06781860000007
PJMD_conventional_hydroelectric_1,408,0.0
PJMD_conventional_hydroelectric_1,409,0.0
PJMD_conventional_hydroelectric_1,410,0.0
PJMD_conventional_hydroelectric_1,411,0.0
PJMD_conventional_hydroelectric_1,412,0.0
PJMD_conventional_hydroelectric_1,413,0.0
PJMD_conventional_hydroelectric_1,414,0.0
PJMD_conventional_hydroelectric_1,415,0.0
PJMD_conventional_hydroelectric_1,416,0.0
PJMD_conventional_hydroelectric_1,417,0.0
PJMD_conventional_hydroelectric_1,418,0.0
PJMD_conventional_hydroelectric_1,419,0.0
PJMD_conventional_hydroelectric_1,420,0.0
PJMD_conventional_hydroelectric_1,421,0.0
PJMD_conventional_hydroelectric_1,422,0.0
PJMD_conventional_hydroelectric_1,423,0.0
PJMD_conventional_hydroelectric_1,424,0.0
PJMD_conventional_hydroelectric_1,425,0.0
PJMD_conventional_hydroelectric_1,426,0.0
PJMD_conventional_hydroelectric_1,427,0.0
PJMD_conventional_hydroelectric_1,428,0.0
PJMD_conventional_hydroelectric_1,429,0.0
PJMD_conventional_hydroelectric_1,430,0.0
PJMD_conventional_hydroelectric_1,431,0.0
PJMD_conventional_hydroelectric_1,432,0.0
PJMD_conventional_hydroelectric_1,433,0.0
PJMD_conventional_hydroelectric_1,434,0.0
PJMD_conventional_hydroelectric_1,435,0.0
PJMD_conventional_hydroelectric_1,436,0.0
PJMD_conventional_hydroelectric_1,437,0.0
PJMD_conventional_hydroelectric_1,438,0.0
PJMD_conventional_hydroelectric_1,439,0.0
PJMD_conventional_hydroelectric_1,440,0.0
PJMD_conventional_hydroelectric_1,441,0.0
PJMD_conventional_hydroelectric_1,442,0.0
PJMD_conventional_hydroelectric_1,443,0.0
PJMD_conventional_hydroelectric_1,444,0.0
PJMD_conventional_hydroelectric_1,445,0.0
PJMD_conventional_hydroelectric_1,446,0.0
PJMD_conventional_hydroelectric_1,447,0.0
PJMD_conventional_hydroelectric_1,448,0.0
PJMD_conventional_hydroelectric_1,449,0.0
PJMD_conventional_hydroelectric_1,450,0.0
PJMD_conventional_hydroelectric_1,451,0.0
PJMD_conventional_hydroelectric_1,452,0.0
PJMD_conventional_hydroelectric_1,453,0.0
PJMD_conventional_hydroelectric_1,454,0.0
PJMD_conventional_hydroelectric_1,455,0.0
PJMD_conventional_hydroelectric_1,456,0.0
PJMD_conventional_hydroelectric_1,457,0.0
PJMD_conventional_hydroelectric_1,458,0.0
PJMD_conventional_hydroelectric_1,459,0.0
PJMD_conventional_hydroelectric_1,460,0.0
PJMD_conventional_hydroelectric_1,461,0.0
PJMD_conventional_hydroelectric_1,462,0.0
PJMD_conventional_hydroelectric_1,463,0.0
PJMD_conventional_hydroelectric_1,464,0.0
PJMD_conventional_hydroelectric_1,465,0.0
PJMD_conventional_hydroelectric_1,466,0.0
PJMD_conventional_hydroelectric_1,467,0.0
PJMD_conventional_hydroelectric_1,468,0.0
PJMD_conventional_hydroelectric_1,469,0.0
PJMD_conventional_hydroelectric_1,470,0.0
PJMD_conventional_hydroelectric_1,471,0.0
PJMD_conventional_hydroelectric_1,472,0.0
PJMD_conventional_hydroelectric_1,473,0.0
PJMD_conventional_hydroelectric_1,474,0.0
PJMD_conventional_hydroelectric_1,475,0.0
PJMD_conventional_hydroelectric_1,476,0.0
PJMD_conventional_hydroelectric_1,477,0.0
PJMD_conventional_hydroelectric_1,478,0.0
PJMD_conventional_hydroelectric_1,479,0.0
PJMD_conventional_hydroelectric_1,480,0.0
PJMD_conventional_hydroelectric_1,481,0.0
PJMD_conventional_hydroelectric_1,482,0.0
PJMD_conventional_hydroelectric_1,483,0.0
PJMD_conventional_hydroelectric_1,484,0.0
PJMD_conventional_hydroelectric_1,485,0.0
PJMD_conventional_hydroelectric_1,486,0.0
PJMD_conventional_hydroelectric_1,487,35.52056159999995
PJMD_conventional_hydroelectric_1,488,0.0
PJMD_conventional_hydroelectric_1,489,0.0
PJMD_conventional_hydroelectric_1,490,0.0
PJMD_conventional_hydroelectric_1,491,0.0
PJMD_conventional_hydroelectric_1,492,0.0
PJMD_conventional_hydroelectric_1,493,0.0
PJMD_conventional_hydroelectric_1,494,0.0
PJMD_conventional_hydroelectric_1,495,0.0
PJMD_conventional_hydroelectric_1,496,0.0
PJMD_conventional_hydroelectric_1,497,0.0
PJMD_conventional_hydroelectric_1,498,0.0
PJMD_conventional_hydroelectric_1,499,0.0
PJMD_conventional_hydroelectric_1,500,0.0
PJMD_conventional_hydroelectric_1,501,0.0
PJMD_conventional_hydroelectric_1,502,0.0
PJMD_conventional_hydroelectric_1,503,0.0
PJMD_conventional_hydroelectric_1,504,0.0
PJMD_conventional_hydroelectric_1,505,0.0
PJMD_conventional_hydroelectric_1,506,0.0
PJMD_conventional_hydroelectric_1,507,0.0
PJMD_conventional_hydroelectric_1,508,0.0
PJMD_conventional_hydroelectric_1,509,0.0
PJMD_conventional_hydroelectric_1,510,60.8477226
PJMD_conventional_hydroelectric_1,511,60.8477226
PJMD_conventional_hydroelectric_1,512,25.95252299999987
PJMD_conventional_hydroelectric_1,513,0.0
PJMD_conventional_hydroelectric_1,514,0.0
PJMD_conventional_hydroelectric_1,515,0.0
PJMD_conventional_hydroelectric_1,516,0.0
PJMD_conventional_hydroelectric_1,517,0.0
PJMD_conventional_hydroelectric_1,518,0.0
PJMD_conventional_hydroelectric_1,519,0.0
PJMD_conventional_hydroelectric_1,520,0.0
PJMD_conventional_hydroelectric_1,521,0.0
PJMD_conventional_hydroelectric_1,522,0.0
PJMD_conventional_hydroelectric_1,523,0.0
PJMD_conventional_hydroelectric_1,524,0.0
PJMD_conventional_hydroelectric_1,525,0.0
PJMD_conventional_hydroelectric_1,526,0.0
PJMD_conventional_hydroelectric_1,527,0.0
PJMD_conventional_hydroelectric_1,528,0.0
PJMD_conventional_hydroelectric_1,529,0.0
PJMD_conventional_hydroelectric_1,530,0.0
PJMD_conventional_hydroelectric_1,531,0.0
PJMD_conventional_hydroelectric_1,532,0.0
PJMD_conventional_hydroelectric_1,533,0.0
PJMD_conventional_hydroelectric_1,534,0.0
PJMD_conventional_hydroelectric_1,535,0.0
PJMD_conventional_hydroelectric_1,536,0.0
PJMD_conventional_hydroelectric_1,537,0.0
PJMD_conventional_hydroelectric_1,538,0.0
PJMD_conventional_hydroelectric_1,539,0.0
PJMD_conventional_hydroelectric_1,540,0.0
PJMD_conventional_hydroelectric_1,541,0.0
PJMD_conventional_hydroelectric_1,542,0.0
PJMD_conventional_hydroelectric_1,543,0.0
PJMD_conventional_hydroelectric_1,544,0.0
PJMD_conventional_hydroelectric_1,545,0.0
PJMD_conventional_hydroelectric_1,546,0.0
PJMD_conventional_hydroelectric_1,547,0.0
PJMD_conventional_hydroelectric_1,548,0.0
PJMD_conventional_hydroelectric_1,549,0.0
PJMD_conventional_hydroelectric_1,550,0.0
PJMD_conventional_hydroelectric_1,551,0.0
PJMD_conventional_hydroelectric_1,552,0.0
PJMD_conventional_hydroelectric_1,553,0.0
PJMD_conventional_hydroelectric_1,554,153.97576895419039
PJMD_conventional_hydroelectric_1,555,0.0
PJMD_conventional_hydroelectric_1,556,0.0
PJMD_conventional_hydroelectric_1,557,0.0
PJMD_conventional_hydroelectric_1,558,61.84830180000006
PJMD_conventional_hydroelectric_1,559,311.6804208000001
PJMD_conventional_hydroelectric_1,560,0.0
PJMD_conventional_hydroelectric_1,561,0.0
PJMD_conventional_hydroelectric_1,562,0.0
PJMD_conventional_hydroelectric_1,563,0.0
PJMD_conventional_hydroelectric_1,564,0.0
PJMD_conventional_hydroelectric_1,565,0.0
PJMD_conventional_hydroelectric_1,566,0.0
PJMD_conventional_hydroelectric_1,567,0.0
PJMD_conventional_hydroelectric_1,568,0.0
PJMD_conventional_hydroelectric_1,569,0.0
PJMD_conventional_hydroelectric_1,570,0.0
PJMD_conventional_hydroelectric_1,571,0.0
PJMD_conventional_hydroelectric_1,572,0.0
PJMD_conventional_hydroelectric_1,573,0.0
PJMD_conventional_hydroelectric_1,574,0.0
PJMD_conventional_hydroelectric_1,575,0.0
PJMD_conventional_hydroelectric_1,576,0.0
PJME_conventional_hydroelectric_1,1,1238.1780000000003
PJME_conventional_hydroelectric_1,2,1238.1780000000003
PJME_conventional_hydroelectric_1,3,1238.1780000000003
PJME_conventional_hydroelectric_1,4,1238.1780000000003
PJME_conventional_hydroelectric_1,5,1238.1780000000003
PJME_conventional_hydroelectric_1,6,641.433186999072
PJME_conventional_hydroelectric_1,7,641.7542575407599
PJME_conventional_hydroelectric_1,8,642.0960568779121
PJME_conventional_hydroelectric_1,9,642.4378562150639
PJME_conventional_hydroelectric_1,10,1238.1780000000003
PJME_conventional_hydroelectric_1,11,1238.1780000000003
PJME_conventional_hydroelectric_1,12,1238.1780000000003
PJME_conventional_hydroelectric_1,13,1238.1780000000003
PJME_conventional_hydroelectric_1,14,1238.1780000000003
PJME_conventional_hydroelectric_1,15,1238.1780000000003
PJME_conventional_hydroelectric_1,16,1238.1780000000003
PJME_conventional_hydroelectric_1,17,1238.1780000000003
PJME_conventional_hydroelectric_1,18,1238.1780000000003
PJME_conventional_hydroelectric_1,19,1238.1780000000003
PJME_conventional_hydroelectric_1,20,1238.1780000000003
PJME_conventional_hydroelectric_1,21,1238.1780000000003
PJME_conventional_hydroelectric_1,22,1238.1780000000003
PJME_conventional_hydroelectric_1,23,1238.1780000000003
PJME_conventional_hydroelectric_1,24,1238.1780000000003
PJME_conventional_hydroelectric_1,25,324.6299064332611
PJME_conventional_hydroelectric_1,26,43.68059767334517
PJME_conventional_hydroelectric_1,27,112.16576830703319
PJME_conventional_hydroelectric_1,28,533.8281223061826
PJME_conventional_hydroelectric_1,29,573.1921510693672
PJME_conventional_hydroelectric_1,30,625.5806549391361
PJME_conventional_hydroelectric_1,31,625.1693565976559
PJME_conventional_hydroelectric_1,32,624.8404198932478
PJME_conventional_hydroelectric_1,33,1238.1780000000003
PJME_conventional_hydroelectric_1,34,219.69542119643745
PJME_conventional_hydroelectric_1,35,254.3403203060965
PJME_conventional_hydroelectric_1,36,0.0
PJME_conventional_hydroelectric_1,37,352.1524238649112
PJME_conventional_hydroelectric_1,38,95.84114111464112
PJME_conventional_hydroelectric_1,39,208.19259069387854
PJME_conventional_hydroelectric_1,40,72.59851977570531
PJME_conventional_hydroelectric_1,41,0.0
PJME_conventional_hydroelectric_1,42,169.45644894672714
PJME_conventional_hydroelectric_1,43,620.5128359058718
PJME_conventional_hydroelectric_1,44,148.20315743676076
PJME_conventional_hydroelectric_1,45,0.0
PJME_conventional_hydroelectric_1,46,27.976084919879554
PJME_conventional_hydroelectric_1,47,0.0
PJME_conventional_hydroelectric_1,48,0.0
PJME_conventional_hydroelectric_1,49,1238.1780000000003
PJME_conventional_hydroelectric_1,50,1238.1780000000003
PJME_conventional_hydroelectric_1,51,1238.1780000000003
PJME_conventional_hydroelectric_1,52,1238.1780000000003
PJME_conventional_hydroelectric_1,53,1238.1780000000003
PJME_conventional_hydroelectric_1,54,1238.1780000000003
PJME_conventional_hydroelectric_1,55,1238.1780000000003
PJME_conventional_hydroelectric_1,56,1238.1780000000003
PJME_conventional_hydroelectric_1,57,474.81046180543126
PJME_conventional_hydroelectric_1,58,897.4458733101619
PJME_conventional_hydroelectric_1,59,719.4318237140599
PJME_conventional_hydroelectric_1,60,474.05795117687865
PJME_conventional_hydroelectric_1,61,0.0
PJME_conventional_hydroelectric_1,62,122.99447927992014
PJME_conventional_hydroelectric_1,63,264.26693290860896
PJME_conventional_hydroelectric_1,64,1044.2849539642616
PJME_conventional_hydroelectric_1,65,544.272530126832
PJME_conventional_hydroelectric_1,66,0.0
PJME_conventional_hydroelectric_1,67,544.272530126832
PJME_conventional_hydroelectric_1,68,1016.2364761774312
PJME_conventional_hydroelectric_1,69,772.6479809762371
PJME_conventional_hydroelectric_1,70,1238.1780000000003
PJME_conventional_hydroelectric_1,71,1060.6020073929594
PJME_conventional_hydroelectric_1,72,1162.8768018853439
PJME_conventional_hydroelectric_1,73,544.272530126832
PJME_conventional_hydroelectric_1,74,610.754376882856
PJME_conventional_hydroelectric_1,75,995.1357639633623
PJME_conventional_hydroelectric_1,76,487.19290602116064
PJME_conventional_hydroelectric_1,77,0.0
PJME_conventional_hydroelectric_1,78,614.0490456836153
PJME_conventional_hydroelectric_1,79,1088.5593402536635
PJME_conventional_hydroelectric_1,80,439.3882424922232
PJME_conventional_hydroelectric_1,81,1238.1780000000003
PJME_conventional_hydroelectric_1,82,1238.1780000000003
PJME_conventional_hydroelectric_1,83,1238.1780000000003
PJME_conventional_hydroelectric_1,84,1238.1780000000003
PJME_conventional_hydroelectric_1,85,1238.1780000000003
PJME_conventional_hydroelectric_1,86,1238.1780000000003
PJME_conventional_hydroelectric_1,87,1238.1780000000003
PJME_conventional_hydroelectric_1,88,1238.1780000000003
PJME_conventional_hydroelectric_1,89,1238.1780000000003
PJME_conventional_hydroelectric_1,90,1238.1780000000003
PJME_conventional_hydroelectric_1,91,0.0
PJME_conventional_hydroelectric_1,92,0.0
PJME_conventional_hydroelectric_1,93,0.0
PJME_conventional_hydroelectric_1,94,0.0
PJME_conventional_hydroelectric_1,95,0.0
PJME_conventional_hydroelectric_1,96,0.0
PJME_conventional_hydroelectric_1,97,588.0463709356079
PJME_conventional_hydroelectric_1,98,588.1573275308639
PJME_conventional_hydroelectric_1,99,598.6079555701476
PJME_conventional_hydroelectric_1,100,684.913121390024
PJME_conventional_hydroelectric_1,101,1132.8977923707598
PJME_conventional_hydroelectric_1,102,1063.2297176951283
PJME_conventional_hydroelectric_1,103,588.916674438768
PJME_conventional_hydroelectric_1,104,1238.1780000000003
PJME_conventional_hydroelectric_1,105,589.187357838144
PJME_conventional_hydroelectric_1,106,589.2983144333999
PJME_conventional_hydroelectric_1,107,589.478770032984
PJME_conventional_hydroelectric_1,108,589.58972662824
PJME_conventional_hydroelectric_1,109,710.8511084394961
PJME_conventional_hydroelectric_1,110,843.8956115770222
PJME_conventional_hydroelectric_1,111,590.057661341304
PJME_conventional_hydroelectric_1,112,590.2381169408881
PJME_conventional_hydroelectric_1,113,1134.6358836629756
PJME_conventional_hydroelectric_1,114,892.3810704041205
PJME_conventional_hydroelectric_1,115,1134.892287062352
PJME_conventional_hydroelectric_1,116,1135.0895383760399
PJME_conventional_hydroelectric_1,117,294.9520896170898
PJME_conventional_hydroelectric_1,118,1238.1780000000003
PJME_conventional_hydroelectric_1,119,1238.1780000000003
PJME_conventional_hydroelectric_1,120,1135.651633970256
PJME_conventional_hydroelectric_1,121,0.0
PJME_conventional_hydroelectric_1,122,0.0
PJME_conventional_hydroelectric_1,123,0.0
PJME_conventional_hydroelectric_1,124,0.0
PJME_conventional_hydroelectric_1,125,0.0
PJME_conventional_hydroelectric_1,126,0.0
PJME_conventional_hydroelectric_1,127,363.61804448587634
PJME_conventional_hydroelectric_1,128,162.72095699059207
PJME_conventional_hydroelectric_1,129,0.0
PJME_conventional_hydroelectric_1,130,161.46864931860006
PJME_conventional_hydroelectric_1,131,0.0
PJME_conventional_hydroelectric_1,132,0.0
PJME_conventional_hydroelectric_1,133,159.574200563232
PJME_conventional_hydroelectric_1,134,31.396248684770672
PJME_conventional_hydroelectric_1,135,158.32189289124
PJME_conventional_hydroelectric_1,136,157.66295609376
PJME_conventional_hydroelectric_1,137,157.06958521924798
PJME_conventional_hydroelectric_1,138,76.95358804327066
PJME_conventional_hydroelectric_1,139,62.17792933219744
PJME_conventional_hydroelectric_1,140,0.0
PJME_conventional_hydroelectric_1,141,596.5673334341761
PJME_conventional_hydroelectric_1,142,0.0
PJME_conventional_hydroelectric_1,143,0.0
PJME_conventional_hydroelectric_1,144,0.0
PJME_conventional_hydroelectric_1,145,167.136816804048
PJME_conventional_hydroelectric_1,146,166.56417472499993
PJME_conventional_hydroelectric_1,147,0.0
PJME_conventional_hydroelectric_1,148,0.0
PJME_conventional_hydroelectric_1,149,277.8906302156441
PJME_conventional_hydroelectric_1,150,163.97326466258397
PJME_conventional_hydroelectric_1,151,534.4440835243395
PJME_conventional_hydroelectric_1,152,0.0
PJME_conventional_hydroelectric_1,153,162.148314911544
PJME_conventional_hydroelectric_1,154,0.0
PJME_conventional_hydroelectric_1,155,160.80971252112005
PJME_conventional_hydroelectric_1,156,160.23707044207197
PJME_conventional_hydroelectric_1,157,0.0
PJME_conventional_hydroelectric_1,158,0.0
PJME_conventional_hydroelectric_1,159,0.0
PJME_conventional_hydroelectric_1,160,0.0
PJME_conventional_hydroelectric_1,161,0.0
PJME_conventional_hydroelectric_1,162,0.0
PJME_conventional_hydroelectric_1,163,93.63934821505855
PJME_conventional_hydroelectric_1,164,155.15834074977602
PJME_conventional_hydroelectric_1,165,431.3061011619359
PJME_conventional_hydroelectric_1,166,595.3957937754951
PJME_conventional_hydroelectric_1,167,0.0
PJME_conventional_hydroelectric_1,168,32.2340675124035
PJME_conventional_hydroelectric_1,169,0.0
PJME_conventional_hydroelectric_1,170,0.0
PJME_conventional_hydroelectric_1,171,165.90523792751992
PJME_conventional_hydroelectric_1,172,165.31186705300797
PJME_conventional_hydroelectric_1,173,0.0
PJME_conventional_hydroelectric_1,174,0.0
PJME_conventional_hydroelectric_1,175,0.0
PJME_conventional_hydroelectric_1,176,0.0
PJME_conventional_hydroelectric_1,177,0.0
PJME_conventional_hydroelectric_1,178,0.0
PJME_conventional_hydroelectric_1,179,0.0
PJME_conventional_hydroelectric_1,180,0.0
PJME_conventional_hydroelectric_1,181,0.0
PJME_conventional_hydroelectric_1,182,127.60530979941336
PJME_conventional_hydroelectric_1,183,0.0
PJME_conventional_hydroelectric_1,184,0.0
PJME_conventional_hydroelectric_1,185,0.0
PJME_conventional_hydroelectric_1,186,79.45706037849732
PJME_conventional_hydroelectric_1,187,0.0
PJME_conventional_hydroelectric_1,188,0.0
PJME_conventional_hydroelectric_1,189,364.81824935618397
PJME_conventional_hydroelectric_1,190,0.0
PJME_conventional_hydroelectric_1,191,153.24709628030405
PJME_conventional_hydroelectric_1,192,120.41965789338865
PJME_conventional_hydroelectric_1,193,734.6615054266799
PJME_conventional_hydroelectric_1,194,734.6615054266799
PJME_conventional_hydroelectric_1,195,734.6615054266799
PJME_conventional_hydroelectric_1,196,734.6615054266799
PJME_conventional_hydroelectric_1,197,621.4238054665639
PJME_conventional_hydroelectric_1,198,734.6615054266799
PJME_conventional_hydroelectric_1,199,0.0
PJME_conventional_hydroelectric_1,200,734.6615054266799
PJME_conventional_hydroelectric_1,201,734.6615054266799
PJME_conventional_hydroelectric_1,202,734.6615054266799
PJME_conventional_hydroelectric_1,203,734.6615054266799
PJME_conventional_hydroelectric_1,204,734.6615054266799
PJME_conventional_hydroelectric_1,205,734.6615054266799
PJME_conventional_hydroelectric_1,206,734.6615054266799
PJME_conventional_hydroelectric_1,207,734.6615054266799
PJME_conventional_hydroelectric_1,208,734.6615054266799
PJME_conventional_hydroelectric_1,209,734.6615054266799
PJME_conventional_hydroelectric_1,210,734.6615054266799
PJME_conventional_hydroelectric_1,211,734.6615054266799
PJME_conventional_hydroelectric_1,212,734.6615054266799
PJME_conventional_hydroelectric_1,213,734.6615054266799
PJME_conventional_hydroelectric_1,214,734.6615054266799
PJME_conventional_hydroelectric_1,215,734.6615054266799
PJME_conventional_hydroelectric_1,216,734.6615054266799
PJME_conventional_hydroelectric_1,217,1059.3418874547597
PJME_conventional_hydroelectric_1,218,1058.557514495832
PJME_conventional_hydroelectric_1,219,1057.7075756139361
PJME_conventional_hydroelectric_1,220,1056.943931450472
PJME_conventional_hydroelectric_1,221,1056.180287287008
PJME_conventional_hydroelectric_1,222,1055.309619609648
PJME_conventional_hydroelectric_1,223,1054.5627711602879
PJME_conventional_hydroelectric_1,224,1223.5851053629851
PJME_conventional_hydroelectric_1,225,1052.9284593194639
PJME_conventional_hydroelectric_1,226,1052.1648151559998
PJME_conventional_hydroelectric_1,227,1051.3148762741039
PJME_conventional_hydroelectric_1,228,1050.5305033151758
PJME_conventional_hydroelectric_1,229,1065.8009154606236
PJME_conventional_hydroelectric_1,230,1048.9169202698158
PJME_conventional_hydroelectric_1,231,1048.149343024992
PJME_conventional_hydroelectric_1,232,1047.2994041430961
PJME_conventional_hydroelectric_1,233,1046.535759979632
PJME_conventional_hydroelectric_1,234,1045.6858210977362
PJME_conventional_hydroelectric_1,235,1044.901448138808
PJME_conventional_hydroelectric_1,236,1044.137803975344
PJME_conventional_hydroelectric_1,237,1043.287865093448
PJME_conventional_hydroelectric_1,238,1042.50349213452
PJME_conventional_hydroelectric_1,239,952.8223782750108
PJME_conventional_hydroelectric_1,240,1040.906704803264
PJME_conventional_hydroelectric_1,241,0.0
PJME_conventional_hydroelectric_1,242,0.0
PJME_conventional_hydroelectric_1,243,0.0
PJME_conventional_hydroelectric_1,244,0.0
PJME_conventional_hydroelectric_1,245,0.0
PJME_conventional_hydroelectric_1,246,0.0
PJME_conventional_hydroelectric_1,247,0.0
PJME_conventional_hydroelectric_1,248,0.0
PJME_conventional_hydroelectric_1,249,0.0
PJME_conventional_hydroelectric_1,250,0.0
PJME_conventional_hydroelectric_1,251,0.0
PJME_conventional_hydroelectric_1,252,0.0
PJME_conventional_hydroelectric_1,253,0.0
PJME_conventional_hydroelectric_1,254,0.0
PJME_conventional_hydroelectric_1,255,0.0
PJME_conventional_hydroelectric_1,256,0.0
PJME_conventional_hydroelectric_1,257,0.0
PJME_conventional_hydroelectric_1,258,0.0
PJME_conventional_hydroelectric_1,259,0.0
PJME_conventional_hydroelectric_1,260,0.0
PJME_conventional_hydroelectric_1,261,0.0
PJME_conventional_hydroelectric_1,262,0.0
PJME_conventional_hydroelectric_1,263,88.8479706917173
PJME_conventional_hydroelectric_1,264,0.0
PJME_conventional_hydroelectric_1,265,439.03683915179954
PJME_conventional_hydroelectric_1,266,446.11667111133323
PJME_conventional_hydroelectric_1,267,437.3919808261437
PJME_conventional_hydroelectric_1,268,436.5779495203676
PJME_conventional_hydroelectric_1,269,301.218051317976
PJME_conventional_hydroelectric_1,270,300.4040200121999
PJME_conventional_hydroelectric_1,271,299.48689827388785
PJME_conventional_hydroelectric_1,272,128.8005938835188
PJME_conventional_hydroelectric_1,273,297.842039948232
PJME_conventional_hydroelectric_1,274,297.0280086424559
PJME_conventional_hydroelectric_1,275,577.0132182696959
PJME_conventional_hydroelectric_1,276,1238.1780000000003
PJME_conventional_hydroelectric_1,277,1238.1780000000003
PJME_conventional_hydroelectric_1,278,1238.1780000000003
PJME_conventional_hydroelectric_1,279,1238.1780000000003
PJME_conventional_hydroelectric_1,280,955.5451959653988
PJME_conventional_hydroelectric_1,281,1238.1780000000003
PJME_conventional_hydroelectric_1,282,572.1097190068317
PJME_conventional_hydroelectric_1,283,976.4184707525291
PJME_conventional_hydroelectric_1,284,1238.1780000000003
PJME_conventional_hydroelectric_1,285,1238.1780000000003
PJME_conventional_hydroelectric_1,286,1090.0051681922462
PJME_conventional_hydroelectric_1,287,1238.1780000000003
PJME_conventional_hydroelectric_1,288,285.2999533350719
PJME_conventional_hydroelectric_1,289,1238.1780000000003
PJME_conventional_hydroelectric_1,290,972.1556475548299
PJME_conventional_hydroelectric_1,291,1238.1780000000003
PJME_conventional_hydroelectric_1,292,1238.1780000000003
PJME_conventional_hydroelectric_1,293,1203.1811095402923
PJME_conventional_hydroelectric_1,294,699.5948667188038
PJME_conventional_hydroelectric_1,295,628.1169680054882
PJME_conventional_hydroelectric_1,296,746.7154573135197
PJME_conventional_hydroelectric_1,297,134.514791182512
PJME_conventional_hydroelectric_1,298,134.514791182512
PJME_conventional_hydroelectric_1,299,0.0
PJME_conventional_hydroelectric_1,300,0.0
PJME_conventional_hydroelectric_1,301,0.0
PJME_conventional_hydroelectric_1,302,0.0
PJME_conventional_hydroelectric_1,303,0.0
PJME_conventional_hydroelectric_1,304,0.0
PJME_conventional_hydroelectric_1,305,0.0
PJME_conventional_hydroelectric_1,306,0.0
PJME_conventional_hydroelectric_1,307,0.0
PJME_conventional_hydroelectric_1,308,0.0
PJME_conventional_hydroelectric_1,309,0.0
PJME_conventional_hydroelectric_1,310,0.0
PJME_conventional_hydroelectric_1,311,0.0
PJME_conventional_hydroelectric_1,312,134.514791182512
PJME_conventional_hydroelectric_1,313,144.872051100192
PJME_conventional_hydroelectric_1,314,0.0
PJME_conventional_hydroelectric_1,315,0.0
PJME_conventional_hydroelectric_1,316,0.0
PJME_conventional_hydroelectric_1,317,0.0
PJME_conventional_hydroelectric_1,318,0.0
PJME_conventional_hydroelectric_1,319,0.0
PJME_conventional_hydroelectric_1,320,0.0
PJME_conventional_hydroelectric_1,321,797.8525089611054
PJME_conventional_hydroelectric_1,322,146.074335804072
PJME_conventional_hydroelectric_1,323,0.0
PJME_conventional_hydroelectric_1,324,0.0
PJME_conventional_hydroelectric_1,325,0.0
PJME_conventional_hydroelectric_1,326,0.0
PJME_conventional_hydroelectric_1,327,225.666076157646
PJME_conventional_hydroelectric_1,328,281.95388411390286
PJME_conventional_hydroelectric_1,329,572.7999310846077
PJME_conventional_hydroelectric_1,330,1238.1780000000003
PJME_conventional_hydroelectric_1,331,833.1790361765269
PJME_conventional_hydroelectric_1,332,324.50613766964364
PJME_conventional_hydroelectric_1,333,569.9735168505357
PJME_conventional_hydroelectric_1,334,314.4394011786157
PJME_conventional_hydroelectric_1,335,0.0
PJME_conventional_hydroelectric_1,336,148.06992301826403
PJME_conventional_hydroelectric_1,337,0.0
PJME_conventional_hydroelectric_1,338,0.0
PJME_conventional_hydroelectric_1,339,0.0
PJME_conventional_hydroelectric_1,340,0.0
PJME_conventional_hydroelectric_1,341,0.0
PJME_conventional_hydroelectric_1,342,0.0
PJME_conventional_hydroelectric_1,343,0.0
PJME_conventional_hydroelectric_1,344,0.0
PJME_conventional_hydroelectric_1,345,0.0
PJME_conventional_hydroelectric_1,346,520.0308855670557
PJME_conventional_hydroelectric_1,347,804.0715758928088
PJME_conventional_hydroelectric_1,348,0.0
PJME_conventional_hydroelectric_1,349,384.28699455479455
PJME_conventional_hydroelectric_1,350,745.2416151921835
PJME_conventional_hydroelectric_1,351,519.0091461847616
PJME_conventional_hydroelectric_1,352,744.8045451274344
PJME_conventional_hydroelectric_1,353,170.780030067816
PJME_conventional_hydroelectric_1,354,170.92064500992
PJME_conventional_hydroelectric_1,355,171.04446423791998
PJME_conventional_hydroelectric_1,356,417.4082363616599
PJME_conventional_hydroelectric_1,357,171.30889840802402
PJME_conventional_hydroelectric_1,358,574.4830444661301
PJME_conventional_hydroelectric_1,359,740.1664252731116
PJME_conventional_hydroelectric_1,360,520.6832089610637
PJME_conventional_hydroelectric_1,361,0.0
PJME_conventional_hydroelectric_1,362,0.0
PJME_conventional_hydroelectric_1,363,0.0
PJME_conventional_hydroelectric_1,364,0.0
PJME_conventional_hydroelectric_1,365,0.0
PJME_conventional_hydroelectric_1,366,0.0
PJME_conventional_hydroelectric_1,367,0.0
PJME_conventional_hydroelectric_1,368,0.0
PJME_conventional_hydroelectric_1,369,0.0
PJME_conventional_hydroelectric_1,370,0.0
PJME_conventional_hydroelectric_1,371,0.0
PJME_conventional_hydroelectric_1,372,0.0
PJME_conventional_hydroelectric_1,373,0.0
PJME_conventional_hydroelectric_1,374,0.0
PJME_conventional_hydroelectric_1,375,0.0
PJME_conventional_hydroelectric_1,376,0.0
PJME_conventional_hydroelectric_1,377,0.0
PJME_conventional_hydroelectric_1,378,0.0
PJME_conventional_hydroelectric_1,379,0.0
PJME_conventional_hydroelectric_1,380,0.0
PJME_conventional_hydroelectric_1,381,0.0
PJME_conventional_hydroelectric_1,382,0.0
PJME_conventional_hydroelectric_1,383,177.88916202782403
PJME_conventional_hydroelectric_1,384,0.0
PJME_conventional_hydroelectric_1,385,519.5111463444239
PJME_conventional_hydroelectric_1,386,922.6394389338368
PJME_conventional_hydroelectric_1,387,664.737859414512
PJME_conventional_hydroelectric_1,388,664.8863405193359
PJME_conventional_hydroelectric_1,389,834.5529171036599
PJME_conventional_hydroelectric_1,390,1238.1780000000003
PJME_conventional_hydroelectric_1,391,1238.1780000000003
PJME_conventional_hydroelectric_1,392,1238.1780000000003
PJME_conventional_hydroelectric_1,393,1052.9894595871426
PJME_conventional_hydroelectric_1,394,1238.1780000000003
PJME_conventional_hydroelectric_1,395,954.1412427556073
PJME_conventional_hydroelectric_1,396,1096.3370960448715
PJME_conventional_hydroelectric_1,397,695.3090373892853
PJME_conventional_hydroelectric_1,398,349.73971857396003
PJME_conventional_hydroelectric_1,399,349.6853983502879
PJME_conventional_hydroelectric_1,400,349.56551220364804
PJME_conventional_hydroelectric_1,401,349.51119197997593
PJME_conventional_hydroelectric_1,402,349.391305833336
PJME_conventional_hydroelectric_1,403,349.250690891232
PJME_conventional_hydroelectric_1,404,349.19637066755996
PJME_conventional_hydroelectric_1,405,349.07648452091996
PJME_conventional_hydroelectric_1,406,348.935869578816
PJME_conventional_hydroelectric_1,407,122.35795717204792
PJME_conventional_hydroelectric_1,408,1238.1780000000003
PJME_conventional_hydroelectric_1,409,0.0
PJME_conventional_hydroelectric_1,410,0.0
PJME_conventional_hydroelectric_1,411,0.0
PJME_conventional_hydroelectric_1,412,0.0
PJME_conventional_hydroelectric_1,413,0.0
PJME_conventional_hydroelectric_1,414,0.0
PJME_conventional_hydroelectric_1,415,0.0
PJME_conventional_hydroelectric_1,416,0.0
PJME_conventional_hydroelectric_1,417,0.0
PJME_conventional_hydroelectric_1,418,0.0
PJME_conventional_hydroelectric_1,419,0.0
PJME_conventional_hydroelectric_1,420,0.0
PJME_conventional_hydroelectric_1,421,0.0
PJME_conventional_hydroelectric_1,422,0.0
PJME_conventional_hydroelectric_1,423,0.0
PJME_conventional_hydroelectric_1,424,169.52923736049598
PJME_conventional_hydroelectric_1,425,169.52923736049598
PJME_conventional_hydroelectric_1,426,0.0
PJME_conventional_hydroelectric_1,427,0.0
PJME_conventional_hydroelectric_1,428,0.0
PJME_conventional_hydroelectric_1,429,0.0
PJME_conventional_hydroelectric_1,430,169.52923736049598
PJME_conventional_hydroelectric_1,431,0.0
PJME_conventional_hydroelectric_1,432,0.0
PJME_conventional_hydroelectric_1,433,0.0
PJME_conventional_hydroelectric_1,434,0.0
PJME_conventional_hydroelectric_1,435,0.0
PJME_conventional_hydroelectric_1,436,0.0
PJME_conventional_hydroelectric_1,437,0.0
PJME_conventional_hydroelectric_1,438,0.0
PJME_conventional_hydroelectric_1,439,0.0
PJME_conventional_hydroelectric_1,440,0.0
PJME_conventional_hydroelectric_1,441,0.0
PJME_conventional_hydroelectric_1,442,0.0
PJME_conventional_hydroelectric_1,443,0.0
PJME_conventional_hydroelectric_1,444,433.76914237924797
PJME_conventional_hydroelectric_1,445,434.13666698188797
PJME_conventional_hydroelectric_1,446,434.43862566155997
PJME_conventional_hydroelectric_1,447,434.74058434123197
PJME_conventional_hydroelectric_1,448,0.0
PJME_conventional_hydroelectric_1,449,0.0
PJME_conventional_hydroelectric_1,450,0.0
PJME_conventional_hydroelectric_1,451,0.0
PJME_conventional_hydroelectric_1,452,0.0
PJME_conventional_hydroelectric_1,453,0.0
PJME_conventional_hydroelectric_1,454,0.0
PJME_conventional_hydroelectric_1,455,0.0
PJME_conventional_hydroelectric_1,456,0.0
PJME_conventional_hydroelectric_1,457,0.0
PJME_conventional_hydroelectric_1,458,0.0
PJME_conventional_hydroelectric_1,459,0.0
PJME_conventional_hydroelectric_1,460,0.0
PJME_conventional_hydroelectric_1,461,0.0
PJME_conventional_hydroelectric_1,462,0.0
PJME_conventional_hydroelectric_1,463,0.0
PJME_conventional_hydroelectric_1,464,0.0
PJME_conventional_hydroelectric_1,465,0.0
PJME_conventional_hydroelectric_1,466,0.0
PJME_conventional_hydroelectric_1,467,0.0
PJME_conventional_hydroelectric_1,468,0.0
PJME_conventional_hydroelectric_1,469,0.0
PJME_conventional_hydroelectric_1,470,0.0
PJME_conventional_hydroelectric_1,471,0.0
PJME_conventional_hydroelectric_1,472,0.0
PJME_conventional_hydroelectric_1,473,0.0
PJME_conventional_hydroelectric_1,474,0.0
PJME_conventional_hydroelectric_1,475,0.0
PJME_conventional_hydroelectric_1,476,0.0
PJME_conventional_hydroelectric_1,477,0.0
PJME_conventional_hydroelectric_1,478,0.0
PJME_conventional_hydroelectric_1,479,0.0
PJME_conventional_hydroelectric_1,480,0.0
PJME_conventional_hydroelectric_1,481,0.0
PJME_conventional_hydroelectric_1,482,0.0
PJME_conventional_hydroelectric_1,483,0.0
PJME_conventional_hydroelectric_1,484,0.0
PJME_conventional_hydroelectric_1,485,0.0
PJME_conventional_hydroelectric_1,486,45.98942182861165
PJME_conventional_hydroelectric_1,487,117.99618888213558
PJME_conventional_hydroelectric_1,488,0.0
PJME_conventional_hydroelectric_1,489,0.0
PJME_conventional_hydroelectric_1,490,0.0
PJME_conventional_hydroelectric_1,491,0.0
PJME_conventional_hydroelectric_1,492,0.0
PJME_conventional_hydroelectric_1,493,0.0
PJME_conventional_hydroelectric_1,494,0.0
PJME_conventional_hydroelectric_1,495,0.0
PJME_conventional_hydroelectric_1,496,0.0
PJME_conventional_hydroelectric_1,497,0.0
PJME_conventional_hydroelectric_1,498,0.0
PJME_conventional_hydroelectric_1,499,0.0
PJME_conventional_hydroelectric_1,500,0.0
PJME_conventional_hydroelectric_1,501,0.0
PJME_conventional_hydroelectric_1,502,0.0
PJME_conventional_hydroelectric_1,503,0.0
PJME_conventional_hydroelectric_1,504,0.0
PJME_conventional_hydroelectric_1,505,1003.81515465816
PJME_conventional_hydroelectric_1,506,1228.226965079744
PJME_conventional_hydroelectric_1,507,1004.918282010864
PJME_conventional_hydroelectric_1,508,1005.5373781508642
PJME_conventional_hydroelectric_1,509,1006.0701795724322
PJME_conventional_hydroelectric_1,510,1105.5356114405474
PJME_conventional_hydroelectric_1,511,1238.1780000000003
PJME_conventional_hydroelectric_1,512,729.1641695355609
PJME_conventional_hydroelectric_1,513,698.7386296810148
PJME_conventional_hydroelectric_1,514,449.9844356432877
PJME_conventional_hydroelectric_1,515,1009.563396766704
PJME_conventional_hydroelectric_1,516,17.31842061674388
PJME_conventional_hydroelectric_1,517,17.569992154103943
PJME_conventional_hydroelectric_1,518,17.887129614431956
PJME_conventional_hydroelectric_1,519,283.0001071324503
PJME_conventional_hydroelectric_1,520,283.9652111911679
PJME_conventional_hydroelectric_1,521,284.4980126127359
PJME_conventional_hydroelectric_1,522,1018.2107801562954
PJME_conventional_hydroelectric_1,523,1019.4552216655675
PJME_conventional_hydroelectric_1,524,1020.6716217614392
PJME_conventional_hydroelectric_1,525,956.005356535742
PJME_conventional_hydroelectric_1,526,287.47522409954377
PJME_conventional_hydroelectric_1,527,1073.1071128457274
PJME_conventional_hydroelectric_1,528,1025.6268963999355
PJME_conventional_hydroelectric_1,529,0.0
PJME_conventional_hydroelectric_1,530,0.0
PJME_conventional_hydroelectric_1,531,0.0
PJME_conventional_hydroelectric_1,532,0.0
PJME_conventional_hydroelectric_1,533,0.0
PJME_conventional_hydroelectric_1,534,0.0
PJME_conventional_hydroelectric_1,535,54.64814225583602
PJME_conventional_hydroelectric_1,536,332.1893724990953
PJME_conventional_hydroelectric_1,537,362.88327960510543
PJME_conventional_hydroelectric_1,538,559.0254309063841
PJME_conventional_hydroelectric_1,539,0.0
PJME_conventional_hydroelectric_1,540,559.0254309063841
PJME_conventional_hydroelectric_1,541,560.1223323395034
PJME_conventional_hydroelectric_1,542,560.8922257322395
PJME_conventional_hydroelectric_1,543,296.68975654906126
PJME_conventional_hydroelectric_1,544,559.0254309063841
PJME_conventional_hydroelectric_1,545,649.2391443503316
PJME_conventional_hydroelectric_1,546,0.0
PJME_conventional_hydroelectric_1,547,0.0
PJME_conventional_hydroelectric_1,548,0.0
PJME_conventional_hydroelectric_1,549,59.38471089521806
PJME_conventional_hydroelectric_1,550,559.0254309063841
PJME_conventional_hydroelectric_1,551,0.0
PJME_conventional_hydroelectric_1,552,0.0
PJME_conventional_hydroelectric_1,553,840.333622360802
PJME_conventional_hydroelectric_1,554,831.2599416204698
PJME_conventional_hydroelectric_1,555,592.212334413024
PJME_conventional_hydroelectric_1,556,592.554133750176
PJME_conventional_hydroelectric_1,557,592.875204291864
PJME_conventional_hydroelectric_1,558,548.4869540209005
PJME_conventional_hydroelectric_1,559,361.8346312076277
PJME_conventional_hydroelectric_1,560,593.8630777937519
PJME_conventional_hydroelectric_1,561,594.204877130904
PJME_conventional_hydroelectric_1,562,594.5259476725919
PJME_conventional_hydroelectric_1,563,738.2329644148267
PJME_conventional_hydroelectric_1,564,1238.1780000000003
PJME_conventional_hydroelectric_1,565,1238.1780000000003
PJME_conventional_hydroelectric_1,566,1238.1780000000003
PJME_conventional_hydroelectric_1,567,1238.1780000000003
PJME_conventional_hydroelectric_1,568,596.518490390472
PJME_conventional_hydroelectric_1,569,534.9253190976922
PJME_conventional_hydroelectric_1,570,1238.1780000000003
PJME_conventional_hydroelectric_1,571,1238.1780000000003
PJME_conventional_hydroelectric_1,572,1238.1780000000003
PJME_conventional_hydroelectric_1,573,1238.1780000000003
PJME_conventional_hydroelectric_1,574,598.5765990313199
PJME_conventional_hydroelectric_1,575,1238.1780000000003
PJME_conventional_hydroelectric_1,576,1238.1780000000003
PJMW_conventional_hydroelectric_1,1,902.496
PJMW_conventional_hydroelectric_1,2,641.4846576746801
PJMW_conventional_hydroelectric_1,3,902.496
PJMW_conventional_hydroelectric_1,4,902.496
PJMW_conventional_hydroelectric_1,5,902.496
PJMW_conventional_hydroelectric_1,6,902.4960000000002
PJMW_conventional_hydroelectric_1,7,0.0
PJMW_conventional_hydroelectric_1,8,902.4960000000002
PJMW_conventional_hydroelectric_1,9,303.60925288659257
PJMW_conventional_hydroelectric_1,10,902.4960000000002
PJMW_conventional_hydroelectric_1,11,902.496
PJMW_conventional_hydroelectric_1,12,902.4960000000002
PJMW_conventional_hydroelectric_1,13,902.496
PJMW_conventional_hydroelectric_1,14,902.4960000000002
PJMW_conventional_hydroelectric_1,15,902.496
PJMW_conventional_hydroelectric_1,16,902.4960000000002
PJMW_conventional_hydroelectric_1,17,902.496
PJMW_conventional_hydroelectric_1,18,902.4960000000002
PJMW_conventional_hydroelectric_1,19,902.496
PJMW_conventional_hydroelectric_1,20,902.4960000000002
PJMW_conventional_hydroelectric_1,21,902.496
PJMW_conventional_hydroelectric_1,22,902.4960000000002
PJMW_conventional_hydroelectric_1,23,902.496
PJMW_conventional_hydroelectric_1,24,902.4960000000002
PJMW_conventional_hydroelectric_1,25,0.0
PJMW_conventional_hydroelectric_1,26,0.0
PJMW_conventional_hydroelectric_1,27,0.0
PJMW_conventional_hydroelectric_1,28,0.0
PJMW_conventional_hydroelectric_1,29,0.0
PJMW_conventional_hydroelectric_1,30,59.698663819573426
PJMW_conventional_hydroelectric_1,31,0.0
PJMW_conventional_hydroelectric_1,32,60.31191180871167
PJMW_conventional_hydroelectric_1,33,902.496
PJMW_conventional_hydroelectric_1,34,0.0
PJMW_conventional_hydroelectric_1,35,0.0
PJMW_conventional_hydroelectric_1,36,0.0
PJMW_conventional_hydroelectric_1,37,0.0
PJMW_conventional_hydroelectric_1,38,0.0
PJMW_conventional_hydroelectric_1,39,0.0
PJMW_conventional_hydroelectric_1,40,0.0
PJMW_conventional_hydroelectric_1,41,0.0
PJMW_conventional_hydroelectric_1,42,0.0
PJMW_conventional_hydroelectric_1,43,0.0
PJMW_conventional_hydroelectric_1,44,0.0
PJMW_conventional_hydroelectric_1,45,0.0
PJMW_conventional_hydroelectric_1,46,0.0
PJMW_conventional_hydroelectric_1,47,0.0
PJMW_conventional_hydroelectric_1,48,0.0
PJMW_conventional_hydroelectric_1,49,878.7374255665497
PJMW_conventional_hydroelectric_1,50,902.4960000000002
PJMW_conventional_hydroelectric_1,51,902.496
PJMW_conventional_hydroelectric_1,52,902.4960000000002
PJMW_conventional_hydroelectric_1,53,902.496
PJMW_conventional_hydroelectric_1,54,902.4960000000002
PJMW_conventional_hydroelectric_1,55,902.496
PJMW_conventional_hydroelectric_1,56,902.4960000000002
PJMW_conventional_hydroelectric_1,57,659.3877950581934
PJMW_conventional_hydroelectric_1,58,902.4960000000002
PJMW_conventional_hydroelectric_1,59,902.496
PJMW_conventional_hydroelectric_1,60,659.3295829599849
PJMW_conventional_hydroelectric_1,61,659.2593642442391
PJMW_conventional_hydroelectric_1,62,659.2698391883839
PJMW_conventional_hydroelectric_1,63,659.1906772018857
PJMW_conventional_hydroelectric_1,64,659.2011521460306
PJMW_conventional_hydroelectric_1,65,659.1309334302848
PJMW_conventional_hydroelectric_1,66,83.40275614768984
PJMW_conventional_hydroelectric_1,67,659.1432463825006
PJMW_conventional_hydroelectric_1,68,659.0727213320763
PJMW_conventional_hydroelectric_1,69,659.0831962762211
PJMW_conventional_hydroelectric_1,70,659.0040342897228
PJMW_conventional_hydroelectric_1,71,659.0145092338677
PJMW_conventional_hydroelectric_1,72,658.9442905181218
PJMW_conventional_hydroelectric_1,73,326.75734777326045
PJMW_conventional_hydroelectric_1,74,0.0
PJMW_conventional_hydroelectric_1,75,0.0
PJMW_conventional_hydroelectric_1,76,0.0
PJMW_conventional_hydroelectric_1,77,0.0
PJMW_conventional_hydroelectric_1,78,326.75734777326045
PJMW_conventional_hydroelectric_1,79,653.5146955465209
PJMW_conventional_hydroelectric_1,80,326.75734777326045
PJMW_conventional_hydroelectric_1,81,326.75734777326045
PJMW_conventional_hydroelectric_1,82,326.75734777326045
PJMW_conventional_hydroelectric_1,83,326.75734777326045
PJMW_conventional_hydroelectric_1,84,326.75734777326045
PJMW_conventional_hydroelectric_1,85,326.75734777326045
PJMW_conventional_hydroelectric_1,86,326.75734777326045
PJMW_conventional_hydroelectric_1,87,326.75734777326045
PJMW_conventional_hydroelectric_1,88,326.75734777326045
PJMW_conventional_hydroelectric_1,89,326.75734777326045
PJMW_conventional_hydroelectric_1,90,902.4960000000002
PJMW_conventional_hydroelectric_1,91,326.75734777326045
PJMW_conventional_hydroelectric_1,92,326.75734777326045
PJMW_conventional_hydroelectric_1,93,0.0
PJMW_conventional_hydroelectric_1,94,266.6387046952629
PJMW_conventional_hydroelectric_1,95,326.75734777326045
PJMW_conventional_hydroelectric_1,96,326.75734777326045
PJMW_conventional_hydroelectric_1,97,365.9595156459363
PJMW_conventional_hydroelectric_1,98,692.8773317349426
PJMW_conventional_hydroelectric_1,99,693.0285504452575
PJMW_conventional_hydroelectric_1,100,693.108018766434
PJMW_conventional_hydroelectric_1,101,693.2681807475014
PJMW_conventional_hydroelectric_1,102,366.6713012899868
PJMW_conventional_hydroelectric_1,103,366.75046327648505
PJMW_conventional_hydroelectric_1,104,366.9109315922308
PJMW_conventional_hydroelectric_1,105,367.0713999079766
PJMW_conventional_hydroelectric_1,106,367.14161862372237
PJMW_conventional_hydroelectric_1,107,367.30208693946827
PJMW_conventional_hydroelectric_1,108,0.0
PJMW_conventional_hydroelectric_1,109,0.0
PJMW_conventional_hydroelectric_1,110,0.0
PJMW_conventional_hydroelectric_1,111,0.0
PJMW_conventional_hydroelectric_1,112,0.0
PJMW_conventional_hydroelectric_1,113,0.0
PJMW_conventional_hydroelectric_1,114,368.17250289119363
PJMW_conventional_hydroelectric_1,115,368.33266487226103
PJMW_conventional_hydroelectric_1,116,368.4931331880068
PJMW_conventional_hydroelectric_1,117,695.329949282444
PJMW_conventional_hydroelectric_1,118,428.8514065682483
PJMW_conventional_hydroelectric_1,119,368.88428853524425
PJMW_conventional_hydroelectric_1,120,368.9634505217424
PJMW_conventional_hydroelectric_1,121,0.0
PJMW_conventional_hydroelectric_1,122,0.0
PJMW_conventional_hydroelectric_1,123,0.0
PJMW_conventional_hydroelectric_1,124,0.0
PJMW_conventional_hydroelectric_1,125,0.0
PJMW_conventional_hydroelectric_1,126,56.34617749563743
PJMW_conventional_hydroelectric_1,127,373.6383049199321
PJMW_conventional_hydroelectric_1,128,373.6383049199321
PJMW_conventional_hydroelectric_1,129,373.6383049199321
PJMW_conventional_hydroelectric_1,130,0.0
PJMW_conventional_hydroelectric_1,131,0.0
PJMW_conventional_hydroelectric_1,132,528.1748325352444
PJMW_conventional_hydroelectric_1,133,528.2305343909486
PJMW_conventional_hydroelectric_1,134,398.79336991297953
PJMW_conventional_hydroelectric_1,135,528.2606317731096
PJMW_conventional_hydroelectric_1,136,174.96310360009795
PJMW_conventional_hydroelectric_1,137,0.0
PJMW_conventional_hydroelectric_1,138,0.0
PJMW_conventional_hydroelectric_1,139,0.0
PJMW_conventional_hydroelectric_1,140,160.03614558883652
PJMW_conventional_hydroelectric_1,141,0.0
PJMW_conventional_hydroelectric_1,142,159.83555593950598
PJMW_conventional_hydroelectric_1,143,0.0
PJMW_conventional_hydroelectric_1,144,0.0
PJMW_conventional_hydroelectric_1,145,161.78401468059593
PJMW_conventional_hydroelectric_1,146,0.0
PJMW_conventional_hydroelectric_1,147,0.0
PJMW_conventional_hydroelectric_1,148,0.0
PJMW_conventional_hydroelectric_1,149,0.0
PJMW_conventional_hydroelectric_1,150,0.0
PJMW_conventional_hydroelectric_1,151,174.91363813056773
PJMW_conventional_hydroelectric_1,152,0.0
PJMW_conventional_hydroelectric_1,153,93.35318850559149
PJMW_conventional_hydroelectric_1,154,299.9274672930552
PJMW_conventional_hydroelectric_1,155,160.89835006931935
PJMW_conventional_hydroelectric_1,156,0.0
PJMW_conventional_hydroelectric_1,157,0.0
PJMW_conventional_hydroelectric_1,158,129.49286633367333
PJMW_conventional_hydroelectric_1,159,0.0
PJMW_conventional_hydroelectric_1,160,353.34428675796346
PJMW_conventional_hydroelectric_1,161,528.3624795444089
PJMW_conventional_hydroelectric_1,162,160.24567850891953
PJMW_conventional_hydroelectric_1,163,160.14091204887814
PJMW_conventional_hydroelectric_1,164,0.0
PJMW_conventional_hydroelectric_1,165,159.93137912879507
PJMW_conventional_hydroelectric_1,166,0.0
PJMW_conventional_hydroelectric_1,167,159.73078947946453
PJMW_conventional_hydroelectric_1,168,0.0
PJMW_conventional_hydroelectric_1,169,0.0
PJMW_conventional_hydroelectric_1,170,161.67924822055454
PJMW_conventional_hydroelectric_1,171,161.65548175508206
PJMW_conventional_hydroelectric_1,172,161.55071529504062
PJMW_conventional_hydroelectric_1,173,406.21559272218076
PJMW_conventional_hydroelectric_1,174,492.31053201490386
PJMW_conventional_hydroelectric_1,175,0.0
PJMW_conventional_hydroelectric_1,176,4.5840945941469045
PJMW_conventional_hydroelectric_1,177,0.0
PJMW_conventional_hydroelectric_1,178,0.0
PJMW_conventional_hydroelectric_1,179,0.0
PJMW_conventional_hydroelectric_1,180,0.0
PJMW_conventional_hydroelectric_1,181,0.0
PJMW_conventional_hydroelectric_1,182,0.0
PJMW_conventional_hydroelectric_1,183,0.0
PJMW_conventional_hydroelectric_1,184,0.0
PJMW_conventional_hydroelectric_1,185,0.0
PJMW_conventional_hydroelectric_1,186,0.0
PJMW_conventional_hydroelectric_1,187,0.0
PJMW_conventional_hydroelectric_1,188,0.0
PJMW_conventional_hydroelectric_1,189,0.0
PJMW_conventional_hydroelectric_1,190,0.0
PJMW_conventional_hydroelectric_1,191,0.0
PJMW_conventional_hydroelectric_1,192,159.6260230194231
PJMW_conventional_hydroelectric_1,193,387.3155271355837
PJMW_conventional_hydroelectric_1,194,387.3155271355837
PJMW_conventional_hydroelectric_1,195,387.3155271355837
PJMW_conventional_hydroelectric_1,196,387.3155271355837
PJMW_conventional_hydroelectric_1,197,142.545883248402
PJMW_conventional_hydroelectric_1,198,0.0
PJMW_conventional_hydroelectric_1,199,0.0
PJMW_conventional_hydroelectric_1,200,170.2247770763794
PJMW_conventional_hydroelectric_1,201,81.35091670489328
PJMW_conventional_hydroelectric_1,202,248.3911763718894
PJMW_conventional_hydroelectric_1,203,387.3155271355837
PJMW_conventional_hydroelectric_1,204,387.3155271355837
PJMW_conventional_hydroelectric_1,205,387.3155271355837
PJMW_conventional_hydroelectric_1,206,387.3155271355837
PJMW_conventional_hydroelectric_1,207,387.3155271355837
PJMW_conventional_hydroelectric_1,208,387.3155271355837
PJMW_conventional_hydroelectric_1,209,387.3155271355837
PJMW_conventional_hydroelectric_1,210,387.3155271355837
PJMW_conventional_hydroelectric_1,211,387.3155271355837
PJMW_conventional_hydroelectric_1,212,387.3155271355837
PJMW_conventional_hydroelectric_1,213,387.3155271355837
PJMW_conventional_hydroelectric_1,214,387.3155271355837
PJMW_conventional_hydroelectric_1,215,387.3155271355837
PJMW_conventional_hydroelectric_1,216,387.3155271355837
PJMW_conventional_hydroelectric_1,217,527.5849851118235
PJMW_conventional_hydroelectric_1,218,527.118607582425
PJMW_conventional_hydroelectric_1,219,526.5712300584576
PJMW_conventional_hydroelectric_1,220,526.0959092583066
PJMW_conventional_hydroelectric_1,221,525.6295317289082
PJMW_conventional_hydroelectric_1,222,525.1631541995098
PJMW_conventional_hydroelectric_1,223,524.6878333993589
PJMW_conventional_hydroelectric_1,224,524.2214558699604
PJMW_conventional_hydroelectric_1,225,523.6740783459929
PJMW_conventional_hydroelectric_1,226,523.198757545842
PJMW_conventional_hydroelectric_1,227,522.7323800164436
PJMW_conventional_hydroelectric_1,228,522.2656961523667
PJMW_conventional_hydroelectric_1,229,521.790375352216
PJMW_conventional_hydroelectric_1,230,521.2429978282482
PJMW_conventional_hydroelectric_1,231,520.7766202988498
PJMW_conventional_hydroelectric_1,232,520.3012994986989
PJMW_conventional_hydroelectric_1,233,519.8349219693005
PJMW_conventional_hydroelectric_1,234,519.368544439902
PJMW_conventional_hydroelectric_1,235,518.8932236397513
PJMW_conventional_hydroelectric_1,236,518.3458461157836
PJMW_conventional_hydroelectric_1,237,517.879468586385
PJMW_conventional_hydroelectric_1,238,307.05383317880444
PJMW_conventional_hydroelectric_1,239,516.9377702568358
PJMW_conventional_hydroelectric_1,240,516.4713927274374
PJMW_conventional_hydroelectric_1,241,0.0
PJMW_conventional_hydroelectric_1,242,0.0
PJMW_conventional_hydroelectric_1,243,0.0
PJMW_conventional_hydroelectric_1,244,0.0
PJMW_conventional_hydroelectric_1,245,0.0
PJMW_conventional_hydroelectric_1,246,0.0
PJMW_conventional_hydroelectric_1,247,0.0
PJMW_conventional_hydroelectric_1,248,0.0
PJMW_conventional_hydroelectric_1,249,0.0
PJMW_conventional_hydroelectric_1,250,0.0
PJMW_conventional_hydroelectric_1,251,0.0
PJMW_conventional_hydroelectric_1,252,0.0
PJMW_conventional_hydroelectric_1,253,0.0
PJMW_conventional_hydroelectric_1,254,0.0
PJMW_conventional_hydroelectric_1,255,0.0
PJMW_conventional_hydroelectric_1,256,0.0
PJMW_conventional_hydroelectric_1,257,0.0
PJMW_conventional_hydroelectric_1,258,0.0
PJMW_conventional_hydroelectric_1,259,0.0
PJMW_conventional_hydroelectric_1,260,0.0
PJMW_conventional_hydroelectric_1,261,0.0
PJMW_conventional_hydroelectric_1,262,210.35031460742982
PJMW_conventional_hydroelectric_1,263,0.0
PJMW_conventional_hydroelectric_1,264,0.0
PJMW_conventional_hydroelectric_1,265,654.090774928003
PJMW_conventional_hydroelectric_1,266,654.0636387810672
PJMW_conventional_hydroelectric_1,267,722.4000628023103
PJMW_conventional_hydroelectric_1,268,654.0909791511219
PJMW_conventional_hydroelectric_1,269,654.0641493388648
PJMW_conventional_hydroelectric_1,270,654.1272627919288
PJMW_conventional_hydroelectric_1,271,435.5107281273242
PJMW_conventional_hydroelectric_1,272,902.4960000000002
PJMW_conventional_hydroelectric_1,273,592.9827005625996
PJMW_conventional_hydroelectric_1,274,654.0916939320382
PJMW_conventional_hydroelectric_1,275,722.4272895220114
PJMW_conventional_hydroelectric_1,276,902.4960000000002
PJMW_conventional_hydroelectric_1,277,654.1008414259097
PJMW_conventional_hydroelectric_1,278,654.073705278974
PJMW_conventional_hydroelectric_1,279,435.7288384184046
PJMW_conventional_hydroelectric_1,280,435.7919518714691
PJMW_conventional_hydroelectric_1,281,215.35321089979254
PJMW_conventional_hydroelectric_1,282,215.32638108753542
PJMW_conventional_hydroelectric_1,283,215.38980087527818
PJMW_conventional_hydroelectric_1,284,215.44397105758992
PJMW_conventional_hydroelectric_1,285,252.83443855930477
PJMW_conventional_hydroelectric_1,286,215.48056103307556
PJMW_conventional_hydroelectric_1,287,215.45373122081844
PJMW_conventional_hydroelectric_1,288,215.5168446738827
PJMW_conventional_hydroelectric_1,289,0.0
PJMW_conventional_hydroelectric_1,290,0.0
PJMW_conventional_hydroelectric_1,291,0.0
PJMW_conventional_hydroelectric_1,292,0.0
PJMW_conventional_hydroelectric_1,293,0.0
PJMW_conventional_hydroelectric_1,294,0.0
PJMW_conventional_hydroelectric_1,295,0.0
PJMW_conventional_hydroelectric_1,296,0.0
PJMW_conventional_hydroelectric_1,297,61.144766452448614
PJMW_conventional_hydroelectric_1,298,0.0
PJMW_conventional_hydroelectric_1,299,0.0
PJMW_conventional_hydroelectric_1,300,0.0
PJMW_conventional_hydroelectric_1,301,0.0
PJMW_conventional_hydroelectric_1,302,0.0
PJMW_conventional_hydroelectric_1,303,0.0
PJMW_conventional_hydroelectric_1,304,0.0
PJMW_conventional_hydroelectric_1,305,220.4929111539883
PJMW_conventional_hydroelectric_1,306,220.4929111539883
PJMW_conventional_hydroelectric_1,307,220.4929111539883
PJMW_conventional_hydroelectric_1,308,220.4929111539883
PJMW_conventional_hydroelectric_1,309,183.08455711076883
PJMW_conventional_hydroelectric_1,310,220.4929111539883
PJMW_conventional_hydroelectric_1,311,220.4929111539883
PJMW_conventional_hydroelectric_1,312,220.4929111539883
PJMW_conventional_hydroelectric_1,313,902.496
PJMW_conventional_hydroelectric_1,314,902.4960000000002
PJMW_conventional_hydroelectric_1,315,834.1330525011783
PJMW_conventional_hydroelectric_1,316,902.4960000000002
PJMW_conventional_hydroelectric_1,317,902.496
PJMW_conventional_hydroelectric_1,318,902.4960000000002
PJMW_conventional_hydroelectric_1,319,902.496
PJMW_conventional_hydroelectric_1,320,654.073296832736
PJMW_conventional_hydroelectric_1,321,902.496
PJMW_conventional_hydroelectric_1,322,902.4960000000002
PJMW_conventional_hydroelectric_1,323,834.1422115338437
PJMW_conventional_hydroelectric_1,324,654.1276712381668
PJMW_conventional_hydroelectric_1,325,902.496
PJMW_conventional_hydroelectric_1,326,902.4960000000002
PJMW_conventional_hydroelectric_1,327,651.8674140379651
PJMW_conventional_hydroelectric_1,328,432.46743775462926
PJMW_conventional_hydroelectric_1,329,432.3858250907033
PJMW_conventional_hydroelectric_1,330,218.22778744831214
PJMW_conventional_hydroelectric_1,331,218.22748111363387
PJMW_conventional_hydroelectric_1,332,432.2863258852724
PJMW_conventional_hydroelectric_1,333,432.1147699560248
PJMW_conventional_hydroelectric_1,334,902.4960000000002
PJMW_conventional_hydroelectric_1,335,562.9191143708697
PJMW_conventional_hydroelectric_1,336,902.4960000000002
PJMW_conventional_hydroelectric_1,337,214.51193077970962
PJMW_conventional_hydroelectric_1,338,214.51193077970962
PJMW_conventional_hydroelectric_1,339,214.43062445046203
PJMW_conventional_hydroelectric_1,340,214.42137484503112
PJMW_conventional_hydroelectric_1,341,214.42137484503112
PJMW_conventional_hydroelectric_1,342,0.0
PJMW_conventional_hydroelectric_1,343,0.0
PJMW_conventional_hydroelectric_1,344,0.0
PJMW_conventional_hydroelectric_1,345,0.0
PJMW_conventional_hydroelectric_1,346,0.0
PJMW_conventional_hydroelectric_1,347,214.24026297567414
PJMW_conventional_hydroelectric_1,348,214.23995664099567
PJMW_conventional_hydroelectric_1,349,214.23995664099567
PJMW_conventional_hydroelectric_1,350,214.1586503117481
PJMW_conventional_hydroelectric_1,351,683.0966363860213
PJMW_conventional_hydroelectric_1,352,902.4960000000002
PJMW_conventional_hydroelectric_1,353,902.496
PJMW_conventional_hydroelectric_1,354,214.05915110631724
PJMW_conventional_hydroelectric_1,355,214.05884477163875
PJMW_conventional_hydroelectric_1,356,902.4960000000002
PJMW_conventional_hydroelectric_1,357,902.496
PJMW_conventional_hydroelectric_1,358,432.10521401591524
PJMW_conventional_hydroelectric_1,359,771.6820996450458
PJMW_conventional_hydroelectric_1,360,432.1046013465583
PJMW_conventional_hydroelectric_1,361,0.0
PJMW_conventional_hydroelectric_1,362,0.0
PJMW_conventional_hydroelectric_1,363,0.0
PJMW_conventional_hydroelectric_1,364,0.0
PJMW_conventional_hydroelectric_1,365,0.0
PJMW_conventional_hydroelectric_1,366,0.0
PJMW_conventional_hydroelectric_1,367,0.0
PJMW_conventional_hydroelectric_1,368,0.0
PJMW_conventional_hydroelectric_1,369,0.0
PJMW_conventional_hydroelectric_1,370,0.0
PJMW_conventional_hydroelectric_1,371,0.0
PJMW_conventional_hydroelectric_1,372,0.0
PJMW_conventional_hydroelectric_1,373,0.0
PJMW_conventional_hydroelectric_1,374,0.0
PJMW_conventional_hydroelectric_1,375,0.0
PJMW_conventional_hydroelectric_1,376,0.0
PJMW_conventional_hydroelectric_1,377,0.0
PJMW_conventional_hydroelectric_1,378,435.09671680935287
PJMW_conventional_hydroelectric_1,379,435.16877353316977
PJMW_conventional_hydroelectric_1,380,215.81003248908164
PJMW_conventional_hydroelectric_1,381,0.0
PJMW_conventional_hydroelectric_1,382,0.0
PJMW_conventional_hydroelectric_1,383,0.0
PJMW_conventional_hydroelectric_1,384,0.0
PJMW_conventional_hydroelectric_1,385,434.2837556284368
PJMW_conventional_hydroelectric_1,386,414.8311887007354
PJMW_conventional_hydroelectric_1,387,414.83180137009236
PJMW_conventional_hydroelectric_1,388,414.75974464627564
PJMW_conventional_hydroelectric_1,389,414.6879942571374
PJMW_conventional_hydroelectric_1,390,629.028062772921
PJMW_conventional_hydroelectric_1,391,567.0957511358854
PJMW_conventional_hydroelectric_1,392,529.5517912718554
PJMW_conventional_hydroelectric_1,393,628.8750060545351
PJMW_conventional_hydroelectric_1,394,648.9757771619084
PJMW_conventional_hydroelectric_1,395,434.72626458080333
PJMW_conventional_hydroelectric_1,396,434.7986276392985
PJMW_conventional_hydroelectric_1,397,434.87099069779373
PJMW_conventional_hydroelectric_1,398,434.87099069779373
PJMW_conventional_hydroelectric_1,399,434.94304742161046
PJMW_conventional_hydroelectric_1,400,435.02404741617954
PJMW_conventional_hydroelectric_1,401,435.0157168147841
PJMW_conventional_hydroelectric_1,402,902.4960000000002
PJMW_conventional_hydroelectric_1,403,902.496
PJMW_conventional_hydroelectric_1,404,219.34979777333584
PJMW_conventional_hydroelectric_1,405,435.24083025698656
PJMW_conventional_hydroelectric_1,406,435.3134996501603
PJMW_conventional_hydroelectric_1,407,413.97079670043365
PJMW_conventional_hydroelectric_1,408,413.97079670043365
PJMW_conventional_hydroelectric_1,409,0.0
PJMW_conventional_hydroelectric_1,410,0.0
PJMW_conventional_hydroelectric_1,411,0.0
PJMW_conventional_hydroelectric_1,412,0.0
PJMW_conventional_hydroelectric_1,413,0.0
PJMW_conventional_hydroelectric_1,414,0.0
PJMW_conventional_hydroelectric_1,415,0.0
PJMW_conventional_hydroelectric_1,416,0.0
PJMW_conventional_hydroelectric_1,417,0.0
PJMW_conventional_hydroelectric_1,418,0.0
PJMW_conventional_hydroelectric_1,419,0.0
PJMW_conventional_hydroelectric_1,420,0.0
PJMW_conventional_hydroelectric_1,421,220.15381568349991
PJMW_conventional_hydroelectric_1,422,220.15381568349991
PJMW_conventional_hydroelectric_1,423,220.15381568349991
PJMW_conventional_hydroelectric_1,424,110.32413545868624
PJMW_conventional_hydroelectric_1,425,0.0
PJMW_conventional_hydroelectric_1,426,0.0
PJMW_conventional_hydroelectric_1,427,0.0
PJMW_conventional_hydroelectric_1,428,0.0
PJMW_conventional_hydroelectric_1,429,0.0
PJMW_conventional_hydroelectric_1,430,0.0
PJMW_conventional_hydroelectric_1,431,0.0
PJMW_conventional_hydroelectric_1,432,0.0
PJMW_conventional_hydroelectric_1,433,0.0
PJMW_conventional_hydroelectric_1,434,0.0
PJMW_conventional_hydroelectric_1,435,0.0
PJMW_conventional_hydroelectric_1,436,0.0
PJMW_conventional_hydroelectric_1,437,0.0
PJMW_conventional_hydroelectric_1,438,0.0
PJMW_conventional_hydroelectric_1,439,0.0
PJMW_conventional_hydroelectric_1,440,0.0
PJMW_conventional_hydroelectric_1,441,0.0
PJMW_conventional_hydroelectric_1,442,0.0
PJMW_conventional_hydroelectric_1,443,0.0
PJMW_conventional_hydroelectric_1,444,0.0
PJMW_conventional_hydroelectric_1,445,193.87982217250612
PJMW_conventional_hydroelectric_1,446,193.80776544868945
PJMW_conventional_hydroelectric_1,447,193.7357087248727
PJMW_conventional_hydroelectric_1,448,303.49363856054816
PJMW_conventional_hydroelectric_1,449,0.0
PJMW_conventional_hydroelectric_1,450,0.0
PJMW_conventional_hydroelectric_1,451,0.0
PJMW_conventional_hydroelectric_1,452,0.0
PJMW_conventional_hydroelectric_1,453,0.0
PJMW_conventional_hydroelectric_1,454,0.0
PJMW_conventional_hydroelectric_1,455,0.0
PJMW_conventional_hydroelectric_1,456,0.0
PJMW_conventional_hydroelectric_1,457,0.0
PJMW_conventional_hydroelectric_1,458,0.0
PJMW_conventional_hydroelectric_1,459,0.0
PJMW_conventional_hydroelectric_1,460,0.0
PJMW_conventional_hydroelectric_1,461,0.0
PJMW_conventional_hydroelectric_1,462,0.0
PJMW_conventional_hydroelectric_1,463,0.0
PJMW_conventional_hydroelectric_1,464,0.0
PJMW_conventional_hydroelectric_1,465,0.0
PJMW_conventional_hydroelectric_1,466,0.0
PJMW_conventional_hydroelectric_1,467,0.0
PJMW_conventional_hydroelectric_1,468,0.0
PJMW_conventional_hydroelectric_1,469,0.0
PJMW_conventional_hydroelectric_1,470,0.0
PJMW_conventional_hydroelectric_1,471,0.0
PJMW_conventional_hydroelectric_1,472,0.0
PJMW_conventional_hydroelectric_1,473,0.0
PJMW_conventional_hydroelectric_1,474,0.0
PJMW_conventional_hydroelectric_1,475,0.0
PJMW_conventional_hydroelectric_1,476,0.0
PJMW_conventional_hydroelectric_1,477,0.0
PJMW_conventional_hydroelectric_1,478,0.0
PJMW_conventional_hydroelectric_1,479,0.0
PJMW_conventional_hydroelectric_1,480,0.0
PJMW_conventional_hydroelectric_1,481,0.0
PJMW_conventional_hydroelectric_1,482,0.0
PJMW_conventional_hydroelectric_1,483,0.0
PJMW_conventional_hydroelectric_1,484,0.0
PJMW_conventional_hydroelectric_1,485,0.0
PJMW_conventional_hydroelectric_1,486,0.0
PJMW_conventional_hydroelectric_1,487,280.4314605547048
PJMW_conventional_hydroelectric_1,488,99.31457784660574
PJMW_conventional_hydroelectric_1,489,0.0
PJMW_conventional_hydroelectric_1,490,0.0
PJMW_conventional_hydroelectric_1,491,0.0
PJMW_conventional_hydroelectric_1,492,0.0
PJMW_conventional_hydroelectric_1,493,0.0
PJMW_conventional_hydroelectric_1,494,0.0
PJMW_conventional_hydroelectric_1,495,0.0
PJMW_conventional_hydroelectric_1,496,0.0
PJMW_conventional_hydroelectric_1,497,0.0
PJMW_conventional_hydroelectric_1,498,0.0
PJMW_conventional_hydroelectric_1,499,0.0
PJMW_conventional_hydroelectric_1,500,0.0
PJMW_conventional_hydroelectric_1,501,0.0
PJMW_conventional_hydroelectric_1,502,0.0
PJMW_conventional_hydroelectric_1,503,0.0
PJMW_conventional_hydroelectric_1,504,0.0
PJMW_conventional_hydroelectric_1,505,480.1276677768812
PJMW_conventional_hydroelectric_1,506,499.34495265291343
PJMW_conventional_hydroelectric_1,507,499.26242098495186
PJMW_conventional_hydroelectric_1,508,499.1078325931737
PJMW_conventional_hydroelectric_1,509,499.02560725989065
PJMW_conventional_hydroelectric_1,510,498.86207559736
PJMW_conventional_hydroelectric_1,511,902.496
PJMW_conventional_hydroelectric_1,512,762.794673722195
PJMW_conventional_hydroelectric_1,513,498.5427302043372
PJMW_conventional_hydroelectric_1,514,478.19773377454277
PJMW_conventional_hydroelectric_1,515,478.04345171744296
PJMW_conventional_hydroelectric_1,516,477.8257498726004
PJMW_conventional_hydroelectric_1,517,63.556829964925555
PJMW_conventional_hydroelectric_1,518,0.0
PJMW_conventional_hydroelectric_1,519,0.0
PJMW_conventional_hydroelectric_1,520,63.15648457733357
PJMW_conventional_hydroelectric_1,521,261.2231003578495
PJMW_conventional_hydroelectric_1,522,476.50338815855184
PJMW_conventional_hydroelectric_1,523,476.35774303752584
PJMW_conventional_hydroelectric_1,524,902.4960000000002
PJMW_conventional_hydroelectric_1,525,902.496
PJMW_conventional_hydroelectric_1,526,902.4960000000002
PJMW_conventional_hydroelectric_1,527,496.7679547166508
PJMW_conventional_hydroelectric_1,528,496.69436631944177
PJMW_conventional_hydroelectric_1,529,0.0
PJMW_conventional_hydroelectric_1,530,0.0
PJMW_conventional_hydroelectric_1,531,0.0
PJMW_conventional_hydroelectric_1,532,0.0
PJMW_conventional_hydroelectric_1,533,0.0
PJMW_conventional_hydroelectric_1,534,0.0
PJMW_conventional_hydroelectric_1,535,0.0
PJMW_conventional_hydroelectric_1,536,0.0
PJMW_conventional_hydroelectric_1,537,0.0
PJMW_conventional_hydroelectric_1,538,0.0
PJMW_conventional_hydroelectric_1,539,0.0
PJMW_conventional_hydroelectric_1,540,0.0
PJMW_conventional_hydroelectric_1,541,0.0
PJMW_conventional_hydroelectric_1,542,63.393298302394896
PJMW_conventional_hydroelectric_1,543,63.31107296911182
PJMW_conventional_hydroelectric_1,544,0.0
PJMW_conventional_hydroelectric_1,545,215.51556985237104
PJMW_conventional_hydroelectric_1,546,0.0
PJMW_conventional_hydroelectric_1,547,0.0
PJMW_conventional_hydroelectric_1,548,0.0
PJMW_conventional_hydroelectric_1,549,0.0
PJMW_conventional_hydroelectric_1,550,0.0
PJMW_conventional_hydroelectric_1,551,0.0
PJMW_conventional_hydroelectric_1,552,0.0
PJMW_conventional_hydroelectric_1,553,344.6080281811403
PJMW_conventional_hydroelectric_1,554,582.3191493356911
PJMW_conventional_hydroelectric_1,555,321.84685393294376
PJMW_conventional_hydroelectric_1,556,322.3775702541202
PJMW_conventional_hydroelectric_1,557,322.8987306351876
PJMW_conventional_hydroelectric_1,558,263.6497831422213
PJMW_conventional_hydroelectric_1,559,495.9010531044315
PJMW_conventional_hydroelectric_1,560,0.0
PJMW_conventional_hydroelectric_1,561,264.42937937107297
PJMW_conventional_hydroelectric_1,562,325.4611436370353
PJMW_conventional_hydroelectric_1,563,325.99155362353395
PJMW_conventional_hydroelectric_1,564,569.679131044616
PJMW_conventional_hydroelectric_1,565,570.1987597522912
PJMW_conventional_hydroelectric_1,566,570.7186947946443
PJMW_conventional_hydroelectric_1,567,571.2386298369979
PJMW_conventional_hydroelectric_1,568,571.8395648739202
PJMW_conventional_hydroelectric_1,569,572.3591935815953
PJMW_conventional_hydroelectric_1,570,572.9598222838391
PJMW_conventional_hydroelectric_1,571,573.4797573261926
PJMW_conventional_hydroelectric_1,572,147.63479029047676
PJMW_conventional_hydroelectric_1,573,147.91913694648304
PJMW_conventional_hydroelectric_1,574,148.20348360248875
PJMW_conventional_hydroelectric_1,575,575.6398848208183
PJMW_conventional_hydroelectric_1,576,576.1598198631715
RMRG_conventional_hydroelectric_1,1,0.0
RMRG_conventional_hydroelectric_1,2,0.0
RMRG_conventional_hydroelectric_1,3,0.0
RMRG_conventional_hydroelectric_1,4,0.0
RMRG_conventional_hydroelectric_1,5,0.0
RMRG_conventional_hydroelectric_1,6,0.0
RMRG_conventional_hydroelectric_1,7,0.0
RMRG_conventional_hydroelectric_1,8,0.0
RMRG_conventional_hydroelectric_1,9,0.0
RMRG_conventional_hydroelectric_1,10,0.0
RMRG_conventional_hydroelectric_1,11,0.0
RMRG_conventional_hydroelectric_1,12,0.0
RMRG_conventional_hydroelectric_1,13,0.0
RMRG_conventional_hydroelectric_1,14,0.0
RMRG_conventional_hydroelectric_1,15,0.0
RMRG_conventional_hydroelectric_1,16,0.0
RMRG_conventional_hydroelectric_1,17,0.0
RMRG_conventional_hydroelectric_1,18,116.85028598502173
RMRG_conventional_hydroelectric_1,19,0.0
RMRG_conventional_hydroelectric_1,20,0.0
RMRG_conventional_hydroelectric_1,21,0.0
RMRG_conventional_hydroelectric_1,22,0.0
RMRG_conventional_hydroelectric_1,23,0.0
RMRG_conventional_hydroelectric_1,24,0.0
RMRG_conventional_hydroelectric_1,25,0.0
RMRG_conventional_hydroelectric_1,26,0.0
RMRG_conventional_hydroelectric_1,27,0.0
RMRG_conventional_hydroelectric_1,28,0.0
RMRG_conventional_hydroelectric_1,29,0.0
RMRG_conventional_hydroelectric_1,30,0.0
RMRG_conventional_hydroelectric_1,31,0.0
RMRG_conventional_hydroelectric_1,32,0.0
RMRG_conventional_hydroelectric_1,33,0.0
RMRG_conventional_hydroelectric_1,34,0.0
RMRG_conventional_hydroelectric_1,35,0.0
RMRG_conventional_hydroelectric_1,36,0.0
RMRG_conventional_hydroelectric_1,37,0.0
RMRG_conventional_hydroelectric_1,38,0.0
RMRG_conventional_hydroelectric_1,39,0.0
RMRG_conventional_hydroelectric_1,40,0.0
RMRG_conventional_hydroelectric_1,41,0.0
RMRG_conventional_hydroelectric_1,42,0.0
RMRG_conventional_hydroelectric_1,43,0.0
RMRG_conventional_hydroelectric_1,44,0.0
RMRG_conventional_hydroelectric_1,45,0.0
RMRG_conventional_hydroelectric_1,46,0.0
RMRG_conventional_hydroelectric_1,47,0.0
RMRG_conventional_hydroelectric_1,48,0.0
RMRG_conventional_hydroelectric_1,49,223.13738610703808
RMRG_conventional_hydroelectric_1,50,0.0
RMRG_conventional_hydroelectric_1,51,0.0
RMRG_conventional_hydroelectric_1,52,104.05182990727974
RMRG_conventional_hydroelectric_1,53,0.0
RMRG_conventional_hydroelectric_1,54,123.31926910225806
RMRG_conventional_hydroelectric_1,55,451.52162176570823
RMRG_conventional_hydroelectric_1,56,392.3627020644558
RMRG_conventional_hydroelectric_1,57,373.40448163454033
RMRG_conventional_hydroelectric_1,58,208.11589981455938
RMRG_conventional_hydroelectric_1,59,433.7582513067003
RMRG_conventional_hydroelectric_1,60,722.976
RMRG_conventional_hydroelectric_1,61,243.60031319430817
RMRG_conventional_hydroelectric_1,62,722.976
RMRG_conventional_hydroelectric_1,63,256.62347169951744
RMRG_conventional_hydroelectric_1,64,504.25374795506985
RMRG_conventional_hydroelectric_1,65,504.3260467790698
RMRG_conventional_hydroelectric_1,66,387.4268403991262
RMRG_conventional_hydroelectric_1,67,466.3158294191009
RMRG_conventional_hydroelectric_1,68,557.9679226311648
RMRG_conventional_hydroelectric_1,69,722.976
RMRG_conventional_hydroelectric_1,70,722.976
RMRG_conventional_hydroelectric_1,71,722.976
RMRG_conventional_hydroelectric_1,72,504.2983412764606
RMRG_conventional_hydroelectric_1,73,254.76353606260977
RMRG_conventional_hydroelectric_1,74,122.96278491470696
RMRG_conventional_hydroelectric_1,75,472.4188334509481
RMRG_conventional_hydroelectric_1,76,722.976
RMRG_conventional_hydroelectric_1,77,477.6307782291949
RMRG_conventional_hydroelectric_1,78,485.00287583362257
RMRG_conventional_hydroelectric_1,79,479.5702780488511
RMRG_conventional_hydroelectric_1,80,185.32231701975616
RMRG_conventional_hydroelectric_1,81,104.0518299072797
RMRG_conventional_hydroelectric_1,82,722.976
RMRG_conventional_hydroelectric_1,83,104.0518299072797
RMRG_conventional_hydroelectric_1,84,208.11589981455933
RMRG_conventional_hydroelectric_1,85,233.56031244121513
RMRG_conventional_hydroelectric_1,86,0.0
RMRG_conventional_hydroelectric_1,87,0.0
RMRG_conventional_hydroelectric_1,88,0.0
RMRG_conventional_hydroelectric_1,89,0.0
RMRG_conventional_hydroelectric_1,90,0.0
RMRG_conventional_hydroelectric_1,91,0.0
RMRG_conventional_hydroelectric_1,92,104.0518299072797
RMRG_conventional_hydroelectric_1,93,104.0518299072797
RMRG_conventional_hydroelectric_1,94,0.0
RMRG_conventional_hydroelectric_1,95,0.0
RMRG_conventional_hydroelectric_1,96,0.0
RMRG_conventional_hydroelectric_1,97,0.0
RMRG_conventional_hydroelectric_1,98,0.0
RMRG_conventional_hydroelectric_1,99,0.0
RMRG_conventional_hydroelectric_1,100,0.0
RMRG_conventional_hydroelectric_1,101,0.0
RMRG_conventional_hydroelectric_1,102,0.0
RMRG_conventional_hydroelectric_1,103,0.0
RMRG_conventional_hydroelectric_1,104,0.0
RMRG_conventional_hydroelectric_1,105,0.0
RMRG_conventional_hydroelectric_1,106,0.0
RMRG_conventional_hydroelectric_1,107,0.0
RMRG_conventional_hydroelectric_1,108,0.0
RMRG_conventional_hydroelectric_1,109,0.0
RMRG_conventional_hydroelectric_1,110,0.0
RMRG_conventional_hydroelectric_1,111,0.0
RMRG_conventional_hydroelectric_1,112,0.0
RMRG_conventional_hydroelectric_1,113,0.0
RMRG_conventional_hydroelectric_1,114,0.0
RMRG_conventional_hydroelectric_1,115,0.0
RMRG_conventional_hydroelectric_1,116,0.0
RMRG_conventional_hydroelectric_1,117,0.0
RMRG_conventional_hydroelectric_1,118,162.5643809239842
RMRG_conventional_hydroelectric_1,119,0.0
RMRG_conventional_hydroelectric_1,120,0.0
RMRG_conventional_hydroelectric_1,121,0.0
RMRG_conventional_hydroelectric_1,122,0.0
RMRG_conventional_hydroelectric_1,123,0.0
RMRG_conventional_hydroelectric_1,124,0.0
RMRG_conventional_hydroelectric_1,125,0.0
RMRG_conventional_hydroelectric_1,126,0.0
RMRG_conventional_hydroelectric_1,127,0.0
RMRG_conventional_hydroelectric_1,128,0.0
RMRG_conventional_hydroelectric_1,129,0.0
RMRG_conventional_hydroelectric_1,130,370.09177811118366
RMRG_conventional_hydroelectric_1,131,87.99613164159268
RMRG_conventional_hydroelectric_1,132,0.0
RMRG_conventional_hydroelectric_1,133,0.0
RMRG_conventional_hydroelectric_1,134,0.0
RMRG_conventional_hydroelectric_1,135,0.0
RMRG_conventional_hydroelectric_1,136,0.0
RMRG_conventional_hydroelectric_1,137,0.0
RMRG_conventional_hydroelectric_1,138,35.95308817271891
RMRG_conventional_hydroelectric_1,139,0.0
RMRG_conventional_hydroelectric_1,140,0.0
RMRG_conventional_hydroelectric_1,141,97.86920929440544
RMRG_conventional_hydroelectric_1,142,0.0
RMRG_conventional_hydroelectric_1,143,376.1146814923843
RMRG_conventional_hydroelectric_1,144,130.52552324133669
RMRG_conventional_hydroelectric_1,145,313.39397935893163
RMRG_conventional_hydroelectric_1,146,188.7292033688882
RMRG_conventional_hydroelectric_1,147,284.83337933870007
RMRG_conventional_hydroelectric_1,148,0.0
RMRG_conventional_hydroelectric_1,149,22.44116056764051
RMRG_conventional_hydroelectric_1,150,0.0
RMRG_conventional_hydroelectric_1,151,0.0
RMRG_conventional_hydroelectric_1,152,303.42612698792743
RMRG_conventional_hydroelectric_1,153,132.3310926229951
RMRG_conventional_hydroelectric_1,154,0.0
RMRG_conventional_hydroelectric_1,155,0.0
RMRG_conventional_hydroelectric_1,156,0.0
RMRG_conventional_hydroelectric_1,157,0.0
RMRG_conventional_hydroelectric_1,158,44.7599752267264
RMRG_conventional_hydroelectric_1,159,188.6132133342337
RMRG_conventional_hydroelectric_1,160,0.0
RMRG_conventional_hydroelectric_1,161,0.0
RMRG_conventional_hydroelectric_1,162,0.0
RMRG_conventional_hydroelectric_1,163,0.0
RMRG_conventional_hydroelectric_1,164,0.0
RMRG_conventional_hydroelectric_1,165,0.0
RMRG_conventional_hydroelectric_1,166,0.0
RMRG_conventional_hydroelectric_1,167,0.0
RMRG_conventional_hydroelectric_1,168,0.0
RMRG_conventional_hydroelectric_1,169,25.843302783208284
RMRG_conventional_hydroelectric_1,170,589.4485413315845
RMRG_conventional_hydroelectric_1,171,409.4758200225528
RMRG_conventional_hydroelectric_1,172,444.0135226055916
RMRG_conventional_hydroelectric_1,173,632.9120838433118
RMRG_conventional_hydroelectric_1,174,722.976
RMRG_conventional_hydroelectric_1,175,722.976
RMRG_conventional_hydroelectric_1,176,705.9673792752478
RMRG_conventional_hydroelectric_1,177,523.9148591664577
RMRG_conventional_hydroelectric_1,178,286.36674307673826
RMRG_conventional_hydroelectric_1,179,568.6727954080325
RMRG_conventional_hydroelectric_1,180,532.0312488682064
RMRG_conventional_hydroelectric_1,181,57.02198307192202
RMRG_conventional_hydroelectric_1,182,187.5251301762953
RMRG_conventional_hydroelectric_1,183,187.5251301762953
RMRG_conventional_hydroelectric_1,184,128.72063665344547
RMRG_conventional_hydroelectric_1,185,128.95874801775813
RMRG_conventional_hydroelectric_1,186,93.21822924350795
RMRG_conventional_hydroelectric_1,187,129.38605035146122
RMRG_conventional_hydroelectric_1,188,25.54678984265047
RMRG_conventional_hydroelectric_1,189,0.0
RMRG_conventional_hydroelectric_1,190,0.0
RMRG_conventional_hydroelectric_1,191,0.0
RMRG_conventional_hydroelectric_1,192,0.0
RMRG_conventional_hydroelectric_1,193,0.0
RMRG_conventional_hydroelectric_1,194,0.0
RMRG_conventional_hydroelectric_1,195,0.0
RMRG_conventional_hydroelectric_1,196,0.0
RMRG_conventional_hydroelectric_1,197,0.0
RMRG_conventional_hydroelectric_1,198,0.0
RMRG_conventional_hydroelectric_1,199,0.0
RMRG_conventional_hydroelectric_1,200,0.0
RMRG_conventional_hydroelectric_1,201,0.0
RMRG_conventional_hydroelectric_1,202,0.0
RMRG_conventional_hydroelectric_1,203,0.0
RMRG_conventional_hydroelectric_1,204,124.82470561404405
RMRG_conventional_hydroelectric_1,205,600.0932976669535
RMRG_conventional_hydroelectric_1,206,633.10972415396
RMRG_conventional_hydroelectric_1,207,318.08473485544414
RMRG_conventional_hydroelectric_1,208,633.0564766855069
RMRG_conventional_hydroelectric_1,209,616.3699236900515
RMRG_conventional_hydroelectric_1,210,722.976
RMRG_conventional_hydroelectric_1,211,633.0010656802884
RMRG_conventional_hydroelectric_1,212,318.08473485544414
RMRG_conventional_hydroelectric_1,213,560.9358089483931
RMRG_conventional_hydroelectric_1,214,722.976
RMRG_conventional_hydroelectric_1,215,387.1417634887878
RMRG_conventional_hydroelectric_1,216,318.08473485544414
RMRG_conventional_hydroelectric_1,217,315.24663331938996
RMRG_conventional_hydroelectric_1,218,231.40579348277964
RMRG_conventional_hydroelectric_1,219,315.242306245859
RMRG_conventional_hydroelectric_1,220,315.24014270909333
RMRG_conventional_hydroelectric_1,221,0.0
RMRG_conventional_hydroelectric_1,222,0.0
RMRG_conventional_hydroelectric_1,223,0.0
RMRG_conventional_hydroelectric_1,224,0.0
RMRG_conventional_hydroelectric_1,225,0.0
RMRG_conventional_hydroelectric_1,226,0.0
RMRG_conventional_hydroelectric_1,227,0.0
RMRG_conventional_hydroelectric_1,228,0.0
RMRG_conventional_hydroelectric_1,229,0.0
RMRG_conventional_hydroelectric_1,230,0.0
RMRG_conventional_hydroelectric_1,231,314.9739053668284
RMRG_conventional_hydroelectric_1,232,0.0
RMRG_conventional_hydroelectric_1,233,16.68438945868992
RMRG_conventional_hydroelectric_1,234,0.0
RMRG_conventional_hydroelectric_1,235,0.0
RMRG_conventional_hydroelectric_1,236,314.9141672880787
RMRG_conventional_hydroelectric_1,237,0.0
RMRG_conventional_hydroelectric_1,238,188.41418623973124
RMRG_conventional_hydroelectric_1,239,0.0
RMRG_conventional_hydroelectric_1,240,625.7672843271067
RMRG_conventional_hydroelectric_1,241,310.9340700100904
RMRG_conventional_hydroelectric_1,242,310.9340700100904
RMRG_conventional_hydroelectric_1,243,310.9340700100904
RMRG_conventional_hydroelectric_1,244,310.9340700100904
RMRG_conventional_hydroelectric_1,245,530.0538027630971
RMRG_conventional_hydroelectric_1,246,243.54726224858962
RMRG_conventional_hydroelectric_1,247,722.976
RMRG_conventional_hydroelectric_1,248,310.9340700100904
RMRG_conventional_hydroelectric_1,249,310.9340700100904
RMRG_conventional_hydroelectric_1,250,310.9340700100904
RMRG_conventional_hydroelectric_1,251,310.9340700100904
RMRG_conventional_hydroelectric_1,252,310.9340700100904
RMRG_conventional_hydroelectric_1,253,499.91871627394806
RMRG_conventional_hydroelectric_1,254,618.081530550101
RMRG_conventional_hydroelectric_1,255,310.9340700100904
RMRG_conventional_hydroelectric_1,256,310.9340700100904
RMRG_conventional_hydroelectric_1,257,310.9340700100904
RMRG_conventional_hydroelectric_1,258,220.9612992271443
RMRG_conventional_hydroelectric_1,259,310.9340700100904
RMRG_conventional_hydroelectric_1,260,310.9340700100904
RMRG_conventional_hydroelectric_1,261,310.9340700100904
RMRG_conventional_hydroelectric_1,262,0.0
RMRG_conventional_hydroelectric_1,263,310.9340700100904
RMRG_conventional_hydroelectric_1,264,0.0
RMRG_conventional_hydroelectric_1,265,722.976
RMRG_conventional_hydroelectric_1,266,722.976
RMRG_conventional_hydroelectric_1,267,722.976
RMRG_conventional_hydroelectric_1,268,307.3131733502303
RMRG_conventional_hydroelectric_1,269,722.976
RMRG_conventional_hydroelectric_1,270,722.976
RMRG_conventional_hydroelectric_1,271,551.0471422861948
RMRG_conventional_hydroelectric_1,272,307.23264085451115
RMRG_conventional_hydroelectric_1,273,722.976
RMRG_conventional_hydroelectric_1,274,307.2157530357297
RMRG_conventional_hydroelectric_1,275,722.976
RMRG_conventional_hydroelectric_1,276,722.976
RMRG_conventional_hydroelectric_1,277,604.4082174482845
RMRG_conventional_hydroelectric_1,278,722.976
RMRG_conventional_hydroelectric_1,279,722.976
RMRG_conventional_hydroelectric_1,280,722.976
RMRG_conventional_hydroelectric_1,281,610.0681879107522
RMRG_conventional_hydroelectric_1,282,365.0377554663826
RMRG_conventional_hydroelectric_1,283,307.0100947229007
RMRG_conventional_hydroelectric_1,284,306.96550140151
RMRG_conventional_hydroelectric_1,285,306.96982847504114
RMRG_conventional_hydroelectric_1,286,383.5464358720543
RMRG_conventional_hydroelectric_1,287,306.9295622271816
RMRG_conventional_hydroelectric_1,288,306.88496890579086
RMRG_conventional_hydroelectric_1,289,610.4158598594724
RMRG_conventional_hydroelectric_1,290,610.3712665380817
RMRG_conventional_hydroelectric_1,291,0.0
RMRG_conventional_hydroelectric_1,292,303.0055869399919
RMRG_conventional_hydroelectric_1,293,391.21559461074656
RMRG_conventional_hydroelectric_1,294,194.1386572283252
RMRG_conventional_hydroelectric_1,295,303.00558693999193
RMRG_conventional_hydroelectric_1,296,303.0055869399919
RMRG_conventional_hydroelectric_1,297,0.0
RMRG_conventional_hydroelectric_1,298,303.0055869399919
RMRG_conventional_hydroelectric_1,299,610.1889866543308
RMRG_conventional_hydroelectric_1,300,610.193313727862
RMRG_conventional_hydroelectric_1,301,539.731856694329
RMRG_conventional_hydroelectric_1,302,303.00558693999193
RMRG_conventional_hydroelectric_1,303,194.39375614151203
RMRG_conventional_hydroelectric_1,304,0.0
RMRG_conventional_hydroelectric_1,305,722.976
RMRG_conventional_hydroelectric_1,306,552.4618740411136
RMRG_conventional_hydroelectric_1,307,685.6781185427751
RMRG_conventional_hydroelectric_1,308,514.2670284039434
RMRG_conventional_hydroelectric_1,309,658.1354246271637
RMRG_conventional_hydroelectric_1,310,428.8577731638308
RMRG_conventional_hydroelectric_1,311,722.976
RMRG_conventional_hydroelectric_1,312,487.0216783059542
RMRG_conventional_hydroelectric_1,313,306.6235937874937
RMRG_conventional_hydroelectric_1,314,306.64697221657184
RMRG_conventional_hydroelectric_1,315,722.976
RMRG_conventional_hydroelectric_1,316,722.976
RMRG_conventional_hydroelectric_1,317,306.8127847568844
RMRG_conventional_hydroelectric_1,318,0.0
RMRG_conventional_hydroelectric_1,319,0.0
RMRG_conventional_hydroelectric_1,320,722.976
RMRG_conventional_hydroelectric_1,321,194.29190902338752
RMRG_conventional_hydroelectric_1,322,307.0487325844315
RMRG_conventional_hydroelectric_1,323,0.0
RMRG_conventional_hydroelectric_1,324,307.1188678716658
RMRG_conventional_hydroelectric_1,325,307.19116669566586
RMRG_conventional_hydroelectric_1,326,0.0
RMRG_conventional_hydroelectric_1,327,722.976
RMRG_conventional_hydroelectric_1,328,722.976
RMRG_conventional_hydroelectric_1,329,183.1885313123925
RMRG_conventional_hydroelectric_1,330,722.976
RMRG_conventional_hydroelectric_1,331,169.4066281392884
RMRG_conventional_hydroelectric_1,332,722.976
RMRG_conventional_hydroelectric_1,333,550.5772015068922
RMRG_conventional_hydroelectric_1,334,722.976
RMRG_conventional_hydroelectric_1,335,382.0401941451237
RMRG_conventional_hydroelectric_1,336,123.74264823787564
RMRG_conventional_hydroelectric_1,337,0.0
RMRG_conventional_hydroelectric_1,338,0.0
RMRG_conventional_hydroelectric_1,339,162.20377950085722
RMRG_conventional_hydroelectric_1,340,287.2187123324888
RMRG_conventional_hydroelectric_1,341,0.0
RMRG_conventional_hydroelectric_1,342,342.68221076048803
RMRG_conventional_hydroelectric_1,343,162.72102405817935
RMRG_conventional_hydroelectric_1,344,0.0
RMRG_conventional_hydroelectric_1,345,315.25407955546666
RMRG_conventional_hydroelectric_1,346,315.30083641362285
RMRG_conventional_hydroelectric_1,347,622.3963258562106
RMRG_conventional_hydroelectric_1,348,0.0
RMRG_conventional_hydroelectric_1,349,0.0
RMRG_conventional_hydroelectric_1,350,622.7279509368359
RMRG_conventional_hydroelectric_1,351,108.61715510612476
RMRG_conventional_hydroelectric_1,352,70.44436822669161
RMRG_conventional_hydroelectric_1,353,0.0
RMRG_conventional_hydroelectric_1,354,0.0
RMRG_conventional_hydroelectric_1,355,353.8382853136955
RMRG_conventional_hydroelectric_1,356,0.0
RMRG_conventional_hydroelectric_1,357,0.0
RMRG_conventional_hydroelectric_1,358,0.0
RMRG_conventional_hydroelectric_1,359,103.46048416138504
RMRG_conventional_hydroelectric_1,360,598.2567794673818
RMRG_conventional_hydroelectric_1,361,601.2774318869781
RMRG_conventional_hydroelectric_1,362,601.1137828834311
RMRG_conventional_hydroelectric_1,363,499.4355121146948
RMRG_conventional_hydroelectric_1,364,153.32526944675794
RMRG_conventional_hydroelectric_1,365,600.6674291941808
RMRG_conventional_hydroelectric_1,366,722.976
RMRG_conventional_hydroelectric_1,367,276.9180103425668
RMRG_conventional_hydroelectric_1,368,355.18422963288924
RMRG_conventional_hydroelectric_1,369,722.976
RMRG_conventional_hydroelectric_1,370,284.5418571525262
RMRG_conventional_hydroelectric_1,371,284.3292877540573
RMRG_conventional_hydroelectric_1,372,599.5366104513676
RMRG_conventional_hydroelectric_1,373,599.3729614478207
RMRG_conventional_hydroelectric_1,374,283.7171215244944
RMRG_conventional_hydroelectric_1,375,490.47310165599265
RMRG_conventional_hydroelectric_1,376,722.976
RMRG_conventional_hydroelectric_1,377,722.976
RMRG_conventional_hydroelectric_1,378,598.548225819789
RMRG_conventional_hydroelectric_1,379,722.976
RMRG_conventional_hydroelectric_1,380,694.5880318413468
RMRG_conventional_hydroelectric_1,381,722.976
RMRG_conventional_hydroelectric_1,382,703.1401385355086
RMRG_conventional_hydroelectric_1,383,722.976
RMRG_conventional_hydroelectric_1,384,722.3869789739065
RMRG_conventional_hydroelectric_1,385,0.0
RMRG_conventional_hydroelectric_1,386,0.0
RMRG_conventional_hydroelectric_1,387,0.0
RMRG_conventional_hydroelectric_1,388,0.0
RMRG_conventional_hydroelectric_1,389,0.0
RMRG_conventional_hydroelectric_1,390,0.0
RMRG_conventional_hydroelectric_1,391,0.0
RMRG_conventional_hydroelectric_1,392,84.1120412581535
RMRG_conventional_hydroelectric_1,393,411.7274790532464
RMRG_conventional_hydroelectric_1,394,254.843140871665
RMRG_conventional_hydroelectric_1,395,254.60719304411796
RMRG_conventional_hydroelectric_1,396,254.39462364564918
RMRG_conventional_hydroelectric_1,397,254.23097464210215
RMRG_conventional_hydroelectric_1,398,0.0
RMRG_conventional_hydroelectric_1,399,0.0
RMRG_conventional_hydroelectric_1,400,253.61880841253932
RMRG_conventional_hydroelectric_1,401,0.0
RMRG_conventional_hydroelectric_1,402,0.0
RMRG_conventional_hydroelectric_1,403,252.95772178805458
RMRG_conventional_hydroelectric_1,404,252.7706943554294
RMRG_conventional_hydroelectric_1,405,153.1503407649195
RMRG_conventional_hydroelectric_1,406,0.0
RMRG_conventional_hydroelectric_1,407,0.0
RMRG_conventional_hydroelectric_1,408,0.0
RMRG_conventional_hydroelectric_1,409,502.4316371681226
RMRG_conventional_hydroelectric_1,410,502.21906776965375
RMRG_conventional_hydroelectric_1,411,635.4340417509361
RMRG_conventional_hydroelectric_1,412,722.976
RMRG_conventional_hydroelectric_1,413,501.6069015400909
RMRG_conventional_hydroelectric_1,414,87.91924042946471
RMRG_conventional_hydroelectric_1,415,722.976
RMRG_conventional_hydroelectric_1,416,245.751997607769
RMRG_conventional_hydroelectric_1,417,118.63273470621297
RMRG_conventional_hydroelectric_1,418,245.751997607769
RMRG_conventional_hydroelectric_1,419,245.75199760776903
RMRG_conventional_hydroelectric_1,420,245.75199760776903
RMRG_conventional_hydroelectric_1,421,245.75199760776903
RMRG_conventional_hydroelectric_1,422,499.74702442232416
RMRG_conventional_hydroelectric_1,423,499.53445502385534
RMRG_conventional_hydroelectric_1,424,245.75199760776903
RMRG_conventional_hydroelectric_1,425,499.1348581927613
RMRG_conventional_hydroelectric_1,426,429.99524927087396
RMRG_conventional_hydroelectric_1,427,20.939351662766132
RMRG_conventional_hydroelectric_1,428,0.0
RMRG_conventional_hydroelectric_1,429,0.0
RMRG_conventional_hydroelectric_1,430,498.09755316626075
RMRG_conventional_hydroelectric_1,431,497.9105257336356
RMRG_conventional_hydroelectric_1,432,497.69795633516674
RMRG_conventional_hydroelectric_1,433,0.0
RMRG_conventional_hydroelectric_1,434,0.0
RMRG_conventional_hydroelectric_1,435,149.94397115823935
RMRG_conventional_hydroelectric_1,436,209.43928933771906
RMRG_conventional_hydroelectric_1,437,58.83856001566161
RMRG_conventional_hydroelectric_1,438,599.7071870361849
RMRG_conventional_hydroelectric_1,439,174.3668592284005
RMRG_conventional_hydroelectric_1,440,445.2329466257004
RMRG_conventional_hydroelectric_1,441,0.0
RMRG_conventional_hydroelectric_1,442,467.7104346536238
RMRG_conventional_hydroelectric_1,443,0.0
RMRG_conventional_hydroelectric_1,444,225.04705014634072
RMRG_conventional_hydroelectric_1,445,217.0112184335412
RMRG_conventional_hydroelectric_1,446,224.8686768607778
RMRG_conventional_hydroelectric_1,447,224.80286864707452
RMRG_conventional_hydroelectric_1,448,224.762602399215
RMRG_conventional_hydroelectric_1,449,224.67341575643354
RMRG_conventional_hydroelectric_1,450,0.0
RMRG_conventional_hydroelectric_1,451,0.0
RMRG_conventional_hydroelectric_1,452,470.23015225985824
RMRG_conventional_hydroelectric_1,453,569.5487498091179
RMRG_conventional_hydroelectric_1,454,0.0
RMRG_conventional_hydroelectric_1,455,0.0
RMRG_conventional_hydroelectric_1,456,0.0
RMRG_conventional_hydroelectric_1,457,0.0
RMRG_conventional_hydroelectric_1,458,0.0
RMRG_conventional_hydroelectric_1,459,0.0
RMRG_conventional_hydroelectric_1,460,0.0
RMRG_conventional_hydroelectric_1,461,0.0
RMRG_conventional_hydroelectric_1,462,0.0
RMRG_conventional_hydroelectric_1,463,0.0
RMRG_conventional_hydroelectric_1,464,0.0
RMRG_conventional_hydroelectric_1,465,0.0
RMRG_conventional_hydroelectric_1,466,0.0
RMRG_conventional_hydroelectric_1,467,0.0
RMRG_conventional_hydroelectric_1,468,0.0
RMRG_conventional_hydroelectric_1,469,0.0
RMRG_conventional_hydroelectric_1,470,0.0
RMRG_conventional_hydroelectric_1,471,0.0
RMRG_conventional_hydroelectric_1,472,0.0
RMRG_conventional_hydroelectric_1,473,0.0
RMRG_conventional_hydroelectric_1,474,0.0
RMRG_conventional_hydroelectric_1,475,0.0
RMRG_conventional_hydroelectric_1,476,0.0
RMRG_conventional_hydroelectric_1,477,0.0
RMRG_conventional_hydroelectric_1,478,0.0
RMRG_conventional_hydroelectric_1,479,0.0
RMRG_conventional_hydroelectric_1,480,0.0
RMRG_conventional_hydroelectric_1,481,0.0
RMRG_conventional_hydroelectric_1,482,0.0
RMRG_conventional_hydroelectric_1,483,0.0
RMRG_conventional_hydroelectric_1,484,0.0
RMRG_conventional_hydroelectric_1,485,0.0
RMRG_conventional_hydroelectric_1,486,0.0
RMRG_conventional_hydroelectric_1,487,0.0
RMRG_conventional_hydroelectric_1,488,188.01897554086688
RMRG_conventional_hydroelectric_1,489,0.0
RMRG_conventional_hydroelectric_1,490,0.0
RMRG_conventional_hydroelectric_1,491,0.0
RMRG_conventional_hydroelectric_1,492,0.0
RMRG_conventional_hydroelectric_1,493,0.0
RMRG_conventional_hydroelectric_1,494,0.0
RMRG_conventional_hydroelectric_1,495,0.0
RMRG_conventional_hydroelectric_1,496,0.0
RMRG_conventional_hydroelectric_1,497,0.0
RMRG_conventional_hydroelectric_1,498,0.0
RMRG_conventional_hydroelectric_1,499,0.0
RMRG_conventional_hydroelectric_1,500,0.0
RMRG_conventional_hydroelectric_1,501,0.0
RMRG_conventional_hydroelectric_1,502,0.0
RMRG_conventional_hydroelectric_1,503,0.0
RMRG_conventional_hydroelectric_1,504,0.0
RMRG_conventional_hydroelectric_1,505,57.683101417740886
RMRG_conventional_hydroelectric_1,506,57.91081557356881
RMRG_conventional_hydroelectric_1,507,0.0
RMRG_conventional_hydroelectric_1,508,0.0
RMRG_conventional_hydroelectric_1,509,0.0
RMRG_conventional_hydroelectric_1,510,0.0
RMRG_conventional_hydroelectric_1,511,0.0
RMRG_conventional_hydroelectric_1,512,0.0
RMRG_conventional_hydroelectric_1,513,315.13588045902077
RMRG_conventional_hydroelectric_1,514,184.54019100541313
RMRG_conventional_hydroelectric_1,515,0.0
RMRG_conventional_hydroelectric_1,516,0.0
RMRG_conventional_hydroelectric_1,517,0.0
RMRG_conventional_hydroelectric_1,518,0.0
RMRG_conventional_hydroelectric_1,519,0.0
RMRG_conventional_hydroelectric_1,520,0.0
RMRG_conventional_hydroelectric_1,521,0.0
RMRG_conventional_hydroelectric_1,522,0.0
RMRG_conventional_hydroelectric_1,523,156.08777861156864
RMRG_conventional_hydroelectric_1,524,0.0
RMRG_conventional_hydroelectric_1,525,96.06467847467452
RMRG_conventional_hydroelectric_1,526,0.0
RMRG_conventional_hydroelectric_1,527,0.0
RMRG_conventional_hydroelectric_1,528,0.0
RMRG_conventional_hydroelectric_1,529,0.0
RMRG_conventional_hydroelectric_1,530,0.0
RMRG_conventional_hydroelectric_1,531,0.0
RMRG_conventional_hydroelectric_1,532,0.0
RMRG_conventional_hydroelectric_1,533,0.0
RMRG_conventional_hydroelectric_1,534,0.0
RMRG_conventional_hydroelectric_1,535,0.0
RMRG_conventional_hydroelectric_1,536,18.566653609892114
RMRG_conventional_hydroelectric_1,537,0.0
RMRG_conventional_hydroelectric_1,538,0.0
RMRG_conventional_hydroelectric_1,539,0.0
RMRG_conventional_hydroelectric_1,540,0.0
RMRG_conventional_hydroelectric_1,541,0.0
RMRG_conventional_hydroelectric_1,542,0.0
RMRG_conventional_hydroelectric_1,543,428.58632779110167
RMRG_conventional_hydroelectric_1,544,428.85430819478904
RMRG_conventional_hydroelectric_1,545,429.1478305643202
RMRG_conventional_hydroelectric_1,546,722.976
RMRG_conventional_hydroelectric_1,547,722.976
RMRG_conventional_hydroelectric_1,548,376.4077367131312
RMRG_conventional_hydroelectric_1,549,115.62633970238718
RMRG_conventional_hydroelectric_1,550,436.3332423080411
RMRG_conventional_hydroelectric_1,551,436.4864941031035
RMRG_conventional_hydroelectric_1,552,655.3918669824706
RMRG_conventional_hydroelectric_1,553,722.976
RMRG_conventional_hydroelectric_1,554,722.976
RMRG_conventional_hydroelectric_1,555,282.00803240444736
RMRG_conventional_hydroelectric_1,556,364.4506725445192
RMRG_conventional_hydroelectric_1,557,722.976
RMRG_conventional_hydroelectric_1,558,722.976
RMRG_conventional_hydroelectric_1,559,400.15732472639945
RMRG_conventional_hydroelectric_1,560,400.22962355039954
RMRG_conventional_hydroelectric_1,561,722.976
RMRG_conventional_hydroelectric_1,562,400.2040815845557
RMRG_conventional_hydroelectric_1,563,722.976
RMRG_conventional_hydroelectric_1,564,104.94714423290776
RMRG_conventional_hydroelectric_1,565,567.0441234907273
RMRG_conventional_hydroelectric_1,566,105.58094583012644
RMRG_conventional_hydroelectric_1,567,0.0
RMRG_conventional_hydroelectric_1,568,0.0
RMRG_conventional_hydroelectric_1,569,0.0
RMRG_conventional_hydroelectric_1,570,0.0
RMRG_conventional_hydroelectric_1,571,37.96129696504707
RMRG_conventional_hydroelectric_1,572,0.0
RMRG_conventional_hydroelectric_1,573,0.0
RMRG_conventional_hydroelectric_1,574,0.0
RMRG_conventional_hydroelectric_1,575,0.0
RMRG_conventional_hydroelectric_1,576,0.0
SPPC_conventional_hydroelectric_1,1,5.8715280000000005
SPPC_conventional_hydroelectric_1,2,5.88744
SPPC_conventional_hydroelectric_1,3,5.903352
SPPC_conventional_hydroelectric_1,4,5.919264
SPPC_conventional_hydroelectric_1,5,0.0
SPPC_conventional_hydroelectric_1,6,0.0
SPPC_conventional_hydroelectric_1,7,0.0
SPPC_conventional_hydroelectric_1,8,0.0
SPPC_conventional_hydroelectric_1,9,0.0
SPPC_conventional_hydroelectric_1,10,0.0
SPPC_conventional_hydroelectric_1,11,0.0
SPPC_conventional_hydroelectric_1,12,0.0
SPPC_conventional_hydroelectric_1,13,0.0
SPPC_conventional_hydroelectric_1,14,0.0
SPPC_conventional_hydroelectric_1,15,0.0
SPPC_conventional_hydroelectric_1,16,0.0
SPPC_conventional_hydroelectric_1,17,0.0
SPPC_conventional_hydroelectric_1,18,0.0
SPPC_conventional_hydroelectric_1,19,0.0
SPPC_conventional_hydroelectric_1,20,0.0
SPPC_conventional_hydroelectric_1,21,0.0
SPPC_conventional_hydroelectric_1,22,0.0
SPPC_conventional_hydroelectric_1,23,0.0
SPPC_conventional_hydroelectric_1,24,0.0
SPPC_conventional_hydroelectric_1,25,0.0
SPPC_conventional_hydroelectric_1,26,0.0
SPPC_conventional_hydroelectric_1,27,0.0
SPPC_conventional_hydroelectric_1,28,0.0
SPPC_conventional_hydroelectric_1,29,0.0
SPPC_conventional_hydroelectric_1,30,0.0
SPPC_conventional_hydroelectric_1,31,14.670864000000002
SPPC_conventional_hydroelectric_1,32,14.686776
SPPC_conventional_hydroelectric_1,33,14.707991999999999
SPPC_conventional_hydroelectric_1,34,0.0
SPPC_conventional_hydroelectric_1,35,0.0
SPPC_conventional_hydroelectric_1,36,0.0
SPPC_conventional_hydroelectric_1,37,0.0
SPPC_conventional_hydroelectric_1,38,0.0
SPPC_conventional_hydroelectric_1,39,0.0
SPPC_conventional_hydroelectric_1,40,0.0
SPPC_conventional_hydroelectric_1,41,0.0
SPPC_conventional_hydroelectric_1,42,0.0
SPPC_conventional_hydroelectric_1,43,0.0
SPPC_conventional_hydroelectric_1,44,0.0
SPPC_conventional_hydroelectric_1,45,0.0
SPPC_conventional_hydroelectric_1,46,0.0
SPPC_conventional_hydroelectric_1,47,0.0
SPPC_conventional_hydroelectric_1,48,0.0
SPPC_conventional_hydroelectric_1,49,0.0
SPPC_conventional_hydroelectric_1,50,0.0
SPPC_conventional_hydroelectric_1,51,0.0
SPPC_conventional_hydroelectric_1,52,0.0
SPPC_conventional_hydroelectric_1,53,0.0
SPPC_conventional_hydroelectric_1,54,0.0
SPPC_conventional_hydroelectric_1,55,0.0
SPPC_conventional_hydroelectric_1,56,0.0
SPPC_conventional_hydroelectric_1,57,9.563111999999999
SPPC_conventional_hydroelectric_1,58,0.0
SPPC_conventional_hydroelectric_1,59,0.0
SPPC_conventional_hydroelectric_1,60,0.0
SPPC_conventional_hydroelectric_1,61,0.0
SPPC_conventional_hydroelectric_1,62,0.0
SPPC_conventional_hydroelectric_1,63,24.398399999999995
SPPC_conventional_hydroelectric_1,64,28.121807999999994
SPPC_conventional_hydroelectric_1,65,24.435527999999998
SPPC_conventional_hydroelectric_1,66,42.98892
SPPC_conventional_hydroelectric_1,67,28.238495999999998
SPPC_conventional_hydroelectric_1,68,43.052568
SPPC_conventional_hydroelectric_1,69,43.089695999999996
SPPC_conventional_hydroelectric_1,70,28.344575999999996
SPPC_conventional_hydroelectric_1,71,30.200975999999997
SPPC_conventional_hydroelectric_1,72,30.243407999999995
SPPC_conventional_hydroelectric_1,73,27.798263999999996
SPPC_conventional_hydroelectric_1,74,27.803568
SPPC_conventional_hydroelectric_1,75,27.808871999999994
SPPC_conventional_hydroelectric_1,76,27.808871999999994
SPPC_conventional_hydroelectric_1,77,33.749351999999995
SPPC_conventional_hydroelectric_1,78,33.77587199999999
SPPC_conventional_hydroelectric_1,79,19.126223999999997
SPPC_conventional_hydroelectric_1,80,19.126223999999997
SPPC_conventional_hydroelectric_1,81,9.563111999999999
SPPC_conventional_hydroelectric_1,82,33.855432
SPPC_conventional_hydroelectric_1,83,33.876647999999996
SPPC_conventional_hydroelectric_1,84,52.361087999999995
SPPC_conventional_hydroelectric_1,85,33.919079999999994
SPPC_conventional_hydroelectric_1,86,33.940296
SPPC_conventional_hydroelectric_1,87,0.0
SPPC_conventional_hydroelectric_1,88,0.0
SPPC_conventional_hydroelectric_1,89,0.0
SPPC_conventional_hydroelectric_1,90,0.0
SPPC_conventional_hydroelectric_1,91,9.563111999999999
SPPC_conventional_hydroelectric_1,92,9.563111999999999
SPPC_conventional_hydroelectric_1,93,0.0
SPPC_conventional_hydroelectric_1,94,9.563111999999999
SPPC_conventional_hydroelectric_1,95,9.563111999999999
SPPC_conventional_hydroelectric_1,96,9.563111999999999
SPPC_conventional_hydroelectric_1,97,0.0
SPPC_conventional_hydroelectric_1,98,0.0
SPPC_conventional_hydroelectric_1,99,0.0
SPPC_conventional_hydroelectric_1,100,0.0
SPPC_conventional_hydroelectric_1,101,0.0
SPPC_conventional_hydroelectric_1,102,0.0
SPPC_conventional_hydroelectric_1,103,0.0
SPPC_conventional_hydroelectric_1,104,0.0
SPPC_conventional_hydroelectric_1,105,0.0
SPPC_conventional_hydroelectric_1,106,0.0
SPPC_conventional_hydroelectric_1,107,0.0
SPPC_conventional_hydroelectric_1,108,0.0
SPPC_conventional_hydroelectric_1,109,0.0
SPPC_conventional_hydroelectric_1,110,0.0
SPPC_conventional_hydroelectric_1,111,0.0
SPPC_conventional_hydroelectric_1,112,0.0
SPPC_conventional_hydroelectric_1,113,0.0
SPPC_conventional_hydroelectric_1,114,0.0
SPPC_conventional_hydroelectric_1,115,0.0
SPPC_conventional_hydroelectric_1,116,0.0
SPPC_conventional_hydroelectric_1,117,0.0
SPPC_conventional_hydroelectric_1,118,0.0
SPPC_conventional_hydroelectric_1,119,0.0
SPPC_conventional_hydroelectric_1,120,0.0
SPPC_conventional_hydroelectric_1,121,0.0
SPPC_conventional_hydroelectric_1,122,0.0
SPPC_conventional_hydroelectric_1,123,0.0
SPPC_conventional_hydroelectric_1,124,0.0
SPPC_conventional_hydroelectric_1,125,0.0
SPPC_conventional_hydroelectric_1,126,37.504584
SPPC_conventional_hydroelectric_1,127,37.531104
SPPC_conventional_hydroelectric_1,128,37.557624000000004
SPPC_conventional_hydroelectric_1,129,4.619784000000003
SPPC_conventional_hydroelectric_1,130,37.610664
SPPC_conventional_hydroelectric_1,131,37.642488
SPPC_conventional_hydroelectric_1,132,37.669008000000005
SPPC_conventional_hydroelectric_1,133,37.695527999999996
SPPC_conventional_hydroelectric_1,134,0.0
SPPC_conventional_hydroelectric_1,135,0.0
SPPC_conventional_hydroelectric_1,136,0.0
SPPC_conventional_hydroelectric_1,137,0.0
SPPC_conventional_hydroelectric_1,138,0.0
SPPC_conventional_hydroelectric_1,139,0.0
SPPC_conventional_hydroelectric_1,140,0.0
SPPC_conventional_hydroelectric_1,141,0.0
SPPC_conventional_hydroelectric_1,142,16.386778944976786
SPPC_conventional_hydroelectric_1,143,0.0
SPPC_conventional_hydroelectric_1,144,0.0
SPPC_conventional_hydroelectric_1,145,4.386408000000003
SPPC_conventional_hydroelectric_1,146,4.412928000000001
SPPC_conventional_hydroelectric_1,147,4.444752000000001
SPPC_conventional_hydroelectric_1,148,4.471272000000006
SPPC_conventional_hydroelectric_1,149,4.503095999999999
SPPC_conventional_hydroelectric_1,150,0.0
SPPC_conventional_hydroelectric_1,151,0.0
SPPC_conventional_hydroelectric_1,152,0.0
SPPC_conventional_hydroelectric_1,153,0.0
SPPC_conventional_hydroelectric_1,154,0.0
SPPC_conventional_hydroelectric_1,155,0.0
SPPC_conventional_hydroelectric_1,156,0.0
SPPC_conventional_hydroelectric_1,157,0.0
SPPC_conventional_hydroelectric_1,158,38.57599200000001
SPPC_conventional_hydroelectric_1,159,48.165624
SPPC_conventional_hydroelectric_1,160,48.197448
SPPC_conventional_hydroelectric_1,161,48.22927200000001
SPPC_conventional_hydroelectric_1,162,48.255792
SPPC_conventional_hydroelectric_1,163,38.724504
SPPC_conventional_hydroelectric_1,164,38.751024
SPPC_conventional_hydroelectric_1,165,48.351264
SPPC_conventional_hydroelectric_1,166,22.42789305502322
SPPC_conventional_hydroelectric_1,167,38.84119200000001
SPPC_conventional_hydroelectric_1,168,38.873016
SPPC_conventional_hydroelectric_1,169,33.802392
SPPC_conventional_hydroelectric_1,170,33.802392
SPPC_conventional_hydroelectric_1,171,33.802392
SPPC_conventional_hydroelectric_1,172,33.802392
SPPC_conventional_hydroelectric_1,173,33.802392
SPPC_conventional_hydroelectric_1,174,0.832728000000003
SPPC_conventional_hydroelectric_1,175,0.832728000000003
SPPC_conventional_hydroelectric_1,176,0.8380320000000019
SPPC_conventional_hydroelectric_1,177,33.802392
SPPC_conventional_hydroelectric_1,178,0.8433360000000043
SPPC_conventional_hydroelectric_1,179,0.8433360000000043
SPPC_conventional_hydroelectric_1,180,0.8486400000000032
SPPC_conventional_hydroelectric_1,181,0.8486400000000032
SPPC_conventional_hydroelectric_1,182,0.0
SPPC_conventional_hydroelectric_1,183,0.0
SPPC_conventional_hydroelectric_1,184,0.0
SPPC_conventional_hydroelectric_1,185,0.0
SPPC_conventional_hydroelectric_1,186,0.0
SPPC_conventional_hydroelectric_1,187,0.0
SPPC_conventional_hydroelectric_1,188,0.0
SPPC_conventional_hydroelectric_1,189,0.0
SPPC_conventional_hydroelectric_1,190,0.0
SPPC_conventional_hydroelectric_1,191,0.0
SPPC_conventional_hydroelectric_1,192,0.0
SPPC_conventional_hydroelectric_1,193,0.0
SPPC_conventional_hydroelectric_1,194,0.0
SPPC_conventional_hydroelectric_1,195,0.0
SPPC_conventional_hydroelectric_1,196,0.0
SPPC_conventional_hydroelectric_1,197,0.0
SPPC_conventional_hydroelectric_1,198,0.0
SPPC_conventional_hydroelectric_1,199,0.0
SPPC_conventional_hydroelectric_1,200,0.0
SPPC_conventional_hydroelectric_1,201,0.0
SPPC_conventional_hydroelectric_1,202,0.0
SPPC_conventional_hydroelectric_1,203,0.0
SPPC_conventional_hydroelectric_1,204,0.0
SPPC_conventional_hydroelectric_1,205,0.0
SPPC_conventional_hydroelectric_1,206,0.0
SPPC_conventional_hydroelectric_1,207,0.0
SPPC_conventional_hydroelectric_1,208,0.0
SPPC_conventional_hydroelectric_1,209,0.0
SPPC_conventional_hydroelectric_1,210,0.0
SPPC_conventional_hydroelectric_1,211,0.0
SPPC_conventional_hydroelectric_1,212,0.0
SPPC_conventional_hydroelectric_1,213,0.0
SPPC_conventional_hydroelectric_1,214,0.0
SPPC_conventional_hydroelectric_1,215,0.0
SPPC_conventional_hydroelectric_1,216,0.0
SPPC_conventional_hydroelectric_1,217,12.830376000000001
SPPC_conventional_hydroelectric_1,218,9.430512
SPPC_conventional_hydroelectric_1,219,12.777336000000005
SPPC_conventional_hydroelectric_1,220,9.377472000000004
SPPC_conventional_hydroelectric_1,221,9.350952
SPPC_conventional_hydroelectric_1,222,9.324432000000002
SPPC_conventional_hydroelectric_1,223,9.292608000000001
SPPC_conventional_hydroelectric_1,224,9.266088000000003
SPPC_conventional_hydroelectric_1,225,9.239567999999998
SPPC_conventional_hydroelectric_1,226,9.213048
SPPC_conventional_hydroelectric_1,227,9.186528000000003
SPPC_conventional_hydroelectric_1,228,9.154704000000002
SPPC_conventional_hydroelectric_1,229,9.128183999999997
SPPC_conventional_hydroelectric_1,230,9.101664
SPPC_conventional_hydroelectric_1,231,9.075144000000002
SPPC_conventional_hydroelectric_1,232,9.048623999999997
SPPC_conventional_hydroelectric_1,233,9.016800000000003
SPPC_conventional_hydroelectric_1,234,8.990279999999998
SPPC_conventional_hydroelectric_1,235,8.96376
SPPC_conventional_hydroelectric_1,236,12.310584000000006
SPPC_conventional_hydroelectric_1,237,8.910720000000005
SPPC_conventional_hydroelectric_1,238,8.878895999999997
SPPC_conventional_hydroelectric_1,239,8.852376
SPPC_conventional_hydroelectric_1,240,8.825856000000002
SPPC_conventional_hydroelectric_1,241,0.0
SPPC_conventional_hydroelectric_1,242,3.373344000000003
SPPC_conventional_hydroelectric_1,243,0.0
SPPC_conventional_hydroelectric_1,244,3.373344000000003
SPPC_conventional_hydroelectric_1,245,3.373344000000003
SPPC_conventional_hydroelectric_1,246,3.373344000000003
SPPC_conventional_hydroelectric_1,247,3.373344000000003
SPPC_conventional_hydroelectric_1,248,3.373344000000003
SPPC_conventional_hydroelectric_1,249,3.373344000000003
SPPC_conventional_hydroelectric_1,250,3.373344000000003
SPPC_conventional_hydroelectric_1,251,3.373344000000003
SPPC_conventional_hydroelectric_1,252,3.373344000000003
SPPC_conventional_hydroelectric_1,253,3.373344000000003
SPPC_conventional_hydroelectric_1,254,3.373344000000003
SPPC_conventional_hydroelectric_1,255,3.373344000000003
SPPC_conventional_hydroelectric_1,256,3.373344000000003
SPPC_conventional_hydroelectric_1,257,3.373344000000003
SPPC_conventional_hydroelectric_1,258,3.373344000000003
SPPC_conventional_hydroelectric_1,259,3.373344000000003
SPPC_conventional_hydroelectric_1,260,0.0
SPPC_conventional_hydroelectric_1,261,3.373344000000003
SPPC_conventional_hydroelectric_1,262,3.373344000000003
SPPC_conventional_hydroelectric_1,263,3.373344000000003
SPPC_conventional_hydroelectric_1,264,3.373344000000003
SPPC_conventional_hydroelectric_1,265,3.7446240000000017
SPPC_conventional_hydroelectric_1,266,3.749927999999997
SPPC_conventional_hydroelectric_1,267,7.961303999999998
SPPC_conventional_hydroelectric_1,268,3.7552319999999995
SPPC_conventional_hydroelectric_1,269,3.7552319999999995
SPPC_conventional_hydroelectric_1,270,7.966608000000001
SPPC_conventional_hydroelectric_1,271,3.760536000000002
SPPC_conventional_hydroelectric_1,272,34.46008800000001
SPPC_conventional_hydroelectric_1,273,3.765839999999997
SPPC_conventional_hydroelectric_1,274,11.949911999999998
SPPC_conventional_hydroelectric_1,275,3.7711439999999996
SPPC_conventional_hydroelectric_1,276,11.949911999999998
SPPC_conventional_hydroelectric_1,277,7.982520000000001
SPPC_conventional_hydroelectric_1,278,3.776448000000002
SPPC_conventional_hydroelectric_1,279,3.776448000000002
SPPC_conventional_hydroelectric_1,280,3.7817519999999973
SPPC_conventional_hydroelectric_1,281,3.7817519999999973
SPPC_conventional_hydroelectric_1,282,7.998432000000001
SPPC_conventional_hydroelectric_1,283,7.998432000000001
SPPC_conventional_hydroelectric_1,284,3.7870559999999998
SPPC_conventional_hydroelectric_1,285,8.003736000000004
SPPC_conventional_hydroelectric_1,286,3.792360000000002
SPPC_conventional_hydroelectric_1,287,11.944607999999995
SPPC_conventional_hydroelectric_1,288,3.7976639999999975
SPPC_conventional_hydroelectric_1,289,4.211376000000001
SPPC_conventional_hydroelectric_1,290,4.211376000000001
SPPC_conventional_hydroelectric_1,291,0.0
SPPC_conventional_hydroelectric_1,292,4.211376000000001
SPPC_conventional_hydroelectric_1,293,4.211376000000001
SPPC_conventional_hydroelectric_1,294,0.0
SPPC_conventional_hydroelectric_1,295,4.211376000000001
SPPC_conventional_hydroelectric_1,296,0.0
SPPC_conventional_hydroelectric_1,297,8.189376000000003
SPPC_conventional_hydroelectric_1,298,0.0
SPPC_conventional_hydroelectric_1,299,4.211376000000001
SPPC_conventional_hydroelectric_1,300,0.0
SPPC_conventional_hydroelectric_1,301,0.0
SPPC_conventional_hydroelectric_1,302,4.211376000000001
SPPC_conventional_hydroelectric_1,303,4.211376000000001
SPPC_conventional_hydroelectric_1,304,4.211376000000001
SPPC_conventional_hydroelectric_1,305,4.211376000000001
SPPC_conventional_hydroelectric_1,306,0.0
SPPC_conventional_hydroelectric_1,307,0.0
SPPC_conventional_hydroelectric_1,308,4.211376000000001
SPPC_conventional_hydroelectric_1,309,0.0
SPPC_conventional_hydroelectric_1,310,4.211376000000001
SPPC_conventional_hydroelectric_1,311,0.0
SPPC_conventional_hydroelectric_1,312,8.146943999999998
SPPC_conventional_hydroelectric_1,313,53.04
SPPC_conventional_hydroelectric_1,314,53.04
SPPC_conventional_hydroelectric_1,315,53.04
SPPC_conventional_hydroelectric_1,316,53.04
SPPC_conventional_hydroelectric_1,317,53.04
SPPC_conventional_hydroelectric_1,318,53.04
SPPC_conventional_hydroelectric_1,319,51.414422146337124
SPPC_conventional_hydroelectric_1,320,0.0
SPPC_conventional_hydroelectric_1,321,53.04
SPPC_conventional_hydroelectric_1,322,53.04
SPPC_conventional_hydroelectric_1,323,7.4627279999999985
SPPC_conventional_hydroelectric_1,324,53.04
SPPC_conventional_hydroelectric_1,325,53.04
SPPC_conventional_hydroelectric_1,326,53.04
SPPC_conventional_hydroelectric_1,327,53.04
SPPC_conventional_hydroelectric_1,328,53.04
SPPC_conventional_hydroelectric_1,329,53.04
SPPC_conventional_hydroelectric_1,330,7.420295999999993
SPPC_conventional_hydroelectric_1,331,53.04
SPPC_conventional_hydroelectric_1,332,53.04
SPPC_conventional_hydroelectric_1,333,53.04
SPPC_conventional_hydroelectric_1,334,7.399079999999998
SPPC_conventional_hydroelectric_1,335,53.04
SPPC_conventional_hydroelectric_1,336,53.04
SPPC_conventional_hydroelectric_1,337,7.515767999999998
SPPC_conventional_hydroelectric_1,338,7.515767999999998
SPPC_conventional_hydroelectric_1,339,0.0
SPPC_conventional_hydroelectric_1,340,0.0
SPPC_conventional_hydroelectric_1,341,0.0
SPPC_conventional_hydroelectric_1,342,0.0
SPPC_conventional_hydroelectric_1,343,9.109521853662873
SPPC_conventional_hydroelectric_1,344,0.0
SPPC_conventional_hydroelectric_1,345,3.495336
SPPC_conventional_hydroelectric_1,346,3.490032
SPPC_conventional_hydroelectric_1,347,53.04
SPPC_conventional_hydroelectric_1,348,3.4847279999999996
SPPC_conventional_hydroelectric_1,349,7.452119999999996
SPPC_conventional_hydroelectric_1,350,7.441512000000002
SPPC_conventional_hydroelectric_1,351,7.436208000000002
SPPC_conventional_hydroelectric_1,352,7.430904
SPPC_conventional_hydroelectric_1,353,7.425599999999999
SPPC_conventional_hydroelectric_1,354,53.04
SPPC_conventional_hydroelectric_1,355,7.414991999999996
SPPC_conventional_hydroelectric_1,356,7.409688000000001
SPPC_conventional_hydroelectric_1,357,7.399079999999998
SPPC_conventional_hydroelectric_1,358,53.04
SPPC_conventional_hydroelectric_1,359,3.452904
SPPC_conventional_hydroelectric_1,360,0.0
SPPC_conventional_hydroelectric_1,361,0.0
SPPC_conventional_hydroelectric_1,362,0.0
SPPC_conventional_hydroelectric_1,363,0.0
SPPC_conventional_hydroelectric_1,364,0.0
SPPC_conventional_hydroelectric_1,365,0.0
SPPC_conventional_hydroelectric_1,366,0.0
SPPC_conventional_hydroelectric_1,367,0.0
SPPC_conventional_hydroelectric_1,368,0.0
SPPC_conventional_hydroelectric_1,369,0.0
SPPC_conventional_hydroelectric_1,370,3.033888
SPPC_conventional_hydroelectric_1,371,0.0
SPPC_conventional_hydroelectric_1,372,0.0
SPPC_conventional_hydroelectric_1,373,0.0
SPPC_conventional_hydroelectric_1,374,3.033888
SPPC_conventional_hydroelectric_1,375,3.033888
SPPC_conventional_hydroelectric_1,376,3.033888
SPPC_conventional_hydroelectric_1,377,3.028584
SPPC_conventional_hydroelectric_1,378,3.028584
SPPC_conventional_hydroelectric_1,379,3.028584
SPPC_conventional_hydroelectric_1,380,3.028584
SPPC_conventional_hydroelectric_1,381,3.028584
SPPC_conventional_hydroelectric_1,382,3.028584
SPPC_conventional_hydroelectric_1,383,3.028584
SPPC_conventional_hydroelectric_1,384,0.0
SPPC_conventional_hydroelectric_1,385,0.0
SPPC_conventional_hydroelectric_1,386,0.0
SPPC_conventional_hydroelectric_1,387,0.0
SPPC_conventional_hydroelectric_1,388,0.0
SPPC_conventional_hydroelectric_1,389,0.0
SPPC_conventional_hydroelectric_1,390,0.0
SPPC_conventional_hydroelectric_1,391,0.0
SPPC_conventional_hydroelectric_1,392,0.0
SPPC_conventional_hydroelectric_1,393,0.0
SPPC_conventional_hydroelectric_1,394,0.0
SPPC_conventional_hydroelectric_1,395,5.982912000000001
SPPC_conventional_hydroelectric_1,396,5.982912000000001
SPPC_conventional_hydroelectric_1,397,5.982912000000001
SPPC_conventional_hydroelectric_1,398,2.949024
SPPC_conventional_hydroelectric_1,399,2.949024
SPPC_conventional_hydroelectric_1,400,2.949024
SPPC_conventional_hydroelectric_1,401,2.94372
SPPC_conventional_hydroelectric_1,402,2.94372
SPPC_conventional_hydroelectric_1,403,2.94372
SPPC_conventional_hydroelectric_1,404,2.94372
SPPC_conventional_hydroelectric_1,405,2.94372
SPPC_conventional_hydroelectric_1,406,0.0
SPPC_conventional_hydroelectric_1,407,0.0
SPPC_conventional_hydroelectric_1,408,0.0
SPPC_conventional_hydroelectric_1,409,0.0
SPPC_conventional_hydroelectric_1,410,0.0
SPPC_conventional_hydroelectric_1,411,0.0
SPPC_conventional_hydroelectric_1,412,0.0
SPPC_conventional_hydroelectric_1,413,0.0
SPPC_conventional_hydroelectric_1,414,0.0
SPPC_conventional_hydroelectric_1,415,0.0
SPPC_conventional_hydroelectric_1,416,0.0
SPPC_conventional_hydroelectric_1,417,0.0
SPPC_conventional_hydroelectric_1,418,0.0
SPPC_conventional_hydroelectric_1,419,0.0
SPPC_conventional_hydroelectric_1,420,0.0
SPPC_conventional_hydroelectric_1,421,0.0
SPPC_conventional_hydroelectric_1,422,0.0
SPPC_conventional_hydroelectric_1,423,0.0
SPPC_conventional_hydroelectric_1,424,0.0
SPPC_conventional_hydroelectric_1,425,0.0
SPPC_conventional_hydroelectric_1,426,0.0
SPPC_conventional_hydroelectric_1,427,0.0
SPPC_conventional_hydroelectric_1,428,0.0
SPPC_conventional_hydroelectric_1,429,0.0
SPPC_conventional_hydroelectric_1,430,0.0
SPPC_conventional_hydroelectric_1,431,0.0
SPPC_conventional_hydroelectric_1,432,0.0
SPPC_conventional_hydroelectric_1,433,0.0
SPPC_conventional_hydroelectric_1,434,0.0
SPPC_conventional_hydroelectric_1,435,0.0
SPPC_conventional_hydroelectric_1,436,0.0
SPPC_conventional_hydroelectric_1,437,0.0
SPPC_conventional_hydroelectric_1,438,0.0
SPPC_conventional_hydroelectric_1,439,0.0
SPPC_conventional_hydroelectric_1,440,0.0
SPPC_conventional_hydroelectric_1,441,0.0
SPPC_conventional_hydroelectric_1,442,0.0
SPPC_conventional_hydroelectric_1,443,0.0
SPPC_conventional_hydroelectric_1,444,0.0
SPPC_conventional_hydroelectric_1,445,0.0
SPPC_conventional_hydroelectric_1,446,0.0
SPPC_conventional_hydroelectric_1,447,0.0
SPPC_conventional_hydroelectric_1,448,0.0
SPPC_conventional_hydroelectric_1,449,0.0
SPPC_conventional_hydroelectric_1,450,0.0
SPPC_conventional_hydroelectric_1,451,0.0
SPPC_conventional_hydroelectric_1,452,0.0
SPPC_conventional_hydroelectric_1,453,0.0
SPPC_conventional_hydroelectric_1,454,0.0
SPPC_conventional_hydroelectric_1,455,0.0
SPPC_conventional_hydroelectric_1,456,0.0
SPPC_conventional_hydroelectric_1,457,0.0
SPPC_conventional_hydroelectric_1,458,0.0
SPPC_conventional_hydroelectric_1,459,0.0
SPPC_conventional_hydroelectric_1,460,0.0
SPPC_conventional_hydroelectric_1,461,0.0
SPPC_conventional_hydroelectric_1,462,0.0
SPPC_conventional_hydroelectric_1,463,0.0
SPPC_conventional_hydroelectric_1,464,0.0
SPPC_conventional_hydroelectric_1,465,0.0
SPPC_conventional_hydroelectric_1,466,0.0
SPPC_conventional_hydroelectric_1,467,0.0
SPPC_conventional_hydroelectric_1,468,0.0
SPPC_conventional_hydroelectric_1,469,0.0
SPPC_conventional_hydroelectric_1,470,0.0
SPPC_conventional_hydroelectric_1,471,0.0
SPPC_conventional_hydroelectric_1,472,0.0
SPPC_conventional_hydroelectric_1,473,0.0
SPPC_conventional_hydroelectric_1,474,0.0
SPPC_conventional_hydroelectric_1,475,0.0
SPPC_conventional_hydroelectric_1,476,0.0
SPPC_conventional_hydroelectric_1,477,0.0
SPPC_conventional_hydroelectric_1,478,0.0
SPPC_conventional_hydroelectric_1,479,0.0
SPPC_conventional_hydroelectric_1,480,0.0
SPPC_conventional_hydroelectric_1,481,0.0
SPPC_conventional_hydroelectric_1,482,0.0
SPPC_conventional_hydroelectric_1,483,0.0
SPPC_conventional_hydroelectric_1,484,0.0
SPPC_conventional_hydroelectric_1,485,0.0
SPPC_conventional_hydroelectric_1,486,0.0
SPPC_conventional_hydroelectric_1,487,0.0
SPPC_conventional_hydroelectric_1,488,0.0
SPPC_conventional_hydroelectric_1,489,0.0
SPPC_conventional_hydroelectric_1,490,0.0
SPPC_conventional_hydroelectric_1,491,0.0
SPPC_conventional_hydroelectric_1,492,0.0
SPPC_conventional_hydroelectric_1,493,0.0
SPPC_conventional_hydroelectric_1,494,0.0
SPPC_conventional_hydroelectric_1,495,0.0
SPPC_conventional_hydroelectric_1,496,0.0
SPPC_conventional_hydroelectric_1,497,0.0
SPPC_conventional_hydroelectric_1,498,0.0
SPPC_conventional_hydroelectric_1,499,0.0
SPPC_conventional_hydroelectric_1,500,0.0
SPPC_conventional_hydroelectric_1,501,0.0
SPPC_conventional_hydroelectric_1,502,0.0
SPPC_conventional_hydroelectric_1,503,0.0
SPPC_conventional_hydroelectric_1,504,0.0
SPPC_conventional_hydroelectric_1,505,0.0
SPPC_conventional_hydroelectric_1,506,0.0
SPPC_conventional_hydroelectric_1,507,0.0
SPPC_conventional_hydroelectric_1,508,0.0
SPPC_conventional_hydroelectric_1,509,0.0
SPPC_conventional_hydroelectric_1,510,14.67181607878406
SPPC_conventional_hydroelectric_1,511,19.025448
SPPC_conventional_hydroelectric_1,512,53.04
SPPC_conventional_hydroelectric_1,513,0.0
SPPC_conventional_hydroelectric_1,514,0.0
SPPC_conventional_hydroelectric_1,515,0.0
SPPC_conventional_hydroelectric_1,516,0.0
SPPC_conventional_hydroelectric_1,517,0.0
SPPC_conventional_hydroelectric_1,518,0.0
SPPC_conventional_hydroelectric_1,519,0.0
SPPC_conventional_hydroelectric_1,520,0.0
SPPC_conventional_hydroelectric_1,521,0.0
SPPC_conventional_hydroelectric_1,522,0.0
SPPC_conventional_hydroelectric_1,523,0.0
SPPC_conventional_hydroelectric_1,524,0.0
SPPC_conventional_hydroelectric_1,525,0.0
SPPC_conventional_hydroelectric_1,526,15.890784000000002
SPPC_conventional_hydroelectric_1,527,15.890784000000002
SPPC_conventional_hydroelectric_1,528,22.366968
SPPC_conventional_hydroelectric_1,529,0.0
SPPC_conventional_hydroelectric_1,530,0.0
SPPC_conventional_hydroelectric_1,531,0.0
SPPC_conventional_hydroelectric_1,532,0.0
SPPC_conventional_hydroelectric_1,533,0.0
SPPC_conventional_hydroelectric_1,534,0.0
SPPC_conventional_hydroelectric_1,535,0.0
SPPC_conventional_hydroelectric_1,536,0.0
SPPC_conventional_hydroelectric_1,537,0.0
SPPC_conventional_hydroelectric_1,538,0.0
SPPC_conventional_hydroelectric_1,539,0.0
SPPC_conventional_hydroelectric_1,540,0.0
SPPC_conventional_hydroelectric_1,541,0.0
SPPC_conventional_hydroelectric_1,542,0.0
SPPC_conventional_hydroelectric_1,543,0.0
SPPC_conventional_hydroelectric_1,544,14.803464
SPPC_conventional_hydroelectric_1,545,14.792856
SPPC_conventional_hydroelectric_1,546,0.0
SPPC_conventional_hydroelectric_1,547,14.787552
SPPC_conventional_hydroelectric_1,548,0.0
SPPC_conventional_hydroelectric_1,549,0.0
SPPC_conventional_hydroelectric_1,550,1.8192719999999998
SPPC_conventional_hydroelectric_1,551,0.0
SPPC_conventional_hydroelectric_1,552,0.0
SPPC_conventional_hydroelectric_1,553,24.334751999999998
SPPC_conventional_hydroelectric_1,554,24.340056
SPPC_conventional_hydroelectric_1,555,31.855824000000002
SPPC_conventional_hydroelectric_1,556,31.861127999999997
SPPC_conventional_hydroelectric_1,557,31.866432
SPPC_conventional_hydroelectric_1,558,17.19991992121594
SPPC_conventional_hydroelectric_1,559,5.372952000000001
SPPC_conventional_hydroelectric_1,560,5.388864
SPPC_conventional_hydroelectric_1,561,24.403703999999998
SPPC_conventional_hydroelectric_1,562,21.385728
SPPC_conventional_hydroelectric_1,563,18.447312
SPPC_conventional_hydroelectric_1,564,0.0
SPPC_conventional_hydroelectric_1,565,18.473832
SPPC_conventional_hydroelectric_1,566,18.48444
SPPC_conventional_hydroelectric_1,567,18.495048
SPPC_conventional_hydroelectric_1,568,0.0
SPPC_conventional_hydroelectric_1,569,3.718104
SPPC_conventional_hydroelectric_1,570,0.0
SPPC_conventional_hydroelectric_1,571,0.0
SPPC_conventional_hydroelectric_1,572,0.0
SPPC_conventional_hydroelectric_1,573,0.0
SPPC_conventional_hydroelectric_1,574,0.0
SPPC_conventional_hydroelectric_1,575,0.0
SPPC_conventional_hydroelectric_1,576,0.0
SPPN_conventional_hydroelectric_1,1,936.2435681789208
SPPN_conventional_hydroelectric_1,2,937.2676481789207
SPPN_conventional_hydroelectric_1,3,938.510231968348
SPPN_conventional_hydroelectric_1,4,939.5343119683481
SPPN_conventional_hydroelectric_1,5,314.58311923595886
SPPN_conventional_hydroelectric_1,6,0.0
SPPN_conventional_hydroelectric_1,7,0.0
SPPN_conventional_hydroelectric_1,8,0.0
SPPN_conventional_hydroelectric_1,9,0.0
SPPN_conventional_hydroelectric_1,10,0.0
SPPN_conventional_hydroelectric_1,11,0.0
SPPN_conventional_hydroelectric_1,12,0.0
SPPN_conventional_hydroelectric_1,13,0.0
SPPN_conventional_hydroelectric_1,14,0.0
SPPN_conventional_hydroelectric_1,15,0.0
SPPN_conventional_hydroelectric_1,16,0.0
SPPN_conventional_hydroelectric_1,17,0.0
SPPN_conventional_hydroelectric_1,18,0.0
SPPN_conventional_hydroelectric_1,19,0.0
SPPN_conventional_hydroelectric_1,20,0.0
SPPN_conventional_hydroelectric_1,21,0.0
SPPN_conventional_hydroelectric_1,22,0.0
SPPN_conventional_hydroelectric_1,23,0.0
SPPN_conventional_hydroelectric_1,24,0.0
SPPN_conventional_hydroelectric_1,25,0.0
SPPN_conventional_hydroelectric_1,26,0.0
SPPN_conventional_hydroelectric_1,27,0.0
SPPN_conventional_hydroelectric_1,28,0.0
SPPN_conventional_hydroelectric_1,29,0.0
SPPN_conventional_hydroelectric_1,30,1625.924529988648
SPPN_conventional_hydroelectric_1,31,1972.947360358281
SPPN_conventional_hydroelectric_1,32,1973.9339241477085
SPPN_conventional_hydroelectric_1,33,831.4391547994655
SPPN_conventional_hydroelectric_1,34,971.2282416661587
SPPN_conventional_hydroelectric_1,35,0.0
SPPN_conventional_hydroelectric_1,36,0.0
SPPN_conventional_hydroelectric_1,37,0.0
SPPN_conventional_hydroelectric_1,38,0.0
SPPN_conventional_hydroelectric_1,39,0.0
SPPN_conventional_hydroelectric_1,40,0.0
SPPN_conventional_hydroelectric_1,41,343.1533397053388
SPPN_conventional_hydroelectric_1,42,380.5726748565776
SPPN_conventional_hydroelectric_1,43,381.5779967512916
SPPN_conventional_hydroelectric_1,44,0.0
SPPN_conventional_hydroelectric_1,45,0.0
SPPN_conventional_hydroelectric_1,46,0.0
SPPN_conventional_hydroelectric_1,47,0.0
SPPN_conventional_hydroelectric_1,48,0.0
SPPN_conventional_hydroelectric_1,49,390.629983070667
SPPN_conventional_hydroelectric_1,50,390.3927211759533
SPPN_conventional_hydroelectric_1,51,764.7853682016762
SPPN_conventional_hydroelectric_1,52,795.9599289733715
SPPN_conventional_hydroelectric_1,53,1400.0371995913802
SPPN_conventional_hydroelectric_1,54,1305.6314248679296
SPPN_conventional_hydroelectric_1,55,0.0
SPPN_conventional_hydroelectric_1,56,797.3040890665
SPPN_conventional_hydroelectric_1,57,2102.4022219518256
SPPN_conventional_hydroelectric_1,58,1934.4437374870909
SPPN_conventional_hydroelectric_1,59,2538.8153244598407
SPPN_conventional_hydroelectric_1,60,2504.118245077958
SPPN_conventional_hydroelectric_1,61,2560.2
SPPN_conventional_hydroelectric_1,62,1922.1532113643275
SPPN_conventional_hydroelectric_1,63,2560.2
SPPN_conventional_hydroelectric_1,64,2560.2
SPPN_conventional_hydroelectric_1,65,2560.2
SPPN_conventional_hydroelectric_1,66,2560.2
SPPN_conventional_hydroelectric_1,67,2560.2
SPPN_conventional_hydroelectric_1,68,2560.2
SPPN_conventional_hydroelectric_1,69,2560.2
SPPN_conventional_hydroelectric_1,70,2560.2
SPPN_conventional_hydroelectric_1,71,2560.2
SPPN_conventional_hydroelectric_1,72,2560.2
SPPN_conventional_hydroelectric_1,73,2560.2
SPPN_conventional_hydroelectric_1,74,2560.2
SPPN_conventional_hydroelectric_1,75,2185.551332974277
SPPN_conventional_hydroelectric_1,76,2153.883490307868
SPPN_conventional_hydroelectric_1,77,2175.5254724222486
SPPN_conventional_hydroelectric_1,78,959.3766544982965
SPPN_conventional_hydroelectric_1,79,1918.753308996593
SPPN_conventional_hydroelectric_1,80,1121.449219930093
SPPN_conventional_hydroelectric_1,81,959.3766544982965
SPPN_conventional_hydroelectric_1,82,988.3328702016245
SPPN_conventional_hydroelectric_1,83,1356.1948467897473
SPPN_conventional_hydroelectric_1,84,1974.8350639186351
SPPN_conventional_hydroelectric_1,85,1918.7533089965932
SPPN_conventional_hydroelectric_1,86,1975.1611398852608
SPPN_conventional_hydroelectric_1,87,1337.6451493548743
SPPN_conventional_hydroelectric_1,88,733.3635265721512
SPPN_conventional_hydroelectric_1,89,996.0466877548218
SPPN_conventional_hydroelectric_1,90,959.3766544982965
SPPN_conventional_hydroelectric_1,91,959.3766544982965
SPPN_conventional_hydroelectric_1,92,1341.4854493548746
SPPN_conventional_hydroelectric_1,93,942.2173534821153
SPPN_conventional_hydroelectric_1,94,1343.2775893548746
SPPN_conventional_hydroelectric_1,95,1343.7896293548743
SPPN_conventional_hydroelectric_1,96,1344.5576893548741
SPPN_conventional_hydroelectric_1,97,0.0
SPPN_conventional_hydroelectric_1,98,0.0
SPPN_conventional_hydroelectric_1,99,0.0
SPPN_conventional_hydroelectric_1,100,0.0
SPPN_conventional_hydroelectric_1,101,0.0
SPPN_conventional_hydroelectric_1,102,0.0
SPPN_conventional_hydroelectric_1,103,0.0
SPPN_conventional_hydroelectric_1,104,0.0
SPPN_conventional_hydroelectric_1,105,457.8428308141031
SPPN_conventional_hydroelectric_1,106,0.0
SPPN_conventional_hydroelectric_1,107,0.0
SPPN_conventional_hydroelectric_1,108,0.0
SPPN_conventional_hydroelectric_1,109,0.0
SPPN_conventional_hydroelectric_1,110,0.0
SPPN_conventional_hydroelectric_1,111,0.0
SPPN_conventional_hydroelectric_1,112,0.0
SPPN_conventional_hydroelectric_1,113,0.0
SPPN_conventional_hydroelectric_1,114,0.0
SPPN_conventional_hydroelectric_1,115,0.0
SPPN_conventional_hydroelectric_1,116,0.0
SPPN_conventional_hydroelectric_1,117,0.0
SPPN_conventional_hydroelectric_1,118,0.0
SPPN_conventional_hydroelectric_1,119,0.0
SPPN_conventional_hydroelectric_1,120,0.0
SPPN_conventional_hydroelectric_1,121,703.8607401246912
SPPN_conventional_hydroelectric_1,122,799.1278101447415
SPPN_conventional_hydroelectric_1,123,539.1449931860643
SPPN_conventional_hydroelectric_1,124,539.6570331860643
SPPN_conventional_hydroelectric_1,125,540.6435969754917
SPPN_conventional_hydroelectric_1,126,615.4722617487573
SPPN_conventional_hydroelectric_1,127,1719.5661360511936
SPPN_conventional_hydroelectric_1,128,876.8656130292063
SPPN_conventional_hydroelectric_1,129,1162.4862974357459
SPPN_conventional_hydroelectric_1,130,1954.8192647961314
SPPN_conventional_hydroelectric_1,131,1955.0752847961314
SPPN_conventional_hydroelectric_1,132,1955.0752847961314
SPPN_conventional_hydroelectric_1,133,1955.0940429014177
SPPN_conventional_hydroelectric_1,134,1955.112801006704
SPPN_conventional_hydroelectric_1,135,1955.1315591119906
SPPN_conventional_hydroelectric_1,136,2560.2
SPPN_conventional_hydroelectric_1,137,1784.3059533217215
SPPN_conventional_hydroelectric_1,138,1955.4063372172768
SPPN_conventional_hydroelectric_1,139,1955.425095322563
SPPN_conventional_hydroelectric_1,140,1955.4438534278493
SPPN_conventional_hydroelectric_1,141,2170.8953105549263
SPPN_conventional_hydroelectric_1,142,1784.4940973705607
SPPN_conventional_hydroelectric_1,143,1941.4531496280927
SPPN_conventional_hydroelectric_1,144,894.5100237741563
SPPN_conventional_hydroelectric_1,145,0.0
SPPN_conventional_hydroelectric_1,146,0.0
SPPN_conventional_hydroelectric_1,147,0.0
SPPN_conventional_hydroelectric_1,148,0.0
SPPN_conventional_hydroelectric_1,149,0.0
SPPN_conventional_hydroelectric_1,150,0.0
SPPN_conventional_hydroelectric_1,151,0.0
SPPN_conventional_hydroelectric_1,152,0.0
SPPN_conventional_hydroelectric_1,153,0.0
SPPN_conventional_hydroelectric_1,154,0.0
SPPN_conventional_hydroelectric_1,155,0.0
SPPN_conventional_hydroelectric_1,156,0.0
SPPN_conventional_hydroelectric_1,157,498.1830506369779
SPPN_conventional_hydroelectric_1,158,648.9693770002002
SPPN_conventional_hydroelectric_1,159,643.5869088942123
SPPN_conventional_hydroelectric_1,160,1027.001246631498
SPPN_conventional_hydroelectric_1,161,1198.5949124217666
SPPN_conventional_hydroelectric_1,162,1028.2438304209252
SPPN_conventional_hydroelectric_1,163,826.006279316766
SPPN_conventional_hydroelectric_1,164,1029.7049179997803
SPPN_conventional_hydroelectric_1,165,1215.0764348507482
SPPN_conventional_hydroelectric_1,166,1032.7142812043637
SPPN_conventional_hydroelectric_1,167,264.6849951755701
SPPN_conventional_hydroelectric_1,168,734.1644391129122
SPPN_conventional_hydroelectric_1,169,2267.2510409875185
SPPN_conventional_hydroelectric_1,170,2172.7332728621823
SPPN_conventional_hydroelectric_1,171,2433.48414982086
SPPN_conventional_hydroelectric_1,172,2433.48414982086
SPPN_conventional_hydroelectric_1,173,2433.48414982086
SPPN_conventional_hydroelectric_1,174,2359.3860288370215
SPPN_conventional_hydroelectric_1,175,1256.060214534585
SPPN_conventional_hydroelectric_1,176,2099.272777556572
SPPN_conventional_hydroelectric_1,177,1356.5585642306432
SPPN_conventional_hydroelectric_1,178,1022.8364876843607
SPPN_conventional_hydroelectric_1,179,1023.5670314737881
SPPN_conventional_hydroelectric_1,180,1024.2975752632155
SPPN_conventional_hydroelectric_1,181,526.6078065209515
SPPN_conventional_hydroelectric_1,182,376.57078205244284
SPPN_conventional_hydroelectric_1,183,382.68379394785813
SPPN_conventional_hydroelectric_1,184,0.0
SPPN_conventional_hydroelectric_1,185,0.0
SPPN_conventional_hydroelectric_1,186,0.0
SPPN_conventional_hydroelectric_1,187,202.96809489358657
SPPN_conventional_hydroelectric_1,188,0.0
SPPN_conventional_hydroelectric_1,189,0.0
SPPN_conventional_hydroelectric_1,190,169.2017347474185
SPPN_conventional_hydroelectric_1,191,781.021270413394
SPPN_conventional_hydroelectric_1,192,1359.4902742247023
SPPN_conventional_hydroelectric_1,193,0.0
SPPN_conventional_hydroelectric_1,194,0.0
SPPN_conventional_hydroelectric_1,195,0.0
SPPN_conventional_hydroelectric_1,196,0.0
SPPN_conventional_hydroelectric_1,197,0.0
SPPN_conventional_hydroelectric_1,198,0.0
SPPN_conventional_hydroelectric_1,199,0.0
SPPN_conventional_hydroelectric_1,200,0.0
SPPN_conventional_hydroelectric_1,201,0.0
SPPN_conventional_hydroelectric_1,202,0.0
SPPN_conventional_hydroelectric_1,203,0.0
SPPN_conventional_hydroelectric_1,204,0.0
SPPN_conventional_hydroelectric_1,205,0.0
SPPN_conventional_hydroelectric_1,206,0.0
SPPN_conventional_hydroelectric_1,207,0.0
SPPN_conventional_hydroelectric_1,208,0.0
SPPN_conventional_hydroelectric_1,209,0.0
SPPN_conventional_hydroelectric_1,210,0.0
SPPN_conventional_hydroelectric_1,211,0.0
SPPN_conventional_hydroelectric_1,212,0.0
SPPN_conventional_hydroelectric_1,213,0.0
SPPN_conventional_hydroelectric_1,214,0.0
SPPN_conventional_hydroelectric_1,215,0.0
SPPN_conventional_hydroelectric_1,216,0.0
SPPN_conventional_hydroelectric_1,217,2560.2
SPPN_conventional_hydroelectric_1,218,1351.5675438303288
SPPN_conventional_hydroelectric_1,219,1445.1460443009792
SPPN_conventional_hydroelectric_1,220,2171.955873883796
SPPN_conventional_hydroelectric_1,221,1261.6626207978902
SPPN_conventional_hydroelectric_1,222,1261.8998826926036
SPPN_conventional_hydroelectric_1,223,1262.3744064820307
SPPN_conventional_hydroelectric_1,224,1262.8489302714584
SPPN_conventional_hydroelectric_1,225,1263.0861921661722
SPPN_conventional_hydroelectric_1,226,1263.5607159555998
SPPN_conventional_hydroelectric_1,227,1264.035239745027
SPPN_conventional_hydroelectric_1,228,1264.2725016397408
SPPN_conventional_hydroelectric_1,229,1264.747025429168
SPPN_conventional_hydroelectric_1,230,1264.9842873238817
SPPN_conventional_hydroelectric_1,231,1265.4588111133094
SPPN_conventional_hydroelectric_1,232,1265.933334902737
SPPN_conventional_hydroelectric_1,233,1266.1705967974508
SPPN_conventional_hydroelectric_1,234,1266.6451205868775
SPPN_conventional_hydroelectric_1,235,1266.8823824815913
SPPN_conventional_hydroelectric_1,236,1330.989525287464
SPPN_conventional_hydroelectric_1,237,1267.831430060446
SPPN_conventional_hydroelectric_1,238,1354.2725670410946
SPPN_conventional_hydroelectric_1,239,1268.5432157445875
SPPN_conventional_hydroelectric_1,240,1268.7804776393014
SPPN_conventional_hydroelectric_1,241,44.2500514825806
SPPN_conventional_hydroelectric_1,242,1253.357031441679
SPPN_conventional_hydroelectric_1,243,1160.2530547604563
SPPN_conventional_hydroelectric_1,244,433.6804870723532
SPPN_conventional_hydroelectric_1,245,1344.4482639476864
SPPN_conventional_hydroelectric_1,246,1344.4482639476864
SPPN_conventional_hydroelectric_1,247,1344.4482639476864
SPPN_conventional_hydroelectric_1,248,1344.4482639476864
SPPN_conventional_hydroelectric_1,249,1344.4482639476864
SPPN_conventional_hydroelectric_1,250,1344.4482639476864
SPPN_conventional_hydroelectric_1,251,1344.4482639476864
SPPN_conventional_hydroelectric_1,252,1344.4482639476864
SPPN_conventional_hydroelectric_1,253,1344.4482639476864
SPPN_conventional_hydroelectric_1,254,1344.4482639476864
SPPN_conventional_hydroelectric_1,255,1344.4482639476864
SPPN_conventional_hydroelectric_1,256,1344.4482639476864
SPPN_conventional_hydroelectric_1,257,1344.4482639476864
SPPN_conventional_hydroelectric_1,258,1344.4482639476864
SPPN_conventional_hydroelectric_1,259,1344.4482639476864
SPPN_conventional_hydroelectric_1,260,1280.8156449312412
SPPN_conventional_hydroelectric_1,261,1344.4482639476864
SPPN_conventional_hydroelectric_1,262,1258.2443888617518
SPPN_conventional_hydroelectric_1,263,1344.4482639476864
SPPN_conventional_hydroelectric_1,264,1344.4482639476864
SPPN_conventional_hydroelectric_1,265,1918.951234609167
SPPN_conventional_hydroelectric_1,266,2441.479182387032
SPPN_conventional_hydroelectric_1,267,2560.2
SPPN_conventional_hydroelectric_1,268,2560.2
SPPN_conventional_hydroelectric_1,269,2173.5273249382813
SPPN_conventional_hydroelectric_1,270,2495.30966256081
SPPN_conventional_hydroelectric_1,271,2560.2
SPPN_conventional_hydroelectric_1,272,2560.2
SPPN_conventional_hydroelectric_1,273,2560.2
SPPN_conventional_hydroelectric_1,274,1906.1046353252993
SPPN_conventional_hydroelectric_1,275,1391.9168967886585
SPPN_conventional_hydroelectric_1,276,2404.3881290193867
SPPN_conventional_hydroelectric_1,277,2144.6067515443083
SPPN_conventional_hydroelectric_1,278,2129.5038454096034
SPPN_conventional_hydroelectric_1,279,1830.4042435951246
SPPN_conventional_hydroelectric_1,280,1568.8468135640965
SPPN_conventional_hydroelectric_1,281,1393.4342586833723
SPPN_conventional_hydroelectric_1,282,1841.082991926101
SPPN_conventional_hydroelectric_1,283,2299.7133158749066
SPPN_conventional_hydroelectric_1,284,1394.1835605780857
SPPN_conventional_hydroelectric_1,285,2076.7605966012684
SPPN_conventional_hydroelectric_1,286,1394.9328624727991
SPPN_conventional_hydroelectric_1,287,2560.2
SPPN_conventional_hydroelectric_1,288,1525.1257021021183
SPPN_conventional_hydroelectric_1,289,1246.924293598329
SPPN_conventional_hydroelectric_1,290,788.4903350185123
SPPN_conventional_hydroelectric_1,291,1044.4359910139344
SPPN_conventional_hydroelectric_1,292,625.5697100260876
SPPN_conventional_hydroelectric_1,293,1028.833032457544
SPPN_conventional_hydroelectric_1,294,704.9613967402867
SPPN_conventional_hydroelectric_1,295,607.3241968392144
SPPN_conventional_hydroelectric_1,296,1720.873249732939
SPPN_conventional_hydroelectric_1,297,1721.1480278382246
SPPN_conventional_hydroelectric_1,298,2375.7179163023525
SPPN_conventional_hydroelectric_1,299,2560.2
SPPN_conventional_hydroelectric_1,300,1285.1865701104475
SPPN_conventional_hydroelectric_1,301,1530.1867283827198
SPPN_conventional_hydroelectric_1,302,1215.8668427161554
SPPN_conventional_hydroelectric_1,303,1888.8248065697526
SPPN_conventional_hydroelectric_1,304,1977.000621671944
SPPN_conventional_hydroelectric_1,305,1604.977855470449
SPPN_conventional_hydroelectric_1,306,1329.6635097554038
SPPN_conventional_hydroelectric_1,307,1168.4986753753824
SPPN_conventional_hydroelectric_1,308,1804.971032204923
SPPN_conventional_hydroelectric_1,309,1314.5370471246029
SPPN_conventional_hydroelectric_1,310,2560.2
SPPN_conventional_hydroelectric_1,311,1725.2818640487974
SPPN_conventional_hydroelectric_1,312,1647.506730105818
SPPN_conventional_hydroelectric_1,313,2560.2
SPPN_conventional_hydroelectric_1,314,2560.2
SPPN_conventional_hydroelectric_1,315,2560.2
SPPN_conventional_hydroelectric_1,316,2560.2
SPPN_conventional_hydroelectric_1,317,2560.2
SPPN_conventional_hydroelectric_1,318,2560.2
SPPN_conventional_hydroelectric_1,319,2560.2
SPPN_conventional_hydroelectric_1,320,2560.2
SPPN_conventional_hydroelectric_1,321,2560.2
SPPN_conventional_hydroelectric_1,322,2560.2
SPPN_conventional_hydroelectric_1,323,2034.647454143285
SPPN_conventional_hydroelectric_1,324,2560.2
SPPN_conventional_hydroelectric_1,325,2560.2
SPPN_conventional_hydroelectric_1,326,2560.2
SPPN_conventional_hydroelectric_1,327,2560.2
SPPN_conventional_hydroelectric_1,328,2560.2
SPPN_conventional_hydroelectric_1,329,2560.2
SPPN_conventional_hydroelectric_1,330,2560.2
SPPN_conventional_hydroelectric_1,331,2560.2
SPPN_conventional_hydroelectric_1,332,2560.2
SPPN_conventional_hydroelectric_1,333,2560.2
SPPN_conventional_hydroelectric_1,334,1838.5668994444004
SPPN_conventional_hydroelectric_1,335,2560.2
SPPN_conventional_hydroelectric_1,336,2560.2
SPPN_conventional_hydroelectric_1,337,2560.2
SPPN_conventional_hydroelectric_1,338,2496.399547012524
SPPN_conventional_hydroelectric_1,339,2121.9890934041346
SPPN_conventional_hydroelectric_1,340,2541.1301524972678
SPPN_conventional_hydroelectric_1,341,2524.8142832328153
SPPN_conventional_hydroelectric_1,342,2527.178359432831
SPPN_conventional_hydroelectric_1,343,2560.2
SPPN_conventional_hydroelectric_1,344,1446.925725211562
SPPN_conventional_hydroelectric_1,345,1446.925725211562
SPPN_conventional_hydroelectric_1,346,1446.9444833168482
SPPN_conventional_hydroelectric_1,347,2302.4774621178435
SPPN_conventional_hydroelectric_1,348,2039.7418920252387
SPPN_conventional_hydroelectric_1,349,2054.797889333331
SPPN_conventional_hydroelectric_1,350,2384.4954592398863
SPPN_conventional_hydroelectric_1,351,2010.9118753060548
SPPN_conventional_hydroelectric_1,352,2184.549510234891
SPPN_conventional_hydroelectric_1,353,2560.2
SPPN_conventional_hydroelectric_1,354,2560.2
SPPN_conventional_hydroelectric_1,355,2065.798739001602
SPPN_conventional_hydroelectric_1,356,1348.1613553783282
SPPN_conventional_hydroelectric_1,357,1156.0370625407527
SPPN_conventional_hydroelectric_1,358,2498.7831140801636
SPPN_conventional_hydroelectric_1,359,1447.0757900538522
SPPN_conventional_hydroelectric_1,360,2560.2
SPPN_conventional_hydroelectric_1,361,836.3816855083805
SPPN_conventional_hydroelectric_1,362,150.2231138037148
SPPN_conventional_hydroelectric_1,363,149.47381190900114
SPPN_conventional_hydroelectric_1,364,148.74326811957394
SPPN_conventional_hydroelectric_1,365,147.99396622486051
SPPN_conventional_hydroelectric_1,366,147.02616054071927
SPPN_conventional_hydroelectric_1,367,146.2768586460054
SPPN_conventional_hydroelectric_1,368,1284.847502203452
SPPN_conventional_hydroelectric_1,369,152.49098573349738
SPPN_conventional_hydroelectric_1,370,1379.71012542697
SPPN_conventional_hydroelectric_1,371,1379.45410542697
SPPN_conventional_hydroelectric_1,372,1378.9795816375427
SPPN_conventional_hydroelectric_1,373,1378.7235616375428
SPPN_conventional_hydroelectric_1,374,1378.230279742829
SPPN_conventional_hydroelectric_1,375,1377.736997848115
SPPN_conventional_hydroelectric_1,376,1377.4997359534013
SPPN_conventional_hydroelectric_1,377,1549.0848215863712
SPPN_conventional_hydroelectric_1,378,1376.7504340586877
SPPN_conventional_hydroelectric_1,379,1573.48645980416
SPPN_conventional_hydroelectric_1,380,2560.2
SPPN_conventional_hydroelectric_1,381,2560.2
SPPN_conventional_hydroelectric_1,382,1375.033326479833
SPPN_conventional_hydroelectric_1,383,1374.777306479833
SPPN_conventional_hydroelectric_1,384,1374.3027826904058
SPPN_conventional_hydroelectric_1,385,1874.7719720847617
SPPN_conventional_hydroelectric_1,386,2560.2
SPPN_conventional_hydroelectric_1,387,2560.2
SPPN_conventional_hydroelectric_1,388,2560.2
SPPN_conventional_hydroelectric_1,389,2560.2
SPPN_conventional_hydroelectric_1,390,2560.2
SPPN_conventional_hydroelectric_1,391,2560.2
SPPN_conventional_hydroelectric_1,392,1420.8988126531262
SPPN_conventional_hydroelectric_1,393,2552.5060272283663
SPPN_conventional_hydroelectric_1,394,1324.5563437454666
SPPN_conventional_hydroelectric_1,395,1324.0630618507528
SPPN_conventional_hydroelectric_1,396,1323.807041850753
SPPN_conventional_hydroelectric_1,397,1323.3137599560393
SPPN_conventional_hydroelectric_1,398,1323.0764980613253
SPPN_conventional_hydroelectric_1,399,1322.583216166612
SPPN_conventional_hydroelectric_1,400,1322.0899342718978
SPPN_conventional_hydroelectric_1,401,1321.833914271898
SPPN_conventional_hydroelectric_1,402,1321.3593904824706
SPPN_conventional_hydroelectric_1,403,1321.1033704824706
SPPN_conventional_hydroelectric_1,404,1320.610088587757
SPPN_conventional_hydroelectric_1,405,1320.354068587757
SPPN_conventional_hydroelectric_1,406,1319.8795447983296
SPPN_conventional_hydroelectric_1,407,1319.6235247983298
SPPN_conventional_hydroelectric_1,408,1319.1302429036157
SPPN_conventional_hydroelectric_1,409,0.0
SPPN_conventional_hydroelectric_1,410,0.0
SPPN_conventional_hydroelectric_1,411,0.0
SPPN_conventional_hydroelectric_1,412,0.0
SPPN_conventional_hydroelectric_1,413,0.0
SPPN_conventional_hydroelectric_1,414,0.0
SPPN_conventional_hydroelectric_1,415,0.0
SPPN_conventional_hydroelectric_1,416,0.0
SPPN_conventional_hydroelectric_1,417,0.0
SPPN_conventional_hydroelectric_1,418,0.0
SPPN_conventional_hydroelectric_1,419,0.0
SPPN_conventional_hydroelectric_1,420,495.13761948979476
SPPN_conventional_hydroelectric_1,421,208.56189523356366
SPPN_conventional_hydroelectric_1,422,1307.566255535773
SPPN_conventional_hydroelectric_1,423,1307.566255535773
SPPN_conventional_hydroelectric_1,424,1307.566255535773
SPPN_conventional_hydroelectric_1,425,1307.566255535773
SPPN_conventional_hydroelectric_1,426,1307.566255535773
SPPN_conventional_hydroelectric_1,427,1307.566255535773
SPPN_conventional_hydroelectric_1,428,1307.566255535773
SPPN_conventional_hydroelectric_1,429,0.0
SPPN_conventional_hydroelectric_1,430,1230.720017136157
SPPN_conventional_hydroelectric_1,431,1307.566255535773
SPPN_conventional_hydroelectric_1,432,1307.566255535773
SPPN_conventional_hydroelectric_1,433,459.9316400661685
SPPN_conventional_hydroelectric_1,434,0.0
SPPN_conventional_hydroelectric_1,435,118.88360442448837
SPPN_conventional_hydroelectric_1,436,647.0686524256051
SPPN_conventional_hydroelectric_1,437,0.0
SPPN_conventional_hydroelectric_1,438,0.0
SPPN_conventional_hydroelectric_1,439,0.0
SPPN_conventional_hydroelectric_1,440,0.0
SPPN_conventional_hydroelectric_1,441,0.0
SPPN_conventional_hydroelectric_1,442,0.0
SPPN_conventional_hydroelectric_1,443,0.0
SPPN_conventional_hydroelectric_1,444,0.0
SPPN_conventional_hydroelectric_1,445,0.0
SPPN_conventional_hydroelectric_1,446,0.0
SPPN_conventional_hydroelectric_1,447,0.0
SPPN_conventional_hydroelectric_1,448,0.0
SPPN_conventional_hydroelectric_1,449,0.0
SPPN_conventional_hydroelectric_1,450,0.0
SPPN_conventional_hydroelectric_1,451,0.0
SPPN_conventional_hydroelectric_1,452,755.4795390438508
SPPN_conventional_hydroelectric_1,453,2062.5337545796237
SPPN_conventional_hydroelectric_1,454,831.0644355487531
SPPN_conventional_hydroelectric_1,455,753.7061571491372
SPPN_conventional_hydroelectric_1,456,752.9756133597098
SPPN_conventional_hydroelectric_1,457,483.30787602790775
SPPN_conventional_hydroelectric_1,458,942.4902141993628
SPPN_conventional_hydroelectric_1,459,822.8760659854468
SPPN_conventional_hydroelectric_1,460,294.17897798433
SPPN_conventional_hydroelectric_1,461,940.4983285152214
SPPN_conventional_hydroelectric_1,462,940.0050466205078
SPPN_conventional_hydroelectric_1,463,939.2557447257939
SPPN_conventional_hydroelectric_1,464,938.50644283108
SPPN_conventional_hydroelectric_1,465,937.9944028310804
SPPN_conventional_hydroelectric_1,466,2069.533491632047
SPPN_conventional_hydroelectric_1,467,2069.0214516320475
SPPN_conventional_hydroelectric_1,468,1573.1345302475386
SPPN_conventional_hydroelectric_1,469,1858.9797107143424
SPPN_conventional_hydroelectric_1,470,1631.8860813700255
SPPN_conventional_hydroelectric_1,471,758.7140085174194
SPPN_conventional_hydroelectric_1,472,758.2019685174193
SPPN_conventional_hydroelectric_1,473,757.4714247279921
SPPN_conventional_hydroelectric_1,474,756.9593847279921
SPPN_conventional_hydroelectric_1,475,387.1415469608807
SPPN_conventional_hydroelectric_1,476,0.0
SPPN_conventional_hydroelectric_1,477,0.0
SPPN_conventional_hydroelectric_1,478,0.0
SPPN_conventional_hydroelectric_1,479,0.0
SPPN_conventional_hydroelectric_1,480,0.0
SPPN_conventional_hydroelectric_1,481,1132.2696325903944
SPPN_conventional_hydroelectric_1,482,1132.2696325903944
SPPN_conventional_hydroelectric_1,483,1132.2696325903944
SPPN_conventional_hydroelectric_1,484,1132.2696325903944
SPPN_conventional_hydroelectric_1,485,1132.2696325903944
SPPN_conventional_hydroelectric_1,486,1132.2696325903944
SPPN_conventional_hydroelectric_1,487,1132.2696325903944
SPPN_conventional_hydroelectric_1,488,1132.2696325903944
SPPN_conventional_hydroelectric_1,489,1132.2696325903944
SPPN_conventional_hydroelectric_1,490,0.0
SPPN_conventional_hydroelectric_1,491,0.0
SPPN_conventional_hydroelectric_1,492,0.0
SPPN_conventional_hydroelectric_1,493,0.0
SPPN_conventional_hydroelectric_1,494,0.0
SPPN_conventional_hydroelectric_1,495,0.0
SPPN_conventional_hydroelectric_1,496,0.0
SPPN_conventional_hydroelectric_1,497,0.0
SPPN_conventional_hydroelectric_1,498,0.0
SPPN_conventional_hydroelectric_1,499,369.06853587239743
SPPN_conventional_hydroelectric_1,500,0.0
SPPN_conventional_hydroelectric_1,501,0.0
SPPN_conventional_hydroelectric_1,502,0.0
SPPN_conventional_hydroelectric_1,503,0.0
SPPN_conventional_hydroelectric_1,504,0.0
SPPN_conventional_hydroelectric_1,505,2402.670819905485
SPPN_conventional_hydroelectric_1,506,2402.6895780107716
SPPN_conventional_hydroelectric_1,507,2402.4335580107713
SPPN_conventional_hydroelectric_1,508,2402.215054221344
SPPN_conventional_hydroelectric_1,509,2402.215054221344
SPPN_conventional_hydroelectric_1,510,2560.2
SPPN_conventional_hydroelectric_1,511,2560.2
SPPN_conventional_hydroelectric_1,512,2560.2
SPPN_conventional_hydroelectric_1,513,2401.522026642489
SPPN_conventional_hydroelectric_1,514,2401.522026642489
SPPN_conventional_hydroelectric_1,515,2401.0662609583474
SPPN_conventional_hydroelectric_1,516,1817.416659421915
SPPN_conventional_hydroelectric_1,517,1818.1659613166285
SPPN_conventional_hydroelectric_1,518,1459.1703854949271
SPPN_conventional_hydroelectric_1,519,1356.356206431169
SPPN_conventional_hydroelectric_1,520,1033.7438498039483
SPPN_conventional_hydroelectric_1,521,936.1953692273878
SPPN_conventional_hydroelectric_1,522,2399.8987095900657
SPPN_conventional_hydroelectric_1,523,933.6914435432468
SPPN_conventional_hydroelectric_1,524,2370.03344416059
SPPN_conventional_hydroelectric_1,525,2560.2
SPPN_conventional_hydroelectric_1,526,2560.2
SPPN_conventional_hydroelectric_1,527,2560.2
SPPN_conventional_hydroelectric_1,528,2560.2
SPPN_conventional_hydroelectric_1,529,0.0
SPPN_conventional_hydroelectric_1,530,0.0
SPPN_conventional_hydroelectric_1,531,0.0
SPPN_conventional_hydroelectric_1,532,0.0
SPPN_conventional_hydroelectric_1,533,0.0
SPPN_conventional_hydroelectric_1,534,0.0
SPPN_conventional_hydroelectric_1,535,0.0
SPPN_conventional_hydroelectric_1,536,0.0
SPPN_conventional_hydroelectric_1,537,0.0
SPPN_conventional_hydroelectric_1,538,0.0
SPPN_conventional_hydroelectric_1,539,0.0
SPPN_conventional_hydroelectric_1,540,0.0
SPPN_conventional_hydroelectric_1,541,0.0
SPPN_conventional_hydroelectric_1,542,68.99858071610093
SPPN_conventional_hydroelectric_1,543,1044.0170269483244
SPPN_conventional_hydroelectric_1,544,1366.6293835755446
SPPN_conventional_hydroelectric_1,545,1579.668048767492
SPPN_conventional_hydroelectric_1,546,0.0
SPPN_conventional_hydroelectric_1,547,2334.5105727308132
SPPN_conventional_hydroelectric_1,548,29.646761640048
SPPN_conventional_hydroelectric_1,549,640.0357882204393
SPPN_conventional_hydroelectric_1,550,1219.5203501981891
SPPN_conventional_hydroelectric_1,551,0.0
SPPN_conventional_hydroelectric_1,552,923.7652760067404
SPPN_conventional_hydroelectric_1,553,2560.2
SPPN_conventional_hydroelectric_1,554,2560.2
SPPN_conventional_hydroelectric_1,555,2560.2
SPPN_conventional_hydroelectric_1,556,2560.2
SPPN_conventional_hydroelectric_1,557,2560.2
SPPN_conventional_hydroelectric_1,558,2401.996550431916
SPPN_conventional_hydroelectric_1,559,2401.759288537203
SPPN_conventional_hydroelectric_1,560,2401.759288537203
SPPN_conventional_hydroelectric_1,561,2560.2
SPPN_conventional_hydroelectric_1,562,2560.2
SPPN_conventional_hydroelectric_1,563,2560.2
SPPN_conventional_hydroelectric_1,564,2560.2
SPPN_conventional_hydroelectric_1,565,2560.2
SPPN_conventional_hydroelectric_1,566,2560.2
SPPN_conventional_hydroelectric_1,567,2560.2
SPPN_conventional_hydroelectric_1,568,2560.2
SPPN_conventional_hydroelectric_1,569,2444.491311595186
SPPN_conventional_hydroelectric_1,570,2560.2
SPPN_conventional_hydroelectric_1,571,1691.915451421292
SPPN_conventional_hydroelectric_1,572,2560.2
SPPN_conventional_hydroelectric_1,573,1759.6444175801985
SPPN_conventional_hydroelectric_1,574,1179.9225937077356
SPPN_conventional_hydroelectric_1,575,2399.2056820112107
SPPN_conventional_hydroelectric_1,576,1475.459164109757
SPPS_conventional_hydroelectric_1,1,289.45977588
SPPS_conventional_hydroelectric_1,2,290.48404968
SPPS_conventional_hydroelectric_1,3,291.30346872
SPPS_conventional_hydroelectric_1,4,18.436928399999772
SPPS_conventional_hydroelectric_1,5,293.35201631999996
SPPS_conventional_hydroelectric_1,6,0.0
SPPS_conventional_hydroelectric_1,7,0.0
SPPS_conventional_hydroelectric_1,8,0.0
SPPS_conventional_hydroelectric_1,9,0.0
SPPS_conventional_hydroelectric_1,10,0.0
SPPS_conventional_hydroelectric_1,11,0.0
SPPS_conventional_hydroelectric_1,12,0.0
SPPS_conventional_hydroelectric_1,13,0.0
SPPS_conventional_hydroelectric_1,14,0.0
SPPS_conventional_hydroelectric_1,15,0.0
SPPS_conventional_hydroelectric_1,16,0.0
SPPS_conventional_hydroelectric_1,17,0.0
SPPS_conventional_hydroelectric_1,18,0.0
SPPS_conventional_hydroelectric_1,19,0.0
SPPS_conventional_hydroelectric_1,20,0.0
SPPS_conventional_hydroelectric_1,21,0.0
SPPS_conventional_hydroelectric_1,22,0.0
SPPS_conventional_hydroelectric_1,23,0.0
SPPS_conventional_hydroelectric_1,24,0.0
SPPS_conventional_hydroelectric_1,25,0.0
SPPS_conventional_hydroelectric_1,26,0.0
SPPS_conventional_hydroelectric_1,27,0.0
SPPS_conventional_hydroelectric_1,28,0.0
SPPS_conventional_hydroelectric_1,29,0.0
SPPS_conventional_hydroelectric_1,30,799.1384187599999
SPPS_conventional_hydroelectric_1,31,1058.3244314909725
SPPS_conventional_hydroelectric_1,32,981.8145199260921
SPPS_conventional_hydroelectric_1,33,803.85007824
SPPS_conventional_hydroelectric_1,34,27.655392599999743
SPPS_conventional_hydroelectric_1,35,29.294230679999885
SPPS_conventional_hydroelectric_1,36,0.0
SPPS_conventional_hydroelectric_1,37,0.0
SPPS_conventional_hydroelectric_1,38,0.0
SPPS_conventional_hydroelectric_1,39,0.0
SPPS_conventional_hydroelectric_1,40,0.0
SPPS_conventional_hydroelectric_1,41,0.0
SPPS_conventional_hydroelectric_1,42,0.0
SPPS_conventional_hydroelectric_1,43,0.0
SPPS_conventional_hydroelectric_1,44,0.0
SPPS_conventional_hydroelectric_1,45,0.0
SPPS_conventional_hydroelectric_1,46,0.0
SPPS_conventional_hydroelectric_1,47,0.0
SPPS_conventional_hydroelectric_1,48,0.0
SPPS_conventional_hydroelectric_1,49,0.0
SPPS_conventional_hydroelectric_1,50,0.0
SPPS_conventional_hydroelectric_1,51,0.0
SPPS_conventional_hydroelectric_1,52,0.0
SPPS_conventional_hydroelectric_1,53,0.0
SPPS_conventional_hydroelectric_1,54,0.0
SPPS_conventional_hydroelectric_1,55,0.0
SPPS_conventional_hydroelectric_1,56,0.0
SPPS_conventional_hydroelectric_1,57,0.0
SPPS_conventional_hydroelectric_1,58,0.0
SPPS_conventional_hydroelectric_1,59,0.0
SPPS_conventional_hydroelectric_1,60,0.0
SPPS_conventional_hydroelectric_1,61,0.0
SPPS_conventional_hydroelectric_1,62,0.0
SPPS_conventional_hydroelectric_1,63,0.0
SPPS_conventional_hydroelectric_1,64,128.03422500000056
SPPS_conventional_hydroelectric_1,65,471.4380856490316
SPPS_conventional_hydroelectric_1,66,1645.9556048142692
SPPS_conventional_hydroelectric_1,67,1454.6736507599999
SPPS_conventional_hydroelectric_1,68,1456.3124888399998
SPPS_conventional_hydroelectric_1,69,1963.321029794518
SPPS_conventional_hydroelectric_1,70,1459.3853102399999
SPPS_conventional_hydroelectric_1,71,1460.8192935599998
SPPS_conventional_hydroelectric_1,72,2048.5476
SPPS_conventional_hydroelectric_1,73,1772.8130930399998
SPPS_conventional_hydroelectric_1,74,1773.4276573199998
SPPS_conventional_hydroelectric_1,75,1774.0422215999997
SPPS_conventional_hydroelectric_1,76,2048.5476
SPPS_conventional_hydroelectric_1,77,1775.2713501599997
SPPS_conventional_hydroelectric_1,78,1270.9189310399997
SPPS_conventional_hydroelectric_1,79,1270.9189310399997
SPPS_conventional_hydroelectric_1,80,1270.9189310399997
SPPS_conventional_hydroelectric_1,81,1270.9189310399997
SPPS_conventional_hydroelectric_1,82,2048.5476
SPPS_conventional_hydroelectric_1,83,2048.5476
SPPS_conventional_hydroelectric_1,84,2048.5476
SPPS_conventional_hydroelectric_1,85,2048.5476
SPPS_conventional_hydroelectric_1,86,2048.5476
SPPS_conventional_hydroelectric_1,87,2048.5476
SPPS_conventional_hydroelectric_1,88,2048.5476
SPPS_conventional_hydroelectric_1,89,1709.0359797909687
SPPS_conventional_hydroelectric_1,90,559.8680590800004
SPPS_conventional_hydroelectric_1,91,635.4594655199999
SPPS_conventional_hydroelectric_1,92,635.4594655199999
SPPS_conventional_hydroelectric_1,93,564.1700090400004
SPPS_conventional_hydroelectric_1,94,635.4594655199999
SPPS_conventional_hydroelectric_1,95,635.4594655199999
SPPS_conventional_hydroelectric_1,96,635.4594655199999
SPPS_conventional_hydroelectric_1,97,0.0
SPPS_conventional_hydroelectric_1,98,0.0
SPPS_conventional_hydroelectric_1,99,0.0
SPPS_conventional_hydroelectric_1,100,0.0
SPPS_conventional_hydroelectric_1,101,0.0
SPPS_conventional_hydroelectric_1,102,0.0
SPPS_conventional_hydroelectric_1,103,0.0
SPPS_conventional_hydroelectric_1,104,0.0
SPPS_conventional_hydroelectric_1,105,0.0
SPPS_conventional_hydroelectric_1,106,0.0
SPPS_conventional_hydroelectric_1,107,0.0
SPPS_conventional_hydroelectric_1,108,0.0
SPPS_conventional_hydroelectric_1,109,0.0
SPPS_conventional_hydroelectric_1,110,0.0
SPPS_conventional_hydroelectric_1,111,0.0
SPPS_conventional_hydroelectric_1,112,0.0
SPPS_conventional_hydroelectric_1,113,0.0
SPPS_conventional_hydroelectric_1,114,0.0
SPPS_conventional_hydroelectric_1,115,0.0
SPPS_conventional_hydroelectric_1,116,0.0
SPPS_conventional_hydroelectric_1,117,0.0
SPPS_conventional_hydroelectric_1,118,0.0
SPPS_conventional_hydroelectric_1,119,0.0
SPPS_conventional_hydroelectric_1,120,0.0
SPPS_conventional_hydroelectric_1,121,0.0
SPPS_conventional_hydroelectric_1,122,0.0
SPPS_conventional_hydroelectric_1,123,0.0
SPPS_conventional_hydroelectric_1,124,0.0
SPPS_conventional_hydroelectric_1,125,0.0
SPPS_conventional_hydroelectric_1,126,0.0
SPPS_conventional_hydroelectric_1,127,0.0
SPPS_conventional_hydroelectric_1,128,0.0
SPPS_conventional_hydroelectric_1,129,0.0
SPPS_conventional_hydroelectric_1,130,0.0
SPPS_conventional_hydroelectric_1,131,0.0
SPPS_conventional_hydroelectric_1,132,0.0
SPPS_conventional_hydroelectric_1,133,0.0
SPPS_conventional_hydroelectric_1,134,0.0
SPPS_conventional_hydroelectric_1,135,0.0
SPPS_conventional_hydroelectric_1,136,0.0
SPPS_conventional_hydroelectric_1,137,0.0
SPPS_conventional_hydroelectric_1,138,0.0
SPPS_conventional_hydroelectric_1,139,0.0
SPPS_conventional_hydroelectric_1,140,0.0
SPPS_conventional_hydroelectric_1,141,0.0
SPPS_conventional_hydroelectric_1,142,0.0
SPPS_conventional_hydroelectric_1,143,0.0
SPPS_conventional_hydroelectric_1,144,0.0
SPPS_conventional_hydroelectric_1,145,369.9676965600004
SPPS_conventional_hydroelectric_1,146,371.40167988000053
SPPS_conventional_hydroelectric_1,147,372.63080844000046
SPPS_conventional_hydroelectric_1,148,374.0647917600004
SPPS_conventional_hydroelectric_1,149,375.70362984000053
SPPS_conventional_hydroelectric_1,150,377.13761316000046
SPPS_conventional_hydroelectric_1,151,378.3667417200006
SPPS_conventional_hydroelectric_1,152,379.80072504000054
SPPS_conventional_hydroelectric_1,153,381.23470836000024
SPPS_conventional_hydroelectric_1,154,382.4638369200002
SPPS_conventional_hydroelectric_1,155,723.5651161331677
SPPS_conventional_hydroelectric_1,156,640.3623688138302
SPPS_conventional_hydroelectric_1,157,1528.0776762679923
SPPS_conventional_hydroelectric_1,158,2048.5476
SPPS_conventional_hydroelectric_1,159,2048.5476
SPPS_conventional_hydroelectric_1,160,2048.5476
SPPS_conventional_hydroelectric_1,161,2048.5476
SPPS_conventional_hydroelectric_1,162,2048.5476
SPPS_conventional_hydroelectric_1,163,1974.3901768800001
SPPS_conventional_hydroelectric_1,164,1975.8241602000003
SPPS_conventional_hydroelectric_1,165,2048.5476
SPPS_conventional_hydroelectric_1,166,1978.4872720800006
SPPS_conventional_hydroelectric_1,167,1979.9212554
SPPS_conventional_hydroelectric_1,168,1981.3552387200002
SPPS_conventional_hydroelectric_1,169,1579.22534484
SPPS_conventional_hydroelectric_1,170,1579.22534484
SPPS_conventional_hydroelectric_1,171,1579.22534484
SPPS_conventional_hydroelectric_1,172,1579.22534484
SPPS_conventional_hydroelectric_1,173,1579.22534484
SPPS_conventional_hydroelectric_1,174,1579.22534484
SPPS_conventional_hydroelectric_1,175,1647.381263469305
SPPS_conventional_hydroelectric_1,176,1579.22534484
SPPS_conventional_hydroelectric_1,177,1579.22534484
SPPS_conventional_hydroelectric_1,178,1579.22534484
SPPS_conventional_hydroelectric_1,179,1239.558048946833
SPPS_conventional_hydroelectric_1,180,1354.9229935861695
SPPS_conventional_hydroelectric_1,181,470.28050753200796
SPPS_conventional_hydroelectric_1,182,0.0
SPPS_conventional_hydroelectric_1,183,123.93712980000032
SPPS_conventional_hydroelectric_1,184,0.0
SPPS_conventional_hydroelectric_1,185,0.0
SPPS_conventional_hydroelectric_1,186,0.0
SPPS_conventional_hydroelectric_1,187,0.0
SPPS_conventional_hydroelectric_1,188,0.0
SPPS_conventional_hydroelectric_1,189,0.0
SPPS_conventional_hydroelectric_1,190,0.0
SPPS_conventional_hydroelectric_1,191,0.0
SPPS_conventional_hydroelectric_1,192,0.0
SPPS_conventional_hydroelectric_1,193,0.0
SPPS_conventional_hydroelectric_1,194,0.0
SPPS_conventional_hydroelectric_1,195,0.0
SPPS_conventional_hydroelectric_1,196,0.0
SPPS_conventional_hydroelectric_1,197,0.0
SPPS_conventional_hydroelectric_1,198,0.0
SPPS_conventional_hydroelectric_1,199,0.0
SPPS_conventional_hydroelectric_1,200,0.0
SPPS_conventional_hydroelectric_1,201,0.0
SPPS_conventional_hydroelectric_1,202,0.0
SPPS_conventional_hydroelectric_1,203,0.0
SPPS_conventional_hydroelectric_1,204,0.0
SPPS_conventional_hydroelectric_1,205,0.0
SPPS_conventional_hydroelectric_1,206,0.0
SPPS_conventional_hydroelectric_1,207,0.0
SPPS_conventional_hydroelectric_1,208,0.0
SPPS_conventional_hydroelectric_1,209,0.0
SPPS_conventional_hydroelectric_1,210,0.0
SPPS_conventional_hydroelectric_1,211,0.0
SPPS_conventional_hydroelectric_1,212,0.0
SPPS_conventional_hydroelectric_1,213,0.0
SPPS_conventional_hydroelectric_1,214,0.0
SPPS_conventional_hydroelectric_1,215,0.0
SPPS_conventional_hydroelectric_1,216,0.0
SPPS_conventional_hydroelectric_1,217,647.7507511199999
SPPS_conventional_hydroelectric_1,218,525.695983055897
SPPS_conventional_hydroelectric_1,219,646.5216225600002
SPPS_conventional_hydroelectric_1,220,478.54071936000014
SPPS_conventional_hydroelectric_1,221,477.7213003199997
SPPS_conventional_hydroelectric_1,222,477.10673604
SPPS_conventional_hydroelectric_1,223,251.00779745069505
SPPS_conventional_hydroelectric_1,224,318.34429704000013
SPPS_conventional_hydroelectric_1,225,317.5248779999997
SPPS_conventional_hydroelectric_1,226,316.91031372
SPPS_conventional_hydroelectric_1,227,316.09089468
SPPS_conventional_hydroelectric_1,228,315.27147564000006
SPPS_conventional_hydroelectric_1,229,314.65691135999987
SPPS_conventional_hydroelectric_1,230,313.8374923199999
SPPS_conventional_hydroelectric_1,231,313.01807327999995
SPPS_conventional_hydroelectric_1,232,312.4035090000002
SPPS_conventional_hydroelectric_1,233,468.70769087999975
SPPS_conventional_hydroelectric_1,234,467.8882718399998
SPPS_conventional_hydroelectric_1,235,467.27370756000005
SPPS_conventional_hydroelectric_1,236,466.4542885200001
SPPS_conventional_hydroelectric_1,237,465.63486948000013
SPPS_conventional_hydroelectric_1,238,465.02030519999994
SPPS_conventional_hydroelectric_1,239,464.20088616
SPPS_conventional_hydroelectric_1,240,306.2578662000001
SPPS_conventional_hydroelectric_1,241,0.0
SPPS_conventional_hydroelectric_1,242,0.0
SPPS_conventional_hydroelectric_1,243,0.0
SPPS_conventional_hydroelectric_1,244,0.0
SPPS_conventional_hydroelectric_1,245,0.0
SPPS_conventional_hydroelectric_1,246,0.0
SPPS_conventional_hydroelectric_1,247,157.12360092000017
SPPS_conventional_hydroelectric_1,248,157.12360092000017
SPPS_conventional_hydroelectric_1,249,157.12360092000017
SPPS_conventional_hydroelectric_1,250,157.12360092000017
SPPS_conventional_hydroelectric_1,251,157.12360092000017
SPPS_conventional_hydroelectric_1,252,157.12360092000017
SPPS_conventional_hydroelectric_1,253,157.12360092000017
SPPS_conventional_hydroelectric_1,254,157.12360092000017
SPPS_conventional_hydroelectric_1,255,157.12360092000017
SPPS_conventional_hydroelectric_1,256,157.12360092000017
SPPS_conventional_hydroelectric_1,257,0.0
SPPS_conventional_hydroelectric_1,258,0.0
SPPS_conventional_hydroelectric_1,259,0.0
SPPS_conventional_hydroelectric_1,260,0.0
SPPS_conventional_hydroelectric_1,261,0.0
SPPS_conventional_hydroelectric_1,262,0.0
SPPS_conventional_hydroelectric_1,263,0.0
SPPS_conventional_hydroelectric_1,264,157.12360092000017
SPPS_conventional_hydroelectric_1,265,0.0
SPPS_conventional_hydroelectric_1,266,121.44020378410278
SPPS_conventional_hydroelectric_1,267,0.0
SPPS_conventional_hydroelectric_1,268,167.16148415999987
SPPS_conventional_hydroelectric_1,269,167.3663389200001
SPPS_conventional_hydroelectric_1,270,167.3663389200001
SPPS_conventional_hydroelectric_1,271,167.3663389200001
SPPS_conventional_hydroelectric_1,272,167.57119367999985
SPPS_conventional_hydroelectric_1,273,167.57119367999985
SPPS_conventional_hydroelectric_1,274,167.57119367999985
SPPS_conventional_hydroelectric_1,275,347.02396343999976
SPPS_conventional_hydroelectric_1,276,347.2288182
SPPS_conventional_hydroelectric_1,277,167.77604844000007
SPPS_conventional_hydroelectric_1,278,167.77604844000007
SPPS_conventional_hydroelectric_1,279,167.98090319999983
SPPS_conventional_hydroelectric_1,280,167.98090319999983
SPPS_conventional_hydroelectric_1,281,253.23429519477736
SPPS_conventional_hydroelectric_1,282,168.18575796000005
SPPS_conventional_hydroelectric_1,283,168.18575796000005
SPPS_conventional_hydroelectric_1,284,168.18575796000005
SPPS_conventional_hydroelectric_1,285,168.18575796000005
SPPS_conventional_hydroelectric_1,286,168.3906127199998
SPPS_conventional_hydroelectric_1,287,168.3906127199998
SPPS_conventional_hydroelectric_1,288,168.3906127199998
SPPS_conventional_hydroelectric_1,289,179.45276976000014
SPPS_conventional_hydroelectric_1,290,179.45276976000014
SPPS_conventional_hydroelectric_1,291,179.45276976000014
SPPS_conventional_hydroelectric_1,292,179.45276976000014
SPPS_conventional_hydroelectric_1,293,179.45276976000014
SPPS_conventional_hydroelectric_1,294,179.45276976000014
SPPS_conventional_hydroelectric_1,295,179.45276976000014
SPPS_conventional_hydroelectric_1,296,179.45276976000014
SPPS_conventional_hydroelectric_1,297,179.45276976000014
SPPS_conventional_hydroelectric_1,298,179.45276976000014
SPPS_conventional_hydroelectric_1,299,0.0
SPPS_conventional_hydroelectric_1,300,0.0
SPPS_conventional_hydroelectric_1,301,179.45276976000014
SPPS_conventional_hydroelectric_1,302,179.45276976000014
SPPS_conventional_hydroelectric_1,303,179.45276976000014
SPPS_conventional_hydroelectric_1,304,179.45276976000014
SPPS_conventional_hydroelectric_1,305,94.19937776522241
SPPS_conventional_hydroelectric_1,306,179.45276976000014
SPPS_conventional_hydroelectric_1,307,179.45276976000014
SPPS_conventional_hydroelectric_1,308,340.0589016000001
SPPS_conventional_hydroelectric_1,309,179.45276976000014
SPPS_conventional_hydroelectric_1,310,1095.6733209839033
SPPS_conventional_hydroelectric_1,311,1506.498543401523
SPPS_conventional_hydroelectric_1,312,898.693417213749
SPPS_conventional_hydroelectric_1,313,2048.5476
SPPS_conventional_hydroelectric_1,314,2048.5476
SPPS_conventional_hydroelectric_1,315,2048.5476
SPPS_conventional_hydroelectric_1,316,2048.5476
SPPS_conventional_hydroelectric_1,317,2048.5476
SPPS_conventional_hydroelectric_1,318,2048.5476
SPPS_conventional_hydroelectric_1,319,2048.5476
SPPS_conventional_hydroelectric_1,320,2039.131740946409
SPPS_conventional_hydroelectric_1,321,1812.1496239463336
SPPS_conventional_hydroelectric_1,322,1684.6603520428516
SPPS_conventional_hydroelectric_1,323,1375.8261007343644
SPPS_conventional_hydroelectric_1,324,627.3774934093095
SPPS_conventional_hydroelectric_1,325,1008.5202372693248
SPPS_conventional_hydroelectric_1,326,699.2547880359668
SPPS_conventional_hydroelectric_1,327,658.4101634997787
SPPS_conventional_hydroelectric_1,328,925.9806332225256
SPPS_conventional_hydroelectric_1,329,1117.1200015397842
SPPS_conventional_hydroelectric_1,330,287.4112282799997
SPPS_conventional_hydroelectric_1,331,160.81098659999998
SPPS_conventional_hydroelectric_1,332,0.0
SPPS_conventional_hydroelectric_1,333,160.40127708
SPPS_conventional_hydroelectric_1,334,515.5218036735263
SPPS_conventional_hydroelectric_1,335,881.4933939184766
SPPS_conventional_hydroelectric_1,336,1489.0936653462506
SPPS_conventional_hydroelectric_1,337,0.0
SPPS_conventional_hydroelectric_1,338,293.9665805999996
SPPS_conventional_hydroelectric_1,339,124.20006958725793
SPPS_conventional_hydroelectric_1,340,0.0
SPPS_conventional_hydroelectric_1,341,292.7374520399996
SPPS_conventional_hydroelectric_1,342,0.0
SPPS_conventional_hydroelectric_1,343,0.0
SPPS_conventional_hydroelectric_1,344,219.81745537673277
SPPS_conventional_hydroelectric_1,345,527.4965900136656
SPPS_conventional_hydroelectric_1,346,654.576152397148
SPPS_conventional_hydroelectric_1,347,963.0006941856349
SPPS_conventional_hydroelectric_1,348,1030.3072969457903
SPPS_conventional_hydroelectric_1,349,1329.4871386106745
SPPS_conventional_hydroelectric_1,350,1638.3428783240327
SPPS_conventional_hydroelectric_1,351,1678.7777933402206
SPPS_conventional_hydroelectric_1,352,1410.7976140974738
SPPS_conventional_hydroelectric_1,353,1219.2485362602151
SPPS_conventional_hydroelectric_1,354,2048.5476
SPPS_conventional_hydroelectric_1,355,2048.5476
SPPS_conventional_hydroelectric_1,356,977.8741253468892
SPPS_conventional_hydroelectric_1,357,327.345624689513
SPPS_conventional_hydroelectric_1,358,0.0
SPPS_conventional_hydroelectric_1,359,0.0
SPPS_conventional_hydroelectric_1,360,118.75853202252651
SPPS_conventional_hydroelectric_1,361,0.0
SPPS_conventional_hydroelectric_1,362,0.0
SPPS_conventional_hydroelectric_1,363,0.0
SPPS_conventional_hydroelectric_1,364,0.0
SPPS_conventional_hydroelectric_1,365,0.0
SPPS_conventional_hydroelectric_1,366,0.0
SPPS_conventional_hydroelectric_1,367,0.0
SPPS_conventional_hydroelectric_1,368,0.0
SPPS_conventional_hydroelectric_1,369,0.0
SPPS_conventional_hydroelectric_1,370,0.0
SPPS_conventional_hydroelectric_1,371,0.0
SPPS_conventional_hydroelectric_1,372,0.0
SPPS_conventional_hydroelectric_1,373,0.0
SPPS_conventional_hydroelectric_1,374,13.129097101020662
SPPS_conventional_hydroelectric_1,375,0.0
SPPS_conventional_hydroelectric_1,376,111.85069896
SPPS_conventional_hydroelectric_1,377,111.85069896
SPPS_conventional_hydroelectric_1,378,111.85069896
SPPS_conventional_hydroelectric_1,379,238.2460858799995
SPPS_conventional_hydroelectric_1,380,1308.7147057731102
SPPS_conventional_hydroelectric_1,381,1959.0383516704862
SPPS_conventional_hydroelectric_1,382,0.0
SPPS_conventional_hydroelectric_1,383,0.0
SPPS_conventional_hydroelectric_1,384,0.0
SPPS_conventional_hydroelectric_1,385,523.6087665599996
SPPS_conventional_hydroelectric_1,386,229.43733120000002
SPPS_conventional_hydroelectric_1,387,49.35742741206821
SPPS_conventional_hydroelectric_1,388,0.0
SPPS_conventional_hydroelectric_1,389,229.64218596
SPPS_conventional_hydroelectric_1,390,522.1747832399996
SPPS_conventional_hydroelectric_1,391,521.7650737199994
SPPS_conventional_hydroelectric_1,392,310.9537678768576
SPPS_conventional_hydroelectric_1,393,0.0
SPPS_conventional_hydroelectric_1,394,230.05189547999998
SPPS_conventional_hydroelectric_1,395,230.25675023999997
SPPS_conventional_hydroelectric_1,396,910.9890452848997
SPPS_conventional_hydroelectric_1,397,230.25675023999997
SPPS_conventional_hydroelectric_1,398,217.33250789897934
SPPS_conventional_hydroelectric_1,399,230.66645976
SPPS_conventional_hydroelectric_1,400,118.8157608
SPPS_conventional_hydroelectric_1,401,118.8157608
SPPS_conventional_hydroelectric_1,402,119.02061556
SPPS_conventional_hydroelectric_1,403,119.02061556
SPPS_conventional_hydroelectric_1,404,119.02061556
SPPS_conventional_hydroelectric_1,405,119.02061556
SPPS_conventional_hydroelectric_1,406,1133.85865934257
SPPS_conventional_hydroelectric_1,407,356.85699192
SPPS_conventional_hydroelectric_1,408,0.0
SPPS_conventional_hydroelectric_1,409,0.0
SPPS_conventional_hydroelectric_1,410,0.0
SPPS_conventional_hydroelectric_1,411,0.0
SPPS_conventional_hydroelectric_1,412,0.0
SPPS_conventional_hydroelectric_1,413,0.0
SPPS_conventional_hydroelectric_1,414,0.0
SPPS_conventional_hydroelectric_1,415,0.0
SPPS_conventional_hydroelectric_1,416,0.0
SPPS_conventional_hydroelectric_1,417,0.0
SPPS_conventional_hydroelectric_1,418,0.0
SPPS_conventional_hydroelectric_1,419,0.0
SPPS_conventional_hydroelectric_1,420,0.0
SPPS_conventional_hydroelectric_1,421,120.65945364
SPPS_conventional_hydroelectric_1,422,120.65945364
SPPS_conventional_hydroelectric_1,423,120.65945364
SPPS_conventional_hydroelectric_1,424,120.65945364
SPPS_conventional_hydroelectric_1,425,120.65945364
SPPS_conventional_hydroelectric_1,426,120.65945364
SPPS_conventional_hydroelectric_1,427,0.0
SPPS_conventional_hydroelectric_1,428,0.0
SPPS_conventional_hydroelectric_1,429,0.0
SPPS_conventional_hydroelectric_1,430,0.0
SPPS_conventional_hydroelectric_1,431,0.0
SPPS_conventional_hydroelectric_1,432,0.0
SPPS_conventional_hydroelectric_1,433,0.0
SPPS_conventional_hydroelectric_1,434,0.0
SPPS_conventional_hydroelectric_1,435,0.0
SPPS_conventional_hydroelectric_1,436,0.0
SPPS_conventional_hydroelectric_1,437,0.0
SPPS_conventional_hydroelectric_1,438,0.0
SPPS_conventional_hydroelectric_1,439,0.0
SPPS_conventional_hydroelectric_1,440,0.0
SPPS_conventional_hydroelectric_1,441,0.0
SPPS_conventional_hydroelectric_1,442,0.0
SPPS_conventional_hydroelectric_1,443,0.0
SPPS_conventional_hydroelectric_1,444,0.0
SPPS_conventional_hydroelectric_1,445,0.0
SPPS_conventional_hydroelectric_1,446,0.0
SPPS_conventional_hydroelectric_1,447,0.0
SPPS_conventional_hydroelectric_1,448,0.0
SPPS_conventional_hydroelectric_1,449,0.0
SPPS_conventional_hydroelectric_1,450,0.0
SPPS_conventional_hydroelectric_1,451,0.0
SPPS_conventional_hydroelectric_1,452,0.0
SPPS_conventional_hydroelectric_1,453,0.0
SPPS_conventional_hydroelectric_1,454,0.0
SPPS_conventional_hydroelectric_1,455,0.0
SPPS_conventional_hydroelectric_1,456,0.0
SPPS_conventional_hydroelectric_1,457,0.0
SPPS_conventional_hydroelectric_1,458,0.0
SPPS_conventional_hydroelectric_1,459,0.0
SPPS_conventional_hydroelectric_1,460,0.0
SPPS_conventional_hydroelectric_1,461,0.0
SPPS_conventional_hydroelectric_1,462,0.0
SPPS_conventional_hydroelectric_1,463,0.0
SPPS_conventional_hydroelectric_1,464,0.0
SPPS_conventional_hydroelectric_1,465,0.0
SPPS_conventional_hydroelectric_1,466,0.0
SPPS_conventional_hydroelectric_1,467,0.0
SPPS_conventional_hydroelectric_1,468,0.0
SPPS_conventional_hydroelectric_1,469,233.94413591999998
SPPS_conventional_hydroelectric_1,470,233.94413591999998
SPPS_conventional_hydroelectric_1,471,0.0
SPPS_conventional_hydroelectric_1,472,0.0
SPPS_conventional_hydroelectric_1,473,0.0
SPPS_conventional_hydroelectric_1,474,0.0
SPPS_conventional_hydroelectric_1,475,0.0
SPPS_conventional_hydroelectric_1,476,0.0
SPPS_conventional_hydroelectric_1,477,0.0
SPPS_conventional_hydroelectric_1,478,0.0
SPPS_conventional_hydroelectric_1,479,0.0
SPPS_conventional_hydroelectric_1,480,0.0
SPPS_conventional_hydroelectric_1,481,0.0
SPPS_conventional_hydroelectric_1,482,0.0
SPPS_conventional_hydroelectric_1,483,0.0
SPPS_conventional_hydroelectric_1,484,0.0
SPPS_conventional_hydroelectric_1,485,0.0
SPPS_conventional_hydroelectric_1,486,0.0
SPPS_conventional_hydroelectric_1,487,0.0
SPPS_conventional_hydroelectric_1,488,0.0
SPPS_conventional_hydroelectric_1,489,0.0
SPPS_conventional_hydroelectric_1,490,0.0
SPPS_conventional_hydroelectric_1,491,0.0
SPPS_conventional_hydroelectric_1,492,0.0
SPPS_conventional_hydroelectric_1,493,0.0
SPPS_conventional_hydroelectric_1,494,0.0
SPPS_conventional_hydroelectric_1,495,0.0
SPPS_conventional_hydroelectric_1,496,0.0
SPPS_conventional_hydroelectric_1,497,0.0
SPPS_conventional_hydroelectric_1,498,0.0
SPPS_conventional_hydroelectric_1,499,0.0
SPPS_conventional_hydroelectric_1,500,0.0
SPPS_conventional_hydroelectric_1,501,0.0
SPPS_conventional_hydroelectric_1,502,0.0
SPPS_conventional_hydroelectric_1,503,0.0
SPPS_conventional_hydroelectric_1,504,0.0
SPPS_conventional_hydroelectric_1,505,0.0
SPPS_conventional_hydroelectric_1,506,0.0
SPPS_conventional_hydroelectric_1,507,0.0
SPPS_conventional_hydroelectric_1,508,0.0
SPPS_conventional_hydroelectric_1,509,0.0
SPPS_conventional_hydroelectric_1,510,0.0
SPPS_conventional_hydroelectric_1,511,371.30528133887236
SPPS_conventional_hydroelectric_1,512,516.64370472
SPPS_conventional_hydroelectric_1,513,0.0
SPPS_conventional_hydroelectric_1,514,0.0
SPPS_conventional_hydroelectric_1,515,0.0
SPPS_conventional_hydroelectric_1,516,0.0
SPPS_conventional_hydroelectric_1,517,0.0
SPPS_conventional_hydroelectric_1,518,0.0
SPPS_conventional_hydroelectric_1,519,0.0
SPPS_conventional_hydroelectric_1,520,0.0
SPPS_conventional_hydroelectric_1,521,0.0
SPPS_conventional_hydroelectric_1,522,0.0
SPPS_conventional_hydroelectric_1,523,0.0
SPPS_conventional_hydroelectric_1,524,0.0
SPPS_conventional_hydroelectric_1,525,0.0
SPPS_conventional_hydroelectric_1,526,0.0
SPPS_conventional_hydroelectric_1,527,0.0
SPPS_conventional_hydroelectric_1,528,0.0
SPPS_conventional_hydroelectric_1,529,0.0
SPPS_conventional_hydroelectric_1,530,0.0
SPPS_conventional_hydroelectric_1,531,0.0
SPPS_conventional_hydroelectric_1,532,0.0
SPPS_conventional_hydroelectric_1,533,0.0
SPPS_conventional_hydroelectric_1,534,0.0
SPPS_conventional_hydroelectric_1,535,0.0
SPPS_conventional_hydroelectric_1,536,0.0
SPPS_conventional_hydroelectric_1,537,0.0
SPPS_conventional_hydroelectric_1,538,0.0
SPPS_conventional_hydroelectric_1,539,0.0
SPPS_conventional_hydroelectric_1,540,0.0
SPPS_conventional_hydroelectric_1,541,0.0
SPPS_conventional_hydroelectric_1,542,226.3645098
SPPS_conventional_hydroelectric_1,543,460.30864572
SPPS_conventional_hydroelectric_1,544,460.30864572
SPPS_conventional_hydroelectric_1,545,460.10379095999997
SPPS_conventional_hydroelectric_1,546,1.9931645880947144
SPPS_conventional_hydroelectric_1,547,0.0
SPPS_conventional_hydroelectric_1,548,0.0
SPPS_conventional_hydroelectric_1,549,0.0
SPPS_conventional_hydroelectric_1,550,0.0
SPPS_conventional_hydroelectric_1,551,0.0
SPPS_conventional_hydroelectric_1,552,0.0
SPPS_conventional_hydroelectric_1,553,737.2722812400001
SPPS_conventional_hydroelectric_1,554,738.29655504
SPPS_conventional_hydroelectric_1,555,1088.3478246006734
SPPS_conventional_hydroelectric_1,556,1262.3150311199997
SPPS_conventional_hydroelectric_1,557,740.5499573999999
SPPS_conventional_hydroelectric_1,558,741.36937644
SPPS_conventional_hydroelectric_1,559,113.33633949015515
SPPS_conventional_hydroelectric_1,560,46.96608479390789
SPPS_conventional_hydroelectric_1,561,974.0843838
SPPS_conventional_hydroelectric_1,562,744.8519073599998
SPPS_conventional_hydroelectric_1,563,745.6713263999999
SPPS_conventional_hydroelectric_1,564,746.6956001999998
SPPS_conventional_hydroelectric_1,565,393.11628443999996
SPPS_conventional_hydroelectric_1,566,120.04488936000018
SPPS_conventional_hydroelectric_1,567,0.0
SPPS_conventional_hydroelectric_1,568,0.0
SPPS_conventional_hydroelectric_1,569,0.0
SPPS_conventional_hydroelectric_1,570,436.44841359763586
SPPS_conventional_hydroelectric_1,571,752.8412429999998
SPPS_conventional_hydroelectric_1,572,753.6606620399999
SPPS_conventional_hydroelectric_1,573,248.9055234454819
SPPS_conventional_hydroelectric_1,574,755.29950012
SPPS_conventional_hydroelectric_1,575,756.1189191599999
SPPS_conventional_hydroelectric_1,576,408.94732973747347
SRCA_conventional_hydroelectric_1,1,1066.6562687999995
SRCA_conventional_hydroelectric_1,2,1067.0178416639994
SRCA_conventional_hydroelectric_1,3,1067.1986280959995
SRCA_conventional_hydroelectric_1,4,1649.5775599477954
SRCA_conventional_hydroelectric_1,5,908.6662138762063
SRCA_conventional_hydroelectric_1,6,1068.2833466879993
SRCA_conventional_hydroelectric_1,7,1068.4641331199994
SRCA_conventional_hydroelectric_1,8,1327.5807551999944
SRCA_conventional_hydroelectric_1,9,487.99444841639684
SRCA_conventional_hydroelectric_1,10,1807.8480000000002
SRCA_conventional_hydroelectric_1,11,1807.8480000000002
SRCA_conventional_hydroelectric_1,12,1807.8480000000002
SRCA_conventional_hydroelectric_1,13,1807.8480000000002
SRCA_conventional_hydroelectric_1,14,1572.661171968
SRCA_conventional_hydroelectric_1,15,1807.8480000000002
SRCA_conventional_hydroelectric_1,16,1807.8480000000002
SRCA_conventional_hydroelectric_1,17,1807.8480000000002
SRCA_conventional_hydroelectric_1,18,1807.8480000000002
SRCA_conventional_hydroelectric_1,19,1807.8480000000002
SRCA_conventional_hydroelectric_1,20,1807.8480000000002
SRCA_conventional_hydroelectric_1,21,1807.8480000000002
SRCA_conventional_hydroelectric_1,22,1807.8480000000002
SRCA_conventional_hydroelectric_1,23,1073.3453667839995
SRCA_conventional_hydroelectric_1,24,1807.8480000000002
SRCA_conventional_hydroelectric_1,25,0.0
SRCA_conventional_hydroelectric_1,26,0.0
SRCA_conventional_hydroelectric_1,27,0.0
SRCA_conventional_hydroelectric_1,28,0.0
SRCA_conventional_hydroelectric_1,29,159.25555994779307
SRCA_conventional_hydroelectric_1,30,0.0
SRCA_conventional_hydroelectric_1,31,0.0
SRCA_conventional_hydroelectric_1,32,0.0
SRCA_conventional_hydroelectric_1,33,581.1928304316024
SRCA_conventional_hydroelectric_1,34,0.0
SRCA_conventional_hydroelectric_1,35,0.0
SRCA_conventional_hydroelectric_1,36,0.0
SRCA_conventional_hydroelectric_1,37,0.0
SRCA_conventional_hydroelectric_1,38,0.0
SRCA_conventional_hydroelectric_1,39,0.0
SRCA_conventional_hydroelectric_1,40,0.0
SRCA_conventional_hydroelectric_1,41,0.0
SRCA_conventional_hydroelectric_1,42,0.0
SRCA_conventional_hydroelectric_1,43,0.0
SRCA_conventional_hydroelectric_1,44,0.0
SRCA_conventional_hydroelectric_1,45,387.78689664
SRCA_conventional_hydroelectric_1,46,0.0
SRCA_conventional_hydroelectric_1,47,0.0
SRCA_conventional_hydroelectric_1,48,0.0
SRCA_conventional_hydroelectric_1,49,1807.8480000000002
SRCA_conventional_hydroelectric_1,50,1807.8480000000002
SRCA_conventional_hydroelectric_1,51,1807.8480000000002
SRCA_conventional_hydroelectric_1,52,1225.830641012204
SRCA_conventional_hydroelectric_1,53,1807.8480000000002
SRCA_conventional_hydroelectric_1,54,1807.8480000000002
SRCA_conventional_hydroelectric_1,55,1807.8480000000002
SRCA_conventional_hydroelectric_1,56,1549.0929507840046
SRCA_conventional_hydroelectric_1,57,1807.8480000000002
SRCA_conventional_hydroelectric_1,58,1008.6238241279995
SRCA_conventional_hydroelectric_1,59,699.1011325439999
SRCA_conventional_hydroelectric_1,60,220.76076915239878
SRCA_conventional_hydroelectric_1,61,0.0
SRCA_conventional_hydroelectric_1,62,0.0
SRCA_conventional_hydroelectric_1,63,0.0
SRCA_conventional_hydroelectric_1,64,0.0
SRCA_conventional_hydroelectric_1,65,167.5534511075011
SRCA_conventional_hydroelectric_1,66,0.0
SRCA_conventional_hydroelectric_1,67,0.0
SRCA_conventional_hydroelectric_1,68,1018.7478643199998
SRCA_conventional_hydroelectric_1,69,0.0
SRCA_conventional_hydroelectric_1,70,0.0
SRCA_conventional_hydroelectric_1,71,1807.8480000000002
SRCA_conventional_hydroelectric_1,72,693.677539584
SRCA_conventional_hydroelectric_1,73,0.0
SRCA_conventional_hydroelectric_1,74,0.0
SRCA_conventional_hydroelectric_1,75,0.0
SRCA_conventional_hydroelectric_1,76,0.0
SRCA_conventional_hydroelectric_1,77,0.0
SRCA_conventional_hydroelectric_1,78,0.0
SRCA_conventional_hydroelectric_1,79,307.156147968
SRCA_conventional_hydroelectric_1,80,307.156147968
SRCA_conventional_hydroelectric_1,81,125.28499737600049
SRCA_conventional_hydroelectric_1,82,125.1042109440005
SRCA_conventional_hydroelectric_1,83,125.1042109440005
SRCA_conventional_hydroelectric_1,84,237.89440883160168
SRCA_conventional_hydroelectric_1,85,251.35243348799975
SRCA_conventional_hydroelectric_1,86,457.57045939200066
SRCA_conventional_hydroelectric_1,87,457.2088865280009
SRCA_conventional_hydroelectric_1,88,19.46350787576091
SRCA_conventional_hydroelectric_1,89,94.03383323159882
SRCA_conventional_hydroelectric_1,90,0.0
SRCA_conventional_hydroelectric_1,91,0.0
SRCA_conventional_hydroelectric_1,92,0.0
SRCA_conventional_hydroelectric_1,93,261.9449480316006
SRCA_conventional_hydroelectric_1,94,0.0
SRCA_conventional_hydroelectric_1,95,0.0
SRCA_conventional_hydroelectric_1,96,0.0
SRCA_conventional_hydroelectric_1,97,631.125434112
SRCA_conventional_hydroelectric_1,98,631.306220544
SRCA_conventional_hydroelectric_1,99,631.306220544
SRCA_conventional_hydroelectric_1,100,631.306220544
SRCA_conventional_hydroelectric_1,101,631.487006976
SRCA_conventional_hydroelectric_1,102,631.487006976
SRCA_conventional_hydroelectric_1,103,324.330859008
SRCA_conventional_hydroelectric_1,104,324.51164544
SRCA_conventional_hydroelectric_1,105,0.0
SRCA_conventional_hydroelectric_1,106,0.0
SRCA_conventional_hydroelectric_1,107,0.0
SRCA_conventional_hydroelectric_1,108,0.0
SRCA_conventional_hydroelectric_1,109,0.0
SRCA_conventional_hydroelectric_1,110,0.0
SRCA_conventional_hydroelectric_1,111,0.0
SRCA_conventional_hydroelectric_1,112,0.0
SRCA_conventional_hydroelectric_1,113,0.0
SRCA_conventional_hydroelectric_1,114,0.0
SRCA_conventional_hydroelectric_1,115,155.6571179520006
SRCA_conventional_hydroelectric_1,116,0.0
SRCA_conventional_hydroelectric_1,117,677.6021390723995
SRCA_conventional_hydroelectric_1,118,1197.9072184319996
SRCA_conventional_hydroelectric_1,119,632.390939136
SRCA_conventional_hydroelectric_1,120,632.5717255679999
SRCA_conventional_hydroelectric_1,121,0.0
SRCA_conventional_hydroelectric_1,122,0.0
SRCA_conventional_hydroelectric_1,123,0.0
SRCA_conventional_hydroelectric_1,124,0.0
SRCA_conventional_hydroelectric_1,125,0.0
SRCA_conventional_hydroelectric_1,126,0.0
SRCA_conventional_hydroelectric_1,127,0.0
SRCA_conventional_hydroelectric_1,128,0.0
SRCA_conventional_hydroelectric_1,129,0.0
SRCA_conventional_hydroelectric_1,130,0.0
SRCA_conventional_hydroelectric_1,131,0.0
SRCA_conventional_hydroelectric_1,132,0.0
SRCA_conventional_hydroelectric_1,133,0.0
SRCA_conventional_hydroelectric_1,134,0.0
SRCA_conventional_hydroelectric_1,135,0.0
SRCA_conventional_hydroelectric_1,136,0.0
SRCA_conventional_hydroelectric_1,137,194.71767002890078
SRCA_conventional_hydroelectric_1,138,233.14612523160008
SRCA_conventional_hydroelectric_1,139,0.0
SRCA_conventional_hydroelectric_1,140,701.2705697280004
SRCA_conventional_hydroelectric_1,141,0.0
SRCA_conventional_hydroelectric_1,142,0.0
SRCA_conventional_hydroelectric_1,143,0.0
SRCA_conventional_hydroelectric_1,144,0.0
SRCA_conventional_hydroelectric_1,145,0.0
SRCA_conventional_hydroelectric_1,146,0.0
SRCA_conventional_hydroelectric_1,147,0.0
SRCA_conventional_hydroelectric_1,148,0.0
SRCA_conventional_hydroelectric_1,149,0.0
SRCA_conventional_hydroelectric_1,150,0.0
SRCA_conventional_hydroelectric_1,151,0.0
SRCA_conventional_hydroelectric_1,152,0.0
SRCA_conventional_hydroelectric_1,153,0.0
SRCA_conventional_hydroelectric_1,154,0.0
SRCA_conventional_hydroelectric_1,155,0.0
SRCA_conventional_hydroelectric_1,156,0.0
SRCA_conventional_hydroelectric_1,157,206.76038520000085
SRCA_conventional_hydroelectric_1,158,0.0
SRCA_conventional_hydroelectric_1,159,0.0
SRCA_conventional_hydroelectric_1,160,437.38380578823995
SRCA_conventional_hydroelectric_1,161,0.0
SRCA_conventional_hydroelectric_1,162,543.1671337764001
SRCA_conventional_hydroelectric_1,163,0.0
SRCA_conventional_hydroelectric_1,164,0.0
SRCA_conventional_hydroelectric_1,165,0.0
SRCA_conventional_hydroelectric_1,166,0.0
SRCA_conventional_hydroelectric_1,167,0.0
SRCA_conventional_hydroelectric_1,168,0.0
SRCA_conventional_hydroelectric_1,169,0.0
SRCA_conventional_hydroelectric_1,170,0.0
SRCA_conventional_hydroelectric_1,171,0.0
SRCA_conventional_hydroelectric_1,172,0.0
SRCA_conventional_hydroelectric_1,173,0.0
SRCA_conventional_hydroelectric_1,174,0.0
SRCA_conventional_hydroelectric_1,175,0.0
SRCA_conventional_hydroelectric_1,176,0.0
SRCA_conventional_hydroelectric_1,177,0.0
SRCA_conventional_hydroelectric_1,178,0.0
SRCA_conventional_hydroelectric_1,179,0.0
SRCA_conventional_hydroelectric_1,180,0.0
SRCA_conventional_hydroelectric_1,181,0.0
SRCA_conventional_hydroelectric_1,182,0.0
SRCA_conventional_hydroelectric_1,183,0.0
SRCA_conventional_hydroelectric_1,184,0.0
SRCA_conventional_hydroelectric_1,185,0.0
SRCA_conventional_hydroelectric_1,186,0.0
SRCA_conventional_hydroelectric_1,187,665.29406976
SRCA_conventional_hydroelectric_1,188,0.0
SRCA_conventional_hydroelectric_1,189,0.0
SRCA_conventional_hydroelectric_1,190,0.0
SRCA_conventional_hydroelectric_1,191,0.0
SRCA_conventional_hydroelectric_1,192,0.0
SRCA_conventional_hydroelectric_1,193,0.0
SRCA_conventional_hydroelectric_1,194,0.0
SRCA_conventional_hydroelectric_1,195,0.0
SRCA_conventional_hydroelectric_1,196,0.0
SRCA_conventional_hydroelectric_1,197,0.0
SRCA_conventional_hydroelectric_1,198,0.0
SRCA_conventional_hydroelectric_1,199,0.0
SRCA_conventional_hydroelectric_1,200,0.0
SRCA_conventional_hydroelectric_1,201,0.0
SRCA_conventional_hydroelectric_1,202,0.0
SRCA_conventional_hydroelectric_1,203,0.0
SRCA_conventional_hydroelectric_1,204,365.36937907200013
SRCA_conventional_hydroelectric_1,205,365.36937907200013
SRCA_conventional_hydroelectric_1,206,365.36937907200013
SRCA_conventional_hydroelectric_1,207,365.36937907200013
SRCA_conventional_hydroelectric_1,208,365.36937907200013
SRCA_conventional_hydroelectric_1,209,365.36937907200013
SRCA_conventional_hydroelectric_1,210,365.36937907200013
SRCA_conventional_hydroelectric_1,211,0.0
SRCA_conventional_hydroelectric_1,212,0.0
SRCA_conventional_hydroelectric_1,213,0.0
SRCA_conventional_hydroelectric_1,214,0.0
SRCA_conventional_hydroelectric_1,215,0.0
SRCA_conventional_hydroelectric_1,216,0.0
SRCA_conventional_hydroelectric_1,217,76.11108787200033
SRCA_conventional_hydroelectric_1,218,75.74951500800034
SRCA_conventional_hydroelectric_1,219,75.20715571200026
SRCA_conventional_hydroelectric_1,220,17.796719280001298
SRCA_conventional_hydroelectric_1,221,74.48400998400052
SRCA_conventional_hydroelectric_1,222,74.30322355200042
SRCA_conventional_hydroelectric_1,223,319.9919846400005
SRCA_conventional_hydroelectric_1,224,319.26883891200055
SRCA_conventional_hydroelectric_1,225,579.6013009919998
SRCA_conventional_hydroelectric_1,226,579.239728128
SRCA_conventional_hydroelectric_1,227,579.0589416959997
SRCA_conventional_hydroelectric_1,228,578.6973688319999
SRCA_conventional_hydroelectric_1,229,578.3357959679997
SRCA_conventional_hydroelectric_1,230,578.1550095359999
SRCA_conventional_hydroelectric_1,231,319.08805247999976
SRCA_conventional_hydroelectric_1,232,318.9072660479999
SRCA_conventional_hydroelectric_1,233,318.54569318400013
SRCA_conventional_hydroelectric_1,234,318.1841203199999
SRCA_conventional_hydroelectric_1,235,576.7087180799999
SRCA_conventional_hydroelectric_1,236,0.0
SRCA_conventional_hydroelectric_1,237,0.0
SRCA_conventional_hydroelectric_1,238,575.8047859200001
SRCA_conventional_hydroelectric_1,239,67.9756984320004
SRCA_conventional_hydroelectric_1,240,67.7949120000003
SRCA_conventional_hydroelectric_1,241,0.0
SRCA_conventional_hydroelectric_1,242,0.0
SRCA_conventional_hydroelectric_1,243,0.0
SRCA_conventional_hydroelectric_1,244,57.22964999999915
SRCA_conventional_hydroelectric_1,245,0.0
SRCA_conventional_hydroelectric_1,246,0.0
SRCA_conventional_hydroelectric_1,247,0.0
SRCA_conventional_hydroelectric_1,248,0.0
SRCA_conventional_hydroelectric_1,249,0.0
SRCA_conventional_hydroelectric_1,250,0.0
SRCA_conventional_hydroelectric_1,251,0.0
SRCA_conventional_hydroelectric_1,252,0.0
SRCA_conventional_hydroelectric_1,253,0.0
SRCA_conventional_hydroelectric_1,254,0.0
SRCA_conventional_hydroelectric_1,255,258.7053841919999
SRCA_conventional_hydroelectric_1,256,258.7053841919999
SRCA_conventional_hydroelectric_1,257,258.7053841919999
SRCA_conventional_hydroelectric_1,258,258.7053841919999
SRCA_conventional_hydroelectric_1,259,0.0
SRCA_conventional_hydroelectric_1,260,0.0
SRCA_conventional_hydroelectric_1,261,68.69884416000014
SRCA_conventional_hydroelectric_1,262,0.0
SRCA_conventional_hydroelectric_1,263,0.0
SRCA_conventional_hydroelectric_1,264,0.0
SRCA_conventional_hydroelectric_1,265,246.41190681600006
SRCA_conventional_hydroelectric_1,266,246.41190681600006
SRCA_conventional_hydroelectric_1,267,246.23112038400018
SRCA_conventional_hydroelectric_1,268,246.23112038400018
SRCA_conventional_hydroelectric_1,269,246.05033395199985
SRCA_conventional_hydroelectric_1,270,246.05033395199985
SRCA_conventional_hydroelectric_1,271,0.0
SRCA_conventional_hydroelectric_1,272,0.0
SRCA_conventional_hydroelectric_1,273,245.86954751999997
SRCA_conventional_hydroelectric_1,274,245.6887610880001
SRCA_conventional_hydroelectric_1,275,245.6887610880001
SRCA_conventional_hydroelectric_1,276,245.6887610880001
SRCA_conventional_hydroelectric_1,277,245.50797465599976
SRCA_conventional_hydroelectric_1,278,245.50797465599976
SRCA_conventional_hydroelectric_1,279,245.32718822399988
SRCA_conventional_hydroelectric_1,280,271.5267478085976
SRCA_conventional_hydroelectric_1,281,716.4729500159992
SRCA_conventional_hydroelectric_1,282,716.6537364479993
SRCA_conventional_hydroelectric_1,283,716.6537364479993
SRCA_conventional_hydroelectric_1,284,716.6537364479993
SRCA_conventional_hydroelectric_1,285,1614.427646448002
SRCA_conventional_hydroelectric_1,286,716.6537364479991
SRCA_conventional_hydroelectric_1,287,244.7848289279998
SRCA_conventional_hydroelectric_1,288,716.6537364479993
SRCA_conventional_hydroelectric_1,289,1807.8480000000002
SRCA_conventional_hydroelectric_1,290,1592.3303087363993
SRCA_conventional_hydroelectric_1,291,1302.1409480316017
SRCA_conventional_hydroelectric_1,292,1367.2950951683981
SRCA_conventional_hydroelectric_1,293,1546.814075168398
SRCA_conventional_hydroelectric_1,294,1230.8323361699454
SRCA_conventional_hydroelectric_1,295,1807.8480000000002
SRCA_conventional_hydroelectric_1,296,377.50534094920545
SRCA_conventional_hydroelectric_1,297,231.04506009600004
SRCA_conventional_hydroelectric_1,298,231.04506009600004
SRCA_conventional_hydroelectric_1,299,1801.2902975999934
SRCA_conventional_hydroelectric_1,300,505.07521559999316
SRCA_conventional_hydroelectric_1,301,1102.4944519381133
SRCA_conventional_hydroelectric_1,302,936.8867769599997
SRCA_conventional_hydroelectric_1,303,969.7959392315978
SRCA_conventional_hydroelectric_1,304,500.73591819363827
SRCA_conventional_hydroelectric_1,305,0.0
SRCA_conventional_hydroelectric_1,306,0.0
SRCA_conventional_hydroelectric_1,307,0.0
SRCA_conventional_hydroelectric_1,308,0.0
SRCA_conventional_hydroelectric_1,309,0.0
SRCA_conventional_hydroelectric_1,310,0.0
SRCA_conventional_hydroelectric_1,311,231.04506009600004
SRCA_conventional_hydroelectric_1,312,0.0
SRCA_conventional_hydroelectric_1,313,469.6994703359993
SRCA_conventional_hydroelectric_1,314,685.3979480316002
SRCA_conventional_hydroelectric_1,315,975.5873087363977
SRCA_conventional_hydroelectric_1,316,910.6139480316014
SRCA_conventional_hydroelectric_1,317,731.0949680316015
SRCA_conventional_hydroelectric_1,318,863.0333756316035
SRCA_conventional_hydroelectric_1,319,470.2418296319993
SRCA_conventional_hydroelectric_1,320,1807.8480000000002
SRCA_conventional_hydroelectric_1,321,952.5090082263091
SRCA_conventional_hydroelectric_1,322,496.6366487039993
SRCA_conventional_hydroelectric_1,323,477.34189132800606
SRCA_conventional_hydroelectric_1,324,1773.5569733280065
SRCA_conventional_hydroelectric_1,325,1176.318523421886
SRCA_conventional_hydroelectric_1,326,1341.9261983999997
SRCA_conventional_hydroelectric_1,327,1309.1978225604016
SRCA_conventional_hydroelectric_1,328,1752.2390704457634
SRCA_conventional_hydroelectric_1,329,1807.8480000000002
SRCA_conventional_hydroelectric_1,330,1807.8480000000002
SRCA_conventional_hydroelectric_1,331,1807.8480000000002
SRCA_conventional_hydroelectric_1,332,1807.8480000000002
SRCA_conventional_hydroelectric_1,333,910.0740899999976
SRCA_conventional_hydroelectric_1,334,1807.8480000000002
SRCA_conventional_hydroelectric_1,335,240.9883138560001
SRCA_conventional_hydroelectric_1,336,1807.8480000000002
SRCA_conventional_hydroelectric_1,337,255.993587712
SRCA_conventional_hydroelectric_1,338,256.174374144
SRCA_conventional_hydroelectric_1,339,256.355160576
SRCA_conventional_hydroelectric_1,340,256.355160576
SRCA_conventional_hydroelectric_1,341,0.0
SRCA_conventional_hydroelectric_1,342,0.0
SRCA_conventional_hydroelectric_1,343,0.0
SRCA_conventional_hydroelectric_1,344,0.0
SRCA_conventional_hydroelectric_1,345,847.7483535500877
SRCA_conventional_hydroelectric_1,346,1807.8480000000002
SRCA_conventional_hydroelectric_1,347,257.078306304
SRCA_conventional_hydroelectric_1,348,52.26253559999576
SRCA_conventional_hydroelectric_1,349,257.259092736
SRCA_conventional_hydroelectric_1,350,257.43987916799995
SRCA_conventional_hydroelectric_1,351,257.43987916799995
SRCA_conventional_hydroelectric_1,352,257.62066559999994
SRCA_conventional_hydroelectric_1,353,249.16408164840158
SRCA_conventional_hydroelectric_1,354,0.0
SRCA_conventional_hydroelectric_1,355,257.982238464
SRCA_conventional_hydroelectric_1,356,257.982238464
SRCA_conventional_hydroelectric_1,357,258.163024896
SRCA_conventional_hydroelectric_1,358,0.0
SRCA_conventional_hydroelectric_1,359,1254.5701558403991
SRCA_conventional_hydroelectric_1,360,53.874356736000436
SRCA_conventional_hydroelectric_1,361,0.0
SRCA_conventional_hydroelectric_1,362,0.0
SRCA_conventional_hydroelectric_1,363,0.0
SRCA_conventional_hydroelectric_1,364,0.0
SRCA_conventional_hydroelectric_1,365,0.0
SRCA_conventional_hydroelectric_1,366,0.0
SRCA_conventional_hydroelectric_1,367,0.0
SRCA_conventional_hydroelectric_1,368,0.0
SRCA_conventional_hydroelectric_1,369,0.0
SRCA_conventional_hydroelectric_1,370,0.0
SRCA_conventional_hydroelectric_1,371,0.0
SRCA_conventional_hydroelectric_1,372,0.0
SRCA_conventional_hydroelectric_1,373,266.84077363200004
SRCA_conventional_hydroelectric_1,374,0.0
SRCA_conventional_hydroelectric_1,375,266.84077363200004
SRCA_conventional_hydroelectric_1,376,0.0
SRCA_conventional_hydroelectric_1,377,0.0
SRCA_conventional_hydroelectric_1,378,0.0
SRCA_conventional_hydroelectric_1,379,0.0
SRCA_conventional_hydroelectric_1,380,0.0
SRCA_conventional_hydroelectric_1,381,0.0
SRCA_conventional_hydroelectric_1,382,0.0
SRCA_conventional_hydroelectric_1,383,0.0
SRCA_conventional_hydroelectric_1,384,0.0
SRCA_conventional_hydroelectric_1,385,203.3847360000006
SRCA_conventional_hydroelectric_1,386,0.0
SRCA_conventional_hydroelectric_1,387,0.0
SRCA_conventional_hydroelectric_1,388,0.0
SRCA_conventional_hydroelectric_1,389,50.981773824000584
SRCA_conventional_hydroelectric_1,390,95.3558317066587
SRCA_conventional_hydroelectric_1,391,0.0
SRCA_conventional_hydroelectric_1,392,144.07983537079446
SRCA_conventional_hydroelectric_1,393,707.0696636316034
SRCA_conventional_hydroelectric_1,394,531.5121100800001
SRCA_conventional_hydroelectric_1,395,531.5121100800001
SRCA_conventional_hydroelectric_1,396,736.5086672160044
SRCA_conventional_hydroelectric_1,397,264.67133644800003
SRCA_conventional_hydroelectric_1,398,531.5121100800001
SRCA_conventional_hydroelectric_1,399,264.67133644800003
SRCA_conventional_hydroelectric_1,400,531.3313236480001
SRCA_conventional_hydroelectric_1,401,539.9686940315985
SRCA_conventional_hydroelectric_1,402,789.1327756800001
SRCA_conventional_hydroelectric_1,403,531.3313236480001
SRCA_conventional_hydroelectric_1,404,531.150537216
SRCA_conventional_hydroelectric_1,405,531.150537216
SRCA_conventional_hydroelectric_1,406,53.33199744000058
SRCA_conventional_hydroelectric_1,407,606.806948031601
SRCA_conventional_hydroelectric_1,408,0.0
SRCA_conventional_hydroelectric_1,409,0.0
SRCA_conventional_hydroelectric_1,410,0.0
SRCA_conventional_hydroelectric_1,411,0.0
SRCA_conventional_hydroelectric_1,412,0.0
SRCA_conventional_hydroelectric_1,413,0.0
SRCA_conventional_hydroelectric_1,414,0.0
SRCA_conventional_hydroelectric_1,415,0.0
SRCA_conventional_hydroelectric_1,416,0.0
SRCA_conventional_hydroelectric_1,417,0.0
SRCA_conventional_hydroelectric_1,418,0.0
SRCA_conventional_hydroelectric_1,419,0.0
SRCA_conventional_hydroelectric_1,420,0.0
SRCA_conventional_hydroelectric_1,421,0.0
SRCA_conventional_hydroelectric_1,422,0.0
SRCA_conventional_hydroelectric_1,423,263.4898271999994
SRCA_conventional_hydroelectric_1,424,263.94819072
SRCA_conventional_hydroelectric_1,425,0.0
SRCA_conventional_hydroelectric_1,426,0.0
SRCA_conventional_hydroelectric_1,427,0.0
SRCA_conventional_hydroelectric_1,428,0.0
SRCA_conventional_hydroelectric_1,429,0.0
SRCA_conventional_hydroelectric_1,430,0.0
SRCA_conventional_hydroelectric_1,431,0.0
SRCA_conventional_hydroelectric_1,432,0.0
SRCA_conventional_hydroelectric_1,433,0.0
SRCA_conventional_hydroelectric_1,434,0.0
SRCA_conventional_hydroelectric_1,435,0.0
SRCA_conventional_hydroelectric_1,436,0.0
SRCA_conventional_hydroelectric_1,437,0.0
SRCA_conventional_hydroelectric_1,438,0.0
SRCA_conventional_hydroelectric_1,439,0.0
SRCA_conventional_hydroelectric_1,440,0.0
SRCA_conventional_hydroelectric_1,441,0.0
SRCA_conventional_hydroelectric_1,442,0.0
SRCA_conventional_hydroelectric_1,443,0.0
SRCA_conventional_hydroelectric_1,444,0.0
SRCA_conventional_hydroelectric_1,445,254.63095665600048
SRCA_conventional_hydroelectric_1,446,549.952326144
SRCA_conventional_hydroelectric_1,447,52.72196236800028
SRCA_conventional_hydroelectric_1,448,53.52910387199961
SRCA_conventional_hydroelectric_1,449,0.0
SRCA_conventional_hydroelectric_1,450,0.0
SRCA_conventional_hydroelectric_1,451,0.0
SRCA_conventional_hydroelectric_1,452,0.0
SRCA_conventional_hydroelectric_1,453,0.0
SRCA_conventional_hydroelectric_1,454,0.0
SRCA_conventional_hydroelectric_1,455,0.0
SRCA_conventional_hydroelectric_1,456,0.0
SRCA_conventional_hydroelectric_1,457,0.0
SRCA_conventional_hydroelectric_1,458,0.0
SRCA_conventional_hydroelectric_1,459,0.0
SRCA_conventional_hydroelectric_1,460,0.0
SRCA_conventional_hydroelectric_1,461,0.0
SRCA_conventional_hydroelectric_1,462,0.0
SRCA_conventional_hydroelectric_1,463,0.0
SRCA_conventional_hydroelectric_1,464,0.0
SRCA_conventional_hydroelectric_1,465,0.0
SRCA_conventional_hydroelectric_1,466,0.0
SRCA_conventional_hydroelectric_1,467,0.0
SRCA_conventional_hydroelectric_1,468,0.0
SRCA_conventional_hydroelectric_1,469,0.0
SRCA_conventional_hydroelectric_1,470,0.0
SRCA_conventional_hydroelectric_1,471,0.0
SRCA_conventional_hydroelectric_1,472,0.0
SRCA_conventional_hydroelectric_1,473,0.0
SRCA_conventional_hydroelectric_1,474,0.0
SRCA_conventional_hydroelectric_1,475,321.8161689599997
SRCA_conventional_hydroelectric_1,476,0.0
SRCA_conventional_hydroelectric_1,477,0.0
SRCA_conventional_hydroelectric_1,478,0.0
SRCA_conventional_hydroelectric_1,479,0.0
SRCA_conventional_hydroelectric_1,480,0.0
SRCA_conventional_hydroelectric_1,481,0.0
SRCA_conventional_hydroelectric_1,482,0.0
SRCA_conventional_hydroelectric_1,483,0.0
SRCA_conventional_hydroelectric_1,484,0.0
SRCA_conventional_hydroelectric_1,485,0.0
SRCA_conventional_hydroelectric_1,486,139.85005994779252
SRCA_conventional_hydroelectric_1,487,725.8575244800003
SRCA_conventional_hydroelectric_1,488,0.0
SRCA_conventional_hydroelectric_1,489,0.0
SRCA_conventional_hydroelectric_1,490,0.0
SRCA_conventional_hydroelectric_1,491,0.0
SRCA_conventional_hydroelectric_1,492,0.0
SRCA_conventional_hydroelectric_1,493,0.0
SRCA_conventional_hydroelectric_1,494,0.0
SRCA_conventional_hydroelectric_1,495,0.0
SRCA_conventional_hydroelectric_1,496,0.0
SRCA_conventional_hydroelectric_1,497,0.0
SRCA_conventional_hydroelectric_1,498,0.0
SRCA_conventional_hydroelectric_1,499,0.0
SRCA_conventional_hydroelectric_1,500,0.0
SRCA_conventional_hydroelectric_1,501,324.3471790079998
SRCA_conventional_hydroelectric_1,502,0.0
SRCA_conventional_hydroelectric_1,503,0.0
SRCA_conventional_hydroelectric_1,504,0.0
SRCA_conventional_hydroelectric_1,505,0.0
SRCA_conventional_hydroelectric_1,506,203.56552243200053
SRCA_conventional_hydroelectric_1,507,203.38473600000043
SRCA_conventional_hydroelectric_1,508,203.20394956800033
SRCA_conventional_hydroelectric_1,509,408.75812275199996
SRCA_conventional_hydroelectric_1,510,673.971818496
SRCA_conventional_hydroelectric_1,511,0.0
SRCA_conventional_hydroelectric_1,512,408.57733631999986
SRCA_conventional_hydroelectric_1,513,0.0
SRCA_conventional_hydroelectric_1,514,0.0
SRCA_conventional_hydroelectric_1,515,0.0
SRCA_conventional_hydroelectric_1,516,0.0
SRCA_conventional_hydroelectric_1,517,0.0
SRCA_conventional_hydroelectric_1,518,0.0
SRCA_conventional_hydroelectric_1,519,0.0
SRCA_conventional_hydroelectric_1,520,0.0
SRCA_conventional_hydroelectric_1,521,0.0
SRCA_conventional_hydroelectric_1,522,0.0
SRCA_conventional_hydroelectric_1,523,0.0
SRCA_conventional_hydroelectric_1,524,0.0
SRCA_conventional_hydroelectric_1,525,0.0
SRCA_conventional_hydroelectric_1,526,407.13104486399993
SRCA_conventional_hydroelectric_1,527,684.0958586879999
SRCA_conventional_hydroelectric_1,528,406.9502584319998
SRCA_conventional_hydroelectric_1,529,0.0
SRCA_conventional_hydroelectric_1,530,0.0
SRCA_conventional_hydroelectric_1,531,0.0
SRCA_conventional_hydroelectric_1,532,0.0
SRCA_conventional_hydroelectric_1,533,0.0
SRCA_conventional_hydroelectric_1,534,0.0
SRCA_conventional_hydroelectric_1,535,0.0
SRCA_conventional_hydroelectric_1,536,0.0
SRCA_conventional_hydroelectric_1,537,0.0
SRCA_conventional_hydroelectric_1,538,0.0
SRCA_conventional_hydroelectric_1,539,0.0
SRCA_conventional_hydroelectric_1,540,0.0
SRCA_conventional_hydroelectric_1,541,0.0
SRCA_conventional_hydroelectric_1,542,0.0
SRCA_conventional_hydroelectric_1,543,0.0
SRCA_conventional_hydroelectric_1,544,0.0
SRCA_conventional_hydroelectric_1,545,0.0
SRCA_conventional_hydroelectric_1,546,0.0
SRCA_conventional_hydroelectric_1,547,0.0
SRCA_conventional_hydroelectric_1,548,0.0
SRCA_conventional_hydroelectric_1,549,0.0
SRCA_conventional_hydroelectric_1,550,0.0
SRCA_conventional_hydroelectric_1,551,0.0
SRCA_conventional_hydroelectric_1,552,0.0
SRCA_conventional_hydroelectric_1,553,261.59796710399996
SRCA_conventional_hydroelectric_1,554,262.32111283200015
SRCA_conventional_hydroelectric_1,555,263.0442585599999
SRCA_conventional_hydroelectric_1,556,263.7674042880001
SRCA_conventional_hydroelectric_1,557,264.49055001600004
SRCA_conventional_hydroelectric_1,558,0.0
SRCA_conventional_hydroelectric_1,559,0.0
SRCA_conventional_hydroelectric_1,560,266.65998719999993
SRCA_conventional_hydroelectric_1,561,267.202346496
SRCA_conventional_hydroelectric_1,562,0.0
SRCA_conventional_hydroelectric_1,563,310.6074101759996
SRCA_conventional_hydroelectric_1,564,312.05370163199973
SRCA_conventional_hydroelectric_1,565,58.68824999999944
SRCA_conventional_hydroelectric_1,566,0.0
SRCA_conventional_hydroelectric_1,567,0.0
SRCA_conventional_hydroelectric_1,568,0.0
SRCA_conventional_hydroelectric_1,569,318.92358604799983
SRCA_conventional_hydroelectric_1,570,0.0
SRCA_conventional_hydroelectric_1,571,0.0
SRCA_conventional_hydroelectric_1,572,0.0
SRCA_conventional_hydroelectric_1,573,0.0
SRCA_conventional_hydroelectric_1,574,276.4224545280001
SRCA_conventional_hydroelectric_1,575,0.0
SRCA_conventional_hydroelectric_1,576,657.5365731839993
SRCE_conventional_hydroelectric_1,1,5036.046
SRCE_conventional_hydroelectric_1,2,5036.046
SRCE_conventional_hydroelectric_1,3,5036.046
SRCE_conventional_hydroelectric_1,4,5036.046
SRCE_conventional_hydroelectric_1,5,5036.046
SRCE_conventional_hydroelectric_1,6,5036.046
SRCE_conventional_hydroelectric_1,7,5036.046
SRCE_conventional_hydroelectric_1,8,5036.046
SRCE_conventional_hydroelectric_1,9,5036.046
SRCE_conventional_hydroelectric_1,10,5036.046
SRCE_conventional_hydroelectric_1,11,5036.046
SRCE_conventional_hydroelectric_1,12,5036.046
SRCE_conventional_hydroelectric_1,13,5036.046
SRCE_conventional_hydroelectric_1,14,5036.046
SRCE_conventional_hydroelectric_1,15,5036.046
SRCE_conventional_hydroelectric_1,16,5036.046
SRCE_conventional_hydroelectric_1,17,5036.046
SRCE_conventional_hydroelectric_1,18,5036.046
SRCE_conventional_hydroelectric_1,19,5036.046
SRCE_conventional_hydroelectric_1,20,5036.046
SRCE_conventional_hydroelectric_1,21,5036.046
SRCE_conventional_hydroelectric_1,22,5036.046
SRCE_conventional_hydroelectric_1,23,5036.046
SRCE_conventional_hydroelectric_1,24,5036.046
SRCE_conventional_hydroelectric_1,25,1207.2748720103205
SRCE_conventional_hydroelectric_1,26,1213.6618183279907
SRCE_conventional_hydroelectric_1,27,1220.048764645665
SRCE_conventional_hydroelectric_1,28,985.5165704009964
SRCE_conventional_hydroelectric_1,29,983.5370612570696
SRCE_conventional_hydroelectric_1,30,3286.4933334621264
SRCE_conventional_hydroelectric_1,31,3949.4825515648317
SRCE_conventional_hydroelectric_1,32,3589.518247660421
SRCE_conventional_hydroelectric_1,33,1734.9563290175934
SRCE_conventional_hydroelectric_1,34,1268.1007380310025
SRCE_conventional_hydroelectric_1,35,1274.973269954638
SRCE_conventional_hydroelectric_1,36,1281.3416329122747
SRCE_conventional_hydroelectric_1,37,437.3938821229389
SRCE_conventional_hydroelectric_1,38,249.41943147910843
SRCE_conventional_hydroelectric_1,39,81.52383153895758
SRCE_conventional_hydroelectric_1,40,0.0
SRCE_conventional_hydroelectric_1,41,0.0
SRCE_conventional_hydroelectric_1,42,958.2704446319449
SRCE_conventional_hydroelectric_1,43,956.2909354880185
SRCE_conventional_hydroelectric_1,44,401.36027112089874
SRCE_conventional_hydroelectric_1,45,0.0
SRCE_conventional_hydroelectric_1,46,0.0
SRCE_conventional_hydroelectric_1,47,0.0
SRCE_conventional_hydroelectric_1,48,0.0
SRCE_conventional_hydroelectric_1,49,5036.046
SRCE_conventional_hydroelectric_1,50,5036.046
SRCE_conventional_hydroelectric_1,51,5036.046
SRCE_conventional_hydroelectric_1,52,5036.046
SRCE_conventional_hydroelectric_1,53,5036.046
SRCE_conventional_hydroelectric_1,54,5036.046
SRCE_conventional_hydroelectric_1,55,5036.046
SRCE_conventional_hydroelectric_1,56,5036.046
SRCE_conventional_hydroelectric_1,57,5036.046
SRCE_conventional_hydroelectric_1,58,5036.046
SRCE_conventional_hydroelectric_1,59,5036.046
SRCE_conventional_hydroelectric_1,60,5036.046
SRCE_conventional_hydroelectric_1,61,5036.046
SRCE_conventional_hydroelectric_1,62,5036.046
SRCE_conventional_hydroelectric_1,63,5036.046
SRCE_conventional_hydroelectric_1,64,5036.046
SRCE_conventional_hydroelectric_1,65,5036.046
SRCE_conventional_hydroelectric_1,66,5036.046
SRCE_conventional_hydroelectric_1,67,5036.046
SRCE_conventional_hydroelectric_1,68,5036.046
SRCE_conventional_hydroelectric_1,69,5036.046
SRCE_conventional_hydroelectric_1,70,5036.046
SRCE_conventional_hydroelectric_1,71,5036.046
SRCE_conventional_hydroelectric_1,72,5036.046
SRCE_conventional_hydroelectric_1,73,2801.9814463587727
SRCE_conventional_hydroelectric_1,74,2801.9814463587727
SRCE_conventional_hydroelectric_1,75,2801.9814463587727
SRCE_conventional_hydroelectric_1,76,2801.9814463587727
SRCE_conventional_hydroelectric_1,77,1653.2832988731916
SRCE_conventional_hydroelectric_1,78,2743.116219494098
SRCE_conventional_hydroelectric_1,79,2801.9814463587727
SRCE_conventional_hydroelectric_1,80,2801.9814463587727
SRCE_conventional_hydroelectric_1,81,2801.9814463587727
SRCE_conventional_hydroelectric_1,82,2801.9814463587727
SRCE_conventional_hydroelectric_1,83,2801.9814463587727
SRCE_conventional_hydroelectric_1,84,2801.9814463587727
SRCE_conventional_hydroelectric_1,85,3582.8451819592797
SRCE_conventional_hydroelectric_1,86,3447.8599444830015
SRCE_conventional_hydroelectric_1,87,3211.49117928647
SRCE_conventional_hydroelectric_1,88,2990.5444943035063
SRCE_conventional_hydroelectric_1,89,2748.2225303599357
SRCE_conventional_hydroelectric_1,90,2727.8032956729303
SRCE_conventional_hydroelectric_1,91,2482.3773954869803
SRCE_conventional_hydroelectric_1,92,1324.8913282940964
SRCE_conventional_hydroelectric_1,93,905.1643101199129
SRCE_conventional_hydroelectric_1,94,3071.043774030241
SRCE_conventional_hydroelectric_1,95,3750.354345271082
SRCE_conventional_hydroelectric_1,96,3748.3748361271555
SRCE_conventional_hydroelectric_1,97,1946.2872192762936
SRCE_conventional_hydroelectric_1,98,2518.4811710960103
SRCE_conventional_hydroelectric_1,99,2517.5471666041562
SRCE_conventional_hydroelectric_1,100,2516.6131621123022
SRCE_conventional_hydroelectric_1,101,3664.3773051060284
SRCE_conventional_hydroelectric_1,102,2573.5917966332318
SRCE_conventional_hydroelectric_1,103,2513.792565276703
SRCE_conventional_hydroelectric_1,104,2512.858560784849
SRCE_conventional_hydroelectric_1,105,2511.924556292995
SRCE_conventional_hydroelectric_1,106,2510.9719684411034
SRCE_conventional_hydroelectric_1,107,1599.4553715016036
SRCE_conventional_hydroelectric_1,108,159.0804408134045
SRCE_conventional_hydroelectric_1,109,0.0
SRCE_conventional_hydroelectric_1,110,0.0
SRCE_conventional_hydroelectric_1,111,0.0
SRCE_conventional_hydroelectric_1,112,0.0
SRCE_conventional_hydroelectric_1,113,0.0
SRCE_conventional_hydroelectric_1,114,0.0
SRCE_conventional_hydroelectric_1,115,0.0
SRCE_conventional_hydroelectric_1,116,1198.3319232898295
SRCE_conventional_hydroelectric_1,117,2772.1688892776174
SRCE_conventional_hydroelectric_1,118,2238.7871134940956
SRCE_conventional_hydroelectric_1,119,2451.9085815998637
SRCE_conventional_hydroelectric_1,120,2446.0072208881547
SRCE_conventional_hydroelectric_1,121,0.0
SRCE_conventional_hydroelectric_1,122,0.0
SRCE_conventional_hydroelectric_1,123,0.0
SRCE_conventional_hydroelectric_1,124,0.0
SRCE_conventional_hydroelectric_1,125,0.0
SRCE_conventional_hydroelectric_1,126,37.897812736128344
SRCE_conventional_hydroelectric_1,127,32.93045651627426
SRCE_conventional_hydroelectric_1,128,27.981683656456426
SRCE_conventional_hydroelectric_1,129,23.014327436602343
SRCE_conventional_hydroelectric_1,130,0.0
SRCE_conventional_hydroelectric_1,131,0.0
SRCE_conventional_hydroelectric_1,132,0.0
SRCE_conventional_hydroelectric_1,133,0.0
SRCE_conventional_hydroelectric_1,134,0.0
SRCE_conventional_hydroelectric_1,135,401.332268140864
SRCE_conventional_hydroelectric_1,136,701.3748566329677
SRCE_conventional_hydroelectric_1,137,1167.1737807377976
SRCE_conventional_hydroelectric_1,138,0.0
SRCE_conventional_hydroelectric_1,139,244.4918956940959
SRCE_conventional_hydroelectric_1,140,755.6631903284875
SRCE_conventional_hydroelectric_1,141,0.0
SRCE_conventional_hydroelectric_1,142,0.0
SRCE_conventional_hydroelectric_1,143,0.0
SRCE_conventional_hydroelectric_1,144,0.0
SRCE_conventional_hydroelectric_1,145,0.0
SRCE_conventional_hydroelectric_1,146,0.0
SRCE_conventional_hydroelectric_1,147,0.0
SRCE_conventional_hydroelectric_1,148,0.0
SRCE_conventional_hydroelectric_1,149,0.0
SRCE_conventional_hydroelectric_1,150,0.0
SRCE_conventional_hydroelectric_1,151,0.0
SRCE_conventional_hydroelectric_1,152,0.0
SRCE_conventional_hydroelectric_1,153,0.0
SRCE_conventional_hydroelectric_1,154,0.0
SRCE_conventional_hydroelectric_1,155,923.1952051986133
SRCE_conventional_hydroelectric_1,156,1623.9568114545796
SRCE_conventional_hydroelectric_1,157,1846.6068530627754
SRCE_conventional_hydroelectric_1,158,1841.6580802029575
SRCE_conventional_hydroelectric_1,159,1836.6907239831035
SRCE_conventional_hydroelectric_1,160,1831.7419511232856
SRCE_conventional_hydroelectric_1,161,1826.7745949034315
SRCE_conventional_hydroelectric_1,162,1821.8258220436137
SRCE_conventional_hydroelectric_1,163,1816.8770491837968
SRCE_conventional_hydroelectric_1,164,1811.9096929639427
SRCE_conventional_hydroelectric_1,165,1806.9609201041249
SRCE_conventional_hydroelectric_1,166,900.2943258422083
SRCE_conventional_hydroelectric_1,167,0.0
SRCE_conventional_hydroelectric_1,168,0.0
SRCE_conventional_hydroelectric_1,169,0.0
SRCE_conventional_hydroelectric_1,170,0.0
SRCE_conventional_hydroelectric_1,171,0.0
SRCE_conventional_hydroelectric_1,172,0.0
SRCE_conventional_hydroelectric_1,173,0.0
SRCE_conventional_hydroelectric_1,174,0.0
SRCE_conventional_hydroelectric_1,175,0.0
SRCE_conventional_hydroelectric_1,176,0.0
SRCE_conventional_hydroelectric_1,177,0.0
SRCE_conventional_hydroelectric_1,178,0.0
SRCE_conventional_hydroelectric_1,179,0.0
SRCE_conventional_hydroelectric_1,180,0.0
SRCE_conventional_hydroelectric_1,181,0.0
SRCE_conventional_hydroelectric_1,182,0.0
SRCE_conventional_hydroelectric_1,183,0.0
SRCE_conventional_hydroelectric_1,184,0.0
SRCE_conventional_hydroelectric_1,185,0.0
SRCE_conventional_hydroelectric_1,186,0.0
SRCE_conventional_hydroelectric_1,187,0.0
SRCE_conventional_hydroelectric_1,188,0.0
SRCE_conventional_hydroelectric_1,189,0.0
SRCE_conventional_hydroelectric_1,190,0.0
SRCE_conventional_hydroelectric_1,191,0.0
SRCE_conventional_hydroelectric_1,192,0.0
SRCE_conventional_hydroelectric_1,193,635.8253834268962
SRCE_conventional_hydroelectric_1,194,57.73007089547173
SRCE_conventional_hydroelectric_1,195,52.762714675617644
SRCE_conventional_hydroelectric_1,196,47.81394181579981
SRCE_conventional_hydroelectric_1,197,42.846585595945726
SRCE_conventional_hydroelectric_1,198,0.0
SRCE_conventional_hydroelectric_1,199,0.0
SRCE_conventional_hydroelectric_1,200,0.0
SRCE_conventional_hydroelectric_1,201,0.0
SRCE_conventional_hydroelectric_1,202,18.06555457678496
SRCE_conventional_hydroelectric_1,203,0.0
SRCE_conventional_hydroelectric_1,204,733.7305470805604
SRCE_conventional_hydroelectric_1,205,733.7305470805604
SRCE_conventional_hydroelectric_1,206,733.7305470805604
SRCE_conventional_hydroelectric_1,207,733.7305470805604
SRCE_conventional_hydroelectric_1,208,733.7305470805604
SRCE_conventional_hydroelectric_1,209,733.7305470805604
SRCE_conventional_hydroelectric_1,210,733.7305470805604
SRCE_conventional_hydroelectric_1,211,733.7305470805604
SRCE_conventional_hydroelectric_1,212,733.7305470805604
SRCE_conventional_hydroelectric_1,213,733.7305470805604
SRCE_conventional_hydroelectric_1,214,0.0
SRCE_conventional_hydroelectric_1,215,0.0
SRCE_conventional_hydroelectric_1,216,0.0
SRCE_conventional_hydroelectric_1,217,2039.9544323670561
SRCE_conventional_hydroelectric_1,218,2040.9256035789822
SRCE_conventional_hydroelectric_1,219,2042.382360396873
SRCE_conventional_hydroelectric_1,220,2043.3535316088
SRCE_conventional_hydroelectric_1,221,2044.3432861807642
SRCE_conventional_hydroelectric_1,222,2045.314457392691
SRCE_conventional_hydroelectric_1,223,2046.771214210582
SRCE_conventional_hydroelectric_1,224,2047.742385422509
SRCE_conventional_hydroelectric_1,225,2048.732139994472
SRCE_conventional_hydroelectric_1,226,2050.188896812363
SRCE_conventional_hydroelectric_1,227,1876.7117417863856
SRCE_conventional_hydroelectric_1,228,2041.6412356056621
SRCE_conventional_hydroelectric_1,229,909.7702852348566
SRCE_conventional_hydroelectric_1,230,910.7414564467836
SRCE_conventional_hydroelectric_1,231,911.7126276587105
SRCE_conventional_hydroelectric_1,232,912.6837988706375
SRCE_conventional_hydroelectric_1,233,1278.170894045672
SRCE_conventional_hydroelectric_1,234,1323.8507523757198
SRCE_conventional_hydroelectric_1,235,916.1014814724194
SRCE_conventional_hydroelectric_1,236,917.5582382903094
SRCE_conventional_hydroelectric_1,237,918.5479928622735
SRCE_conventional_hydroelectric_1,238,1290.9725340494278
SRCE_conventional_hydroelectric_1,239,2064.812215071378
SRCE_conventional_hydroelectric_1,240,1092.6542452817312
SRCE_conventional_hydroelectric_1,241,0.0
SRCE_conventional_hydroelectric_1,242,0.0
SRCE_conventional_hydroelectric_1,243,0.0
SRCE_conventional_hydroelectric_1,244,0.0
SRCE_conventional_hydroelectric_1,245,0.0
SRCE_conventional_hydroelectric_1,246,0.0
SRCE_conventional_hydroelectric_1,247,0.0
SRCE_conventional_hydroelectric_1,248,0.0
SRCE_conventional_hydroelectric_1,249,0.0
SRCE_conventional_hydroelectric_1,250,0.0
SRCE_conventional_hydroelectric_1,251,174.44832623790447
SRCE_conventional_hydroelectric_1,252,10.490003630554629
SRCE_conventional_hydroelectric_1,253,1143.8362941792875
SRCE_conventional_hydroelectric_1,254,1143.8362941792875
SRCE_conventional_hydroelectric_1,255,1143.8362941792875
SRCE_conventional_hydroelectric_1,256,1143.8362941792875
SRCE_conventional_hydroelectric_1,257,779.82453918218
SRCE_conventional_hydroelectric_1,258,735.1158520640605
SRCE_conventional_hydroelectric_1,259,1143.8362941792875
SRCE_conventional_hydroelectric_1,260,1143.8362941792875
SRCE_conventional_hydroelectric_1,261,1143.8362941792875
SRCE_conventional_hydroelectric_1,262,772.38292420406
SRCE_conventional_hydroelectric_1,263,0.0
SRCE_conventional_hydroelectric_1,264,973.1291410015735
SRCE_conventional_hydroelectric_1,265,2642.7379650037365
SRCE_conventional_hydroelectric_1,266,2614.3697166363872
SRCE_conventional_hydroelectric_1,267,2399.739881873683
SRCE_conventional_hydroelectric_1,268,1635.3584876716563
SRCE_conventional_hydroelectric_1,269,1392.7420648940958
SRCE_conventional_hydroelectric_1,270,2069.673653393651
SRCE_conventional_hydroelectric_1,271,1480.9147715949184
SRCE_conventional_hydroelectric_1,272,1268.0843510883913
SRCE_conventional_hydroelectric_1,273,3371.399399230847
SRCE_conventional_hydroelectric_1,274,1492.1663337471437
SRCE_conventional_hydroelectric_1,275,2576.1342684529045
SRCE_conventional_hydroelectric_1,276,3673.748581644242
SRCE_conventional_hydroelectric_1,277,4247.840927330221
SRCE_conventional_hydroelectric_1,278,1934.483171611303
SRCE_conventional_hydroelectric_1,279,2615.653462217666
SRCE_conventional_hydroelectric_1,280,3149.8191890624107
SRCE_conventional_hydroelectric_1,281,3733.5793146988076
SRCE_conventional_hydroelectric_1,282,3208.886956157277
SRCE_conventional_hydroelectric_1,283,2395.2692091544573
SRCE_conventional_hydroelectric_1,284,2077.244403899465
SRCE_conventional_hydroelectric_1,285,3246.3809656940934
SRCE_conventional_hydroelectric_1,286,4526.752861151131
SRCE_conventional_hydroelectric_1,287,4813.0827585565885
SRCE_conventional_hydroelectric_1,288,3938.8574508012107
SRCE_conventional_hydroelectric_1,289,0.0
SRCE_conventional_hydroelectric_1,290,0.0
SRCE_conventional_hydroelectric_1,291,0.0
SRCE_conventional_hydroelectric_1,292,560.8357549203938
SRCE_conventional_hydroelectric_1,293,1059.2876896143316
SRCE_conventional_hydroelectric_1,294,349.3729257152554
SRCE_conventional_hydroelectric_1,295,714.793885391167
SRCE_conventional_hydroelectric_1,296,1197.7566791453573
SRCE_conventional_hydroelectric_1,297,97.3921967797185
SRCE_conventional_hydroelectric_1,298,703.0567376329794
SRCE_conventional_hydroelectric_1,299,0.0
SRCE_conventional_hydroelectric_1,300,0.0
SRCE_conventional_hydroelectric_1,301,0.0
SRCE_conventional_hydroelectric_1,302,260.2543141628562
SRCE_conventional_hydroelectric_1,303,1284.2697073810873
SRCE_conventional_hydroelectric_1,304,0.0
SRCE_conventional_hydroelectric_1,305,0.0
SRCE_conventional_hydroelectric_1,306,459.1997349444383
SRCE_conventional_hydroelectric_1,307,0.0
SRCE_conventional_hydroelectric_1,308,116.03632505680372
SRCE_conventional_hydroelectric_1,309,0.0
SRCE_conventional_hydroelectric_1,310,0.0
SRCE_conventional_hydroelectric_1,311,0.0
SRCE_conventional_hydroelectric_1,312,0.0
SRCE_conventional_hydroelectric_1,313,5036.046
SRCE_conventional_hydroelectric_1,314,5036.046
SRCE_conventional_hydroelectric_1,315,5036.046
SRCE_conventional_hydroelectric_1,316,4491.64677712479
SRCE_conventional_hydroelectric_1,317,4383.89128438505
SRCE_conventional_hydroelectric_1,318,5036.046
SRCE_conventional_hydroelectric_1,319,5036.046
SRCE_conventional_hydroelectric_1,320,4680.4914276631725
SRCE_conventional_hydroelectric_1,321,5036.046
SRCE_conventional_hydroelectric_1,322,5036.046
SRCE_conventional_hydroelectric_1,323,5036.046
SRCE_conventional_hydroelectric_1,324,2996.2446621027043
SRCE_conventional_hydroelectric_1,325,4186.294449896639
SRCE_conventional_hydroelectric_1,326,4633.254623348996
SRCE_conventional_hydroelectric_1,327,2268.928805159816
SRCE_conventional_hydroelectric_1,328,2648.077478553538
SRCE_conventional_hydroelectric_1,329,2936.648903904449
SRCE_conventional_hydroelectric_1,330,3948.840548890891
SRCE_conventional_hydroelectric_1,331,3638.5061599769206
SRCE_conventional_hydroelectric_1,332,4190.651346967938
SRCE_conventional_hydroelectric_1,333,4069.1757141239323
SRCE_conventional_hydroelectric_1,334,3534.205980664198
SRCE_conventional_hydroelectric_1,335,1725.8437708940974
SRCE_conventional_hydroelectric_1,336,2946.509056856715
SRCE_conventional_hydroelectric_1,337,2446.710045192069
SRCE_conventional_hydroelectric_1,338,2479.522897453236
SRCE_conventional_hydroelectric_1,339,2698.5973361097585
SRCE_conventional_hydroelectric_1,340,3450.9868021604198
SRCE_conventional_hydroelectric_1,341,3307.3513868775985
SRCE_conventional_hydroelectric_1,342,2692.1388649500236
SRCE_conventional_hydroelectric_1,343,2246.1579875289094
SRCE_conventional_hydroelectric_1,344,3010.7593651615716
SRCE_conventional_hydroelectric_1,345,1655.727659729817
SRCE_conventional_hydroelectric_1,346,2934.2077905000046
SRCE_conventional_hydroelectric_1,347,2558.226782927005
SRCE_conventional_hydroelectric_1,348,3504.3728259208174
SRCE_conventional_hydroelectric_1,349,1744.6752963347208
SRCE_conventional_hydroelectric_1,350,3355.7487539382073
SRCE_conventional_hydroelectric_1,351,4018.847906590648
SRCE_conventional_hydroelectric_1,352,4394.247817627086
SRCE_conventional_hydroelectric_1,353,3526.8464561395604
SRCE_conventional_hydroelectric_1,354,2503.063748275873
SRCE_conventional_hydroelectric_1,355,4171.702927793111
SRCE_conventional_hydroelectric_1,356,3825.9908248940988
SRCE_conventional_hydroelectric_1,357,2898.810824894099
SRCE_conventional_hydroelectric_1,358,2157.8532667906125
SRCE_conventional_hydroelectric_1,359,3684.3301830490723
SRCE_conventional_hydroelectric_1,360,3342.353392095687
SRCE_conventional_hydroelectric_1,361,0.0
SRCE_conventional_hydroelectric_1,362,0.0
SRCE_conventional_hydroelectric_1,363,0.0
SRCE_conventional_hydroelectric_1,364,0.0
SRCE_conventional_hydroelectric_1,365,0.0
SRCE_conventional_hydroelectric_1,366,0.0
SRCE_conventional_hydroelectric_1,367,0.0
SRCE_conventional_hydroelectric_1,368,148.6452967028538
SRCE_conventional_hydroelectric_1,369,841.9688296790266
SRCE_conventional_hydroelectric_1,370,255.25782423221887
SRCE_conventional_hydroelectric_1,371,0.0
SRCE_conventional_hydroelectric_1,372,195.01937638734265
SRCE_conventional_hydroelectric_1,373,569.3803973011647
SRCE_conventional_hydroelectric_1,374,0.0
SRCE_conventional_hydroelectric_1,375,0.0
SRCE_conventional_hydroelectric_1,376,0.0
SRCE_conventional_hydroelectric_1,377,0.0
SRCE_conventional_hydroelectric_1,378,0.0
SRCE_conventional_hydroelectric_1,379,655.2185649644211
SRCE_conventional_hydroelectric_1,380,575.6384598838272
SRCE_conventional_hydroelectric_1,381,1003.2559116143455
SRCE_conventional_hydroelectric_1,382,1362.1808248940981
SRCE_conventional_hydroelectric_1,383,89.29887813704772
SRCE_conventional_hydroelectric_1,384,256.5154474399721
SRCE_conventional_hydroelectric_1,385,3502.4909361185155
SRCE_conventional_hydroelectric_1,386,3501.5197649065876
SRCE_conventional_hydroelectric_1,387,3499.5774224827337
SRCE_conventional_hydroelectric_1,388,3498.1206656648437
SRCE_conventional_hydroelectric_1,389,3496.6639088469524
SRCE_conventional_hydroelectric_1,390,3494.721566423099
SRCE_conventional_hydroelectric_1,391,4167.999384254887
SRCE_conventional_hydroelectric_1,392,3343.1627560844636
SRCE_conventional_hydroelectric_1,393,2648.3824662904
SRCE_conventional_hydroelectric_1,394,3233.6181315592808
SRCE_conventional_hydroelectric_1,395,3486.933613367645
SRCE_conventional_hydroelectric_1,396,3290.457480162412
SRCE_conventional_hydroelectric_1,397,2914.6397024307
SRCE_conventional_hydroelectric_1,398,3482.5633429139734
SRCE_conventional_hydroelectric_1,399,3481.0880027360463
SRCE_conventional_hydroelectric_1,400,3479.1456603121924
SRCE_conventional_hydroelectric_1,401,3477.6889034943015
SRCE_conventional_hydroelectric_1,402,3557.274851438601
SRCE_conventional_hydroelectric_1,403,2819.556824894099
SRCE_conventional_hydroelectric_1,404,2897.680173156803
SRCE_conventional_hydroelectric_1,405,2468.1203790024297
SRCE_conventional_hydroelectric_1,406,2107.738708904787
SRCE_conventional_hydroelectric_1,407,3379.1638988439468
SRCE_conventional_hydroelectric_1,408,3210.0049871171677
SRCE_conventional_hydroelectric_1,409,0.0
SRCE_conventional_hydroelectric_1,410,0.0
SRCE_conventional_hydroelectric_1,411,0.0
SRCE_conventional_hydroelectric_1,412,0.0
SRCE_conventional_hydroelectric_1,413,0.0
SRCE_conventional_hydroelectric_1,414,0.0
SRCE_conventional_hydroelectric_1,415,0.0
SRCE_conventional_hydroelectric_1,416,0.0
SRCE_conventional_hydroelectric_1,417,0.0
SRCE_conventional_hydroelectric_1,418,578.9988889056963
SRCE_conventional_hydroelectric_1,419,1653.5033860603128
SRCE_conventional_hydroelectric_1,420,1653.5033860603128
SRCE_conventional_hydroelectric_1,421,1653.5033860603128
SRCE_conventional_hydroelectric_1,422,1653.5033860603128
SRCE_conventional_hydroelectric_1,423,1653.5033860603128
SRCE_conventional_hydroelectric_1,424,1653.5033860603128
SRCE_conventional_hydroelectric_1,425,1653.5033860603128
SRCE_conventional_hydroelectric_1,426,1653.5033860603128
SRCE_conventional_hydroelectric_1,427,1653.5033860603128
SRCE_conventional_hydroelectric_1,428,1653.5033860603128
SRCE_conventional_hydroelectric_1,429,1653.5033860603128
SRCE_conventional_hydroelectric_1,430,1653.5033860603128
SRCE_conventional_hydroelectric_1,431,1653.5033860603128
SRCE_conventional_hydroelectric_1,432,1408.9045194477987
SRCE_conventional_hydroelectric_1,433,0.0
SRCE_conventional_hydroelectric_1,434,0.0
SRCE_conventional_hydroelectric_1,435,0.0
SRCE_conventional_hydroelectric_1,436,0.0
SRCE_conventional_hydroelectric_1,437,0.0
SRCE_conventional_hydroelectric_1,438,0.0
SRCE_conventional_hydroelectric_1,439,0.0
SRCE_conventional_hydroelectric_1,440,0.0
SRCE_conventional_hydroelectric_1,441,0.0
SRCE_conventional_hydroelectric_1,442,0.0
SRCE_conventional_hydroelectric_1,443,0.0
SRCE_conventional_hydroelectric_1,444,1693.8763217250007
SRCE_conventional_hydroelectric_1,445,1911.5420872378584
SRCE_conventional_hydroelectric_1,446,1950.3230939791865
SRCE_conventional_hydroelectric_1,447,1951.3128485511502
SRCE_conventional_hydroelectric_1,448,1952.2840197630774
SRCE_conventional_hydroelectric_1,449,1953.2737743350408
SRCE_conventional_hydroelectric_1,450,1210.8889752667612
SRCE_conventional_hydroelectric_1,451,969.2108982300988
SRCE_conventional_hydroelectric_1,452,970.2006528020627
SRCE_conventional_hydroelectric_1,453,971.1718240139896
SRCE_conventional_hydroelectric_1,454,0.0
SRCE_conventional_hydroelectric_1,455,0.0
SRCE_conventional_hydroelectric_1,456,0.0
SRCE_conventional_hydroelectric_1,457,570.1282644780972
SRCE_conventional_hydroelectric_1,458,571.1180190500604
SRCE_conventional_hydroelectric_1,459,572.1077736220245
SRCE_conventional_hydroelectric_1,460,573.0975281939877
SRCE_conventional_hydroelectric_1,461,574.0686994059151
SRCE_conventional_hydroelectric_1,462,575.0584539778788
SRCE_conventional_hydroelectric_1,463,576.048208549842
SRCE_conventional_hydroelectric_1,464,577.0379631218057
SRCE_conventional_hydroelectric_1,465,578.0277176937693
SRCE_conventional_hydroelectric_1,466,0.0
SRCE_conventional_hydroelectric_1,467,314.69678982868936
SRCE_conventional_hydroelectric_1,468,0.0
SRCE_conventional_hydroelectric_1,469,0.0
SRCE_conventional_hydroelectric_1,470,134.23995798307078
SRCE_conventional_hydroelectric_1,471,0.0
SRCE_conventional_hydroelectric_1,472,0.0
SRCE_conventional_hydroelectric_1,473,0.0
SRCE_conventional_hydroelectric_1,474,0.0
SRCE_conventional_hydroelectric_1,475,0.0
SRCE_conventional_hydroelectric_1,476,0.0
SRCE_conventional_hydroelectric_1,477,0.0
SRCE_conventional_hydroelectric_1,478,0.0
SRCE_conventional_hydroelectric_1,479,0.0
SRCE_conventional_hydroelectric_1,480,0.0
SRCE_conventional_hydroelectric_1,481,2034.8261875970802
SRCE_conventional_hydroelectric_1,482,2034.8261875970802
SRCE_conventional_hydroelectric_1,483,2034.8261875970802
SRCE_conventional_hydroelectric_1,484,2034.8261875970802
SRCE_conventional_hydroelectric_1,485,2034.8261875970802
SRCE_conventional_hydroelectric_1,486,2034.8261875970802
SRCE_conventional_hydroelectric_1,487,2034.8261875970802
SRCE_conventional_hydroelectric_1,488,2034.8261875970802
SRCE_conventional_hydroelectric_1,489,2034.8261875970802
SRCE_conventional_hydroelectric_1,490,2034.8261875970802
SRCE_conventional_hydroelectric_1,491,646.6146551857372
SRCE_conventional_hydroelectric_1,492,0.0
SRCE_conventional_hydroelectric_1,493,0.0
SRCE_conventional_hydroelectric_1,494,0.0
SRCE_conventional_hydroelectric_1,495,0.0
SRCE_conventional_hydroelectric_1,496,0.0
SRCE_conventional_hydroelectric_1,497,0.0
SRCE_conventional_hydroelectric_1,498,0.0
SRCE_conventional_hydroelectric_1,499,0.0
SRCE_conventional_hydroelectric_1,500,0.0
SRCE_conventional_hydroelectric_1,501,0.0
SRCE_conventional_hydroelectric_1,502,972.1615785859531
SRCE_conventional_hydroelectric_1,503,973.1513331579167
SRCE_conventional_hydroelectric_1,504,1219.2255399483583
SRCE_conventional_hydroelectric_1,505,3860.436392508422
SRCE_conventional_hydroelectric_1,506,3859.9879736225307
SRCE_conventional_hydroelectric_1,507,3859.5581380966764
SRCE_conventional_hydroelectric_1,508,4100.514445379089
SRCE_conventional_hydroelectric_1,509,4108.918067560762
SRCE_conventional_hydroelectric_1,510,3858.2686315191145
SRCE_conventional_hydroelectric_1,511,4103.097570494096
SRCE_conventional_hydroelectric_1,512,3857.408960467406
SRCE_conventional_hydroelectric_1,513,3856.9605415815154
SRCE_conventional_hydroelectric_1,514,3856.530706055661
SRCE_conventional_hydroelectric_1,515,3856.5864561357707
SRCE_conventional_hydroelectric_1,516,3124.581498471307
SRCE_conventional_hydroelectric_1,517,2907.4756520045585
SRCE_conventional_hydroelectric_1,518,2834.550461169914
SRCE_conventional_hydroelectric_1,519,2065.9939549502083
SRCE_conventional_hydroelectric_1,520,3214.9414408645375
SRCE_conventional_hydroelectric_1,521,2877.339268674017
SRCE_conventional_hydroelectric_1,522,3237.858824894098
SRCE_conventional_hydroelectric_1,523,3003.4016178444335
SRCE_conventional_hydroelectric_1,524,4234.654064920203
SRCE_conventional_hydroelectric_1,525,4243.07627046191
SRCE_conventional_hydroelectric_1,526,4251.49847600362
SRCE_conventional_hydroelectric_1,527,4258.912343613329
SRCE_conventional_hydroelectric_1,528,4419.76019732653
SRCE_conventional_hydroelectric_1,529,0.0
SRCE_conventional_hydroelectric_1,530,0.0
SRCE_conventional_hydroelectric_1,531,0.0
SRCE_conventional_hydroelectric_1,532,0.0
SRCE_conventional_hydroelectric_1,533,0.0
SRCE_conventional_hydroelectric_1,534,0.0
SRCE_conventional_hydroelectric_1,535,0.0
SRCE_conventional_hydroelectric_1,536,0.0
SRCE_conventional_hydroelectric_1,537,0.0
SRCE_conventional_hydroelectric_1,538,0.0
SRCE_conventional_hydroelectric_1,539,0.0
SRCE_conventional_hydroelectric_1,540,0.0
SRCE_conventional_hydroelectric_1,541,0.0
SRCE_conventional_hydroelectric_1,542,229.3437773482101
SRCE_conventional_hydroelectric_1,543,1140.5438637326579
SRCE_conventional_hydroelectric_1,544,0.0
SRCE_conventional_hydroelectric_1,545,119.63390393518816
SRCE_conventional_hydroelectric_1,546,737.3015806940995
SRCE_conventional_hydroelectric_1,547,1222.8488248940978
SRCE_conventional_hydroelectric_1,548,0.0
SRCE_conventional_hydroelectric_1,549,0.0
SRCE_conventional_hydroelectric_1,550,0.0
SRCE_conventional_hydroelectric_1,551,0.0
SRCE_conventional_hydroelectric_1,552,0.0
SRCE_conventional_hydroelectric_1,553,5036.046
SRCE_conventional_hydroelectric_1,554,5036.046
SRCE_conventional_hydroelectric_1,555,5036.046
SRCE_conventional_hydroelectric_1,556,5036.046
SRCE_conventional_hydroelectric_1,557,5036.046
SRCE_conventional_hydroelectric_1,558,2990.181860234373
SRCE_conventional_hydroelectric_1,559,2088.8063995544667
SRCE_conventional_hydroelectric_1,560,2700.883426523311
SRCE_conventional_hydroelectric_1,561,4562.317877089775
SRCE_conventional_hydroelectric_1,562,5036.046
SRCE_conventional_hydroelectric_1,563,5036.046
SRCE_conventional_hydroelectric_1,564,5036.046
SRCE_conventional_hydroelectric_1,565,5036.046
SRCE_conventional_hydroelectric_1,566,5036.046
SRCE_conventional_hydroelectric_1,567,5036.046
SRCE_conventional_hydroelectric_1,568,5036.046
SRCE_conventional_hydroelectric_1,569,5036.046
SRCE_conventional_hydroelectric_1,570,5036.046
SRCE_conventional_hydroelectric_1,571,5036.046
SRCE_conventional_hydroelectric_1,572,5036.046
SRCE_conventional_hydroelectric_1,573,5036.046
SRCE_conventional_hydroelectric_1,574,5036.046
SRCE_conventional_hydroelectric_1,575,5036.046
SRCE_conventional_hydroelectric_1,576,4883.6203518285065
SRSE_conventional_hydroelectric_1,1,3114.9208471439842
SRSE_conventional_hydroelectric_1,2,3149.3620368
SRSE_conventional_hydroelectric_1,3,3149.7495552
SRSE_conventional_hydroelectric_1,4,3150.137073600001
SRSE_conventional_hydroelectric_1,5,3150.5245920000007
SRSE_conventional_hydroelectric_1,6,3150.9121104000014
SRSE_conventional_hydroelectric_1,7,3150.9121104
SRSE_conventional_hydroelectric_1,8,3151.687147200001
SRSE_conventional_hydroelectric_1,9,3614.0832941736016
SRSE_conventional_hydroelectric_1,10,3875.1839999999993
SRSE_conventional_hydroelectric_1,11,3875.184
SRSE_conventional_hydroelectric_1,12,3875.1839999999993
SRSE_conventional_hydroelectric_1,13,3361.3766415594846
SRSE_conventional_hydroelectric_1,14,2837.041382400001
SRSE_conventional_hydroelectric_1,15,3611.3153510325133
SRSE_conventional_hydroelectric_1,16,2713.907021789131
SRSE_conventional_hydroelectric_1,17,3542.458199414402
SRSE_conventional_hydroelectric_1,18,3875.1839999999993
SRSE_conventional_hydroelectric_1,19,3875.184
SRSE_conventional_hydroelectric_1,20,3875.1839999999993
SRSE_conventional_hydroelectric_1,21,3875.184
SRSE_conventional_hydroelectric_1,22,3875.1839999999993
SRSE_conventional_hydroelectric_1,23,3875.184
SRSE_conventional_hydroelectric_1,24,3875.1839999999993
SRSE_conventional_hydroelectric_1,25,24.147599270414634
SRSE_conventional_hydroelectric_1,26,0.0
SRSE_conventional_hydroelectric_1,27,0.0
SRSE_conventional_hydroelectric_1,28,0.0
SRSE_conventional_hydroelectric_1,29,0.0
SRSE_conventional_hydroelectric_1,30,0.0
SRSE_conventional_hydroelectric_1,31,0.0
SRSE_conventional_hydroelectric_1,32,0.0
SRSE_conventional_hydroelectric_1,33,0.0
SRSE_conventional_hydroelectric_1,34,0.0
SRSE_conventional_hydroelectric_1,35,0.0
SRSE_conventional_hydroelectric_1,36,0.0
SRSE_conventional_hydroelectric_1,37,0.0
SRSE_conventional_hydroelectric_1,38,0.0
SRSE_conventional_hydroelectric_1,39,0.0
SRSE_conventional_hydroelectric_1,40,0.0
SRSE_conventional_hydroelectric_1,41,0.0
SRSE_conventional_hydroelectric_1,42,0.0
SRSE_conventional_hydroelectric_1,43,0.0
SRSE_conventional_hydroelectric_1,44,0.0
SRSE_conventional_hydroelectric_1,45,0.0
SRSE_conventional_hydroelectric_1,46,0.0
SRSE_conventional_hydroelectric_1,47,0.0
SRSE_conventional_hydroelectric_1,48,0.0
SRSE_conventional_hydroelectric_1,49,3875.184
SRSE_conventional_hydroelectric_1,50,3875.1839999999993
SRSE_conventional_hydroelectric_1,51,3875.184
SRSE_conventional_hydroelectric_1,52,3875.1839999999993
SRSE_conventional_hydroelectric_1,53,3875.184
SRSE_conventional_hydroelectric_1,54,3875.1839999999993
SRSE_conventional_hydroelectric_1,55,3875.184
SRSE_conventional_hydroelectric_1,56,3875.1839999999993
SRSE_conventional_hydroelectric_1,57,3412.7878530263984
SRSE_conventional_hydroelectric_1,58,2751.7971758399144
SRSE_conventional_hydroelectric_1,59,2012.3830512000002
SRSE_conventional_hydroelectric_1,60,1497.7389363456866
SRSE_conventional_hydroelectric_1,61,1093.9644432
SRSE_conventional_hydroelectric_1,62,1092.801888
SRSE_conventional_hydroelectric_1,63,1092.4143695999996
SRSE_conventional_hydroelectric_1,64,673.2297805892081
SRSE_conventional_hydroelectric_1,65,1070.8267379856018
SRSE_conventional_hydroelectric_1,66,1090.0892591999998
SRSE_conventional_hydroelectric_1,67,1989.1319472000002
SRSE_conventional_hydroelectric_1,68,1805.5236191855945
SRSE_conventional_hydroelectric_1,69,1998.8199072
SRSE_conventional_hydroelectric_1,70,1997.6573520000002
SRSE_conventional_hydroelectric_1,71,1526.5026191856011
SRSE_conventional_hydroelectric_1,72,1994.9447232
SRSE_conventional_hydroelectric_1,73,0.0
SRSE_conventional_hydroelectric_1,74,0.0
SRSE_conventional_hydroelectric_1,75,0.0
SRSE_conventional_hydroelectric_1,76,0.0
SRSE_conventional_hydroelectric_1,77,0.0
SRSE_conventional_hydroelectric_1,78,392.5255800000016
SRSE_conventional_hydroelectric_1,79,0.0
SRSE_conventional_hydroelectric_1,80,0.0
SRSE_conventional_hydroelectric_1,81,63.27686280000239
SRSE_conventional_hydroelectric_1,82,372.0176640000002
SRSE_conventional_hydroelectric_1,83,223.13824125442306
SRSE_conventional_hydroelectric_1,84,0.0
SRSE_conventional_hydroelectric_1,85,0.0
SRSE_conventional_hydroelectric_1,86,0.0
SRSE_conventional_hydroelectric_1,87,0.0
SRSE_conventional_hydroelectric_1,88,0.0
SRSE_conventional_hydroelectric_1,89,0.0
SRSE_conventional_hydroelectric_1,90,0.0
SRSE_conventional_hydroelectric_1,91,0.0
SRSE_conventional_hydroelectric_1,92,0.0
SRSE_conventional_hydroelectric_1,93,0.0
SRSE_conventional_hydroelectric_1,94,0.0
SRSE_conventional_hydroelectric_1,95,0.0
SRSE_conventional_hydroelectric_1,96,0.0
SRSE_conventional_hydroelectric_1,97,150.39327553152225
SRSE_conventional_hydroelectric_1,98,11.625552000000198
SRSE_conventional_hydroelectric_1,99,26.305922399998508
SRSE_conventional_hydroelectric_1,100,1157.9049792
SRSE_conventional_hydroelectric_1,101,1121.1952200000012
SRSE_conventional_hydroelectric_1,102,1506.3145799999984
SRSE_conventional_hydroelectric_1,103,1562.0866704000002
SRSE_conventional_hydroelectric_1,104,374.73029280000014
SRSE_conventional_hydroelectric_1,105,310.29087479999777
SRSE_conventional_hydroelectric_1,106,0.0
SRSE_conventional_hydroelectric_1,107,0.0
SRSE_conventional_hydroelectric_1,108,0.0
SRSE_conventional_hydroelectric_1,109,0.0
SRSE_conventional_hydroelectric_1,110,0.0
SRSE_conventional_hydroelectric_1,111,0.0
SRSE_conventional_hydroelectric_1,112,0.0
SRSE_conventional_hydroelectric_1,113,0.0
SRSE_conventional_hydroelectric_1,114,0.0
SRSE_conventional_hydroelectric_1,115,0.0
SRSE_conventional_hydroelectric_1,116,0.0
SRSE_conventional_hydroelectric_1,117,0.0
SRSE_conventional_hydroelectric_1,118,0.0
SRSE_conventional_hydroelectric_1,119,735.3717384143977
SRSE_conventional_hydroelectric_1,120,352.2542256000006
SRSE_conventional_hydroelectric_1,121,234.41249566847844
SRSE_conventional_hydroelectric_1,122,0.0
SRSE_conventional_hydroelectric_1,123,0.0
SRSE_conventional_hydroelectric_1,124,0.0
SRSE_conventional_hydroelectric_1,125,0.0
SRSE_conventional_hydroelectric_1,126,0.0
SRSE_conventional_hydroelectric_1,127,0.0
SRSE_conventional_hydroelectric_1,128,0.0
SRSE_conventional_hydroelectric_1,129,0.0
SRSE_conventional_hydroelectric_1,130,0.0
SRSE_conventional_hydroelectric_1,131,0.0
SRSE_conventional_hydroelectric_1,132,0.0
SRSE_conventional_hydroelectric_1,133,0.0
SRSE_conventional_hydroelectric_1,134,0.0
SRSE_conventional_hydroelectric_1,135,0.0
SRSE_conventional_hydroelectric_1,136,1057.1501951999999
SRSE_conventional_hydroelectric_1,137,20.0375580143982
SRSE_conventional_hydroelectric_1,138,0.0
SRSE_conventional_hydroelectric_1,139,0.0
SRSE_conventional_hydroelectric_1,140,0.0
SRSE_conventional_hydroelectric_1,141,0.0
SRSE_conventional_hydroelectric_1,142,0.0
SRSE_conventional_hydroelectric_1,143,0.0
SRSE_conventional_hydroelectric_1,144,0.0
SRSE_conventional_hydroelectric_1,145,0.0
SRSE_conventional_hydroelectric_1,146,0.0
SRSE_conventional_hydroelectric_1,147,0.0
SRSE_conventional_hydroelectric_1,148,0.0
SRSE_conventional_hydroelectric_1,149,0.0
SRSE_conventional_hydroelectric_1,150,0.0
SRSE_conventional_hydroelectric_1,151,0.0
SRSE_conventional_hydroelectric_1,152,0.0
SRSE_conventional_hydroelectric_1,153,0.0
SRSE_conventional_hydroelectric_1,154,0.0
SRSE_conventional_hydroelectric_1,155,0.0
SRSE_conventional_hydroelectric_1,156,510.76893085431357
SRSE_conventional_hydroelectric_1,157,911.8307952000005
SRSE_conventional_hydroelectric_1,158,909.8932032000002
SRSE_conventional_hydroelectric_1,159,907.9556112
SRSE_conventional_hydroelectric_1,160,906.0180191999998
SRSE_conventional_hydroelectric_1,161,904.0804271999996
SRSE_conventional_hydroelectric_1,162,902.1428352000003
SRSE_conventional_hydroelectric_1,163,0.0
SRSE_conventional_hydroelectric_1,164,181.28321761440566
SRSE_conventional_hydroelectric_1,165,0.0
SRSE_conventional_hydroelectric_1,166,105.80803741256295
SRSE_conventional_hydroelectric_1,167,88.03722000000154
SRSE_conventional_hydroelectric_1,168,0.0
SRSE_conventional_hydroelectric_1,169,0.0
SRSE_conventional_hydroelectric_1,170,0.0
SRSE_conventional_hydroelectric_1,171,0.0
SRSE_conventional_hydroelectric_1,172,0.0
SRSE_conventional_hydroelectric_1,173,0.0
SRSE_conventional_hydroelectric_1,174,0.0
SRSE_conventional_hydroelectric_1,175,0.0
SRSE_conventional_hydroelectric_1,176,0.0
SRSE_conventional_hydroelectric_1,177,0.0
SRSE_conventional_hydroelectric_1,178,0.0
SRSE_conventional_hydroelectric_1,179,0.0
SRSE_conventional_hydroelectric_1,180,0.0
SRSE_conventional_hydroelectric_1,181,0.0
SRSE_conventional_hydroelectric_1,182,0.0
SRSE_conventional_hydroelectric_1,183,0.0
SRSE_conventional_hydroelectric_1,184,0.0
SRSE_conventional_hydroelectric_1,185,0.0
SRSE_conventional_hydroelectric_1,186,0.0
SRSE_conventional_hydroelectric_1,187,0.0
SRSE_conventional_hydroelectric_1,188,0.0
SRSE_conventional_hydroelectric_1,189,0.0
SRSE_conventional_hydroelectric_1,190,0.0
SRSE_conventional_hydroelectric_1,191,0.0
SRSE_conventional_hydroelectric_1,192,0.0
SRSE_conventional_hydroelectric_1,193,0.0
SRSE_conventional_hydroelectric_1,194,371.6301456000001
SRSE_conventional_hydroelectric_1,195,355.7872200000015
SRSE_conventional_hydroelectric_1,196,0.0
SRSE_conventional_hydroelectric_1,197,0.0
SRSE_conventional_hydroelectric_1,198,0.0
SRSE_conventional_hydroelectric_1,199,0.0
SRSE_conventional_hydroelectric_1,200,0.0
SRSE_conventional_hydroelectric_1,201,0.0
SRSE_conventional_hydroelectric_1,202,0.0
SRSE_conventional_hydroelectric_1,203,147.32934914557697
SRSE_conventional_hydroelectric_1,204,371.6301456000001
SRSE_conventional_hydroelectric_1,205,371.6301456000001
SRSE_conventional_hydroelectric_1,206,371.6301456000001
SRSE_conventional_hydroelectric_1,207,371.6301456000001
SRSE_conventional_hydroelectric_1,208,371.6301456000001
SRSE_conventional_hydroelectric_1,209,371.6301456000001
SRSE_conventional_hydroelectric_1,210,371.6301456000001
SRSE_conventional_hydroelectric_1,211,371.6301456000001
SRSE_conventional_hydroelectric_1,212,371.6301456000001
SRSE_conventional_hydroelectric_1,213,356.51692800000046
SRSE_conventional_hydroelectric_1,214,249.15881698743775
SRSE_conventional_hydroelectric_1,215,0.0
SRSE_conventional_hydroelectric_1,216,0.0
SRSE_conventional_hydroelectric_1,217,381.3181056000003
SRSE_conventional_hydroelectric_1,218,381.3181056000003
SRSE_conventional_hydroelectric_1,219,381.3181056000003
SRSE_conventional_hydroelectric_1,220,0.0
SRSE_conventional_hydroelectric_1,221,0.0
SRSE_conventional_hydroelectric_1,222,0.0
SRSE_conventional_hydroelectric_1,223,0.0
SRSE_conventional_hydroelectric_1,224,777.7494288000003
SRSE_conventional_hydroelectric_1,225,381.70562400000017
SRSE_conventional_hydroelectric_1,226,564.3402503855992
SRSE_conventional_hydroelectric_1,227,394.16655118560016
SRSE_conventional_hydroelectric_1,228,658.5328548674865
SRSE_conventional_hydroelectric_1,229,382.09314240000003
SRSE_conventional_hydroelectric_1,230,382.09314240000003
SRSE_conventional_hydroelectric_1,231,382.09314240000003
SRSE_conventional_hydroelectric_1,232,382.09314240000003
SRSE_conventional_hydroelectric_1,233,382.4806607999999
SRSE_conventional_hydroelectric_1,234,382.4806607999999
SRSE_conventional_hydroelectric_1,235,382.4806607999999
SRSE_conventional_hydroelectric_1,236,561.1979295891325
SRSE_conventional_hydroelectric_1,237,597.05311496786
SRSE_conventional_hydroelectric_1,238,778.9119839999998
SRSE_conventional_hydroelectric_1,239,778.9119839999998
SRSE_conventional_hydroelectric_1,240,382.86817919999976
SRSE_conventional_hydroelectric_1,241,396.04380479999963
SRSE_conventional_hydroelectric_1,242,396.04380479999963
SRSE_conventional_hydroelectric_1,243,396.04380479999963
SRSE_conventional_hydroelectric_1,244,0.0
SRSE_conventional_hydroelectric_1,245,35.547203999999056
SRSE_conventional_hydroelectric_1,246,0.0
SRSE_conventional_hydroelectric_1,247,0.0
SRSE_conventional_hydroelectric_1,248,0.0
SRSE_conventional_hydroelectric_1,249,396.04380479999963
SRSE_conventional_hydroelectric_1,250,213.40917841440114
SRSE_conventional_hydroelectric_1,251,383.9703960144002
SRSE_conventional_hydroelectric_1,252,119.60409233251369
SRSE_conventional_hydroelectric_1,253,396.04380479999963
SRSE_conventional_hydroelectric_1,254,396.04380479999963
SRSE_conventional_hydroelectric_1,255,396.04380479999963
SRSE_conventional_hydroelectric_1,256,396.04380479999963
SRSE_conventional_hydroelectric_1,257,396.04380479999963
SRSE_conventional_hydroelectric_1,258,396.04380479999963
SRSE_conventional_hydroelectric_1,259,396.04380479999963
SRSE_conventional_hydroelectric_1,260,217.32653601086758
SRSE_conventional_hydroelectric_1,261,181.4713506321401
SRSE_conventional_hydroelectric_1,262,0.0
SRSE_conventional_hydroelectric_1,263,0.0
SRSE_conventional_hydroelectric_1,264,396.04380479999963
SRSE_conventional_hydroelectric_1,265,407.66935680000006
SRSE_conventional_hydroelectric_1,266,408.0568751999999
SRSE_conventional_hydroelectric_1,267,408.0568751999999
SRSE_conventional_hydroelectric_1,268,408.0568751999999
SRSE_conventional_hydroelectric_1,269,408.0568751999999
SRSE_conventional_hydroelectric_1,270,0.0
SRSE_conventional_hydroelectric_1,271,0.0
SRSE_conventional_hydroelectric_1,272,408.4443935999998
SRSE_conventional_hydroelectric_1,273,536.4114144935315
SRSE_conventional_hydroelectric_1,274,408.4443935999998
SRSE_conventional_hydroelectric_1,275,830.8394495999996
SRSE_conventional_hydroelectric_1,276,408.4443935999998
SRSE_conventional_hydroelectric_1,277,408.83191199999965
SRSE_conventional_hydroelectric_1,278,678.7649983453217
SRSE_conventional_hydroelectric_1,279,1896.726742139399
SRSE_conventional_hydroelectric_1,280,2327.380643189138
SRSE_conventional_hydroelectric_1,281,1393.7740811038852
SRSE_conventional_hydroelectric_1,282,2040.3131646169156
SRSE_conventional_hydroelectric_1,283,3369.814859789132
SRSE_conventional_hydroelectric_1,284,3649.259128024074
SRSE_conventional_hydroelectric_1,285,2034.6899295891276
SRSE_conventional_hydroelectric_1,286,2882.819929589133
SRSE_conventional_hydroelectric_1,287,2223.2288064144054
SRSE_conventional_hydroelectric_1,288,3349.107798944484
SRSE_conventional_hydroelectric_1,289,1198.6746191856005
SRSE_conventional_hydroelectric_1,290,422.3950560000003
SRSE_conventional_hydroelectric_1,291,422.3950560000003
SRSE_conventional_hydroelectric_1,292,710.1071903999959
SRSE_conventional_hydroelectric_1,293,422.3950560000003
SRSE_conventional_hydroelectric_1,294,2071.51691263496
SRSE_conventional_hydroelectric_1,295,749.5868363856003
SRSE_conventional_hydroelectric_1,296,1236.3775319855993
SRSE_conventional_hydroelectric_1,297,294.4280351064681
SRSE_conventional_hydroelectric_1,298,606.2926257668662
SRSE_conventional_hydroelectric_1,299,0.0
SRSE_conventional_hydroelectric_1,300,1952.5015889538524
SRSE_conventional_hydroelectric_1,301,422.3950560000003
SRSE_conventional_hydroelectric_1,302,152.4619696546779
SRSE_conventional_hydroelectric_1,303,1.669116389123119
SRSE_conventional_hydroelectric_1,304,83.9327487891353
SRSE_conventional_hydroelectric_1,305,870.6089523891271
SRSE_conventional_hydroelectric_1,306,1194.2977005891375
SRSE_conventional_hydroelectric_1,307,426.3035313891369
SRSE_conventional_hydroelectric_1,308,0.0
SRSE_conventional_hydroelectric_1,309,0.0
SRSE_conventional_hydroelectric_1,310,0.0
SRSE_conventional_hydroelectric_1,311,0.0
SRSE_conventional_hydroelectric_1,312,0.0
SRSE_conventional_hydroelectric_1,313,3535.6376736144002
SRSE_conventional_hydroelectric_1,314,2007.9426191856012
SRSE_conventional_hydroelectric_1,315,3526.9883543999986
SRSE_conventional_hydroelectric_1,316,3601.3762200000024
SRSE_conventional_hydroelectric_1,317,2313.8462520569988
SRSE_conventional_hydroelectric_1,318,1874.1716591856002
SRSE_conventional_hydroelectric_1,319,2392.9503401856005
SRSE_conventional_hydroelectric_1,320,2504.3562293856
SRSE_conventional_hydroelectric_1,321,3095.2147908143997
SRSE_conventional_hydroelectric_1,322,3151.432662585585
SRSE_conventional_hydroelectric_1,323,3169.622594010875
SRSE_conventional_hydroelectric_1,324,812.7798312024188
SRSE_conventional_hydroelectric_1,325,2445.047914414742
SRSE_conventional_hydroelectric_1,326,3875.1839999999993
SRSE_conventional_hydroelectric_1,327,3247.4609750714776
SRSE_conventional_hydroelectric_1,328,2734.5434416217267
SRSE_conventional_hydroelectric_1,329,2881.8613185069876
SRSE_conventional_hydroelectric_1,330,1912.0210051939473
SRSE_conventional_hydroelectric_1,331,1350.9009976217321
SRSE_conventional_hydroelectric_1,332,1497.7602607759268
SRSE_conventional_hydroelectric_1,333,906.6589058200927
SRSE_conventional_hydroelectric_1,334,2264.5869776108675
SRSE_conventional_hydroelectric_1,335,2924.565619185595
SRSE_conventional_hydroelectric_1,336,1799.074145055517
SRSE_conventional_hydroelectric_1,337,469.6723008
SRSE_conventional_hydroelectric_1,338,2773.646918414399
SRSE_conventional_hydroelectric_1,339,1255.3762200000024
SRSE_conventional_hydroelectric_1,340,893.2762200000024
SRSE_conventional_hydroelectric_1,341,2469.293359143002
SRSE_conventional_hydroelectric_1,342,761.8636991856005
SRSE_conventional_hydroelectric_1,343,1057.9946279856008
SRSE_conventional_hydroelectric_1,344,813.2215253856026
SRSE_conventional_hydroelectric_1,345,1689.4748939856008
SRSE_conventional_hydroelectric_1,346,1449.3594524475495
SRSE_conventional_hydroelectric_1,347,1615.8421275891253
SRSE_conventional_hydroelectric_1,348,2442.578357443729
SRSE_conventional_hydroelectric_1,349,2341.191843985258
SRSE_conventional_hydroelectric_1,350,911.0557584000009
SRSE_conventional_hydroelectric_1,351,472.3849296
SRSE_conventional_hydroelectric_1,352,472.3849296
SRSE_conventional_hydroelectric_1,353,472.772448
SRSE_conventional_hydroelectric_1,354,472.772448
SRSE_conventional_hydroelectric_1,355,473.15996640000003
SRSE_conventional_hydroelectric_1,356,473.15996640000003
SRSE_conventional_hydroelectric_1,357,2251.895951269592
SRSE_conventional_hydroelectric_1,358,473.54748480000006
SRSE_conventional_hydroelectric_1,359,473.9350032000001
SRSE_conventional_hydroelectric_1,360,473.9350032000001
SRSE_conventional_hydroelectric_1,361,0.0
SRSE_conventional_hydroelectric_1,362,0.0
SRSE_conventional_hydroelectric_1,363,0.0
SRSE_conventional_hydroelectric_1,364,0.0
SRSE_conventional_hydroelectric_1,365,0.0
SRSE_conventional_hydroelectric_1,366,652.2147193938392
SRSE_conventional_hydroelectric_1,367,0.0
SRSE_conventional_hydroelectric_1,368,0.0
SRSE_conventional_hydroelectric_1,369,0.0
SRSE_conventional_hydroelectric_1,370,0.0
SRSE_conventional_hydroelectric_1,371,0.0
SRSE_conventional_hydroelectric_1,372,0.0
SRSE_conventional_hydroelectric_1,373,0.0
SRSE_conventional_hydroelectric_1,374,489.4357392
SRSE_conventional_hydroelectric_1,375,455.86529223625604
SRSE_conventional_hydroelectric_1,376,489.4357392
SRSE_conventional_hydroelectric_1,377,489.4357392
SRSE_conventional_hydroelectric_1,378,0.0
SRSE_conventional_hydroelectric_1,379,0.0
SRSE_conventional_hydroelectric_1,380,489.0482208000001
SRSE_conventional_hydroelectric_1,381,916.7578261211881
SRSE_conventional_hydroelectric_1,382,0.0
SRSE_conventional_hydroelectric_1,383,0.0
SRSE_conventional_hydroelectric_1,384,47.66908066048433
SRSE_conventional_hydroelectric_1,385,490.21077600000024
SRSE_conventional_hydroelectric_1,386,0.0
SRSE_conventional_hydroelectric_1,387,0.0
SRSE_conventional_hydroelectric_1,388,0.0
SRSE_conventional_hydroelectric_1,389,0.0
SRSE_conventional_hydroelectric_1,390,0.0
SRSE_conventional_hydroelectric_1,391,197.41451704319888
SRSE_conventional_hydroelectric_1,392,79.25033338559872
SRSE_conventional_hydroelectric_1,393,494.86099679999984
SRSE_conventional_hydroelectric_1,394,495.6360335999997
SRSE_conventional_hydroelectric_1,395,974.2212576
SRSE_conventional_hydroelectric_1,396,974.2212576
SRSE_conventional_hydroelectric_1,397,974.2212576
SRSE_conventional_hydroelectric_1,398,484.7855184
SRSE_conventional_hydroelectric_1,399,518.355965363744
SRSE_conventional_hydroelectric_1,400,484.7855184
SRSE_conventional_hydroelectric_1,401,484.398
SRSE_conventional_hydroelectric_1,402,973.4462208000001
SRSE_conventional_hydroelectric_1,403,973.4462208000001
SRSE_conventional_hydroelectric_1,404,484.398
SRSE_conventional_hydroelectric_1,405,484.398
SRSE_conventional_hydroelectric_1,406,973.4462208000001
SRSE_conventional_hydroelectric_1,407,973.4462208000001
SRSE_conventional_hydroelectric_1,408,457.2673945395155
SRSE_conventional_hydroelectric_1,409,0.0
SRSE_conventional_hydroelectric_1,410,0.0
SRSE_conventional_hydroelectric_1,411,0.0
SRSE_conventional_hydroelectric_1,412,0.0
SRSE_conventional_hydroelectric_1,413,0.0
SRSE_conventional_hydroelectric_1,414,0.0
SRSE_conventional_hydroelectric_1,415,0.0
SRSE_conventional_hydroelectric_1,416,0.0
SRSE_conventional_hydroelectric_1,417,0.0
SRSE_conventional_hydroelectric_1,418,0.0
SRSE_conventional_hydroelectric_1,419,0.0
SRSE_conventional_hydroelectric_1,420,483.23544480000004
SRSE_conventional_hydroelectric_1,421,0.0
SRSE_conventional_hydroelectric_1,422,339.27306574974324
SRSE_conventional_hydroelectric_1,423,483.23544480000004
SRSE_conventional_hydroelectric_1,424,483.23544480000004
SRSE_conventional_hydroelectric_1,425,483.23544480000004
SRSE_conventional_hydroelectric_1,426,483.23544480000004
SRSE_conventional_hydroelectric_1,427,483.23544480000004
SRSE_conventional_hydroelectric_1,428,0.0
SRSE_conventional_hydroelectric_1,429,0.0
SRSE_conventional_hydroelectric_1,430,0.0
SRSE_conventional_hydroelectric_1,431,0.0
SRSE_conventional_hydroelectric_1,432,0.0
SRSE_conventional_hydroelectric_1,433,0.0
SRSE_conventional_hydroelectric_1,434,0.0
SRSE_conventional_hydroelectric_1,435,0.0
SRSE_conventional_hydroelectric_1,436,0.0
SRSE_conventional_hydroelectric_1,437,0.0
SRSE_conventional_hydroelectric_1,438,0.0
SRSE_conventional_hydroelectric_1,439,0.0
SRSE_conventional_hydroelectric_1,440,0.0
SRSE_conventional_hydroelectric_1,441,0.0
SRSE_conventional_hydroelectric_1,442,0.0
SRSE_conventional_hydroelectric_1,443,0.0
SRSE_conventional_hydroelectric_1,444,0.0
SRSE_conventional_hydroelectric_1,445,158.2598996405139
SRSE_conventional_hydroelectric_1,446,683.0004734502569
SRSE_conventional_hydroelectric_1,447,539.0380944000001
SRSE_conventional_hydroelectric_1,448,539.4256128000001
SRSE_conventional_hydroelectric_1,449,539.4256128000001
SRSE_conventional_hydroelectric_1,450,0.0
SRSE_conventional_hydroelectric_1,451,0.0
SRSE_conventional_hydroelectric_1,452,0.0
SRSE_conventional_hydroelectric_1,453,0.0
SRSE_conventional_hydroelectric_1,454,0.0
SRSE_conventional_hydroelectric_1,455,0.0
SRSE_conventional_hydroelectric_1,456,0.0
SRSE_conventional_hydroelectric_1,457,0.0
SRSE_conventional_hydroelectric_1,458,0.0
SRSE_conventional_hydroelectric_1,459,0.0
SRSE_conventional_hydroelectric_1,460,0.0
SRSE_conventional_hydroelectric_1,461,0.0
SRSE_conventional_hydroelectric_1,462,0.0
SRSE_conventional_hydroelectric_1,463,0.0
SRSE_conventional_hydroelectric_1,464,0.0
SRSE_conventional_hydroelectric_1,465,0.0
SRSE_conventional_hydroelectric_1,466,0.0
SRSE_conventional_hydroelectric_1,467,0.0
SRSE_conventional_hydroelectric_1,468,0.0
SRSE_conventional_hydroelectric_1,469,0.0
SRSE_conventional_hydroelectric_1,470,0.0
SRSE_conventional_hydroelectric_1,471,0.0
SRSE_conventional_hydroelectric_1,472,0.0
SRSE_conventional_hydroelectric_1,473,0.0
SRSE_conventional_hydroelectric_1,474,0.0
SRSE_conventional_hydroelectric_1,475,0.0
SRSE_conventional_hydroelectric_1,476,0.0
SRSE_conventional_hydroelectric_1,477,0.0
SRSE_conventional_hydroelectric_1,478,0.0
SRSE_conventional_hydroelectric_1,479,0.0
SRSE_conventional_hydroelectric_1,480,0.0
SRSE_conventional_hydroelectric_1,481,0.0
SRSE_conventional_hydroelectric_1,482,0.0
SRSE_conventional_hydroelectric_1,483,0.0
SRSE_conventional_hydroelectric_1,484,0.0
SRSE_conventional_hydroelectric_1,485,0.0
SRSE_conventional_hydroelectric_1,486,0.0
SRSE_conventional_hydroelectric_1,487,0.0
SRSE_conventional_hydroelectric_1,488,0.0
SRSE_conventional_hydroelectric_1,489,0.0
SRSE_conventional_hydroelectric_1,490,0.0
SRSE_conventional_hydroelectric_1,491,0.0
SRSE_conventional_hydroelectric_1,492,0.0
SRSE_conventional_hydroelectric_1,493,0.0
SRSE_conventional_hydroelectric_1,494,0.0
SRSE_conventional_hydroelectric_1,495,0.0
SRSE_conventional_hydroelectric_1,496,0.0
SRSE_conventional_hydroelectric_1,497,0.0
SRSE_conventional_hydroelectric_1,498,0.0
SRSE_conventional_hydroelectric_1,499,0.0
SRSE_conventional_hydroelectric_1,500,0.0
SRSE_conventional_hydroelectric_1,501,0.0
SRSE_conventional_hydroelectric_1,502,0.0
SRSE_conventional_hydroelectric_1,503,0.0
SRSE_conventional_hydroelectric_1,504,0.0
SRSE_conventional_hydroelectric_1,505,0.0
SRSE_conventional_hydroelectric_1,506,0.0
SRSE_conventional_hydroelectric_1,507,0.0
SRSE_conventional_hydroelectric_1,508,492.14836799999966
SRSE_conventional_hydroelectric_1,509,294.9094101616232
SRSE_conventional_hydroelectric_1,510,3.487665599999673
SRSE_conventional_hydroelectric_1,511,1301.6743056000005
SRSE_conventional_hydroelectric_1,512,1067.1900438576
SRSE_conventional_hydroelectric_1,513,0.0
SRSE_conventional_hydroelectric_1,514,0.0
SRSE_conventional_hydroelectric_1,515,0.0
SRSE_conventional_hydroelectric_1,516,0.0
SRSE_conventional_hydroelectric_1,517,0.0
SRSE_conventional_hydroelectric_1,518,0.0
SRSE_conventional_hydroelectric_1,519,0.0
SRSE_conventional_hydroelectric_1,520,0.0
SRSE_conventional_hydroelectric_1,521,0.0
SRSE_conventional_hydroelectric_1,522,0.0
SRSE_conventional_hydroelectric_1,523,0.0
SRSE_conventional_hydroelectric_1,524,0.0
SRSE_conventional_hydroelectric_1,525,0.0
SRSE_conventional_hydroelectric_1,526,0.0
SRSE_conventional_hydroelectric_1,527,0.0
SRSE_conventional_hydroelectric_1,528,0.0
SRSE_conventional_hydroelectric_1,529,0.0
SRSE_conventional_hydroelectric_1,530,490.59829439999976
SRSE_conventional_hydroelectric_1,531,491.7608495999998
SRSE_conventional_hydroelectric_1,532,0.0
SRSE_conventional_hydroelectric_1,533,197.2389578383768
SRSE_conventional_hydroelectric_1,534,0.0
SRSE_conventional_hydroelectric_1,535,0.0
SRSE_conventional_hydroelectric_1,536,0.0
SRSE_conventional_hydroelectric_1,537,0.0
SRSE_conventional_hydroelectric_1,538,0.0
SRSE_conventional_hydroelectric_1,539,0.0
SRSE_conventional_hydroelectric_1,540,0.0
SRSE_conventional_hydroelectric_1,541,0.0
SRSE_conventional_hydroelectric_1,542,0.0
SRSE_conventional_hydroelectric_1,543,0.0
SRSE_conventional_hydroelectric_1,544,115.9829386035391
SRSE_conventional_hydroelectric_1,545,0.0
SRSE_conventional_hydroelectric_1,546,0.0
SRSE_conventional_hydroelectric_1,547,0.0
SRSE_conventional_hydroelectric_1,548,0.0
SRSE_conventional_hydroelectric_1,549,0.0
SRSE_conventional_hydroelectric_1,550,0.0
SRSE_conventional_hydroelectric_1,551,0.0
SRSE_conventional_hydroelectric_1,552,0.0
SRSE_conventional_hydroelectric_1,553,884.9226191856012
SRSE_conventional_hydroelectric_1,554,876.5666208000002
SRSE_conventional_hydroelectric_1,555,878.5042128
SRSE_conventional_hydroelectric_1,556,880.0542863999999
SRSE_conventional_hydroelectric_1,557,881.9918784000001
SRSE_conventional_hydroelectric_1,558,883.541952
SRSE_conventional_hydroelectric_1,559,885.4795439999998
SRSE_conventional_hydroelectric_1,560,887.0296176000002
SRSE_conventional_hydroelectric_1,561,888.9672095999999
SRSE_conventional_hydroelectric_1,562,1291.1822913600868
SRSE_conventional_hydroelectric_1,563,1554.7238208000008
SRSE_conventional_hydroelectric_1,564,1076.1385968000013
SRSE_conventional_hydroelectric_1,565,1918.4091660000013
SRSE_conventional_hydroelectric_1,566,1583.3810063999995
SRSE_conventional_hydroelectric_1,567,812.9822217674873
SRSE_conventional_hydroelectric_1,568,959.154635018123
SRSE_conventional_hydroelectric_1,569,889.5897413855988
SRSE_conventional_hydroelectric_1,570,1100.9397744000012
SRSE_conventional_hydroelectric_1,571,1104.8149584000003
SRSE_conventional_hydroelectric_1,572,1592.313105600001
SRSE_conventional_hydroelectric_1,573,1596.575808
SRSE_conventional_hydroelectric_1,574,1600.450992000001
SRSE_conventional_hydroelectric_1,575,1604.7136944000003
SRSE_conventional_hydroelectric_1,576,2077.4861424000014
SRSG_conventional_hydroelectric_1,1,0.0
SRSG_conventional_hydroelectric_1,2,0.0
SRSG_conventional_hydroelectric_1,3,0.0
SRSG_conventional_hydroelectric_1,4,0.0
SRSG_conventional_hydroelectric_1,5,0.0
SRSG_conventional_hydroelectric_1,6,0.0
SRSG_conventional_hydroelectric_1,7,0.0
SRSG_conventional_hydroelectric_1,8,0.0
SRSG_conventional_hydroelectric_1,9,0.0
SRSG_conventional_hydroelectric_1,10,0.0
SRSG_conventional_hydroelectric_1,11,0.0
SRSG_conventional_hydroelectric_1,12,60.28994992487853
SRSG_conventional_hydroelectric_1,13,0.0
SRSG_conventional_hydroelectric_1,14,0.0
SRSG_conventional_hydroelectric_1,15,0.0
SRSG_conventional_hydroelectric_1,16,0.0
SRSG_conventional_hydroelectric_1,17,6.591834322651435
SRSG_conventional_hydroelectric_1,18,821.3805265676947
SRSG_conventional_hydroelectric_1,19,822.1453619546132
SRSG_conventional_hydroelectric_1,20,822.6448033852738
SRSG_conventional_hydroelectric_1,21,0.0
SRSG_conventional_hydroelectric_1,22,0.0
SRSG_conventional_hydroelectric_1,23,26.153989676619236
SRSG_conventional_hydroelectric_1,24,0.0
SRSG_conventional_hydroelectric_1,25,0.0
SRSG_conventional_hydroelectric_1,26,0.0
SRSG_conventional_hydroelectric_1,27,0.0
SRSG_conventional_hydroelectric_1,28,1291.9565319444887
SRSG_conventional_hydroelectric_1,29,0.0
SRSG_conventional_hydroelectric_1,30,812.4817619603829
SRSG_conventional_hydroelectric_1,31,791.627616681982
SRSG_conventional_hydroelectric_1,32,2273.2356128922966
SRSG_conventional_hydroelectric_1,33,1581.8324160437933
SRSG_conventional_hydroelectric_1,34,671.9762031047194
SRSG_conventional_hydroelectric_1,35,581.8704396726517
SRSG_conventional_hydroelectric_1,36,705.1707225713236
SRSG_conventional_hydroelectric_1,37,0.0
SRSG_conventional_hydroelectric_1,38,0.0
SRSG_conventional_hydroelectric_1,39,0.0
SRSG_conventional_hydroelectric_1,40,876.7582631674345
SRSG_conventional_hydroelectric_1,41,0.0
SRSG_conventional_hydroelectric_1,42,0.0
SRSG_conventional_hydroelectric_1,43,876.2094369500905
SRSG_conventional_hydroelectric_1,44,0.0
SRSG_conventional_hydroelectric_1,45,426.8146064913522
SRSG_conventional_hydroelectric_1,46,0.0
SRSG_conventional_hydroelectric_1,47,0.0
SRSG_conventional_hydroelectric_1,48,0.0
SRSG_conventional_hydroelectric_1,49,1708.5414576050493
SRSG_conventional_hydroelectric_1,50,0.0
SRSG_conventional_hydroelectric_1,51,0.0
SRSG_conventional_hydroelectric_1,52,0.0
SRSG_conventional_hydroelectric_1,53,0.0
SRSG_conventional_hydroelectric_1,54,118.11493291622365
SRSG_conventional_hydroelectric_1,55,1164.4511426179708
SRSG_conventional_hydroelectric_1,56,0.0
SRSG_conventional_hydroelectric_1,57,0.0
SRSG_conventional_hydroelectric_1,58,819.170469678138
SRSG_conventional_hydroelectric_1,59,0.0
SRSG_conventional_hydroelectric_1,60,0.0
SRSG_conventional_hydroelectric_1,61,0.0
SRSG_conventional_hydroelectric_1,62,854.2707288025249
SRSG_conventional_hydroelectric_1,63,854.2707288025249
SRSG_conventional_hydroelectric_1,64,854.2707288025249
SRSG_conventional_hydroelectric_1,65,0.0
SRSG_conventional_hydroelectric_1,66,627.1319461843087
SRSG_conventional_hydroelectric_1,67,361.265503178162
SRSG_conventional_hydroelectric_1,68,1730.4641546454163
SRSG_conventional_hydroelectric_1,69,0.0
SRSG_conventional_hydroelectric_1,70,334.1117515569177
SRSG_conventional_hydroelectric_1,71,1307.4034313887134
SRSG_conventional_hydroelectric_1,72,2176.6171534455398
SRSG_conventional_hydroelectric_1,73,2820.80796
SRSG_conventional_hydroelectric_1,74,2820.80796
SRSG_conventional_hydroelectric_1,75,2820.80796
SRSG_conventional_hydroelectric_1,76,2820.80796
SRSG_conventional_hydroelectric_1,77,2820.80796
SRSG_conventional_hydroelectric_1,78,2820.80796
SRSG_conventional_hydroelectric_1,79,881.6329484881535
SRSG_conventional_hydroelectric_1,80,1686.3035121339014
SRSG_conventional_hydroelectric_1,81,2820.80796
SRSG_conventional_hydroelectric_1,82,2820.80796
SRSG_conventional_hydroelectric_1,83,2820.80796
SRSG_conventional_hydroelectric_1,84,2820.80796
SRSG_conventional_hydroelectric_1,85,1502.4113101053672
SRSG_conventional_hydroelectric_1,86,1773.587012319387
SRSG_conventional_hydroelectric_1,87,1773.8774365352579
SRSG_conventional_hydroelectric_1,88,1774.167185018586
SRSG_conventional_hydroelectric_1,89,830.479858186879
SRSG_conventional_hydroelectric_1,90,148.58653403826693
SRSG_conventional_hydroelectric_1,91,0.0
SRSG_conventional_hydroelectric_1,92,854.2707288025249
SRSG_conventional_hydroelectric_1,93,2601.8516708725647
SRSG_conventional_hydroelectric_1,94,1832.3661913277333
SRSG_conventional_hydroelectric_1,95,1931.7727616844948
SRSG_conventional_hydroelectric_1,96,1232.7422608054899
SRSG_conventional_hydroelectric_1,97,0.0
SRSG_conventional_hydroelectric_1,98,0.0
SRSG_conventional_hydroelectric_1,99,0.0
SRSG_conventional_hydroelectric_1,100,0.0
SRSG_conventional_hydroelectric_1,101,0.0
SRSG_conventional_hydroelectric_1,102,0.0
SRSG_conventional_hydroelectric_1,103,0.0
SRSG_conventional_hydroelectric_1,104,0.0
SRSG_conventional_hydroelectric_1,105,918.3829936380816
SRSG_conventional_hydroelectric_1,106,775.9924168251937
SRSG_conventional_hydroelectric_1,107,0.0
SRSG_conventional_hydroelectric_1,108,0.0
SRSG_conventional_hydroelectric_1,109,0.0
SRSG_conventional_hydroelectric_1,110,0.0
SRSG_conventional_hydroelectric_1,111,0.0
SRSG_conventional_hydroelectric_1,112,0.0
SRSG_conventional_hydroelectric_1,113,667.9468753019047
SRSG_conventional_hydroelectric_1,114,744.2104278223935
SRSG_conventional_hydroelectric_1,115,633.4068022517692
SRSG_conventional_hydroelectric_1,116,0.0
SRSG_conventional_hydroelectric_1,117,0.0
SRSG_conventional_hydroelectric_1,118,271.2193880887634
SRSG_conventional_hydroelectric_1,119,0.0
SRSG_conventional_hydroelectric_1,120,0.0
SRSG_conventional_hydroelectric_1,121,103.5054484792153
SRSG_conventional_hydroelectric_1,122,0.0
SRSG_conventional_hydroelectric_1,123,964.5108903347435
SRSG_conventional_hydroelectric_1,124,0.0
SRSG_conventional_hydroelectric_1,125,0.0
SRSG_conventional_hydroelectric_1,126,0.0
SRSG_conventional_hydroelectric_1,127,79.51935423175769
SRSG_conventional_hydroelectric_1,128,1323.5214092763458
SRSG_conventional_hydroelectric_1,129,929.0162458531223
SRSG_conventional_hydroelectric_1,130,1071.7049145692092
SRSG_conventional_hydroelectric_1,131,0.0
SRSG_conventional_hydroelectric_1,132,0.0
SRSG_conventional_hydroelectric_1,133,929.0162458531222
SRSG_conventional_hydroelectric_1,134,929.0162458531222
SRSG_conventional_hydroelectric_1,135,929.0162458531222
SRSG_conventional_hydroelectric_1,136,929.0162458531222
SRSG_conventional_hydroelectric_1,137,929.0162458531222
SRSG_conventional_hydroelectric_1,138,466.22135716441767
SRSG_conventional_hydroelectric_1,139,0.0
SRSG_conventional_hydroelectric_1,140,0.0
SRSG_conventional_hydroelectric_1,141,0.0
SRSG_conventional_hydroelectric_1,142,0.0
SRSG_conventional_hydroelectric_1,143,143.80762876779966
SRSG_conventional_hydroelectric_1,144,722.0616539840869
SRSG_conventional_hydroelectric_1,145,0.0
SRSG_conventional_hydroelectric_1,146,989.7679520794162
SRSG_conventional_hydroelectric_1,147,0.0
SRSG_conventional_hydroelectric_1,148,442.66759526101094
SRSG_conventional_hydroelectric_1,149,572.0584465118695
SRSG_conventional_hydroelectric_1,150,40.957096774455295
SRSG_conventional_hydroelectric_1,151,1773.935529176776
SRSG_conventional_hydroelectric_1,152,1051.5457889769675
SRSG_conventional_hydroelectric_1,153,968.4919779039367
SRSG_conventional_hydroelectric_1,154,0.0
SRSG_conventional_hydroelectric_1,155,0.0
SRSG_conventional_hydroelectric_1,156,0.0
SRSG_conventional_hydroelectric_1,157,968.9995656658102
SRSG_conventional_hydroelectric_1,158,969.3220120960791
SRSG_conventional_hydroelectric_1,159,969.3783888375478
SRSG_conventional_hydroelectric_1,160,969.4347655790157
SRSG_conventional_hydroelectric_1,161,969.7648796966132
SRSG_conventional_hydroelectric_1,162,597.1228116594164
SRSG_conventional_hydroelectric_1,163,712.7374597135786
SRSG_conventional_hydroelectric_1,164,0.0
SRSG_conventional_hydroelectric_1,165,378.7894199952102
SRSG_conventional_hydroelectric_1,166,970.5949138887559
SRSG_conventional_hydroelectric_1,167,0.0
SRSG_conventional_hydroelectric_1,168,0.0
SRSG_conventional_hydroelectric_1,169,875.6310250784641
SRSG_conventional_hydroelectric_1,170,843.9937189254551
SRSG_conventional_hydroelectric_1,171,670.6995194674437
SRSG_conventional_hydroelectric_1,172,987.1216613291945
SRSG_conventional_hydroelectric_1,173,1475.577694569067
SRSG_conventional_hydroelectric_1,174,1328.0639739194148
SRSG_conventional_hydroelectric_1,175,0.0
SRSG_conventional_hydroelectric_1,176,890.5907817607629
SRSG_conventional_hydroelectric_1,177,35.774510283523114
SRSG_conventional_hydroelectric_1,178,0.0
SRSG_conventional_hydroelectric_1,179,982.9055125937989
SRSG_conventional_hydroelectric_1,180,983.2593055059237
SRSG_conventional_hydroelectric_1,181,987.1216613291945
SRSG_conventional_hydroelectric_1,182,987.1216613291945
SRSG_conventional_hydroelectric_1,183,987.1216613291945
SRSG_conventional_hydroelectric_1,184,987.1216613291945
SRSG_conventional_hydroelectric_1,185,987.1216613291945
SRSG_conventional_hydroelectric_1,186,987.1216613291945
SRSG_conventional_hydroelectric_1,187,987.1216613291945
SRSG_conventional_hydroelectric_1,188,986.0783678235207
SRSG_conventional_hydroelectric_1,189,987.1216613291945
SRSG_conventional_hydroelectric_1,190,987.1216613291945
SRSG_conventional_hydroelectric_1,191,987.1216613291945
SRSG_conventional_hydroelectric_1,192,265.40955815849077
SRSG_conventional_hydroelectric_1,193,1737.9692112165937
SRSG_conventional_hydroelectric_1,194,930.4155096313375
SRSG_conventional_hydroelectric_1,195,930.4155096313375
SRSG_conventional_hydroelectric_1,196,930.4155096313375
SRSG_conventional_hydroelectric_1,197,441.9594763914645
SRSG_conventional_hydroelectric_1,198,897.1019185909919
SRSG_conventional_hydroelectric_1,199,1560.2818814303653
SRSG_conventional_hydroelectric_1,200,0.0
SRSG_conventional_hydroelectric_1,201,0.0
SRSG_conventional_hydroelectric_1,202,291.909860491664
SRSG_conventional_hydroelectric_1,203,930.4155096313375
SRSG_conventional_hydroelectric_1,204,930.4155096313375
SRSG_conventional_hydroelectric_1,205,930.4155096313375
SRSG_conventional_hydroelectric_1,206,930.4155096313375
SRSG_conventional_hydroelectric_1,207,930.4155096313375
SRSG_conventional_hydroelectric_1,208,930.4155096313375
SRSG_conventional_hydroelectric_1,209,1224.1673463791235
SRSG_conventional_hydroelectric_1,210,1869.934103289645
SRSG_conventional_hydroelectric_1,211,1443.3543942597485
SRSG_conventional_hydroelectric_1,212,930.4155096313375
SRSG_conventional_hydroelectric_1,213,930.4155096313375
SRSG_conventional_hydroelectric_1,214,930.4155096313375
SRSG_conventional_hydroelectric_1,215,930.4155096313375
SRSG_conventional_hydroelectric_1,216,930.4155096313375
SRSG_conventional_hydroelectric_1,217,131.00161656267593
SRSG_conventional_hydroelectric_1,218,938.8200363716473
SRSG_conventional_hydroelectric_1,219,938.8110172192332
SRSG_conventional_hydroelectric_1,220,938.8096657541469
SRSG_conventional_hydroelectric_1,221,938.8083142890614
SRSG_conventional_hydroelectric_1,222,584.2416716933262
SRSG_conventional_hydroelectric_1,223,0.0
SRSG_conventional_hydroelectric_1,224,0.0
SRSG_conventional_hydroelectric_1,225,0.0
SRSG_conventional_hydroelectric_1,226,712.40398528485
SRSG_conventional_hydroelectric_1,227,939.3009983942916
SRSG_conventional_hydroelectric_1,228,939.2919792418775
SRSG_conventional_hydroelectric_1,229,939.290627776792
SRSG_conventional_hydroelectric_1,230,939.2816086243779
SRSG_conventional_hydroelectric_1,231,939.5463268480926
SRSG_conventional_hydroelectric_1,232,939.5373076956789
SRSG_conventional_hydroelectric_1,233,645.7757760629355
SRSG_conventional_hydroelectric_1,234,0.0
SRSG_conventional_hydroelectric_1,235,426.57835756481074
SRSG_conventional_hydroelectric_1,236,939.7742927296085
SRSG_conventional_hydroelectric_1,237,939.7729412645226
SRSG_conventional_hydroelectric_1,238,939.7639221121085
SRSG_conventional_hydroelectric_1,239,939.7625706470226
SRSG_conventional_hydroelectric_1,240,940.0112777635386
SRSG_conventional_hydroelectric_1,241,951.0305421937601
SRSG_conventional_hydroelectric_1,242,951.0305421937601
SRSG_conventional_hydroelectric_1,243,951.0305421937601
SRSG_conventional_hydroelectric_1,244,951.0305421937601
SRSG_conventional_hydroelectric_1,245,951.0305421937601
SRSG_conventional_hydroelectric_1,246,951.0305421937601
SRSG_conventional_hydroelectric_1,247,951.0305421937601
SRSG_conventional_hydroelectric_1,248,951.0305421937601
SRSG_conventional_hydroelectric_1,249,951.0305421937601
SRSG_conventional_hydroelectric_1,250,951.0305421937601
SRSG_conventional_hydroelectric_1,251,951.0305421937601
SRSG_conventional_hydroelectric_1,252,951.0305421937601
SRSG_conventional_hydroelectric_1,253,951.0305421937601
SRSG_conventional_hydroelectric_1,254,951.0305421937601
SRSG_conventional_hydroelectric_1,255,951.0305421937601
SRSG_conventional_hydroelectric_1,256,951.0305421937601
SRSG_conventional_hydroelectric_1,257,951.0305421937601
SRSG_conventional_hydroelectric_1,258,951.0305421937601
SRSG_conventional_hydroelectric_1,259,951.0305421937601
SRSG_conventional_hydroelectric_1,260,951.0305421937601
SRSG_conventional_hydroelectric_1,261,951.0305421937601
SRSG_conventional_hydroelectric_1,262,951.0305421937601
SRSG_conventional_hydroelectric_1,263,951.0305421937601
SRSG_conventional_hydroelectric_1,264,951.0305421937601
SRSG_conventional_hydroelectric_1,265,2206.8609538586024
SRSG_conventional_hydroelectric_1,266,948.9486289991678
SRSG_conventional_hydroelectric_1,267,948.9569724190387
SRSG_conventional_hydroelectric_1,268,948.9576481515815
SRSG_conventional_hydroelectric_1,269,948.9659915714524
SRSG_conventional_hydroelectric_1,270,948.9666673039956
SRSG_conventional_hydroelectric_1,271,2061.175453610282
SRSG_conventional_hydroelectric_1,272,948.9756864564092
SRSG_conventional_hydroelectric_1,273,2061.5176459904114
SRSG_conventional_hydroelectric_1,274,948.9847056088233
SRSG_conventional_hydroelectric_1,275,948.9853813413665
SRSG_conventional_hydroelectric_1,276,2820.80796
SRSG_conventional_hydroelectric_1,277,948.9944004937806
SRSG_conventional_hydroelectric_1,278,2820.80796
SRSG_conventional_hydroelectric_1,279,1343.1409006412382
SRSG_conventional_hydroelectric_1,280,1095.0221994847186
SRSG_conventional_hydroelectric_1,281,949.0040953787375
SRSG_conventional_hydroelectric_1,282,949.0124387986084
SRSG_conventional_hydroelectric_1,283,948.7470448423505
SRSG_conventional_hydroelectric_1,284,1839.9678877699575
SRSG_conventional_hydroelectric_1,285,1471.6608320050009
SRSG_conventional_hydroelectric_1,286,948.7567397273078
SRSG_conventional_hydroelectric_1,287,1895.5127386317486
SRSG_conventional_hydroelectric_1,288,948.765758879722
SRSG_conventional_hydroelectric_1,289,491.257659553251
SRSG_conventional_hydroelectric_1,290,1795.5451308437846
SRSG_conventional_hydroelectric_1,291,946.7476554845703
SRSG_conventional_hydroelectric_1,292,1458.9469521295243
SRSG_conventional_hydroelectric_1,293,946.7476554845703
SRSG_conventional_hydroelectric_1,294,946.7476554845703
SRSG_conventional_hydroelectric_1,295,765.0155607602836
SRSG_conventional_hydroelectric_1,296,946.7476554845703
SRSG_conventional_hydroelectric_1,297,0.0
SRSG_conventional_hydroelectric_1,298,946.7476554845703
SRSG_conventional_hydroelectric_1,299,2677.4296901284397
SRSG_conventional_hydroelectric_1,300,0.0
SRSG_conventional_hydroelectric_1,301,1154.877772029824
SRSG_conventional_hydroelectric_1,302,782.9728090687472
SRSG_conventional_hydroelectric_1,303,1481.4633529407822
SRSG_conventional_hydroelectric_1,304,2157.342595560672
SRSG_conventional_hydroelectric_1,305,2092.337685398031
SRSG_conventional_hydroelectric_1,306,1614.342330677865
SRSG_conventional_hydroelectric_1,307,1615.950230677117
SRSG_conventional_hydroelectric_1,308,2617.1546492497505
SRSG_conventional_hydroelectric_1,309,2027.7917813322406
SRSG_conventional_hydroelectric_1,310,2820.80796
SRSG_conventional_hydroelectric_1,311,2820.80796
SRSG_conventional_hydroelectric_1,312,1537.9554587150178
SRSG_conventional_hydroelectric_1,313,1789.8188637773696
SRSG_conventional_hydroelectric_1,314,1242.6369857140667
SRSG_conventional_hydroelectric_1,315,2446.6659601287856
SRSG_conventional_hydroelectric_1,316,418.89590607288574
SRSG_conventional_hydroelectric_1,317,1255.4321895772284
SRSG_conventional_hydroelectric_1,318,930.758096645457
SRSG_conventional_hydroelectric_1,319,0.0
SRSG_conventional_hydroelectric_1,320,930.4286582604027
SRSG_conventional_hydroelectric_1,321,764.345281460186
SRSG_conventional_hydroelectric_1,322,1645.3831615325837
SRSG_conventional_hydroelectric_1,323,94.39534696272108
SRSG_conventional_hydroelectric_1,324,899.6736957800159
SRSG_conventional_hydroelectric_1,325,721.0685113982554
SRSG_conventional_hydroelectric_1,326,0.0
SRSG_conventional_hydroelectric_1,327,0.0
SRSG_conventional_hydroelectric_1,328,0.0
SRSG_conventional_hydroelectric_1,329,0.0
SRSG_conventional_hydroelectric_1,330,260.6239810149225
SRSG_conventional_hydroelectric_1,331,258.98473453381536
SRSG_conventional_hydroelectric_1,332,0.0
SRSG_conventional_hydroelectric_1,333,0.0
SRSG_conventional_hydroelectric_1,334,1318.2095173080936
SRSG_conventional_hydroelectric_1,335,0.0
SRSG_conventional_hydroelectric_1,336,335.7494761790207
SRSG_conventional_hydroelectric_1,337,0.0
SRSG_conventional_hydroelectric_1,338,499.89847201303763
SRSG_conventional_hydroelectric_1,339,352.0635478939409
SRSG_conventional_hydroelectric_1,340,1620.2623560126503
SRSG_conventional_hydroelectric_1,341,1960.5508729692306
SRSG_conventional_hydroelectric_1,342,1830.2922529219798
SRSG_conventional_hydroelectric_1,343,896.2158597354642
SRSG_conventional_hydroelectric_1,344,895.9261112521358
SRSG_conventional_hydroelectric_1,345,895.8864213504098
SRSG_conventional_hydroelectric_1,346,180.03132614638935
SRSG_conventional_hydroelectric_1,347,0.0
SRSG_conventional_hydroelectric_1,348,0.0
SRSG_conventional_hydroelectric_1,349,894.9461395168441
SRSG_conventional_hydroelectric_1,350,870.5621706578886
SRSG_conventional_hydroelectric_1,351,894.6167011317893
SRSG_conventional_hydroelectric_1,352,1364.3441086993607
SRSG_conventional_hydroelectric_1,353,1167.1891184398912
SRSG_conventional_hydroelectric_1,354,893.9821788887512
SRSG_conventional_hydroelectric_1,355,893.6764192982241
SRSG_conventional_hydroelectric_1,356,1295.872651776844
SRSG_conventional_hydroelectric_1,357,1830.6222979912034
SRSG_conventional_hydroelectric_1,358,724.3618116569501
SRSG_conventional_hydroelectric_1,359,374.5770406790714
SRSG_conventional_hydroelectric_1,360,935.0827688234278
SRSG_conventional_hydroelectric_1,361,2820.80796
SRSG_conventional_hydroelectric_1,362,2820.80796
SRSG_conventional_hydroelectric_1,363,2272.849942876779
SRSG_conventional_hydroelectric_1,364,2182.491913984232
SRSG_conventional_hydroelectric_1,365,2192.898209374584
SRSG_conventional_hydroelectric_1,366,2367.8839210810133
SRSG_conventional_hydroelectric_1,367,2820.80796
SRSG_conventional_hydroelectric_1,368,2570.1784347158004
SRSG_conventional_hydroelectric_1,369,1424.3282937139138
SRSG_conventional_hydroelectric_1,370,1067.0325539193548
SRSG_conventional_hydroelectric_1,371,1421.7665634879295
SRSG_conventional_hydroelectric_1,372,2820.80796
SRSG_conventional_hydroelectric_1,373,2820.80796
SRSG_conventional_hydroelectric_1,374,2820.80796
SRSG_conventional_hydroelectric_1,375,2820.80796
SRSG_conventional_hydroelectric_1,376,2672.0052778606505
SRSG_conventional_hydroelectric_1,377,1821.5028572357428
SRSG_conventional_hydroelectric_1,378,2820.80796
SRSG_conventional_hydroelectric_1,379,1745.7950390856554
SRSG_conventional_hydroelectric_1,380,1535.9462825853172
SRSG_conventional_hydroelectric_1,381,1848.0561150847825
SRSG_conventional_hydroelectric_1,382,1474.4797871355645
SRSG_conventional_hydroelectric_1,383,2194.809141165386
SRSG_conventional_hydroelectric_1,384,2498.237527274992
SRSG_conventional_hydroelectric_1,385,671.5089611930566
SRSG_conventional_hydroelectric_1,386,670.9371319137284
SRSG_conventional_hydroelectric_1,387,1009.4856700919015
SRSG_conventional_hydroelectric_1,388,1345.7425513329754
SRSG_conventional_hydroelectric_1,389,668.9632420742715
SRSG_conventional_hydroelectric_1,390,947.1634090270248
SRSG_conventional_hydroelectric_1,391,1426.8663451453708
SRSG_conventional_hydroelectric_1,392,1676.3598795582423
SRSG_conventional_hydroelectric_1,393,2820.80796
SRSG_conventional_hydroelectric_1,394,1161.1729379674925
SRSG_conventional_hydroelectric_1,395,2820.80796
SRSG_conventional_hydroelectric_1,396,1420.6229049292738
SRSG_conventional_hydroelectric_1,397,1419.2208443691447
SRSG_conventional_hydroelectric_1,398,663.2916311375022
SRSG_conventional_hydroelectric_1,399,1416.675125250359
SRSG_conventional_hydroelectric_1,400,666.5174371475994
SRSG_conventional_hydroelectric_1,401,1923.1856340245024
SRSG_conventional_hydroelectric_1,402,1412.9857475729182
SRSG_conventional_hydroelectric_1,403,2486.596607927134
SRSG_conventional_hydroelectric_1,404,659.3361837712603
SRSG_conventional_hydroelectric_1,405,768.1337247312613
SRSG_conventional_hydroelectric_1,406,658.1925252126041
SRSG_conventional_hydroelectric_1,407,657.3622939318032
SRSG_conventional_hydroelectric_1,408,1685.5403693684043
SRSG_conventional_hydroelectric_1,409,637.8024177352534
SRSG_conventional_hydroelectric_1,410,637.8024177352534
SRSG_conventional_hydroelectric_1,411,637.8024177352534
SRSG_conventional_hydroelectric_1,412,0.0
SRSG_conventional_hydroelectric_1,413,637.8024177352534
SRSG_conventional_hydroelectric_1,414,0.0
SRSG_conventional_hydroelectric_1,415,637.8024177352534
SRSG_conventional_hydroelectric_1,416,0.0
SRSG_conventional_hydroelectric_1,417,0.0
SRSG_conventional_hydroelectric_1,418,1577.5412599287977
SRSG_conventional_hydroelectric_1,419,0.0
SRSG_conventional_hydroelectric_1,420,637.8024177352534
SRSG_conventional_hydroelectric_1,421,637.8024177352534
SRSG_conventional_hydroelectric_1,422,637.8024177352534
SRSG_conventional_hydroelectric_1,423,637.8024177352534
SRSG_conventional_hydroelectric_1,424,637.8024177352534
SRSG_conventional_hydroelectric_1,425,637.8024177352534
SRSG_conventional_hydroelectric_1,426,637.8024177352534
SRSG_conventional_hydroelectric_1,427,637.8024177352534
SRSG_conventional_hydroelectric_1,428,61.85581941496878
SRSG_conventional_hydroelectric_1,429,0.0
SRSG_conventional_hydroelectric_1,430,637.8024177352534
SRSG_conventional_hydroelectric_1,431,637.8024177352534
SRSG_conventional_hydroelectric_1,432,637.8024177352534
SRSG_conventional_hydroelectric_1,433,533.9308947360543
SRSG_conventional_hydroelectric_1,434,533.6321271003122
SRSG_conventional_hydroelectric_1,435,110.44606095951696
SRSG_conventional_hydroelectric_1,436,0.0
SRSG_conventional_hydroelectric_1,437,532.454419129629
SRSG_conventional_hydroelectric_1,438,0.0
SRSG_conventional_hydroelectric_1,439,0.0
SRSG_conventional_hydroelectric_1,440,0.0
SRSG_conventional_hydroelectric_1,441,0.0
SRSG_conventional_hydroelectric_1,442,0.0
SRSG_conventional_hydroelectric_1,443,0.0
SRSG_conventional_hydroelectric_1,444,346.27118065357666
SRSG_conventional_hydroelectric_1,445,529.7522022309231
SRSG_conventional_hydroelectric_1,446,529.1873649063803
SRSG_conventional_hydroelectric_1,447,528.8809295833099
SRSG_conventional_hydroelectric_1,448,528.5744942602398
SRSG_conventional_hydroelectric_1,449,528.2757266244978
SRSG_conventional_hydroelectric_1,450,527.7032216126269
SRSG_conventional_hydroelectric_1,451,527.4044539768846
SRSG_conventional_hydroelectric_1,452,1103.044616974099
SRSG_conventional_hydroelectric_1,453,1164.5940010659976
SRSG_conventional_hydroelectric_1,454,526.2267460062014
SRSG_conventional_hydroelectric_1,455,525.9203106831312
SRSG_conventional_hydroelectric_1,456,0.0
SRSG_conventional_hydroelectric_1,457,0.0
SRSG_conventional_hydroelectric_1,458,0.0
SRSG_conventional_hydroelectric_1,459,0.0
SRSG_conventional_hydroelectric_1,460,0.0
SRSG_conventional_hydroelectric_1,461,0.0
SRSG_conventional_hydroelectric_1,462,0.0
SRSG_conventional_hydroelectric_1,463,0.0
SRSG_conventional_hydroelectric_1,464,244.55032583814398
SRSG_conventional_hydroelectric_1,465,0.0
SRSG_conventional_hydroelectric_1,466,0.0
SRSG_conventional_hydroelectric_1,467,0.0
SRSG_conventional_hydroelectric_1,468,0.0
SRSG_conventional_hydroelectric_1,469,0.0
SRSG_conventional_hydroelectric_1,470,0.0
SRSG_conventional_hydroelectric_1,471,0.0
SRSG_conventional_hydroelectric_1,472,0.0
SRSG_conventional_hydroelectric_1,473,503.6471149267873
SRSG_conventional_hydroelectric_1,474,503.6471149267873
SRSG_conventional_hydroelectric_1,475,312.6255412384916
SRSG_conventional_hydroelectric_1,476,503.6471149267873
SRSG_conventional_hydroelectric_1,477,0.0
SRSG_conventional_hydroelectric_1,478,0.0
SRSG_conventional_hydroelectric_1,479,0.0
SRSG_conventional_hydroelectric_1,480,0.0
SRSG_conventional_hydroelectric_1,481,0.0
SRSG_conventional_hydroelectric_1,482,0.0
SRSG_conventional_hydroelectric_1,483,0.0
SRSG_conventional_hydroelectric_1,484,0.0
SRSG_conventional_hydroelectric_1,485,0.0
SRSG_conventional_hydroelectric_1,486,360.35750960808116
SRSG_conventional_hydroelectric_1,487,0.0
SRSG_conventional_hydroelectric_1,488,185.89148509220735
SRSG_conventional_hydroelectric_1,489,627.6056999751156
SRSG_conventional_hydroelectric_1,490,0.0
SRSG_conventional_hydroelectric_1,491,0.0
SRSG_conventional_hydroelectric_1,492,0.0
SRSG_conventional_hydroelectric_1,493,0.0
SRSG_conventional_hydroelectric_1,494,0.0
SRSG_conventional_hydroelectric_1,495,0.0
SRSG_conventional_hydroelectric_1,496,0.0
SRSG_conventional_hydroelectric_1,497,0.0
SRSG_conventional_hydroelectric_1,498,0.0
SRSG_conventional_hydroelectric_1,499,0.0
SRSG_conventional_hydroelectric_1,500,0.0
SRSG_conventional_hydroelectric_1,501,0.0
SRSG_conventional_hydroelectric_1,502,0.0
SRSG_conventional_hydroelectric_1,503,0.0
SRSG_conventional_hydroelectric_1,504,0.0
SRSG_conventional_hydroelectric_1,505,530.5009007496526
SRSG_conventional_hydroelectric_1,506,0.0
SRSG_conventional_hydroelectric_1,507,0.0
SRSG_conventional_hydroelectric_1,508,1447.2922163621715
SRSG_conventional_hydroelectric_1,509,459.41137268038915
SRSG_conventional_hydroelectric_1,510,1255.2861059796028
SRSG_conventional_hydroelectric_1,511,0.0
SRSG_conventional_hydroelectric_1,512,0.0
SRSG_conventional_hydroelectric_1,513,279.2090059267428
SRSG_conventional_hydroelectric_1,514,688.4994207059458
SRSG_conventional_hydroelectric_1,515,249.72211372127413
SRSG_conventional_hydroelectric_1,516,0.0
SRSG_conventional_hydroelectric_1,517,0.0
SRSG_conventional_hydroelectric_1,518,0.0
SRSG_conventional_hydroelectric_1,519,0.0
SRSG_conventional_hydroelectric_1,520,0.0
SRSG_conventional_hydroelectric_1,521,0.0
SRSG_conventional_hydroelectric_1,522,0.0
SRSG_conventional_hydroelectric_1,523,0.0
SRSG_conventional_hydroelectric_1,524,1033.6853104884356
SRSG_conventional_hydroelectric_1,525,0.0
SRSG_conventional_hydroelectric_1,526,0.0
SRSG_conventional_hydroelectric_1,527,0.0
SRSG_conventional_hydroelectric_1,528,1046.5919069583103
SRSG_conventional_hydroelectric_1,529,0.0
SRSG_conventional_hydroelectric_1,530,180.7474276691746
SRSG_conventional_hydroelectric_1,531,803.5303197304862
SRSG_conventional_hydroelectric_1,532,663.5515592881418
SRSG_conventional_hydroelectric_1,533,0.0
SRSG_conventional_hydroelectric_1,534,0.0
SRSG_conventional_hydroelectric_1,535,992.3088564992102
SRSG_conventional_hydroelectric_1,536,476.9203697237649
SRSG_conventional_hydroelectric_1,537,0.0
SRSG_conventional_hydroelectric_1,538,656.0046346308532
SRSG_conventional_hydroelectric_1,539,2347.099149228817
SRSG_conventional_hydroelectric_1,540,463.5245513104296
SRSG_conventional_hydroelectric_1,541,974.7829224966835
SRSG_conventional_hydroelectric_1,542,1031.8753337095254
SRSG_conventional_hydroelectric_1,543,1433.4194468438095
SRSG_conventional_hydroelectric_1,544,1284.7725739625978
SRSG_conventional_hydroelectric_1,545,1539.890874185249
SRSG_conventional_hydroelectric_1,546,283.9613508219238
SRSG_conventional_hydroelectric_1,547,1324.935411950615
SRSG_conventional_hydroelectric_1,548,291.19797469184806
SRSG_conventional_hydroelectric_1,549,1757.1979972887218
SRSG_conventional_hydroelectric_1,550,547.405981175854
SRSG_conventional_hydroelectric_1,551,1258.7709213606952
SRSG_conventional_hydroelectric_1,552,1734.7065495123388
SRSG_conventional_hydroelectric_1,553,1615.4867833524772
SRSG_conventional_hydroelectric_1,554,2820.80796
SRSG_conventional_hydroelectric_1,555,2820.80796
SRSG_conventional_hydroelectric_1,556,1176.2712070650973
SRSG_conventional_hydroelectric_1,557,2820.80796
SRSG_conventional_hydroelectric_1,558,2483.336705689286
SRSG_conventional_hydroelectric_1,559,2820.80796
SRSG_conventional_hydroelectric_1,560,2570.571229356369
SRSG_conventional_hydroelectric_1,561,2543.078948938804
SRSG_conventional_hydroelectric_1,562,2635.028969017319
SRSG_conventional_hydroelectric_1,563,1854.4582775073977
SRSG_conventional_hydroelectric_1,564,2820.80796
SRSG_conventional_hydroelectric_1,565,2309.3683758440784
SRSG_conventional_hydroelectric_1,566,1127.3519781073373
SRSG_conventional_hydroelectric_1,567,727.3632417390457
SRSG_conventional_hydroelectric_1,568,0.0
SRSG_conventional_hydroelectric_1,569,1242.4507667907192
SRSG_conventional_hydroelectric_1,570,2498.920097218974
SRSG_conventional_hydroelectric_1,571,1649.4753946291103
SRSG_conventional_hydroelectric_1,572,1458.7713416674044
SRSG_conventional_hydroelectric_1,573,1530.894285864828
SRSG_conventional_hydroelectric_1,574,2741.209422202884
SRSG_conventional_hydroelectric_1,575,2030.1182193941718
SRSG_conventional_hydroelectric_1,576,1033.9784141836112
TRE_conventional_hydroelectric_1,1,11.971885859999999
TRE_conventional_hydroelectric_1,2,11.92261884
TRE_conventional_hydroelectric_1,3,11.92261884
TRE_conventional_hydroelectric_1,4,0.0
TRE_conventional_hydroelectric_1,5,11.824084800000001
TRE_conventional_hydroelectric_1,6,0.0
TRE_conventional_hydroelectric_1,7,0.0
TRE_conventional_hydroelectric_1,8,0.0
TRE_conventional_hydroelectric_1,9,0.0
TRE_conventional_hydroelectric_1,10,11.676283739999999
TRE_conventional_hydroelectric_1,11,11.62701672
TRE_conventional_hydroelectric_1,12,0.0
TRE_conventional_hydroelectric_1,13,0.0
TRE_conventional_hydroelectric_1,14,0.0
TRE_conventional_hydroelectric_1,15,0.0
TRE_conventional_hydroelectric_1,16,0.0
TRE_conventional_hydroelectric_1,17,0.0
TRE_conventional_hydroelectric_1,18,0.0
TRE_conventional_hydroelectric_1,19,11.3314146
TRE_conventional_hydroelectric_1,20,0.0
TRE_conventional_hydroelectric_1,21,0.0
TRE_conventional_hydroelectric_1,22,0.0
TRE_conventional_hydroelectric_1,23,11.232880560000002
TRE_conventional_hydroelectric_1,24,0.0
TRE_conventional_hydroelectric_1,25,0.0
TRE_conventional_hydroelectric_1,26,0.0
TRE_conventional_hydroelectric_1,27,0.0
TRE_conventional_hydroelectric_1,28,0.0
TRE_conventional_hydroelectric_1,29,0.0
TRE_conventional_hydroelectric_1,30,0.0
TRE_conventional_hydroelectric_1,31,0.0
TRE_conventional_hydroelectric_1,32,14.336702820000001
TRE_conventional_hydroelectric_1,33,14.238168779999999
TRE_conventional_hydroelectric_1,34,0.0
TRE_conventional_hydroelectric_1,35,0.0
TRE_conventional_hydroelectric_1,36,0.0
TRE_conventional_hydroelectric_1,37,0.0
TRE_conventional_hydroelectric_1,38,0.0
TRE_conventional_hydroelectric_1,39,0.0
TRE_conventional_hydroelectric_1,40,0.0
TRE_conventional_hydroelectric_1,41,0.0
TRE_conventional_hydroelectric_1,42,0.0
TRE_conventional_hydroelectric_1,43,0.0
TRE_conventional_hydroelectric_1,44,0.0
TRE_conventional_hydroelectric_1,45,0.0
TRE_conventional_hydroelectric_1,46,0.0
TRE_conventional_hydroelectric_1,47,0.0
TRE_conventional_hydroelectric_1,48,0.0
TRE_conventional_hydroelectric_1,49,2.8082201400000004
TRE_conventional_hydroelectric_1,50,2.8082201400000004
TRE_conventional_hydroelectric_1,51,2.75895312
TRE_conventional_hydroelectric_1,52,14.583037919999999
TRE_conventional_hydroelectric_1,53,2.7096861
TRE_conventional_hydroelectric_1,54,14.43523686
TRE_conventional_hydroelectric_1,55,14.43523686
TRE_conventional_hydroelectric_1,56,0.0
TRE_conventional_hydroelectric_1,57,0.0
TRE_conventional_hydroelectric_1,58,2.56188504
TRE_conventional_hydroelectric_1,59,2.5126180200000006
TRE_conventional_hydroelectric_1,60,0.0
TRE_conventional_hydroelectric_1,61,0.0
TRE_conventional_hydroelectric_1,62,0.0
TRE_conventional_hydroelectric_1,63,0.0
TRE_conventional_hydroelectric_1,64,0.0
TRE_conventional_hydroelectric_1,65,0.0
TRE_conventional_hydroelectric_1,66,0.0
TRE_conventional_hydroelectric_1,67,2.26628292
TRE_conventional_hydroelectric_1,68,0.0
TRE_conventional_hydroelectric_1,69,0.0
TRE_conventional_hydroelectric_1,70,0.0
TRE_conventional_hydroelectric_1,71,2.11848186
TRE_conventional_hydroelectric_1,72,0.0
TRE_conventional_hydroelectric_1,73,0.0
TRE_conventional_hydroelectric_1,74,0.0
TRE_conventional_hydroelectric_1,75,0.0
TRE_conventional_hydroelectric_1,76,0.0
TRE_conventional_hydroelectric_1,77,0.0
TRE_conventional_hydroelectric_1,78,0.0
TRE_conventional_hydroelectric_1,79,0.0
TRE_conventional_hydroelectric_1,80,0.0
TRE_conventional_hydroelectric_1,81,0.0
TRE_conventional_hydroelectric_1,82,0.0
TRE_conventional_hydroelectric_1,83,0.0
TRE_conventional_hydroelectric_1,84,0.0
TRE_conventional_hydroelectric_1,85,0.0
TRE_conventional_hydroelectric_1,86,0.0
TRE_conventional_hydroelectric_1,87,0.0
TRE_conventional_hydroelectric_1,88,0.0
TRE_conventional_hydroelectric_1,89,0.0
TRE_conventional_hydroelectric_1,90,0.0
TRE_conventional_hydroelectric_1,91,0.0
TRE_conventional_hydroelectric_1,92,0.0
TRE_conventional_hydroelectric_1,93,0.0
TRE_conventional_hydroelectric_1,94,0.0
TRE_conventional_hydroelectric_1,95,0.0
TRE_conventional_hydroelectric_1,96,0.0
TRE_conventional_hydroelectric_1,97,0.0
TRE_conventional_hydroelectric_1,98,0.0
TRE_conventional_hydroelectric_1,99,0.0
TRE_conventional_hydroelectric_1,100,89.1733062
TRE_conventional_hydroelectric_1,101,0.0
TRE_conventional_hydroelectric_1,102,89.81377746
TRE_conventional_hydroelectric_1,103,90.10937958
TRE_conventional_hydroelectric_1,104,0.0
TRE_conventional_hydroelectric_1,105,0.0
TRE_conventional_hydroelectric_1,106,0.0
TRE_conventional_hydroelectric_1,107,0.0
TRE_conventional_hydroelectric_1,108,0.0
TRE_conventional_hydroelectric_1,109,0.0
TRE_conventional_hydroelectric_1,110,0.0
TRE_conventional_hydroelectric_1,111,0.0
TRE_conventional_hydroelectric_1,112,0.0
TRE_conventional_hydroelectric_1,113,0.0
TRE_conventional_hydroelectric_1,114,0.0
TRE_conventional_hydroelectric_1,115,0.0
TRE_conventional_hydroelectric_1,116,0.0
TRE_conventional_hydroelectric_1,117,0.0
TRE_conventional_hydroelectric_1,118,0.0
TRE_conventional_hydroelectric_1,119,0.0
TRE_conventional_hydroelectric_1,120,0.0
TRE_conventional_hydroelectric_1,121,0.0
TRE_conventional_hydroelectric_1,122,0.0
TRE_conventional_hydroelectric_1,123,0.0
TRE_conventional_hydroelectric_1,124,0.0
TRE_conventional_hydroelectric_1,125,0.0
TRE_conventional_hydroelectric_1,126,0.0
TRE_conventional_hydroelectric_1,127,0.0
TRE_conventional_hydroelectric_1,128,0.0
TRE_conventional_hydroelectric_1,129,0.0
TRE_conventional_hydroelectric_1,130,0.0
TRE_conventional_hydroelectric_1,131,0.0
TRE_conventional_hydroelectric_1,132,0.0
TRE_conventional_hydroelectric_1,133,0.0
TRE_conventional_hydroelectric_1,134,0.0
TRE_conventional_hydroelectric_1,135,0.0
TRE_conventional_hydroelectric_1,136,0.0
TRE_conventional_hydroelectric_1,137,0.0
TRE_conventional_hydroelectric_1,138,0.0
TRE_conventional_hydroelectric_1,139,0.0
TRE_conventional_hydroelectric_1,140,0.0
TRE_conventional_hydroelectric_1,141,0.0
TRE_conventional_hydroelectric_1,142,0.0
TRE_conventional_hydroelectric_1,143,0.0
TRE_conventional_hydroelectric_1,144,0.0
TRE_conventional_hydroelectric_1,145,0.0
TRE_conventional_hydroelectric_1,146,0.0
TRE_conventional_hydroelectric_1,147,0.0
TRE_conventional_hydroelectric_1,148,0.0
TRE_conventional_hydroelectric_1,149,0.0
TRE_conventional_hydroelectric_1,150,0.0
TRE_conventional_hydroelectric_1,151,0.0
TRE_conventional_hydroelectric_1,152,0.0
TRE_conventional_hydroelectric_1,153,0.0
TRE_conventional_hydroelectric_1,154,0.0
TRE_conventional_hydroelectric_1,155,0.0
TRE_conventional_hydroelectric_1,156,79.02430008000005
TRE_conventional_hydroelectric_1,157,0.0
TRE_conventional_hydroelectric_1,158,0.0
TRE_conventional_hydroelectric_1,159,0.0
TRE_conventional_hydroelectric_1,160,0.0
TRE_conventional_hydroelectric_1,161,0.0
TRE_conventional_hydroelectric_1,162,0.0
TRE_conventional_hydroelectric_1,163,0.0
TRE_conventional_hydroelectric_1,164,39.70921812000006
TRE_conventional_hydroelectric_1,165,275.94457902000005
TRE_conventional_hydroelectric_1,166,40.30042236000011
TRE_conventional_hydroelectric_1,167,0.0
TRE_conventional_hydroelectric_1,168,97.0067623800001
TRE_conventional_hydroelectric_1,169,0.0
TRE_conventional_hydroelectric_1,170,0.0
TRE_conventional_hydroelectric_1,171,0.0
TRE_conventional_hydroelectric_1,172,77.5955565000001
TRE_conventional_hydroelectric_1,173,0.0
TRE_conventional_hydroelectric_1,174,0.0
TRE_conventional_hydroelectric_1,175,0.0
TRE_conventional_hydroelectric_1,176,0.0
TRE_conventional_hydroelectric_1,177,0.0
TRE_conventional_hydroelectric_1,178,0.0
TRE_conventional_hydroelectric_1,179,0.0
TRE_conventional_hydroelectric_1,180,133.80922632
TRE_conventional_hydroelectric_1,181,133.80922632
TRE_conventional_hydroelectric_1,182,133.80922632
TRE_conventional_hydroelectric_1,183,133.80922632
TRE_conventional_hydroelectric_1,184,133.80922632
TRE_conventional_hydroelectric_1,185,133.80922632
TRE_conventional_hydroelectric_1,186,133.80922632
TRE_conventional_hydroelectric_1,187,0.0
TRE_conventional_hydroelectric_1,188,0.0
TRE_conventional_hydroelectric_1,189,0.0
TRE_conventional_hydroelectric_1,190,0.0
TRE_conventional_hydroelectric_1,191,0.0
TRE_conventional_hydroelectric_1,192,0.0
TRE_conventional_hydroelectric_1,193,18.918535680000105
TRE_conventional_hydroelectric_1,194,19.312671840000064
TRE_conventional_hydroelectric_1,195,19.65754098000008
TRE_conventional_hydroelectric_1,196,0.0
TRE_conventional_hydroelectric_1,197,20.495080320000113
TRE_conventional_hydroelectric_1,198,40.152621300000135
TRE_conventional_hydroelectric_1,199,40.25115534000014
TRE_conventional_hydroelectric_1,200,21.5789547600001
TRE_conventional_hydroelectric_1,201,21.973090920000118
TRE_conventional_hydroelectric_1,202,22.367227080000077
TRE_conventional_hydroelectric_1,203,22.761363240000094
TRE_conventional_hydroelectric_1,204,58.726287840000055
TRE_conventional_hydroelectric_1,205,58.726287840000055
TRE_conventional_hydroelectric_1,206,58.726287840000055
TRE_conventional_hydroelectric_1,207,58.726287840000055
TRE_conventional_hydroelectric_1,208,58.726287840000055
TRE_conventional_hydroelectric_1,209,58.726287840000055
TRE_conventional_hydroelectric_1,210,58.726287840000055
TRE_conventional_hydroelectric_1,211,25.815918480000107
TRE_conventional_hydroelectric_1,212,0.0
TRE_conventional_hydroelectric_1,213,0.0
TRE_conventional_hydroelectric_1,214,0.0
TRE_conventional_hydroelectric_1,215,27.343196100000057
TRE_conventional_hydroelectric_1,216,0.0
TRE_conventional_hydroelectric_1,217,56.41073789999996
TRE_conventional_hydroelectric_1,218,56.361470879999956
TRE_conventional_hydroelectric_1,219,56.361470879999956
TRE_conventional_hydroelectric_1,220,0.0
TRE_conventional_hydroelectric_1,221,56.312203859999954
TRE_conventional_hydroelectric_1,222,0.0
TRE_conventional_hydroelectric_1,223,0.0
TRE_conventional_hydroelectric_1,224,56.26293683999995
TRE_conventional_hydroelectric_1,225,56.26293683999995
TRE_conventional_hydroelectric_1,226,56.26293683999995
TRE_conventional_hydroelectric_1,227,56.21366981999995
TRE_conventional_hydroelectric_1,228,56.21366981999995
TRE_conventional_hydroelectric_1,229,56.21366981999995
TRE_conventional_hydroelectric_1,230,56.16440279999995
TRE_conventional_hydroelectric_1,231,56.16440279999995
TRE_conventional_hydroelectric_1,232,56.16440279999995
TRE_conventional_hydroelectric_1,233,56.11513578000006
TRE_conventional_hydroelectric_1,234,56.11513578000006
TRE_conventional_hydroelectric_1,235,56.11513578000006
TRE_conventional_hydroelectric_1,236,56.065868759999944
TRE_conventional_hydroelectric_1,237,56.065868759999944
TRE_conventional_hydroelectric_1,238,56.065868759999944
TRE_conventional_hydroelectric_1,239,56.016601740000056
TRE_conventional_hydroelectric_1,240,0.0
TRE_conventional_hydroelectric_1,241,52.814245440000036
TRE_conventional_hydroelectric_1,242,52.814245440000036
TRE_conventional_hydroelectric_1,243,52.814245440000036
TRE_conventional_hydroelectric_1,244,0.0
TRE_conventional_hydroelectric_1,245,52.814245440000036
TRE_conventional_hydroelectric_1,246,0.0
TRE_conventional_hydroelectric_1,247,0.0
TRE_conventional_hydroelectric_1,248,52.814245440000036
TRE_conventional_hydroelectric_1,249,52.814245440000036
TRE_conventional_hydroelectric_1,250,52.814245440000036
TRE_conventional_hydroelectric_1,251,52.814245440000036
TRE_conventional_hydroelectric_1,252,52.814245440000036
TRE_conventional_hydroelectric_1,253,52.814245440000036
TRE_conventional_hydroelectric_1,254,52.814245440000036
TRE_conventional_hydroelectric_1,255,52.814245440000036
TRE_conventional_hydroelectric_1,256,52.814245440000036
TRE_conventional_hydroelectric_1,257,52.814245440000036
TRE_conventional_hydroelectric_1,258,52.814245440000036
TRE_conventional_hydroelectric_1,259,52.814245440000036
TRE_conventional_hydroelectric_1,260,52.814245440000036
TRE_conventional_hydroelectric_1,261,52.814245440000036
TRE_conventional_hydroelectric_1,262,52.814245440000036
TRE_conventional_hydroelectric_1,263,52.814245440000036
TRE_conventional_hydroelectric_1,264,492.66
TRE_conventional_hydroelectric_1,265,37.78780433999998
TRE_conventional_hydroelectric_1,266,37.73853731999998
TRE_conventional_hydroelectric_1,267,37.64000327999997
TRE_conventional_hydroelectric_1,268,0.0
TRE_conventional_hydroelectric_1,269,37.442935199999965
TRE_conventional_hydroelectric_1,270,37.34440115999996
TRE_conventional_hydroelectric_1,271,37.24586711999996
TRE_conventional_hydroelectric_1,272,37.14733307999995
TRE_conventional_hydroelectric_1,273,37.09806605999995
TRE_conventional_hydroelectric_1,274,36.99953201999995
TRE_conventional_hydroelectric_1,275,36.90099797999994
TRE_conventional_hydroelectric_1,276,36.80246393999994
TRE_conventional_hydroelectric_1,277,36.70392990000005
TRE_conventional_hydroelectric_1,278,55.72099962000004
TRE_conventional_hydroelectric_1,279,55.62246558000004
TRE_conventional_hydroelectric_1,280,55.523931540000035
TRE_conventional_hydroelectric_1,281,36.359060760000034
TRE_conventional_hydroelectric_1,282,36.26052672000003
TRE_conventional_hydroelectric_1,283,36.161992680000026
TRE_conventional_hydroelectric_1,284,36.06345864000002
TRE_conventional_hydroelectric_1,285,35.96492460000002
TRE_conventional_hydroelectric_1,286,35.86639056000001
TRE_conventional_hydroelectric_1,287,35.76785652000001
TRE_conventional_hydroelectric_1,288,0.0
TRE_conventional_hydroelectric_1,289,19.11560376
TRE_conventional_hydroelectric_1,290,19.11560376
TRE_conventional_hydroelectric_1,291,19.11560376
TRE_conventional_hydroelectric_1,292,19.11560376
TRE_conventional_hydroelectric_1,293,19.11560376
TRE_conventional_hydroelectric_1,294,19.11560376
TRE_conventional_hydroelectric_1,295,70.69817370000004
TRE_conventional_hydroelectric_1,296,19.11560376
TRE_conventional_hydroelectric_1,297,19.11560376
TRE_conventional_hydroelectric_1,298,19.11560376
TRE_conventional_hydroelectric_1,299,19.11560376
TRE_conventional_hydroelectric_1,300,19.11560376
TRE_conventional_hydroelectric_1,301,19.11560376
TRE_conventional_hydroelectric_1,302,0.0
TRE_conventional_hydroelectric_1,303,0.0
TRE_conventional_hydroelectric_1,304,0.0
TRE_conventional_hydroelectric_1,305,19.11560376
TRE_conventional_hydroelectric_1,306,19.11560376
TRE_conventional_hydroelectric_1,307,19.11560376
TRE_conventional_hydroelectric_1,308,19.11560376
TRE_conventional_hydroelectric_1,309,19.11560376
TRE_conventional_hydroelectric_1,310,469.61666848722615
TRE_conventional_hydroelectric_1,311,19.11560376
TRE_conventional_hydroelectric_1,312,0.0
TRE_conventional_hydroelectric_1,313,51.08989974000002
TRE_conventional_hydroelectric_1,314,232.05082744542796
TRE_conventional_hydroelectric_1,315,356.11222055999997
TRE_conventional_hydroelectric_1,316,356.3092886399999
TRE_conventional_hydroelectric_1,317,492.66
TRE_conventional_hydroelectric_1,318,102.33780053999993
TRE_conventional_hydroelectric_1,319,0.0
TRE_conventional_hydroelectric_1,320,51.631836960000044
TRE_conventional_hydroelectric_1,321,51.73037100000005
TRE_conventional_hydroelectric_1,322,51.828905039999995
TRE_conventional_hydroelectric_1,323,22.515028140000027
TRE_conventional_hydroelectric_1,324,22.56429516000003
TRE_conventional_hydroelectric_1,325,22.56429516000003
TRE_conventional_hydroelectric_1,326,52.12450716000001
TRE_conventional_hydroelectric_1,327,22.662829200000033
TRE_conventional_hydroelectric_1,328,102.38706755999993
TRE_conventional_hydroelectric_1,329,52.42010928000002
TRE_conventional_hydroelectric_1,330,22.81063026000004
TRE_conventional_hydroelectric_1,331,22.81063026000004
TRE_conventional_hydroelectric_1,332,22.85989728000004
TRE_conventional_hydroelectric_1,333,52.71571140000003
TRE_conventional_hydroelectric_1,334,0.0
TRE_conventional_hydroelectric_1,335,52.91277948000004
TRE_conventional_hydroelectric_1,336,0.0
TRE_conventional_hydroelectric_1,337,0.0
TRE_conventional_hydroelectric_1,338,0.0
TRE_conventional_hydroelectric_1,339,0.0
TRE_conventional_hydroelectric_1,340,0.0
TRE_conventional_hydroelectric_1,341,0.0
TRE_conventional_hydroelectric_1,342,0.0
TRE_conventional_hydroelectric_1,343,0.0
TRE_conventional_hydroelectric_1,344,0.0
TRE_conventional_hydroelectric_1,345,0.0
TRE_conventional_hydroelectric_1,346,0.0
TRE_conventional_hydroelectric_1,347,29.412410939999972
TRE_conventional_hydroelectric_1,348,29.461677959999975
TRE_conventional_hydroelectric_1,349,29.461677959999975
TRE_conventional_hydroelectric_1,350,0.0
TRE_conventional_hydroelectric_1,351,29.56021199999998
TRE_conventional_hydroelectric_1,352,0.0
TRE_conventional_hydroelectric_1,353,0.0
TRE_conventional_hydroelectric_1,354,79.6257043199999
TRE_conventional_hydroelectric_1,355,79.5271702799999
TRE_conventional_hydroelectric_1,356,79.5271702799999
TRE_conventional_hydroelectric_1,357,0.0
TRE_conventional_hydroelectric_1,358,0.0
TRE_conventional_hydroelectric_1,359,0.0
TRE_conventional_hydroelectric_1,360,160.6206851999999
TRE_conventional_hydroelectric_1,361,28.180735440000035
TRE_conventional_hydroelectric_1,362,123.86432503457206
TRE_conventional_hydroelectric_1,363,0.0
TRE_conventional_hydroelectric_1,364,0.0
TRE_conventional_hydroelectric_1,365,0.0
TRE_conventional_hydroelectric_1,366,0.0
TRE_conventional_hydroelectric_1,367,50.70596357999989
TRE_conventional_hydroelectric_1,368,285.006384389132
TRE_conventional_hydroelectric_1,369,123.30019977600023
TRE_conventional_hydroelectric_1,370,50.50889549999988
TRE_conventional_hydroelectric_1,371,50.410361459999876
TRE_conventional_hydroelectric_1,372,50.31182741999987
TRE_conventional_hydroelectric_1,373,50.26256039999987
TRE_conventional_hydroelectric_1,374,50.213293379999925
TRE_conventional_hydroelectric_1,375,50.11475933999992
TRE_conventional_hydroelectric_1,376,0.0
TRE_conventional_hydroelectric_1,377,115.89678932787317
TRE_conventional_hydroelectric_1,378,0.0
TRE_conventional_hydroelectric_1,379,0.0
TRE_conventional_hydroelectric_1,380,0.0
TRE_conventional_hydroelectric_1,381,49.720623179999905
TRE_conventional_hydroelectric_1,382,0.0
TRE_conventional_hydroelectric_1,383,49.523555099999896
TRE_conventional_hydroelectric_1,384,0.0
TRE_conventional_hydroelectric_1,385,276.49671623999996
TRE_conventional_hydroelectric_1,386,0.0
TRE_conventional_hydroelectric_1,387,0.0
TRE_conventional_hydroelectric_1,388,0.0
TRE_conventional_hydroelectric_1,389,102.2885335199999
TRE_conventional_hydroelectric_1,390,492.66
TRE_conventional_hydroelectric_1,391,492.66
TRE_conventional_hydroelectric_1,392,0.0
TRE_conventional_hydroelectric_1,393,182.16552422399965
TRE_conventional_hydroelectric_1,394,492.66
TRE_conventional_hydroelectric_1,395,492.66
TRE_conventional_hydroelectric_1,396,492.66
TRE_conventional_hydroelectric_1,397,492.66
TRE_conventional_hydroelectric_1,398,492.66
TRE_conventional_hydroelectric_1,399,492.66
TRE_conventional_hydroelectric_1,400,492.66
TRE_conventional_hydroelectric_1,401,426.73016895212675
TRE_conventional_hydroelectric_1,402,492.66
TRE_conventional_hydroelectric_1,403,492.66
TRE_conventional_hydroelectric_1,404,492.66
TRE_conventional_hydroelectric_1,405,492.66
TRE_conventional_hydroelectric_1,406,144.59526985277375
TRE_conventional_hydroelectric_1,407,492.66
TRE_conventional_hydroelectric_1,408,49.46408808
TRE_conventional_hydroelectric_1,409,0.0
TRE_conventional_hydroelectric_1,410,0.0
TRE_conventional_hydroelectric_1,411,0.0
TRE_conventional_hydroelectric_1,412,0.0
TRE_conventional_hydroelectric_1,413,0.0
TRE_conventional_hydroelectric_1,414,0.0
TRE_conventional_hydroelectric_1,415,0.0
TRE_conventional_hydroelectric_1,416,0.0
TRE_conventional_hydroelectric_1,417,0.0
TRE_conventional_hydroelectric_1,418,0.0
TRE_conventional_hydroelectric_1,419,0.0
TRE_conventional_hydroelectric_1,420,20.98775052
TRE_conventional_hydroelectric_1,421,0.0
TRE_conventional_hydroelectric_1,422,20.98775052
TRE_conventional_hydroelectric_1,423,20.98775052
TRE_conventional_hydroelectric_1,424,20.98775052
TRE_conventional_hydroelectric_1,425,20.98775052
TRE_conventional_hydroelectric_1,426,20.98775052
TRE_conventional_hydroelectric_1,427,20.98775052
TRE_conventional_hydroelectric_1,428,20.98775052
TRE_conventional_hydroelectric_1,429,20.98775052
TRE_conventional_hydroelectric_1,430,20.98775052
TRE_conventional_hydroelectric_1,431,0.0
TRE_conventional_hydroelectric_1,432,0.0
TRE_conventional_hydroelectric_1,433,0.0
TRE_conventional_hydroelectric_1,434,0.0
TRE_conventional_hydroelectric_1,435,0.0
TRE_conventional_hydroelectric_1,436,0.0
TRE_conventional_hydroelectric_1,437,0.0
TRE_conventional_hydroelectric_1,438,0.0
TRE_conventional_hydroelectric_1,439,0.0
TRE_conventional_hydroelectric_1,440,0.0
TRE_conventional_hydroelectric_1,441,0.0
TRE_conventional_hydroelectric_1,442,0.0
TRE_conventional_hydroelectric_1,443,0.0
TRE_conventional_hydroelectric_1,444,0.0
TRE_conventional_hydroelectric_1,445,97.54869959999999
TRE_conventional_hydroelectric_1,446,76.75801716
TRE_conventional_hydroelectric_1,447,76.95508524
TRE_conventional_hydroelectric_1,448,77.15215332
TRE_conventional_hydroelectric_1,449,77.3492214
TRE_conventional_hydroelectric_1,450,77.49702246
TRE_conventional_hydroelectric_1,451,0.0
TRE_conventional_hydroelectric_1,452,0.0
TRE_conventional_hydroelectric_1,453,0.0
TRE_conventional_hydroelectric_1,454,0.0
TRE_conventional_hydroelectric_1,455,0.0
TRE_conventional_hydroelectric_1,456,0.0
TRE_conventional_hydroelectric_1,457,0.0
TRE_conventional_hydroelectric_1,458,0.0
TRE_conventional_hydroelectric_1,459,0.0
TRE_conventional_hydroelectric_1,460,0.0
TRE_conventional_hydroelectric_1,461,0.0
TRE_conventional_hydroelectric_1,462,0.0
TRE_conventional_hydroelectric_1,463,0.0
TRE_conventional_hydroelectric_1,464,0.0
TRE_conventional_hydroelectric_1,465,0.0
TRE_conventional_hydroelectric_1,466,0.0
TRE_conventional_hydroelectric_1,467,0.0
TRE_conventional_hydroelectric_1,468,0.0
TRE_conventional_hydroelectric_1,469,0.0
TRE_conventional_hydroelectric_1,470,0.0
TRE_conventional_hydroelectric_1,471,0.0
TRE_conventional_hydroelectric_1,472,0.0
TRE_conventional_hydroelectric_1,473,0.0
TRE_conventional_hydroelectric_1,474,0.0
TRE_conventional_hydroelectric_1,475,0.0
TRE_conventional_hydroelectric_1,476,0.0
TRE_conventional_hydroelectric_1,477,0.0
TRE_conventional_hydroelectric_1,478,0.0
TRE_conventional_hydroelectric_1,479,0.0
TRE_conventional_hydroelectric_1,480,0.0
TRE_conventional_hydroelectric_1,481,0.0
TRE_conventional_hydroelectric_1,482,0.0
TRE_conventional_hydroelectric_1,483,0.0
TRE_conventional_hydroelectric_1,484,0.0
TRE_conventional_hydroelectric_1,485,0.0
TRE_conventional_hydroelectric_1,486,0.0
TRE_conventional_hydroelectric_1,487,0.0
TRE_conventional_hydroelectric_1,488,0.0
TRE_conventional_hydroelectric_1,489,0.0
TRE_conventional_hydroelectric_1,490,0.0
TRE_conventional_hydroelectric_1,491,0.0
TRE_conventional_hydroelectric_1,492,0.0
TRE_conventional_hydroelectric_1,493,0.0
TRE_conventional_hydroelectric_1,494,0.0
TRE_conventional_hydroelectric_1,495,0.0
TRE_conventional_hydroelectric_1,496,0.0
TRE_conventional_hydroelectric_1,497,0.0
TRE_conventional_hydroelectric_1,498,0.0
TRE_conventional_hydroelectric_1,499,0.0
TRE_conventional_hydroelectric_1,500,0.0
TRE_conventional_hydroelectric_1,501,0.0
TRE_conventional_hydroelectric_1,502,0.0
TRE_conventional_hydroelectric_1,503,0.0
TRE_conventional_hydroelectric_1,504,0.0
TRE_conventional_hydroelectric_1,505,0.0
TRE_conventional_hydroelectric_1,506,0.0
TRE_conventional_hydroelectric_1,507,0.0
TRE_conventional_hydroelectric_1,508,0.0
TRE_conventional_hydroelectric_1,509,0.0
TRE_conventional_hydroelectric_1,510,0.0
TRE_conventional_hydroelectric_1,511,0.0
TRE_conventional_hydroelectric_1,512,20.31153855086785
TRE_conventional_hydroelectric_1,513,0.0
TRE_conventional_hydroelectric_1,514,0.0
TRE_conventional_hydroelectric_1,515,0.0
TRE_conventional_hydroelectric_1,516,0.0
TRE_conventional_hydroelectric_1,517,0.0
TRE_conventional_hydroelectric_1,518,0.0
TRE_conventional_hydroelectric_1,519,0.0
TRE_conventional_hydroelectric_1,520,0.0
TRE_conventional_hydroelectric_1,521,0.0
TRE_conventional_hydroelectric_1,522,0.0
TRE_conventional_hydroelectric_1,523,0.0
TRE_conventional_hydroelectric_1,524,0.0
TRE_conventional_hydroelectric_1,525,0.0
TRE_conventional_hydroelectric_1,526,0.0
TRE_conventional_hydroelectric_1,527,0.0
TRE_conventional_hydroelectric_1,528,0.0
TRE_conventional_hydroelectric_1,529,0.0
TRE_conventional_hydroelectric_1,530,0.0
TRE_conventional_hydroelectric_1,531,0.0
TRE_conventional_hydroelectric_1,532,0.0
TRE_conventional_hydroelectric_1,533,0.0
TRE_conventional_hydroelectric_1,534,0.0
TRE_conventional_hydroelectric_1,535,0.0
TRE_conventional_hydroelectric_1,536,0.0
TRE_conventional_hydroelectric_1,537,0.0
TRE_conventional_hydroelectric_1,538,0.0
TRE_conventional_hydroelectric_1,539,0.0
TRE_conventional_hydroelectric_1,540,0.0
TRE_conventional_hydroelectric_1,541,3.0052882200000965
TRE_conventional_hydroelectric_1,542,3.3008903400000804
TRE_conventional_hydroelectric_1,543,3.5964924600000927
TRE_conventional_hydroelectric_1,544,3.8428275600000745
TRE_conventional_hydroelectric_1,545,4.138429680000087
TRE_conventional_hydroelectric_1,546,4.434031800000071
TRE_conventional_hydroelectric_1,547,0.0
TRE_conventional_hydroelectric_1,548,0.0
TRE_conventional_hydroelectric_1,549,0.0
TRE_conventional_hydroelectric_1,550,0.0
TRE_conventional_hydroelectric_1,551,0.0
TRE_conventional_hydroelectric_1,552,241.26059694
TRE_conventional_hydroelectric_1,553,492.66
TRE_conventional_hydroelectric_1,554,492.66
TRE_conventional_hydroelectric_1,555,492.66
TRE_conventional_hydroelectric_1,556,492.66
TRE_conventional_hydroelectric_1,557,254.21782319999997
TRE_conventional_hydroelectric_1,558,254.36562426
TRE_conventional_hydroelectric_1,559,254.51342532
TRE_conventional_hydroelectric_1,560,492.66
TRE_conventional_hydroelectric_1,561,492.66
TRE_conventional_hydroelectric_1,562,255.05536254
TRE_conventional_hydroelectric_1,563,255.25243062
TRE_conventional_hydroelectric_1,564,0.0
TRE_conventional_hydroelectric_1,565,0.0
TRE_conventional_hydroelectric_1,566,0.0
TRE_conventional_hydroelectric_1,567,0.0
TRE_conventional_hydroelectric_1,568,0.0
TRE_conventional_hydroelectric_1,569,0.0
TRE_conventional_hydroelectric_1,570,0.0
TRE_conventional_hydroelectric_1,571,235.59488964
TRE_conventional_hydroelectric_1,572,235.7426907
TRE_conventional_hydroelectric_1,573,0.0
TRE_conventional_hydroelectric_1,574,236.13682686
TRE_conventional_hydroelectric_1,575,257.22311142
TRE_conventional_hydroelectric_1,576,16.159582560000004
