GAS_LINES_TIMESERIES_1,GAS_LINES_TIMESERIES_2,GAS_LINES_TIMESERIES_3,DispatchGl
KS,MO,20230103,5116558.0
KS,MO,20230130,3740773.793139281
KS,MO,20230213,5116558.0
KS,MO,20230216,4714800.373609908
KS,MO,20230306,536946.2922827508
KS,MO,20230315,0.0
KS,MO,20230403,3368074.3194411616
KS,MO,20230410,3288910.0172948185
KS,MO,20230530,5116558.0
KS,MO,20230517,4480812.38437227
KS,MO,20230630,5116558.0
KS,MO,20230615,5116558.0
KS,MO,20230727,0.0
KS,MO,20230710,0.0
KS,MO,20230803,0.0
KS,MO,20230831,0.0
KS,MO,20230906,1019997.8360387424
KS,MO,20230912,1181663.564648008
KS,MO,20231005,1320970.2825848972
KS,MO,20231020,1333190.1348444577
KS,MO,20231129,2091159.5925843497
KS,MO,20231121,1467888.0392107065
KS,MO,20231228,1778142.3209089045
KS,MO,20231218,402827.6329205106
WI,MN,20230103,0.0
WI,MN,20230130,0.0
WI,MN,20230213,0.0
WI,MN,20230216,0.0
WI,MN,20230306,0.0
WI,MN,20230315,0.0
WI,MN,20230403,0.0
WI,MN,20230410,0.0
WI,MN,20230530,0.0
WI,MN,20230517,0.0
WI,MN,20230630,0.0
WI,MN,20230615,0.0
WI,MN,20230727,0.0
WI,MN,20230710,0.0
WI,MN,20230803,0.0
WI,MN,20230831,0.0
WI,MN,20230906,0.0
WI,MN,20230912,0.0
WI,MN,20231005,0.0
WI,MN,20231020,0.0
WI,MN,20231129,0.0
WI,MN,20231121,0.0
WI,MN,20231228,0.0
WI,MN,20231218,0.0
NJ,DE,20230103,0.0
NJ,DE,20230130,0.0
NJ,DE,20230213,0.0
NJ,DE,20230216,0.0
NJ,DE,20230306,0.0
NJ,DE,20230315,0.0
NJ,DE,20230403,0.0
NJ,DE,20230410,0.0
NJ,DE,20230530,0.0
NJ,DE,20230517,0.0
NJ,DE,20230630,0.0
NJ,DE,20230615,0.0
NJ,DE,20230727,0.0
NJ,DE,20230710,0.0
NJ,DE,20230803,0.0
NJ,DE,20230831,0.0
NJ,DE,20230906,0.0
NJ,DE,20230912,0.0
NJ,DE,20231005,0.0
NJ,DE,20231020,0.0
NJ,DE,20231129,0.0
NJ,DE,20231121,0.0
NJ,DE,20231228,0.0
NJ,DE,20231218,0.0
OR,CA,20230103,2353990.0
OR,CA,20230130,298045.9349168058
OR,CA,20230213,1749118.4451999872
OR,CA,20230216,1414230.266399987
OR,CA,20230306,2353990.0
OR,CA,20230315,2222598.9344548294
OR,CA,20230403,1645683.3245333296
OR,CA,20230410,2353990.0
OR,CA,20230530,2353990.0
OR,CA,20230517,2277207.8378162417
OR,CA,20230630,2353990.0
OR,CA,20230615,2353990.0
OR,CA,20230727,2353990.0
OR,CA,20230710,2353990.0
OR,CA,20230803,2353990.0
OR,CA,20230831,2353990.0
OR,CA,20230906,2353990.0
OR,CA,20230912,2343922.355691121
OR,CA,20231005,1645712.2860534422
OR,CA,20231020,1055130.854274935
OR,CA,20231129,267862.89030100324
OR,CA,20231121,609195.4112999999
OR,CA,20231228,2353990.0
OR,CA,20231218,1407606.2015788597
VA,MD,20230103,0.0
VA,MD,20230130,0.0
VA,MD,20230213,0.0
VA,MD,20230216,0.0
VA,MD,20230306,0.0
VA,MD,20230315,0.0
VA,MD,20230403,0.0
VA,MD,20230410,0.0
VA,MD,20230530,0.0
VA,MD,20230517,0.0
VA,MD,20230630,0.0
VA,MD,20230615,0.0
VA,MD,20230727,0.0
VA,MD,20230710,0.0
VA,MD,20230803,0.0
VA,MD,20230831,0.0
VA,MD,20230906,0.0
VA,MD,20230912,0.0
VA,MD,20231005,0.0
VA,MD,20231020,0.0
VA,MD,20231129,0.0
VA,MD,20231121,0.0
VA,MD,20231228,0.0
VA,MD,20231218,0.0
IN,MI,20230103,1238267.2152867403
IN,MI,20230130,571964.1735483245
IN,MI,20230213,305313.8961051656
IN,MI,20230216,529258.6231256131
IN,MI,20230306,778861.6645922
IN,MI,20230315,1452981.007326392
IN,MI,20230403,475274.46987326565
IN,MI,20230410,0.0
IN,MI,20230530,3742533.0
IN,MI,20230517,0.0
IN,MI,20230630,0.0
IN,MI,20230615,797293.3261354871
IN,MI,20230727,0.0
IN,MI,20230710,0.0
IN,MI,20230803,0.0
IN,MI,20230831,0.0
IN,MI,20230906,0.0
IN,MI,20230912,0.0
IN,MI,20231005,0.0
IN,MI,20231020,0.0
IN,MI,20231129,0.0
IN,MI,20231121,0.0
IN,MI,20231228,0.0
IN,MI,20231218,103878.89679239318
CA,NV,20230103,0.0
CA,NV,20230130,0.0
CA,NV,20230213,0.0
CA,NV,20230216,0.0
CA,NV,20230306,0.0
CA,NV,20230315,0.0
CA,NV,20230403,0.0
CA,NV,20230410,0.0
CA,NV,20230530,0.0
CA,NV,20230517,0.0
CA,NV,20230630,0.0
CA,NV,20230615,0.0
CA,NV,20230727,0.0
CA,NV,20230710,0.0
CA,NV,20230803,0.0
CA,NV,20230831,0.0
CA,NV,20230906,0.0
CA,NV,20230912,0.0
CA,NV,20231005,0.0
CA,NV,20231020,0.0
CA,NV,20231129,0.0
CA,NV,20231121,0.0
CA,NV,20231228,0.0
CA,NV,20231218,0.0
SD,NE,20230103,0.0
SD,NE,20230130,0.0
SD,NE,20230213,0.0
SD,NE,20230216,0.0
SD,NE,20230306,0.0
SD,NE,20230315,0.0
SD,NE,20230403,0.0
SD,NE,20230410,0.0
SD,NE,20230530,0.0
SD,NE,20230517,0.0
SD,NE,20230630,0.0
SD,NE,20230615,0.0
SD,NE,20230727,0.0
SD,NE,20230710,0.0
SD,NE,20230803,0.0
SD,NE,20230831,0.0
SD,NE,20230906,0.0
SD,NE,20230912,0.0
SD,NE,20231005,0.0
SD,NE,20231020,0.0
SD,NE,20231129,0.0
SD,NE,20231121,0.0
SD,NE,20231228,0.0
SD,NE,20231218,0.0
TN,MS,20230103,0.0
TN,MS,20230130,0.0
TN,MS,20230213,0.0
TN,MS,20230216,0.0
TN,MS,20230306,0.0
TN,MS,20230315,0.0
TN,MS,20230403,0.0
TN,MS,20230410,0.0
TN,MS,20230530,0.0
TN,MS,20230517,0.0
TN,MS,20230630,0.0
TN,MS,20230615,0.0
TN,MS,20230727,0.0
TN,MS,20230710,0.0
TN,MS,20230803,0.0
TN,MS,20230831,0.0
TN,MS,20230906,0.0
TN,MS,20230912,0.0
TN,MS,20231005,0.0
TN,MS,20231020,0.0
TN,MS,20231129,0.0
TN,MS,20231121,0.0
TN,MS,20231228,0.0
TN,MS,20231218,0.0
OR,WA,20230103,0.0
OR,WA,20230130,0.0
OR,WA,20230213,0.0
OR,WA,20230216,0.0
OR,WA,20230306,0.0
OR,WA,20230315,0.0
OR,WA,20230403,0.0
OR,WA,20230410,0.0
OR,WA,20230530,0.0
OR,WA,20230517,0.0
OR,WA,20230630,0.0
OR,WA,20230615,0.0
OR,WA,20230727,0.0
OR,WA,20230710,0.0
OR,WA,20230803,0.0
OR,WA,20230831,0.0
OR,WA,20230906,0.0
OR,WA,20230912,0.0
OR,WA,20231005,0.0
OR,WA,20231020,0.0
OR,WA,20231129,0.0
OR,WA,20231121,0.0
OR,WA,20231228,0.0
OR,WA,20231218,0.0
RI,CT,20230103,0.0
RI,CT,20230130,0.0
RI,CT,20230213,0.0
RI,CT,20230216,0.0
RI,CT,20230306,0.0
RI,CT,20230315,0.0
RI,CT,20230403,0.0
RI,CT,20230410,0.0
RI,CT,20230530,0.0
RI,CT,20230517,0.0
RI,CT,20230630,0.0
RI,CT,20230615,0.0
RI,CT,20230727,0.0
RI,CT,20230710,0.0
RI,CT,20230803,0.0
RI,CT,20230831,0.0
RI,CT,20230906,0.0
RI,CT,20230912,0.0
RI,CT,20231005,0.0
RI,CT,20231020,0.0
RI,CT,20231129,0.0
RI,CT,20231121,0.0
RI,CT,20231228,0.0
RI,CT,20231218,0.0
CA,AZ,20230103,0.0
CA,AZ,20230130,0.0
CA,AZ,20230213,0.0
CA,AZ,20230216,0.0
CA,AZ,20230306,0.0
CA,AZ,20230315,0.0
CA,AZ,20230403,0.0
CA,AZ,20230410,0.0
CA,AZ,20230530,0.0
CA,AZ,20230517,0.0
CA,AZ,20230630,0.0
CA,AZ,20230615,0.0
CA,AZ,20230727,0.0
CA,AZ,20230710,0.0
CA,AZ,20230803,0.0
CA,AZ,20230831,0.0
CA,AZ,20230906,0.0
CA,AZ,20230912,0.0
CA,AZ,20231005,0.0
CA,AZ,20231020,0.0
CA,AZ,20231129,0.0
CA,AZ,20231121,0.0
CA,AZ,20231228,0.0
CA,AZ,20231218,0.0
GA,AL,20230103,0.0
GA,AL,20230130,0.0
GA,AL,20230213,0.0
GA,AL,20230216,0.0
GA,AL,20230306,0.0
GA,AL,20230315,0.0
GA,AL,20230403,0.0
GA,AL,20230410,0.0
GA,AL,20230530,0.0
GA,AL,20230517,0.0
GA,AL,20230630,0.0
GA,AL,20230615,0.0
GA,AL,20230727,0.0
GA,AL,20230710,0.0
GA,AL,20230803,0.0
GA,AL,20230831,0.0
GA,AL,20230906,0.0
GA,AL,20230912,0.0
GA,AL,20231005,0.0
GA,AL,20231020,0.0
GA,AL,20231129,0.0
GA,AL,20231121,0.0
GA,AL,20231228,0.0
GA,AL,20231218,0.0
TX,AR,20230103,234951.0630158689
TX,AR,20230130,0.0
TX,AR,20230213,0.0
TX,AR,20230216,0.0
TX,AR,20230306,389639.1339136407
TX,AR,20230315,737814.039160601
TX,AR,20230403,294294.76081436407
TX,AR,20230410,710890.0337109318
TX,AR,20230530,1989651.045438303
TX,AR,20230517,1656242.0298011287
TX,AR,20230630,0.0
TX,AR,20230615,1241503.595360469
TX,AR,20230727,0.0
TX,AR,20230710,0.0
TX,AR,20230803,0.0
TX,AR,20230831,0.0
TX,AR,20230906,0.0
TX,AR,20230912,1018473.6066505273
TX,AR,20231005,0.0
TX,AR,20231020,600955.7792323846
TX,AR,20231129,0.0
TX,AR,20231121,0.0
TX,AR,20231228,393806.73950449657
TX,AR,20231218,0.0
NJ,PA,20230103,0.0
NJ,PA,20230130,0.0
NJ,PA,20230213,0.0
NJ,PA,20230216,0.0
NJ,PA,20230306,0.0
NJ,PA,20230315,0.0
NJ,PA,20230403,0.0
NJ,PA,20230410,0.0
NJ,PA,20230530,0.0
NJ,PA,20230517,0.0
NJ,PA,20230630,0.0
NJ,PA,20230615,0.0
NJ,PA,20230727,0.0
NJ,PA,20230710,0.0
NJ,PA,20230803,0.0
NJ,PA,20230831,0.0
NJ,PA,20230906,0.0
NJ,PA,20230912,0.0
NJ,PA,20231005,0.0
NJ,PA,20231020,0.0
NJ,PA,20231129,0.0
NJ,PA,20231121,0.0
NJ,PA,20231228,0.0
NJ,PA,20231218,0.0
MA,CT,20230103,0.0
MA,CT,20230130,0.0
MA,CT,20230213,0.0
MA,CT,20230216,0.0
MA,CT,20230306,0.0
MA,CT,20230315,0.0
MA,CT,20230403,0.0
MA,CT,20230410,0.0
MA,CT,20230530,0.0
MA,CT,20230517,0.0
MA,CT,20230630,0.0
MA,CT,20230615,0.0
MA,CT,20230727,0.0
MA,CT,20230710,0.0
MA,CT,20230803,0.0
MA,CT,20230831,0.0
MA,CT,20230906,0.0
MA,CT,20230912,0.0
MA,CT,20231005,0.0
MA,CT,20231020,0.0
MA,CT,20231129,0.0
MA,CT,20231121,0.0
MA,CT,20231228,0.0
MA,CT,20231218,0.0
MN,SD,20230103,0.0
MN,SD,20230130,0.0
MN,SD,20230213,0.0
MN,SD,20230216,0.0
MN,SD,20230306,0.0
MN,SD,20230315,0.0
MN,SD,20230403,0.0
MN,SD,20230410,0.0
MN,SD,20230530,0.0
MN,SD,20230517,0.0
MN,SD,20230630,0.0
MN,SD,20230615,0.0
MN,SD,20230727,0.0
MN,SD,20230710,0.0
MN,SD,20230803,0.0
MN,SD,20230831,0.0
MN,SD,20230906,0.0
MN,SD,20230912,0.0
MN,SD,20231005,0.0
MN,SD,20231020,0.0
MN,SD,20231129,0.0
MN,SD,20231121,0.0
MN,SD,20231228,0.0
MN,SD,20231218,0.0
DC,VA,20230103,0.0
DC,VA,20230130,0.0
DC,VA,20230213,0.0
DC,VA,20230216,0.0
DC,VA,20230306,0.0
DC,VA,20230315,0.0
DC,VA,20230403,0.0
DC,VA,20230410,0.0
DC,VA,20230530,0.0
DC,VA,20230517,0.0
DC,VA,20230630,0.0
DC,VA,20230615,0.0
DC,VA,20230727,0.0
DC,VA,20230710,0.0
DC,VA,20230803,0.0
DC,VA,20230831,0.0
DC,VA,20230906,0.0
DC,VA,20230912,0.0
DC,VA,20231005,0.0
DC,VA,20231020,0.0
DC,VA,20231129,0.0
DC,VA,20231121,0.0
DC,VA,20231228,0.0
DC,VA,20231218,0.0
SD,MN,20230103,0.0
SD,MN,20230130,0.0
SD,MN,20230213,0.0
SD,MN,20230216,0.0
SD,MN,20230306,0.0
SD,MN,20230315,2118722.3391677425
SD,MN,20230403,0.0
SD,MN,20230410,0.0
SD,MN,20230530,0.0
SD,MN,20230517,0.0
SD,MN,20230630,0.0
SD,MN,20230615,0.0
SD,MN,20230727,0.0
SD,MN,20230710,0.0
SD,MN,20230803,0.0
SD,MN,20230831,0.0
SD,MN,20230906,0.0
SD,MN,20230912,0.0
SD,MN,20231005,0.0
SD,MN,20231020,0.0
SD,MN,20231129,0.0
SD,MN,20231121,0.0
SD,MN,20231228,0.0
SD,MN,20231218,0.0
MD,VA,20230103,3326042.3342431313
MD,VA,20230130,3327984.299735413
MD,VA,20230213,3238020.3070332273
MD,VA,20230216,2971147.228152984
MD,VA,20230306,3415152.5569318826
MD,VA,20230315,3506478.348596276
MD,VA,20230403,3359805.5124109574
MD,VA,20230410,3373297.645126223
MD,VA,20230530,3207681.508717125
MD,VA,20230517,3202640.0587135158
MD,VA,20230630,3128224.766788348
MD,VA,20230615,3175621.4021983407
MD,VA,20230727,3589552.7418179936
MD,VA,20230710,3264565.3339201077
MD,VA,20230803,3564703.6754550883
MD,VA,20230831,3467494.133937969
MD,VA,20230906,3548492.206849803
MD,VA,20230912,3532686.592291683
MD,VA,20231005,3527199.6414638534
MD,VA,20231020,3506129.6816805666
MD,VA,20231129,2674926.610041321
MD,VA,20231121,3385200.8593320823
MD,VA,20231228,3313963.8471650067
MD,VA,20231218,3407685.4131471785
MO,TN,20230103,0.0
MO,TN,20230130,0.0
MO,TN,20230213,0.0
MO,TN,20230216,0.0
MO,TN,20230306,0.0
MO,TN,20230315,0.0
MO,TN,20230403,0.0
MO,TN,20230410,0.0
MO,TN,20230530,0.0
MO,TN,20230517,0.0
MO,TN,20230630,0.0
MO,TN,20230615,0.0
MO,TN,20230727,0.0
MO,TN,20230710,0.0
MO,TN,20230803,0.0
MO,TN,20230831,0.0
MO,TN,20230906,0.0
MO,TN,20230912,0.0
MO,TN,20231005,0.0
MO,TN,20231020,0.0
MO,TN,20231129,0.0
MO,TN,20231121,0.0
MO,TN,20231228,0.0
MO,TN,20231218,0.0
NM,CO,20230103,0.0
NM,CO,20230130,0.0
NM,CO,20230213,0.0
NM,CO,20230216,0.0
NM,CO,20230306,0.0
NM,CO,20230315,0.0
NM,CO,20230403,0.0
NM,CO,20230410,0.0
NM,CO,20230530,0.0
NM,CO,20230517,0.0
NM,CO,20230630,0.0
NM,CO,20230615,0.0
NM,CO,20230727,0.0
NM,CO,20230710,0.0
NM,CO,20230803,0.0
NM,CO,20230831,0.0
NM,CO,20230906,0.0
NM,CO,20230912,0.0
NM,CO,20231005,0.0
NM,CO,20231020,0.0
NM,CO,20231129,0.0
NM,CO,20231121,0.0
NM,CO,20231228,0.0
NM,CO,20231218,0.0
CT,MA,20230103,129625.0
CT,MA,20230130,129625.0
CT,MA,20230213,129625.0
CT,MA,20230216,59852.27673604109
CT,MA,20230306,129625.0
CT,MA,20230315,129625.0
CT,MA,20230403,129625.0
CT,MA,20230410,129625.0
CT,MA,20230530,27413.312159490677
CT,MA,20230517,0.0
CT,MA,20230630,0.0
CT,MA,20230615,0.0
CT,MA,20230727,0.0
CT,MA,20230710,0.0
CT,MA,20230803,0.0
CT,MA,20230831,67802.5221813423
CT,MA,20230906,129625.0
CT,MA,20230912,129625.0
CT,MA,20231005,129625.0
CT,MA,20231020,129625.0
CT,MA,20231129,129625.0
CT,MA,20231121,129625.0
CT,MA,20231228,129625.0
CT,MA,20231218,129625.0
MI,OH,20230103,0.0
MI,OH,20230130,0.0
MI,OH,20230213,0.0
MI,OH,20230216,0.0
MI,OH,20230306,0.0
MI,OH,20230315,0.0
MI,OH,20230403,0.0
MI,OH,20230410,0.0
MI,OH,20230530,0.0
MI,OH,20230517,0.0
MI,OH,20230630,0.0
MI,OH,20230615,0.0
MI,OH,20230727,0.0
MI,OH,20230710,0.0
MI,OH,20230803,0.0
MI,OH,20230831,0.0
MI,OH,20230906,0.0
MI,OH,20230912,0.0
MI,OH,20231005,0.0
MI,OH,20231020,0.0
MI,OH,20231129,0.0
MI,OH,20231121,0.0
MI,OH,20231228,0.0
MI,OH,20231218,0.0
WY,SD,20230103,27999.0
WY,SD,20230130,27999.0
WY,SD,20230213,27999.0
WY,SD,20230216,27999.0
WY,SD,20230306,27999.0
WY,SD,20230315,27999.0
WY,SD,20230403,27999.0
WY,SD,20230410,27999.0
WY,SD,20230530,27999.0
WY,SD,20230517,27999.0
WY,SD,20230630,27999.0
WY,SD,20230615,27999.0
WY,SD,20230727,27999.0
WY,SD,20230710,27999.0
WY,SD,20230803,27999.0
WY,SD,20230831,27999.0
WY,SD,20230906,27999.0
WY,SD,20230912,27999.0
WY,SD,20231005,27999.0
WY,SD,20231020,27999.0
WY,SD,20231129,27999.0
WY,SD,20231121,27999.0
WY,SD,20231228,27999.0
WY,SD,20231218,27999.0
DE,PA,20230103,0.0
DE,PA,20230130,0.0
DE,PA,20230213,0.0
DE,PA,20230216,0.0
DE,PA,20230306,0.0
DE,PA,20230315,0.0
DE,PA,20230403,0.0
DE,PA,20230410,0.0
DE,PA,20230530,0.0
DE,PA,20230517,0.0
DE,PA,20230630,0.0
DE,PA,20230615,0.0
DE,PA,20230727,0.0
DE,PA,20230710,0.0
DE,PA,20230803,0.0
DE,PA,20230831,0.0
DE,PA,20230906,0.0
DE,PA,20230912,0.0
DE,PA,20231005,0.0
DE,PA,20231020,0.0
DE,PA,20231129,0.0
DE,PA,20231121,0.0
DE,PA,20231228,0.0
DE,PA,20231218,0.0
PA,NY,20230103,5172556.0
PA,NY,20230130,5172556.0
PA,NY,20230213,5172556.0
PA,NY,20230216,5172556.0
PA,NY,20230306,5172556.0
PA,NY,20230315,5172556.0
PA,NY,20230403,5172556.0
PA,NY,20230410,5172556.0
PA,NY,20230530,5172556.0
PA,NY,20230517,5172556.0
PA,NY,20230630,5172556.0
PA,NY,20230615,5172556.0
PA,NY,20230727,5172556.0
PA,NY,20230710,4932151.186904404
PA,NY,20230803,5172556.0
PA,NY,20230831,5172556.0
PA,NY,20230906,5172556.0
PA,NY,20230912,5172556.0
PA,NY,20231005,5172556.0
PA,NY,20231020,5172556.0
PA,NY,20231129,5172556.0
PA,NY,20231121,5172556.0
PA,NY,20231228,5172556.0
PA,NY,20231218,5172556.0
MS,AR,20230103,0.0
MS,AR,20230130,0.0
MS,AR,20230213,0.0
MS,AR,20230216,0.0
MS,AR,20230306,0.0
MS,AR,20230315,0.0
MS,AR,20230403,0.0
MS,AR,20230410,0.0
MS,AR,20230530,0.0
MS,AR,20230517,0.0
MS,AR,20230630,0.0
MS,AR,20230615,0.0
MS,AR,20230727,0.0
MS,AR,20230710,0.0
MS,AR,20230803,0.0
MS,AR,20230831,0.0
MS,AR,20230906,0.0
MS,AR,20230912,0.0
MS,AR,20231005,0.0
MS,AR,20231020,0.0
MS,AR,20231129,0.0
MS,AR,20231121,0.0
MS,AR,20231228,0.0
MS,AR,20231218,0.0
OK,MO,20230103,82960.0
OK,MO,20230130,82960.0
OK,MO,20230213,82960.0
OK,MO,20230216,82960.0
OK,MO,20230306,82960.0
OK,MO,20230315,82960.0
OK,MO,20230403,82960.0
OK,MO,20230410,82960.0
OK,MO,20230530,82960.0
OK,MO,20230517,82960.0
OK,MO,20230630,82960.0
OK,MO,20230615,82960.0
OK,MO,20230727,82960.0
OK,MO,20230710,82960.0
OK,MO,20230803,82960.0
OK,MO,20230831,82960.0
OK,MO,20230906,82960.0
OK,MO,20230912,82960.0
OK,MO,20231005,82960.0
OK,MO,20231020,82960.0
OK,MO,20231129,82960.0
OK,MO,20231121,82960.0
OK,MO,20231228,82960.0
OK,MO,20231218,82960.0
KY,WV,20230103,0.0
KY,WV,20230130,0.0
KY,WV,20230213,0.0
KY,WV,20230216,0.0
KY,WV,20230306,0.0
KY,WV,20230315,0.0
KY,WV,20230403,0.0
KY,WV,20230410,0.0
KY,WV,20230530,0.0
KY,WV,20230517,0.0
KY,WV,20230630,0.0
KY,WV,20230615,0.0
KY,WV,20230727,0.0
KY,WV,20230710,0.0
KY,WV,20230803,0.0
KY,WV,20230831,0.0
KY,WV,20230906,0.0
KY,WV,20230912,0.0
KY,WV,20231005,0.0
KY,WV,20231020,0.0
KY,WV,20231129,0.0
KY,WV,20231121,0.0
KY,WV,20231228,0.0
KY,WV,20231218,0.0
AL,TN,20230103,0.0
AL,TN,20230130,0.0
AL,TN,20230213,0.0
AL,TN,20230216,0.0
AL,TN,20230306,0.0
AL,TN,20230315,0.0
AL,TN,20230403,0.0
AL,TN,20230410,0.0
AL,TN,20230530,0.0
AL,TN,20230517,0.0
AL,TN,20230630,0.0
AL,TN,20230615,0.0
AL,TN,20230727,0.0
AL,TN,20230710,0.0
AL,TN,20230803,0.0
AL,TN,20230831,0.0
AL,TN,20230906,0.0
AL,TN,20230912,0.0
AL,TN,20231005,0.0
AL,TN,20231020,0.0
AL,TN,20231129,0.0
AL,TN,20231121,0.0
AL,TN,20231228,0.0
AL,TN,20231218,0.0
ID,NV,20230103,163846.0
ID,NV,20230130,163846.0
ID,NV,20230213,163846.0
ID,NV,20230216,163846.0
ID,NV,20230306,94024.62886159541
ID,NV,20230315,0.0
ID,NV,20230403,163846.0
ID,NV,20230410,163846.0
ID,NV,20230530,163846.0
ID,NV,20230517,163846.0
ID,NV,20230630,53710.82411135551
ID,NV,20230615,163846.0
ID,NV,20230727,0.0
ID,NV,20230710,0.0
ID,NV,20230803,0.0
ID,NV,20230831,0.0
ID,NV,20230906,0.0
ID,NV,20230912,0.0
ID,NV,20231005,163846.0
ID,NV,20231020,163846.0
ID,NV,20231129,163846.0
ID,NV,20231121,163846.0
ID,NV,20231228,163846.0
ID,NV,20231218,163846.0
NM,AZ,20230103,6462584.0
NM,AZ,20230130,6462584.0
NM,AZ,20230213,6462584.0
NM,AZ,20230216,6462584.0
NM,AZ,20230306,6462584.0
NM,AZ,20230315,6084464.980197006
NM,AZ,20230403,5342794.473510663
NM,AZ,20230410,3720241.591365385
NM,AZ,20230530,5575573.257397145
NM,AZ,20230517,4155920.946833209
NM,AZ,20230630,2163151.2301498232
NM,AZ,20230615,2086510.3775789426
NM,AZ,20230727,6462584.0
NM,AZ,20230710,3158249.8973258664
NM,AZ,20230803,6462584.0
NM,AZ,20230831,6462584.0
NM,AZ,20230906,6123529.330436051
NM,AZ,20230912,2681493.5127560566
NM,AZ,20231005,4514546.84024368
NM,AZ,20231020,5982260.511772215
NM,AZ,20231129,6462584.0
NM,AZ,20231121,6462584.0
NM,AZ,20231228,6462584.0
NM,AZ,20231218,6462584.0
ME,NH,20230103,0.0
ME,NH,20230130,0.0
ME,NH,20230213,0.0
ME,NH,20230216,0.0
ME,NH,20230306,0.0
ME,NH,20230315,0.0
ME,NH,20230403,0.0
ME,NH,20230410,0.0
ME,NH,20230530,0.0
ME,NH,20230517,0.0
ME,NH,20230630,0.0
ME,NH,20230615,0.0
ME,NH,20230727,0.0
ME,NH,20230710,0.0
ME,NH,20230803,0.0
ME,NH,20230831,0.0
ME,NH,20230906,0.0
ME,NH,20230912,0.0
ME,NH,20231005,0.0
ME,NH,20231020,0.0
ME,NH,20231129,0.0
ME,NH,20231121,0.0
ME,NH,20231228,0.0
ME,NH,20231218,0.0
NV,UT,20230103,0.0
NV,UT,20230130,0.0
NV,UT,20230213,0.0
NV,UT,20230216,0.0
NV,UT,20230306,0.0
NV,UT,20230315,0.0
NV,UT,20230403,0.0
NV,UT,20230410,0.0
NV,UT,20230530,0.0
NV,UT,20230517,0.0
NV,UT,20230630,0.0
NV,UT,20230615,0.0
NV,UT,20230727,0.0
NV,UT,20230710,0.0
NV,UT,20230803,0.0
NV,UT,20230831,0.0
NV,UT,20230906,0.0
NV,UT,20230912,0.0
NV,UT,20231005,0.0
NV,UT,20231020,0.0
NV,UT,20231129,0.0
NV,UT,20231121,0.0
NV,UT,20231228,0.0
NV,UT,20231218,0.0
NV,CA,20230103,1073074.8029101938
NV,CA,20230130,1280892.3785003922
NV,CA,20230213,1725610.958909314
NV,CA,20230216,1271345.9101101034
NV,CA,20230306,1864358.7654653965
NV,CA,20230315,736396.5894251605
NV,CA,20230403,2071015.43756011
NV,CA,20230410,2190177.1393806133
NV,CA,20230530,2269993.0
NV,CA,20230517,2269993.0
NV,CA,20230630,2269993.0
NV,CA,20230615,2269993.0
NV,CA,20230727,2269993.0
NV,CA,20230710,2269993.0
NV,CA,20230803,2269993.0
NV,CA,20230831,2269993.0
NV,CA,20230906,2269993.0
NV,CA,20230912,2269993.0
NV,CA,20231005,2269993.0
NV,CA,20231020,2269993.0
NV,CA,20231129,2269993.0
NV,CA,20231121,2269993.0
NV,CA,20231228,2269993.0
NV,CA,20231218,2269993.0
MS,TN,20230103,1241291.3563900643
MS,TN,20230130,1500531.0624900612
MS,TN,20230213,988138.2205792381
MS,TN,20230216,1080686.6527900645
MS,TN,20230306,2546708.628953615
MS,TN,20230315,1542502.1078272164
MS,TN,20230403,583572.5031028553
MS,TN,20230410,0.0
MS,TN,20230530,914903.285234625
MS,TN,20230517,848447.6348900645
MS,TN,20230630,1275465.4041879233
MS,TN,20230615,1016309.4289336492
MS,TN,20230727,0.0
MS,TN,20230710,0.0
MS,TN,20230803,0.0
MS,TN,20230831,0.0
MS,TN,20230906,0.0
MS,TN,20230912,0.0
MS,TN,20231005,0.0
MS,TN,20231020,83183.81070036092
MS,TN,20231129,648568.2513432121
MS,TN,20231121,1399995.037221822
MS,TN,20231228,1193492.9028025523
MS,TN,20231218,1615784.578490061
NE,MO,20230103,0.0
NE,MO,20230130,0.0
NE,MO,20230213,0.0
NE,MO,20230216,0.0
NE,MO,20230306,526877.0830027845
NE,MO,20230315,718641.0
NE,MO,20230403,0.0
NE,MO,20230410,0.0
NE,MO,20230530,0.0
NE,MO,20230517,0.0
NE,MO,20230630,0.0
NE,MO,20230615,0.0
NE,MO,20230727,0.0
NE,MO,20230710,0.0
NE,MO,20230803,0.0
NE,MO,20230831,0.0
NE,MO,20230906,0.0
NE,MO,20230912,0.0
NE,MO,20231005,0.0
NE,MO,20231020,0.0
NE,MO,20231129,0.0
NE,MO,20231121,0.0
NE,MO,20231228,0.0
NE,MO,20231218,0.0
ID,MT,20230103,0.0
ID,MT,20230130,0.0
ID,MT,20230213,0.0
ID,MT,20230216,0.0
ID,MT,20230306,0.0
ID,MT,20230315,0.0
ID,MT,20230403,0.0
ID,MT,20230410,0.0
ID,MT,20230530,0.0
ID,MT,20230517,0.0
ID,MT,20230630,0.0
ID,MT,20230615,0.0
ID,MT,20230727,0.0
ID,MT,20230710,0.0
ID,MT,20230803,0.0
ID,MT,20230831,0.0
ID,MT,20230906,0.0
ID,MT,20230912,0.0
ID,MT,20231005,0.0
ID,MT,20231020,0.0
ID,MT,20231129,0.0
ID,MT,20231121,0.0
ID,MT,20231228,0.0
ID,MT,20231218,0.0
LA,MS,20230103,11342774.48635246
LA,MS,20230130,11915253.433275389
LA,MS,20230213,12322296.765020406
LA,MS,20230216,10367267.716822414
LA,MS,20230306,12556604.046912981
LA,MS,20230315,15809854.992933407
LA,MS,20230403,12287091.564191584
LA,MS,20230410,12144478.50317083
LA,MS,20230530,12268807.8617839
LA,MS,20230517,12224374.671203703
LA,MS,20230630,12083053.692268379
LA,MS,20230615,12846618.827129282
LA,MS,20230727,11211590.570107037
LA,MS,20230710,11499760.504918355
LA,MS,20230803,11728854.350591581
LA,MS,20230831,11654824.38485256
LA,MS,20230906,11612940.39892701
LA,MS,20230912,11565759.023038408
LA,MS,20231005,11513099.236656938
LA,MS,20231020,11538312.198279051
LA,MS,20231129,10952224.19534758
LA,MS,20231121,11652072.529645266
LA,MS,20231228,11578270.921302775
LA,MS,20231218,11787768.05484851
IN,OH,20230103,0.0
IN,OH,20230130,0.0
IN,OH,20230213,0.0
IN,OH,20230216,0.0
IN,OH,20230306,0.0
IN,OH,20230315,0.0
IN,OH,20230403,0.0
IN,OH,20230410,0.0
IN,OH,20230530,0.0
IN,OH,20230517,0.0
IN,OH,20230630,0.0
IN,OH,20230615,0.0
IN,OH,20230727,0.0
IN,OH,20230710,0.0
IN,OH,20230803,0.0
IN,OH,20230831,0.0
IN,OH,20230906,0.0
IN,OH,20230912,0.0
IN,OH,20231005,0.0
IN,OH,20231020,0.0
IN,OH,20231129,0.0
IN,OH,20231121,0.0
IN,OH,20231228,0.0
IN,OH,20231218,0.0
GA,NC,20230103,0.0
GA,NC,20230130,0.0
GA,NC,20230213,0.0
GA,NC,20230216,0.0
GA,NC,20230306,0.0
GA,NC,20230315,0.0
GA,NC,20230403,0.0
GA,NC,20230410,0.0
GA,NC,20230530,0.0
GA,NC,20230517,0.0
GA,NC,20230630,0.0
GA,NC,20230615,0.0
GA,NC,20230727,0.0
GA,NC,20230710,0.0
GA,NC,20230803,0.0
GA,NC,20230831,0.0
GA,NC,20230906,0.0
GA,NC,20230912,0.0
GA,NC,20231005,0.0
GA,NC,20231020,0.0
GA,NC,20231129,0.0
GA,NC,20231121,0.0
GA,NC,20231228,0.0
GA,NC,20231218,0.0
OK,TX,20230103,0.0
OK,TX,20230130,0.0
OK,TX,20230213,65492.58336739335
OK,TX,20230216,0.0
OK,TX,20230306,2845940.548172195
OK,TX,20230315,2617286.123918156
OK,TX,20230403,0.0
OK,TX,20230410,0.0
OK,TX,20230530,0.0
OK,TX,20230517,0.0
OK,TX,20230630,0.0
OK,TX,20230615,0.0
OK,TX,20230727,3311070.7641110513
OK,TX,20230710,4451929.562311315
OK,TX,20230803,3263699.2460063808
OK,TX,20230831,3301674.6877847165
OK,TX,20230906,2274370.0725941095
OK,TX,20230912,1405697.2837053456
OK,TX,20231005,1739793.5217608672
OK,TX,20231020,963670.5579833165
OK,TX,20231129,120542.12617046613
OK,TX,20231121,1041345.6256425184
OK,TX,20231228,0.0
OK,TX,20231218,0.0
MT,ND,20230103,461121.2849641133
MT,ND,20230130,262169.4003541135
MT,ND,20230213,338049.3778566566
MT,ND,20230216,500341.75816188543
MT,ND,20230306,1129330.6639856366
MT,ND,20230315,3317363.0
MT,ND,20230403,209047.79826892904
MT,ND,20230410,314019.73003723205
MT,ND,20230530,1361962.706127691
MT,ND,20230517,855694.7952083657
MT,ND,20230630,1340039.492165815
MT,ND,20230615,1349464.7000666333
MT,ND,20230727,806078.2107490416
MT,ND,20230710,782502.5155186993
MT,ND,20230803,959215.3189976686
MT,ND,20230831,1064619.9152187759
MT,ND,20230906,1221290.0846723681
MT,ND,20230912,1242654.3974496513
MT,ND,20231005,588394.8669545357
MT,ND,20231020,1304605.6836077336
MT,ND,20231129,1263578.949572074
MT,ND,20231121,1198889.627480741
MT,ND,20231228,1177449.330144369
MT,ND,20231218,1138297.9509870892
CO,KS,20230103,0.0
CO,KS,20230130,0.0
CO,KS,20230213,0.0
CO,KS,20230216,0.0
CO,KS,20230306,0.0
CO,KS,20230315,0.0
CO,KS,20230403,0.0
CO,KS,20230410,0.0
CO,KS,20230530,28723.172524077123
CO,KS,20230517,0.0
CO,KS,20230630,0.0
CO,KS,20230615,0.0
CO,KS,20230727,0.0
CO,KS,20230710,0.0
CO,KS,20230803,0.0
CO,KS,20230831,0.0
CO,KS,20230906,0.0
CO,KS,20230912,0.0
CO,KS,20231005,0.0
CO,KS,20231020,0.0
CO,KS,20231129,0.0
CO,KS,20231121,0.0
CO,KS,20231228,0.0
CO,KS,20231218,0.0
TN,VA,20230103,0.0
TN,VA,20230130,0.0
TN,VA,20230213,0.0
TN,VA,20230216,0.0
TN,VA,20230306,0.0
TN,VA,20230315,0.0
TN,VA,20230403,0.0
TN,VA,20230410,0.0
TN,VA,20230530,0.0
TN,VA,20230517,0.0
TN,VA,20230630,0.0
TN,VA,20230615,0.0
TN,VA,20230727,0.0
TN,VA,20230710,0.0
TN,VA,20230803,0.0
TN,VA,20230831,0.0
TN,VA,20230906,0.0
TN,VA,20230912,0.0
TN,VA,20231005,0.0
TN,VA,20231020,0.0
TN,VA,20231129,0.0
TN,VA,20231121,0.0
TN,VA,20231228,0.0
TN,VA,20231218,0.0
AR,MO,20230103,1606509.0470148092
AR,MO,20230130,28267.098278117555
AR,MO,20230213,0.0
AR,MO,20230216,246124.10898524406
AR,MO,20230306,2863157.0
AR,MO,20230315,2863157.0
AR,MO,20230403,2514165.739090957
AR,MO,20230410,2863157.0
AR,MO,20230530,2751276.4834449952
AR,MO,20230517,2863157.0
AR,MO,20230630,539473.4819725117
AR,MO,20230615,1734029.7208201252
AR,MO,20230727,981502.3377519771
AR,MO,20230710,1000283.0364201008
AR,MO,20230803,984931.0842446889
AR,MO,20230831,1012743.9079557337
AR,MO,20230906,87345.88119803648
AR,MO,20230912,0.0
AR,MO,20231005,0.0
AR,MO,20231020,0.0
AR,MO,20231129,0.0
AR,MO,20231121,0.0
AR,MO,20231228,0.0
AR,MO,20231218,1050547.7474277995
WA,OR,20230103,1396943.7359492825
WA,OR,20230130,1133944.875658056
WA,OR,20230213,1934482.165499987
WA,OR,20230216,1723260.399899987
WA,OR,20230306,2012705.0004932343
WA,OR,20230315,2383593.7058548294
WA,OR,20230403,1839904.5993333296
WA,OR,20230410,2267609.6824000003
WA,OR,20230530,2112423.602873874
WA,OR,20230517,2136933.2786438745
WA,OR,20230630,2631099.976191974
WA,OR,20230615,2420291.9837933267
WA,OR,20230727,2438750.288479843
WA,OR,20230710,2453222.5328400256
WA,OR,20230803,2378753.1670116335
WA,OR,20230831,2326835.9138099295
WA,OR,20230906,2396339.1410036264
WA,OR,20230912,2448674.511400588
WA,OR,20231005,2106477.0236834423
WA,OR,20231020,1532458.277094935
WA,OR,20231129,1127264.595601002
WA,OR,20231121,1356922.6522999988
WA,OR,20231228,3221045.655500001
WA,OR,20231218,2232867.8048788593
OH,PA,20230103,0.0
OH,PA,20230130,0.0
OH,PA,20230213,0.0
OH,PA,20230216,0.0
OH,PA,20230306,0.0
OH,PA,20230315,0.0
OH,PA,20230403,0.0
OH,PA,20230410,0.0
OH,PA,20230530,0.0
OH,PA,20230517,0.0
OH,PA,20230630,0.0
OH,PA,20230615,0.0
OH,PA,20230727,0.0
OH,PA,20230710,0.0
OH,PA,20230803,0.0
OH,PA,20230831,0.0
OH,PA,20230906,0.0
OH,PA,20230912,0.0
OH,PA,20231005,0.0
OH,PA,20231020,0.0
OH,PA,20231129,0.0
OH,PA,20231121,0.0
OH,PA,20231228,0.0
OH,PA,20231218,0.0
TN,MO,20230103,0.0
TN,MO,20230130,0.0
TN,MO,20230213,0.0
TN,MO,20230216,0.0
TN,MO,20230306,0.0
TN,MO,20230315,0.0
TN,MO,20230403,0.0
TN,MO,20230410,0.0
TN,MO,20230530,0.0
TN,MO,20230517,0.0
TN,MO,20230630,0.0
TN,MO,20230615,0.0
TN,MO,20230727,0.0
TN,MO,20230710,0.0
TN,MO,20230803,0.0
TN,MO,20230831,0.0
TN,MO,20230906,0.0
TN,MO,20230912,0.0
TN,MO,20231005,0.0
TN,MO,20231020,0.0
TN,MO,20231129,0.0
TN,MO,20231121,0.0
TN,MO,20231228,0.0
TN,MO,20231218,0.0
OR,NV,20230103,0.0
OR,NV,20230130,0.0
OR,NV,20230213,0.0
OR,NV,20230216,0.0
OR,NV,20230306,0.0
OR,NV,20230315,0.0
OR,NV,20230403,0.0
OR,NV,20230410,0.0
OR,NV,20230530,0.0
OR,NV,20230517,0.0
OR,NV,20230630,0.0
OR,NV,20230615,0.0
OR,NV,20230727,0.0
OR,NV,20230710,0.0
OR,NV,20230803,0.0
OR,NV,20230831,0.0
OR,NV,20230906,0.0
OR,NV,20230912,0.0
OR,NV,20231005,0.0
OR,NV,20231020,0.0
OR,NV,20231129,0.0
OR,NV,20231121,0.0
OR,NV,20231228,0.0
OR,NV,20231218,0.0
IA,NE,20230103,0.0
IA,NE,20230130,0.0
IA,NE,20230213,0.0
IA,NE,20230216,0.0
IA,NE,20230306,0.0
IA,NE,20230315,0.0
IA,NE,20230403,0.0
IA,NE,20230410,0.0
IA,NE,20230530,0.0
IA,NE,20230517,0.0
IA,NE,20230630,0.0
IA,NE,20230615,0.0
IA,NE,20230727,0.0
IA,NE,20230710,0.0
IA,NE,20230803,0.0
IA,NE,20230831,0.0
IA,NE,20230906,0.0
IA,NE,20230912,0.0
IA,NE,20231005,0.0
IA,NE,20231020,0.0
IA,NE,20231129,0.0
IA,NE,20231121,0.0
IA,NE,20231228,0.0
IA,NE,20231218,0.0
MA,VT,20230103,0.0
MA,VT,20230130,0.0
MA,VT,20230213,0.0
MA,VT,20230216,0.0
MA,VT,20230306,0.0
MA,VT,20230315,0.0
MA,VT,20230403,0.0
MA,VT,20230410,0.0
MA,VT,20230530,0.0
MA,VT,20230517,0.0
MA,VT,20230630,0.0
MA,VT,20230615,0.0
MA,VT,20230727,0.0
MA,VT,20230710,0.0
MA,VT,20230803,0.0
MA,VT,20230831,0.0
MA,VT,20230906,0.0
MA,VT,20230912,0.0
MA,VT,20231005,0.0
MA,VT,20231020,0.0
MA,VT,20231129,0.0
MA,VT,20231121,0.0
MA,VT,20231228,0.0
MA,VT,20231218,0.0
OH,IN,20230103,2570613.306717932
OH,IN,20230130,1939531.340817927
OH,IN,20230213,2041534.112417926
OH,IN,20230216,3105923.939417932
OH,IN,20230306,2501376.6054179315
OH,IN,20230315,527393.4242816757
OH,IN,20230403,2093011.3280937576
OH,IN,20230410,2576261.1605259874
OH,IN,20230530,3963266.2902793866
OH,IN,20230517,3583080.2916721236
OH,IN,20230630,3822268.8405463393
OH,IN,20230615,3664653.7200060114
OH,IN,20230727,3738411.233317934
OH,IN,20230710,3695872.7550193807
OH,IN,20230803,3695399.9423296964
OH,IN,20230831,3569629.5764519386
OH,IN,20230906,3506156.419151157
OH,IN,20230912,3125494.354191117
OH,IN,20231005,2938260.1622203793
OH,IN,20231020,2825131.473647898
OH,IN,20231129,0.0
OH,IN,20231121,1789408.249133363
OH,IN,20231228,2087231.9728993154
OH,IN,20231218,2565642.7492984487
FL,AL,20230103,0.0
FL,AL,20230130,0.0
FL,AL,20230213,0.0
FL,AL,20230216,0.0
FL,AL,20230306,0.0
FL,AL,20230315,0.0
FL,AL,20230403,0.0
FL,AL,20230410,0.0
FL,AL,20230530,0.0
FL,AL,20230517,0.0
FL,AL,20230630,0.0
FL,AL,20230615,0.0
FL,AL,20230727,0.0
FL,AL,20230710,0.0
FL,AL,20230803,0.0
FL,AL,20230831,0.0
FL,AL,20230906,0.0
FL,AL,20230912,0.0
FL,AL,20231005,0.0
FL,AL,20231020,0.0
FL,AL,20231129,0.0
FL,AL,20231121,0.0
FL,AL,20231228,0.0
FL,AL,20231218,0.0
ID,OR,20230103,444873.0
ID,OR,20230130,444873.0
ID,OR,20230213,444873.0
ID,OR,20230216,444873.0
ID,OR,20230306,444873.0
ID,OR,20230315,444873.0
ID,OR,20230403,444873.0
ID,OR,20230410,444873.0
ID,OR,20230530,444873.0
ID,OR,20230517,444873.0
ID,OR,20230630,444873.0
ID,OR,20230615,444873.0
ID,OR,20230727,444873.0
ID,OR,20230710,444873.0
ID,OR,20230803,444873.0
ID,OR,20230831,444873.0
ID,OR,20230906,444873.0
ID,OR,20230912,444873.0
ID,OR,20231005,444873.0
ID,OR,20231020,444873.0
ID,OR,20231129,444873.0
ID,OR,20231121,444873.0
ID,OR,20231228,444873.0
ID,OR,20231218,444873.0
AZ,CO,20230103,0.0
AZ,CO,20230130,0.0
AZ,CO,20230213,0.0
AZ,CO,20230216,0.0
AZ,CO,20230306,0.0
AZ,CO,20230315,0.0
AZ,CO,20230403,0.0
AZ,CO,20230410,0.0
AZ,CO,20230530,0.0
AZ,CO,20230517,0.0
AZ,CO,20230630,0.0
AZ,CO,20230615,0.0
AZ,CO,20230727,0.0
AZ,CO,20230710,0.0
AZ,CO,20230803,0.0
AZ,CO,20230831,0.0
AZ,CO,20230906,0.0
AZ,CO,20230912,0.0
AZ,CO,20231005,0.0
AZ,CO,20231020,0.0
AZ,CO,20231129,0.0
AZ,CO,20231121,0.0
AZ,CO,20231228,0.0
AZ,CO,20231218,0.0
CO,WY,20230103,0.0
CO,WY,20230130,0.0
CO,WY,20230213,0.0
CO,WY,20230216,0.0
CO,WY,20230306,0.0
CO,WY,20230315,0.0
CO,WY,20230403,0.0
CO,WY,20230410,0.0
CO,WY,20230530,0.0
CO,WY,20230517,0.0
CO,WY,20230630,0.0
CO,WY,20230615,0.0
CO,WY,20230727,0.0
CO,WY,20230710,0.0
CO,WY,20230803,0.0
CO,WY,20230831,0.0
CO,WY,20230906,0.0
CO,WY,20230912,0.0
CO,WY,20231005,0.0
CO,WY,20231020,0.0
CO,WY,20231129,0.0
CO,WY,20231121,0.0
CO,WY,20231228,0.0
CO,WY,20231218,0.0
WI,IL,20230103,0.0
WI,IL,20230130,0.0
WI,IL,20230213,0.0
WI,IL,20230216,0.0
WI,IL,20230306,0.0
WI,IL,20230315,0.0
WI,IL,20230403,0.0
WI,IL,20230410,0.0
WI,IL,20230530,0.0
WI,IL,20230517,0.0
WI,IL,20230630,0.0
WI,IL,20230615,0.0
WI,IL,20230727,0.0
WI,IL,20230710,0.0
WI,IL,20230803,0.0
WI,IL,20230831,0.0
WI,IL,20230906,0.0
WI,IL,20230912,0.0
WI,IL,20231005,0.0
WI,IL,20231020,0.0
WI,IL,20231129,0.0
WI,IL,20231121,0.0
WI,IL,20231228,0.0
WI,IL,20231218,0.0
NJ,NY,20230103,3407612.823594943
NJ,NY,20230130,3018230.9806716447
NJ,NY,20230213,2923445.0358696384
NJ,NY,20230216,1096980.1619333094
NJ,NY,20230306,2784211.458899091
NJ,NY,20230315,4424058.114774612
NJ,NY,20230403,4128545.9163411357
NJ,NY,20230410,3350324.4319214155
NJ,NY,20230530,717888.2826178921
NJ,NY,20230517,896657.5039588676
NJ,NY,20230630,0.0
NJ,NY,20230615,184459.17737225303
NJ,NY,20230727,0.0
NJ,NY,20230710,0.0
NJ,NY,20230803,403812.43358263234
NJ,NY,20230831,689682.571595098
NJ,NY,20230906,1009411.2380340574
NJ,NY,20230912,1368897.8124590423
NJ,NY,20231005,1713707.2857082444
NJ,NY,20231020,2290940.5469873482
NJ,NY,20231129,5390326.0
NJ,NY,20231121,5030179.515403104
NJ,NY,20231228,3487952.3635647222
NJ,NY,20231218,2240940.0831787614
MI,IN,20230103,0.0
MI,IN,20230130,0.0
MI,IN,20230213,0.0
MI,IN,20230216,0.0
MI,IN,20230306,0.0
MI,IN,20230315,0.0
MI,IN,20230403,0.0
MI,IN,20230410,0.0
MI,IN,20230530,0.0
MI,IN,20230517,0.0
MI,IN,20230630,0.0
MI,IN,20230615,0.0
MI,IN,20230727,0.0
MI,IN,20230710,0.0
MI,IN,20230803,0.0
MI,IN,20230831,0.0
MI,IN,20230906,0.0
MI,IN,20230912,0.0
MI,IN,20231005,0.0
MI,IN,20231020,0.0
MI,IN,20231129,0.0
MI,IN,20231121,0.0
MI,IN,20231228,0.0
MI,IN,20231218,0.0
MN,WI,20230103,0.0
MN,WI,20230130,0.0
MN,WI,20230213,252753.88087401039
MN,WI,20230216,0.0
MN,WI,20230306,750982.1560544542
MN,WI,20230315,2773312.783258145
MN,WI,20230403,0.0
MN,WI,20230410,0.0
MN,WI,20230530,1622010.5511384944
MN,WI,20230517,1154966.4365363766
MN,WI,20230630,1602618.918807099
MN,WI,20230615,932682.8269330041
MN,WI,20230727,1606393.206900001
MN,WI,20230710,1616765.551683606
MN,WI,20230803,1615720.0858976303
MN,WI,20230831,1651353.4330987476
MN,WI,20230906,1645163.4505062085
MN,WI,20230912,1549966.4316916899
MN,WI,20231005,622020.1420545105
MN,WI,20231020,1195964.1977377257
MN,WI,20231129,559913.8348294029
MN,WI,20231121,1303868.4949493636
MN,WI,20231228,1274900.1161900368
MN,WI,20231218,1309673.7872261922
NV,OR,20230103,0.0
NV,OR,20230130,0.0
NV,OR,20230213,0.0
NV,OR,20230216,0.0
NV,OR,20230306,0.0
NV,OR,20230315,0.0
NV,OR,20230403,0.0
NV,OR,20230410,0.0
NV,OR,20230530,85206.10304641025
NV,OR,20230517,375697.7555355071
NV,OR,20230630,0.0
NV,OR,20230615,255159.38852490133
NV,OR,20230727,0.0
NV,OR,20230710,0.0
NV,OR,20230803,0.0
NV,OR,20230831,0.0
NV,OR,20230906,0.0
NV,OR,20230912,0.0
NV,OR,20231005,0.0
NV,OR,20231020,0.0
NV,OR,20231129,0.0
NV,OR,20231121,0.0
NV,OR,20231228,0.0
NV,OR,20231218,0.0
AR,TX,20230103,0.0
AR,TX,20230130,0.0
AR,TX,20230213,0.0
AR,TX,20230216,0.0
AR,TX,20230306,0.0
AR,TX,20230315,0.0
AR,TX,20230403,0.0
AR,TX,20230410,0.0
AR,TX,20230530,0.0
AR,TX,20230517,0.0
AR,TX,20230630,0.0
AR,TX,20230615,0.0
AR,TX,20230727,0.0
AR,TX,20230710,0.0
AR,TX,20230803,0.0
AR,TX,20230831,0.0
AR,TX,20230906,0.0
AR,TX,20230912,0.0
AR,TX,20231005,0.0
AR,TX,20231020,0.0
AR,TX,20231129,0.0
AR,TX,20231121,0.0
AR,TX,20231228,0.0
AR,TX,20231218,0.0
VA,KY,20230103,0.0
VA,KY,20230130,0.0
VA,KY,20230213,0.0
VA,KY,20230216,0.0
VA,KY,20230306,0.0
VA,KY,20230315,0.0
VA,KY,20230403,0.0
VA,KY,20230410,0.0
VA,KY,20230530,0.0
VA,KY,20230517,0.0
VA,KY,20230630,0.0
VA,KY,20230615,0.0
VA,KY,20230727,0.0
VA,KY,20230710,0.0
VA,KY,20230803,0.0
VA,KY,20230831,0.0
VA,KY,20230906,0.0
VA,KY,20230912,0.0
VA,KY,20231005,0.0
VA,KY,20231020,0.0
VA,KY,20231129,0.0
VA,KY,20231121,0.0
VA,KY,20231228,0.0
VA,KY,20231218,0.0
AZ,NM,20230103,0.0
AZ,NM,20230130,0.0
AZ,NM,20230213,0.0
AZ,NM,20230216,0.0
AZ,NM,20230306,0.0
AZ,NM,20230315,0.0
AZ,NM,20230403,0.0
AZ,NM,20230410,0.0
AZ,NM,20230530,0.0
AZ,NM,20230517,0.0
AZ,NM,20230630,0.0
AZ,NM,20230615,0.0
AZ,NM,20230727,0.0
AZ,NM,20230710,0.0
AZ,NM,20230803,0.0
AZ,NM,20230831,0.0
AZ,NM,20230906,0.0
AZ,NM,20230912,0.0
AZ,NM,20231005,0.0
AZ,NM,20231020,0.0
AZ,NM,20231129,0.0
AZ,NM,20231121,0.0
AZ,NM,20231228,0.0
AZ,NM,20231218,0.0
WY,CO,20230103,0.0
WY,CO,20230130,0.0
WY,CO,20230213,0.0
WY,CO,20230216,0.0
WY,CO,20230306,0.0
WY,CO,20230315,0.0
WY,CO,20230403,0.0
WY,CO,20230410,0.0
WY,CO,20230530,0.0
WY,CO,20230517,0.0
WY,CO,20230630,0.0
WY,CO,20230615,0.0
WY,CO,20230727,0.0
WY,CO,20230710,0.0
WY,CO,20230803,0.0
WY,CO,20230831,0.0
WY,CO,20230906,0.0
WY,CO,20230912,0.0
WY,CO,20231005,0.0
WY,CO,20231020,0.0
WY,CO,20231129,0.0
WY,CO,20231121,0.0
WY,CO,20231228,0.0
WY,CO,20231218,0.0
GA,SC,20230103,0.0
GA,SC,20230130,0.0
GA,SC,20230213,0.0
GA,SC,20230216,0.0
GA,SC,20230306,0.0
GA,SC,20230315,981016.1201740653
GA,SC,20230403,0.0
GA,SC,20230410,0.0
GA,SC,20230530,0.0
GA,SC,20230517,0.0
GA,SC,20230630,0.0
GA,SC,20230615,0.0
GA,SC,20230727,0.0
GA,SC,20230710,0.0
GA,SC,20230803,0.0
GA,SC,20230831,0.0
GA,SC,20230906,34115.05067691114
GA,SC,20230912,448382.3938559735
GA,SC,20231005,604325.376942808
GA,SC,20231020,613914.8294624038
GA,SC,20231129,1550929.5453761844
GA,SC,20231121,107553.35804510117
GA,SC,20231228,0.0
GA,SC,20231218,0.0
MO,AR,20230103,0.0
MO,AR,20230130,0.0
MO,AR,20230213,0.0
MO,AR,20230216,0.0
MO,AR,20230306,0.0
MO,AR,20230315,0.0
MO,AR,20230403,0.0
MO,AR,20230410,0.0
MO,AR,20230530,0.0
MO,AR,20230517,0.0
MO,AR,20230630,0.0
MO,AR,20230615,0.0
MO,AR,20230727,0.0
MO,AR,20230710,0.0
MO,AR,20230803,0.0
MO,AR,20230831,0.0
MO,AR,20230906,0.0
MO,AR,20230912,0.0
MO,AR,20231005,0.0
MO,AR,20231020,0.0
MO,AR,20231129,0.0
MO,AR,20231121,0.0
MO,AR,20231228,0.0
MO,AR,20231218,0.0
IN,KY,20230103,0.0
IN,KY,20230130,0.0
IN,KY,20230213,0.0
IN,KY,20230216,0.0
IN,KY,20230306,0.0
IN,KY,20230315,0.0
IN,KY,20230403,0.0
IN,KY,20230410,0.0
IN,KY,20230530,0.0
IN,KY,20230517,0.0
IN,KY,20230630,0.0
IN,KY,20230615,0.0
IN,KY,20230727,0.0
IN,KY,20230710,0.0
IN,KY,20230803,0.0
IN,KY,20230831,0.0
IN,KY,20230906,0.0
IN,KY,20230912,0.0
IN,KY,20231005,0.0
IN,KY,20231020,0.0
IN,KY,20231129,0.0
IN,KY,20231121,0.0
IN,KY,20231228,0.0
IN,KY,20231218,0.0
KS,CO,20230103,0.0
KS,CO,20230130,0.0
KS,CO,20230213,0.0
KS,CO,20230216,0.0
KS,CO,20230306,0.0
KS,CO,20230315,0.0
KS,CO,20230403,0.0
KS,CO,20230410,0.0
KS,CO,20230530,0.0
KS,CO,20230517,0.0
KS,CO,20230630,0.0
KS,CO,20230615,0.0
KS,CO,20230727,0.0
KS,CO,20230710,0.0
KS,CO,20230803,0.0
KS,CO,20230831,0.0
KS,CO,20230906,0.0
KS,CO,20230912,0.0
KS,CO,20231005,0.0
KS,CO,20231020,0.0
KS,CO,20231129,0.0
KS,CO,20231121,0.0
KS,CO,20231228,0.0
KS,CO,20231218,0.0
IA,MN,20230103,19607.624088817276
IA,MN,20230130,1078452.269689082
IA,MN,20230213,0.0
IA,MN,20230216,0.0
IA,MN,20230306,0.0
IA,MN,20230315,329277.5444818868
IA,MN,20230403,144785.4195695615
IA,MN,20230410,0.0
IA,MN,20230530,0.0
IA,MN,20230517,0.0
IA,MN,20230630,0.0
IA,MN,20230615,0.0
IA,MN,20230727,0.0
IA,MN,20230710,0.0
IA,MN,20230803,0.0
IA,MN,20230831,0.0
IA,MN,20230906,0.0
IA,MN,20230912,0.0
IA,MN,20231005,0.0
IA,MN,20231020,0.0
IA,MN,20231129,0.0
IA,MN,20231121,0.0
IA,MN,20231228,0.0
IA,MN,20231218,0.0
NH,ME,20230103,476795.2770169261
NH,ME,20230130,402006.1392649233
NH,ME,20230213,314844.560157142
NH,ME,20230216,313846.039257142
NH,ME,20230306,465146.8992252889
NH,ME,20230315,462322.44829199364
NH,ME,20230403,455844.01323604165
NH,ME,20230410,487311.02611295186
NH,ME,20230530,459329.4786517369
NH,ME,20230517,458451.31883271656
NH,ME,20230630,431306.51543258096
NH,ME,20230615,451615.84946918883
NH,ME,20230727,383109.4140827041
NH,ME,20230710,390907.33419555146
NH,ME,20230803,472235.36600989907
NH,ME,20230831,486532.088697794
NH,ME,20230906,508500.6327173098
NH,ME,20230912,521355.12872499134
NH,ME,20231005,492368.6707581096
NH,ME,20231020,502245.03539903293
NH,ME,20231129,624076.9571866661
NH,ME,20231121,631259.9937066664
NH,ME,20231228,561095.516158878
NH,ME,20231218,495439.98439100967
KY,VA,20230103,0.0
KY,VA,20230130,0.0
KY,VA,20230213,0.0
KY,VA,20230216,0.0
KY,VA,20230306,0.0
KY,VA,20230315,0.0
KY,VA,20230403,0.0
KY,VA,20230410,0.0
KY,VA,20230530,0.0
KY,VA,20230517,0.0
KY,VA,20230630,0.0
KY,VA,20230615,0.0
KY,VA,20230727,0.0
KY,VA,20230710,0.0
KY,VA,20230803,0.0
KY,VA,20230831,0.0
KY,VA,20230906,0.0
KY,VA,20230912,0.0
KY,VA,20231005,0.0
KY,VA,20231020,0.0
KY,VA,20231129,0.0
KY,VA,20231121,0.0
KY,VA,20231228,0.0
KY,VA,20231218,0.0
MA,RI,20230103,0.0
MA,RI,20230130,0.0
MA,RI,20230213,0.0
MA,RI,20230216,0.0
MA,RI,20230306,0.0
MA,RI,20230315,0.0
MA,RI,20230403,0.0
MA,RI,20230410,0.0
MA,RI,20230530,0.0
MA,RI,20230517,0.0
MA,RI,20230630,147458.05016103623
MA,RI,20230615,167202.9911105865
MA,RI,20230727,170612.83369903365
MA,RI,20230710,190299.12775585768
MA,RI,20230803,109274.26151064137
MA,RI,20230831,0.0
MA,RI,20230906,0.0
MA,RI,20230912,0.0
MA,RI,20231005,0.0
MA,RI,20231020,0.0
MA,RI,20231129,0.0
MA,RI,20231121,0.0
MA,RI,20231228,0.0
MA,RI,20231218,0.0
IA,MO,20230103,0.0
IA,MO,20230130,0.0
IA,MO,20230213,0.0
IA,MO,20230216,0.0
IA,MO,20230306,0.0
IA,MO,20230315,0.0
IA,MO,20230403,0.0
IA,MO,20230410,0.0
IA,MO,20230530,0.0
IA,MO,20230517,0.0
IA,MO,20230630,0.0
IA,MO,20230615,0.0
IA,MO,20230727,0.0
IA,MO,20230710,0.0
IA,MO,20230803,0.0
IA,MO,20230831,0.0
IA,MO,20230906,0.0
IA,MO,20230912,0.0
IA,MO,20231005,0.0
IA,MO,20231020,0.0
IA,MO,20231129,0.0
IA,MO,20231121,0.0
IA,MO,20231228,0.0
IA,MO,20231218,0.0
IA,IL,20230103,0.0
IA,IL,20230130,0.0
IA,IL,20230213,0.0
IA,IL,20230216,0.0
IA,IL,20230306,0.0
IA,IL,20230315,1272671.302597237
IA,IL,20230403,174972.42101729568
IA,IL,20230410,0.0
IA,IL,20230530,0.0
IA,IL,20230517,1244873.4282826819
IA,IL,20230630,0.0
IA,IL,20230615,0.0
IA,IL,20230727,0.0
IA,IL,20230710,0.0
IA,IL,20230803,128074.69072046131
IA,IL,20230831,702186.338767644
IA,IL,20230906,797887.5874882315
IA,IL,20230912,1807942.924231878
IA,IL,20231005,1605567.3786149235
IA,IL,20231020,1934932.8709682303
IA,IL,20231129,0.0
IA,IL,20231121,1791549.3100350276
IA,IL,20231228,1753651.6421974804
IA,IL,20231218,1778336.256697085
AZ,UT,20230103,0.0
AZ,UT,20230130,0.0
AZ,UT,20230213,0.0
AZ,UT,20230216,0.0
AZ,UT,20230306,0.0
AZ,UT,20230315,0.0
AZ,UT,20230403,0.0
AZ,UT,20230410,0.0
AZ,UT,20230530,0.0
AZ,UT,20230517,0.0
AZ,UT,20230630,0.0
AZ,UT,20230615,0.0
AZ,UT,20230727,0.0
AZ,UT,20230710,0.0
AZ,UT,20230803,0.0
AZ,UT,20230831,0.0
AZ,UT,20230906,0.0
AZ,UT,20230912,0.0
AZ,UT,20231005,0.0
AZ,UT,20231020,0.0
AZ,UT,20231129,0.0
AZ,UT,20231121,0.0
AZ,UT,20231228,0.0
AZ,UT,20231218,0.0
VT,NY,20230103,0.0
VT,NY,20230130,0.0
VT,NY,20230213,0.0
VT,NY,20230216,0.0
VT,NY,20230306,0.0
VT,NY,20230315,0.0
VT,NY,20230403,0.0
VT,NY,20230410,0.0
VT,NY,20230530,0.0
VT,NY,20230517,0.0
VT,NY,20230630,0.0
VT,NY,20230615,0.0
VT,NY,20230727,0.0
VT,NY,20230710,0.0
VT,NY,20230803,0.0
VT,NY,20230831,0.0
VT,NY,20230906,0.0
VT,NY,20230912,0.0
VT,NY,20231005,0.0
VT,NY,20231020,0.0
VT,NY,20231129,0.0
VT,NY,20231121,0.0
VT,NY,20231228,0.0
VT,NY,20231218,0.0
AZ,CA,20230103,3865344.97630612
AZ,CA,20230130,3850639.02426612
AZ,CA,20230213,3977192.0841866178
AZ,CA,20230216,3478988.268846598
AZ,CA,20230306,4016121.340377673
AZ,CA,20230315,3732833.6510622995
AZ,CA,20230403,3016948.272133998
AZ,CA,20230410,1440340.3719587196
AZ,CA,20230530,3296245.416634889
AZ,CA,20230517,1892951.2725445912
AZ,CA,20230630,0.0
AZ,CA,20230615,27902.236007248866
AZ,CA,20230727,4580625.228790063
AZ,CA,20230710,1322047.3574168414
AZ,CA,20230803,4672419.947051368
AZ,CA,20230831,4735048.925980172
AZ,CA,20230906,4189754.028175354
AZ,CA,20230912,481118.91218112875
AZ,CA,20231005,2233148.491068814
AZ,CA,20231020,3560413.059347869
AZ,CA,20231129,3860577.1923668343
AZ,CA,20231121,3895314.123677601
AZ,CA,20231228,3695078.620893652
AZ,CA,20231218,3889732.4999156687
PA,WV,20230103,0.0
PA,WV,20230130,0.0
PA,WV,20230213,0.0
PA,WV,20230216,0.0
PA,WV,20230306,0.0
PA,WV,20230315,0.0
PA,WV,20230403,0.0
PA,WV,20230410,0.0
PA,WV,20230530,0.0
PA,WV,20230517,0.0
PA,WV,20230630,0.0
PA,WV,20230615,0.0
PA,WV,20230727,0.0
PA,WV,20230710,0.0
PA,WV,20230803,0.0
PA,WV,20230831,0.0
PA,WV,20230906,0.0
PA,WV,20230912,0.0
PA,WV,20231005,0.0
PA,WV,20231020,0.0
PA,WV,20231129,0.0
PA,WV,20231121,0.0
PA,WV,20231228,0.0
PA,WV,20231218,0.0
WY,ID,20230103,0.0
WY,ID,20230130,0.0
WY,ID,20230213,0.0
WY,ID,20230216,0.0
WY,ID,20230306,0.0
WY,ID,20230315,0.0
WY,ID,20230403,0.0
WY,ID,20230410,0.0
WY,ID,20230530,0.0
WY,ID,20230517,0.0
WY,ID,20230630,0.0
WY,ID,20230615,0.0
WY,ID,20230727,0.0
WY,ID,20230710,0.0
WY,ID,20230803,0.0
WY,ID,20230831,0.0
WY,ID,20230906,0.0
WY,ID,20230912,0.0
WY,ID,20231005,0.0
WY,ID,20231020,0.0
WY,ID,20231129,0.0
WY,ID,20231121,0.0
WY,ID,20231228,0.0
WY,ID,20231218,0.0
KY,MO,20230103,0.0
KY,MO,20230130,0.0
KY,MO,20230213,0.0
KY,MO,20230216,0.0
KY,MO,20230306,0.0
KY,MO,20230315,0.0
KY,MO,20230403,0.0
KY,MO,20230410,0.0
KY,MO,20230530,0.0
KY,MO,20230517,0.0
KY,MO,20230630,0.0
KY,MO,20230615,0.0
KY,MO,20230727,0.0
KY,MO,20230710,0.0
KY,MO,20230803,0.0
KY,MO,20230831,0.0
KY,MO,20230906,0.0
KY,MO,20230912,0.0
KY,MO,20231005,0.0
KY,MO,20231020,0.0
KY,MO,20231129,0.0
KY,MO,20231121,0.0
KY,MO,20231228,0.0
KY,MO,20231218,0.0
KY,OH,20230103,0.0
KY,OH,20230130,0.0
KY,OH,20230213,0.0
KY,OH,20230216,0.0
KY,OH,20230306,0.0
KY,OH,20230315,0.0
KY,OH,20230403,0.0
KY,OH,20230410,0.0
KY,OH,20230530,0.0
KY,OH,20230517,0.0
KY,OH,20230630,0.0
KY,OH,20230615,0.0
KY,OH,20230727,0.0
KY,OH,20230710,0.0
KY,OH,20230803,0.0
KY,OH,20230831,0.0
KY,OH,20230906,0.0
KY,OH,20230912,0.0
KY,OH,20231005,0.0
KY,OH,20231020,0.0
KY,OH,20231129,0.0
KY,OH,20231121,0.0
KY,OH,20231228,0.0
KY,OH,20231218,0.0
KY,IL,20230103,1601128.0
KY,IL,20230130,1601128.0
KY,IL,20230213,1601128.0
KY,IL,20230216,1601128.0
KY,IL,20230306,1601128.0
KY,IL,20230315,1601128.0
KY,IL,20230403,1452573.7542131701
KY,IL,20230410,1013553.0401524843
KY,IL,20230530,1601128.0
KY,IL,20230517,1601128.0
KY,IL,20230630,1601128.0
KY,IL,20230615,1601128.0
KY,IL,20230727,1601128.0
KY,IL,20230710,1601128.0
KY,IL,20230803,1601128.0
KY,IL,20230831,1601128.0
KY,IL,20230906,1601128.0
KY,IL,20230912,1601128.0
KY,IL,20231005,1601128.0
KY,IL,20231020,1601128.0
KY,IL,20231129,1601128.0
KY,IL,20231121,1601128.0
KY,IL,20231228,1601128.0
KY,IL,20231218,1601128.0
TN,KY,20230103,0.0
TN,KY,20230130,0.0
TN,KY,20230213,0.0
TN,KY,20230216,0.0
TN,KY,20230306,0.0
TN,KY,20230315,0.0
TN,KY,20230403,0.0
TN,KY,20230410,0.0
TN,KY,20230530,0.0
TN,KY,20230517,0.0
TN,KY,20230630,0.0
TN,KY,20230615,0.0
TN,KY,20230727,0.0
TN,KY,20230710,0.0
TN,KY,20230803,0.0
TN,KY,20230831,0.0
TN,KY,20230906,0.0
TN,KY,20230912,0.0
TN,KY,20231005,0.0
TN,KY,20231020,0.0
TN,KY,20231129,0.0
TN,KY,20231121,0.0
TN,KY,20231228,0.0
TN,KY,20231218,0.0
NE,SD,20230103,129625.0
NE,SD,20230130,129625.0
NE,SD,20230213,129625.0
NE,SD,20230216,129625.0
NE,SD,20230306,129625.0
NE,SD,20230315,129625.0
NE,SD,20230403,129625.0
NE,SD,20230410,70317.59162825017
NE,SD,20230530,37102.035656733206
NE,SD,20230517,129625.0
NE,SD,20230630,0.0
NE,SD,20230615,0.0
NE,SD,20230727,129625.0
NE,SD,20230710,129625.0
NE,SD,20230803,129625.0
NE,SD,20230831,129625.0
NE,SD,20230906,129625.0
NE,SD,20230912,129625.0
NE,SD,20231005,129625.0
NE,SD,20231020,129625.0
NE,SD,20231129,129625.0
NE,SD,20231121,129625.0
NE,SD,20231228,129625.0
NE,SD,20231218,129625.0
NC,VA,20230103,0.0
NC,VA,20230130,0.0
NC,VA,20230213,0.0
NC,VA,20230216,0.0
NC,VA,20230306,0.0
NC,VA,20230315,0.0
NC,VA,20230403,0.0
NC,VA,20230410,0.0
NC,VA,20230530,0.0
NC,VA,20230517,0.0
NC,VA,20230630,0.0
NC,VA,20230615,0.0
NC,VA,20230727,0.0
NC,VA,20230710,0.0
NC,VA,20230803,0.0
NC,VA,20230831,0.0
NC,VA,20230906,0.0
NC,VA,20230912,0.0
NC,VA,20231005,0.0
NC,VA,20231020,0.0
NC,VA,20231129,0.0
NC,VA,20231121,0.0
NC,VA,20231228,0.0
NC,VA,20231218,0.0
PA,MD,20230103,4386510.0
PA,MD,20230130,4386510.0
PA,MD,20230213,4386510.0
PA,MD,20230216,3783101.088141093
PA,MD,20230306,4386510.0
PA,MD,20230315,4386510.0
PA,MD,20230403,4386510.0
PA,MD,20230410,4386510.0
PA,MD,20230530,4386510.0
PA,MD,20230517,4386510.0
PA,MD,20230630,3857090.2689398844
PA,MD,20230615,3984727.98405681
PA,MD,20230727,4386510.0
PA,MD,20230710,4222800.5957752
PA,MD,20230803,4386510.0
PA,MD,20230831,4386510.0
PA,MD,20230906,4386510.0
PA,MD,20230912,4386510.0
PA,MD,20231005,4386510.0
PA,MD,20231020,4386510.0
PA,MD,20231129,4386510.0
PA,MD,20231121,4386510.0
PA,MD,20231228,4386510.0
PA,MD,20231218,4386510.0
NM,OK,20230103,0.0
NM,OK,20230130,0.0
NM,OK,20230213,0.0
NM,OK,20230216,0.0
NM,OK,20230306,0.0
NM,OK,20230315,0.0
NM,OK,20230403,0.0
NM,OK,20230410,0.0
NM,OK,20230530,0.0
NM,OK,20230517,0.0
NM,OK,20230630,0.0
NM,OK,20230615,0.0
NM,OK,20230727,0.0
NM,OK,20230710,0.0
NM,OK,20230803,0.0
NM,OK,20230831,0.0
NM,OK,20230906,0.0
NM,OK,20230912,0.0
NM,OK,20231005,0.0
NM,OK,20231020,0.0
NM,OK,20231129,0.0
NM,OK,20231121,0.0
NM,OK,20231228,0.0
NM,OK,20231218,0.0
SC,NC,20230103,0.0
SC,NC,20230130,0.0
SC,NC,20230213,0.0
SC,NC,20230216,0.0
SC,NC,20230306,0.0
SC,NC,20230315,0.0
SC,NC,20230403,0.0
SC,NC,20230410,0.0
SC,NC,20230530,0.0
SC,NC,20230517,0.0
SC,NC,20230630,0.0
SC,NC,20230615,0.0
SC,NC,20230727,0.0
SC,NC,20230710,0.0
SC,NC,20230803,0.0
SC,NC,20230831,0.0
SC,NC,20230906,0.0
SC,NC,20230912,0.0
SC,NC,20231005,0.0
SC,NC,20231020,0.0
SC,NC,20231129,0.0
SC,NC,20231121,0.0
SC,NC,20231228,0.0
SC,NC,20231218,0.0
NC,SC,20230103,1543116.9767048713
NC,SC,20230130,1402642.4767155927
NC,SC,20230213,1157558.1122894536
NC,SC,20230216,1701003.0447483168
NC,SC,20230306,1528627.127389061
NC,SC,20230315,520730.22603578656
NC,SC,20230403,1368918.364228602
NC,SC,20230410,1220877.7453316653
NC,SC,20230530,1921131.0695274333
NC,SC,20230517,1886229.8241516792
NC,SC,20230630,1761207.2416293467
NC,SC,20230615,1712788.2695879557
NC,SC,20230727,1687912.1359789718
NC,SC,20230710,1635088.4312559587
NC,SC,20230803,1535602.1055256894
NC,SC,20230831,1401425.715293892
NC,SC,20230906,1216002.5552897635
NC,SC,20230912,834723.1575840303
NC,SC,20231005,695370.4767071956
NC,SC,20231020,715027.3891108049
NC,SC,20231129,34189.1180759093
NC,SC,20231121,1010475.8488417577
NC,SC,20231228,1291670.9975933873
NC,SC,20231218,1542285.7531207819
GA,FL,20230103,0.0
GA,FL,20230130,0.0
GA,FL,20230213,0.0
GA,FL,20230216,0.0
GA,FL,20230306,0.0
GA,FL,20230315,0.0
GA,FL,20230403,0.0
GA,FL,20230410,0.0
GA,FL,20230530,0.0
GA,FL,20230517,0.0
GA,FL,20230630,0.0
GA,FL,20230615,105423.38956442801
GA,FL,20230727,136913.17500608764
GA,FL,20230710,214019.6787263282
GA,FL,20230803,465797.9797243521
GA,FL,20230831,803564.2156819298
GA,FL,20230906,1249700.4294877776
GA,FL,20230912,1629215.5078436972
GA,FL,20231005,1659696.9869382868
GA,FL,20231020,1431001.265236209
GA,FL,20231129,1082176.1211990446
GA,FL,20231121,535173.8908576998
GA,FL,20231228,0.0
GA,FL,20231218,0.0
MS,AL,20230103,8116000.63954087
MS,AL,20230130,8334826.093463805
MS,AL,20230213,9139306.350011192
MS,AL,20230216,7325003.811066851
MS,AL,20230306,7985107.053526273
MS,AL,20230315,11983924.729079112
MS,AL,20230403,9675974.27906721
MS,AL,20230410,10075645.007520152
MS,AL,20230530,9357578.978331476
MS,AL,20230517,9383977.076562108
MS,AL,20230630,8822964.96818342
MS,AL,20230615,9843307.298393337
MS,AL,20230727,9222777.790165517
MS,AL,20230710,9506087.82792787
MS,AL,20230803,9939450.888486326
MS,AL,20230831,10632584.340932773
MS,AL,20230906,11583724.610876359
MS,AL,20230912,12590416.301995073
MS,AL,20231005,11464172.788144538
MS,AL,20231020,12268424.459663384
MS,AL,20231129,9720743.333451651
MS,AL,20231121,10104750.312574307
MS,AL,20231228,10327708.119860038
MS,AL,20231218,9149935.32420184
AL,MS,20230103,0.0
AL,MS,20230130,0.0
AL,MS,20230213,0.0
AL,MS,20230216,0.0
AL,MS,20230306,0.0
AL,MS,20230315,0.0
AL,MS,20230403,0.0
AL,MS,20230410,0.0
AL,MS,20230530,0.0
AL,MS,20230517,0.0
AL,MS,20230630,0.0
AL,MS,20230615,0.0
AL,MS,20230727,0.0
AL,MS,20230710,0.0
AL,MS,20230803,0.0
AL,MS,20230831,0.0
AL,MS,20230906,0.0
AL,MS,20230912,0.0
AL,MS,20231005,0.0
AL,MS,20231020,0.0
AL,MS,20231129,0.0
AL,MS,20231121,0.0
AL,MS,20231228,0.0
AL,MS,20231218,0.0
WV,MD,20230103,4148.0
WV,MD,20230130,4148.0
WV,MD,20230213,4148.0
WV,MD,20230216,0.0
WV,MD,20230306,4148.0
WV,MD,20230315,4148.0
WV,MD,20230403,4148.0
WV,MD,20230410,4148.0
WV,MD,20230530,0.0
WV,MD,20230517,0.0
WV,MD,20230630,0.0
WV,MD,20230615,0.0
WV,MD,20230727,4148.0
WV,MD,20230710,0.0
WV,MD,20230803,4148.0
WV,MD,20230831,4148.0
WV,MD,20230906,4148.0
WV,MD,20230912,4148.0
WV,MD,20231005,4148.0
WV,MD,20231020,4148.0
WV,MD,20231129,4148.0
WV,MD,20231121,4148.0
WV,MD,20231228,4148.0
WV,MD,20231218,4148.0
MN,IA,20230103,0.0
MN,IA,20230130,0.0
MN,IA,20230213,0.0
MN,IA,20230216,0.0
MN,IA,20230306,0.0
MN,IA,20230315,0.0
MN,IA,20230403,0.0
MN,IA,20230410,0.0
MN,IA,20230530,0.0
MN,IA,20230517,0.0
MN,IA,20230630,0.0
MN,IA,20230615,575009.6898051101
MN,IA,20230727,0.0
MN,IA,20230710,0.0
MN,IA,20230803,0.0
MN,IA,20230831,0.0
MN,IA,20230906,0.0
MN,IA,20230912,0.0
MN,IA,20231005,0.0
MN,IA,20231020,0.0
MN,IA,20231129,0.0
MN,IA,20231121,0.0
MN,IA,20231228,0.0
MN,IA,20231218,0.0
MN,ND,20230103,0.0
MN,ND,20230130,0.0
MN,ND,20230213,0.0
MN,ND,20230216,0.0
MN,ND,20230306,0.0
MN,ND,20230315,0.0
MN,ND,20230403,0.0
MN,ND,20230410,0.0
MN,ND,20230530,0.0
MN,ND,20230517,0.0
MN,ND,20230630,0.0
MN,ND,20230615,0.0
MN,ND,20230727,0.0
MN,ND,20230710,0.0
MN,ND,20230803,0.0
MN,ND,20230831,0.0
MN,ND,20230906,0.0
MN,ND,20230912,0.0
MN,ND,20231005,0.0
MN,ND,20231020,0.0
MN,ND,20231129,0.0
MN,ND,20231121,0.0
MN,ND,20231228,0.0
MN,ND,20231218,0.0
ND,MN,20230103,1316933.6489153039
ND,MN,20230130,908371.5195635064
ND,MN,20230213,1177969.9024524135
ND,MN,20230216,1202045.0162036149
ND,MN,20230306,1944375.0
ND,MN,20230315,1944375.0
ND,MN,20230403,909696.7936212635
ND,MN,20230410,869761.508499996
ND,MN,20230530,1944375.0
ND,MN,20230517,1528983.7560797725
ND,MN,20230630,1944375.0
ND,MN,20230615,1944375.0
ND,MN,20230727,1717953.1306825946
ND,MN,20230710,1686272.1381546715
ND,MN,20230803,1868364.5846174532
ND,MN,20230831,1944375.0
ND,MN,20230906,1944375.0
ND,MN,20230912,1929417.5467943607
ND,MN,20231005,1245674.364765065
ND,MN,20231020,1944375.0
ND,MN,20231129,1944375.0
ND,MN,20231121,1944375.0
ND,MN,20231228,1944375.0
ND,MN,20231218,1944375.0
IL,WI,20230103,2487137.210993407
IL,WI,20230130,3066968.744523575
IL,WI,20230213,1806046.3380253073
IL,WI,20230216,2108628.8041540664
IL,WI,20230306,1292599.819816836
IL,WI,20230315,0.0
IL,WI,20230403,2078907.4310291957
IL,WI,20230410,1867403.3932517434
IL,WI,20230530,65960.895444897
IL,WI,20230517,674090.8373414341
IL,WI,20230630,5592.08580023516
IL,WI,20230615,722497.191500564
IL,WI,20230727,0.0
IL,WI,20230710,0.0
IL,WI,20230803,0.0
IL,WI,20230831,0.0
IL,WI,20230906,0.0
IL,WI,20230912,0.0
IL,WI,20231005,0.0
IL,WI,20231020,0.0
IL,WI,20231129,0.0
IL,WI,20231121,0.0
IL,WI,20231228,0.0
IL,WI,20231218,0.0
CA,OR,20230103,0.0
CA,OR,20230130,0.0
CA,OR,20230213,0.0
CA,OR,20230216,0.0
CA,OR,20230306,0.0
CA,OR,20230315,0.0
CA,OR,20230403,0.0
CA,OR,20230410,0.0
CA,OR,20230530,0.0
CA,OR,20230517,0.0
CA,OR,20230630,0.0
CA,OR,20230615,0.0
CA,OR,20230727,0.0
CA,OR,20230710,0.0
CA,OR,20230803,0.0
CA,OR,20230831,0.0
CA,OR,20230906,0.0
CA,OR,20230912,0.0
CA,OR,20231005,0.0
CA,OR,20231020,0.0
CA,OR,20231129,0.0
CA,OR,20231121,0.0
CA,OR,20231228,0.0
CA,OR,20231218,0.0
MO,OK,20230103,0.0
MO,OK,20230130,0.0
MO,OK,20230213,0.0
MO,OK,20230216,0.0
MO,OK,20230306,0.0
MO,OK,20230315,0.0
MO,OK,20230403,0.0
MO,OK,20230410,0.0
MO,OK,20230530,0.0
MO,OK,20230517,0.0
MO,OK,20230630,0.0
MO,OK,20230615,0.0
MO,OK,20230727,0.0
MO,OK,20230710,0.0
MO,OK,20230803,0.0
MO,OK,20230831,0.0
MO,OK,20230906,0.0
MO,OK,20230912,0.0
MO,OK,20231005,0.0
MO,OK,20231020,0.0
MO,OK,20231129,0.0
MO,OK,20231121,0.0
MO,OK,20231228,0.0
MO,OK,20231218,0.0
TX,LA,20230103,0.0
TX,LA,20230130,0.0
TX,LA,20230213,0.0
TX,LA,20230216,0.0
TX,LA,20230306,0.0
TX,LA,20230315,1271447.508286804
TX,LA,20230403,0.0
TX,LA,20230410,88517.76369116083
TX,LA,20230530,0.0
TX,LA,20230517,0.0
TX,LA,20230630,0.0
TX,LA,20230615,869766.5931913753
TX,LA,20230727,0.0
TX,LA,20230710,0.0
TX,LA,20230803,0.0
TX,LA,20230831,0.0
TX,LA,20230906,0.0
TX,LA,20230912,0.0
TX,LA,20231005,0.0
TX,LA,20231020,0.0
TX,LA,20231129,0.0
TX,LA,20231121,0.0
TX,LA,20231228,0.0
TX,LA,20231218,0.0
TX,OK,20230103,0.0
TX,OK,20230130,0.0
TX,OK,20230213,0.0
TX,OK,20230216,0.0
TX,OK,20230306,0.0
TX,OK,20230315,0.0
TX,OK,20230403,0.0
TX,OK,20230410,0.0
TX,OK,20230530,0.0
TX,OK,20230517,0.0
TX,OK,20230630,0.0
TX,OK,20230615,0.0
TX,OK,20230727,0.0
TX,OK,20230710,0.0
TX,OK,20230803,0.0
TX,OK,20230831,0.0
TX,OK,20230906,0.0
TX,OK,20230912,0.0
TX,OK,20231005,0.0
TX,OK,20231020,0.0
TX,OK,20231129,0.0
TX,OK,20231121,0.0
TX,OK,20231228,0.0
TX,OK,20231218,0.0
IN,IL,20230103,433291.59244412015
IN,IL,20230130,0.0
IN,IL,20230213,0.0
IN,IL,20230216,1841966.6739935316
IN,IL,20230306,951734.7314301995
IN,IL,20230315,0.0
IN,IL,20230403,0.0
IN,IL,20230410,0.0
IN,IL,20230530,0.0
IN,IL,20230517,3377446.138291993
IN,IL,20230630,0.0
IN,IL,20230615,0.0
IN,IL,20230727,1796233.4367801135
IN,IL,20230710,1810077.9719446434
IN,IL,20230803,1708798.9880609296
IN,IL,20230831,1389888.9685018677
IN,IL,20230906,1256283.7664027105
IN,IL,20230912,628022.4288755503
IN,IL,20231005,291357.9095800176
IN,IL,20231020,0.0
IN,IL,20231129,0.0
IN,IL,20231121,0.0
IN,IL,20231228,0.0
IN,IL,20231218,1186591.6081486063
MO,KS,20230103,0.0
MO,KS,20230130,0.0
MO,KS,20230213,0.0
MO,KS,20230216,0.0
MO,KS,20230306,0.0
MO,KS,20230315,0.0
MO,KS,20230403,0.0
MO,KS,20230410,0.0
MO,KS,20230530,0.0
MO,KS,20230517,0.0
MO,KS,20230630,0.0
MO,KS,20230615,0.0
MO,KS,20230727,0.0
MO,KS,20230710,0.0
MO,KS,20230803,0.0
MO,KS,20230831,0.0
MO,KS,20230906,0.0
MO,KS,20230912,0.0
MO,KS,20231005,0.0
MO,KS,20231020,0.0
MO,KS,20231129,0.0
MO,KS,20231121,0.0
MO,KS,20231228,0.0
MO,KS,20231218,0.0
NM,UT,20230103,0.0
NM,UT,20230130,0.0
NM,UT,20230213,0.0
NM,UT,20230216,0.0
NM,UT,20230306,0.0
NM,UT,20230315,0.0
NM,UT,20230403,0.0
NM,UT,20230410,0.0
NM,UT,20230530,0.0
NM,UT,20230517,0.0
NM,UT,20230630,0.0
NM,UT,20230615,0.0
NM,UT,20230727,0.0
NM,UT,20230710,0.0
NM,UT,20230803,0.0
NM,UT,20230831,0.0
NM,UT,20230906,0.0
NM,UT,20230912,0.0
NM,UT,20231005,0.0
NM,UT,20231020,0.0
NM,UT,20231129,0.0
NM,UT,20231121,0.0
NM,UT,20231228,0.0
NM,UT,20231218,0.0
ND,MT,20230103,0.0
ND,MT,20230130,0.0
ND,MT,20230213,0.0
ND,MT,20230216,0.0
ND,MT,20230306,0.0
ND,MT,20230315,0.0
ND,MT,20230403,0.0
ND,MT,20230410,0.0
ND,MT,20230530,0.0
ND,MT,20230517,0.0
ND,MT,20230630,0.0
ND,MT,20230615,0.0
ND,MT,20230727,0.0
ND,MT,20230710,0.0
ND,MT,20230803,0.0
ND,MT,20230831,0.0
ND,MT,20230906,0.0
ND,MT,20230912,0.0
ND,MT,20231005,0.0
ND,MT,20231020,0.0
ND,MT,20231129,0.0
ND,MT,20231121,0.0
ND,MT,20231228,0.0
ND,MT,20231218,0.0
TN,GA,20230103,0.0
TN,GA,20230130,0.0
TN,GA,20230213,0.0
TN,GA,20230216,0.0
TN,GA,20230306,230214.0
TN,GA,20230315,230214.0
TN,GA,20230403,230214.0
TN,GA,20230410,230214.0
TN,GA,20230530,0.0
TN,GA,20230517,0.0
TN,GA,20230630,0.0
TN,GA,20230615,0.0
TN,GA,20230727,230214.0
TN,GA,20230710,230214.0
TN,GA,20230803,230214.0
TN,GA,20230831,230214.0
TN,GA,20230906,230214.0
TN,GA,20230912,230214.0
TN,GA,20231005,230214.0
TN,GA,20231020,230214.0
TN,GA,20231129,230214.0
TN,GA,20231121,230214.0
TN,GA,20231228,230214.0
TN,GA,20231218,230214.0
CO,OK,20230103,0.0
CO,OK,20230130,0.0
CO,OK,20230213,0.0
CO,OK,20230216,0.0
CO,OK,20230306,0.0
CO,OK,20230315,0.0
CO,OK,20230403,0.0
CO,OK,20230410,0.0
CO,OK,20230530,0.0
CO,OK,20230517,0.0
CO,OK,20230630,0.0
CO,OK,20230615,0.0
CO,OK,20230727,0.0
CO,OK,20230710,0.0
CO,OK,20230803,0.0
CO,OK,20230831,0.0
CO,OK,20230906,0.0
CO,OK,20230912,0.0
CO,OK,20231005,0.0
CO,OK,20231020,0.0
CO,OK,20231129,0.0
CO,OK,20231121,0.0
CO,OK,20231228,0.0
CO,OK,20231218,0.0
VT,NH,20230103,0.0
VT,NH,20230130,0.0
VT,NH,20230213,0.0
VT,NH,20230216,0.0
VT,NH,20230306,0.0
VT,NH,20230315,0.0
VT,NH,20230403,0.0
VT,NH,20230410,0.0
VT,NH,20230530,0.0
VT,NH,20230517,0.0
VT,NH,20230630,0.0
VT,NH,20230615,0.0
VT,NH,20230727,0.0
VT,NH,20230710,0.0
VT,NH,20230803,0.0
VT,NH,20230831,0.0
VT,NH,20230906,0.0
VT,NH,20230912,0.0
VT,NH,20231005,0.0
VT,NH,20231020,0.0
VT,NH,20231129,0.0
VT,NH,20231121,0.0
VT,NH,20231228,0.0
VT,NH,20231218,0.0
AR,TN,20230103,0.0
AR,TN,20230130,0.0
AR,TN,20230213,0.0
AR,TN,20230216,0.0
AR,TN,20230306,0.0
AR,TN,20230315,0.0
AR,TN,20230403,0.0
AR,TN,20230410,0.0
AR,TN,20230530,0.0
AR,TN,20230517,0.0
AR,TN,20230630,0.0
AR,TN,20230615,0.0
AR,TN,20230727,0.0
AR,TN,20230710,0.0
AR,TN,20230803,0.0
AR,TN,20230831,0.0
AR,TN,20230906,0.0
AR,TN,20230912,0.0
AR,TN,20231005,0.0
AR,TN,20231020,0.0
AR,TN,20231129,0.0
AR,TN,20231121,0.0
AR,TN,20231228,0.0
AR,TN,20231218,0.0
OK,KS,20230103,5719930.076930687
OK,KS,20230130,4917711.129500668
OK,KS,20230213,5611969.2135596275
OK,KS,20230216,5700987.49597297
OK,KS,20230306,824394.4968494475
OK,KS,20230315,600921.1836880661
OK,KS,20230403,3580834.002007859
OK,KS,20230410,3620171.28647147
OK,KS,20230530,5372734.7632833095
OK,KS,20230517,4815264.32154415
OK,KS,20230630,5498356.879738033
OK,KS,20230615,5487960.431238078
OK,KS,20230727,444289.5114991197
OK,KS,20230710,406341.3679262881
OK,KS,20230803,449566.95773169416
OK,KS,20230831,423808.75472681224
OK,KS,20230906,1455858.7760827877
OK,KS,20230912,2085996.6772570147
OK,KS,20231005,1852946.2948230938
OK,KS,20231020,2402781.0269296267
OK,KS,20231129,3082291.824198434
OK,KS,20231121,2378061.8211370003
OK,KS,20231228,3071507.8652511556
OK,KS,20231218,3449777.8444214263
TX,NM,20230103,4790806.785835854
TX,NM,20230130,4011386.4679184733
TX,NM,20230213,3724318.089596389
TX,NM,20230216,4920597.147805077
TX,NM,20230306,4835456.360305362
TX,NM,20230315,4252721.258300053
TX,NM,20230403,3460350.2263265206
TX,NM,20230410,2576791.763671839
TX,NM,20230530,1561652.0162378422
TX,NM,20230517,2213705.348358671
TX,NM,20230630,197398.64777422347
TX,NM,20230615,135827.99354302208
TX,NM,20230727,4504885.968242319
TX,NM,20230710,0.0
TX,NM,20230803,4509188.481445842
TX,NM,20230831,4106603.3234698316
TX,NM,20230906,3616979.2376637803
TX,NM,20230912,744859.8710173517
TX,NM,20231005,2639112.171243663
TX,NM,20231020,4129976.70976807
TX,NM,20231129,4830092.791265851
TX,NM,20231121,4725166.2222743435
TX,NM,20231228,4863543.975045852
TX,NM,20231218,4755306.357855854
KY,IN,20230103,2106832.655116114
KY,IN,20230130,1981953.9152480736
KY,IN,20230213,1328880.2803773675
KY,IN,20230216,1915673.4520276773
KY,IN,20230306,2080363.1038185582
KY,IN,20230315,3747718.0
KY,IN,20230403,1356845.869643646
KY,IN,20230410,169499.28799621225
KY,IN,20230530,2074899.840668708
KY,IN,20230517,2230281.656019865
KY,IN,20230630,2141596.706729709
KY,IN,20230615,533417.8745056666
KY,IN,20230727,413215.2969827741
KY,IN,20230710,578089.9303485546
KY,IN,20230803,506368.1507575511
KY,IN,20230831,388780.9049672589
KY,IN,20230906,293288.14905317477
KY,IN,20230912,103675.98689053403
KY,IN,20231005,0.0
KY,IN,20231020,28343.145404936702
KY,IN,20231129,745849.9411432168
KY,IN,20231121,1345325.2780011406
KY,IN,20231228,1236960.6423006803
KY,IN,20231218,1940205.4374881904
PA,NJ,20230103,5498778.360405548
PA,NJ,20230130,5090210.324006278
PA,NJ,20230213,5235319.282147059
PA,NJ,20230216,2538242.1577463876
PA,NJ,20230306,4636151.356725169
PA,NJ,20230315,7091884.503139045
PA,NJ,20230403,6493465.7231499255
PA,NJ,20230410,5699798.1562412325
PA,NJ,20230530,2066768.0352350066
PA,NJ,20230517,2341669.6618644176
PA,NJ,20230630,1402012.0453949699
PA,NJ,20230615,1677473.7040873368
PA,NJ,20230727,1428261.470607382
PA,NJ,20230710,1563115.0520940796
PA,NJ,20230803,2023795.9054442255
PA,NJ,20230831,2612299.1802453464
PA,NJ,20230906,3256771.8316798285
PA,NJ,20230912,3942636.097064733
PA,NJ,20231005,4407988.322809249
PA,NJ,20231020,5139944.142830618
PA,NJ,20231129,9849545.037964612
PA,NJ,20231121,8446130.286010137
PA,NJ,20231228,6027722.952441649
PA,NJ,20231218,4010438.688649842
CO,NM,20230103,0.0
CO,NM,20230130,0.0
CO,NM,20230213,934980.928299468
CO,NM,20230216,0.0
CO,NM,20230306,0.0
CO,NM,20230315,0.0
CO,NM,20230403,0.0
CO,NM,20230410,0.0
CO,NM,20230530,2065704.0
CO,NM,20230517,0.0
CO,NM,20230630,0.0
CO,NM,20230615,0.0
CO,NM,20230727,0.0
CO,NM,20230710,1199390.269921722
CO,NM,20230803,0.0
CO,NM,20230831,403473.5912753744
CO,NM,20230906,562733.7426925641
CO,NM,20230912,0.0
CO,NM,20231005,0.0
CO,NM,20231020,0.0
CO,NM,20231129,0.0
CO,NM,20231121,0.0
CO,NM,20231228,0.0
CO,NM,20231218,0.0
CO,AZ,20230103,0.0
CO,AZ,20230130,0.0
CO,AZ,20230213,0.0
CO,AZ,20230216,0.0
CO,AZ,20230306,0.0
CO,AZ,20230315,0.0
CO,AZ,20230403,0.0
CO,AZ,20230410,0.0
CO,AZ,20230530,0.0
CO,AZ,20230517,0.0
CO,AZ,20230630,0.0
CO,AZ,20230615,0.0
CO,AZ,20230727,0.0
CO,AZ,20230710,0.0
CO,AZ,20230803,0.0
CO,AZ,20230831,0.0
CO,AZ,20230906,0.0
CO,AZ,20230912,0.0
CO,AZ,20231005,0.0
CO,AZ,20231020,0.0
CO,AZ,20231129,0.0
CO,AZ,20231121,0.0
CO,AZ,20231228,0.0
CO,AZ,20231218,0.0
MD,PA,20230103,0.0
MD,PA,20230130,0.0
MD,PA,20230213,0.0
MD,PA,20230216,0.0
MD,PA,20230306,0.0
MD,PA,20230315,0.0
MD,PA,20230403,0.0
MD,PA,20230410,0.0
MD,PA,20230530,0.0
MD,PA,20230517,0.0
MD,PA,20230630,0.0
MD,PA,20230615,0.0
MD,PA,20230727,0.0
MD,PA,20230710,0.0
MD,PA,20230803,0.0
MD,PA,20230831,0.0
MD,PA,20230906,0.0
MD,PA,20230912,0.0
MD,PA,20231005,0.0
MD,PA,20231020,0.0
MD,PA,20231129,0.0
MD,PA,20231121,0.0
MD,PA,20231228,0.0
MD,PA,20231218,0.0
IA,SD,20230103,97478.0
IA,SD,20230130,97478.0
IA,SD,20230213,0.0
IA,SD,20230216,0.0
IA,SD,20230306,0.0
IA,SD,20230315,0.0
IA,SD,20230403,97478.0
IA,SD,20230410,0.0
IA,SD,20230530,0.0
IA,SD,20230517,0.0
IA,SD,20230630,0.0
IA,SD,20230615,0.0
IA,SD,20230727,0.0
IA,SD,20230710,0.0
IA,SD,20230803,0.0
IA,SD,20230831,0.0
IA,SD,20230906,0.0
IA,SD,20230912,0.0
IA,SD,20231005,0.0
IA,SD,20231020,0.0
IA,SD,20231129,0.0
IA,SD,20231121,0.0
IA,SD,20231228,0.0
IA,SD,20231218,0.0
VA,DC,20230103,42381.7598
VA,DC,20230130,46190.1427
VA,DC,20230213,68564.31270000001
VA,DC,20230216,0.0
VA,DC,20230306,15794.91601
VA,DC,20230315,82406.0956
VA,DC,20230403,19752.838900000002
VA,DC,20230410,7889.6572000000015
VA,DC,20230530,0.0
VA,DC,20230517,0.0
VA,DC,20230630,0.0
VA,DC,20230615,0.0
VA,DC,20230727,0.0
VA,DC,20230710,0.0
VA,DC,20230803,0.0
VA,DC,20230831,0.0
VA,DC,20230906,0.0
VA,DC,20230912,0.0
VA,DC,20231005,0.0
VA,DC,20231020,0.0
VA,DC,20231129,76376.08530000006
VA,DC,20231121,17393.747939999997
VA,DC,20231228,13871.703419999998
VA,DC,20231218,8360.393689999997
SD,WY,20230103,0.0
SD,WY,20230130,0.0
SD,WY,20230213,0.0
SD,WY,20230216,0.0
SD,WY,20230306,0.0
SD,WY,20230315,0.0
SD,WY,20230403,0.0
SD,WY,20230410,0.0
SD,WY,20230530,0.0
SD,WY,20230517,0.0
SD,WY,20230630,0.0
SD,WY,20230615,0.0
SD,WY,20230727,0.0
SD,WY,20230710,0.0
SD,WY,20230803,0.0
SD,WY,20230831,0.0
SD,WY,20230906,0.0
SD,WY,20230912,0.0
SD,WY,20231005,0.0
SD,WY,20231020,0.0
SD,WY,20231129,0.0
SD,WY,20231121,0.0
SD,WY,20231228,0.0
SD,WY,20231218,0.0
NY,MA,20230103,1212253.0
NY,MA,20230130,1212253.0
NY,MA,20230213,1212253.0
NY,MA,20230216,1212253.0
NY,MA,20230306,1212253.0
NY,MA,20230315,1212253.0
NY,MA,20230403,1212253.0
NY,MA,20230410,1212253.0
NY,MA,20230530,1212253.0
NY,MA,20230517,1168074.0677613164
NY,MA,20230630,1056266.6346296356
NY,MA,20230615,1114459.398476262
NY,MA,20230727,909353.3584001358
NY,MA,20230710,978226.8448693192
NY,MA,20230803,1212253.0
NY,MA,20230831,1212253.0
NY,MA,20230906,1212253.0
NY,MA,20230912,1212253.0
NY,MA,20231005,1212253.0
NY,MA,20231020,1212253.0
NY,MA,20231129,1212253.0
NY,MA,20231121,1212253.0
NY,MA,20231228,1212253.0
NY,MA,20231218,1212253.0
UT,CO,20230103,0.0
UT,CO,20230130,0.0
UT,CO,20230213,0.0
UT,CO,20230216,0.0
UT,CO,20230306,0.0
UT,CO,20230315,0.0
UT,CO,20230403,0.0
UT,CO,20230410,0.0
UT,CO,20230530,0.0
UT,CO,20230517,0.0
UT,CO,20230630,0.0
UT,CO,20230615,0.0
UT,CO,20230727,0.0
UT,CO,20230710,0.0
UT,CO,20230803,0.0
UT,CO,20230831,0.0
UT,CO,20230906,0.0
UT,CO,20230912,0.0
UT,CO,20231005,0.0
UT,CO,20231020,0.0
UT,CO,20231129,0.0
UT,CO,20231121,0.0
UT,CO,20231228,0.0
UT,CO,20231218,0.0
MS,LA,20230103,0.0
MS,LA,20230130,0.0
MS,LA,20230213,0.0
MS,LA,20230216,0.0
MS,LA,20230306,0.0
MS,LA,20230315,0.0
MS,LA,20230403,0.0
MS,LA,20230410,0.0
MS,LA,20230530,0.0
MS,LA,20230517,0.0
MS,LA,20230630,0.0
MS,LA,20230615,0.0
MS,LA,20230727,0.0
MS,LA,20230710,0.0
MS,LA,20230803,0.0
MS,LA,20230831,0.0
MS,LA,20230906,0.0
MS,LA,20230912,0.0
MS,LA,20231005,0.0
MS,LA,20231020,0.0
MS,LA,20231129,0.0
MS,LA,20231121,0.0
MS,LA,20231228,0.0
MS,LA,20231218,0.0
NE,CO,20230103,0.0
NE,CO,20230130,0.0
NE,CO,20230213,0.0
NE,CO,20230216,0.0
NE,CO,20230306,0.0
NE,CO,20230315,0.0
NE,CO,20230403,0.0
NE,CO,20230410,0.0
NE,CO,20230530,0.0
NE,CO,20230517,0.0
NE,CO,20230630,0.0
NE,CO,20230615,0.0
NE,CO,20230727,0.0
NE,CO,20230710,0.0
NE,CO,20230803,0.0
NE,CO,20230831,0.0
NE,CO,20230906,0.0
NE,CO,20230912,0.0
NE,CO,20231005,0.0
NE,CO,20231020,0.0
NE,CO,20231129,0.0
NE,CO,20231121,0.0
NE,CO,20231228,0.0
NE,CO,20231218,0.0
NY,CT,20230103,2275043.182624858
NY,CT,20230130,1957612.4648084268
NY,CT,20230213,1853766.5844807636
NY,CT,20230216,1350719.3153822513
NY,CT,20230306,2012137.6848210283
NY,CT,20230315,2182658.5249956017
NY,CT,20230403,2320079.1634164043
NY,CT,20230410,2061260.7424531386
NY,CT,20230530,1103602.900807897
NY,CT,20230517,1075808.2795161745
NY,CT,20230630,877048.0841299996
NY,CT,20230615,886148.7347399996
NY,CT,20230727,874041.7272099996
NY,CT,20230710,874507.4539399996
NY,CT,20230803,962635.9173511617
NY,CT,20230831,1163373.0735799156
NY,CT,20230906,1422789.8050713516
NY,CT,20230912,1674424.8962766363
NY,CT,20231005,1876900.259956826
NY,CT,20231020,2109250.0131408507
NY,CT,20231129,3025966.0
NY,CT,20231121,3025966.0
NY,CT,20231228,2340288.95845862
NY,CT,20231218,1818319.0924147994
CO,UT,20230103,0.0
CO,UT,20230130,0.0
CO,UT,20230213,289385.6247778542
CO,UT,20230216,0.0
CO,UT,20230306,0.0
CO,UT,20230315,0.0
CO,UT,20230403,0.0
CO,UT,20230410,0.0
CO,UT,20230530,0.0
CO,UT,20230517,0.0
CO,UT,20230630,0.0
CO,UT,20230615,0.0
CO,UT,20230727,0.0
CO,UT,20230710,0.0
CO,UT,20230803,0.0
CO,UT,20230831,0.0
CO,UT,20230906,0.0
CO,UT,20230912,0.0
CO,UT,20231005,0.0
CO,UT,20231020,0.0
CO,UT,20231129,0.0
CO,UT,20231121,0.0
CO,UT,20231228,583831.0
CO,UT,20231218,0.0
DE,MD,20230103,37332.0
DE,MD,20230130,37332.0
DE,MD,20230213,37332.0
DE,MD,20230216,0.0
DE,MD,20230306,0.0
DE,MD,20230315,37332.0
DE,MD,20230403,37332.0
DE,MD,20230410,37332.0
DE,MD,20230530,0.0
DE,MD,20230517,0.0
DE,MD,20230630,0.0
DE,MD,20230615,0.0
DE,MD,20230727,0.0
DE,MD,20230710,0.0
DE,MD,20230803,0.0
DE,MD,20230831,0.0
DE,MD,20230906,37332.0
DE,MD,20230912,37332.0
DE,MD,20231005,37332.0
DE,MD,20231020,37332.0
DE,MD,20231129,37332.0
DE,MD,20231121,37332.0
DE,MD,20231228,37332.0
DE,MD,20231218,37332.0
NE,KS,20230103,0.0
NE,KS,20230130,0.0
NE,KS,20230213,0.0
NE,KS,20230216,0.0
NE,KS,20230306,0.0
NE,KS,20230315,0.0
NE,KS,20230403,0.0
NE,KS,20230410,0.0
NE,KS,20230530,0.0
NE,KS,20230517,0.0
NE,KS,20230630,0.0
NE,KS,20230615,0.0
NE,KS,20230727,0.0
NE,KS,20230710,0.0
NE,KS,20230803,0.0
NE,KS,20230831,0.0
NE,KS,20230906,0.0
NE,KS,20230912,0.0
NE,KS,20231005,0.0
NE,KS,20231020,0.0
NE,KS,20231129,0.0
NE,KS,20231121,0.0
NE,KS,20231228,0.0
NE,KS,20231218,0.0
IL,IA,20230103,0.0
IL,IA,20230130,0.0
IL,IA,20230213,0.0
IL,IA,20230216,0.0
IL,IA,20230306,0.0
IL,IA,20230315,0.0
IL,IA,20230403,0.0
IL,IA,20230410,0.0
IL,IA,20230530,0.0
IL,IA,20230517,0.0
IL,IA,20230630,0.0
IL,IA,20230615,0.0
IL,IA,20230727,0.0
IL,IA,20230710,0.0
IL,IA,20230803,0.0
IL,IA,20230831,0.0
IL,IA,20230906,0.0
IL,IA,20230912,0.0
IL,IA,20231005,0.0
IL,IA,20231020,0.0
IL,IA,20231129,0.0
IL,IA,20231121,0.0
IL,IA,20231228,0.0
IL,IA,20231218,0.0
PA,OH,20230103,2462875.0
PA,OH,20230130,2462875.0
PA,OH,20230213,2462875.0
PA,OH,20230216,2462875.0
PA,OH,20230306,2462875.0
PA,OH,20230315,2462875.0
PA,OH,20230403,2462875.0
PA,OH,20230410,2462875.0
PA,OH,20230530,2462875.0
PA,OH,20230517,2462875.0
PA,OH,20230630,2462875.0
PA,OH,20230615,2462875.0
PA,OH,20230727,2462875.0
PA,OH,20230710,2462875.0
PA,OH,20230803,2462875.0
PA,OH,20230831,2462875.0
PA,OH,20230906,2462875.0
PA,OH,20230912,2462875.0
PA,OH,20231005,2462875.0
PA,OH,20231020,2462875.0
PA,OH,20231129,2462875.0
PA,OH,20231121,2462875.0
PA,OH,20231228,2462875.0
PA,OH,20231218,2462875.0
WV,VA,20230103,2754272.0
WV,VA,20230130,2754272.0
WV,VA,20230213,2754272.0
WV,VA,20230216,2754272.0
WV,VA,20230306,2754272.0
WV,VA,20230315,2754272.0
WV,VA,20230403,2754272.0
WV,VA,20230410,2754272.0
WV,VA,20230530,2754272.0
WV,VA,20230517,2754272.0
WV,VA,20230630,2754272.0
WV,VA,20230615,2754272.0
WV,VA,20230727,2754272.0
WV,VA,20230710,2754272.0
WV,VA,20230803,2754272.0
WV,VA,20230831,2754272.0
WV,VA,20230906,2754272.0
WV,VA,20230912,2754272.0
WV,VA,20231005,2754272.0
WV,VA,20231020,2754272.0
WV,VA,20231129,2754272.0
WV,VA,20231121,2754272.0
WV,VA,20231228,2754272.0
WV,VA,20231218,2754272.0
AR,LA,20230103,0.0
AR,LA,20230130,0.0
AR,LA,20230213,0.0
AR,LA,20230216,0.0
AR,LA,20230306,0.0
AR,LA,20230315,0.0
AR,LA,20230403,0.0
AR,LA,20230410,0.0
AR,LA,20230530,0.0
AR,LA,20230517,0.0
AR,LA,20230630,0.0
AR,LA,20230615,0.0
AR,LA,20230727,0.0
AR,LA,20230710,0.0
AR,LA,20230803,0.0
AR,LA,20230831,0.0
AR,LA,20230906,0.0
AR,LA,20230912,0.0
AR,LA,20231005,0.0
AR,LA,20231020,0.0
AR,LA,20231129,0.0
AR,LA,20231121,0.0
AR,LA,20231228,0.0
AR,LA,20231218,0.0
UT,NM,20230103,0.0
UT,NM,20230130,0.0
UT,NM,20230213,0.0
UT,NM,20230216,0.0
UT,NM,20230306,0.0
UT,NM,20230315,0.0
UT,NM,20230403,0.0
UT,NM,20230410,0.0
UT,NM,20230530,0.0
UT,NM,20230517,0.0
UT,NM,20230630,0.0
UT,NM,20230615,0.0
UT,NM,20230727,0.0
UT,NM,20230710,0.0
UT,NM,20230803,0.0
UT,NM,20230831,0.0
UT,NM,20230906,0.0
UT,NM,20230912,0.0
UT,NM,20231005,0.0
UT,NM,20231020,0.0
UT,NM,20231129,0.0
UT,NM,20231121,0.0
UT,NM,20231228,0.0
UT,NM,20231218,0.0
MO,IA,20230103,0.0
MO,IA,20230130,0.0
MO,IA,20230213,0.0
MO,IA,20230216,705160.0
MO,IA,20230306,0.0
MO,IA,20230315,0.0
MO,IA,20230403,0.0
MO,IA,20230410,65651.93315602814
MO,IA,20230530,705160.0
MO,IA,20230517,0.0
MO,IA,20230630,705160.0
MO,IA,20230615,705160.0
MO,IA,20230727,0.0
MO,IA,20230710,0.0
MO,IA,20230803,0.0
MO,IA,20230831,0.0
MO,IA,20230906,0.0
MO,IA,20230912,0.0
MO,IA,20231005,0.0
MO,IA,20231020,0.0
MO,IA,20231129,0.0
MO,IA,20231121,0.0
MO,IA,20231228,0.0
MO,IA,20231218,0.0
NY,NJ,20230103,0.0
NY,NJ,20230130,0.0
NY,NJ,20230213,0.0
NY,NJ,20230216,0.0
NY,NJ,20230306,0.0
NY,NJ,20230315,0.0
NY,NJ,20230403,0.0
NY,NJ,20230410,0.0
NY,NJ,20230530,0.0
NY,NJ,20230517,0.0
NY,NJ,20230630,0.0
NY,NJ,20230615,0.0
NY,NJ,20230727,0.0
NY,NJ,20230710,0.0
NY,NJ,20230803,0.0
NY,NJ,20230831,0.0
NY,NJ,20230906,0.0
NY,NJ,20230912,0.0
NY,NJ,20231005,0.0
NY,NJ,20231020,0.0
NY,NJ,20231129,0.0
NY,NJ,20231121,0.0
NY,NJ,20231228,0.0
NY,NJ,20231218,0.0
UT,ID,20230103,0.0
UT,ID,20230130,0.0
UT,ID,20230213,0.0
UT,ID,20230216,0.0
UT,ID,20230306,0.0
UT,ID,20230315,0.0
UT,ID,20230403,0.0
UT,ID,20230410,0.0
UT,ID,20230530,0.0
UT,ID,20230517,0.0
UT,ID,20230630,0.0
UT,ID,20230615,0.0
UT,ID,20230727,0.0
UT,ID,20230710,0.0
UT,ID,20230803,0.0
UT,ID,20230831,0.0
UT,ID,20230906,0.0
UT,ID,20230912,0.0
UT,ID,20231005,0.0
UT,ID,20231020,0.0
UT,ID,20231129,0.0
UT,ID,20231121,0.0
UT,ID,20231228,0.0
UT,ID,20231218,0.0
UT,AZ,20230103,0.0
UT,AZ,20230130,0.0
UT,AZ,20230213,0.0
UT,AZ,20230216,0.0
UT,AZ,20230306,0.0
UT,AZ,20230315,0.0
UT,AZ,20230403,0.0
UT,AZ,20230410,0.0
UT,AZ,20230530,0.0
UT,AZ,20230517,0.0
UT,AZ,20230630,0.0
UT,AZ,20230615,0.0
UT,AZ,20230727,0.0
UT,AZ,20230710,0.0
UT,AZ,20230803,0.0
UT,AZ,20230831,0.0
UT,AZ,20230906,0.0
UT,AZ,20230912,0.0
UT,AZ,20231005,0.0
UT,AZ,20231020,0.0
UT,AZ,20231129,0.0
UT,AZ,20231121,0.0
UT,AZ,20231228,0.0
UT,AZ,20231218,0.0
WV,OH,20230103,9835945.0
WV,OH,20230130,9835945.0
WV,OH,20230213,9835945.0
WV,OH,20230216,9835945.0
WV,OH,20230306,9835945.0
WV,OH,20230315,9835945.0
WV,OH,20230403,9835945.0
WV,OH,20230410,9835945.0
WV,OH,20230530,9835945.0
WV,OH,20230517,9835945.0
WV,OH,20230630,9835945.0
WV,OH,20230615,9835945.0
WV,OH,20230727,9835945.0
WV,OH,20230710,9835945.0
WV,OH,20230803,9835945.0
WV,OH,20230831,9835945.0
WV,OH,20230906,9835945.0
WV,OH,20230912,9835945.0
WV,OH,20231005,9835945.0
WV,OH,20231020,9835945.0
WV,OH,20231129,9835945.0
WV,OH,20231121,9835945.0
WV,OH,20231228,9835945.0
WV,OH,20231218,9835945.0
KS,OK,20230103,0.0
KS,OK,20230130,0.0
KS,OK,20230213,0.0
KS,OK,20230216,0.0
KS,OK,20230306,0.0
KS,OK,20230315,0.0
KS,OK,20230403,0.0
KS,OK,20230410,0.0
KS,OK,20230530,0.0
KS,OK,20230517,0.0
KS,OK,20230630,0.0
KS,OK,20230615,0.0
KS,OK,20230727,0.0
KS,OK,20230710,0.0
KS,OK,20230803,0.0
KS,OK,20230831,0.0
KS,OK,20230906,0.0
KS,OK,20230912,0.0
KS,OK,20231005,0.0
KS,OK,20231020,0.0
KS,OK,20231129,0.0
KS,OK,20231121,0.0
KS,OK,20231228,0.0
KS,OK,20231218,0.0
SD,IA,20230103,0.0
SD,IA,20230130,0.0
SD,IA,20230213,0.0
SD,IA,20230216,0.0
SD,IA,20230306,0.0
SD,IA,20230315,0.0
SD,IA,20230403,0.0
SD,IA,20230410,0.0
SD,IA,20230530,0.0
SD,IA,20230517,0.0
SD,IA,20230630,0.0
SD,IA,20230615,0.0
SD,IA,20230727,0.0
SD,IA,20230710,0.0
SD,IA,20230803,0.0
SD,IA,20230831,0.0
SD,IA,20230906,0.0
SD,IA,20230912,0.0
SD,IA,20231005,0.0
SD,IA,20231020,0.0
SD,IA,20231129,0.0
SD,IA,20231121,0.0
SD,IA,20231228,0.0
SD,IA,20231218,0.0
WY,NE,20230103,2035978.8616709202
WY,NE,20230130,2558474.480074564
WY,NE,20230213,2078016.4960244475
WY,NE,20230216,1712074.624330274
WY,NE,20230306,1145472.7067798835
WY,NE,20230315,2626877.04388732
WY,NE,20230403,2135142.316816699
WY,NE,20230410,2161288.1348544466
WY,NE,20230530,1206684.415504451
WY,NE,20230517,1199273.630044451
WY,NE,20230630,1124661.7475153473
WY,NE,20230615,540629.3217221847
WY,NE,20230727,1239077.8784344504
WY,NE,20230710,1236869.7611844498
WY,NE,20230803,1239876.549568856
WY,NE,20230831,1231536.5225962894
WY,NE,20230906,1219531.1417032438
WY,NE,20230912,1209646.3475044498
WY,NE,20231005,1933015.8064673604
WY,NE,20231020,1299881.1928190617
WY,NE,20231129,1026664.632324446
WY,NE,20231121,1097496.75125273
WY,NE,20231228,980391.0154664023
WY,NE,20231218,549939.4455545424
UT,WY,20230103,0.0
UT,WY,20230130,0.0
UT,WY,20230213,0.0
UT,WY,20230216,0.0
UT,WY,20230306,0.0
UT,WY,20230315,1500260.4126528695
UT,WY,20230403,0.0
UT,WY,20230410,0.0
UT,WY,20230530,0.0
UT,WY,20230517,0.0
UT,WY,20230630,0.0
UT,WY,20230615,0.0
UT,WY,20230727,0.0
UT,WY,20230710,0.0
UT,WY,20230803,0.0
UT,WY,20230831,0.0
UT,WY,20230906,0.0
UT,WY,20230912,0.0
UT,WY,20231005,0.0
UT,WY,20231020,0.0
UT,WY,20231129,0.0
UT,WY,20231121,0.0
UT,WY,20231228,0.0
UT,WY,20231218,0.0
AZ,NV,20230103,0.0
AZ,NV,20230130,0.0
AZ,NV,20230213,0.0
AZ,NV,20230216,0.0
AZ,NV,20230306,0.0
AZ,NV,20230315,0.0
AZ,NV,20230403,0.0
AZ,NV,20230410,0.0
AZ,NV,20230530,0.0
AZ,NV,20230517,0.0
AZ,NV,20230630,0.0
AZ,NV,20230615,0.0
AZ,NV,20230727,0.0
AZ,NV,20230710,0.0
AZ,NV,20230803,0.0
AZ,NV,20230831,0.0
AZ,NV,20230906,0.0
AZ,NV,20230912,0.0
AZ,NV,20231005,0.0
AZ,NV,20231020,0.0
AZ,NV,20231129,0.0
AZ,NV,20231121,0.0
AZ,NV,20231228,0.0
AZ,NV,20231218,0.0
NE,WY,20230103,0.0
NE,WY,20230130,0.0
NE,WY,20230213,0.0
NE,WY,20230216,0.0
NE,WY,20230306,0.0
NE,WY,20230315,0.0
NE,WY,20230403,0.0
NE,WY,20230410,0.0
NE,WY,20230530,0.0
NE,WY,20230517,0.0
NE,WY,20230630,0.0
NE,WY,20230615,0.0
NE,WY,20230727,0.0
NE,WY,20230710,0.0
NE,WY,20230803,0.0
NE,WY,20230831,0.0
NE,WY,20230906,0.0
NE,WY,20230912,0.0
NE,WY,20231005,0.0
NE,WY,20231020,0.0
NE,WY,20231129,0.0
NE,WY,20231121,0.0
NE,WY,20231228,0.0
NE,WY,20231218,0.0
OK,AR,20230103,122416.86059089145
OK,AR,20230130,0.0
OK,AR,20230213,0.0
OK,AR,20230216,0.0
OK,AR,20230306,2238883.0
OK,AR,20230315,2238883.0
OK,AR,20230403,2238883.0
OK,AR,20230410,2238883.0
OK,AR,20230530,718983.5967059117
OK,AR,20230517,1176197.6268164897
OK,AR,20230630,567270.0875847122
OK,AR,20230615,511460.3602949116
OK,AR,20230727,2238883.0
OK,AR,20230710,1114295.2795867939
OK,AR,20230803,2238883.0
OK,AR,20230831,2238883.0
OK,AR,20230906,2238883.0
OK,AR,20230912,2238883.0
OK,AR,20231005,2238883.0
OK,AR,20231020,2238883.0
OK,AR,20231129,2238883.0
OK,AR,20231121,2238883.0
OK,AR,20231228,2238883.0
OK,AR,20231218,2238883.0
NC,GA,20230103,0.0
NC,GA,20230130,0.0
NC,GA,20230213,0.0
NC,GA,20230216,0.0
NC,GA,20230306,0.0
NC,GA,20230315,0.0
NC,GA,20230403,0.0
NC,GA,20230410,0.0
NC,GA,20230530,0.0
NC,GA,20230517,0.0
NC,GA,20230630,0.0
NC,GA,20230615,0.0
NC,GA,20230727,0.0
NC,GA,20230710,0.0
NC,GA,20230803,0.0
NC,GA,20230831,0.0
NC,GA,20230906,0.0
NC,GA,20230912,0.0
NC,GA,20231005,0.0
NC,GA,20231020,0.0
NC,GA,20231129,0.0
NC,GA,20231121,0.0
NC,GA,20231228,0.0
NC,GA,20231218,0.0
KS,NE,20230103,0.0
KS,NE,20230130,0.0
KS,NE,20230213,0.0
KS,NE,20230216,229218.4640114127
KS,NE,20230306,0.0
KS,NE,20230315,0.0
KS,NE,20230403,0.0
KS,NE,20230410,0.0
KS,NE,20230530,0.0
KS,NE,20230517,0.0
KS,NE,20230630,0.0
KS,NE,20230615,0.0
KS,NE,20230727,0.0
KS,NE,20230710,0.0
KS,NE,20230803,0.0
KS,NE,20230831,0.0
KS,NE,20230906,0.0
KS,NE,20230912,409114.94160443125
KS,NE,20231005,0.0
KS,NE,20231020,517168.00332515826
KS,NE,20231129,0.0
KS,NE,20231121,242390.26976069645
KS,NE,20231228,445237.83973359736
KS,NE,20231218,2526511.8677433264
KY,TN,20230103,0.0
KY,TN,20230130,0.0
KY,TN,20230213,637162.4391108234
KY,TN,20230216,0.0
KY,TN,20230306,0.0
KY,TN,20230315,820461.6511139381
KY,TN,20230403,797063.955810206
KY,TN,20230410,1327942.339133567
KY,TN,20230530,0.0
KY,TN,20230517,0.0
KY,TN,20230630,0.0
KY,TN,20230615,0.0
KY,TN,20230727,1492292.9164059453
KY,TN,20230710,1289887.9214395464
KY,TN,20230803,1349910.962159752
KY,TN,20230831,1405382.1940709287
KY,TN,20230906,1442930.6495900615
KY,TN,20230912,1494270.8711303254
KY,TN,20231005,1495235.6276206607
KY,TN,20231020,1491000.2839384761
KY,TN,20231129,0.0
KY,TN,20231121,214373.69119806495
KY,TN,20231228,495918.31658750866
KY,TN,20231218,0.0
OH,WV,20230103,0.0
OH,WV,20230130,0.0
OH,WV,20230213,0.0
OH,WV,20230216,0.0
OH,WV,20230306,0.0
OH,WV,20230315,0.0
OH,WV,20230403,0.0
OH,WV,20230410,0.0
OH,WV,20230530,0.0
OH,WV,20230517,0.0
OH,WV,20230630,0.0
OH,WV,20230615,0.0
OH,WV,20230727,0.0
OH,WV,20230710,0.0
OH,WV,20230803,0.0
OH,WV,20230831,0.0
OH,WV,20230906,0.0
OH,WV,20230912,0.0
OH,WV,20231005,0.0
OH,WV,20231020,0.0
OH,WV,20231129,0.0
OH,WV,20231121,0.0
OH,WV,20231228,0.0
OH,WV,20231218,0.0
OH,MI,20230103,5197444.0
OH,MI,20230130,5197444.0
OH,MI,20230213,5197444.0
OH,MI,20230216,5197444.0
OH,MI,20230306,5197444.0
OH,MI,20230315,5197444.0
OH,MI,20230403,5197444.0
OH,MI,20230410,5197444.0
OH,MI,20230530,5197444.0
OH,MI,20230517,5197444.0
OH,MI,20230630,5197444.0
OH,MI,20230615,5197444.0
OH,MI,20230727,5197444.0
OH,MI,20230710,5197444.0
OH,MI,20230803,5197444.0
OH,MI,20230831,5197444.0
OH,MI,20230906,5197444.0
OH,MI,20230912,5197444.0
OH,MI,20231005,5197444.0
OH,MI,20231020,5099777.473555913
OH,MI,20231129,4458945.05071081
OH,MI,20231121,5197444.0
OH,MI,20231228,5197444.0
OH,MI,20231218,5197444.0
CT,RI,20230103,858642.7553748591
CT,RI,20230130,566960.5261184277
CT,RI,20230213,432879.70500076463
CT,RI,20230216,151572.47508621108
CT,RI,20230306,658229.8753831983
CT,RI,20230315,745870.4141360468
CT,RI,20230403,926249.9802221551
CT,RI,20230410,759635.2212631395
CT,RI,20230530,159369.4892484067
CT,RI,20230517,157008.4555861749
CT,RI,20230630,0.0
CT,RI,20230615,0.0
CT,RI,20230727,0.0
CT,RI,20230710,0.0
CT,RI,20230803,89642.83851116209
CT,RI,20230831,223321.3969585737
CT,RI,20230906,420628.0828613519
CT,RI,20230912,671254.6875266363
CT,RI,20231005,856669.885016826
CT,RI,20231020,1038520.4329008523
CT,RI,20231129,1280695.0
CT,RI,20231121,1280695.0
CT,RI,20231228,1019583.707388621
CT,RI,20231218,581152.2622148003
NH,MA,20230103,0.0
NH,MA,20230130,0.0
NH,MA,20230213,0.0
NH,MA,20230216,0.0
NH,MA,20230306,0.0
NH,MA,20230315,0.0
NH,MA,20230403,0.0
NH,MA,20230410,0.0
NH,MA,20230530,0.0
NH,MA,20230517,0.0
NH,MA,20230630,0.0
NH,MA,20230615,0.0
NH,MA,20230727,0.0
NH,MA,20230710,0.0
NH,MA,20230803,0.0
NH,MA,20230831,0.0
NH,MA,20230906,0.0
NH,MA,20230912,0.0
NH,MA,20231005,0.0
NH,MA,20231020,0.0
NH,MA,20231129,0.0
NH,MA,20231121,0.0
NH,MA,20231228,0.0
NH,MA,20231218,0.0
WY,UT,20230103,0.0
WY,UT,20230130,0.0
WY,UT,20230213,0.0
WY,UT,20230216,0.0
WY,UT,20230306,0.0
WY,UT,20230315,0.0
WY,UT,20230403,0.0
WY,UT,20230410,0.0
WY,UT,20230530,0.0
WY,UT,20230517,0.0
WY,UT,20230630,0.0
WY,UT,20230615,0.0
WY,UT,20230727,0.0
WY,UT,20230710,0.0
WY,UT,20230803,0.0
WY,UT,20230831,0.0
WY,UT,20230906,0.0
WY,UT,20230912,0.0
WY,UT,20231005,85061.95657350589
WY,UT,20231020,0.0
WY,UT,20231129,0.0
WY,UT,20231121,0.0
WY,UT,20231228,40787.19134166266
WY,UT,20231218,562034.4513008031
VT,MA,20230103,0.0
VT,MA,20230130,0.0
VT,MA,20230213,0.0
VT,MA,20230216,0.0
VT,MA,20230306,0.0
VT,MA,20230315,0.0
VT,MA,20230403,0.0
VT,MA,20230410,0.0
VT,MA,20230530,0.0
VT,MA,20230517,0.0
VT,MA,20230630,0.0
VT,MA,20230615,0.0
VT,MA,20230727,0.0
VT,MA,20230710,0.0
VT,MA,20230803,0.0
VT,MA,20230831,0.0
VT,MA,20230906,0.0
VT,MA,20230912,0.0
VT,MA,20231005,0.0
VT,MA,20231020,0.0
VT,MA,20231129,0.0
VT,MA,20231121,0.0
VT,MA,20231228,0.0
VT,MA,20231218,0.0
NE,IA,20230103,1784981.3553767896
NE,IA,20230130,1280805.7167364124
NE,IA,20230213,1583039.6520000023
NE,IA,20230216,1030840.8651869086
NE,IA,20230306,1546173.2397000024
NE,IA,20230315,3424174.0
NE,IA,20230403,3424174.0
NE,IA,20230410,3424174.0
NE,IA,20230530,593804.551755033
NE,IA,20230517,2591403.3530017673
NE,IA,20230630,554105.1102361487
NE,IA,20230615,0.0
NE,IA,20230727,1259182.4096696612
NE,IA,20230710,1277955.3534000018
NE,IA,20230803,1407362.6246870037
NE,IA,20230831,2010629.1637737262
NE,IA,20230906,2108665.7909944854
NE,IA,20230912,3173423.3447145894
NE,IA,20231005,3055091.0074828286
NE,IA,20231020,3424174.0
NE,IA,20231129,2190840.096229508
NE,IA,20231121,3424174.0
NE,IA,20231228,3424174.0
NE,IA,20231218,3424174.0
MD,DE,20230103,0.0
MD,DE,20230130,0.0
MD,DE,20230213,0.0
MD,DE,20230216,0.0
MD,DE,20230306,0.0
MD,DE,20230315,0.0
MD,DE,20230403,0.0
MD,DE,20230410,0.0
MD,DE,20230530,0.0
MD,DE,20230517,0.0
MD,DE,20230630,0.0
MD,DE,20230615,0.0
MD,DE,20230727,0.0
MD,DE,20230710,0.0
MD,DE,20230803,0.0
MD,DE,20230831,0.0
MD,DE,20230906,0.0
MD,DE,20230912,0.0
MD,DE,20231005,0.0
MD,DE,20231020,0.0
MD,DE,20231129,0.0
MD,DE,20231121,0.0
MD,DE,20231228,0.0
MD,DE,20231218,0.0
AL,FL,20230103,3962203.4290108676
AL,FL,20230130,3787263.13281808
AL,FL,20230213,3760268.21037682
AL,FL,20230216,3806493.2518624803
AL,FL,20230306,4154131.49529036
AL,FL,20230315,4684000.488679632
AL,FL,20230403,5002182.104444094
AL,FL,20230410,5028750.324824059
AL,FL,20230530,4935403.932614434
AL,FL,20230517,4968653.774988676
AL,FL,20230630,5011805.261464293
AL,FL,20230615,5039820.0
AL,FL,20230727,5039820.0
AL,FL,20230710,5039820.0
AL,FL,20230803,5039820.0
AL,FL,20230831,5039820.0
AL,FL,20230906,5039820.0
AL,FL,20230912,5039820.0
AL,FL,20231005,5039820.0
AL,FL,20231020,5039820.0
AL,FL,20231129,5039820.0
AL,FL,20231121,5039820.0
AL,FL,20231228,4906298.760204878
AL,FL,20231218,4418661.021962635
WY,MT,20230103,0.0
WY,MT,20230130,0.0
WY,MT,20230213,0.0
WY,MT,20230216,261730.10529417684
WY,MT,20230306,935211.0636283876
WY,MT,20230315,1010038.0
WY,MT,20230403,0.0
WY,MT,20230410,0.0
WY,MT,20230530,1010038.0
WY,MT,20230517,1010038.0
WY,MT,20230630,1010038.0
WY,MT,20230615,1010038.0
WY,MT,20230727,1010038.0
WY,MT,20230710,1010038.0
WY,MT,20230803,1010038.0
WY,MT,20230831,1010038.0
WY,MT,20230906,1010038.0
WY,MT,20230912,1010038.0
WY,MT,20231005,161754.3568133259
WY,MT,20231020,866177.1478000187
WY,MT,20231129,1010038.0
WY,MT,20231121,956709.4708368421
WY,MT,20231228,989885.1465163842
WY,MT,20231218,923644.9130691044
NY,VT,20230103,0.0
NY,VT,20230130,0.0
NY,VT,20230213,0.0
NY,VT,20230216,0.0
NY,VT,20230306,0.0
NY,VT,20230315,0.0
NY,VT,20230403,0.0
NY,VT,20230410,0.0
NY,VT,20230530,0.0
NY,VT,20230517,0.0
NY,VT,20230630,0.0
NY,VT,20230615,0.0
NY,VT,20230727,0.0
NY,VT,20230710,0.0
NY,VT,20230803,0.0
NY,VT,20230831,0.0
NY,VT,20230906,0.0
NY,VT,20230912,0.0
NY,VT,20231005,0.0
NY,VT,20231020,0.0
NY,VT,20231129,0.0
NY,VT,20231121,0.0
NY,VT,20231228,0.0
NY,VT,20231218,0.0
WV,KY,20230103,4177036.0
WV,KY,20230130,4177036.0
WV,KY,20230213,4177036.0
WV,KY,20230216,4177036.0
WV,KY,20230306,4177036.0
WV,KY,20230315,4177036.0
WV,KY,20230403,4177036.0
WV,KY,20230410,4177036.0
WV,KY,20230530,4177036.0
WV,KY,20230517,4177036.0
WV,KY,20230630,4177036.0
WV,KY,20230615,4177036.0
WV,KY,20230727,4177036.0
WV,KY,20230710,4177036.0
WV,KY,20230803,4177036.0
WV,KY,20230831,4177036.0
WV,KY,20230906,4177036.0
WV,KY,20230912,4177036.0
WV,KY,20231005,4177036.0
WV,KY,20231020,4177036.0
WV,KY,20231129,4177036.0
WV,KY,20231121,4177036.0
WV,KY,20231228,4177036.0
WV,KY,20231218,4177036.0
WV,PA,20230103,0.0
WV,PA,20230130,0.0
WV,PA,20230213,0.0
WV,PA,20230216,0.0
WV,PA,20230306,0.0
WV,PA,20230315,0.0
WV,PA,20230403,0.0
WV,PA,20230410,0.0
WV,PA,20230530,0.0
WV,PA,20230517,0.0
WV,PA,20230630,0.0
WV,PA,20230615,0.0
WV,PA,20230727,0.0
WV,PA,20230710,0.0
WV,PA,20230803,0.0
WV,PA,20230831,0.0
WV,PA,20230906,0.0
WV,PA,20230912,0.0
WV,PA,20231005,0.0
WV,PA,20231020,0.0
WV,PA,20231129,0.0
WV,PA,20231121,0.0
WV,PA,20231228,0.0
WV,PA,20231218,0.0
VA,TN,20230103,228140.0
VA,TN,20230130,228140.0
VA,TN,20230213,228140.0
VA,TN,20230216,228140.0
VA,TN,20230306,228140.0
VA,TN,20230315,90578.5837995233
VA,TN,20230403,228140.0
VA,TN,20230410,228140.0
VA,TN,20230530,228140.0
VA,TN,20230517,228140.0
VA,TN,20230630,228140.0
VA,TN,20230615,228140.0
VA,TN,20230727,228140.0
VA,TN,20230710,228140.0
VA,TN,20230803,228140.0
VA,TN,20230831,228140.0
VA,TN,20230906,228140.0
VA,TN,20230912,228140.0
VA,TN,20231005,228140.0
VA,TN,20231020,180219.48718374176
VA,TN,20231129,0.0
VA,TN,20231121,0.0
VA,TN,20231228,228140.0
VA,TN,20231218,228140.0
TN,AL,20230103,0.0
TN,AL,20230130,0.0
TN,AL,20230213,0.0
TN,AL,20230216,0.0
TN,AL,20230306,0.0
TN,AL,20230315,0.0
TN,AL,20230403,0.0
TN,AL,20230410,0.0
TN,AL,20230530,0.0
TN,AL,20230517,0.0
TN,AL,20230630,0.0
TN,AL,20230615,0.0
TN,AL,20230727,0.0
TN,AL,20230710,0.0
TN,AL,20230803,0.0
TN,AL,20230831,0.0
TN,AL,20230906,0.0
TN,AL,20230912,0.0
TN,AL,20231005,0.0
TN,AL,20231020,0.0
TN,AL,20231129,0.0
TN,AL,20231121,0.0
TN,AL,20231228,0.0
TN,AL,20231218,0.0
SC,GA,20230103,591480.0401049131
SC,GA,20230130,431141.2068600806
SC,GA,20230213,101994.89873900032
SC,GA,20230216,836257.1913585662
SC,GA,20230306,490351.6875418937
SC,GA,20230315,0.0
SC,GA,20230403,234379.24387003132
SC,GA,20230410,17376.110428942367
SC,GA,20230530,938320.9215074321
SC,GA,20230517,921002.6328822341
SC,GA,20230630,840533.7558843642
SC,GA,20230615,725379.0772809462
SC,GA,20230727,682749.5735843056
SC,GA,20230710,594833.2037698217
SC,GA,20230803,480634.20193002117
SC,GA,20230831,289029.87771353184
SC,GA,20230906,0.0
SC,GA,20230912,0.0
SC,GA,20231005,0.0
SC,GA,20231020,0.0
SC,GA,20231129,0.0
SC,GA,20231121,0.0
SC,GA,20231228,130377.15344018745
SC,GA,20231218,474586.7368821211
TN,AR,20230103,0.0
TN,AR,20230130,0.0
TN,AR,20230213,0.0
TN,AR,20230216,0.0
TN,AR,20230306,0.0
TN,AR,20230315,0.0
TN,AR,20230403,0.0
TN,AR,20230410,0.0
TN,AR,20230530,0.0
TN,AR,20230517,0.0
TN,AR,20230630,0.0
TN,AR,20230615,0.0
TN,AR,20230727,0.0
TN,AR,20230710,0.0
TN,AR,20230803,0.0
TN,AR,20230831,0.0
TN,AR,20230906,0.0
TN,AR,20230912,0.0
TN,AR,20231005,0.0
TN,AR,20231020,0.0
TN,AR,20231129,0.0
TN,AR,20231121,0.0
TN,AR,20231228,0.0
TN,AR,20231218,0.0
MD,DC,20230103,82960.0
MD,DC,20230130,82960.0
MD,DC,20230213,82960.0
MD,DC,20230216,82046.06963
MD,DC,20230306,82960.0
MD,DC,20230315,82960.0
MD,DC,20230403,82960.0
MD,DC,20230410,82960.0
MD,DC,20230530,37259.25789
MD,DC,20230517,36285.03057
MD,DC,20230630,31396.905789999997
MD,DC,20230615,33898.3791
MD,DC,20230727,30671.042299999994
MD,DC,20230710,31797.73361999999
MD,DC,20230803,31112.75574999999
MD,DC,20230831,31376.35430999999
MD,DC,20230906,31802.67260999999
MD,DC,20230912,32480.362299999986
MD,DC,20231005,35470.20503000001
MD,DC,20231020,43778.638260000014
MD,DC,20231129,82960.0
MD,DC,20231121,82960.0
MD,DC,20231228,82960.0
MD,DC,20231218,82960.0
FL,GA,20230103,0.0
FL,GA,20230130,0.0
FL,GA,20230213,0.0
FL,GA,20230216,0.0
FL,GA,20230306,0.0
FL,GA,20230315,0.0
FL,GA,20230403,0.0
FL,GA,20230410,0.0
FL,GA,20230530,0.0
FL,GA,20230517,0.0
FL,GA,20230630,0.0
FL,GA,20230615,0.0
FL,GA,20230727,0.0
FL,GA,20230710,0.0
FL,GA,20230803,0.0
FL,GA,20230831,0.0
FL,GA,20230906,0.0
FL,GA,20230912,0.0
FL,GA,20231005,0.0
FL,GA,20231020,0.0
FL,GA,20231129,0.0
FL,GA,20231121,0.0
FL,GA,20231228,0.0
FL,GA,20231218,0.0
MO,NE,20230103,0.0
MO,NE,20230130,0.0
MO,NE,20230213,0.0
MO,NE,20230216,0.0
MO,NE,20230306,0.0
MO,NE,20230315,0.0
MO,NE,20230403,0.0
MO,NE,20230410,0.0
MO,NE,20230530,0.0
MO,NE,20230517,0.0
MO,NE,20230630,0.0
MO,NE,20230615,0.0
MO,NE,20230727,0.0
MO,NE,20230710,0.0
MO,NE,20230803,0.0
MO,NE,20230831,0.0
MO,NE,20230906,0.0
MO,NE,20230912,0.0
MO,NE,20231005,0.0
MO,NE,20231020,0.0
MO,NE,20231129,0.0
MO,NE,20231121,0.0
MO,NE,20231228,0.0
MO,NE,20231218,0.0
AR,MS,20230103,0.0
AR,MS,20230130,0.0
AR,MS,20230213,0.0
AR,MS,20230216,0.0
AR,MS,20230306,0.0
AR,MS,20230315,0.0
AR,MS,20230403,0.0
AR,MS,20230410,0.0
AR,MS,20230530,0.0
AR,MS,20230517,0.0
AR,MS,20230630,0.0
AR,MS,20230615,0.0
AR,MS,20230727,0.0
AR,MS,20230710,0.0
AR,MS,20230803,200549.94588257186
AR,MS,20230831,965480.4380086884
AR,MS,20230906,1969668.2910813726
AR,MS,20230912,3040680.724048184
AR,MS,20231005,1979517.5834996263
AR,MS,20231020,2864672.064995878
AR,MS,20231129,1704046.9832160594
AR,MS,20231121,1916420.4493135132
AR,MS,20231228,2197681.306981342
AR,MS,20231218,1180158.6274649166
OK,CO,20230103,66336.26036363386
OK,CO,20230130,207400.0
OK,CO,20230213,207400.0
OK,CO,20230216,207400.0
OK,CO,20230306,207400.0
OK,CO,20230315,207400.0
OK,CO,20230403,191742.3606877823
OK,CO,20230410,98812.42304975959
OK,CO,20230530,0.0
OK,CO,20230517,0.0
OK,CO,20230630,0.0
OK,CO,20230615,0.0
OK,CO,20230727,0.0
OK,CO,20230710,0.0
OK,CO,20230803,0.0
OK,CO,20230831,0.0
OK,CO,20230906,0.0
OK,CO,20230912,207400.0
OK,CO,20231005,0.0
OK,CO,20231020,207400.0
OK,CO,20231129,207400.0
OK,CO,20231121,207400.0
OK,CO,20231228,207400.0
OK,CO,20231218,207400.0
LA,TX,20230103,0.0
LA,TX,20230130,447080.528553118
LA,TX,20230213,0.0
LA,TX,20230216,0.0
LA,TX,20230306,0.0
LA,TX,20230315,0.0
LA,TX,20230403,0.0
LA,TX,20230410,0.0
LA,TX,20230530,0.0
LA,TX,20230517,0.0
LA,TX,20230630,0.0
LA,TX,20230615,0.0
LA,TX,20230727,0.0
LA,TX,20230710,0.0
LA,TX,20230803,0.0
LA,TX,20230831,0.0
LA,TX,20230906,0.0
LA,TX,20230912,0.0
LA,TX,20231005,0.0
LA,TX,20231020,0.0
LA,TX,20231129,0.0
LA,TX,20231121,0.0
LA,TX,20231228,0.0
LA,TX,20231218,0.0
WI,IA,20230103,0.0
WI,IA,20230130,0.0
WI,IA,20230213,0.0
WI,IA,20230216,0.0
WI,IA,20230306,0.0
WI,IA,20230315,0.0
WI,IA,20230403,0.0
WI,IA,20230410,0.0
WI,IA,20230530,0.0
WI,IA,20230517,0.0
WI,IA,20230630,0.0
WI,IA,20230615,0.0
WI,IA,20230727,0.0
WI,IA,20230710,0.0
WI,IA,20230803,0.0
WI,IA,20230831,0.0
WI,IA,20230906,0.0
WI,IA,20230912,0.0
WI,IA,20231005,0.0
WI,IA,20231020,0.0
WI,IA,20231129,0.0
WI,IA,20231121,0.0
WI,IA,20231228,0.0
WI,IA,20231218,0.0
CO,NE,20230103,681590.1298058704
CO,NE,20230130,0.0
CO,NE,20230213,332053.7843008272
CO,NE,20230216,72521.3337351824
CO,NE,20230306,1637597.1400393401
CO,NE,20230315,1914133.3774105208
CO,NE,20230403,2000909.0714450025
CO,NE,20230410,1914865.988480778
CO,NE,20230530,0.0
CO,NE,20230517,2097559.9776073187
CO,NE,20230630,0.0
CO,NE,20230615,0.0
CO,NE,20230727,2263939.339277548
CO,NE,20230710,728279.3738355542
CO,NE,20230803,2266436.787964466
CO,NE,20230831,1851482.5021049008
CO,NE,20230906,1615350.0141412439
CO,NE,20230912,2289655.740605711
CO,NE,20231005,1864998.8259912236
CO,NE,20231020,2357343.2324090498
CO,NE,20231129,2163202.1902960776
CO,NE,20231121,2943006.0
CO,NE,20231228,2943006.0
CO,NE,20231218,1172853.5352226805
MI,WI,20230103,0.0
MI,WI,20230130,0.0
MI,WI,20230213,0.0
MI,WI,20230216,0.0
MI,WI,20230306,0.0
MI,WI,20230315,0.0
MI,WI,20230403,0.0
MI,WI,20230410,0.0
MI,WI,20230530,0.0
MI,WI,20230517,0.0
MI,WI,20230630,0.0
MI,WI,20230615,0.0
MI,WI,20230727,0.0
MI,WI,20230710,0.0
MI,WI,20230803,0.0
MI,WI,20230831,34133.700590367895
MI,WI,20230906,98602.08769095736
MI,WI,20230912,329055.34398941643
MI,WI,20231005,1319108.2530813003
MI,WI,20231020,887654.6043806528
MI,WI,20231129,2968830.651872405
MI,WI,20231121,1114257.5917992904
MI,WI,20231228,1212472.865691168
MI,WI,20231218,970453.9502894172
MA,NY,20230103,0.0
MA,NY,20230130,0.0
MA,NY,20230213,0.0
MA,NY,20230216,0.0
MA,NY,20230306,0.0
MA,NY,20230315,0.0
MA,NY,20230403,0.0
MA,NY,20230410,0.0
MA,NY,20230530,0.0
MA,NY,20230517,0.0
MA,NY,20230630,0.0
MA,NY,20230615,0.0
MA,NY,20230727,0.0
MA,NY,20230710,0.0
MA,NY,20230803,0.0
MA,NY,20230831,0.0
MA,NY,20230906,0.0
MA,NY,20230912,0.0
MA,NY,20231005,0.0
MA,NY,20231020,0.0
MA,NY,20231129,0.0
MA,NY,20231121,0.0
MA,NY,20231228,0.0
MA,NY,20231218,0.0
RI,MA,20230103,555572.4883897637
RI,MA,20230130,300640.7091835743
RI,MA,20230213,221406.25368113362
RI,MA,20230216,0.0
RI,MA,20230306,451915.6620102069
RI,MA,20230315,510324.1206704242
RI,MA,20230403,644351.6071996643
RI,MA,20230410,513139.9025986367
RI,MA,20230530,0.0
RI,MA,20230517,0.0
RI,MA,20230630,0.0
RI,MA,20230615,0.0
RI,MA,20230727,0.0
RI,MA,20230710,0.0
RI,MA,20230803,0.0
RI,MA,20230831,0.0
RI,MA,20230906,136271.24153683125
RI,MA,20230912,327325.6378844229
RI,MA,20231005,507949.72216659173
RI,MA,20231020,682435.8953246367
RI,MA,20231129,1223660.0
RI,MA,20231121,1223660.0
RI,MA,20231228,674310.7456143849
RI,MA,20231218,265225.75856172864
NY,PA,20230103,0.0
NY,PA,20230130,0.0
NY,PA,20230213,0.0
NY,PA,20230216,0.0
NY,PA,20230306,0.0
NY,PA,20230315,0.0
NY,PA,20230403,0.0
NY,PA,20230410,0.0
NY,PA,20230530,0.0
NY,PA,20230517,0.0
NY,PA,20230630,0.0
NY,PA,20230615,0.0
NY,PA,20230727,0.0
NY,PA,20230710,0.0
NY,PA,20230803,0.0
NY,PA,20230831,0.0
NY,PA,20230906,0.0
NY,PA,20230912,0.0
NY,PA,20231005,0.0
NY,PA,20231020,0.0
NY,PA,20231129,0.0
NY,PA,20231121,0.0
NY,PA,20231228,0.0
NY,PA,20231218,0.0
OK,NM,20230103,0.0
OK,NM,20230130,0.0
OK,NM,20230213,0.0
OK,NM,20230216,0.0
OK,NM,20230306,0.0
OK,NM,20230315,0.0
OK,NM,20230403,0.0
OK,NM,20230410,0.0
OK,NM,20230530,0.0
OK,NM,20230517,0.0
OK,NM,20230630,0.0
OK,NM,20230615,0.0
OK,NM,20230727,0.0
OK,NM,20230710,0.0
OK,NM,20230803,0.0
OK,NM,20230831,0.0
OK,NM,20230906,0.0
OK,NM,20230912,0.0
OK,NM,20231005,0.0
OK,NM,20231020,0.0
OK,NM,20231129,0.0
OK,NM,20231121,0.0
OK,NM,20231228,0.0
OK,NM,20231218,0.0
VA,NC,20230103,3542392.0
VA,NC,20230130,3542392.0
VA,NC,20230213,3542392.0
VA,NC,20230216,3542392.0
VA,NC,20230306,3542392.0
VA,NC,20230315,3542392.0
VA,NC,20230403,3542392.0
VA,NC,20230410,3542392.0
VA,NC,20230530,3542392.0
VA,NC,20230517,3542392.0
VA,NC,20230630,3542392.0
VA,NC,20230615,3542392.0
VA,NC,20230727,3542392.0
VA,NC,20230710,3542392.0
VA,NC,20230803,3542392.0
VA,NC,20230831,3542392.0
VA,NC,20230906,3542392.0
VA,NC,20230912,3542392.0
VA,NC,20231005,3542392.0
VA,NC,20231020,3542392.0
VA,NC,20231129,3542392.0
VA,NC,20231121,3542392.0
VA,NC,20231228,3367065.7401274526
VA,NC,20231218,3542392.0
WI,MI,20230103,0.0
WI,MI,20230130,0.0
WI,MI,20230213,0.0
WI,MI,20230216,0.0
WI,MI,20230306,0.0
WI,MI,20230315,0.0
WI,MI,20230403,0.0
WI,MI,20230410,0.0
WI,MI,20230530,0.0
WI,MI,20230517,0.0
WI,MI,20230630,0.0
WI,MI,20230615,0.0
WI,MI,20230727,0.0
WI,MI,20230710,0.0
WI,MI,20230803,0.0
WI,MI,20230831,0.0
WI,MI,20230906,0.0
WI,MI,20230912,0.0
WI,MI,20231005,0.0
WI,MI,20231020,0.0
WI,MI,20231129,0.0
WI,MI,20231121,0.0
WI,MI,20231228,0.0
WI,MI,20231218,0.0
CT,NY,20230103,0.0
CT,NY,20230130,0.0
CT,NY,20230213,0.0
CT,NY,20230216,0.0
CT,NY,20230306,0.0
CT,NY,20230315,0.0
CT,NY,20230403,0.0
CT,NY,20230410,0.0
CT,NY,20230530,0.0
CT,NY,20230517,0.0
CT,NY,20230630,0.0
CT,NY,20230615,0.0
CT,NY,20230727,0.0
CT,NY,20230710,0.0
CT,NY,20230803,0.0
CT,NY,20230831,0.0
CT,NY,20230906,0.0
CT,NY,20230912,0.0
CT,NY,20231005,0.0
CT,NY,20231020,0.0
CT,NY,20231129,0.0
CT,NY,20231121,0.0
CT,NY,20231228,0.0
CT,NY,20231218,0.0
IL,MO,20230103,0.0
IL,MO,20230130,0.0
IL,MO,20230213,0.0
IL,MO,20230216,0.0
IL,MO,20230306,0.0
IL,MO,20230315,0.0
IL,MO,20230403,0.0
IL,MO,20230410,0.0
IL,MO,20230530,0.0
IL,MO,20230517,0.0
IL,MO,20230630,0.0
IL,MO,20230615,0.0
IL,MO,20230727,0.0
IL,MO,20230710,0.0
IL,MO,20230803,0.0
IL,MO,20230831,0.0
IL,MO,20230906,0.0
IL,MO,20230912,0.0
IL,MO,20231005,0.0
IL,MO,20231020,0.0
IL,MO,20231129,0.0
IL,MO,20231121,0.0
IL,MO,20231228,0.0
IL,MO,20231218,0.0
WA,ID,20230103,0.0
WA,ID,20230130,0.0
WA,ID,20230213,0.0
WA,ID,20230216,0.0
WA,ID,20230306,0.0
WA,ID,20230315,0.0
WA,ID,20230403,0.0
WA,ID,20230410,0.0
WA,ID,20230530,0.0
WA,ID,20230517,0.0
WA,ID,20230630,0.0
WA,ID,20230615,0.0
WA,ID,20230727,0.0
WA,ID,20230710,0.0
WA,ID,20230803,0.0
WA,ID,20230831,0.0
WA,ID,20230906,0.0
WA,ID,20230912,0.0
WA,ID,20231005,0.0
WA,ID,20231020,0.0
WA,ID,20231129,0.0
WA,ID,20231121,0.0
WA,ID,20231228,0.0
WA,ID,20231218,0.0
NH,VT,20230103,0.0
NH,VT,20230130,0.0
NH,VT,20230213,0.0
NH,VT,20230216,0.0
NH,VT,20230306,0.0
NH,VT,20230315,0.0
NH,VT,20230403,0.0
NH,VT,20230410,0.0
NH,VT,20230530,0.0
NH,VT,20230517,0.0
NH,VT,20230630,0.0
NH,VT,20230615,0.0
NH,VT,20230727,0.0
NH,VT,20230710,0.0
NH,VT,20230803,0.0
NH,VT,20230831,0.0
NH,VT,20230906,0.0
NH,VT,20230912,0.0
NH,VT,20231005,0.0
NH,VT,20231020,0.0
NH,VT,20231129,0.0
NH,VT,20231121,0.0
NH,VT,20231228,0.0
NH,VT,20231218,0.0
AL,GA,20230103,1534364.8530175872
AL,GA,20230130,1832376.47608022
AL,GA,20230213,2544268.4167619906
AL,GA,20230216,1010319.2139352518
AL,GA,20230306,1196596.1363316386
AL,GA,20230315,4178513.07584945
AL,GA,20230403,1898081.5904427294
AL,GA,20230410,2225533.3256321074
AL,GA,20230530,1151237.3254707763
AL,GA,20230517,1117410.4868410954
AL,GA,20230630,1128442.8308691264
AL,GA,20230615,1548712.7610220786
AL,GA,20230727,1510867.845485513
AL,GA,20230710,1779514.5745388325
AL,GA,20230803,2206586.2514663218
AL,GA,20230831,2870652.4651827686
AL,GA,20230906,3749669.8601805847
AL,GA,20230912,4676462.248288284
AL,GA,20231005,4911077.049104874
AL,GA,20231020,4750854.768599989
AL,GA,20231129,6249503.356877073
AL,GA,20231121,2791913.861245364
AL,GA,20231228,2386469.5863913344
AL,GA,20231218,1894713.3197225372
NM,TX,20230103,0.0
NM,TX,20230130,0.0
NM,TX,20230213,0.0
NM,TX,20230216,0.0
NM,TX,20230306,0.0
NM,TX,20230315,0.0
NM,TX,20230403,0.0
NM,TX,20230410,0.0
NM,TX,20230530,0.0
NM,TX,20230517,0.0
NM,TX,20230630,0.0
NM,TX,20230615,0.0
NM,TX,20230727,0.0
NM,TX,20230710,0.0
NM,TX,20230803,0.0
NM,TX,20230831,0.0
NM,TX,20230906,0.0
NM,TX,20230912,0.0
NM,TX,20231005,0.0
NM,TX,20231020,0.0
NM,TX,20231129,0.0
NM,TX,20231121,0.0
NM,TX,20231228,0.0
NM,TX,20231218,0.0
MO,IL,20230103,5408122.409463197
MO,IL,20230130,1729359.8565846796
MO,IL,20230213,3880213.102973107
MO,IL,20230216,3080907.061250925
MO,IL,20230306,3024001.789786857
MO,IL,20230315,2046379.5755228356
MO,IL,20230403,4746285.308400596
MO,IL,20230410,4914285.046616228
MO,IL,20230530,6104819.0
MO,IL,20230517,6104819.0
MO,IL,20230630,3916524.0485784984
MO,IL,20230615,5134608.374038468
MO,IL,20230727,0.0
MO,IL,20230710,0.0
MO,IL,20230803,0.0
MO,IL,20230831,0.0
MO,IL,20230906,0.0
MO,IL,20230912,0.0
MO,IL,20231005,0.0
MO,IL,20231020,0.0
MO,IL,20231129,0.0
MO,IL,20231121,0.0
MO,IL,20231228,0.0
MO,IL,20231218,0.0
AR,OK,20230103,0.0
AR,OK,20230130,0.0
AR,OK,20230213,0.0
AR,OK,20230216,0.0
AR,OK,20230306,0.0
AR,OK,20230315,0.0
AR,OK,20230403,0.0
AR,OK,20230410,0.0
AR,OK,20230530,0.0
AR,OK,20230517,0.0
AR,OK,20230630,0.0
AR,OK,20230615,0.0
AR,OK,20230727,0.0
AR,OK,20230710,0.0
AR,OK,20230803,0.0
AR,OK,20230831,0.0
AR,OK,20230906,0.0
AR,OK,20230912,0.0
AR,OK,20231005,0.0
AR,OK,20231020,0.0
AR,OK,20231129,0.0
AR,OK,20231121,0.0
AR,OK,20231228,0.0
AR,OK,20231218,0.0
GA,TN,20230103,0.0
GA,TN,20230130,0.0
GA,TN,20230213,0.0
GA,TN,20230216,0.0
GA,TN,20230306,0.0
GA,TN,20230315,0.0
GA,TN,20230403,0.0
GA,TN,20230410,0.0
GA,TN,20230530,0.0
GA,TN,20230517,0.0
GA,TN,20230630,0.0
GA,TN,20230615,0.0
GA,TN,20230727,0.0
GA,TN,20230710,0.0
GA,TN,20230803,0.0
GA,TN,20230831,0.0
GA,TN,20230906,0.0
GA,TN,20230912,0.0
GA,TN,20231005,0.0
GA,TN,20231020,0.0
GA,TN,20231129,0.0
GA,TN,20231121,0.0
GA,TN,20231228,0.0
GA,TN,20231218,0.0
MT,ID,20230103,0.0
MT,ID,20230130,0.0
MT,ID,20230213,0.0
MT,ID,20230216,0.0
MT,ID,20230306,0.0
MT,ID,20230315,0.0
MT,ID,20230403,0.0
MT,ID,20230410,0.0
MT,ID,20230530,0.0
MT,ID,20230517,0.0
MT,ID,20230630,0.0
MT,ID,20230615,0.0
MT,ID,20230727,0.0
MT,ID,20230710,0.0
MT,ID,20230803,0.0
MT,ID,20230831,0.0
MT,ID,20230906,0.0
MT,ID,20230912,0.0
MT,ID,20231005,0.0
MT,ID,20231020,0.0
MT,ID,20231129,0.0
MT,ID,20231121,0.0
MT,ID,20231228,0.0
MT,ID,20231218,0.0
PA,DE,20230103,400409.26859647897
PA,DE,20230130,323478.66730269877
PA,DE,20230213,318915.9594
PA,DE,20230216,192592.92940826953
PA,DE,20230306,239316.0961271427
PA,DE,20230315,423913.3814106096
PA,DE,20230403,459137.43615844345
PA,DE,20230410,492795.99300693464
PA,DE,20230530,350858.0120455696
PA,DE,20230517,338007.3375243901
PA,DE,20230630,364012.9194723571
PA,DE,20230615,382038.4701478003
PA,DE,20230727,336603.9719886332
PA,DE,20230710,353006.572180351
PA,DE,20230803,437894.4111714901
PA,DE,20230831,444383.66748117015
PA,DE,20230906,505762.82927572675
PA,DE,20230912,522673.8280999998
PA,DE,20231005,539123.8713999998
PA,DE,20231020,565539.4642099998
PA,DE,20231129,667329.9479999997
PA,DE,20231121,623974.9042699996
PA,DE,20231228,604776.2446468851
PA,DE,20231218,483605.00353248196
SD,MT,20230103,0.0
SD,MT,20230130,0.0
SD,MT,20230213,0.0
SD,MT,20230216,0.0
SD,MT,20230306,0.0
SD,MT,20230315,0.0
SD,MT,20230403,0.0
SD,MT,20230410,0.0
SD,MT,20230530,0.0
SD,MT,20230517,0.0
SD,MT,20230630,0.0
SD,MT,20230615,0.0
SD,MT,20230727,0.0
SD,MT,20230710,0.0
SD,MT,20230803,0.0
SD,MT,20230831,0.0
SD,MT,20230906,0.0
SD,MT,20230912,0.0
SD,MT,20231005,0.0
SD,MT,20231020,0.0
SD,MT,20231129,0.0
SD,MT,20231121,0.0
SD,MT,20231228,0.0
SD,MT,20231218,0.0
TN,NC,20230103,0.0
TN,NC,20230130,0.0
TN,NC,20230213,0.0
TN,NC,20230216,0.0
TN,NC,20230306,0.0
TN,NC,20230315,0.0
TN,NC,20230403,0.0
TN,NC,20230410,0.0
TN,NC,20230530,0.0
TN,NC,20230517,0.0
TN,NC,20230630,0.0
TN,NC,20230615,0.0
TN,NC,20230727,0.0
TN,NC,20230710,0.0
TN,NC,20230803,0.0
TN,NC,20230831,0.0
TN,NC,20230906,0.0
TN,NC,20230912,0.0
TN,NC,20231005,0.0
TN,NC,20231020,0.0
TN,NC,20231129,0.0
TN,NC,20231121,0.0
TN,NC,20231228,0.0
TN,NC,20231218,0.0
ID,WY,20230103,0.0
ID,WY,20230130,0.0
ID,WY,20230213,0.0
ID,WY,20230216,0.0
ID,WY,20230306,0.0
ID,WY,20230315,0.0
ID,WY,20230403,0.0
ID,WY,20230410,0.0
ID,WY,20230530,0.0
ID,WY,20230517,0.0
ID,WY,20230630,0.0
ID,WY,20230615,0.0
ID,WY,20230727,0.0
ID,WY,20230710,0.0
ID,WY,20230803,0.0
ID,WY,20230831,0.0
ID,WY,20230906,0.0
ID,WY,20230912,0.0
ID,WY,20231005,0.0
ID,WY,20231020,0.0
ID,WY,20231129,0.0
ID,WY,20231121,0.0
ID,WY,20231228,0.0
ID,WY,20231218,0.0
MT,WY,20230103,0.0
MT,WY,20230130,0.0
MT,WY,20230213,0.0
MT,WY,20230216,0.0
MT,WY,20230306,0.0
MT,WY,20230315,0.0
MT,WY,20230403,0.0
MT,WY,20230410,0.0
MT,WY,20230530,0.0
MT,WY,20230517,0.0
MT,WY,20230630,0.0
MT,WY,20230615,0.0
MT,WY,20230727,0.0
MT,WY,20230710,0.0
MT,WY,20230803,0.0
MT,WY,20230831,0.0
MT,WY,20230906,0.0
MT,WY,20230912,0.0
MT,WY,20231005,0.0
MT,WY,20231020,0.0
MT,WY,20231129,0.0
MT,WY,20231121,0.0
MT,WY,20231228,0.0
MT,WY,20231218,0.0
SD,ND,20230103,0.0
SD,ND,20230130,0.0
SD,ND,20230213,0.0
SD,ND,20230216,0.0
SD,ND,20230306,0.0
SD,ND,20230315,0.0
SD,ND,20230403,0.0
SD,ND,20230410,0.0
SD,ND,20230530,0.0
SD,ND,20230517,0.0
SD,ND,20230630,0.0
SD,ND,20230615,0.0
SD,ND,20230727,0.0
SD,ND,20230710,0.0
SD,ND,20230803,0.0
SD,ND,20230831,0.0
SD,ND,20230906,0.0
SD,ND,20230912,0.0
SD,ND,20231005,0.0
SD,ND,20231020,0.0
SD,ND,20231129,0.0
SD,ND,20231121,0.0
SD,ND,20231228,0.0
SD,ND,20231218,0.0
NV,ID,20230103,0.0
NV,ID,20230130,0.0
NV,ID,20230213,0.0
NV,ID,20230216,0.0
NV,ID,20230306,0.0
NV,ID,20230315,0.0
NV,ID,20230403,0.0
NV,ID,20230410,0.0
NV,ID,20230530,0.0
NV,ID,20230517,0.0
NV,ID,20230630,0.0
NV,ID,20230615,0.0
NV,ID,20230727,0.0
NV,ID,20230710,0.0
NV,ID,20230803,0.0
NV,ID,20230831,0.0
NV,ID,20230906,0.0
NV,ID,20230912,0.0
NV,ID,20231005,0.0
NV,ID,20231020,0.0
NV,ID,20231129,0.0
NV,ID,20231121,0.0
NV,ID,20231228,0.0
NV,ID,20231218,0.0
NV,AZ,20230103,0.0
NV,AZ,20230130,0.0
NV,AZ,20230213,0.0
NV,AZ,20230216,0.0
NV,AZ,20230306,0.0
NV,AZ,20230315,0.0
NV,AZ,20230403,0.0
NV,AZ,20230410,0.0
NV,AZ,20230530,0.0
NV,AZ,20230517,0.0
NV,AZ,20230630,0.0
NV,AZ,20230615,0.0
NV,AZ,20230727,0.0
NV,AZ,20230710,0.0
NV,AZ,20230803,0.0
NV,AZ,20230831,0.0
NV,AZ,20230906,0.0
NV,AZ,20230912,0.0
NV,AZ,20231005,0.0
NV,AZ,20231020,0.0
NV,AZ,20231129,0.0
NV,AZ,20231121,0.0
NV,AZ,20231228,0.0
NV,AZ,20231218,0.0
UT,NV,20230103,2425111.6489108945
UT,NV,20230130,2509748.903810895
UT,NV,20230213,2671784.7123887483
UT,NV,20230216,2074574.0251651024
UT,NV,20230306,2458494.183166119
UT,NV,20230315,1262038.7557326462
UT,NV,20230403,2633151.5289253853
UT,NV,20230410,2922311.080717301
UT,NV,20230530,2978292.3738914253
UT,NV,20230517,3090523.388534581
UT,NV,20230630,2476147.656854765
UT,NV,20230615,2653625.2965498106
UT,NV,20230727,2606194.1014078455
UT,NV,20230710,2675456.594115766
UT,NV,20230803,2713944.3615337135
UT,NV,20230831,2724853.83649937
UT,NV,20230906,2770149.4453288913
UT,NV,20230912,2890205.374132165
UT,NV,20231005,3054780.5228844
UT,NV,20231020,3378359.0895500043
UT,NV,20231129,3547473.9558100044
UT,NV,20231121,3505967.6529600043
UT,NV,20231228,3680486.773170004
UT,NV,20231218,3617064.257340004
LA,AR,20230103,1073371.9464380369
LA,AR,20230130,0.0
LA,AR,20230213,0.0
LA,AR,20230216,0.0
LA,AR,20230306,0.0
LA,AR,20230315,0.0
LA,AR,20230403,0.0
LA,AR,20230410,0.0
LA,AR,20230530,0.0
LA,AR,20230517,0.0
LA,AR,20230630,0.0
LA,AR,20230615,0.0
LA,AR,20230727,0.0
LA,AR,20230710,0.0
LA,AR,20230803,0.0
LA,AR,20230831,0.0
LA,AR,20230906,0.0
LA,AR,20230912,0.0
LA,AR,20231005,0.0
LA,AR,20231020,0.0
LA,AR,20231129,0.0
LA,AR,20231121,0.0
LA,AR,20231228,0.0
LA,AR,20231218,0.0
MT,SD,20230103,0.0
MT,SD,20230130,0.0
MT,SD,20230213,0.0
MT,SD,20230216,0.0
MT,SD,20230306,0.0
MT,SD,20230315,0.0
MT,SD,20230403,0.0
MT,SD,20230410,0.0
MT,SD,20230530,0.0
MT,SD,20230517,0.0
MT,SD,20230630,0.0
MT,SD,20230615,0.0
MT,SD,20230727,0.0
MT,SD,20230710,0.0
MT,SD,20230803,0.0
MT,SD,20230831,0.0
MT,SD,20230906,0.0
MT,SD,20230912,0.0
MT,SD,20231005,0.0
MT,SD,20231020,0.0
MT,SD,20231129,0.0
MT,SD,20231121,0.0
MT,SD,20231228,0.0
MT,SD,20231218,0.0
ND,SD,20230103,176298.97699999993
ND,SD,20230130,328105.4136809297
ND,SD,20230213,204737.215262396
ND,SD,20230216,286107.64434466383
ND,SD,20230306,201604.94548326684
ND,SD,20230315,2366769.2849677424
ND,SD,20230403,155496.41574766347
ND,SD,20230410,316344.53969723405
ND,SD,20230530,312461.99633938627
ND,SD,20230517,215540.382251174
ND,SD,20230630,333329.795237868
ND,SD,20230615,332385.22878999985
ND,SD,20230727,186379.0341599999
ND,SD,20230710,192352.60502999992
ND,SD,20230803,187085.82838086257
ND,SD,20230831,190694.1229194255
ND,SD,20230906,216597.65975237207
ND,SD,20230912,237470.6634999999
ND,SD,20231005,249116.87694173443
ND,SD,20231020,251693.87791999985
ND,SD,20231129,341413.36969999975
ND,SD,20231121,296118.4213607423
ND,SD,20231228,280216.66832939046
ND,SD,20231218,258511.6550999998
ID,UT,20230103,0.0
ID,UT,20230130,309026.0
ID,UT,20230213,0.0
ID,UT,20230216,0.0
ID,UT,20230306,0.0
ID,UT,20230315,0.0
ID,UT,20230403,0.0
ID,UT,20230410,54558.39153333315
ID,UT,20230530,0.0
ID,UT,20230517,0.0
ID,UT,20230630,0.0
ID,UT,20230615,0.0
ID,UT,20230727,0.0
ID,UT,20230710,0.0
ID,UT,20230803,0.0
ID,UT,20230831,0.0
ID,UT,20230906,0.0
ID,UT,20230912,0.0
ID,UT,20231005,0.0
ID,UT,20231020,0.0
ID,UT,20231129,0.0
ID,UT,20231121,0.0
ID,UT,20231228,0.0
ID,UT,20231218,0.0
MA,NH,20230103,482117.10375099874
MA,NH,20230130,329839.020321658
MA,NH,20230213,221511.96885865516
MA,NH,20230216,189171.96569117802
MA,NH,20230306,362082.09261020675
MA,NH,20230315,353631.3357916172
MA,NH,20230403,409658.2374988311
MA,NH,20230410,468215.0192514172
MA,NH,20230530,474321.63762762723
MA,NH,20230517,500481.2543181453
MA,NH,20230630,417321.0530060833
MA,NH,20230615,446151.9498829037
MA,NH,20230727,319844.1681020162
MA,NH,20230710,325619.9576028012
MA,NH,20230803,493277.9633717557
MA,NH,20230831,513681.20873256633
MA,NH,20230906,534882.8685488433
MA,NH,20230912,548881.3381498836
MA,NH,20231005,561346.3028845614
MA,NH,20231020,582066.1324220521
MA,NH,20231129,623826.5313266661
MA,NH,20231121,644239.2682866665
MA,NH,20231228,548912.4232739705
MA,NH,20231218,468670.1768374912
MD,WV,20230103,0.0
MD,WV,20230130,0.0
MD,WV,20230213,0.0
MD,WV,20230216,0.0
MD,WV,20230306,0.0
MD,WV,20230315,0.0
MD,WV,20230403,0.0
MD,WV,20230410,0.0
MD,WV,20230530,0.0
MD,WV,20230517,0.0
MD,WV,20230630,0.0
MD,WV,20230615,0.0
MD,WV,20230727,0.0
MD,WV,20230710,0.0
MD,WV,20230803,0.0
MD,WV,20230831,0.0
MD,WV,20230906,0.0
MD,WV,20230912,0.0
MD,WV,20231005,0.0
MD,WV,20231020,0.0
MD,WV,20231129,0.0
MD,WV,20231121,0.0
MD,WV,20231228,0.0
MD,WV,20231218,0.0
NC,TN,20230103,0.0
NC,TN,20230130,0.0
NC,TN,20230213,0.0
NC,TN,20230216,0.0
NC,TN,20230306,0.0
NC,TN,20230315,0.0
NC,TN,20230403,0.0
NC,TN,20230410,0.0
NC,TN,20230530,0.0
NC,TN,20230517,0.0
NC,TN,20230630,0.0
NC,TN,20230615,0.0
NC,TN,20230727,0.0
NC,TN,20230710,0.0
NC,TN,20230803,0.0
NC,TN,20230831,0.0
NC,TN,20230906,0.0
NC,TN,20230912,0.0
NC,TN,20231005,0.0
NC,TN,20231020,0.0
NC,TN,20231129,0.0
NC,TN,20231121,0.0
NC,TN,20231228,0.0
NC,TN,20231218,0.0
DC,MD,20230103,0.0
DC,MD,20230130,0.0
DC,MD,20230213,0.0
DC,MD,20230216,0.0
DC,MD,20230306,0.0
DC,MD,20230315,0.0
DC,MD,20230403,0.0
DC,MD,20230410,0.0
DC,MD,20230530,0.0
DC,MD,20230517,0.0
DC,MD,20230630,0.0
DC,MD,20230615,0.0
DC,MD,20230727,0.0
DC,MD,20230710,0.0
DC,MD,20230803,0.0
DC,MD,20230831,0.0
DC,MD,20230906,0.0
DC,MD,20230912,0.0
DC,MD,20231005,0.0
DC,MD,20231020,0.0
DC,MD,20231129,0.0
DC,MD,20231121,0.0
DC,MD,20231228,0.0
DC,MD,20231218,0.0
IL,KY,20230103,0.0
IL,KY,20230130,0.0
IL,KY,20230213,0.0
IL,KY,20230216,0.0
IL,KY,20230306,0.0
IL,KY,20230315,0.0
IL,KY,20230403,0.0
IL,KY,20230410,0.0
IL,KY,20230530,0.0
IL,KY,20230517,0.0
IL,KY,20230630,0.0
IL,KY,20230615,0.0
IL,KY,20230727,0.0
IL,KY,20230710,0.0
IL,KY,20230803,0.0
IL,KY,20230831,0.0
IL,KY,20230906,0.0
IL,KY,20230912,0.0
IL,KY,20231005,0.0
IL,KY,20231020,0.0
IL,KY,20231129,0.0
IL,KY,20231121,0.0
IL,KY,20231228,0.0
IL,KY,20231218,0.0
ID,WA,20230103,1597806.321867736
ID,WA,20230130,1084233.397967736
ID,WA,20230213,1544789.064185706
ID,WA,20230216,1483724.129185706
ID,WA,20230306,1631820.6481738808
ID,WA,20230315,1850105.105035476
ID,WA,20230403,1562117.6144333263
ID,WA,20230410,1635228.754999997
ID,WA,20230530,1368229.9497319362
ID,WA,20230517,1360094.7369019364
ID,WA,20230630,1830154.5828919737
ID,WA,20230615,1699858.8015933265
ID,WA,20230727,1779129.0224725762
ID,WA,20230710,1778204.2373725763
ID,WA,20230803,1881702.1861770963
ID,WA,20230831,1859729.172017096
ID,WA,20230906,1934966.7817433262
ID,WA,20230912,1937574.0352433263
ID,WA,20231005,1368509.860079676
ID,WA,20231020,1360270.6420207378
ID,WA,20231129,1222287.7956666653
ID,WA,20231121,1293295.0733666655
ID,WA,20231228,1515502.7900258056
ID,WA,20231218,1526928.3197239914
OR,ID,20230103,0.0
OR,ID,20230130,0.0
OR,ID,20230213,0.0
OR,ID,20230216,0.0
OR,ID,20230306,0.0
OR,ID,20230315,0.0
OR,ID,20230403,0.0
OR,ID,20230410,0.0
OR,ID,20230530,0.0
OR,ID,20230517,0.0
OR,ID,20230630,0.0
OR,ID,20230615,0.0
OR,ID,20230727,0.0
OR,ID,20230710,0.0
OR,ID,20230803,0.0
OR,ID,20230831,0.0
OR,ID,20230906,0.0
OR,ID,20230912,0.0
OR,ID,20231005,0.0
OR,ID,20231020,0.0
OR,ID,20231129,0.0
OR,ID,20231121,0.0
OR,ID,20231228,0.0
OR,ID,20231218,0.0
DE,NJ,20230103,0.0
DE,NJ,20230130,0.0
DE,NJ,20230213,0.0
DE,NJ,20230216,0.0
DE,NJ,20230306,0.0
DE,NJ,20230315,0.0
DE,NJ,20230403,0.0
DE,NJ,20230410,0.0
DE,NJ,20230530,0.0
DE,NJ,20230517,0.0
DE,NJ,20230630,0.0
DE,NJ,20230615,0.0
DE,NJ,20230727,0.0
DE,NJ,20230710,0.0
DE,NJ,20230803,0.0
DE,NJ,20230831,0.0
DE,NJ,20230906,0.0
DE,NJ,20230912,0.0
DE,NJ,20231005,0.0
DE,NJ,20231020,0.0
DE,NJ,20231129,0.0
DE,NJ,20231121,0.0
DE,NJ,20231228,0.0
DE,NJ,20231218,0.0
MO,KY,20230103,0.0
MO,KY,20230130,0.0
MO,KY,20230213,0.0
MO,KY,20230216,0.0
MO,KY,20230306,0.0
MO,KY,20230315,0.0
MO,KY,20230403,0.0
MO,KY,20230410,0.0
MO,KY,20230530,0.0
MO,KY,20230517,0.0
MO,KY,20230630,0.0
MO,KY,20230615,0.0
MO,KY,20230727,0.0
MO,KY,20230710,0.0
MO,KY,20230803,0.0
MO,KY,20230831,0.0
MO,KY,20230906,0.0
MO,KY,20230912,0.0
MO,KY,20231005,0.0
MO,KY,20231020,0.0
MO,KY,20231129,0.0
MO,KY,20231121,0.0
MO,KY,20231228,0.0
MO,KY,20231218,0.0
IL,IN,20230103,0.0
IL,IN,20230130,0.0
IL,IN,20230213,0.0
IL,IN,20230216,0.0
IL,IN,20230306,0.0
IL,IN,20230315,0.0
IL,IN,20230403,0.0
IL,IN,20230410,0.0
IL,IN,20230530,0.0
IL,IN,20230517,0.0
IL,IN,20230630,0.0
IL,IN,20230615,0.0
IL,IN,20230727,0.0
IL,IN,20230710,0.0
IL,IN,20230803,0.0
IL,IN,20230831,0.0
IL,IN,20230906,0.0
IL,IN,20230912,0.0
IL,IN,20231005,0.0
IL,IN,20231020,0.0
IL,IN,20231129,0.0
IL,IN,20231121,0.0
IL,IN,20231228,0.0
IL,IN,20231218,0.0
OH,KY,20230103,0.0
OH,KY,20230130,0.0
OH,KY,20230213,0.0
OH,KY,20230216,0.0
OH,KY,20230306,0.0
OH,KY,20230315,0.0
OH,KY,20230403,0.0
OH,KY,20230410,0.0
OH,KY,20230530,0.0
OH,KY,20230517,0.0
OH,KY,20230630,0.0
OH,KY,20230615,0.0
OH,KY,20230727,0.0
OH,KY,20230710,0.0
OH,KY,20230803,0.0
OH,KY,20230831,0.0
OH,KY,20230906,0.0
OH,KY,20230912,0.0
OH,KY,20231005,0.0
OH,KY,20231020,0.0
OH,KY,20231129,0.0
OH,KY,20231121,0.0
OH,KY,20231228,0.0
OH,KY,20231218,0.0
IA,WI,20230103,0.0
IA,WI,20230130,0.0
IA,WI,20230213,0.0
IA,WI,20230216,0.0
IA,WI,20230306,0.0
IA,WI,20230315,0.0
IA,WI,20230403,0.0
IA,WI,20230410,0.0
IA,WI,20230530,0.0
IA,WI,20230517,0.0
IA,WI,20230630,0.0
IA,WI,20230615,0.0
IA,WI,20230727,0.0
IA,WI,20230710,0.0
IA,WI,20230803,0.0
IA,WI,20230831,0.0
IA,WI,20230906,0.0
IA,WI,20230912,0.0
IA,WI,20231005,0.0
IA,WI,20231020,0.0
IA,WI,20231129,0.0
IA,WI,20231121,0.0
IA,WI,20231228,0.0
IA,WI,20231218,0.0
VA,WV,20230103,0.0
VA,WV,20230130,0.0
VA,WV,20230213,0.0
VA,WV,20230216,0.0
VA,WV,20230306,0.0
VA,WV,20230315,0.0
VA,WV,20230403,0.0
VA,WV,20230410,0.0
VA,WV,20230530,0.0
VA,WV,20230517,0.0
VA,WV,20230630,0.0
VA,WV,20230615,0.0
VA,WV,20230727,0.0
VA,WV,20230710,0.0
VA,WV,20230803,0.0
VA,WV,20230831,0.0
VA,WV,20230906,0.0
VA,WV,20230912,0.0
VA,WV,20231005,0.0
VA,WV,20231020,0.0
VA,WV,20231129,0.0
VA,WV,20231121,0.0
VA,WV,20231228,0.0
VA,WV,20231218,0.0
