RESERVOIR_TPS_1,RESERVOIR_TPS_2,ReservoirVol
BASN_conventional_hydroelectric_1_inlet,1,0.0
BASN_conventional_hydroelectric_1_inlet,2,2.300031149884759
BASN_conventional_hydroelectric_1_inlet,3,2.626451240100828
BASN_conventional_hydroelectric_1_inlet,4,9.14173776
BASN_conventional_hydroelectric_1_inlet,5,0.0
BASN_conventional_hydroelectric_1_inlet,6,2.629632228288368
BASN_conventional_hydroelectric_1_inlet,7,2.0958746400895367
BASN_conventional_hydroelectric_1_inlet,8,6.356624442665566
BASN_conventional_hydroelectric_1_inlet,9,6.675496045175449
BASN_conventional_hydroelectric_1_inlet,10,2.6340967985810684
BASN_conventional_hydroelectric_1_inlet,11,0.0
BASN_conventional_hydroelectric_1_inlet,12,0.0
BASN_conventional_hydroelectric_1_inlet,13,0.0
BASN_conventional_hydroelectric_1_inlet,14,0.22658654863019065
BASN_conventional_hydroelectric_1_inlet,15,0.0
BASN_conventional_hydroelectric_1_inlet,16,2.640377303073462
BASN_conventional_hydroelectric_1_inlet,17,0.22149094157342455
BASN_conventional_hydroelectric_1_inlet,18,0.0
BASN_conventional_hydroelectric_1_inlet,19,0.0
BASN_conventional_hydroelectric_1_inlet,20,0.0
BASN_conventional_hydroelectric_1_inlet,21,0.0
BASN_conventional_hydroelectric_1_inlet,22,0.0
BASN_conventional_hydroelectric_1_inlet,23,0.0
BASN_conventional_hydroelectric_1_inlet,24,1.88452269642505
BASN_conventional_hydroelectric_1_inlet,25,2.777467758854194
BASN_conventional_hydroelectric_1_inlet,26,5.078786282989927
BASN_conventional_hydroelectric_1_inlet,27,5.406042867245124
BASN_conventional_hydroelectric_1_inlet,28,3.880879700053758
BASN_conventional_hydroelectric_1_inlet,29,0.0
BASN_conventional_hydroelectric_1_inlet,30,5.412327163883331
BASN_conventional_hydroelectric_1_inlet,31,4.879626695581937
BASN_conventional_hydroelectric_1_inlet,32,9.14173776
BASN_conventional_hydroelectric_1_inlet,33,8.078321041069321
BASN_conventional_hydroelectric_1_inlet,34,5.421026050115195
BASN_conventional_hydroelectric_1_inlet,35,2.788216625785101
BASN_conventional_hydroelectric_1_inlet,36,2.7890531198242283
BASN_conventional_hydroelectric_1_inlet,37,2.7903404940752026
BASN_conventional_hydroelectric_1_inlet,38,3.017984162602831
BASN_conventional_hydroelectric_1_inlet,39,2.7921564282748954
BASN_conventional_hydroelectric_1_inlet,40,5.433898785336203
BASN_conventional_hydroelectric_1_inlet,41,3.0160657515877913
BASN_conventional_hydroelectric_1_inlet,42,2.795337416462435
BASN_conventional_hydroelectric_1_inlet,43,0.0
BASN_conventional_hydroelectric_1_inlet,44,0.0
BASN_conventional_hydroelectric_1_inlet,45,0.0
BASN_conventional_hydroelectric_1_inlet,46,2.7998019867551354
BASN_conventional_hydroelectric_1_inlet,47,0.0
BASN_conventional_hydroelectric_1_inlet,48,4.686140617379879
BASN_conventional_hydroelectric_1_inlet,49,5.775716113343222
BASN_conventional_hydroelectric_1_inlet,50,8.077350155860987
BASN_conventional_hydroelectric_1_inlet,51,8.405447026301125
BASN_conventional_hydroelectric_1_inlet,52,2.6806603449176936
BASN_conventional_hydroelectric_1_inlet,53,3.0001743497956923
BASN_conventional_hydroelectric_1_inlet,54,2.9045796865744054
BASN_conventional_hydroelectric_1_inlet,55,7.880956849944602
BASN_conventional_hydroelectric_1_inlet,56,9.14173776
BASN_conventional_hydroelectric_1_inlet,57,4.440213907468912
BASN_conventional_hydroelectric_1_inlet,58,4.12378080651685
BASN_conventional_hydroelectric_1_inlet,59,4.002311076613224
BASN_conventional_hydroelectric_1_inlet,60,5.793071875941625
BASN_conventional_hydroelectric_1_inlet,61,5.794674768574633
BASN_conventional_hydroelectric_1_inlet,62,6.023158723287203
BASN_conventional_hydroelectric_1_inlet,63,5.798093595407334
BASN_conventional_hydroelectric_1_inlet,64,6.023158723287203
BASN_conventional_hydroelectric_1_inlet,65,6.023158723287203
BASN_conventional_hydroelectric_1_inlet,66,5.802745906543879
BASN_conventional_hydroelectric_1_inlet,67,3.008171096529512
BASN_conventional_hydroelectric_1_inlet,68,3.008486614911545
BASN_conventional_hydroelectric_1_inlet,69,3.0090189670060754
BASN_conventional_hydroelectric_1_inlet,70,0.0
BASN_conventional_hydroelectric_1_inlet,71,3.0100970918361774
BASN_conventional_hydroelectric_1_inlet,72,7.697077995400996
BASN_conventional_hydroelectric_1_inlet,73,3.4286212763343427
BASN_conventional_hydroelectric_1_inlet,74,6.023158723287203
BASN_conventional_hydroelectric_1_inlet,75,9.14173776
BASN_conventional_hydroelectric_1_inlet,76,0.0
BASN_conventional_hydroelectric_1_inlet,77,6.023158723287203
BASN_conventional_hydroelectric_1_inlet,78,6.023158723287203
BASN_conventional_hydroelectric_1_inlet,79,1.8577981266573995
BASN_conventional_hydroelectric_1_inlet,80,9.14173776
BASN_conventional_hydroelectric_1_inlet,81,3.988730818916767
BASN_conventional_hydroelectric_1_inlet,82,6.023158723287203
BASN_conventional_hydroelectric_1_inlet,83,0.06471897711593656
BASN_conventional_hydroelectric_1_inlet,84,5.0780803700483235
BASN_conventional_hydroelectric_1_inlet,85,0.0
BASN_conventional_hydroelectric_1_inlet,86,0.0
BASN_conventional_hydroelectric_1_inlet,87,0.0
BASN_conventional_hydroelectric_1_inlet,88,0.0
BASN_conventional_hydroelectric_1_inlet,89,0.0
BASN_conventional_hydroelectric_1_inlet,90,0.0
BASN_conventional_hydroelectric_1_inlet,91,0.0
BASN_conventional_hydroelectric_1_inlet,92,0.0
BASN_conventional_hydroelectric_1_inlet,93,0.0
BASN_conventional_hydroelectric_1_inlet,94,0.0
BASN_conventional_hydroelectric_1_inlet,95,0.0
BASN_conventional_hydroelectric_1_inlet,96,1.6739192721137928
BASN_conventional_hydroelectric_1_inlet,97,0.0
BASN_conventional_hydroelectric_1_inlet,98,0.0
BASN_conventional_hydroelectric_1_inlet,99,3.1185790367127972
BASN_conventional_hydroelectric_1_inlet,100,0.0
BASN_conventional_hydroelectric_1_inlet,101,0.0
BASN_conventional_hydroelectric_1_inlet,102,0.0
BASN_conventional_hydroelectric_1_inlet,103,4.976377163370197
BASN_conventional_hydroelectric_1_inlet,104,3.1185790367127972
BASN_conventional_hydroelectric_1_inlet,105,0.0
BASN_conventional_hydroelectric_1_inlet,106,0.0
BASN_conventional_hydroelectric_1_inlet,107,0.0
BASN_conventional_hydroelectric_1_inlet,108,0.0
BASN_conventional_hydroelectric_1_inlet,109,0.0
BASN_conventional_hydroelectric_1_inlet,110,3.1185790367127972
BASN_conventional_hydroelectric_1_inlet,111,3.1185790367127972
BASN_conventional_hydroelectric_1_inlet,112,3.1185790367127972
BASN_conventional_hydroelectric_1_inlet,113,3.1185790367127972
BASN_conventional_hydroelectric_1_inlet,114,0.0
BASN_conventional_hydroelectric_1_inlet,115,2.56574717498939
BASN_conventional_hydroelectric_1_inlet,116,0.0
BASN_conventional_hydroelectric_1_inlet,117,0.0
BASN_conventional_hydroelectric_1_inlet,118,0.0
BASN_conventional_hydroelectric_1_inlet,119,0.0
BASN_conventional_hydroelectric_1_inlet,120,0.5722631552807728
BASN_conventional_hydroelectric_1_inlet,121,4.145295168091724
BASN_conventional_hydroelectric_1_inlet,122,4.148602926528721
BASN_conventional_hydroelectric_1_inlet,123,6.688448407387058
BASN_conventional_hydroelectric_1_inlet,124,4.155136971520029
BASN_conventional_hydroelectric_1_inlet,125,4.041533050261096
BASN_conventional_hydroelectric_1_inlet,126,4.161744904102397
BASN_conventional_hydroelectric_1_inlet,127,9.14173776
BASN_conventional_hydroelectric_1_inlet,128,7.2872435996337845
BASN_conventional_hydroelectric_1_inlet,129,0.0
BASN_conventional_hydroelectric_1_inlet,130,2.2404175730298217
BASN_conventional_hydroelectric_1_inlet,131,4.1791050217432595
BASN_conventional_hydroelectric_1_inlet,132,4.182720714270664
BASN_conventional_hydroelectric_1_inlet,133,4.186024680561848
BASN_conventional_hydroelectric_1_inlet,134,7.3079114757116415
BASN_conventional_hydroelectric_1_inlet,135,7.311215442002826
BASN_conventional_hydroelectric_1_inlet,136,7.314523200439823
BASN_conventional_hydroelectric_1_inlet,137,7.318135100821415
BASN_conventional_hydroelectric_1_inlet,138,4.202860030399803
BASN_conventional_hydroelectric_1_inlet,139,6.771914963826188
BASN_conventional_hydroelectric_1_inlet,140,4.20999652293089
BASN_conventional_hydroelectric_1_inlet,141,4.213304281367886
BASN_conventional_hydroelectric_1_inlet,142,4.21660824765907
BASN_conventional_hydroelectric_1_inlet,143,4.220146260449603
BASN_conventional_hydroelectric_1_inlet,144,4.79571338202156
BASN_conventional_hydroelectric_1_inlet,145,4.381291215527627
BASN_conventional_hydroelectric_1_inlet,146,8.49462730450716
BASN_conventional_hydroelectric_1_inlet,147,6.076378032342496
BASN_conventional_hydroelectric_1_inlet,148,4.216987673911101
BASN_conventional_hydroelectric_1_inlet,149,3.7847831382667354
BASN_conventional_hydroelectric_1_inlet,150,8.507769282080838
BASN_conventional_hydroelectric_1_inlet,151,4.370660231004429
BASN_conventional_hydroelectric_1_inlet,152,8.535620934007877
BASN_conventional_hydroelectric_1_inlet,153,0.0
BASN_conventional_hydroelectric_1_inlet,154,0.0
BASN_conventional_hydroelectric_1_inlet,155,0.0
BASN_conventional_hydroelectric_1_inlet,156,7.430388096198439
BASN_conventional_hydroelectric_1_inlet,157,8.532049058540288
BASN_conventional_hydroelectric_1_inlet,158,9.14173776
BASN_conventional_hydroelectric_1_inlet,159,9.14173776
BASN_conventional_hydroelectric_1_inlet,160,9.14173776
BASN_conventional_hydroelectric_1_inlet,161,9.14173776
BASN_conventional_hydroelectric_1_inlet,162,2.0673843130558365
BASN_conventional_hydroelectric_1_inlet,163,6.401390742473219
BASN_conventional_hydroelectric_1_inlet,164,1.9293057356913894
BASN_conventional_hydroelectric_1_inlet,165,6.1998412233121245
BASN_conventional_hydroelectric_1_inlet,166,5.955548287093989
BASN_conventional_hydroelectric_1_inlet,167,3.548190883947392
BASN_conventional_hydroelectric_1_inlet,168,9.14173776
BASN_conventional_hydroelectric_1_inlet,169,9.14173776
BASN_conventional_hydroelectric_1_inlet,170,9.14173776
BASN_conventional_hydroelectric_1_inlet,171,9.14173776
BASN_conventional_hydroelectric_1_inlet,172,4.1662541506129465
BASN_conventional_hydroelectric_1_inlet,173,2.5193226033272933
BASN_conventional_hydroelectric_1_inlet,174,4.135290835664
BASN_conventional_hydroelectric_1_inlet,175,0.0
BASN_conventional_hydroelectric_1_inlet,176,4.1662541506129465
BASN_conventional_hydroelectric_1_inlet,177,0.0
BASN_conventional_hydroelectric_1_inlet,178,0.5847661064034811
BASN_conventional_hydroelectric_1_inlet,179,4.777682676720857
BASN_conventional_hydroelectric_1_inlet,180,9.14173776
BASN_conventional_hydroelectric_1_inlet,181,9.14173776
BASN_conventional_hydroelectric_1_inlet,182,9.14173776
BASN_conventional_hydroelectric_1_inlet,183,9.14173776
BASN_conventional_hydroelectric_1_inlet,184,9.14173776
BASN_conventional_hydroelectric_1_inlet,185,9.14173776
BASN_conventional_hydroelectric_1_inlet,186,4.1662541506129465
BASN_conventional_hydroelectric_1_inlet,187,5.484721605005964
BASN_conventional_hydroelectric_1_inlet,188,6.722626955106633
BASN_conventional_hydroelectric_1_inlet,189,7.826555932649358
BASN_conventional_hydroelectric_1_inlet,190,9.14173776
BASN_conventional_hydroelectric_1_inlet,191,5.502971023933032
BASN_conventional_hydroelectric_1_inlet,192,9.14173776
BASN_conventional_hydroelectric_1_inlet,193,9.14173776
BASN_conventional_hydroelectric_1_inlet,194,9.14173776
BASN_conventional_hydroelectric_1_inlet,195,9.14173776
BASN_conventional_hydroelectric_1_inlet,196,9.14173776
BASN_conventional_hydroelectric_1_inlet,197,6.783215374056806
BASN_conventional_hydroelectric_1_inlet,198,5.398638198509534
BASN_conventional_hydroelectric_1_inlet,199,0.0
BASN_conventional_hydroelectric_1_inlet,200,0.0
BASN_conventional_hydroelectric_1_inlet,201,0.0
BASN_conventional_hydroelectric_1_inlet,202,0.9267877554707399
BASN_conventional_hydroelectric_1_inlet,203,9.14173776
BASN_conventional_hydroelectric_1_inlet,204,9.14173776
BASN_conventional_hydroelectric_1_inlet,205,9.14173776
BASN_conventional_hydroelectric_1_inlet,206,9.14173776
BASN_conventional_hydroelectric_1_inlet,207,9.14173776
BASN_conventional_hydroelectric_1_inlet,208,9.14173776
BASN_conventional_hydroelectric_1_inlet,209,9.14173776
BASN_conventional_hydroelectric_1_inlet,210,9.14173776
BASN_conventional_hydroelectric_1_inlet,211,9.14173776
BASN_conventional_hydroelectric_1_inlet,212,9.14173776
BASN_conventional_hydroelectric_1_inlet,213,9.14173776
BASN_conventional_hydroelectric_1_inlet,214,9.14173776
BASN_conventional_hydroelectric_1_inlet,215,6.439840688846912
BASN_conventional_hydroelectric_1_inlet,216,9.14173776
BASN_conventional_hydroelectric_1_inlet,217,5.8294924494267875
BASN_conventional_hydroelectric_1_inlet,218,9.14173776
BASN_conventional_hydroelectric_1_inlet,219,9.14173776
BASN_conventional_hydroelectric_1_inlet,220,9.14173776
BASN_conventional_hydroelectric_1_inlet,221,4.350022988354461
BASN_conventional_hydroelectric_1_inlet,222,6.221212403869247
BASN_conventional_hydroelectric_1_inlet,223,4.627194125393428
BASN_conventional_hydroelectric_1_inlet,224,4.346578090519303
BASN_conventional_hydroelectric_1_inlet,225,4.627194125393428
BASN_conventional_hydroelectric_1_inlet,226,5.297093834491384
BASN_conventional_hydroelectric_1_inlet,227,9.14173776
BASN_conventional_hydroelectric_1_inlet,228,9.14173776
BASN_conventional_hydroelectric_1_inlet,229,9.14173776
BASN_conventional_hydroelectric_1_inlet,230,9.14173776
BASN_conventional_hydroelectric_1_inlet,231,9.14173776
BASN_conventional_hydroelectric_1_inlet,232,4.627194125393428
BASN_conventional_hydroelectric_1_inlet,233,4.627194125393428
BASN_conventional_hydroelectric_1_inlet,234,4.627194125393428
BASN_conventional_hydroelectric_1_inlet,235,4.627194125393428
BASN_conventional_hydroelectric_1_inlet,236,5.980152021609831
BASN_conventional_hydroelectric_1_inlet,237,4.627194125393428
BASN_conventional_hydroelectric_1_inlet,238,6.212561032364889
BASN_conventional_hydroelectric_1_inlet,239,4.4392602138083745
BASN_conventional_hydroelectric_1_inlet,240,4.627194125393428
BASN_conventional_hydroelectric_1_inlet,241,9.14173776
BASN_conventional_hydroelectric_1_inlet,242,9.14173776
BASN_conventional_hydroelectric_1_inlet,243,9.14173776
BASN_conventional_hydroelectric_1_inlet,244,9.14173776
BASN_conventional_hydroelectric_1_inlet,245,9.14173776
BASN_conventional_hydroelectric_1_inlet,246,9.14173776
BASN_conventional_hydroelectric_1_inlet,247,9.14173776
BASN_conventional_hydroelectric_1_inlet,248,9.14173776
BASN_conventional_hydroelectric_1_inlet,249,9.14173776
BASN_conventional_hydroelectric_1_inlet,250,9.14173776
BASN_conventional_hydroelectric_1_inlet,251,9.14173776
BASN_conventional_hydroelectric_1_inlet,252,9.14173776
BASN_conventional_hydroelectric_1_inlet,253,9.14173776
BASN_conventional_hydroelectric_1_inlet,254,9.14173776
BASN_conventional_hydroelectric_1_inlet,255,9.14173776
BASN_conventional_hydroelectric_1_inlet,256,9.14173776
BASN_conventional_hydroelectric_1_inlet,257,9.14173776
BASN_conventional_hydroelectric_1_inlet,258,9.14173776
BASN_conventional_hydroelectric_1_inlet,259,9.14173776
BASN_conventional_hydroelectric_1_inlet,260,9.14173776
BASN_conventional_hydroelectric_1_inlet,261,9.14173776
BASN_conventional_hydroelectric_1_inlet,262,9.14173776
BASN_conventional_hydroelectric_1_inlet,263,9.14173776
BASN_conventional_hydroelectric_1_inlet,264,9.14173776
BASN_conventional_hydroelectric_1_inlet,265,9.14173776
BASN_conventional_hydroelectric_1_inlet,266,9.14173776
BASN_conventional_hydroelectric_1_inlet,267,9.14173776
BASN_conventional_hydroelectric_1_inlet,268,9.14173776
BASN_conventional_hydroelectric_1_inlet,269,7.062021042760722
BASN_conventional_hydroelectric_1_inlet,270,9.14173776
BASN_conventional_hydroelectric_1_inlet,271,9.14173776
BASN_conventional_hydroelectric_1_inlet,272,9.14173776
BASN_conventional_hydroelectric_1_inlet,273,9.14173776
BASN_conventional_hydroelectric_1_inlet,274,9.14173776
BASN_conventional_hydroelectric_1_inlet,275,9.14173776
BASN_conventional_hydroelectric_1_inlet,276,9.14173776
BASN_conventional_hydroelectric_1_inlet,277,9.14173776
BASN_conventional_hydroelectric_1_inlet,278,9.14173776
BASN_conventional_hydroelectric_1_inlet,279,9.14173776
BASN_conventional_hydroelectric_1_inlet,280,9.14173776
BASN_conventional_hydroelectric_1_inlet,281,9.14173776
BASN_conventional_hydroelectric_1_inlet,282,9.14173776
BASN_conventional_hydroelectric_1_inlet,283,9.14173776
BASN_conventional_hydroelectric_1_inlet,284,9.14173776
BASN_conventional_hydroelectric_1_inlet,285,9.14173776
BASN_conventional_hydroelectric_1_inlet,286,9.14173776
BASN_conventional_hydroelectric_1_inlet,287,9.14173776
BASN_conventional_hydroelectric_1_inlet,288,9.14173776
BASN_conventional_hydroelectric_1_inlet,289,4.836464758582383
BASN_conventional_hydroelectric_1_inlet,290,5.649943073716623
BASN_conventional_hydroelectric_1_inlet,291,4.834309516210914
BASN_conventional_hydroelectric_1_inlet,292,4.8331537116439405
BASN_conventional_hydroelectric_1_inlet,293,2.7519866763883187
BASN_conventional_hydroelectric_1_inlet,294,9.14173776
BASN_conventional_hydroelectric_1_inlet,295,9.14173776
BASN_conventional_hydroelectric_1_inlet,296,9.14173776
BASN_conventional_hydroelectric_1_inlet,297,4.8272403342679935
BASN_conventional_hydroelectric_1_inlet,298,9.14173776
BASN_conventional_hydroelectric_1_inlet,299,9.14173776
BASN_conventional_hydroelectric_1_inlet,300,4.823400727380831
BASN_conventional_hydroelectric_1_inlet,301,4.822248714959671
BASN_conventional_hydroelectric_1_inlet,302,4.821323164746234
BASN_conventional_hydroelectric_1_inlet,303,9.14173776
BASN_conventional_hydroelectric_1_inlet,304,9.14173776
BASN_conventional_hydroelectric_1_inlet,305,9.14173776
BASN_conventional_hydroelectric_1_inlet,306,9.14173776
BASN_conventional_hydroelectric_1_inlet,307,9.14173776
BASN_conventional_hydroelectric_1_inlet,308,9.14173776
BASN_conventional_hydroelectric_1_inlet,309,9.14173776
BASN_conventional_hydroelectric_1_inlet,310,9.14173776
BASN_conventional_hydroelectric_1_inlet,311,7.6622622532530436
BASN_conventional_hydroelectric_1_inlet,312,9.14173776
BASN_conventional_hydroelectric_1_inlet,313,1.7313211397082446
BASN_conventional_hydroelectric_1_inlet,314,3.4939108123930565
BASN_conventional_hydroelectric_1_inlet,315,1.1762349217066947
BASN_conventional_hydroelectric_1_inlet,316,4.406758352101493
BASN_conventional_hydroelectric_1_inlet,317,6.580011486771246
BASN_conventional_hydroelectric_1_inlet,318,4.595095447913525
BASN_conventional_hydroelectric_1_inlet,319,4.595095447913525
BASN_conventional_hydroelectric_1_inlet,320,9.14173776
BASN_conventional_hydroelectric_1_inlet,321,9.14173776
BASN_conventional_hydroelectric_1_inlet,322,9.14173776
BASN_conventional_hydroelectric_1_inlet,323,9.14173776
BASN_conventional_hydroelectric_1_inlet,324,9.14173776
BASN_conventional_hydroelectric_1_inlet,325,4.760623027383336
BASN_conventional_hydroelectric_1_inlet,326,2.915475827810188
BASN_conventional_hydroelectric_1_inlet,327,4.595095447913525
BASN_conventional_hydroelectric_1_inlet,328,7.396177590440978
BASN_conventional_hydroelectric_1_inlet,329,4.595095447913525
BASN_conventional_hydroelectric_1_inlet,330,4.595095447913525
BASN_conventional_hydroelectric_1_inlet,331,4.595095447913525
BASN_conventional_hydroelectric_1_inlet,332,4.595095447913525
BASN_conventional_hydroelectric_1_inlet,333,4.595095447913525
BASN_conventional_hydroelectric_1_inlet,334,4.595095447913525
BASN_conventional_hydroelectric_1_inlet,335,4.629829799926162
BASN_conventional_hydroelectric_1_inlet,336,4.595095447913525
BASN_conventional_hydroelectric_1_inlet,337,1.0788810509408533
BASN_conventional_hydroelectric_1_inlet,338,4.143568600349424
BASN_conventional_hydroelectric_1_inlet,339,0.0
BASN_conventional_hydroelectric_1_inlet,340,5.161257010956277
BASN_conventional_hydroelectric_1_inlet,341,1.8393187927314278
BASN_conventional_hydroelectric_1_inlet,342,8.993804611305649
BASN_conventional_hydroelectric_1_inlet,343,5.759934963675007
BASN_conventional_hydroelectric_1_inlet,344,9.14173776
BASN_conventional_hydroelectric_1_inlet,345,9.14173776
BASN_conventional_hydroelectric_1_inlet,346,9.14173776
BASN_conventional_hydroelectric_1_inlet,347,9.14173776
BASN_conventional_hydroelectric_1_inlet,348,4.383450635184719
BASN_conventional_hydroelectric_1_inlet,349,9.14173776
BASN_conventional_hydroelectric_1_inlet,350,5.186475017616724
BASN_conventional_hydroelectric_1_inlet,351,4.519466462164042
BASN_conventional_hydroelectric_1_inlet,352,2.627927195026845
BASN_conventional_hydroelectric_1_inlet,353,4.877411829997851
BASN_conventional_hydroelectric_1_inlet,354,6.353035324315127
BASN_conventional_hydroelectric_1_inlet,355,1.7310195140835143
BASN_conventional_hydroelectric_1_inlet,356,6.528491374417906
BASN_conventional_hydroelectric_1_inlet,357,8.955971913096263
BASN_conventional_hydroelectric_1_inlet,358,3.982194983943346
BASN_conventional_hydroelectric_1_inlet,359,0.0
BASN_conventional_hydroelectric_1_inlet,360,3.8607747714682614
BASN_conventional_hydroelectric_1_inlet,361,0.8599335890659958
BASN_conventional_hydroelectric_1_inlet,362,4.785806063707278
BASN_conventional_hydroelectric_1_inlet,363,3.9831245857021877
BASN_conventional_hydroelectric_1_inlet,364,9.14173776
BASN_conventional_hydroelectric_1_inlet,365,5.8174636392070935
BASN_conventional_hydroelectric_1_inlet,366,3.8275640689770394
BASN_conventional_hydroelectric_1_inlet,367,9.14173776
BASN_conventional_hydroelectric_1_inlet,368,9.14173776
BASN_conventional_hydroelectric_1_inlet,369,9.14173776
BASN_conventional_hydroelectric_1_inlet,370,5.758078845601319
BASN_conventional_hydroelectric_1_inlet,371,5.394334938292675
BASN_conventional_hydroelectric_1_inlet,372,8.344001050884923
BASN_conventional_hydroelectric_1_inlet,373,9.14173776
BASN_conventional_hydroelectric_1_inlet,374,9.14173776
BASN_conventional_hydroelectric_1_inlet,375,5.836944869907113
BASN_conventional_hydroelectric_1_inlet,376,5.839067730908483
BASN_conventional_hydroelectric_1_inlet,377,5.265318737412251
BASN_conventional_hydroelectric_1_inlet,378,5.842796269399943
BASN_conventional_hydroelectric_1_inlet,379,4.67850960370308
BASN_conventional_hydroelectric_1_inlet,380,3.533432459365027
BASN_conventional_hydroelectric_1_inlet,381,4.820649842809476
BASN_conventional_hydroelectric_1_inlet,382,0.7926563630313892
BASN_conventional_hydroelectric_1_inlet,383,0.0
BASN_conventional_hydroelectric_1_inlet,384,0.0
BASN_conventional_hydroelectric_1_inlet,385,0.0
BASN_conventional_hydroelectric_1_inlet,386,0.0
BASN_conventional_hydroelectric_1_inlet,387,0.0
BASN_conventional_hydroelectric_1_inlet,388,3.325876006137183
BASN_conventional_hydroelectric_1_inlet,389,9.14173776
BASN_conventional_hydroelectric_1_inlet,390,6.097465109450522
BASN_conventional_hydroelectric_1_inlet,391,9.14173776
BASN_conventional_hydroelectric_1_inlet,392,9.14173776
BASN_conventional_hydroelectric_1_inlet,393,3.3165129018653943
BASN_conventional_hydroelectric_1_inlet,394,0.16094455067948885
BASN_conventional_hydroelectric_1_inlet,395,1.944548157654905
BASN_conventional_hydroelectric_1_inlet,396,2.512694538903953
BASN_conventional_hydroelectric_1_inlet,397,3.3088293626747536
BASN_conventional_hydroelectric_1_inlet,398,3.306702709527571
BASN_conventional_hydroelectric_1_inlet,399,0.0
BASN_conventional_hydroelectric_1_inlet,400,0.0
BASN_conventional_hydroelectric_1_inlet,401,0.0
BASN_conventional_hydroelectric_1_inlet,402,0.0
BASN_conventional_hydroelectric_1_inlet,403,0.0
BASN_conventional_hydroelectric_1_inlet,404,1.2495071430239342
BASN_conventional_hydroelectric_1_inlet,405,3.636456030412301
BASN_conventional_hydroelectric_1_inlet,406,0.0
BASN_conventional_hydroelectric_1_inlet,407,0.0
BASN_conventional_hydroelectric_1_inlet,408,0.0
BASN_conventional_hydroelectric_1_inlet,409,0.9105897522850683
BASN_conventional_hydroelectric_1_inlet,410,0.0
BASN_conventional_hydroelectric_1_inlet,411,0.0
BASN_conventional_hydroelectric_1_inlet,412,6.373873403032307
BASN_conventional_hydroelectric_1_inlet,413,3.0463955115508483
BASN_conventional_hydroelectric_1_inlet,414,0.0
BASN_conventional_hydroelectric_1_inlet,415,9.14173776
BASN_conventional_hydroelectric_1_inlet,416,9.14173776
BASN_conventional_hydroelectric_1_inlet,417,5.791939482703378
BASN_conventional_hydroelectric_1_inlet,418,3.197529869892514
BASN_conventional_hydroelectric_1_inlet,419,0.0
BASN_conventional_hydroelectric_1_inlet,420,0.0
BASN_conventional_hydroelectric_1_inlet,421,0.0
BASN_conventional_hydroelectric_1_inlet,422,0.0
BASN_conventional_hydroelectric_1_inlet,423,0.0
BASN_conventional_hydroelectric_1_inlet,424,0.0
BASN_conventional_hydroelectric_1_inlet,425,0.0
BASN_conventional_hydroelectric_1_inlet,426,1.9320551566331317
BASN_conventional_hydroelectric_1_inlet,427,0.0
BASN_conventional_hydroelectric_1_inlet,428,0.0
BASN_conventional_hydroelectric_1_inlet,429,0.0
BASN_conventional_hydroelectric_1_inlet,430,0.0
BASN_conventional_hydroelectric_1_inlet,431,0.0
BASN_conventional_hydroelectric_1_inlet,432,0.0
BASN_conventional_hydroelectric_1_inlet,433,0.0
BASN_conventional_hydroelectric_1_inlet,434,0.0
BASN_conventional_hydroelectric_1_inlet,435,0.0
BASN_conventional_hydroelectric_1_inlet,436,9.14173776
BASN_conventional_hydroelectric_1_inlet,437,0.0
BASN_conventional_hydroelectric_1_inlet,438,2.951518837812058
BASN_conventional_hydroelectric_1_inlet,439,9.14173776
BASN_conventional_hydroelectric_1_inlet,440,9.14173776
BASN_conventional_hydroelectric_1_inlet,441,2.6752264948563877
BASN_conventional_hydroelectric_1_inlet,442,4.230575056306873
BASN_conventional_hydroelectric_1_inlet,443,2.9445557302565994
BASN_conventional_hydroelectric_1_inlet,444,0.0
BASN_conventional_hydroelectric_1_inlet,445,0.0
BASN_conventional_hydroelectric_1_inlet,446,0.0
BASN_conventional_hydroelectric_1_inlet,447,0.0
BASN_conventional_hydroelectric_1_inlet,448,0.0
BASN_conventional_hydroelectric_1_inlet,449,0.0
BASN_conventional_hydroelectric_1_inlet,450,0.0
BASN_conventional_hydroelectric_1_inlet,451,2.951518837812058
BASN_conventional_hydroelectric_1_inlet,452,0.0
BASN_conventional_hydroelectric_1_inlet,453,2.076817640142033
BASN_conventional_hydroelectric_1_inlet,454,0.0
BASN_conventional_hydroelectric_1_inlet,455,0.0
BASN_conventional_hydroelectric_1_inlet,456,0.0
BASN_conventional_hydroelectric_1_inlet,457,2.0281347987921854
BASN_conventional_hydroelectric_1_inlet,458,0.0
BASN_conventional_hydroelectric_1_inlet,459,2.0220083798495527
BASN_conventional_hydroelectric_1_inlet,460,2.018491875636048
BASN_conventional_hydroelectric_1_inlet,461,0.8312316635010015
BASN_conventional_hydroelectric_1_inlet,462,0.3220445760976802
BASN_conventional_hydroelectric_1_inlet,463,4.489987316723752
BASN_conventional_hydroelectric_1_inlet,464,9.14173776
BASN_conventional_hydroelectric_1_inlet,465,4.677424260590761
BASN_conventional_hydroelectric_1_inlet,466,5.17509514354789
BASN_conventional_hydroelectric_1_inlet,467,4.940241463221058
BASN_conventional_hydroelectric_1_inlet,468,1.9924771628413638
BASN_conventional_hydroelectric_1_inlet,469,0.0
BASN_conventional_hydroelectric_1_inlet,470,0.0
BASN_conventional_hydroelectric_1_inlet,471,0.0
BASN_conventional_hydroelectric_1_inlet,472,0.0
BASN_conventional_hydroelectric_1_inlet,473,0.0
BASN_conventional_hydroelectric_1_inlet,474,0.0
BASN_conventional_hydroelectric_1_inlet,475,4.335031190299698
BASN_conventional_hydroelectric_1_inlet,476,0.0
BASN_conventional_hydroelectric_1_inlet,477,0.0
BASN_conventional_hydroelectric_1_inlet,478,0.0
BASN_conventional_hydroelectric_1_inlet,479,0.0
BASN_conventional_hydroelectric_1_inlet,480,1.9535937439805955
BASN_conventional_hydroelectric_1_inlet,481,3.7858406291643005
BASN_conventional_hydroelectric_1_inlet,482,1.757705830372115
BASN_conventional_hydroelectric_1_inlet,483,3.1252357116862295
BASN_conventional_hydroelectric_1_inlet,484,3.7761977060081633
BASN_conventional_hydroelectric_1_inlet,485,2.5889374938731167
BASN_conventional_hydroelectric_1_inlet,486,2.0797504064697954
BASN_conventional_hydroelectric_1_inlet,487,6.247693147095867
BASN_conventional_hydroelectric_1_inlet,488,9.14173776
BASN_conventional_hydroelectric_1_inlet,489,6.4351300909628755
BASN_conventional_hydroelectric_1_inlet,490,6.9328009739200045
BASN_conventional_hydroelectric_1_inlet,491,6.697947293593174
BASN_conventional_hydroelectric_1_inlet,492,3.7501829932134783
BASN_conventional_hydroelectric_1_inlet,493,1.757705830372115
BASN_conventional_hydroelectric_1_inlet,494,1.757705830372115
BASN_conventional_hydroelectric_1_inlet,495,1.757705830372115
BASN_conventional_hydroelectric_1_inlet,496,1.757705830372115
BASN_conventional_hydroelectric_1_inlet,497,1.757705830372115
BASN_conventional_hydroelectric_1_inlet,498,1.757705830372115
BASN_conventional_hydroelectric_1_inlet,499,6.092737020671812
BASN_conventional_hydroelectric_1_inlet,500,1.757705830372115
BASN_conventional_hydroelectric_1_inlet,501,1.757705830372115
BASN_conventional_hydroelectric_1_inlet,502,1.757705830372115
BASN_conventional_hydroelectric_1_inlet,503,1.757705830372115
BASN_conventional_hydroelectric_1_inlet,504,2.90662330518202
BASN_conventional_hydroelectric_1_inlet,505,5.262047708212288
BASN_conventional_hydroelectric_1_inlet,506,3.9666426164521105
BASN_conventional_hydroelectric_1_inlet,507,5.334172497766224
BASN_conventional_hydroelectric_1_inlet,508,5.985134492088159
BASN_conventional_hydroelectric_1_inlet,509,3.592222137658839
BASN_conventional_hydroelectric_1_inlet,510,4.28868719254979
BASN_conventional_hydroelectric_1_inlet,511,8.456629933175861
BASN_conventional_hydroelectric_1_inlet,512,9.14173776
BASN_conventional_hydroelectric_1_inlet,513,8.64406687704287
BASN_conventional_hydroelectric_1_inlet,514,9.14173776
BASN_conventional_hydroelectric_1_inlet,515,8.90688407967317
BASN_conventional_hydroelectric_1_inlet,516,5.959119779293474
BASN_conventional_hydroelectric_1_inlet,517,3.9666426164521105
BASN_conventional_hydroelectric_1_inlet,518,3.9666426164521105
BASN_conventional_hydroelectric_1_inlet,519,3.9666426164521105
BASN_conventional_hydroelectric_1_inlet,520,3.9666426164521105
BASN_conventional_hydroelectric_1_inlet,521,3.9666426164521105
BASN_conventional_hydroelectric_1_inlet,522,3.9666426164521105
BASN_conventional_hydroelectric_1_inlet,523,8.301673806751808
BASN_conventional_hydroelectric_1_inlet,524,3.9666426164521105
BASN_conventional_hydroelectric_1_inlet,525,3.9666426164521105
BASN_conventional_hydroelectric_1_inlet,526,3.9666426164521105
BASN_conventional_hydroelectric_1_inlet,527,2.268822629238221
BASN_conventional_hydroelectric_1_inlet,528,5.115560091262015
BASN_conventional_hydroelectric_1_inlet,529,3.9957905897241495
BASN_conventional_hydroelectric_1_inlet,530,6.294985245569779
BASN_conventional_hydroelectric_1_inlet,531,7.663532281119607
BASN_conventional_hydroelectric_1_inlet,532,3.9926133936824226
BASN_conventional_hydroelectric_1_inlet,533,3.991850787234355
BASN_conventional_hydroelectric_1_inlet,534,6.620425895625285
BASN_conventional_hydroelectric_1_inlet,535,9.14173776
BASN_conventional_hydroelectric_1_inlet,536,9.14173776
BASN_conventional_hydroelectric_1_inlet,537,9.14173776
BASN_conventional_hydroelectric_1_inlet,538,9.14173776
BASN_conventional_hydroelectric_1_inlet,539,9.14173776
BASN_conventional_hydroelectric_1_inlet,540,8.29577168128694
BASN_conventional_hydroelectric_1_inlet,541,3.525432207837426
BASN_conventional_hydroelectric_1_inlet,542,6.305254939325943
BASN_conventional_hydroelectric_1_inlet,543,6.306194413824784
BASN_conventional_hydroelectric_1_inlet,544,6.306690592403403
BASN_conventional_hydroelectric_1_inlet,545,5.223910529339515
BASN_conventional_hydroelectric_1_inlet,546,6.30865101328377
BASN_conventional_hydroelectric_1_inlet,547,9.14173776
BASN_conventional_hydroelectric_1_inlet,548,6.310086666361229
BASN_conventional_hydroelectric_1_inlet,549,6.311029933005883
BASN_conventional_hydroelectric_1_inlet,550,6.312047087241596
BASN_conventional_hydroelectric_1_inlet,551,4.614723278606325
BASN_conventional_hydroelectric_1_inlet,552,0.0
BASN_conventional_hydroelectric_1_inlet,553,6.517102454098865
BASN_conventional_hydroelectric_1_inlet,554,8.816297109944495
BASN_conventional_hydroelectric_1_inlet,555,9.14173776
BASN_conventional_hydroelectric_1_inlet,556,6.513925258057138
BASN_conventional_hydroelectric_1_inlet,557,6.51316265160907
BASN_conventional_hydroelectric_1_inlet,558,9.14173776
BASN_conventional_hydroelectric_1_inlet,559,8.606696589696007
BASN_conventional_hydroelectric_1_inlet,560,9.14173776
BASN_conventional_hydroelectric_1_inlet,561,8.565389364029748
BASN_conventional_hydroelectric_1_inlet,562,9.14173776
BASN_conventional_hydroelectric_1_inlet,563,3.1085355763920517
BASN_conventional_hydroelectric_1_inlet,564,2.8236417853935256
BASN_conventional_hydroelectric_1_inlet,565,0.0
BASN_conventional_hydroelectric_1_inlet,566,0.0
BASN_conventional_hydroelectric_1_inlet,567,0.0
BASN_conventional_hydroelectric_1_inlet,568,0.0
BASN_conventional_hydroelectric_1_inlet,569,0.5439039164171484
BASN_conventional_hydroelectric_1_inlet,570,3.0227056335415994
BASN_conventional_hydroelectric_1_inlet,571,6.498179468738998
BASN_conventional_hydroelectric_1_inlet,572,0.0
BASN_conventional_hydroelectric_1_inlet,573,0.0
BASN_conventional_hydroelectric_1_inlet,574,0.0
BASN_conventional_hydroelectric_1_inlet,575,0.0
BASN_conventional_hydroelectric_1_inlet,576,0.0
CANO_conventional_hydroelectric_1_inlet,1,10.356861835911257
CANO_conventional_hydroelectric_1_inlet,2,4.798792824135829
CANO_conventional_hydroelectric_1_inlet,3,21.13497014385351
CANO_conventional_hydroelectric_1_inlet,4,26.900925119999997
CANO_conventional_hydroelectric_1_inlet,5,21.151947236590846
CANO_conventional_hydroelectric_1_inlet,6,22.08667330580723
CANO_conventional_hydroelectric_1_inlet,7,12.568729815868963
CANO_conventional_hydroelectric_1_inlet,8,26.900925119999997
CANO_conventional_hydroelectric_1_inlet,9,20.798498927799784
CANO_conventional_hydroelectric_1_inlet,10,16.748797412381936
CANO_conventional_hydroelectric_1_inlet,11,26.900925119999997
CANO_conventional_hydroelectric_1_inlet,12,24.223685973170763
CANO_conventional_hydroelectric_1_inlet,13,26.900925119999997
CANO_conventional_hydroelectric_1_inlet,14,23.439197799768717
CANO_conventional_hydroelectric_1_inlet,15,21.958101274573085
CANO_conventional_hydroelectric_1_inlet,16,20.888179715578925
CANO_conventional_hydroelectric_1_inlet,17,23.924223189549416
CANO_conventional_hydroelectric_1_inlet,18,21.262383874861875
CANO_conventional_hydroelectric_1_inlet,19,12.691276574723618
CANO_conventional_hydroelectric_1_inlet,20,7.101314683342058
CANO_conventional_hydroelectric_1_inlet,21,0.18089141458280503
CANO_conventional_hydroelectric_1_inlet,22,4.6925699293745655
CANO_conventional_hydroelectric_1_inlet,23,2.865150622029404
CANO_conventional_hydroelectric_1_inlet,24,20.012190207879605
CANO_conventional_hydroelectric_1_inlet,25,8.300841464856754
CANO_conventional_hydroelectric_1_inlet,26,2.012174335551453
CANO_conventional_hydroelectric_1_inlet,27,26.900925119999997
CANO_conventional_hydroelectric_1_inlet,28,26.900925119999997
CANO_conventional_hydroelectric_1_inlet,29,26.900925119999997
CANO_conventional_hydroelectric_1_inlet,30,7.89842733714724
CANO_conventional_hydroelectric_1_inlet,31,18.300982508696308
CANO_conventional_hydroelectric_1_inlet,32,26.900925119999997
CANO_conventional_hydroelectric_1_inlet,33,26.513774527889794
CANO_conventional_hydroelectric_1_inlet,34,22.454491322002806
CANO_conventional_hydroelectric_1_inlet,35,26.900925119999997
CANO_conventional_hydroelectric_1_inlet,36,26.900925119999997
CANO_conventional_hydroelectric_1_inlet,37,19.61153540471552
CANO_conventional_hydroelectric_1_inlet,38,16.64525399510302
CANO_conventional_hydroelectric_1_inlet,39,17.22158598110502
CANO_conventional_hydroelectric_1_inlet,40,19.125309638297875
CANO_conventional_hydroelectric_1_inlet,41,19.837823172341107
CANO_conventional_hydroelectric_1_inlet,42,26.900925119999997
CANO_conventional_hydroelectric_1_inlet,43,18.31998422723707
CANO_conventional_hydroelectric_1_inlet,44,0.0
CANO_conventional_hydroelectric_1_inlet,45,0.0
CANO_conventional_hydroelectric_1_inlet,46,3.3537810047935466
CANO_conventional_hydroelectric_1_inlet,47,2.7358149733792443
CANO_conventional_hydroelectric_1_inlet,48,21.479593654561256
CANO_conventional_hydroelectric_1_inlet,49,12.759214312480802
CANO_conventional_hydroelectric_1_inlet,50,0.5056987707997507
CANO_conventional_hydroelectric_1_inlet,51,26.900925119999997
CANO_conventional_hydroelectric_1_inlet,52,26.900925119999997
CANO_conventional_hydroelectric_1_inlet,53,26.900925119999997
CANO_conventional_hydroelectric_1_inlet,54,12.349485613701859
CANO_conventional_hydroelectric_1_inlet,55,22.752040785250927
CANO_conventional_hydroelectric_1_inlet,56,26.900925119999997
CANO_conventional_hydroelectric_1_inlet,57,26.900925119999997
CANO_conventional_hydroelectric_1_inlet,58,26.900925119999997
CANO_conventional_hydroelectric_1_inlet,59,26.900925119999997
CANO_conventional_hydroelectric_1_inlet,60,15.923442694537169
CANO_conventional_hydroelectric_1_inlet,61,14.871337845129423
CANO_conventional_hydroelectric_1_inlet,62,21.08437322203078
CANO_conventional_hydroelectric_1_inlet,63,21.66070520803278
CANO_conventional_hydroelectric_1_inlet,64,14.214500106577448
CANO_conventional_hydroelectric_1_inlet,65,13.831096622539903
CANO_conventional_hydroelectric_1_inlet,66,13.98989226418517
CANO_conventional_hydroelectric_1_inlet,67,22.752040785250927
CANO_conventional_hydroelectric_1_inlet,68,0.0
CANO_conventional_hydroelectric_1_inlet,69,0.24020659165092903
CANO_conventional_hydroelectric_1_inlet,70,2.777385273250926
CANO_conventional_hydroelectric_1_inlet,71,3.389977696280148
CANO_conventional_hydroelectric_1_inlet,72,18.82262230766803
CANO_conventional_hydroelectric_1_inlet,73,16.90809864722987
CANO_conventional_hydroelectric_1_inlet,74,4.65458310554882
CANO_conventional_hydroelectric_1_inlet,75,26.900925119999997
CANO_conventional_hydroelectric_1_inlet,76,26.900925119999997
CANO_conventional_hydroelectric_1_inlet,77,26.900925119999997
CANO_conventional_hydroelectric_1_inlet,78,16.49836994845093
CANO_conventional_hydroelectric_1_inlet,79,26.900925119999997
CANO_conventional_hydroelectric_1_inlet,80,26.900925119999997
CANO_conventional_hydroelectric_1_inlet,81,26.900925119999997
CANO_conventional_hydroelectric_1_inlet,82,10.750324752743149
CANO_conventional_hydroelectric_1_inlet,83,16.00411842214209
CANO_conventional_hydroelectric_1_inlet,84,20.07232702928624
CANO_conventional_hydroelectric_1_inlet,85,7.206971473064614
CANO_conventional_hydroelectric_1_inlet,86,11.214230478884224
CANO_conventional_hydroelectric_1_inlet,87,9.725234055175962
CANO_conventional_hydroelectric_1_inlet,88,6.256762437361981
CANO_conventional_hydroelectric_1_inlet,89,17.979980957288973
CANO_conventional_hydroelectric_1_inlet,90,18.13877659893424
CANO_conventional_hydroelectric_1_inlet,91,26.900925119999997
CANO_conventional_hydroelectric_1_inlet,92,0.5447498539611692
CANO_conventional_hydroelectric_1_inlet,93,0.0
CANO_conventional_hydroelectric_1_inlet,94,0.0
CANO_conventional_hydroelectric_1_inlet,95,0.0
CANO_conventional_hydroelectric_1_inlet,96,22.40646281942345
CANO_conventional_hydroelectric_1_inlet,97,8.520712557978941
CANO_conventional_hydroelectric_1_inlet,98,0.062131904297893926
CANO_conventional_hydroelectric_1_inlet,99,26.900925119999997
CANO_conventional_hydroelectric_1_inlet,100,26.900925119999997
CANO_conventional_hydroelectric_1_inlet,101,10.89571652194906
CANO_conventional_hydroelectric_1_inlet,102,0.0
CANO_conventional_hydroelectric_1_inlet,103,26.900925119999997
CANO_conventional_hydroelectric_1_inlet,104,26.900925119999997
CANO_conventional_hydroelectric_1_inlet,105,26.900925119999997
CANO_conventional_hydroelectric_1_inlet,106,14.899209087492217
CANO_conventional_hydroelectric_1_inlet,107,17.138328545488065
CANO_conventional_hydroelectric_1_inlet,108,11.513496709414504
CANO_conventional_hydroelectric_1_inlet,109,4.8334064024698105
CANO_conventional_hydroelectric_1_inlet,110,15.363114813633294
CANO_conventional_hydroelectric_1_inlet,111,8.061809248896441
CANO_conventional_hydroelectric_1_inlet,112,10.40564677211105
CANO_conventional_hydroelectric_1_inlet,113,19.996830911148706
CANO_conventional_hydroelectric_1_inlet,114,16.184305950219255
CANO_conventional_hydroelectric_1_inlet,115,14.887341935757911
CANO_conventional_hydroelectric_1_inlet,116,0.0
CANO_conventional_hydroelectric_1_inlet,117,0.0
CANO_conventional_hydroelectric_1_inlet,118,0.0
CANO_conventional_hydroelectric_1_inlet,119,0.09823577314907289
CANO_conventional_hydroelectric_1_inlet,120,24.499563120308515
CANO_conventional_hydroelectric_1_inlet,121,13.74690837958968
CANO_conventional_hydroelectric_1_inlet,122,5.291269720576157
CANO_conventional_hydroelectric_1_inlet,123,13.756911289345782
CANO_conventional_hydroelectric_1_inlet,124,15.517713106369785
CANO_conventional_hydroelectric_1_inlet,125,16.13611851258637
CANO_conventional_hydroelectric_1_inlet,126,5.243343985304834
CANO_conventional_hydroelectric_1_inlet,127,16.41439270477235
CANO_conventional_hydroelectric_1_inlet,128,14.778053268996356
CANO_conventional_hydroelectric_1_inlet,129,15.498568690863873
CANO_conventional_hydroelectric_1_inlet,130,20.15675924182362
CANO_conventional_hydroelectric_1_inlet,131,14.413041724035748
CANO_conventional_hydroelectric_1_inlet,132,9.485147962034498
CANO_conventional_hydroelectric_1_inlet,133,6.669400079006589
CANO_conventional_hydroelectric_1_inlet,134,17.090447774327234
CANO_conventional_hydroelectric_1_inlet,135,13.336507566921942
CANO_conventional_hydroelectric_1_inlet,136,14.17282521915488
CANO_conventional_hydroelectric_1_inlet,137,24.115446109965255
CANO_conventional_hydroelectric_1_inlet,138,16.84988364617411
CANO_conventional_hydroelectric_1_inlet,139,20.176498324965504
CANO_conventional_hydroelectric_1_inlet,140,3.852053026929146
CANO_conventional_hydroelectric_1_inlet,141,5.297478568899117
CANO_conventional_hydroelectric_1_inlet,142,0.0
CANO_conventional_hydroelectric_1_inlet,143,1.953555080183243
CANO_conventional_hydroelectric_1_inlet,144,26.900925119999997
CANO_conventional_hydroelectric_1_inlet,145,11.811405794527174
CANO_conventional_hydroelectric_1_inlet,146,6.969644902014931
CANO_conventional_hydroelectric_1_inlet,147,19.19401335815413
CANO_conventional_hydroelectric_1_inlet,148,20.954815175178133
CANO_conventional_hydroelectric_1_inlet,149,10.51187777410834
CANO_conventional_hydroelectric_1_inlet,150,0.0
CANO_conventional_hydroelectric_1_inlet,151,21.851494773580697
CANO_conventional_hydroelectric_1_inlet,152,20.215155337804706
CANO_conventional_hydroelectric_1_inlet,153,20.935670759672224
CANO_conventional_hydroelectric_1_inlet,154,11.626067944247598
CANO_conventional_hydroelectric_1_inlet,155,2.9679367112913204
CANO_conventional_hydroelectric_1_inlet,156,1.177082154082137
CANO_conventional_hydroelectric_1_inlet,157,0.0
CANO_conventional_hydroelectric_1_inlet,158,8.406180406800454
CANO_conventional_hydroelectric_1_inlet,159,18.77360963573029
CANO_conventional_hydroelectric_1_inlet,160,7.05160170122028
CANO_conventional_hydroelectric_1_inlet,161,16.181428611664128
CANO_conventional_hydroelectric_1_inlet,162,22.28698571498246
CANO_conventional_hydroelectric_1_inlet,163,25.613600393773854
CANO_conventional_hydroelectric_1_inlet,164,0.0
CANO_conventional_hydroelectric_1_inlet,165,9.65255533530747
CANO_conventional_hydroelectric_1_inlet,166,3.4859995568083546
CANO_conventional_hydroelectric_1_inlet,167,3.141100753791598
CANO_conventional_hydroelectric_1_inlet,168,22.891707098144177
CANO_conventional_hydroelectric_1_inlet,169,9.509414320050139
CANO_conventional_hydroelectric_1_inlet,170,8.79067200499285
CANO_conventional_hydroelectric_1_inlet,171,26.824645952237763
CANO_conventional_hydroelectric_1_inlet,172,26.900925119999997
CANO_conventional_hydroelectric_1_inlet,173,18.16016233619711
CANO_conventional_hydroelectric_1_inlet,174,7.657362448246868
CANO_conventional_hydroelectric_1_inlet,175,26.900925119999997
CANO_conventional_hydroelectric_1_inlet,176,26.900925119999997
CANO_conventional_hydroelectric_1_inlet,177,11.390846870949309
CANO_conventional_hydroelectric_1_inlet,178,4.829073323996212
CANO_conventional_hydroelectric_1_inlet,179,0.0
CANO_conventional_hydroelectric_1_inlet,180,0.5871638994948484
CANO_conventional_hydroelectric_1_inlet,181,7.7199000427314335
CANO_conventional_hydroelectric_1_inlet,182,8.801382000139382
CANO_conventional_hydroelectric_1_inlet,183,20.65855793682352
CANO_conventional_hydroelectric_1_inlet,184,11.364612483151435
CANO_conventional_hydroelectric_1_inlet,185,19.798833840053028
CANO_conventional_hydroelectric_1_inlet,186,24.593949545718438
CANO_conventional_hydroelectric_1_inlet,187,21.513819463763653
CANO_conventional_hydroelectric_1_inlet,188,5.6395258690701375
CANO_conventional_hydroelectric_1_inlet,189,10.187727929542564
CANO_conventional_hydroelectric_1_inlet,190,11.288527352385973
CANO_conventional_hydroelectric_1_inlet,191,10.560434019527314
CANO_conventional_hydroelectric_1_inlet,192,26.26007389664895
CANO_conventional_hydroelectric_1_inlet,193,18.250177103853023
CANO_conventional_hydroelectric_1_inlet,194,17.531434788795735
CANO_conventional_hydroelectric_1_inlet,195,13.306366772840647
CANO_conventional_hydroelectric_1_inlet,196,14.86981769100288
CANO_conventional_hydroelectric_1_inlet,197,26.900925119999997
CANO_conventional_hydroelectric_1_inlet,198,0.0
CANO_conventional_hydroelectric_1_inlet,199,15.970576803002878
CANO_conventional_hydroelectric_1_inlet,200,14.626916359802879
CANO_conventional_hydroelectric_1_inlet,201,5.874189977329472
CANO_conventional_hydroelectric_1_inlet,202,0.0
CANO_conventional_hydroelectric_1_inlet,203,0.0
CANO_conventional_hydroelectric_1_inlet,204,0.0
CANO_conventional_hydroelectric_1_inlet,205,6.711099856760797
CANO_conventional_hydroelectric_1_inlet,206,17.54214478394227
CANO_conventional_hydroelectric_1_inlet,207,19.681797493780984
CANO_conventional_hydroelectric_1_inlet,208,12.691349546040907
CANO_conventional_hydroelectric_1_inlet,209,19.615504938109307
CANO_conventional_hydroelectric_1_inlet,210,21.069143014013846
CANO_conventional_hydroelectric_1_inlet,211,26.900925119999997
CANO_conventional_hydroelectric_1_inlet,212,6.1225826768335585
CANO_conventional_hydroelectric_1_inlet,213,17.849006672502075
CANO_conventional_hydroelectric_1_inlet,214,18.660552136188866
CANO_conventional_hydroelectric_1_inlet,215,16.191504851330205
CANO_conventional_hydroelectric_1_inlet,216,26.900925119999997
CANO_conventional_hydroelectric_1_inlet,217,15.26958139308028
CANO_conventional_hydroelectric_1_inlet,218,24.900154159080945
CANO_conventional_hydroelectric_1_inlet,219,25.670221846067896
CANO_conventional_hydroelectric_1_inlet,220,26.900925119999997
CANO_conventional_hydroelectric_1_inlet,221,26.900925119999997
CANO_conventional_hydroelectric_1_inlet,222,0.0
CANO_conventional_hydroelectric_1_inlet,223,26.900925119999997
CANO_conventional_hydroelectric_1_inlet,224,26.900925119999997
CANO_conventional_hydroelectric_1_inlet,225,8.487600643289635
CANO_conventional_hydroelectric_1_inlet,226,11.396654100183133
CANO_conventional_hydroelectric_1_inlet,227,8.780004940182069
CANO_conventional_hydroelectric_1_inlet,228,12.199396264102653
CANO_conventional_hydroelectric_1_inlet,229,13.083791017869741
CANO_conventional_hydroelectric_1_inlet,230,22.512667775664113
CANO_conventional_hydroelectric_1_inlet,231,24.189647401522578
CANO_conventional_hydroelectric_1_inlet,232,19.373970053214983
CANO_conventional_hydroelectric_1_inlet,233,23.606744555171037
CANO_conventional_hydroelectric_1_inlet,234,21.536328775272615
CANO_conventional_hydroelectric_1_inlet,235,20.592864333034143
CANO_conventional_hydroelectric_1_inlet,236,12.841932417274515
CANO_conventional_hydroelectric_1_inlet,237,26.900925119999997
CANO_conventional_hydroelectric_1_inlet,238,23.515480375500832
CANO_conventional_hydroelectric_1_inlet,239,20.773862422157457
CANO_conventional_hydroelectric_1_inlet,240,26.900925119999997
CANO_conventional_hydroelectric_1_inlet,241,26.900925119999997
CANO_conventional_hydroelectric_1_inlet,242,26.900925119999997
CANO_conventional_hydroelectric_1_inlet,243,26.900925119999997
CANO_conventional_hydroelectric_1_inlet,244,17.00138815536124
CANO_conventional_hydroelectric_1_inlet,245,26.900925119999997
CANO_conventional_hydroelectric_1_inlet,246,11.606638498559912
CANO_conventional_hydroelectric_1_inlet,247,18.53960215655924
CANO_conventional_hydroelectric_1_inlet,248,20.789550202180468
CANO_conventional_hydroelectric_1_inlet,249,20.078440728691074
CANO_conventional_hydroelectric_1_inlet,250,16.193494873976032
CANO_conventional_hydroelectric_1_inlet,251,13.484444366165434
CANO_conventional_hydroelectric_1_inlet,252,16.88405634309242
CANO_conventional_hydroelectric_1_inlet,253,18.016728499899227
CANO_conventional_hydroelectric_1_inlet,254,26.373926949111656
CANO_conventional_hydroelectric_1_inlet,255,26.900925119999997
CANO_conventional_hydroelectric_1_inlet,256,24.311305816951013
CANO_conventional_hydroelectric_1_inlet,257,26.900925119999997
CANO_conventional_hydroelectric_1_inlet,258,23.382008183377764
CANO_conventional_hydroelectric_1_inlet,259,26.900925119999997
CANO_conventional_hydroelectric_1_inlet,260,22.818863018284915
CANO_conventional_hydroelectric_1_inlet,261,25.295595946930916
CANO_conventional_hydroelectric_1_inlet,262,26.900925119999997
CANO_conventional_hydroelectric_1_inlet,263,26.900925119999997
CANO_conventional_hydroelectric_1_inlet,264,26.900925119999997
CANO_conventional_hydroelectric_1_inlet,265,19.76120644830056
CANO_conventional_hydroelectric_1_inlet,266,26.900925119999997
CANO_conventional_hydroelectric_1_inlet,267,26.900925119999997
CANO_conventional_hydroelectric_1_inlet,268,26.900925119999997
CANO_conventional_hydroelectric_1_inlet,269,26.900925119999997
CANO_conventional_hydroelectric_1_inlet,270,1.0197145260604739
CANO_conventional_hydroelectric_1_inlet,271,26.900925119999997
CANO_conventional_hydroelectric_1_inlet,272,14.277135703935256
CANO_conventional_hydroelectric_1_inlet,273,21.835981117815273
CANO_conventional_hydroelectric_1_inlet,274,19.809011708656886
CANO_conventional_hydroelectric_1_inlet,275,17.074835595045293
CANO_conventional_hydroelectric_1_inlet,276,19.26813324780283
CANO_conventional_hydroelectric_1_inlet,277,19.568628431068745
CANO_conventional_hydroelectric_1_inlet,278,26.70641203930384
CANO_conventional_hydroelectric_1_inlet,279,25.719739843934047
CANO_conventional_hydroelectric_1_inlet,280,25.142909800289992
CANO_conventional_hydroelectric_1_inlet,281,25.916625816347832
CANO_conventional_hydroelectric_1_inlet,282,20.3128330443995
CANO_conventional_hydroelectric_1_inlet,283,26.900925119999997
CANO_conventional_hydroelectric_1_inlet,284,25.30028922928891
CANO_conventional_hydroelectric_1_inlet,285,26.900925119999997
CANO_conventional_hydroelectric_1_inlet,286,26.900925119999997
CANO_conventional_hydroelectric_1_inlet,287,26.900925119999997
CANO_conventional_hydroelectric_1_inlet,288,26.900925119999997
CANO_conventional_hydroelectric_1_inlet,289,22.822528384298053
CANO_conventional_hydroelectric_1_inlet,290,26.900925119999997
CANO_conventional_hydroelectric_1_inlet,291,26.900925119999997
CANO_conventional_hydroelectric_1_inlet,292,26.900925119999997
CANO_conventional_hydroelectric_1_inlet,293,26.900925119999997
CANO_conventional_hydroelectric_1_inlet,294,12.196271368108361
CANO_conventional_hydroelectric_1_inlet,295,16.349373732715403
CANO_conventional_hydroelectric_1_inlet,296,25.461762823519145
CANO_conventional_hydroelectric_1_inlet,297,23.006579411952394
CANO_conventional_hydroelectric_1_inlet,298,22.485225373922432
CANO_conventional_hydroelectric_1_inlet,299,20.793759581370626
CANO_conventional_hydroelectric_1_inlet,300,22.621780531798468
CANO_conventional_hydroelectric_1_inlet,301,25.881271518202485
CANO_conventional_hydroelectric_1_inlet,302,26.900925119999997
CANO_conventional_hydroelectric_1_inlet,303,25.228786909075065
CANO_conventional_hydroelectric_1_inlet,304,26.900925119999997
CANO_conventional_hydroelectric_1_inlet,305,26.900925119999997
CANO_conventional_hydroelectric_1_inlet,306,26.900925119999997
CANO_conventional_hydroelectric_1_inlet,307,26.900925119999997
CANO_conventional_hydroelectric_1_inlet,308,26.900925119999997
CANO_conventional_hydroelectric_1_inlet,309,26.900925119999997
CANO_conventional_hydroelectric_1_inlet,310,26.900925119999997
CANO_conventional_hydroelectric_1_inlet,311,26.900925119999997
CANO_conventional_hydroelectric_1_inlet,312,26.900925119999997
CANO_conventional_hydroelectric_1_inlet,313,23.495084481189043
CANO_conventional_hydroelectric_1_inlet,314,24.148487626456355
CANO_conventional_hydroelectric_1_inlet,315,26.900925119999997
CANO_conventional_hydroelectric_1_inlet,316,26.900925119999997
CANO_conventional_hydroelectric_1_inlet,317,26.900925119999997
CANO_conventional_hydroelectric_1_inlet,318,1.6805583049647161
CANO_conventional_hydroelectric_1_inlet,319,26.900925119999997
CANO_conventional_hydroelectric_1_inlet,320,15.69821487561492
CANO_conventional_hydroelectric_1_inlet,321,23.750910683823545
CANO_conventional_hydroelectric_1_inlet,322,25.331036692162048
CANO_conventional_hydroelectric_1_inlet,323,23.50865785968118
CANO_conventional_hydroelectric_1_inlet,324,23.94393888309424
CANO_conventional_hydroelectric_1_inlet,325,25.92179117344308
CANO_conventional_hydroelectric_1_inlet,326,24.75751029044059
CANO_conventional_hydroelectric_1_inlet,327,20.551157924268367
CANO_conventional_hydroelectric_1_inlet,328,22.32489068994404
CANO_conventional_hydroelectric_1_inlet,329,26.900925119999997
CANO_conventional_hydroelectric_1_inlet,330,26.900925119999997
CANO_conventional_hydroelectric_1_inlet,331,26.900925119999997
CANO_conventional_hydroelectric_1_inlet,332,20.482995046342072
CANO_conventional_hydroelectric_1_inlet,333,23.138584936163316
CANO_conventional_hydroelectric_1_inlet,334,23.26554855457465
CANO_conventional_hydroelectric_1_inlet,335,22.023223623256353
CANO_conventional_hydroelectric_1_inlet,336,23.13063786805635
CANO_conventional_hydroelectric_1_inlet,337,26.900925119999997
CANO_conventional_hydroelectric_1_inlet,338,26.900925119999997
CANO_conventional_hydroelectric_1_inlet,339,26.900925119999997
CANO_conventional_hydroelectric_1_inlet,340,26.900925119999997
CANO_conventional_hydroelectric_1_inlet,341,26.900925119999997
CANO_conventional_hydroelectric_1_inlet,342,13.391071143412054
CANO_conventional_hydroelectric_1_inlet,343,26.900925119999997
CANO_conventional_hydroelectric_1_inlet,344,26.900925119999997
CANO_conventional_hydroelectric_1_inlet,345,22.61539922600247
CANO_conventional_hydroelectric_1_inlet,346,26.900925119999997
CANO_conventional_hydroelectric_1_inlet,347,26.900925119999997
CANO_conventional_hydroelectric_1_inlet,348,26.900925119999997
CANO_conventional_hydroelectric_1_inlet,349,26.900925119999997
CANO_conventional_hydroelectric_1_inlet,350,26.018486385714493
CANO_conventional_hydroelectric_1_inlet,351,26.900925119999997
CANO_conventional_hydroelectric_1_inlet,352,26.900925119999997
CANO_conventional_hydroelectric_1_inlet,353,26.35578156538595
CANO_conventional_hydroelectric_1_inlet,354,26.900925119999997
CANO_conventional_hydroelectric_1_inlet,355,26.900925119999997
CANO_conventional_hydroelectric_1_inlet,356,25.111983195239343
CANO_conventional_hydroelectric_1_inlet,357,26.900925119999997
CANO_conventional_hydroelectric_1_inlet,358,26.116528330852695
CANO_conventional_hydroelectric_1_inlet,359,24.039098177989395
CANO_conventional_hydroelectric_1_inlet,360,25.229092074943008
CANO_conventional_hydroelectric_1_inlet,361,26.18141489706511
CANO_conventional_hydroelectric_1_inlet,362,19.48581714072959
CANO_conventional_hydroelectric_1_inlet,363,26.900925119999997
CANO_conventional_hydroelectric_1_inlet,364,26.900925119999997
CANO_conventional_hydroelectric_1_inlet,365,26.900925119999997
CANO_conventional_hydroelectric_1_inlet,366,0.0
CANO_conventional_hydroelectric_1_inlet,367,26.900925119999997
CANO_conventional_hydroelectric_1_inlet,368,26.900925119999997
CANO_conventional_hydroelectric_1_inlet,369,26.900925119999997
CANO_conventional_hydroelectric_1_inlet,370,25.017251630403635
CANO_conventional_hydroelectric_1_inlet,371,26.266232192196654
CANO_conventional_hydroelectric_1_inlet,372,26.900925119999997
CANO_conventional_hydroelectric_1_inlet,373,23.5598415935244
CANO_conventional_hydroelectric_1_inlet,374,26.900925119999997
CANO_conventional_hydroelectric_1_inlet,375,26.900925119999997
CANO_conventional_hydroelectric_1_inlet,376,26.900925119999997
CANO_conventional_hydroelectric_1_inlet,377,26.900925119999997
CANO_conventional_hydroelectric_1_inlet,378,26.900925119999997
CANO_conventional_hydroelectric_1_inlet,379,21.55976685241643
CANO_conventional_hydroelectric_1_inlet,380,14.901026053673293
CANO_conventional_hydroelectric_1_inlet,381,22.812502990831916
CANO_conventional_hydroelectric_1_inlet,382,19.306758071954263
CANO_conventional_hydroelectric_1_inlet,383,19.556751987820114
CANO_conventional_hydroelectric_1_inlet,384,21.911319994527346
CANO_conventional_hydroelectric_1_inlet,385,9.438090879139097
CANO_conventional_hydroelectric_1_inlet,386,20.054431600506852
CANO_conventional_hydroelectric_1_inlet,387,22.03100142215846
CANO_conventional_hydroelectric_1_inlet,388,26.900925119999997
CANO_conventional_hydroelectric_1_inlet,389,26.900925119999997
CANO_conventional_hydroelectric_1_inlet,390,9.677552631063415
CANO_conventional_hydroelectric_1_inlet,391,26.900925119999997
CANO_conventional_hydroelectric_1_inlet,392,26.900925119999997
CANO_conventional_hydroelectric_1_inlet,393,26.900925119999997
CANO_conventional_hydroelectric_1_inlet,394,26.900925119999997
CANO_conventional_hydroelectric_1_inlet,395,26.900925119999997
CANO_conventional_hydroelectric_1_inlet,396,26.900925119999997
CANO_conventional_hydroelectric_1_inlet,397,26.900925119999997
CANO_conventional_hydroelectric_1_inlet,398,26.900925119999997
CANO_conventional_hydroelectric_1_inlet,399,26.900925119999997
CANO_conventional_hydroelectric_1_inlet,400,26.900925119999997
CANO_conventional_hydroelectric_1_inlet,401,26.900925119999997
CANO_conventional_hydroelectric_1_inlet,402,24.02613181629491
CANO_conventional_hydroelectric_1_inlet,403,14.461359143983048
CANO_conventional_hydroelectric_1_inlet,404,11.562976590419472
CANO_conventional_hydroelectric_1_inlet,405,14.727926431290895
CANO_conventional_hydroelectric_1_inlet,406,12.212346935073972
CANO_conventional_hydroelectric_1_inlet,407,12.469131874160293
CANO_conventional_hydroelectric_1_inlet,408,15.629278689687995
CANO_conventional_hydroelectric_1_inlet,409,4.408247644519189
CANO_conventional_hydroelectric_1_inlet,410,10.078562011061805
CANO_conventional_hydroelectric_1_inlet,411,18.00356916473389
CANO_conventional_hydroelectric_1_inlet,412,26.900925119999997
CANO_conventional_hydroelectric_1_inlet,413,26.900925119999997
CANO_conventional_hydroelectric_1_inlet,414,0.0
CANO_conventional_hydroelectric_1_inlet,415,26.900925119999997
CANO_conventional_hydroelectric_1_inlet,416,26.900925119999997
CANO_conventional_hydroelectric_1_inlet,417,26.900925119999997
CANO_conventional_hydroelectric_1_inlet,418,26.900925119999997
CANO_conventional_hydroelectric_1_inlet,419,26.900925119999997
CANO_conventional_hydroelectric_1_inlet,420,26.900925119999997
CANO_conventional_hydroelectric_1_inlet,421,17.886779366855453
CANO_conventional_hydroelectric_1_inlet,422,16.423689880763618
CANO_conventional_hydroelectric_1_inlet,423,26.900925119999997
CANO_conventional_hydroelectric_1_inlet,424,14.816766190032904
CANO_conventional_hydroelectric_1_inlet,425,26.900925119999997
CANO_conventional_hydroelectric_1_inlet,426,26.900925119999997
CANO_conventional_hydroelectric_1_inlet,427,13.282022262275044
CANO_conventional_hydroelectric_1_inlet,428,11.267193987231419
CANO_conventional_hydroelectric_1_inlet,429,9.879970825852975
CANO_conventional_hydroelectric_1_inlet,430,7.251138907655116
CANO_conventional_hydroelectric_1_inlet,431,7.270158935561915
CANO_conventional_hydroelectric_1_inlet,432,10.237345135709136
CANO_conventional_hydroelectric_1_inlet,433,0.4614757411465282
CANO_conventional_hydroelectric_1_inlet,434,0.0
CANO_conventional_hydroelectric_1_inlet,435,14.336219597117346
CANO_conventional_hydroelectric_1_inlet,436,26.900925119999997
CANO_conventional_hydroelectric_1_inlet,437,26.900925119999997
CANO_conventional_hydroelectric_1_inlet,438,8.451492715338196
CANO_conventional_hydroelectric_1_inlet,439,26.900925119999997
CANO_conventional_hydroelectric_1_inlet,440,26.900925119999997
CANO_conventional_hydroelectric_1_inlet,441,26.900925119999997
CANO_conventional_hydroelectric_1_inlet,442,19.199898093489914
CANO_conventional_hydroelectric_1_inlet,443,20.177701902222925
CANO_conventional_hydroelectric_1_inlet,444,20.53135718807121
CANO_conventional_hydroelectric_1_inlet,445,26.33827208219365
CANO_conventional_hydroelectric_1_inlet,446,24.875182596101816
CANO_conventional_hydroelectric_1_inlet,447,26.900925119999997
CANO_conventional_hydroelectric_1_inlet,448,23.268258905371102
CANO_conventional_hydroelectric_1_inlet,449,16.256431711231784
CANO_conventional_hydroelectric_1_inlet,450,26.900925119999997
CANO_conventional_hydroelectric_1_inlet,451,7.327218147977774
CANO_conventional_hydroelectric_1_inlet,452,8.262383414270575
CANO_conventional_hydroelectric_1_inlet,453,1.0746494718946293
CANO_conventional_hydroelectric_1_inlet,454,0.8165778965933134
CANO_conventional_hydroelectric_1_inlet,455,1.3737904797001141
CANO_conventional_hydroelectric_1_inlet,456,5.07606848464733
CANO_conventional_hydroelectric_1_inlet,457,0.4895729909312484
CANO_conventional_hydroelectric_1_inlet,458,0.0
CANO_conventional_hydroelectric_1_inlet,459,21.575595126098065
CANO_conventional_hydroelectric_1_inlet,460,26.900925119999997
CANO_conventional_hydroelectric_1_inlet,461,26.900925119999997
CANO_conventional_hydroelectric_1_inlet,462,0.0
CANO_conventional_hydroelectric_1_inlet,463,26.900925119999997
CANO_conventional_hydroelectric_1_inlet,464,26.900925119999997
CANO_conventional_hydroelectric_1_inlet,465,26.900925119999997
CANO_conventional_hydroelectric_1_inlet,466,26.409088560769582
CANO_conventional_hydroelectric_1_inlet,467,26.900925119999997
CANO_conventional_hydroelectric_1_inlet,468,26.900925119999997
CANO_conventional_hydroelectric_1_inlet,469,22.352370073505305
CANO_conventional_hydroelectric_1_inlet,470,19.527764717565383
CANO_conventional_hydroelectric_1_inlet,471,20.291927781294376
CANO_conventional_hydroelectric_1_inlet,472,18.1328840874932
CANO_conventional_hydroelectric_1_inlet,473,23.435689018965924
CANO_conventional_hydroelectric_1_inlet,474,26.900925119999997
CANO_conventional_hydroelectric_1_inlet,475,0.0
CANO_conventional_hydroelectric_1_inlet,476,7.721897177520587
CANO_conventional_hydroelectric_1_inlet,477,0.0
CANO_conventional_hydroelectric_1_inlet,478,0.0
CANO_conventional_hydroelectric_1_inlet,479,0.0
CANO_conventional_hydroelectric_1_inlet,480,0.0
CANO_conventional_hydroelectric_1_inlet,481,1.70797445437747
CANO_conventional_hydroelectric_1_inlet,482,0.0
CANO_conventional_hydroelectric_1_inlet,483,26.900925119999997
CANO_conventional_hydroelectric_1_inlet,484,26.900925119999997
CANO_conventional_hydroelectric_1_inlet,485,26.900925119999997
CANO_conventional_hydroelectric_1_inlet,486,6.894725925374489
CANO_conventional_hydroelectric_1_inlet,487,26.900925119999997
CANO_conventional_hydroelectric_1_inlet,488,26.900925119999997
CANO_conventional_hydroelectric_1_inlet,489,26.900925119999997
CANO_conventional_hydroelectric_1_inlet,490,26.900925119999997
CANO_conventional_hydroelectric_1_inlet,491,21.2517013985804
CANO_conventional_hydroelectric_1_inlet,492,23.120758610702566
CANO_conventional_hydroelectric_1_inlet,493,18.704213078162564
CANO_conventional_hydroelectric_1_inlet,494,15.614095161276818
CANO_conventional_hydroelectric_1_inlet,495,16.020438076694482
CANO_conventional_hydroelectric_1_inlet,496,16.212030806704146
CANO_conventional_hydroelectric_1_inlet,497,18.293547556107907
CANO_conventional_hydroelectric_1_inlet,498,13.88269848568188
CANO_conventional_hydroelectric_1_inlet,499,0.0
CANO_conventional_hydroelectric_1_inlet,500,0.0
CANO_conventional_hydroelectric_1_inlet,501,0.4285087125744922
CANO_conventional_hydroelectric_1_inlet,502,2.035197224483019
CANO_conventional_hydroelectric_1_inlet,503,0.0
CANO_conventional_hydroelectric_1_inlet,504,3.432058965351946
CANO_conventional_hydroelectric_1_inlet,505,7.4180375066195
CANO_conventional_hydroelectric_1_inlet,506,5.71006305224203
CANO_conventional_hydroelectric_1_inlet,507,26.900925119999997
CANO_conventional_hydroelectric_1_inlet,508,26.900925119999997
CANO_conventional_hydroelectric_1_inlet,509,26.900925119999997
CANO_conventional_hydroelectric_1_inlet,510,12.604788977616519
CANO_conventional_hydroelectric_1_inlet,511,26.900925119999997
CANO_conventional_hydroelectric_1_inlet,512,26.900925119999997
CANO_conventional_hydroelectric_1_inlet,513,26.900925119999997
CANO_conventional_hydroelectric_1_inlet,514,26.900925119999997
CANO_conventional_hydroelectric_1_inlet,515,26.900925119999997
CANO_conventional_hydroelectric_1_inlet,516,26.900925119999997
CANO_conventional_hydroelectric_1_inlet,517,24.414276130404595
CANO_conventional_hydroelectric_1_inlet,518,21.324158213518846
CANO_conventional_hydroelectric_1_inlet,519,21.730501128936513
CANO_conventional_hydroelectric_1_inlet,520,21.922093858946173
CANO_conventional_hydroelectric_1_inlet,521,24.003610608349934
CANO_conventional_hydroelectric_1_inlet,522,19.59276153792391
CANO_conventional_hydroelectric_1_inlet,523,3.782701694696112
CANO_conventional_hydroelectric_1_inlet,524,0.0
CANO_conventional_hydroelectric_1_inlet,525,0.0
CANO_conventional_hydroelectric_1_inlet,526,0.972961300725049
CANO_conventional_hydroelectric_1_inlet,527,0.3824713498420297
CANO_conventional_hydroelectric_1_inlet,528,9.142122017593975
CANO_conventional_hydroelectric_1_inlet,529,0.0
CANO_conventional_hydroelectric_1_inlet,530,8.661028614802
CANO_conventional_hydroelectric_1_inlet,531,26.900925119999997
CANO_conventional_hydroelectric_1_inlet,532,26.900925119999997
CANO_conventional_hydroelectric_1_inlet,533,26.900925119999997
CANO_conventional_hydroelectric_1_inlet,534,7.282177255460833
CANO_conventional_hydroelectric_1_inlet,535,26.900925119999997
CANO_conventional_hydroelectric_1_inlet,536,26.900925119999997
CANO_conventional_hydroelectric_1_inlet,537,26.900925119999997
CANO_conventional_hydroelectric_1_inlet,538,26.900925119999997
CANO_conventional_hydroelectric_1_inlet,539,26.900925119999997
CANO_conventional_hydroelectric_1_inlet,540,26.900925119999997
CANO_conventional_hydroelectric_1_inlet,541,26.37914758205899
CANO_conventional_hydroelectric_1_inlet,542,22.55144615600916
CANO_conventional_hydroelectric_1_inlet,543,17.726445806835585
CANO_conventional_hydroelectric_1_inlet,544,15.168049244872126
CANO_conventional_hydroelectric_1_inlet,545,21.224974541934458
CANO_conventional_hydroelectric_1_inlet,546,24.207817559079615
CANO_conventional_hydroelectric_1_inlet,547,0.0
CANO_conventional_hydroelectric_1_inlet,548,6.6279538510060965
CANO_conventional_hydroelectric_1_inlet,549,0.0
CANO_conventional_hydroelectric_1_inlet,550,0.0
CANO_conventional_hydroelectric_1_inlet,551,0.9948762322286908
CANO_conventional_hydroelectric_1_inlet,552,11.895940350493309
CANO_conventional_hydroelectric_1_inlet,553,5.67842217889437
CANO_conventional_hydroelectric_1_inlet,554,5.737100967557239
CANO_conventional_hydroelectric_1_inlet,555,23.295902176367875
CANO_conventional_hydroelectric_1_inlet,556,19.91596561742702
CANO_conventional_hydroelectric_1_inlet,557,26.900925119999997
CANO_conventional_hydroelectric_1_inlet,558,15.118438993816067
CANO_conventional_hydroelectric_1_inlet,559,26.900925119999997
CANO_conventional_hydroelectric_1_inlet,560,19.94966790074616
CANO_conventional_hydroelectric_1_inlet,561,22.274212891815086
CANO_conventional_hydroelectric_1_inlet,562,16.10831646920401
CANO_conventional_hydroelectric_1_inlet,563,19.975974781797106
CANO_conventional_hydroelectric_1_inlet,564,17.308317325437017
CANO_conventional_hydroelectric_1_inlet,565,19.992951874534437
CANO_conventional_hydroelectric_1_inlet,566,16.540806244772302
CANO_conventional_hydroelectric_1_inlet,567,15.066853219689333
CANO_conventional_hydroelectric_1_inlet,568,14.006513351164317
CANO_conventional_hydroelectric_1_inlet,569,17.049952227402997
CANO_conventional_hydroelectric_1_inlet,570,14.397694603184599
CANO_conventional_hydroelectric_1_inlet,571,7.836261738355233
CANO_conventional_hydroelectric_1_inlet,572,9.109847740385797
CANO_conventional_hydroelectric_1_inlet,573,0.0
CANO_conventional_hydroelectric_1_inlet,574,4.710500400216423
CANO_conventional_hydroelectric_1_inlet,575,1.667231210583928
CANO_conventional_hydroelectric_1_inlet,576,17.813879168503266
CASO_conventional_hydroelectric_1_inlet,1,2.556644130604234
CASO_conventional_hydroelectric_1_inlet,2,1.626762079605051
CASO_conventional_hydroelectric_1_inlet,3,3.106065030637219
CASO_conventional_hydroelectric_1_inlet,4,1.083663904643226
CASO_conventional_hydroelectric_1_inlet,5,0.0
CASO_conventional_hydroelectric_1_inlet,6,0.0
CASO_conventional_hydroelectric_1_inlet,7,2.8767120365163334
CASO_conventional_hydroelectric_1_inlet,8,0.0
CASO_conventional_hydroelectric_1_inlet,9,3.4619521724007374
CASO_conventional_hydroelectric_1_inlet,10,3.2080922003601797
CASO_conventional_hydroelectric_1_inlet,11,0.0
CASO_conventional_hydroelectric_1_inlet,12,3.11014288996763
CASO_conventional_hydroelectric_1_inlet,13,2.5657215465569436
CASO_conventional_hydroelectric_1_inlet,14,3.110974715600233
CASO_conventional_hydroelectric_1_inlet,15,2.8188000681218592
CASO_conventional_hydroelectric_1_inlet,16,0.7061497654037464
CASO_conventional_hydroelectric_1_inlet,17,2.5683720734745137
CASO_conventional_hydroelectric_1_inlet,18,2.5691950573130264
CASO_conventional_hydroelectric_1_inlet,19,1.385054476986991
CASO_conventional_hydroelectric_1_inlet,20,0.0
CASO_conventional_hydroelectric_1_inlet,21,2.8373661947521236
CASO_conventional_hydroelectric_1_inlet,22,2.0832370902207265
CASO_conventional_hydroelectric_1_inlet,23,3.7527839999999997
CASO_conventional_hydroelectric_1_inlet,24,2.056303634130789
CASO_conventional_hydroelectric_1_inlet,25,3.204564309470225
CASO_conventional_hydroelectric_1_inlet,26,1.2308241963824458
CASO_conventional_hydroelectric_1_inlet,27,3.7527839999999997
CASO_conventional_hydroelectric_1_inlet,28,1.7299987538119181
CASO_conventional_hydroelectric_1_inlet,29,0.0
CASO_conventional_hydroelectric_1_inlet,30,0.6454394382916636
CASO_conventional_hydroelectric_1_inlet,31,0.0
CASO_conventional_hydroelectric_1_inlet,32,0.6446076126590607
CASO_conventional_hydroelectric_1_inlet,33,3.2066134350781637
CASO_conventional_hydroelectric_1_inlet,34,3.2069221809690416
CASO_conventional_hydroelectric_1_inlet,35,0.6433280815879437
CASO_conventional_hydroelectric_1_inlet,36,3.7527839999999997
CASO_conventional_hydroelectric_1_inlet,37,3.2079120038861024
CASO_conventional_hydroelectric_1_inlet,38,3.7527839999999997
CASO_conventional_hydroelectric_1_inlet,39,2.719367095120658
CASO_conventional_hydroelectric_1_inlet,40,1.3470606916617882
CASO_conventional_hydroelectric_1_inlet,41,3.208901826803163
CASO_conventional_hydroelectric_1_inlet,42,3.209277105203162
CASO_conventional_hydroelectric_1_inlet,43,1.1321563066915683
CASO_conventional_hydroelectric_1_inlet,44,0.0
CASO_conventional_hydroelectric_1_inlet,45,0.0
CASO_conventional_hydroelectric_1_inlet,46,2.7213496882194743
CASO_conventional_hydroelectric_1_inlet,47,1.2298961538429314
CASO_conventional_hydroelectric_1_inlet,48,0.0
CASO_conventional_hydroelectric_1_inlet,49,3.7527839999999997
CASO_conventional_hydroelectric_1_inlet,50,1.7786686085122203
CASO_conventional_hydroelectric_1_inlet,51,3.263863812834555
CASO_conventional_hydroelectric_1_inlet,52,2.2775344200508143
CASO_conventional_hydroelectric_1_inlet,53,0.5471603878388962
CASO_conventional_hydroelectric_1_inlet,54,0.0
CASO_conventional_hydroelectric_1_inlet,55,0.546545843321836
CASO_conventional_hydroelectric_1_inlet,56,1.1907781775808968
CASO_conventional_hydroelectric_1_inlet,57,3.7527839999999997
CASO_conventional_hydroelectric_1_inlet,58,0.0
CASO_conventional_hydroelectric_1_inlet,59,1.1888811547280234
CASO_conventional_hydroelectric_1_inlet,60,2.9846368636579577
CASO_conventional_hydroelectric_1_inlet,61,0.0
CASO_conventional_hydroelectric_1_inlet,62,3.263863812834555
CASO_conventional_hydroelectric_1_inlet,63,3.263863812834556
CASO_conventional_hydroelectric_1_inlet,64,0.13255865093289113
CASO_conventional_hydroelectric_1_inlet,65,0.0
CASO_conventional_hydroelectric_1_inlet,66,3.7527839999999997
CASO_conventional_hydroelectric_1_inlet,67,0.0
CASO_conventional_hydroelectric_1_inlet,68,0.0
CASO_conventional_hydroelectric_1_inlet,69,0.5428228705059591
CASO_conventional_hydroelectric_1_inlet,70,3.263863812834555
CASO_conventional_hydroelectric_1_inlet,71,1.7721044798318302
CASO_conventional_hydroelectric_1_inlet,72,0.5418330475888988
CASO_conventional_hydroelectric_1_inlet,73,3.263863812834555
CASO_conventional_hydroelectric_1_inlet,74,2.2675887956776646
CASO_conventional_hydroelectric_1_inlet,75,3.7527839999999997
CASO_conventional_hydroelectric_1_inlet,76,2.7664546072162586
CASO_conventional_hydroelectric_1_inlet,77,1.0360805750043407
CASO_conventional_hydroelectric_1_inlet,78,0.48892018716544444
CASO_conventional_hydroelectric_1_inlet,79,1.0354660304872805
CASO_conventional_hydroelectric_1_inlet,80,1.679698364746341
CASO_conventional_hydroelectric_1_inlet,81,2.980766907243417
CASO_conventional_hydroelectric_1_inlet,82,0.0
CASO_conventional_hydroelectric_1_inlet,83,1.6778013418934676
CASO_conventional_hydroelectric_1_inlet,84,0.0
CASO_conventional_hydroelectric_1_inlet,85,0.0
CASO_conventional_hydroelectric_1_inlet,86,0.0
CASO_conventional_hydroelectric_1_inlet,87,0.0
CASO_conventional_hydroelectric_1_inlet,88,0.24038074834598633
CASO_conventional_hydroelectric_1_inlet,89,0.48892018716544444
CASO_conventional_hydroelectric_1_inlet,90,2.471258068426217
CASO_conventional_hydroelectric_1_inlet,91,0.48892018716544444
CASO_conventional_hydroelectric_1_inlet,92,0.48892018716544444
CASO_conventional_hydroelectric_1_inlet,93,1.0317430576714035
CASO_conventional_hydroelectric_1_inlet,94,3.7527839999999997
CASO_conventional_hydroelectric_1_inlet,95,2.2610246669972747
CASO_conventional_hydroelectric_1_inlet,96,1.030753234754343
CASO_conventional_hydroelectric_1_inlet,97,3.7527839999999997
CASO_conventional_hydroelectric_1_inlet,98,2.756508982843109
CASO_conventional_hydroelectric_1_inlet,99,3.255380688911095
CASO_conventional_hydroelectric_1_inlet,100,3.255374794381703
CASO_conventional_hydroelectric_1_inlet,101,0.0
CASO_conventional_hydroelectric_1_inlet,102,0.0
CASO_conventional_hydroelectric_1_inlet,103,0.0
CASO_conventional_hydroelectric_1_inlet,104,2.1686185519117855
CASO_conventional_hydroelectric_1_inlet,105,0.0
CASO_conventional_hydroelectric_1_inlet,106,0.0
CASO_conventional_hydroelectric_1_inlet,107,2.1667215290589117
CASO_conventional_hydroelectric_1_inlet,108,0.0
CASO_conventional_hydroelectric_1_inlet,109,0.48892018716544444
CASO_conventional_hydroelectric_1_inlet,110,0.48892018716544444
CASO_conventional_hydroelectric_1_inlet,111,0.48892018716544444
CASO_conventional_hydroelectric_1_inlet,112,0.7293009355114307
CASO_conventional_hydroelectric_1_inlet,113,0.9778403743308889
CASO_conventional_hydroelectric_1_inlet,114,2.960178255591661
CASO_conventional_hydroelectric_1_inlet,115,0.9778403743308889
CASO_conventional_hydroelectric_1_inlet,116,0.9778403743308889
CASO_conventional_hydroelectric_1_inlet,117,1.520663244836848
CASO_conventional_hydroelectric_1_inlet,118,3.7527839999999997
CASO_conventional_hydroelectric_1_inlet,119,0.9824523457316837
CASO_conventional_hydroelectric_1_inlet,120,1.5196734219197874
CASO_conventional_hydroelectric_1_inlet,121,3.253842814158195
CASO_conventional_hydroelectric_1_inlet,122,3.253842814158195
CASO_conventional_hydroelectric_1_inlet,123,3.7527839999999997
CASO_conventional_hydroelectric_1_inlet,124,3.7527839999999997
CASO_conventional_hydroelectric_1_inlet,125,0.49747868539211465
CASO_conventional_hydroelectric_1_inlet,126,0.49754816516593264
CASO_conventional_hydroelectric_1_inlet,127,0.49724826106914305
CASO_conventional_hydroelectric_1_inlet,128,2.665936292754746
CASO_conventional_hydroelectric_1_inlet,129,0.0
CASO_conventional_hydroelectric_1_inlet,130,0.0
CASO_conventional_hydroelectric_1_inlet,131,2.664184123978901
CASO_conventional_hydroelectric_1_inlet,132,0.4975350219585036
CASO_conventional_hydroelectric_1_inlet,133,0.9864581563886441
CASO_conventional_hydroelectric_1_inlet,134,0.9865276361624622
CASO_conventional_hydroelectric_1_inlet,135,0.9866000632009762
CASO_conventional_hydroelectric_1_inlet,136,1.2269837588116588
CASO_conventional_hydroelectric_1_inlet,137,1.4755956246696313
CASO_conventional_hydroelectric_1_inlet,138,3.4580029857042214
CASO_conventional_hydroelectric_1_inlet,139,1.4756680517081455
CASO_conventional_hydroelectric_1_inlet,140,1.4757404787466597
CASO_conventional_hydroelectric_1_inlet,141,2.018632829026437
CASO_conventional_hydroelectric_1_inlet,142,1.9105932341142922
CASO_conventional_hydroelectric_1_inlet,143,1.4801915055983008
CASO_conventional_hydroelectric_1_inlet,144,2.017482061560223
CASO_conventional_hydroelectric_1_inlet,145,3.7527839999999997
CASO_conventional_hydroelectric_1_inlet,146,3.7527839999999997
CASO_conventional_hydroelectric_1_inlet,147,2.954169161605518
CASO_conventional_hydroelectric_1_inlet,148,2.1784593789199853
CASO_conventional_hydroelectric_1_inlet,149,0.16629260974029927
CASO_conventional_hydroelectric_1_inlet,150,0.8452226008526376
CASO_conventional_hydroelectric_1_inlet,151,0.9961894469109472
CASO_conventional_hydroelectric_1_inlet,152,2.3588793801466625
CASO_conventional_hydroelectric_1_inlet,153,0.0
CASO_conventional_hydroelectric_1_inlet,154,0.49894118584180414
CASO_conventional_hydroelectric_1_inlet,155,3.1631253098207055
CASO_conventional_hydroelectric_1_inlet,156,0.3823017621565952
CASO_conventional_hydroelectric_1_inlet,157,1.4853993422304481
CASO_conventional_hydroelectric_1_inlet,158,1.4854688220042662
CASO_conventional_hydroelectric_1_inlet,159,1.4855412490427804
CASO_conventional_hydroelectric_1_inlet,160,1.7259249446534628
CASO_conventional_hydroelectric_1_inlet,161,1.9745368105114356
CASO_conventional_hydroelectric_1_inlet,162,1.9850584857350377
CASO_conventional_hydroelectric_1_inlet,163,1.9746092375499498
CASO_conventional_hydroelectric_1_inlet,164,1.974681664588464
CASO_conventional_hydroelectric_1_inlet,165,2.517574014868241
CASO_conventional_hydroelectric_1_inlet,166,2.4095344199560964
CASO_conventional_hydroelectric_1_inlet,167,1.979132691440105
CASO_conventional_hydroelectric_1_inlet,168,2.516423247402027
CASO_conventional_hydroelectric_1_inlet,169,3.7527839999999997
CASO_conventional_hydroelectric_1_inlet,170,3.677237192294881
CASO_conventional_hydroelectric_1_inlet,171,3.7527839999999997
CASO_conventional_hydroelectric_1_inlet,172,0.0
CASO_conventional_hydroelectric_1_inlet,173,0.0
CASO_conventional_hydroelectric_1_inlet,174,0.0
CASO_conventional_hydroelectric_1_inlet,175,0.0
CASO_conventional_hydroelectric_1_inlet,176,0.0
CASO_conventional_hydroelectric_1_inlet,177,0.80590868127117
CASO_conventional_hydroelectric_1_inlet,178,1.306217915694731
CASO_conventional_hydroelectric_1_inlet,179,3.735018446018282
CASO_conventional_hydroelectric_1_inlet,180,0.8902822306109721
CASO_conventional_hydroelectric_1_inlet,181,2.296474419202462
CASO_conventional_hydroelectric_1_inlet,182,2.2976061489318544
CASO_conventional_hydroelectric_1_inlet,183,2.2990495718168216
CASO_conventional_hydroelectric_1_inlet,184,2.540495517383078
CASO_conventional_hydroelectric_1_inlet,185,2.790475431822807
CASO_conventional_hydroelectric_1_inlet,186,2.802365155628166
CASO_conventional_hydroelectric_1_inlet,187,2.792978157398652
CASO_conventional_hydroelectric_1_inlet,188,2.794418633018923
CASO_conventional_hydroelectric_1_inlet,189,3.3383732332542744
CASO_conventional_hydroelectric_1_inlet,190,3.231701686923887
CASO_conventional_hydroelectric_1_inlet,191,2.802365155628166
CASO_conventional_hydroelectric_1_inlet,192,3.341023760171844
CASO_conventional_hydroelectric_1_inlet,193,0.9504188443718328
CASO_conventional_hydroelectric_1_inlet,194,3.7527839999999997
CASO_conventional_hydroelectric_1_inlet,195,3.7527839999999997
CASO_conventional_hydroelectric_1_inlet,196,0.9363740373883259
CASO_conventional_hydroelectric_1_inlet,197,0.9504188443718334
CASO_conventional_hydroelectric_1_inlet,198,0.9504188443718334
CASO_conventional_hydroelectric_1_inlet,199,0.9504188443718334
CASO_conventional_hydroelectric_1_inlet,200,0.0
CASO_conventional_hydroelectric_1_inlet,201,1.7563275256430035
CASO_conventional_hydroelectric_1_inlet,202,2.256636760066564
CASO_conventional_hydroelectric_1_inlet,203,3.5767168962924916
CASO_conventional_hydroelectric_1_inlet,204,1.8407010749828054
CASO_conventional_hydroelectric_1_inlet,205,3.2468932635742953
CASO_conventional_hydroelectric_1_inlet,206,3.248024993303688
CASO_conventional_hydroelectric_1_inlet,207,3.249468416188655
CASO_conventional_hydroelectric_1_inlet,208,3.4909143617549114
CASO_conventional_hydroelectric_1_inlet,209,3.740894276194641
CASO_conventional_hydroelectric_1_inlet,210,3.7527839999999997
CASO_conventional_hydroelectric_1_inlet,211,3.7433970017704854
CASO_conventional_hydroelectric_1_inlet,212,3.7448374773907562
CASO_conventional_hydroelectric_1_inlet,213,3.7527839999999997
CASO_conventional_hydroelectric_1_inlet,214,3.7527839999999997
CASO_conventional_hydroelectric_1_inlet,215,3.7527839999999997
CASO_conventional_hydroelectric_1_inlet,216,3.7527839999999997
CASO_conventional_hydroelectric_1_inlet,217,2.9508911461029657
CASO_conventional_hydroelectric_1_inlet,218,2.0004723017311328
CASO_conventional_hydroelectric_1_inlet,219,3.7527839999999997
CASO_conventional_hydroelectric_1_inlet,220,1.82114307385369
CASO_conventional_hydroelectric_1_inlet,221,1.821521299518386
CASO_conventional_hydroelectric_1_inlet,222,1.8218995251830825
CASO_conventional_hydroelectric_1_inlet,223,1.6442364474145286
CASO_conventional_hydroelectric_1_inlet,224,2.0004723017311328
CASO_conventional_hydroelectric_1_inlet,225,3.7527839999999997
CASO_conventional_hydroelectric_1_inlet,226,2.4246714657795225
CASO_conventional_hydroelectric_1_inlet,227,1.824405198023624
CASO_conventional_hydroelectric_1_inlet,228,2.7541579340699993
CASO_conventional_hydroelectric_1_inlet,229,3.7527839999999997
CASO_conventional_hydroelectric_1_inlet,230,3.7527839999999997
CASO_conventional_hydroelectric_1_inlet,231,3.7527839999999997
CASO_conventional_hydroelectric_1_inlet,232,2.858670577841963
CASO_conventional_hydroelectric_1_inlet,233,3.7527839999999997
CASO_conventional_hydroelectric_1_inlet,234,3.7527839999999997
CASO_conventional_hydroelectric_1_inlet,235,1.9910853035016178
CASO_conventional_hydroelectric_1_inlet,236,1.9925257791218893
CASO_conventional_hydroelectric_1_inlet,237,3.7527839999999997
CASO_conventional_hydroelectric_1_inlet,238,3.4375271147677076
CASO_conventional_hydroelectric_1_inlet,239,3.7527839999999997
CASO_conventional_hydroelectric_1_inlet,240,3.7527839999999997
CASO_conventional_hydroelectric_1_inlet,241,3.7527839999999997
CASO_conventional_hydroelectric_1_inlet,242,3.7527839999999997
CASO_conventional_hydroelectric_1_inlet,243,3.7527839999999997
CASO_conventional_hydroelectric_1_inlet,244,3.7527839999999997
CASO_conventional_hydroelectric_1_inlet,245,3.7527839999999997
CASO_conventional_hydroelectric_1_inlet,246,3.7527839999999997
CASO_conventional_hydroelectric_1_inlet,247,3.5744368979405676
CASO_conventional_hydroelectric_1_inlet,248,3.7527839999999997
CASO_conventional_hydroelectric_1_inlet,249,3.7527839999999997
CASO_conventional_hydroelectric_1_inlet,250,3.7527839999999997
CASO_conventional_hydroelectric_1_inlet,251,3.7527839999999997
CASO_conventional_hydroelectric_1_inlet,252,3.7527839999999997
CASO_conventional_hydroelectric_1_inlet,253,3.7527839999999997
CASO_conventional_hydroelectric_1_inlet,254,3.7527839999999997
CASO_conventional_hydroelectric_1_inlet,255,3.7527839999999997
CASO_conventional_hydroelectric_1_inlet,256,3.7527839999999997
CASO_conventional_hydroelectric_1_inlet,257,3.7527839999999997
CASO_conventional_hydroelectric_1_inlet,258,3.7527839999999997
CASO_conventional_hydroelectric_1_inlet,259,3.7527839999999997
CASO_conventional_hydroelectric_1_inlet,260,3.7527839999999997
CASO_conventional_hydroelectric_1_inlet,261,3.7527839999999997
CASO_conventional_hydroelectric_1_inlet,262,3.7527839999999997
CASO_conventional_hydroelectric_1_inlet,263,3.7527839999999997
CASO_conventional_hydroelectric_1_inlet,264,3.7527839999999997
CASO_conventional_hydroelectric_1_inlet,265,3.7527839999999997
CASO_conventional_hydroelectric_1_inlet,266,3.7527839999999997
CASO_conventional_hydroelectric_1_inlet,267,3.7527839999999997
CASO_conventional_hydroelectric_1_inlet,268,3.7527839999999997
CASO_conventional_hydroelectric_1_inlet,269,3.7527839999999997
CASO_conventional_hydroelectric_1_inlet,270,3.7527839999999997
CASO_conventional_hydroelectric_1_inlet,271,3.7527839999999997
CASO_conventional_hydroelectric_1_inlet,272,3.7527839999999997
CASO_conventional_hydroelectric_1_inlet,273,3.7527839999999997
CASO_conventional_hydroelectric_1_inlet,274,3.7527839999999997
CASO_conventional_hydroelectric_1_inlet,275,3.7527839999999997
CASO_conventional_hydroelectric_1_inlet,276,3.7527839999999997
CASO_conventional_hydroelectric_1_inlet,277,3.7527839999999997
CASO_conventional_hydroelectric_1_inlet,278,3.7527839999999997
CASO_conventional_hydroelectric_1_inlet,279,3.7527839999999997
CASO_conventional_hydroelectric_1_inlet,280,3.7527839999999997
CASO_conventional_hydroelectric_1_inlet,281,3.7527839999999997
CASO_conventional_hydroelectric_1_inlet,282,3.7527839999999997
CASO_conventional_hydroelectric_1_inlet,283,3.7527839999999997
CASO_conventional_hydroelectric_1_inlet,284,3.7527839999999997
CASO_conventional_hydroelectric_1_inlet,285,3.7527839999999997
CASO_conventional_hydroelectric_1_inlet,286,3.7527839999999997
CASO_conventional_hydroelectric_1_inlet,287,3.7527839999999997
CASO_conventional_hydroelectric_1_inlet,288,3.7527839999999997
CASO_conventional_hydroelectric_1_inlet,289,3.7527839999999997
CASO_conventional_hydroelectric_1_inlet,290,3.7527839999999997
CASO_conventional_hydroelectric_1_inlet,291,3.7527839999999997
CASO_conventional_hydroelectric_1_inlet,292,3.7527839999999997
CASO_conventional_hydroelectric_1_inlet,293,3.118223754121603
CASO_conventional_hydroelectric_1_inlet,294,3.7527839999999997
CASO_conventional_hydroelectric_1_inlet,295,3.7527839999999997
CASO_conventional_hydroelectric_1_inlet,296,3.7527839999999997
CASO_conventional_hydroelectric_1_inlet,297,3.7527839999999997
CASO_conventional_hydroelectric_1_inlet,298,3.7527839999999997
CASO_conventional_hydroelectric_1_inlet,299,3.7527839999999997
CASO_conventional_hydroelectric_1_inlet,300,3.7527839999999997
CASO_conventional_hydroelectric_1_inlet,301,3.7527839999999997
CASO_conventional_hydroelectric_1_inlet,302,3.7527839999999997
CASO_conventional_hydroelectric_1_inlet,303,3.7527839999999997
CASO_conventional_hydroelectric_1_inlet,304,3.7527839999999997
CASO_conventional_hydroelectric_1_inlet,305,3.7527839999999997
CASO_conventional_hydroelectric_1_inlet,306,3.7527839999999997
CASO_conventional_hydroelectric_1_inlet,307,3.7527839999999997
CASO_conventional_hydroelectric_1_inlet,308,3.7527839999999997
CASO_conventional_hydroelectric_1_inlet,309,3.7527839999999997
CASO_conventional_hydroelectric_1_inlet,310,3.7527839999999997
CASO_conventional_hydroelectric_1_inlet,311,3.7527839999999997
CASO_conventional_hydroelectric_1_inlet,312,3.7527839999999997
CASO_conventional_hydroelectric_1_inlet,313,1.4360070293145122
CASO_conventional_hydroelectric_1_inlet,314,1.436007029314513
CASO_conventional_hydroelectric_1_inlet,315,3.7527839999999997
CASO_conventional_hydroelectric_1_inlet,316,3.7527839999999997
CASO_conventional_hydroelectric_1_inlet,317,3.7527839999999997
CASO_conventional_hydroelectric_1_inlet,318,3.7527839999999997
CASO_conventional_hydroelectric_1_inlet,319,3.7527839999999997
CASO_conventional_hydroelectric_1_inlet,320,3.7527839999999997
CASO_conventional_hydroelectric_1_inlet,321,3.7527839999999997
CASO_conventional_hydroelectric_1_inlet,322,3.7527839999999997
CASO_conventional_hydroelectric_1_inlet,323,3.7527839999999997
CASO_conventional_hydroelectric_1_inlet,324,3.7527839999999997
CASO_conventional_hydroelectric_1_inlet,325,3.7527839999999997
CASO_conventional_hydroelectric_1_inlet,326,3.7527839999999997
CASO_conventional_hydroelectric_1_inlet,327,3.7527839999999997
CASO_conventional_hydroelectric_1_inlet,328,3.7527839999999997
CASO_conventional_hydroelectric_1_inlet,329,2.332738639377914
CASO_conventional_hydroelectric_1_inlet,330,2.3328110664164283
CASO_conventional_hydroelectric_1_inlet,331,2.3331198123073063
CASO_conventional_hydroelectric_1_inlet,332,2.333192239345821
CASO_conventional_hydroelectric_1_inlet,333,2.3332617191196383
CASO_conventional_hydroelectric_1_inlet,334,2.806528565568324
CASO_conventional_hydroelectric_1_inlet,335,2.6670176098985356
CASO_conventional_hydroelectric_1_inlet,336,3.7527839999999997
CASO_conventional_hydroelectric_1_inlet,337,2.8589955722729203
CASO_conventional_hydroelectric_1_inlet,338,2.858683879117347
CASO_conventional_hydroelectric_1_inlet,339,3.7527839999999997
CASO_conventional_hydroelectric_1_inlet,340,3.7527839999999997
CASO_conventional_hydroelectric_1_inlet,341,2.1622462163307006
CASO_conventional_hydroelectric_1_inlet,342,3.7527839999999997
CASO_conventional_hydroelectric_1_inlet,343,3.7527839999999997
CASO_conventional_hydroelectric_1_inlet,344,3.7527839999999997
CASO_conventional_hydroelectric_1_inlet,345,3.7527839999999997
CASO_conventional_hydroelectric_1_inlet,346,3.7527839999999997
CASO_conventional_hydroelectric_1_inlet,347,3.7527839999999997
CASO_conventional_hydroelectric_1_inlet,348,3.7527839999999997
CASO_conventional_hydroelectric_1_inlet,349,3.7527839999999997
CASO_conventional_hydroelectric_1_inlet,350,3.7527839999999997
CASO_conventional_hydroelectric_1_inlet,351,3.7527839999999997
CASO_conventional_hydroelectric_1_inlet,352,3.7527839999999997
CASO_conventional_hydroelectric_1_inlet,353,3.7527839999999997
CASO_conventional_hydroelectric_1_inlet,354,3.7527839999999997
CASO_conventional_hydroelectric_1_inlet,355,3.7527839999999997
CASO_conventional_hydroelectric_1_inlet,356,3.7527839999999997
CASO_conventional_hydroelectric_1_inlet,357,3.7527839999999997
CASO_conventional_hydroelectric_1_inlet,358,3.7527839999999997
CASO_conventional_hydroelectric_1_inlet,359,3.7527839999999997
CASO_conventional_hydroelectric_1_inlet,360,3.7527839999999997
CASO_conventional_hydroelectric_1_inlet,361,0.499379292756104
CASO_conventional_hydroelectric_1_inlet,362,2.1470533809699823
CASO_conventional_hydroelectric_1_inlet,363,2.9878945920404987
CASO_conventional_hydroelectric_1_inlet,364,3.7527839999999997
CASO_conventional_hydroelectric_1_inlet,365,2.3000388769711644
CASO_conventional_hydroelectric_1_inlet,366,3.7527839999999997
CASO_conventional_hydroelectric_1_inlet,367,3.2012776440719257
CASO_conventional_hydroelectric_1_inlet,368,3.7527839999999997
CASO_conventional_hydroelectric_1_inlet,369,3.7527839999999997
CASO_conventional_hydroelectric_1_inlet,370,3.7527839999999997
CASO_conventional_hydroelectric_1_inlet,371,3.7527839999999997
CASO_conventional_hydroelectric_1_inlet,372,3.7527839999999997
CASO_conventional_hydroelectric_1_inlet,373,3.7527839999999997
CASO_conventional_hydroelectric_1_inlet,374,2.845002659887415
CASO_conventional_hydroelectric_1_inlet,375,3.02395837012892
CASO_conventional_hydroelectric_1_inlet,376,3.7527839999999997
CASO_conventional_hydroelectric_1_inlet,377,3.7527839999999997
CASO_conventional_hydroelectric_1_inlet,378,3.7527839999999997
CASO_conventional_hydroelectric_1_inlet,379,3.7527839999999997
CASO_conventional_hydroelectric_1_inlet,380,3.7527839999999997
CASO_conventional_hydroelectric_1_inlet,381,2.2926382953189917
CASO_conventional_hydroelectric_1_inlet,382,2.2920991251051412
CASO_conventional_hydroelectric_1_inlet,383,1.3892537529666218
CASO_conventional_hydroelectric_1_inlet,384,3.7527839999999997
CASO_conventional_hydroelectric_1_inlet,385,1.9499677349295397
CASO_conventional_hydroelectric_1_inlet,386,0.0
CASO_conventional_hydroelectric_1_inlet,387,0.6867773746416341
CASO_conventional_hydroelectric_1_inlet,388,1.452205952814986
CASO_conventional_hydroelectric_1_inlet,389,0.0
CASO_conventional_hydroelectric_1_inlet,390,1.7305045962639733
CASO_conventional_hydroelectric_1_inlet,391,0.902008361637582
CASO_conventional_hydroelectric_1_inlet,392,1.4540538877795062
CASO_conventional_hydroelectric_1_inlet,393,3.7527839999999997
CASO_conventional_hydroelectric_1_inlet,394,3.7527839999999997
CASO_conventional_hydroelectric_1_inlet,395,1.455365599794873
CASO_conventional_hydroelectric_1_inlet,396,1.4559047700087233
CASO_conventional_hydroelectric_1_inlet,397,1.4564439402225724
CASO_conventional_hydroelectric_1_inlet,398,0.549201770323839
CASO_conventional_hydroelectric_1_inlet,399,0.7286966507791925
CASO_conventional_hydroelectric_1_inlet,400,1.4577556522379413
CASO_conventional_hydroelectric_1_inlet,401,1.45829482245179
CASO_conventional_hydroelectric_1_inlet,402,1.4588339926656404
CASO_conventional_hydroelectric_1_inlet,403,3.7527839999999997
CASO_conventional_hydroelectric_1_inlet,404,1.4599123330933403
CASO_conventional_hydroelectric_1_inlet,405,0.0
CASO_conventional_hydroelectric_1_inlet,406,0.0
CASO_conventional_hydroelectric_1_inlet,407,0.0
CASO_conventional_hydroelectric_1_inlet,408,1.4617632153225575
CASO_conventional_hydroelectric_1_inlet,409,0.0
CASO_conventional_hydroelectric_1_inlet,410,0.0
CASO_conventional_hydroelectric_1_inlet,411,2.2075652608956005
CASO_conventional_hydroelectric_1_inlet,412,1.9391675059056352
CASO_conventional_hydroelectric_1_inlet,413,0.0
CASO_conventional_hydroelectric_1_inlet,414,0.0
CASO_conventional_hydroelectric_1_inlet,415,1.3136351648340474
CASO_conventional_hydroelectric_1_inlet,416,0.0
CASO_conventional_hydroelectric_1_inlet,417,3.7527839999999997
CASO_conventional_hydroelectric_1_inlet,418,3.7169206476511314
CASO_conventional_hydroelectric_1_inlet,419,0.0
CASO_conventional_hydroelectric_1_inlet,420,0.0
CASO_conventional_hydroelectric_1_inlet,421,1.9390190936941407
CASO_conventional_hydroelectric_1_inlet,422,0.0
CASO_conventional_hydroelectric_1_inlet,423,0.0
CASO_conventional_hydroelectric_1_inlet,424,0.0
CASO_conventional_hydroelectric_1_inlet,425,0.0
CASO_conventional_hydroelectric_1_inlet,426,0.0
CASO_conventional_hydroelectric_1_inlet,427,1.5284942665323207
CASO_conventional_hydroelectric_1_inlet,428,0.0
CASO_conventional_hydroelectric_1_inlet,429,0.0
CASO_conventional_hydroelectric_1_inlet,430,1.5298059785476892
CASO_conventional_hydroelectric_1_inlet,431,0.0
CASO_conventional_hydroelectric_1_inlet,432,0.0
CASO_conventional_hydroelectric_1_inlet,433,0.0
CASO_conventional_hydroelectric_1_inlet,434,0.0
CASO_conventional_hydroelectric_1_inlet,435,3.7527839999999997
CASO_conventional_hydroelectric_1_inlet,436,0.0
CASO_conventional_hydroelectric_1_inlet,437,0.0
CASO_conventional_hydroelectric_1_inlet,438,0.0
CASO_conventional_hydroelectric_1_inlet,439,1.9199102340592333
CASO_conventional_hydroelectric_1_inlet,440,0.0
CASO_conventional_hydroelectric_1_inlet,441,1.545218739104398
CASO_conventional_hydroelectric_1_inlet,442,1.5093553867555312
CASO_conventional_hydroelectric_1_inlet,443,1.545218739104399
CASO_conventional_hydroelectric_1_inlet,444,1.545218739104399
CASO_conventional_hydroelectric_1_inlet,445,2.5063744173848845
CASO_conventional_hydroelectric_1_inlet,446,0.0
CASO_conventional_hydroelectric_1_inlet,447,0.0
CASO_conventional_hydroelectric_1_inlet,448,0.0
CASO_conventional_hydroelectric_1_inlet,449,0.0
CASO_conventional_hydroelectric_1_inlet,450,0.0
CASO_conventional_hydroelectric_1_inlet,451,0.9370851849885092
CASO_conventional_hydroelectric_1_inlet,452,0.0
CASO_conventional_hydroelectric_1_inlet,453,0.0
CASO_conventional_hydroelectric_1_inlet,454,0.0
CASO_conventional_hydroelectric_1_inlet,455,0.0
CASO_conventional_hydroelectric_1_inlet,456,0.0
CASO_conventional_hydroelectric_1_inlet,457,0.0
CASO_conventional_hydroelectric_1_inlet,458,0.0
CASO_conventional_hydroelectric_1_inlet,459,3.7527839999999997
CASO_conventional_hydroelectric_1_inlet,460,0.9209063695084745
CASO_conventional_hydroelectric_1_inlet,461,0.9186238723128682
CASO_conventional_hydroelectric_1_inlet,462,0.0
CASO_conventional_hydroelectric_1_inlet,463,2.8343414431161924
CASO_conventional_hydroelectric_1_inlet,464,0.9122152443704751
CASO_conventional_hydroelectric_1_inlet,465,2.455151486279267
CASO_conventional_hydroelectric_1_inlet,466,2.4170721692439154
CASO_conventional_hydroelectric_1_inlet,467,2.4509588230233588
CASO_conventional_hydroelectric_1_inlet,468,2.4487428583368747
CASO_conventional_hydroelectric_1_inlet,469,3.407616039421754
CASO_conventional_hydroelectric_1_inlet,470,0.8990256573503848
CASO_conventional_hydroelectric_1_inlet,471,0.8968096926639003
CASO_conventional_hydroelectric_1_inlet,472,0.894832994094476
CASO_conventional_hydroelectric_1_inlet,473,0.8926170294079917
CASO_conventional_hydroelectric_1_inlet,474,0.0
CASO_conventional_hydroelectric_1_inlet,475,0.0
CASO_conventional_hydroelectric_1_inlet,476,0.0
CASO_conventional_hydroelectric_1_inlet,477,0.0
CASO_conventional_hydroelectric_1_inlet,478,0.0
CASO_conventional_hydroelectric_1_inlet,479,0.8794274423879014
CASO_conventional_hydroelectric_1_inlet,480,0.877144945192295
CASO_conventional_hydroelectric_1_inlet,481,0.7463631211326083
CASO_conventional_hydroelectric_1_inlet,482,0.7463631211326083
CASO_conventional_hydroelectric_1_inlet,483,3.7527839999999997
CASO_conventional_hydroelectric_1_inlet,484,1.6672694906410828
CASO_conventional_hydroelectric_1_inlet,485,1.6649869934454766
CASO_conventional_hydroelectric_1_inlet,486,0.7463631211326083
CASO_conventional_hydroelectric_1_inlet,487,3.580704564248801
CASO_conventional_hydroelectric_1_inlet,488,1.6585783655030832
CASO_conventional_hydroelectric_1_inlet,489,3.201514607411875
CASO_conventional_hydroelectric_1_inlet,490,3.1634352903765235
CASO_conventional_hydroelectric_1_inlet,491,3.1973219441559673
CASO_conventional_hydroelectric_1_inlet,492,3.1951059794694827
CASO_conventional_hydroelectric_1_inlet,493,3.1634352903765235
CASO_conventional_hydroelectric_1_inlet,494,1.172626824177706
CASO_conventional_hydroelectric_1_inlet,495,1.6431728137965087
CASO_conventional_hydroelectric_1_inlet,496,1.6411961152270844
CASO_conventional_hydroelectric_1_inlet,497,1.6389801505405999
CASO_conventional_hydroelectric_1_inlet,498,0.7463631211326083
CASO_conventional_hydroelectric_1_inlet,499,0.0
CASO_conventional_hydroelectric_1_inlet,500,0.0
CASO_conventional_hydroelectric_1_inlet,501,0.7463631211326083
CASO_conventional_hydroelectric_1_inlet,502,0.7463631211326083
CASO_conventional_hydroelectric_1_inlet,503,1.6257905635205097
CASO_conventional_hydroelectric_1_inlet,504,1.6235080663249033
CASO_conventional_hydroelectric_1_inlet,505,1.335711830756084
CASO_conventional_hydroelectric_1_inlet,506,1.253132646142534
CASO_conventional_hydroelectric_1_inlet,507,3.7527839999999997
CASO_conventional_hydroelectric_1_inlet,508,2.2566182002645587
CASO_conventional_hydroelectric_1_inlet,509,2.237366402432198
CASO_conventional_hydroelectric_1_inlet,510,1.335711830756084
CASO_conventional_hydroelectric_1_inlet,511,3.7527839999999997
CASO_conventional_hydroelectric_1_inlet,512,2.2479270751265585
CASO_conventional_hydroelectric_1_inlet,513,3.7527839999999997
CASO_conventional_hydroelectric_1_inlet,514,3.7527839999999997
CASO_conventional_hydroelectric_1_inlet,515,3.7527839999999997
CASO_conventional_hydroelectric_1_inlet,516,3.7527839999999997
CASO_conventional_hydroelectric_1_inlet,517,3.7527839999999997
CASO_conventional_hydroelectric_1_inlet,518,1.7619755338011815
CASO_conventional_hydroelectric_1_inlet,519,2.2325215234199844
CASO_conventional_hydroelectric_1_inlet,520,2.2305448248505604
CASO_conventional_hydroelectric_1_inlet,521,1.5133469901547154
CASO_conventional_hydroelectric_1_inlet,522,1.335711830756084
CASO_conventional_hydroelectric_1_inlet,523,0.0
CASO_conventional_hydroelectric_1_inlet,524,0.5893487096234756
CASO_conventional_hydroelectric_1_inlet,525,1.335711830756084
CASO_conventional_hydroelectric_1_inlet,526,1.335711830756084
CASO_conventional_hydroelectric_1_inlet,527,2.2151392731439854
CASO_conventional_hydroelectric_1_inlet,528,2.2128567759483793
CASO_conventional_hydroelectric_1_inlet,529,1.988808959716763
CASO_conventional_hydroelectric_1_inlet,530,1.906610948032606
CASO_conventional_hydroelectric_1_inlet,531,3.7527839999999997
CASO_conventional_hydroelectric_1_inlet,532,2.9111587521102047
CASO_conventional_hydroelectric_1_inlet,533,2.8922881272072365
CASO_conventional_hydroelectric_1_inlet,534,1.9910117811958188
CASO_conventional_hydroelectric_1_inlet,535,3.7527839999999997
CASO_conventional_hydroelectric_1_inlet,536,2.9043587552956858
CASO_conventional_hydroelectric_1_inlet,537,3.7527839999999997
CASO_conventional_hydroelectric_1_inlet,538,3.7527839999999997
CASO_conventional_hydroelectric_1_inlet,539,3.7527839999999997
CASO_conventional_hydroelectric_1_inlet,540,3.7527839999999997
CASO_conventional_hydroelectric_1_inlet,541,3.7527839999999997
CASO_conventional_hydroelectric_1_inlet,542,2.421054793623182
CASO_conventional_hydroelectric_1_inlet,543,2.891981956171377
CASO_conventional_hydroelectric_1_inlet,544,2.8903834832666493
CASO_conventional_hydroelectric_1_inlet,545,2.173872620126379
CASO_conventional_hydroelectric_1_inlet,546,1.9966156863924436
CASO_conventional_hydroelectric_1_inlet,547,0.0
CASO_conventional_hydroelectric_1_inlet,548,0.0
CASO_conventional_hydroelectric_1_inlet,549,1.9978198431603504
CASO_conventional_hydroelectric_1_inlet,550,1.9985068147159248
CASO_conventional_hydroelectric_1_inlet,551,2.2929696634578076
CASO_conventional_hydroelectric_1_inlet,552,2.8764082112376124
CASO_conventional_hydroelectric_1_inlet,553,2.745719564553017
CASO_conventional_hydroelectric_1_inlet,554,0.9143565656580518
CASO_conventional_hydroelectric_1_inlet,555,2.394107222128734
CASO_conventional_hydroelectric_1_inlet,556,2.8978563870563065
CASO_conventional_hydroelectric_1_inlet,557,3.041658017124118
CASO_conventional_hydroelectric_1_inlet,558,2.7479223860320725
CASO_conventional_hydroelectric_1_inlet,559,2.4177009738644304
CASO_conventional_hydroelectric_1_inlet,560,3.0352498863195994
CASO_conventional_hydroelectric_1_inlet,561,3.7527839999999997
CASO_conventional_hydroelectric_1_inlet,562,2.4990775741880173
CASO_conventional_hydroelectric_1_inlet,563,0.7569106048362529
CASO_conventional_hydroelectric_1_inlet,564,2.4022658880542527
CASO_conventional_hydroelectric_1_inlet,565,1.8582922500820802
CASO_conventional_hydroelectric_1_inlet,566,2.403993124563884
CASO_conventional_hydroelectric_1_inlet,567,2.1122025972795986
CASO_conventional_hydroelectric_1_inlet,568,0.0
CASO_conventional_hydroelectric_1_inlet,569,1.8626700135092815
CASO_conventional_hydroelectric_1_inlet,570,1.8638771175418827
CASO_conventional_hydroelectric_1_inlet,571,0.7569106048362536
CASO_conventional_hydroelectric_1_inlet,572,0.7569106048362536
CASO_conventional_hydroelectric_1_inlet,573,2.133327786052097
CASO_conventional_hydroelectric_1_inlet,574,1.6639886316713506
CASO_conventional_hydroelectric_1_inlet,575,3.0498802682940616
CASO_conventional_hydroelectric_1_inlet,576,3.633318816073866
FRCC_conventional_hydroelectric_1_inlet,1,0.15973199999999999
FRCC_conventional_hydroelectric_1_inlet,2,0.15973199999999999
FRCC_conventional_hydroelectric_1_inlet,3,0.15973199999999999
FRCC_conventional_hydroelectric_1_inlet,4,0.024790406399999982
FRCC_conventional_hydroelectric_1_inlet,5,0.15973199999999999
FRCC_conventional_hydroelectric_1_inlet,6,0.09345919319999998
FRCC_conventional_hydroelectric_1_inlet,7,0.024710540399999995
FRCC_conventional_hydroelectric_1_inlet,8,0.15973199999999999
FRCC_conventional_hydroelectric_1_inlet,9,0.15973199999999999
FRCC_conventional_hydroelectric_1_inlet,10,0.15973199999999999
FRCC_conventional_hydroelectric_1_inlet,11,0.15973199999999999
FRCC_conventional_hydroelectric_1_inlet,12,0.15973199999999999
FRCC_conventional_hydroelectric_1_inlet,13,0.15973199999999999
FRCC_conventional_hydroelectric_1_inlet,14,0.09266053319999999
FRCC_conventional_hydroelectric_1_inlet,15,0.15973199999999999
FRCC_conventional_hydroelectric_1_inlet,16,0.15973199999999999
FRCC_conventional_hydroelectric_1_inlet,17,0.15973199999999999
FRCC_conventional_hydroelectric_1_inlet,18,0.15973199999999999
FRCC_conventional_hydroelectric_1_inlet,19,0.09218133719999999
FRCC_conventional_hydroelectric_1_inlet,20,0.1293190272
FRCC_conventional_hydroelectric_1_inlet,21,0.1292870808
FRCC_conventional_hydroelectric_1_inlet,22,0.1292711076
FRCC_conventional_hydroelectric_1_inlet,23,0.15973199999999999
FRCC_conventional_hydroelectric_1_inlet,24,0.15973199999999999
FRCC_conventional_hydroelectric_1_inlet,25,0.15973199999999999
FRCC_conventional_hydroelectric_1_inlet,26,0.15973199999999999
FRCC_conventional_hydroelectric_1_inlet,27,0.15973199999999999
FRCC_conventional_hydroelectric_1_inlet,28,0.09087153479999999
FRCC_conventional_hydroelectric_1_inlet,29,0.15973199999999999
FRCC_conventional_hydroelectric_1_inlet,30,0.15973199999999999
FRCC_conventional_hydroelectric_1_inlet,31,0.09107918639999998
FRCC_conventional_hydroelectric_1_inlet,32,0.15973199999999999
FRCC_conventional_hydroelectric_1_inlet,33,0.15973199999999999
FRCC_conventional_hydroelectric_1_inlet,34,0.15973199999999999
FRCC_conventional_hydroelectric_1_inlet,35,0.15973199999999999
FRCC_conventional_hydroelectric_1_inlet,36,0.15973199999999999
FRCC_conventional_hydroelectric_1_inlet,37,0.09147851639999999
FRCC_conventional_hydroelectric_1_inlet,38,0.15973199999999999
FRCC_conventional_hydroelectric_1_inlet,39,0.15973199999999999
FRCC_conventional_hydroelectric_1_inlet,40,0.15973199999999999
FRCC_conventional_hydroelectric_1_inlet,41,0.15973199999999999
FRCC_conventional_hydroelectric_1_inlet,42,0.0674548236
FRCC_conventional_hydroelectric_1_inlet,43,0.0
FRCC_conventional_hydroelectric_1_inlet,44,0.037249502399999995
FRCC_conventional_hydroelectric_1_inlet,45,0.0373133952
FRCC_conventional_hydroelectric_1_inlet,46,0.0373932612
FRCC_conventional_hydroelectric_1_inlet,47,0.06794999280000001
FRCC_conventional_hydroelectric_1_inlet,48,0.068045832
FRCC_conventional_hydroelectric_1_inlet,49,0.15973199999999999
FRCC_conventional_hydroelectric_1_inlet,50,0.15973199999999999
FRCC_conventional_hydroelectric_1_inlet,51,0.15973199999999999
FRCC_conventional_hydroelectric_1_inlet,52,0.15973199999999999
FRCC_conventional_hydroelectric_1_inlet,53,0.15973199999999999
FRCC_conventional_hydroelectric_1_inlet,54,0.15973199999999999
FRCC_conventional_hydroelectric_1_inlet,55,0.15973199999999999
FRCC_conventional_hydroelectric_1_inlet,56,0.15973199999999999
FRCC_conventional_hydroelectric_1_inlet,57,0.15973199999999999
FRCC_conventional_hydroelectric_1_inlet,58,0.15973199999999999
FRCC_conventional_hydroelectric_1_inlet,59,0.15973199999999999
FRCC_conventional_hydroelectric_1_inlet,60,0.15973199999999999
FRCC_conventional_hydroelectric_1_inlet,61,0.15973199999999999
FRCC_conventional_hydroelectric_1_inlet,62,0.15973199999999999
FRCC_conventional_hydroelectric_1_inlet,63,0.15973199999999999
FRCC_conventional_hydroelectric_1_inlet,64,0.15973199999999999
FRCC_conventional_hydroelectric_1_inlet,65,0.15973199999999999
FRCC_conventional_hydroelectric_1_inlet,66,0.13537287000000003
FRCC_conventional_hydroelectric_1_inlet,67,0.06785415360000001
FRCC_conventional_hydroelectric_1_inlet,68,0.1050397632
FRCC_conventional_hydroelectric_1_inlet,69,0.1050397632
FRCC_conventional_hydroelectric_1_inlet,70,0.1050397632
FRCC_conventional_hydroelectric_1_inlet,71,0.135532602
FRCC_conventional_hydroelectric_1_inlet,72,0.1355645484
FRCC_conventional_hydroelectric_1_inlet,73,0.15973199999999999
FRCC_conventional_hydroelectric_1_inlet,74,0.15973199999999999
FRCC_conventional_hydroelectric_1_inlet,75,0.15973199999999999
FRCC_conventional_hydroelectric_1_inlet,76,0.054692236799999995
FRCC_conventional_hydroelectric_1_inlet,77,0.054692236799999995
FRCC_conventional_hydroelectric_1_inlet,78,0.054692236799999995
FRCC_conventional_hydroelectric_1_inlet,79,0.054692236799999995
FRCC_conventional_hydroelectric_1_inlet,80,0.054692236799999995
FRCC_conventional_hydroelectric_1_inlet,81,0.15973199999999999
FRCC_conventional_hydroelectric_1_inlet,82,0.15973199999999999
FRCC_conventional_hydroelectric_1_inlet,83,0.15973199999999999
FRCC_conventional_hydroelectric_1_inlet,84,0.15973199999999999
FRCC_conventional_hydroelectric_1_inlet,85,0.15973199999999999
FRCC_conventional_hydroelectric_1_inlet,86,0.15973199999999999
FRCC_conventional_hydroelectric_1_inlet,87,0.15973199999999999
FRCC_conventional_hydroelectric_1_inlet,88,0.15973199999999999
FRCC_conventional_hydroelectric_1_inlet,89,0.15973199999999999
FRCC_conventional_hydroelectric_1_inlet,90,0.15973199999999999
FRCC_conventional_hydroelectric_1_inlet,91,0.1225463904
FRCC_conventional_hydroelectric_1_inlet,92,0.15973199999999999
FRCC_conventional_hydroelectric_1_inlet,93,0.15973199999999999
FRCC_conventional_hydroelectric_1_inlet,94,0.15973199999999999
FRCC_conventional_hydroelectric_1_inlet,95,0.15973199999999999
FRCC_conventional_hydroelectric_1_inlet,96,0.15973199999999999
FRCC_conventional_hydroelectric_1_inlet,97,0.15973199999999999
FRCC_conventional_hydroelectric_1_inlet,98,0.15973199999999999
FRCC_conventional_hydroelectric_1_inlet,99,0.15973199999999999
FRCC_conventional_hydroelectric_1_inlet,100,0.10938447359999999
FRCC_conventional_hydroelectric_1_inlet,101,0.10938447359999999
FRCC_conventional_hydroelectric_1_inlet,102,0.10938447359999999
FRCC_conventional_hydroelectric_1_inlet,103,0.10160552519999999
FRCC_conventional_hydroelectric_1_inlet,104,0.10938447359999999
FRCC_conventional_hydroelectric_1_inlet,105,0.15973199999999999
FRCC_conventional_hydroelectric_1_inlet,106,0.15973199999999999
FRCC_conventional_hydroelectric_1_inlet,107,0.15973199999999999
FRCC_conventional_hydroelectric_1_inlet,108,0.15973199999999999
FRCC_conventional_hydroelectric_1_inlet,109,0.15973199999999999
FRCC_conventional_hydroelectric_1_inlet,110,0.15973199999999999
FRCC_conventional_hydroelectric_1_inlet,111,0.15973199999999999
FRCC_conventional_hydroelectric_1_inlet,112,0.15973199999999999
FRCC_conventional_hydroelectric_1_inlet,113,0.15973199999999999
FRCC_conventional_hydroelectric_1_inlet,114,0.15973199999999999
FRCC_conventional_hydroelectric_1_inlet,115,0.10147773959999999
FRCC_conventional_hydroelectric_1_inlet,116,0.15973199999999999
FRCC_conventional_hydroelectric_1_inlet,117,0.15973199999999999
FRCC_conventional_hydroelectric_1_inlet,118,0.15973199999999999
FRCC_conventional_hydroelectric_1_inlet,119,0.15973199999999999
FRCC_conventional_hydroelectric_1_inlet,120,0.15973199999999999
FRCC_conventional_hydroelectric_1_inlet,121,0.15973199999999999
FRCC_conventional_hydroelectric_1_inlet,122,0.15973199999999999
FRCC_conventional_hydroelectric_1_inlet,123,0.15973199999999999
FRCC_conventional_hydroelectric_1_inlet,124,0.15973199999999999
FRCC_conventional_hydroelectric_1_inlet,125,0.15973199999999999
FRCC_conventional_hydroelectric_1_inlet,126,0.15973199999999999
FRCC_conventional_hydroelectric_1_inlet,127,0.15973199999999999
FRCC_conventional_hydroelectric_1_inlet,128,0.15973199999999999
FRCC_conventional_hydroelectric_1_inlet,129,0.15973199999999999
FRCC_conventional_hydroelectric_1_inlet,130,0.15973199999999999
FRCC_conventional_hydroelectric_1_inlet,131,0.15973199999999999
FRCC_conventional_hydroelectric_1_inlet,132,0.15973199999999999
FRCC_conventional_hydroelectric_1_inlet,133,0.15973199999999999
FRCC_conventional_hydroelectric_1_inlet,134,0.15973199999999999
FRCC_conventional_hydroelectric_1_inlet,135,0.15973199999999999
FRCC_conventional_hydroelectric_1_inlet,136,0.15973199999999999
FRCC_conventional_hydroelectric_1_inlet,137,0.15973199999999999
FRCC_conventional_hydroelectric_1_inlet,138,0.15973199999999999
FRCC_conventional_hydroelectric_1_inlet,139,0.15973199999999999
FRCC_conventional_hydroelectric_1_inlet,140,0.15973199999999999
FRCC_conventional_hydroelectric_1_inlet,141,0.15973199999999999
FRCC_conventional_hydroelectric_1_inlet,142,0.15973199999999999
FRCC_conventional_hydroelectric_1_inlet,143,0.15973199999999999
FRCC_conventional_hydroelectric_1_inlet,144,0.15973199999999999
FRCC_conventional_hydroelectric_1_inlet,145,0.15973199999999999
FRCC_conventional_hydroelectric_1_inlet,146,0.15973199999999999
FRCC_conventional_hydroelectric_1_inlet,147,0.15973199999999999
FRCC_conventional_hydroelectric_1_inlet,148,0.0587174832
FRCC_conventional_hydroelectric_1_inlet,149,0.15973199999999999
FRCC_conventional_hydroelectric_1_inlet,150,0.15973199999999999
FRCC_conventional_hydroelectric_1_inlet,151,0.15973199999999999
FRCC_conventional_hydroelectric_1_inlet,152,0.15973199999999999
FRCC_conventional_hydroelectric_1_inlet,153,0.15973199999999999
FRCC_conventional_hydroelectric_1_inlet,154,0.15973199999999999
FRCC_conventional_hydroelectric_1_inlet,155,0.15973199999999999
FRCC_conventional_hydroelectric_1_inlet,156,0.15973199999999999
FRCC_conventional_hydroelectric_1_inlet,157,0.15973199999999999
FRCC_conventional_hydroelectric_1_inlet,158,0.15973199999999999
FRCC_conventional_hydroelectric_1_inlet,159,0.15973199999999999
FRCC_conventional_hydroelectric_1_inlet,160,0.15973199999999999
FRCC_conventional_hydroelectric_1_inlet,161,0.15973199999999999
FRCC_conventional_hydroelectric_1_inlet,162,0.15973199999999999
FRCC_conventional_hydroelectric_1_inlet,163,0.15973199999999999
FRCC_conventional_hydroelectric_1_inlet,164,0.15973199999999999
FRCC_conventional_hydroelectric_1_inlet,165,0.15973199999999999
FRCC_conventional_hydroelectric_1_inlet,166,0.15973199999999999
FRCC_conventional_hydroelectric_1_inlet,167,0.15973199999999999
FRCC_conventional_hydroelectric_1_inlet,168,0.15973199999999999
FRCC_conventional_hydroelectric_1_inlet,169,0.15973199999999999
FRCC_conventional_hydroelectric_1_inlet,170,0.15973199999999999
FRCC_conventional_hydroelectric_1_inlet,171,0.15973199999999999
FRCC_conventional_hydroelectric_1_inlet,172,0.10786701959999999
FRCC_conventional_hydroelectric_1_inlet,173,0.15973199999999999
FRCC_conventional_hydroelectric_1_inlet,174,0.15973199999999999
FRCC_conventional_hydroelectric_1_inlet,175,0.04902175080000001
FRCC_conventional_hydroelectric_1_inlet,176,0.15973199999999999
FRCC_conventional_hydroelectric_1_inlet,177,0.15973199999999999
FRCC_conventional_hydroelectric_1_inlet,178,0.15973199999999999
FRCC_conventional_hydroelectric_1_inlet,179,0.15973199999999999
FRCC_conventional_hydroelectric_1_inlet,180,0.15973199999999999
FRCC_conventional_hydroelectric_1_inlet,181,0.15973199999999999
FRCC_conventional_hydroelectric_1_inlet,182,0.15973199999999999
FRCC_conventional_hydroelectric_1_inlet,183,0.15973199999999999
FRCC_conventional_hydroelectric_1_inlet,184,0.048670340400000005
FRCC_conventional_hydroelectric_1_inlet,185,0.048638394
FRCC_conventional_hydroelectric_1_inlet,186,0.04859047440000001
FRCC_conventional_hydroelectric_1_inlet,187,0.04855852800000001
FRCC_conventional_hydroelectric_1_inlet,188,0.0485106084
FRCC_conventional_hydroelectric_1_inlet,189,0.15973199999999999
FRCC_conventional_hydroelectric_1_inlet,190,0.15973199999999999
FRCC_conventional_hydroelectric_1_inlet,191,0.15973199999999999
FRCC_conventional_hydroelectric_1_inlet,192,0.15973199999999999
FRCC_conventional_hydroelectric_1_inlet,193,0.15973199999999999
FRCC_conventional_hydroelectric_1_inlet,194,0.15973199999999999
FRCC_conventional_hydroelectric_1_inlet,195,0.15973199999999999
FRCC_conventional_hydroelectric_1_inlet,196,0.15222459600000002
FRCC_conventional_hydroelectric_1_inlet,197,0.15973199999999999
FRCC_conventional_hydroelectric_1_inlet,198,0.15973199999999999
FRCC_conventional_hydroelectric_1_inlet,199,0.09337932720000001
FRCC_conventional_hydroelectric_1_inlet,200,0.15973199999999999
FRCC_conventional_hydroelectric_1_inlet,201,0.15973199999999999
FRCC_conventional_hydroelectric_1_inlet,202,0.15973199999999999
FRCC_conventional_hydroelectric_1_inlet,203,0.15973199999999999
FRCC_conventional_hydroelectric_1_inlet,204,0.15973199999999999
FRCC_conventional_hydroelectric_1_inlet,205,0.15973199999999999
FRCC_conventional_hydroelectric_1_inlet,206,0.15973199999999999
FRCC_conventional_hydroelectric_1_inlet,207,0.15973199999999999
FRCC_conventional_hydroelectric_1_inlet,208,0.09302791680000001
FRCC_conventional_hydroelectric_1_inlet,209,0.0929959704
FRCC_conventional_hydroelectric_1_inlet,210,0.09294805080000001
FRCC_conventional_hydroelectric_1_inlet,211,0.09291610440000002
FRCC_conventional_hydroelectric_1_inlet,212,0.0928681848
FRCC_conventional_hydroelectric_1_inlet,213,0.15973199999999999
FRCC_conventional_hydroelectric_1_inlet,214,0.15973199999999999
FRCC_conventional_hydroelectric_1_inlet,215,0.15973199999999999
FRCC_conventional_hydroelectric_1_inlet,216,0.15973199999999999
FRCC_conventional_hydroelectric_1_inlet,217,0.15973199999999999
FRCC_conventional_hydroelectric_1_inlet,218,0.15973199999999999
FRCC_conventional_hydroelectric_1_inlet,219,0.15973199999999999
FRCC_conventional_hydroelectric_1_inlet,220,0.05601801240000002
FRCC_conventional_hydroelectric_1_inlet,221,0.15973199999999999
FRCC_conventional_hydroelectric_1_inlet,222,0.15973199999999999
FRCC_conventional_hydroelectric_1_inlet,223,0.15690474360000004
FRCC_conventional_hydroelectric_1_inlet,224,0.15973199999999999
FRCC_conventional_hydroelectric_1_inlet,225,0.15973199999999999
FRCC_conventional_hydroelectric_1_inlet,226,0.15973199999999999
FRCC_conventional_hydroelectric_1_inlet,227,0.15973199999999999
FRCC_conventional_hydroelectric_1_inlet,228,0.15973199999999999
FRCC_conventional_hydroelectric_1_inlet,229,0.15973199999999999
FRCC_conventional_hydroelectric_1_inlet,230,0.15973199999999999
FRCC_conventional_hydroelectric_1_inlet,231,0.15973199999999999
FRCC_conventional_hydroelectric_1_inlet,232,0.1565533332
FRCC_conventional_hydroelectric_1_inlet,233,0.15652138680000002
FRCC_conventional_hydroelectric_1_inlet,234,0.15647346720000002
FRCC_conventional_hydroelectric_1_inlet,235,0.1564415208
FRCC_conventional_hydroelectric_1_inlet,236,0.1563936012
FRCC_conventional_hydroelectric_1_inlet,237,0.15973199999999999
FRCC_conventional_hydroelectric_1_inlet,238,0.105263388
FRCC_conventional_hydroelectric_1_inlet,239,0.15973199999999999
FRCC_conventional_hydroelectric_1_inlet,240,0.15973199999999999
FRCC_conventional_hydroelectric_1_inlet,241,0.15973199999999999
FRCC_conventional_hydroelectric_1_inlet,242,0.15973199999999999
FRCC_conventional_hydroelectric_1_inlet,243,0.15973199999999999
FRCC_conventional_hydroelectric_1_inlet,244,0.11147696280000002
FRCC_conventional_hydroelectric_1_inlet,245,0.15973199999999999
FRCC_conventional_hydroelectric_1_inlet,246,0.15973199999999999
FRCC_conventional_hydroelectric_1_inlet,247,0.052471962000000046
FRCC_conventional_hydroelectric_1_inlet,248,0.15973199999999999
FRCC_conventional_hydroelectric_1_inlet,249,0.15973199999999999
FRCC_conventional_hydroelectric_1_inlet,250,0.15973199999999999
FRCC_conventional_hydroelectric_1_inlet,251,0.15973199999999999
FRCC_conventional_hydroelectric_1_inlet,252,0.15973199999999999
FRCC_conventional_hydroelectric_1_inlet,253,0.15973199999999999
FRCC_conventional_hydroelectric_1_inlet,254,0.15973199999999999
FRCC_conventional_hydroelectric_1_inlet,255,0.15973199999999999
FRCC_conventional_hydroelectric_1_inlet,256,0.15973199999999999
FRCC_conventional_hydroelectric_1_inlet,257,0.15973199999999999
FRCC_conventional_hydroelectric_1_inlet,258,0.15973199999999999
FRCC_conventional_hydroelectric_1_inlet,259,0.15973199999999999
FRCC_conventional_hydroelectric_1_inlet,260,0.11617308359999999
FRCC_conventional_hydroelectric_1_inlet,261,0.15973199999999999
FRCC_conventional_hydroelectric_1_inlet,262,0.15973199999999999
FRCC_conventional_hydroelectric_1_inlet,263,0.15973199999999999
FRCC_conventional_hydroelectric_1_inlet,264,0.15973199999999999
FRCC_conventional_hydroelectric_1_inlet,265,0.15973199999999999
FRCC_conventional_hydroelectric_1_inlet,266,0.15973199999999999
FRCC_conventional_hydroelectric_1_inlet,267,0.15973199999999999
FRCC_conventional_hydroelectric_1_inlet,268,0.15503587920000003
FRCC_conventional_hydroelectric_1_inlet,269,0.15973199999999999
FRCC_conventional_hydroelectric_1_inlet,270,0.15973199999999999
FRCC_conventional_hydroelectric_1_inlet,271,0.09603087840000005
FRCC_conventional_hydroelectric_1_inlet,272,0.15973199999999999
FRCC_conventional_hydroelectric_1_inlet,273,0.15973199999999999
FRCC_conventional_hydroelectric_1_inlet,274,0.15973199999999999
FRCC_conventional_hydroelectric_1_inlet,275,0.12107685599999998
FRCC_conventional_hydroelectric_1_inlet,276,0.1211088024
FRCC_conventional_hydroelectric_1_inlet,277,0.12112477559999998
FRCC_conventional_hydroelectric_1_inlet,278,0.15973199999999999
FRCC_conventional_hydroelectric_1_inlet,279,0.15973199999999999
FRCC_conventional_hydroelectric_1_inlet,280,0.15973199999999999
FRCC_conventional_hydroelectric_1_inlet,281,0.15973199999999999
FRCC_conventional_hydroelectric_1_inlet,282,0.15973199999999999
FRCC_conventional_hydroelectric_1_inlet,283,0.15973199999999999
FRCC_conventional_hydroelectric_1_inlet,284,0.15973199999999999
FRCC_conventional_hydroelectric_1_inlet,285,0.15973199999999999
FRCC_conventional_hydroelectric_1_inlet,286,0.15973199999999999
FRCC_conventional_hydroelectric_1_inlet,287,0.15973199999999999
FRCC_conventional_hydroelectric_1_inlet,288,0.15973199999999999
FRCC_conventional_hydroelectric_1_inlet,289,0.15973199999999999
FRCC_conventional_hydroelectric_1_inlet,290,0.15973199999999999
FRCC_conventional_hydroelectric_1_inlet,291,0.15973199999999999
FRCC_conventional_hydroelectric_1_inlet,292,0.1265556636
FRCC_conventional_hydroelectric_1_inlet,293,0.15973199999999999
FRCC_conventional_hydroelectric_1_inlet,294,0.0921334176
FRCC_conventional_hydroelectric_1_inlet,295,0.13479783480000007
FRCC_conventional_hydroelectric_1_inlet,296,0.15973199999999999
FRCC_conventional_hydroelectric_1_inlet,297,0.15973199999999999
FRCC_conventional_hydroelectric_1_inlet,298,0.15973199999999999
FRCC_conventional_hydroelectric_1_inlet,299,0.15973199999999999
FRCC_conventional_hydroelectric_1_inlet,300,0.15973199999999999
FRCC_conventional_hydroelectric_1_inlet,301,0.15973199999999999
FRCC_conventional_hydroelectric_1_inlet,302,0.15973199999999999
FRCC_conventional_hydroelectric_1_inlet,303,0.15973199999999999
FRCC_conventional_hydroelectric_1_inlet,304,0.15973199999999999
FRCC_conventional_hydroelectric_1_inlet,305,0.15973199999999999
FRCC_conventional_hydroelectric_1_inlet,306,0.15973199999999999
FRCC_conventional_hydroelectric_1_inlet,307,0.15973199999999999
FRCC_conventional_hydroelectric_1_inlet,308,0.15973199999999999
FRCC_conventional_hydroelectric_1_inlet,309,0.1265556636
FRCC_conventional_hydroelectric_1_inlet,310,0.15973199999999999
FRCC_conventional_hydroelectric_1_inlet,311,0.15973199999999999
FRCC_conventional_hydroelectric_1_inlet,312,0.15973199999999999
FRCC_conventional_hydroelectric_1_inlet,313,0.15973199999999999
FRCC_conventional_hydroelectric_1_inlet,314,0.15973199999999999
FRCC_conventional_hydroelectric_1_inlet,315,0.15973199999999999
FRCC_conventional_hydroelectric_1_inlet,316,0.15973199999999999
FRCC_conventional_hydroelectric_1_inlet,317,0.15973199999999999
FRCC_conventional_hydroelectric_1_inlet,318,0.125309754
FRCC_conventional_hydroelectric_1_inlet,319,0.15973199999999999
FRCC_conventional_hydroelectric_1_inlet,320,0.15973199999999999
FRCC_conventional_hydroelectric_1_inlet,321,0.15973199999999999
FRCC_conventional_hydroelectric_1_inlet,322,0.15973199999999999
FRCC_conventional_hydroelectric_1_inlet,323,0.15973199999999999
FRCC_conventional_hydroelectric_1_inlet,324,0.15973199999999999
FRCC_conventional_hydroelectric_1_inlet,325,0.0331763364
FRCC_conventional_hydroelectric_1_inlet,326,0.15973199999999999
FRCC_conventional_hydroelectric_1_inlet,327,0.15973199999999999
FRCC_conventional_hydroelectric_1_inlet,328,0.15973199999999999
FRCC_conventional_hydroelectric_1_inlet,329,0.15973199999999999
FRCC_conventional_hydroelectric_1_inlet,330,0.15973199999999999
FRCC_conventional_hydroelectric_1_inlet,331,0.15973199999999999
FRCC_conventional_hydroelectric_1_inlet,332,0.15973199999999999
FRCC_conventional_hydroelectric_1_inlet,333,0.15973199999999999
FRCC_conventional_hydroelectric_1_inlet,334,0.15973199999999999
FRCC_conventional_hydroelectric_1_inlet,335,0.15973199999999999
FRCC_conventional_hydroelectric_1_inlet,336,0.15973199999999999
FRCC_conventional_hydroelectric_1_inlet,337,0.15973199999999999
FRCC_conventional_hydroelectric_1_inlet,338,0.15973199999999999
FRCC_conventional_hydroelectric_1_inlet,339,0.15973199999999999
FRCC_conventional_hydroelectric_1_inlet,340,0.15973199999999999
FRCC_conventional_hydroelectric_1_inlet,341,0.15973199999999999
FRCC_conventional_hydroelectric_1_inlet,342,0.15973199999999999
FRCC_conventional_hydroelectric_1_inlet,343,0.03443821920000001
FRCC_conventional_hydroelectric_1_inlet,344,0.15973199999999999
FRCC_conventional_hydroelectric_1_inlet,345,0.15973199999999999
FRCC_conventional_hydroelectric_1_inlet,346,0.03448613880000001
FRCC_conventional_hydroelectric_1_inlet,347,0.15973199999999999
FRCC_conventional_hydroelectric_1_inlet,348,0.12256236360000002
FRCC_conventional_hydroelectric_1_inlet,349,0.06771039479999999
FRCC_conventional_hydroelectric_1_inlet,350,0.12253041719999999
FRCC_conventional_hydroelectric_1_inlet,351,0.15973199999999999
FRCC_conventional_hydroelectric_1_inlet,352,0.15973199999999999
FRCC_conventional_hydroelectric_1_inlet,353,0.15973199999999999
FRCC_conventional_hydroelectric_1_inlet,354,0.15973199999999999
FRCC_conventional_hydroelectric_1_inlet,355,0.034613924399999996
FRCC_conventional_hydroelectric_1_inlet,356,0.12243457799999997
FRCC_conventional_hydroelectric_1_inlet,357,0.03464587080000001
FRCC_conventional_hydroelectric_1_inlet,358,0.034661844
FRCC_conventional_hydroelectric_1_inlet,359,0.15973199999999999
FRCC_conventional_hydroelectric_1_inlet,360,0.15973199999999999
FRCC_conventional_hydroelectric_1_inlet,361,0.15973199999999999
FRCC_conventional_hydroelectric_1_inlet,362,0.15973199999999999
FRCC_conventional_hydroelectric_1_inlet,363,0.15973199999999999
FRCC_conventional_hydroelectric_1_inlet,364,0.15973199999999999
FRCC_conventional_hydroelectric_1_inlet,365,0.15973199999999999
FRCC_conventional_hydroelectric_1_inlet,366,0.15973199999999999
FRCC_conventional_hydroelectric_1_inlet,367,0.07152798960000001
FRCC_conventional_hydroelectric_1_inlet,368,0.15973199999999999
FRCC_conventional_hydroelectric_1_inlet,369,0.15973199999999999
FRCC_conventional_hydroelectric_1_inlet,370,0.07162382880000003
FRCC_conventional_hydroelectric_1_inlet,371,0.1209011508
FRCC_conventional_hydroelectric_1_inlet,372,0.0
FRCC_conventional_hydroelectric_1_inlet,373,0.0
FRCC_conventional_hydroelectric_1_inlet,374,0.0
FRCC_conventional_hydroelectric_1_inlet,375,0.1209011508
FRCC_conventional_hydroelectric_1_inlet,376,0.1209011508
FRCC_conventional_hydroelectric_1_inlet,377,0.1209011508
FRCC_conventional_hydroelectric_1_inlet,378,0.15973199999999999
FRCC_conventional_hydroelectric_1_inlet,379,0.0718953732
FRCC_conventional_hydroelectric_1_inlet,380,0.0
FRCC_conventional_hydroelectric_1_inlet,381,0.0
FRCC_conventional_hydroelectric_1_inlet,382,0.0719912124
FRCC_conventional_hydroelectric_1_inlet,383,0.15973199999999999
FRCC_conventional_hydroelectric_1_inlet,384,0.08229392640000001
FRCC_conventional_hydroelectric_1_inlet,385,0.15973199999999999
FRCC_conventional_hydroelectric_1_inlet,386,0.15973199999999999
FRCC_conventional_hydroelectric_1_inlet,387,0.15973199999999999
FRCC_conventional_hydroelectric_1_inlet,388,0.15973199999999999
FRCC_conventional_hydroelectric_1_inlet,389,0.15973199999999999
FRCC_conventional_hydroelectric_1_inlet,390,0.15973199999999999
FRCC_conventional_hydroelectric_1_inlet,391,0.11037481200000002
FRCC_conventional_hydroelectric_1_inlet,392,0.15973199999999999
FRCC_conventional_hydroelectric_1_inlet,393,0.15973199999999999
FRCC_conventional_hydroelectric_1_inlet,394,0.11045467800000003
FRCC_conventional_hydroelectric_1_inlet,395,0.0
FRCC_conventional_hydroelectric_1_inlet,396,0.0388308492
FRCC_conventional_hydroelectric_1_inlet,397,0.0
FRCC_conventional_hydroelectric_1_inlet,398,0.0388308492
FRCC_conventional_hydroelectric_1_inlet,399,0.0
FRCC_conventional_hydroelectric_1_inlet,400,0.0
FRCC_conventional_hydroelectric_1_inlet,401,0.0
FRCC_conventional_hydroelectric_1_inlet,402,0.12109282919999999
FRCC_conventional_hydroelectric_1_inlet,403,0.11072622239999999
FRCC_conventional_hydroelectric_1_inlet,404,0.0
FRCC_conventional_hydroelectric_1_inlet,405,0.0
FRCC_conventional_hydroelectric_1_inlet,406,0.11080608840000002
FRCC_conventional_hydroelectric_1_inlet,407,0.15973199999999999
FRCC_conventional_hydroelectric_1_inlet,408,0.1211088024
FRCC_conventional_hydroelectric_1_inlet,409,0.15973199999999999
FRCC_conventional_hydroelectric_1_inlet,410,0.15973199999999999
FRCC_conventional_hydroelectric_1_inlet,411,0.15973199999999999
FRCC_conventional_hydroelectric_1_inlet,412,0.15973199999999999
FRCC_conventional_hydroelectric_1_inlet,413,0.15973199999999999
FRCC_conventional_hydroelectric_1_inlet,414,0.15973199999999999
FRCC_conventional_hydroelectric_1_inlet,415,0.14902995600000005
FRCC_conventional_hydroelectric_1_inlet,416,0.15973199999999999
FRCC_conventional_hydroelectric_1_inlet,417,0.15973199999999999
FRCC_conventional_hydroelectric_1_inlet,418,0.1490938488
FRCC_conventional_hydroelectric_1_inlet,419,0.0386391708
FRCC_conventional_hydroelectric_1_inlet,420,0.0
FRCC_conventional_hydroelectric_1_inlet,421,0.0
FRCC_conventional_hydroelectric_1_inlet,422,0.0
FRCC_conventional_hydroelectric_1_inlet,423,0.0
FRCC_conventional_hydroelectric_1_inlet,424,0.0
FRCC_conventional_hydroelectric_1_inlet,425,0.0
FRCC_conventional_hydroelectric_1_inlet,426,0.0
FRCC_conventional_hydroelectric_1_inlet,427,0.0
FRCC_conventional_hydroelectric_1_inlet,428,0.0
FRCC_conventional_hydroelectric_1_inlet,429,0.0
FRCC_conventional_hydroelectric_1_inlet,430,0.14942928600000002
FRCC_conventional_hydroelectric_1_inlet,431,0.15973199999999999
FRCC_conventional_hydroelectric_1_inlet,432,0.15973199999999999
FRCC_conventional_hydroelectric_1_inlet,433,0.15973199999999999
FRCC_conventional_hydroelectric_1_inlet,434,0.15973199999999999
FRCC_conventional_hydroelectric_1_inlet,435,0.15973199999999999
FRCC_conventional_hydroelectric_1_inlet,436,0.15973199999999999
FRCC_conventional_hydroelectric_1_inlet,437,0.15973199999999999
FRCC_conventional_hydroelectric_1_inlet,438,0.15973199999999999
FRCC_conventional_hydroelectric_1_inlet,439,0.027889207200000033
FRCC_conventional_hydroelectric_1_inlet,440,0.15973199999999999
FRCC_conventional_hydroelectric_1_inlet,441,0.15973199999999999
FRCC_conventional_hydroelectric_1_inlet,442,0.15973199999999999
FRCC_conventional_hydroelectric_1_inlet,443,0.07723042199999999
FRCC_conventional_hydroelectric_1_inlet,444,0.0385912512
FRCC_conventional_hydroelectric_1_inlet,445,0.0385912512
FRCC_conventional_hydroelectric_1_inlet,446,0.0
FRCC_conventional_hydroelectric_1_inlet,447,0.0385912512
FRCC_conventional_hydroelectric_1_inlet,448,0.0385912512
FRCC_conventional_hydroelectric_1_inlet,449,0.0385912512
FRCC_conventional_hydroelectric_1_inlet,450,0.0
FRCC_conventional_hydroelectric_1_inlet,451,0.0
FRCC_conventional_hydroelectric_1_inlet,452,0.0
FRCC_conventional_hydroelectric_1_inlet,453,0.0385912512
FRCC_conventional_hydroelectric_1_inlet,454,0.15973199999999999
FRCC_conventional_hydroelectric_1_inlet,455,0.15973199999999999
FRCC_conventional_hydroelectric_1_inlet,456,0.15973199999999999
FRCC_conventional_hydroelectric_1_inlet,457,0.15973199999999999
FRCC_conventional_hydroelectric_1_inlet,458,0.15973199999999999
FRCC_conventional_hydroelectric_1_inlet,459,0.15973199999999999
FRCC_conventional_hydroelectric_1_inlet,460,0.15973199999999999
FRCC_conventional_hydroelectric_1_inlet,461,0.15973199999999999
FRCC_conventional_hydroelectric_1_inlet,462,0.15973199999999999
FRCC_conventional_hydroelectric_1_inlet,463,0.07079322240000004
FRCC_conventional_hydroelectric_1_inlet,464,0.15973199999999999
FRCC_conventional_hydroelectric_1_inlet,465,0.15973199999999999
FRCC_conventional_hydroelectric_1_inlet,466,0.15973199999999999
FRCC_conventional_hydroelectric_1_inlet,467,0.12018235679999999
FRCC_conventional_hydroelectric_1_inlet,468,0.0815591592
FRCC_conventional_hydroelectric_1_inlet,469,0.0815751324
FRCC_conventional_hydroelectric_1_inlet,470,0.0
FRCC_conventional_hydroelectric_1_inlet,471,0.0
FRCC_conventional_hydroelectric_1_inlet,472,0.0
FRCC_conventional_hydroelectric_1_inlet,473,0.0
FRCC_conventional_hydroelectric_1_inlet,474,0.0
FRCC_conventional_hydroelectric_1_inlet,475,0.0
FRCC_conventional_hydroelectric_1_inlet,476,0.0
FRCC_conventional_hydroelectric_1_inlet,477,0.081702918
FRCC_conventional_hydroelectric_1_inlet,478,0.15973199999999999
FRCC_conventional_hydroelectric_1_inlet,479,0.15973199999999999
FRCC_conventional_hydroelectric_1_inlet,480,0.15973199999999999
FRCC_conventional_hydroelectric_1_inlet,481,0.15973199999999999
FRCC_conventional_hydroelectric_1_inlet,482,0.15973199999999999
FRCC_conventional_hydroelectric_1_inlet,483,0.15973199999999999
FRCC_conventional_hydroelectric_1_inlet,484,0.15973199999999999
FRCC_conventional_hydroelectric_1_inlet,485,0.15973199999999999
FRCC_conventional_hydroelectric_1_inlet,486,0.15973199999999999
FRCC_conventional_hydroelectric_1_inlet,487,0.11484730800000004
FRCC_conventional_hydroelectric_1_inlet,488,0.15973199999999999
FRCC_conventional_hydroelectric_1_inlet,489,0.15973199999999999
FRCC_conventional_hydroelectric_1_inlet,490,0.15973199999999999
FRCC_conventional_hydroelectric_1_inlet,491,0.15973199999999999
FRCC_conventional_hydroelectric_1_inlet,492,0.1256132448
FRCC_conventional_hydroelectric_1_inlet,493,0.06418031759999998
FRCC_conventional_hydroelectric_1_inlet,494,0.0440540856
FRCC_conventional_hydroelectric_1_inlet,495,0.0440540856
FRCC_conventional_hydroelectric_1_inlet,496,0.0440540856
FRCC_conventional_hydroelectric_1_inlet,497,0.0440540856
FRCC_conventional_hydroelectric_1_inlet,498,0.0
FRCC_conventional_hydroelectric_1_inlet,499,0.0
FRCC_conventional_hydroelectric_1_inlet,500,0.0440540856
FRCC_conventional_hydroelectric_1_inlet,501,0.0643560228
FRCC_conventional_hydroelectric_1_inlet,502,0.15973199999999999
FRCC_conventional_hydroelectric_1_inlet,503,0.15973199999999999
FRCC_conventional_hydroelectric_1_inlet,504,0.15973199999999999
FRCC_conventional_hydroelectric_1_inlet,505,0.15973199999999999
FRCC_conventional_hydroelectric_1_inlet,506,0.15973199999999999
FRCC_conventional_hydroelectric_1_inlet,507,0.15973199999999999
FRCC_conventional_hydroelectric_1_inlet,508,0.15973199999999999
FRCC_conventional_hydroelectric_1_inlet,509,0.15973199999999999
FRCC_conventional_hydroelectric_1_inlet,510,0.15973199999999999
FRCC_conventional_hydroelectric_1_inlet,511,0.15973199999999999
FRCC_conventional_hydroelectric_1_inlet,512,0.15973199999999999
FRCC_conventional_hydroelectric_1_inlet,513,0.15973199999999999
FRCC_conventional_hydroelectric_1_inlet,514,0.15973199999999999
FRCC_conventional_hydroelectric_1_inlet,515,0.15973199999999999
FRCC_conventional_hydroelectric_1_inlet,516,0.15973199999999999
FRCC_conventional_hydroelectric_1_inlet,517,0.11347361279999998
FRCC_conventional_hydroelectric_1_inlet,518,0.0933473808
FRCC_conventional_hydroelectric_1_inlet,519,0.0933473808
FRCC_conventional_hydroelectric_1_inlet,520,0.0933473808
FRCC_conventional_hydroelectric_1_inlet,521,0.0933473808
FRCC_conventional_hydroelectric_1_inlet,522,0.049293295200000004
FRCC_conventional_hydroelectric_1_inlet,523,0.049293295200000004
FRCC_conventional_hydroelectric_1_inlet,524,0.0933473808
FRCC_conventional_hydroelectric_1_inlet,525,0.113649318
FRCC_conventional_hydroelectric_1_inlet,526,0.15973199999999999
FRCC_conventional_hydroelectric_1_inlet,527,0.15973199999999999
FRCC_conventional_hydroelectric_1_inlet,528,0.15973199999999999
FRCC_conventional_hydroelectric_1_inlet,529,0.15973199999999999
FRCC_conventional_hydroelectric_1_inlet,530,0.15973199999999999
FRCC_conventional_hydroelectric_1_inlet,531,0.15973199999999999
FRCC_conventional_hydroelectric_1_inlet,532,0.15973199999999999
FRCC_conventional_hydroelectric_1_inlet,533,0.15973199999999999
FRCC_conventional_hydroelectric_1_inlet,534,0.15973199999999999
FRCC_conventional_hydroelectric_1_inlet,535,0.046370199599999995
FRCC_conventional_hydroelectric_1_inlet,536,0.15973199999999999
FRCC_conventional_hydroelectric_1_inlet,537,0.15973199999999999
FRCC_conventional_hydroelectric_1_inlet,538,0.15973199999999999
FRCC_conventional_hydroelectric_1_inlet,539,0.15973199999999999
FRCC_conventional_hydroelectric_1_inlet,540,0.15973199999999999
FRCC_conventional_hydroelectric_1_inlet,541,0.15973199999999999
FRCC_conventional_hydroelectric_1_inlet,542,0.11780234999999999
FRCC_conventional_hydroelectric_1_inlet,543,0.13955784840000002
FRCC_conventional_hydroelectric_1_inlet,544,0.13954187520000003
FRCC_conventional_hydroelectric_1_inlet,545,0.139525902
FRCC_conventional_hydroelectric_1_inlet,546,0.09543987
FRCC_conventional_hydroelectric_1_inlet,547,0.0954238968
FRCC_conventional_hydroelectric_1_inlet,548,0.11780234999999999
FRCC_conventional_hydroelectric_1_inlet,549,0.15973199999999999
FRCC_conventional_hydroelectric_1_inlet,550,0.15973199999999999
FRCC_conventional_hydroelectric_1_inlet,551,0.15973199999999999
FRCC_conventional_hydroelectric_1_inlet,552,0.15973199999999999
FRCC_conventional_hydroelectric_1_inlet,553,0.10820245679999999
FRCC_conventional_hydroelectric_1_inlet,554,0.1081066176
FRCC_conventional_hydroelectric_1_inlet,555,0.10801077840000001
FRCC_conventional_hydroelectric_1_inlet,556,0.13270534559999997
FRCC_conventional_hydroelectric_1_inlet,557,0.10781909999999999
FRCC_conventional_hydroelectric_1_inlet,558,0.15973199999999999
FRCC_conventional_hydroelectric_1_inlet,559,0.08829984960000001
FRCC_conventional_hydroelectric_1_inlet,560,0.10751560919999999
FRCC_conventional_hydroelectric_1_inlet,561,0.10741976999999998
FRCC_conventional_hydroelectric_1_inlet,562,0.1073239308
FRCC_conventional_hydroelectric_1_inlet,563,0.1072121184
FRCC_conventional_hydroelectric_1_inlet,564,0.1071162792
FRCC_conventional_hydroelectric_1_inlet,565,0.15973199999999999
FRCC_conventional_hydroelectric_1_inlet,566,0.15973199999999999
FRCC_conventional_hydroelectric_1_inlet,567,0.1068287616
FRCC_conventional_hydroelectric_1_inlet,568,0.10671694920000001
FRCC_conventional_hydroelectric_1_inlet,569,0.10662110999999999
FRCC_conventional_hydroelectric_1_inlet,570,0.10652527079999999
FRCC_conventional_hydroelectric_1_inlet,571,0.13735354680000003
FRCC_conventional_hydroelectric_1_inlet,572,0.15973199999999999
FRCC_conventional_hydroelectric_1_inlet,573,0.15973199999999999
FRCC_conventional_hydroelectric_1_inlet,574,0.15973199999999999
FRCC_conventional_hydroelectric_1_inlet,575,0.10603010159999998
FRCC_conventional_hydroelectric_1_inlet,576,0.15973199999999999
ISNE_conventional_hydroelectric_1_inlet,1,1.9477441617249294
ISNE_conventional_hydroelectric_1_inlet,2,2.1310826007494583
ISNE_conventional_hydroelectric_1_inlet,3,3.408306336
ISNE_conventional_hydroelectric_1_inlet,4,3.408306336
ISNE_conventional_hydroelectric_1_inlet,5,3.408306336
ISNE_conventional_hydroelectric_1_inlet,6,3.408306336
ISNE_conventional_hydroelectric_1_inlet,7,3.408306336
ISNE_conventional_hydroelectric_1_inlet,8,3.408306336
ISNE_conventional_hydroelectric_1_inlet,9,3.3795850253464517
ISNE_conventional_hydroelectric_1_inlet,10,3.408306336
ISNE_conventional_hydroelectric_1_inlet,11,3.408306336
ISNE_conventional_hydroelectric_1_inlet,12,3.408306336
ISNE_conventional_hydroelectric_1_inlet,13,3.408306336
ISNE_conventional_hydroelectric_1_inlet,14,3.408306336
ISNE_conventional_hydroelectric_1_inlet,15,3.408306336
ISNE_conventional_hydroelectric_1_inlet,16,3.408306336
ISNE_conventional_hydroelectric_1_inlet,17,3.29540877058674
ISNE_conventional_hydroelectric_1_inlet,18,1.6675064740563292
ISNE_conventional_hydroelectric_1_inlet,19,3.408306336
ISNE_conventional_hydroelectric_1_inlet,20,3.408306336
ISNE_conventional_hydroelectric_1_inlet,21,3.408306336
ISNE_conventional_hydroelectric_1_inlet,22,3.408306336
ISNE_conventional_hydroelectric_1_inlet,23,3.408306336
ISNE_conventional_hydroelectric_1_inlet,24,3.408306336
ISNE_conventional_hydroelectric_1_inlet,25,0.3027308352410726
ISNE_conventional_hydroelectric_1_inlet,26,0.48593379206704446
ISNE_conventional_hydroelectric_1_inlet,27,1.7628966432173105
ISNE_conventional_hydroelectric_1_inlet,28,3.408306336
ISNE_conventional_hydroelectric_1_inlet,29,2.4849912824437936
ISNE_conventional_hydroelectric_1_inlet,30,1.8426353491343845
ISNE_conventional_hydroelectric_1_inlet,31,3.408306336
ISNE_conventional_hydroelectric_1_inlet,32,1.762103910619644
ISNE_conventional_hydroelectric_1_inlet,33,3.408306336
ISNE_conventional_hydroelectric_1_inlet,34,1.7615821424190923
ISNE_conventional_hydroelectric_1_inlet,35,1.7614466602205354
ISNE_conventional_hydroelectric_1_inlet,36,1.7613789191212568
ISNE_conventional_hydroelectric_1_inlet,37,1.7611180350209807
ISNE_conventional_hydroelectric_1_inlet,38,1.760857150920705
ISNE_conventional_hydroelectric_1_inlet,39,1.7609148117231448
ISNE_conventional_hydroelectric_1_inlet,40,1.7606539276228694
ISNE_conventional_hydroelectric_1_inlet,41,1.647495478109333
ISNE_conventional_hydroelectric_1_inlet,42,0.019332297478646253
ISNE_conventional_hydroelectric_1_inlet,43,1.760189820224757
ISNE_conventional_hydroelectric_1_inlet,44,1.7599289361244812
ISNE_conventional_hydroelectric_1_inlet,45,1.7596680520242054
ISNE_conventional_hydroelectric_1_inlet,46,1.7594071679239296
ISNE_conventional_hydroelectric_1_inlet,47,1.7594648287263692
ISNE_conventional_hydroelectric_1_inlet,48,1.7592039446260939
ISNE_conventional_hydroelectric_1_inlet,49,1.9352788779379817
ISNE_conventional_hydroelectric_1_inlet,50,1.9352788779379817
ISNE_conventional_hydroelectric_1_inlet,51,3.3937851042079883
ISNE_conventional_hydroelectric_1_inlet,52,3.408306336
ISNE_conventional_hydroelectric_1_inlet,53,3.408306336
ISNE_conventional_hydroelectric_1_inlet,54,1.9352788779379817
ISNE_conventional_hydroelectric_1_inlet,55,1.628013244382649
ISNE_conventional_hydroelectric_1_inlet,56,3.389435493735093
ISNE_conventional_hydroelectric_1_inlet,57,3.408306336
ISNE_conventional_hydroelectric_1_inlet,58,3.3872541438283097
ISNE_conventional_hydroelectric_1_inlet,59,3.386459286093437
ISNE_conventional_hydroelectric_1_inlet,60,3.3857098837269586
ISNE_conventional_hydroelectric_1_inlet,61,3.3847673383594827
ISNE_conventional_hydroelectric_1_inlet,62,3.3836539357218935
ISNE_conventional_hydroelectric_1_inlet,63,3.383029935257133
ISNE_conventional_hydroelectric_1_inlet,64,3.3819842737188237
ISNE_conventional_hydroelectric_1_inlet,65,1.9352788779379817
ISNE_conventional_hydroelectric_1_inlet,66,1.639128463770088
ISNE_conventional_hydroelectric_1_inlet,67,2.5857689338911776
ISNE_conventional_hydroelectric_1_inlet,68,1.9352788779379817
ISNE_conventional_hydroelectric_1_inlet,69,3.3774415202449317
ISNE_conventional_hydroelectric_1_inlet,70,1.9352788779379817
ISNE_conventional_hydroelectric_1_inlet,71,3.3755787152408643
ISNE_conventional_hydroelectric_1_inlet,72,3.3746361698733884
ISNE_conventional_hydroelectric_1_inlet,73,0.0
ISNE_conventional_hydroelectric_1_inlet,74,0.0
ISNE_conventional_hydroelectric_1_inlet,75,1.4585062262700066
ISNE_conventional_hydroelectric_1_inlet,76,1.4730274580620184
ISNE_conventional_hydroelectric_1_inlet,77,1.4730274580620184
ISNE_conventional_hydroelectric_1_inlet,78,0.0
ISNE_conventional_hydroelectric_1_inlet,79,1.9352788779379817
ISNE_conventional_hydroelectric_1_inlet,80,1.454156615797111
ISNE_conventional_hydroelectric_1_inlet,81,1.4730274580620184
ISNE_conventional_hydroelectric_1_inlet,82,1.4519752658903282
ISNE_conventional_hydroelectric_1_inlet,83,1.4511804081554553
ISNE_conventional_hydroelectric_1_inlet,84,1.4504310057889767
ISNE_conventional_hydroelectric_1_inlet,85,1.4494884604215008
ISNE_conventional_hydroelectric_1_inlet,86,1.4483750577839118
ISNE_conventional_hydroelectric_1_inlet,87,1.4477510573191514
ISNE_conventional_hydroelectric_1_inlet,88,1.446705395780842
ISNE_conventional_hydroelectric_1_inlet,89,0.0
ISNE_conventional_hydroelectric_1_inlet,90,0.0
ISNE_conventional_hydroelectric_1_inlet,91,1.7154960162602662
ISNE_conventional_hydroelectric_1_inlet,92,0.0
ISNE_conventional_hydroelectric_1_inlet,93,1.4732688355037906
ISNE_conventional_hydroelectric_1_inlet,94,0.0
ISNE_conventional_hydroelectric_1_inlet,95,1.4402998373028824
ISNE_conventional_hydroelectric_1_inlet,96,1.439357291935407
ISNE_conventional_hydroelectric_1_inlet,97,0.0
ISNE_conventional_hydroelectric_1_inlet,98,0.0
ISNE_conventional_hydroelectric_1_inlet,99,0.895365129024663
ISNE_conventional_hydroelectric_1_inlet,100,0.6580134181864186
ISNE_conventional_hydroelectric_1_inlet,101,0.0
ISNE_conventional_hydroelectric_1_inlet,102,0.0
ISNE_conventional_hydroelectric_1_inlet,103,0.0
ISNE_conventional_hydroelectric_1_inlet,104,1.4457952540541366
ISNE_conventional_hydroelectric_1_inlet,105,1.4441832528535063
ISNE_conventional_hydroelectric_1_inlet,106,1.442571251652876
ISNE_conventional_hydroelectric_1_inlet,107,1.4409592504522457
ISNE_conventional_hydroelectric_1_inlet,108,1.4395181065217277
ISNE_conventional_hydroelectric_1_inlet,109,0.0
ISNE_conventional_hydroelectric_1_inlet,110,0.0
ISNE_conventional_hydroelectric_1_inlet,111,1.4345567010181184
ISNE_conventional_hydroelectric_1_inlet,112,1.4329446998174884
ISNE_conventional_hydroelectric_1_inlet,113,1.4730274580620184
ISNE_conventional_hydroelectric_1_inlet,114,1.4298915546863404
ISNE_conventional_hydroelectric_1_inlet,115,1.4282795534857105
ISNE_conventional_hydroelectric_1_inlet,116,1.4266675522850794
ISNE_conventional_hydroelectric_1_inlet,117,0.6664826957671108
ISNE_conventional_hydroelectric_1_inlet,118,0.0
ISNE_conventional_hydroelectric_1_inlet,119,2.9133272953649008
ISNE_conventional_hydroelectric_1_inlet,120,1.420390404752671
ISNE_conventional_hydroelectric_1_inlet,121,0.0
ISNE_conventional_hydroelectric_1_inlet,122,0.0
ISNE_conventional_hydroelectric_1_inlet,123,0.0
ISNE_conventional_hydroelectric_1_inlet,124,0.0
ISNE_conventional_hydroelectric_1_inlet,125,0.0
ISNE_conventional_hydroelectric_1_inlet,126,0.0
ISNE_conventional_hydroelectric_1_inlet,127,0.0
ISNE_conventional_hydroelectric_1_inlet,128,0.0
ISNE_conventional_hydroelectric_1_inlet,129,0.0
ISNE_conventional_hydroelectric_1_inlet,130,0.0
ISNE_conventional_hydroelectric_1_inlet,131,0.0
ISNE_conventional_hydroelectric_1_inlet,132,0.0
ISNE_conventional_hydroelectric_1_inlet,133,0.0
ISNE_conventional_hydroelectric_1_inlet,134,0.0
ISNE_conventional_hydroelectric_1_inlet,135,0.0
ISNE_conventional_hydroelectric_1_inlet,136,0.0
ISNE_conventional_hydroelectric_1_inlet,137,2.2015462462830886
ISNE_conventional_hydroelectric_1_inlet,138,0.0
ISNE_conventional_hydroelectric_1_inlet,139,0.0
ISNE_conventional_hydroelectric_1_inlet,140,0.0
ISNE_conventional_hydroelectric_1_inlet,141,0.0
ISNE_conventional_hydroelectric_1_inlet,142,1.1431238496633915
ISNE_conventional_hydroelectric_1_inlet,143,1.4913026036807153
ISNE_conventional_hydroelectric_1_inlet,144,0.0
ISNE_conventional_hydroelectric_1_inlet,145,0.11025362759147347
ISNE_conventional_hydroelectric_1_inlet,146,1.1356831679693278
ISNE_conventional_hydroelectric_1_inlet,147,1.5756854699292002
ISNE_conventional_hydroelectric_1_inlet,148,2.0451513489218973
ISNE_conventional_hydroelectric_1_inlet,149,2.0451513489218973
ISNE_conventional_hydroelectric_1_inlet,150,2.0451513489218973
ISNE_conventional_hydroelectric_1_inlet,151,1.6763567118539566
ISNE_conventional_hydroelectric_1_inlet,152,1.6776400878550322
ISNE_conventional_hydroelectric_1_inlet,153,1.6787980619543896
ISNE_conventional_hydroelectric_1_inlet,154,1.672574865845423
ISNE_conventional_hydroelectric_1_inlet,155,0.0
ISNE_conventional_hydroelectric_1_inlet,156,0.0
ISNE_conventional_hydroelectric_1_inlet,157,0.0
ISNE_conventional_hydroelectric_1_inlet,158,0.24292986504400205
ISNE_conventional_hydroelectric_1_inlet,159,0.5500669239792031
ISNE_conventional_hydroelectric_1_inlet,160,1.0274192237928899
ISNE_conventional_hydroelectric_1_inlet,161,3.408306336
ISNE_conventional_hydroelectric_1_inlet,162,2.0451513489218973
ISNE_conventional_hydroelectric_1_inlet,163,2.0451513489218973
ISNE_conventional_hydroelectric_1_inlet,164,2.0451513489218973
ISNE_conventional_hydroelectric_1_inlet,165,2.0451513489218973
ISNE_conventional_hydroelectric_1_inlet,166,0.0
ISNE_conventional_hydroelectric_1_inlet,167,2.9835268312111447
ISNE_conventional_hydroelectric_1_inlet,168,0.9598522206384198
ISNE_conventional_hydroelectric_1_inlet,169,0.4648273312106696
ISNE_conventional_hydroelectric_1_inlet,170,1.1558842168153667
ISNE_conventional_hydroelectric_1_inlet,171,2.2263044027479246
ISNE_conventional_hydroelectric_1_inlet,172,0.3727125061704473
ISNE_conventional_hydroelectric_1_inlet,173,0.3712359871683743
ISNE_conventional_hydroelectric_1_inlet,174,1.1073635689836374
ISNE_conventional_hydroelectric_1_inlet,175,0.0
ISNE_conventional_hydroelectric_1_inlet,176,0.0
ISNE_conventional_hydroelectric_1_inlet,177,0.0
ISNE_conventional_hydroelectric_1_inlet,178,0.0
ISNE_conventional_hydroelectric_1_inlet,179,1.7269415220434583
ISNE_conventional_hydroelectric_1_inlet,180,1.6383770573132128
ISNE_conventional_hydroelectric_1_inlet,181,1.7243070289420281
ISNE_conventional_hydroelectric_1_inlet,182,1.965953517984954
ISNE_conventional_hydroelectric_1_inlet,183,2.2719326028207982
ISNE_conventional_hydroelectric_1_inlet,184,2.7480015266334092
ISNE_conventional_hydroelectric_1_inlet,185,2.3630049408186373
ISNE_conventional_hydroelectric_1_inlet,186,3.408306336
ISNE_conventional_hydroelectric_1_inlet,187,3.408306336
ISNE_conventional_hydroelectric_1_inlet,188,3.408306336
ISNE_conventional_hydroelectric_1_inlet,189,3.1706892158022137
ISNE_conventional_hydroelectric_1_inlet,190,1.7129397076365038
ISNE_conventional_hydroelectric_1_inlet,191,1.8273366145399812
ISNE_conventional_hydroelectric_1_inlet,192,1.26638889654012
ISNE_conventional_hydroelectric_1_inlet,193,2.006449732311463
ISNE_conventional_hydroelectric_1_inlet,194,2.0699966050459744
ISNE_conventional_hydroelectric_1_inlet,195,2.927227472777577
ISNE_conventional_hydroelectric_1_inlet,196,1.3433526012622323
ISNE_conventional_hydroelectric_1_inlet,197,1.1544410576521928
ISNE_conventional_hydroelectric_1_inlet,198,1.2334378155994223
ISNE_conventional_hydroelectric_1_inlet,199,1.2469515672318672
ISNE_conventional_hydroelectric_1_inlet,200,0.0
ISNE_conventional_hydroelectric_1_inlet,201,0.0
ISNE_conventional_hydroelectric_1_inlet,202,0.43705408774719434
ISNE_conventional_hydroelectric_1_inlet,203,1.1544582188174224
ISNE_conventional_hydroelectric_1_inlet,204,1.5646371279547153
ISNE_conventional_hydroelectric_1_inlet,205,1.390227700767662
ISNE_conventional_hydroelectric_1_inlet,206,1.3433526012622323
ISNE_conventional_hydroelectric_1_inlet,207,1.3449680665870347
ISNE_conventional_hydroelectric_1_inlet,208,1.6250963924892181
ISNE_conventional_hydroelectric_1_inlet,209,1.3433526012622323
ISNE_conventional_hydroelectric_1_inlet,210,3.408306336
ISNE_conventional_hydroelectric_1_inlet,211,3.408306336
ISNE_conventional_hydroelectric_1_inlet,212,3.408306336
ISNE_conventional_hydroelectric_1_inlet,213,1.3433526012622323
ISNE_conventional_hydroelectric_1_inlet,214,0.0
ISNE_conventional_hydroelectric_1_inlet,215,3.408306336
ISNE_conventional_hydroelectric_1_inlet,216,2.525493110063929
ISNE_conventional_hydroelectric_1_inlet,217,3.408306336
ISNE_conventional_hydroelectric_1_inlet,218,3.408306336
ISNE_conventional_hydroelectric_1_inlet,219,3.408306336
ISNE_conventional_hydroelectric_1_inlet,220,3.408306336
ISNE_conventional_hydroelectric_1_inlet,221,3.2193947923899606
ISNE_conventional_hydroelectric_1_inlet,222,3.29839155033719
ISNE_conventional_hydroelectric_1_inlet,223,3.177518944023125
ISNE_conventional_hydroelectric_1_inlet,224,2.0649537347377676
ISNE_conventional_hydroelectric_1_inlet,225,2.0649537347377676
ISNE_conventional_hydroelectric_1_inlet,226,2.502007822484962
ISNE_conventional_hydroelectric_1_inlet,227,3.21941195355519
ISNE_conventional_hydroelectric_1_inlet,228,3.408306336
ISNE_conventional_hydroelectric_1_inlet,229,3.408306336
ISNE_conventional_hydroelectric_1_inlet,230,3.408306336
ISNE_conventional_hydroelectric_1_inlet,231,3.408306336
ISNE_conventional_hydroelectric_1_inlet,232,3.408306336
ISNE_conventional_hydroelectric_1_inlet,233,3.408306336
ISNE_conventional_hydroelectric_1_inlet,234,3.408306336
ISNE_conventional_hydroelectric_1_inlet,235,3.408306336
ISNE_conventional_hydroelectric_1_inlet,236,3.408306336
ISNE_conventional_hydroelectric_1_inlet,237,3.408306336
ISNE_conventional_hydroelectric_1_inlet,238,2.0649537347377676
ISNE_conventional_hydroelectric_1_inlet,239,3.408306336
ISNE_conventional_hydroelectric_1_inlet,240,3.408306336
ISNE_conventional_hydroelectric_1_inlet,241,2.3494612106560155
ISNE_conventional_hydroelectric_1_inlet,242,3.185073058289149
ISNE_conventional_hydroelectric_1_inlet,243,2.222259125198831
ISNE_conventional_hydroelectric_1_inlet,244,2.723132988184627
ISNE_conventional_hydroelectric_1_inlet,245,2.710244437940237
ISNE_conventional_hydroelectric_1_inlet,246,1.7772140310961964
ISNE_conventional_hydroelectric_1_inlet,247,1.838908959068953
ISNE_conventional_hydroelectric_1_inlet,248,1.7772140310961964
ISNE_conventional_hydroelectric_1_inlet,249,0.7521480546890945
ISNE_conventional_hydroelectric_1_inlet,250,0.9760165853729614
ISNE_conventional_hydroelectric_1_inlet,251,1.7772140310961964
ISNE_conventional_hydroelectric_1_inlet,252,1.8800559275850992
ISNE_conventional_hydroelectric_1_inlet,253,1.8788524981173478
ISNE_conventional_hydroelectric_1_inlet,254,1.8776490686495952
ISNE_conventional_hydroelectric_1_inlet,255,1.8764456391818434
ISNE_conventional_hydroelectric_1_inlet,256,1.8754353527150889
ISNE_conventional_hydroelectric_1_inlet,257,2.494654153678413
ISNE_conventional_hydroelectric_1_inlet,258,1.8730284937795862
ISNE_conventional_hydroelectric_1_inlet,259,1.871825064311834
ISNE_conventional_hydroelectric_1_inlet,260,1.870621634844082
ISNE_conventional_hydroelectric_1_inlet,261,3.408306336
ISNE_conventional_hydroelectric_1_inlet,262,1.5045980623872148
ISNE_conventional_hydroelectric_1_inlet,263,3.408306336
ISNE_conventional_hydroelectric_1_inlet,264,1.8658302027039597
ISNE_conventional_hydroelectric_1_inlet,265,3.408306336
ISNE_conventional_hydroelectric_1_inlet,266,3.408306336
ISNE_conventional_hydroelectric_1_inlet,267,3.408306336
ISNE_conventional_hydroelectric_1_inlet,268,3.408306336
ISNE_conventional_hydroelectric_1_inlet,269,3.408306336
ISNE_conventional_hydroelectric_1_inlet,270,3.408306336
ISNE_conventional_hydroelectric_1_inlet,271,3.408306336
ISNE_conventional_hydroelectric_1_inlet,272,3.408306336
ISNE_conventional_hydroelectric_1_inlet,273,2.3832403595928984
ISNE_conventional_hydroelectric_1_inlet,274,2.6071088902767654
ISNE_conventional_hydroelectric_1_inlet,275,3.408306336
ISNE_conventional_hydroelectric_1_inlet,276,3.408306336
ISNE_conventional_hydroelectric_1_inlet,277,3.408306336
ISNE_conventional_hydroelectric_1_inlet,278,3.408306336
ISNE_conventional_hydroelectric_1_inlet,279,3.408306336
ISNE_conventional_hydroelectric_1_inlet,280,3.408306336
ISNE_conventional_hydroelectric_1_inlet,281,3.408306336
ISNE_conventional_hydroelectric_1_inlet,282,3.408306336
ISNE_conventional_hydroelectric_1_inlet,283,3.408306336
ISNE_conventional_hydroelectric_1_inlet,284,3.408306336
ISNE_conventional_hydroelectric_1_inlet,285,3.408306336
ISNE_conventional_hydroelectric_1_inlet,286,3.1356903672910184
ISNE_conventional_hydroelectric_1_inlet,287,3.408306336
ISNE_conventional_hydroelectric_1_inlet,288,3.408306336
ISNE_conventional_hydroelectric_1_inlet,289,3.408306336
ISNE_conventional_hydroelectric_1_inlet,290,3.408306336
ISNE_conventional_hydroelectric_1_inlet,291,3.408306336
ISNE_conventional_hydroelectric_1_inlet,292,3.408306336
ISNE_conventional_hydroelectric_1_inlet,293,3.408306336
ISNE_conventional_hydroelectric_1_inlet,294,2.5651704579799017
ISNE_conventional_hydroelectric_1_inlet,295,2.3576344388044594
ISNE_conventional_hydroelectric_1_inlet,296,2.4994118246398314
ISNE_conventional_hydroelectric_1_inlet,297,3.408306336
ISNE_conventional_hydroelectric_1_inlet,298,3.408306336
ISNE_conventional_hydroelectric_1_inlet,299,3.408306336
ISNE_conventional_hydroelectric_1_inlet,300,3.408306336
ISNE_conventional_hydroelectric_1_inlet,301,3.408306336
ISNE_conventional_hydroelectric_1_inlet,302,3.408306336
ISNE_conventional_hydroelectric_1_inlet,303,3.408306336
ISNE_conventional_hydroelectric_1_inlet,304,3.408306336
ISNE_conventional_hydroelectric_1_inlet,305,2.3576344388044594
ISNE_conventional_hydroelectric_1_inlet,306,3.408306336
ISNE_conventional_hydroelectric_1_inlet,307,3.408306336
ISNE_conventional_hydroelectric_1_inlet,308,3.408306336
ISNE_conventional_hydroelectric_1_inlet,309,2.3576344388044594
ISNE_conventional_hydroelectric_1_inlet,310,2.171444895945544
ISNE_conventional_hydroelectric_1_inlet,311,1.3376732190936695
ISNE_conventional_hydroelectric_1_inlet,312,3.408306336
ISNE_conventional_hydroelectric_1_inlet,313,1.5802244069100564
ISNE_conventional_hydroelectric_1_inlet,314,1.8779776098147007
ISNE_conventional_hydroelectric_1_inlet,315,3.408306336
ISNE_conventional_hydroelectric_1_inlet,316,3.0832642077125727
ISNE_conventional_hydroelectric_1_inlet,317,3.408306336
ISNE_conventional_hydroelectric_1_inlet,318,3.408306336
ISNE_conventional_hydroelectric_1_inlet,319,3.408306336
ISNE_conventional_hydroelectric_1_inlet,320,3.408306336
ISNE_conventional_hydroelectric_1_inlet,321,3.408306336
ISNE_conventional_hydroelectric_1_inlet,322,3.408306336
ISNE_conventional_hydroelectric_1_inlet,323,3.408306336
ISNE_conventional_hydroelectric_1_inlet,324,3.408306336
ISNE_conventional_hydroelectric_1_inlet,325,3.408306336
ISNE_conventional_hydroelectric_1_inlet,326,3.408306336
ISNE_conventional_hydroelectric_1_inlet,327,3.408306336
ISNE_conventional_hydroelectric_1_inlet,328,3.408306336
ISNE_conventional_hydroelectric_1_inlet,329,3.408306336
ISNE_conventional_hydroelectric_1_inlet,330,3.408306336
ISNE_conventional_hydroelectric_1_inlet,331,3.408306336
ISNE_conventional_hydroelectric_1_inlet,332,3.1315440265893955
ISNE_conventional_hydroelectric_1_inlet,333,3.408306336
ISNE_conventional_hydroelectric_1_inlet,334,3.222116793141085
ISNE_conventional_hydroelectric_1_inlet,335,2.38834511628921
ISNE_conventional_hydroelectric_1_inlet,336,3.408306336
ISNE_conventional_hydroelectric_1_inlet,337,1.1053916645792812
ISNE_conventional_hydroelectric_1_inlet,338,0.8504786114368917
ISNE_conventional_hydroelectric_1_inlet,339,1.9626923926213278
ISNE_conventional_hydroelectric_1_inlet,340,3.1398456433705926
ISNE_conventional_hydroelectric_1_inlet,341,2.708356019972005
ISNE_conventional_hydroelectric_1_inlet,342,1.0145498493150815
ISNE_conventional_hydroelectric_1_inlet,343,1.0140158756804845
ISNE_conventional_hydroelectric_1_inlet,344,1.5656382293900162
ISNE_conventional_hydroelectric_1_inlet,345,1.565979060023616
ISNE_conventional_hydroelectric_1_inlet,346,2.337897469031067
ISNE_conventional_hydroelectric_1_inlet,347,3.1829915422131734
ISNE_conventional_hydroelectric_1_inlet,348,3.408306336
ISNE_conventional_hydroelectric_1_inlet,349,3.408306336
ISNE_conventional_hydroelectric_1_inlet,350,3.408306336
ISNE_conventional_hydroelectric_1_inlet,351,3.408306336
ISNE_conventional_hydroelectric_1_inlet,352,3.408306336
ISNE_conventional_hydroelectric_1_inlet,353,2.475243522389716
ISNE_conventional_hydroelectric_1_inlet,354,3.408306336
ISNE_conventional_hydroelectric_1_inlet,355,2.9260654413353038
ISNE_conventional_hydroelectric_1_inlet,356,2.4779505298634246
ISNE_conventional_hydroelectric_1_inlet,357,2.478416762398743
ISNE_conventional_hydroelectric_1_inlet,358,2.478882994934062
ISNE_conventional_hydroelectric_1_inlet,359,2.479542370470377
ISNE_conventional_hydroelectric_1_inlet,360,3.408306336
ISNE_conventional_hydroelectric_1_inlet,361,0.0
ISNE_conventional_hydroelectric_1_inlet,362,0.0
ISNE_conventional_hydroelectric_1_inlet,363,1.5732691457426564
ISNE_conventional_hydroelectric_1_inlet,364,1.5728029132073378
ISNE_conventional_hydroelectric_1_inlet,365,1.5725521094039012
ISNE_conventional_hydroelectric_1_inlet,366,1.5722112787703004
ISNE_conventional_hydroelectric_1_inlet,367,1.9504204993421554
ISNE_conventional_hydroelectric_1_inlet,368,2.5015766205163685
ISNE_conventional_hydroelectric_1_inlet,369,2.5012580756136527
ISNE_conventional_hydroelectric_1_inlet,370,2.5012580756136527
ISNE_conventional_hydroelectric_1_inlet,371,1.5706871792626274
ISNE_conventional_hydroelectric_1_inlet,372,1.5702432324581925
ISNE_conventional_hydroelectric_1_inlet,373,0.9335617730813652
ISNE_conventional_hydroelectric_1_inlet,374,0.933095540546047
ISNE_conventional_hydroelectric_1_inlet,375,3.408306336
ISNE_conventional_hydroelectric_1_inlet,376,0.9320953343761315
ISNE_conventional_hydroelectric_1_inlet,377,0.0
ISNE_conventional_hydroelectric_1_inlet,378,0.9311628693054943
ISNE_conventional_hydroelectric_1_inlet,379,0.4485811440071977
ISNE_conventional_hydroelectric_1_inlet,380,0.0
ISNE_conventional_hydroelectric_1_inlet,381,0.0
ISNE_conventional_hydroelectric_1_inlet,382,0.0
ISNE_conventional_hydroelectric_1_inlet,383,0.0
ISNE_conventional_hydroelectric_1_inlet,384,3.408306336
ISNE_conventional_hydroelectric_1_inlet,385,0.9056718485112758
ISNE_conventional_hydroelectric_1_inlet,386,0.9057972504129946
ISNE_conventional_hydroelectric_1_inlet,387,2.479259539156648
ISNE_conventional_hydroelectric_1_inlet,388,2.4789409942539327
ISNE_conventional_hydroelectric_1_inlet,389,2.478815592352214
ISNE_conventional_hydroelectric_1_inlet,390,2.478667904719611
ISNE_conventional_hydroelectric_1_inlet,391,2.8570248129240685
ISNE_conventional_hydroelectric_1_inlet,392,3.408306336
ISNE_conventional_hydroelectric_1_inlet,393,3.408306336
ISNE_conventional_hydroelectric_1_inlet,394,3.408306336
ISNE_conventional_hydroelectric_1_inlet,395,2.477883127281577
ISNE_conventional_hydroelectric_1_inlet,396,2.4777577253798584
ISNE_conventional_hydroelectric_1_inlet,397,1.841076266003031
ISNE_conventional_hydroelectric_1_inlet,398,1.8407354353694314
ISNE_conventional_hydroelectric_1_inlet,399,1.1168062198128466
ISNE_conventional_hydroelectric_1_inlet,400,1.8402014617348341
ISNE_conventional_hydroelectric_1_inlet,401,0.9081061273587028
ISNE_conventional_hydroelectric_1_inlet,402,1.8395875415669127
ISNE_conventional_hydroelectric_1_inlet,403,1.357153503901219
ISNE_conventional_hydroelectric_1_inlet,404,0.9085723598940214
ISNE_conventional_hydroelectric_1_inlet,405,0.9088909047967372
ISNE_conventional_hydroelectric_1_inlet,406,0.9090385924293397
ISNE_conventional_hydroelectric_1_inlet,407,0.9091639943310584
ISNE_conventional_hydroelectric_1_inlet,408,1.0560646015688382
ISNE_conventional_hydroelectric_1_inlet,409,0.0
ISNE_conventional_hydroelectric_1_inlet,410,0.0
ISNE_conventional_hydroelectric_1_inlet,411,0.0
ISNE_conventional_hydroelectric_1_inlet,412,0.0
ISNE_conventional_hydroelectric_1_inlet,413,0.0
ISNE_conventional_hydroelectric_1_inlet,414,0.0
ISNE_conventional_hydroelectric_1_inlet,415,0.3785500512054547
ISNE_conventional_hydroelectric_1_inlet,416,0.9299569761831047
ISNE_conventional_hydroelectric_1_inlet,417,0.9300823780848227
ISNE_conventional_hydroelectric_1_inlet,418,0.9302978068167047
ISNE_conventional_hydroelectric_1_inlet,419,0.0
ISNE_conventional_hydroelectric_1_inlet,420,0.0
ISNE_conventional_hydroelectric_1_inlet,421,0.0
ISNE_conventional_hydroelectric_1_inlet,422,0.0
ISNE_conventional_hydroelectric_1_inlet,423,2.047821062968307
ISNE_conventional_hydroelectric_1_inlet,424,2.4710465232746146
ISNE_conventional_hydroelectric_1_inlet,425,0.0
ISNE_conventional_hydroelectric_1_inlet,426,0.0
ISNE_conventional_hydroelectric_1_inlet,427,0.0
ISNE_conventional_hydroelectric_1_inlet,428,0.0
ISNE_conventional_hydroelectric_1_inlet,429,1.6022498540132923
ISNE_conventional_hydroelectric_1_inlet,430,0.0
ISNE_conventional_hydroelectric_1_inlet,431,1.8415552493615899
ISNE_conventional_hydroelectric_1_inlet,432,0.0
ISNE_conventional_hydroelectric_1_inlet,433,0.937259812725385
ISNE_conventional_hydroelectric_1_inlet,434,0.937259812725385
ISNE_conventional_hydroelectric_1_inlet,435,0.937259812725385
ISNE_conventional_hydroelectric_1_inlet,436,0.937259812725385
ISNE_conventional_hydroelectric_1_inlet,437,0.937259812725385
ISNE_conventional_hydroelectric_1_inlet,438,0.937259812725385
ISNE_conventional_hydroelectric_1_inlet,439,1.3158098639308398
ISNE_conventional_hydroelectric_1_inlet,440,1.8672167889084899
ISNE_conventional_hydroelectric_1_inlet,441,1.8673421908102081
ISNE_conventional_hydroelectric_1_inlet,442,1.86755761954209
ISNE_conventional_hydroelectric_1_inlet,443,0.937259812725385
ISNE_conventional_hydroelectric_1_inlet,444,0.937259812725385
ISNE_conventional_hydroelectric_1_inlet,445,0.937259812725385
ISNE_conventional_hydroelectric_1_inlet,446,0.937259812725385
ISNE_conventional_hydroelectric_1_inlet,447,2.9850808756936917
ISNE_conventional_hydroelectric_1_inlet,448,3.408306336
ISNE_conventional_hydroelectric_1_inlet,449,0.937259812725385
ISNE_conventional_hydroelectric_1_inlet,450,0.937259812725385
ISNE_conventional_hydroelectric_1_inlet,451,0.937259812725385
ISNE_conventional_hydroelectric_1_inlet,452,0.937259812725385
ISNE_conventional_hydroelectric_1_inlet,453,2.5395096667386774
ISNE_conventional_hydroelectric_1_inlet,454,0.937259812725385
ISNE_conventional_hydroelectric_1_inlet,455,2.778815062086975
ISNE_conventional_hydroelectric_1_inlet,456,0.937259812725385
ISNE_conventional_hydroelectric_1_inlet,457,1.8136268654500163
ISNE_conventional_hydroelectric_1_inlet,458,1.8136268654500163
ISNE_conventional_hydroelectric_1_inlet,459,1.8136268654500163
ISNE_conventional_hydroelectric_1_inlet,460,2.3881008759626328
ISNE_conventional_hydroelectric_1_inlet,461,2.389895939867421
ISNE_conventional_hydroelectric_1_inlet,462,2.3918164056739286
ISNE_conventional_hydroelectric_1_inlet,463,2.7132873735777507
ISNE_conventional_hydroelectric_1_inlet,464,3.325363509666611
ISNE_conventional_hydroelectric_1_inlet,465,3.327283975473118
ISNE_conventional_hydroelectric_1_inlet,466,2.766051442357845
ISNE_conventional_hydroelectric_1_inlet,467,2.4007917251978723
ISNE_conventional_hydroelectric_1_inlet,468,2.4025645033717766
ISNE_conventional_hydroelectric_1_inlet,469,2.404359567276565
ISNE_conventional_hydroelectric_1_inlet,470,2.4061546311813538
ISNE_conventional_hydroelectric_1_inlet,471,2.996903328938309
ISNE_conventional_hydroelectric_1_inlet,472,3.408306336
ISNE_conventional_hydroelectric_1_inlet,473,2.4115398228957208
ISNE_conventional_hydroelectric_1_inlet,474,2.4133348868005093
ISNE_conventional_hydroelectric_1_inlet,475,2.4151299507052975
ISNE_conventional_hydroelectric_1_inlet,476,2.4169027288792027
ISNE_conventional_hydroelectric_1_inlet,477,3.408306336
ISNE_conventional_hydroelectric_1_inlet,478,0.0
ISNE_conventional_hydroelectric_1_inlet,479,1.2589554693242495
ISNE_conventional_hydroelectric_1_inlet,480,2.4242083864000756
ISNE_conventional_hydroelectric_1_inlet,481,3.408306336
ISNE_conventional_hydroelectric_1_inlet,482,3.408306336
ISNE_conventional_hydroelectric_1_inlet,483,3.408306336
ISNE_conventional_hydroelectric_1_inlet,484,3.408306336
ISNE_conventional_hydroelectric_1_inlet,485,3.408306336
ISNE_conventional_hydroelectric_1_inlet,486,3.408306336
ISNE_conventional_hydroelectric_1_inlet,487,3.408306336
ISNE_conventional_hydroelectric_1_inlet,488,3.408306336
ISNE_conventional_hydroelectric_1_inlet,489,3.408306336
ISNE_conventional_hydroelectric_1_inlet,490,3.408306336
ISNE_conventional_hydroelectric_1_inlet,491,3.408306336
ISNE_conventional_hydroelectric_1_inlet,492,3.408306336
ISNE_conventional_hydroelectric_1_inlet,493,3.408306336
ISNE_conventional_hydroelectric_1_inlet,494,3.408306336
ISNE_conventional_hydroelectric_1_inlet,495,3.408306336
ISNE_conventional_hydroelectric_1_inlet,496,3.408306336
ISNE_conventional_hydroelectric_1_inlet,497,3.408306336
ISNE_conventional_hydroelectric_1_inlet,498,3.408306336
ISNE_conventional_hydroelectric_1_inlet,499,3.408306336
ISNE_conventional_hydroelectric_1_inlet,500,3.408306336
ISNE_conventional_hydroelectric_1_inlet,501,3.408306336
ISNE_conventional_hydroelectric_1_inlet,502,0.7201287613195915
ISNE_conventional_hydroelectric_1_inlet,503,2.8536349398742336
ISNE_conventional_hydroelectric_1_inlet,504,3.408306336
ISNE_conventional_hydroelectric_1_inlet,505,3.408306336
ISNE_conventional_hydroelectric_1_inlet,506,3.408306336
ISNE_conventional_hydroelectric_1_inlet,507,3.408306336
ISNE_conventional_hydroelectric_1_inlet,508,3.4077587652485843
ISNE_conventional_hydroelectric_1_inlet,509,3.408306336
ISNE_conventional_hydroelectric_1_inlet,510,3.408306336
ISNE_conventional_hydroelectric_1_inlet,511,3.408306336
ISNE_conventional_hydroelectric_1_inlet,512,3.408306336
ISNE_conventional_hydroelectric_1_inlet,513,3.408306336
ISNE_conventional_hydroelectric_1_inlet,514,3.408306336
ISNE_conventional_hydroelectric_1_inlet,515,3.408306336
ISNE_conventional_hydroelectric_1_inlet,516,3.408306336
ISNE_conventional_hydroelectric_1_inlet,517,3.408306336
ISNE_conventional_hydroelectric_1_inlet,518,3.408306336
ISNE_conventional_hydroelectric_1_inlet,519,3.408306336
ISNE_conventional_hydroelectric_1_inlet,520,3.408306336
ISNE_conventional_hydroelectric_1_inlet,521,3.408306336
ISNE_conventional_hydroelectric_1_inlet,522,3.408306336
ISNE_conventional_hydroelectric_1_inlet,523,3.408306336
ISNE_conventional_hydroelectric_1_inlet,524,3.408306336
ISNE_conventional_hydroelectric_1_inlet,525,3.408306336
ISNE_conventional_hydroelectric_1_inlet,526,2.194086277217181
ISNE_conventional_hydroelectric_1_inlet,527,3.408306336
ISNE_conventional_hydroelectric_1_inlet,528,3.408306336
ISNE_conventional_hydroelectric_1_inlet,529,1.707332822717581
ISNE_conventional_hydroelectric_1_inlet,530,2.605840712808808
ISNE_conventional_hydroelectric_1_inlet,531,3.408306336
ISNE_conventional_hydroelectric_1_inlet,532,1.6022204352985565
ISNE_conventional_hydroelectric_1_inlet,533,1.603881408687561
ISNE_conventional_hydroelectric_1_inlet,534,3.3556924475040923
ISNE_conventional_hydroelectric_1_inlet,535,3.408306336
ISNE_conventional_hydroelectric_1_inlet,536,3.2228811939156885
ISNE_conventional_hydroelectric_1_inlet,537,3.1944207673624154
ISNE_conventional_hydroelectric_1_inlet,538,3.408306336
ISNE_conventional_hydroelectric_1_inlet,539,3.408306336
ISNE_conventional_hydroelectric_1_inlet,540,3.408306336
ISNE_conventional_hydroelectric_1_inlet,541,3.408306336
ISNE_conventional_hydroelectric_1_inlet,542,3.408306336
ISNE_conventional_hydroelectric_1_inlet,543,3.408306336
ISNE_conventional_hydroelectric_1_inlet,544,3.408306336
ISNE_conventional_hydroelectric_1_inlet,545,3.408306336
ISNE_conventional_hydroelectric_1_inlet,546,2.9519336949117307
ISNE_conventional_hydroelectric_1_inlet,547,3.408306336
ISNE_conventional_hydroelectric_1_inlet,548,3.408306336
ISNE_conventional_hydroelectric_1_inlet,549,1.6182578302451351
ISNE_conventional_hydroelectric_1_inlet,550,0.4049803168297923
ISNE_conventional_hydroelectric_1_inlet,551,3.408306336
ISNE_conventional_hydroelectric_1_inlet,552,3.408306336
ISNE_conventional_hydroelectric_1_inlet,553,2.6313427056553818
ISNE_conventional_hydroelectric_1_inlet,554,3.408306336
ISNE_conventional_hydroelectric_1_inlet,555,3.100385368287514
ISNE_conventional_hydroelectric_1_inlet,556,3.408306336
ISNE_conventional_hydroelectric_1_inlet,557,3.2081063651880197
ISNE_conventional_hydroelectric_1_inlet,558,2.713029282971017
ISNE_conventional_hydroelectric_1_inlet,559,2.1907877247964325
ISNE_conventional_hydroelectric_1_inlet,560,1.6206607586171318
ISNE_conventional_hydroelectric_1_inlet,561,1.5922003320638594
ISNE_conventional_hydroelectric_1_inlet,562,1.8060859007014436
ISNE_conventional_hydroelectric_1_inlet,563,3.408306336
ISNE_conventional_hydroelectric_1_inlet,564,3.408306336
ISNE_conventional_hydroelectric_1_inlet,565,3.408306336
ISNE_conventional_hydroelectric_1_inlet,566,3.408306336
ISNE_conventional_hydroelectric_1_inlet,567,3.408306336
ISNE_conventional_hydroelectric_1_inlet,568,3.408306336
ISNE_conventional_hydroelectric_1_inlet,569,3.408306336
ISNE_conventional_hydroelectric_1_inlet,570,3.2898204389680727
ISNE_conventional_hydroelectric_1_inlet,571,3.408306336
ISNE_conventional_hydroelectric_1_inlet,572,3.408306336
ISNE_conventional_hydroelectric_1_inlet,573,1.6231189029434554
ISNE_conventional_hydroelectric_1_inlet,574,2.211066217531236
ISNE_conventional_hydroelectric_1_inlet,575,3.408306336
ISNE_conventional_hydroelectric_1_inlet,576,3.408306336
MISC_conventional_hydroelectric_1_inlet,1,0.0
MISC_conventional_hydroelectric_1_inlet,2,0.3512516776761829
MISC_conventional_hydroelectric_1_inlet,3,0.35173670679036373
MISC_conventional_hydroelectric_1_inlet,4,0.0
MISC_conventional_hydroelectric_1_inlet,5,0.0
MISC_conventional_hydroelectric_1_inlet,6,0.3532393701448525
MISC_conventional_hydroelectric_1_inlet,7,0.0
MISC_conventional_hydroelectric_1_inlet,8,0.07074548448845898
MISC_conventional_hydroelectric_1_inlet,9,1.657919016
MISC_conventional_hydroelectric_1_inlet,10,1.004309397931203
MISC_conventional_hydroelectric_1_inlet,11,0.3558285334738359
MISC_conventional_hydroelectric_1_inlet,12,0.3564300043341505
MISC_conventional_hydroelectric_1_inlet,13,0.35688465576642636
MISC_conventional_hydroelectric_1_inlet,14,0.35748612662674056
MISC_conventional_hydroelectric_1_inlet,15,0.3579367228738279
MISC_conventional_hydroelectric_1_inlet,16,0.3584176968028197
MISC_conventional_hydroelectric_1_inlet,17,0.3590191676631339
MISC_conventional_hydroelectric_1_inlet,18,1.657919016
MISC_conventional_hydroelectric_1_inlet,19,0.8689650267619208
MISC_conventional_hydroelectric_1_inlet,20,0.36052588620281123
MISC_conventional_hydroelectric_1_inlet,21,0.08878956412189566
MISC_conventional_hydroelectric_1_inlet,22,0.0588099158536835
MISC_conventional_hydroelectric_1_inlet,23,0.0
MISC_conventional_hydroelectric_1_inlet,24,0.057180600376068376
MISC_conventional_hydroelectric_1_inlet,25,0.0
MISC_conventional_hydroelectric_1_inlet,26,0.0
MISC_conventional_hydroelectric_1_inlet,27,0.0
MISC_conventional_hydroelectric_1_inlet,28,0.0
MISC_conventional_hydroelectric_1_inlet,29,0.4274220947718992
MISC_conventional_hydroelectric_1_inlet,30,0.031690736091877524
MISC_conventional_hydroelectric_1_inlet,31,0.42848907916767365
MISC_conventional_hydroelectric_1_inlet,32,0.49968515990321966
MISC_conventional_hydroelectric_1_inlet,33,1.657919016
MISC_conventional_hydroelectric_1_inlet,34,0.49899827670486774
MISC_conventional_hydroelectric_1_inlet,35,0.498692436086214
MISC_conventional_hydroelectric_1_inlet,36,0.7875191089339918
MISC_conventional_hydroelectric_1_inlet,37,0.5506547716741179
MISC_conventional_hydroelectric_1_inlet,38,0.789506801402661
MISC_conventional_hydroelectric_1_inlet,39,0.4973789543621819
MISC_conventional_hydroelectric_1_inlet,40,0.4971143535286172
MISC_conventional_hydroelectric_1_inlet,41,0.4966880159786412
MISC_conventional_hydroelectric_1_inlet,42,0.434150742279096
MISC_conventional_hydroelectric_1_inlet,43,0.0
MISC_conventional_hydroelectric_1_inlet,44,0.48062853457548615
MISC_conventional_hydroelectric_1_inlet,45,0.5244731935405694
MISC_conventional_hydroelectric_1_inlet,46,0.4950686936359553
MISC_conventional_hydroelectric_1_inlet,47,0.43675061381444785
MISC_conventional_hydroelectric_1_inlet,48,0.4943818104376035
MISC_conventional_hydroelectric_1_inlet,49,0.5419924453548873
MISC_conventional_hydroelectric_1_inlet,50,0.5422679082916362
MISC_conventional_hydroelectric_1_inlet,51,0.5425737489102899
MISC_conventional_hydroelectric_1_inlet,52,0.5430000864602659
MISC_conventional_hydroelectric_1_inlet,53,0.9706976441689139
MISC_conventional_hydroelectric_1_inlet,54,0.5752721261075459
MISC_conventional_hydroelectric_1_inlet,55,0.9724968067333181
MISC_conventional_hydroelectric_1_inlet,56,1.0439987280875176
MISC_conventional_hydroelectric_1_inlet,57,1.0439987280875176
MISC_conventional_hydroelectric_1_inlet,58,1.0439987280875176
MISC_conventional_hydroelectric_1_inlet,59,1.0439987280875176
MISC_conventional_hydroelectric_1_inlet,60,1.3331008638720443
MISC_conventional_hydroelectric_1_inlet,61,1.0966628641621463
MISC_conventional_hydroelectric_1_inlet,62,1.335820734509343
MISC_conventional_hydroelectric_1_inlet,63,1.0439987280875176
MISC_conventional_hydroelectric_1_inlet,64,1.0439987280875176
MISC_conventional_hydroelectric_1_inlet,65,1.0439987280875176
MISC_conventional_hydroelectric_1_inlet,66,0.9817672950066262
MISC_conventional_hydroelectric_1_inlet,67,0.5479223933461838
MISC_conventional_hydroelectric_1_inlet,68,1.0289468877897412
MISC_conventional_hydroelectric_1_inlet,69,1.0730973873734782
MISC_conventional_hydroelectric_1_inlet,70,1.0439987280875176
MISC_conventional_hydroelectric_1_inlet,71,0.9860766081340813
MISC_conventional_hydroelectric_1_inlet,72,1.0439987280875176
MISC_conventional_hydroelectric_1_inlet,73,0.0
MISC_conventional_hydroelectric_1_inlet,74,0.0
MISC_conventional_hydroelectric_1_inlet,75,0.0
MISC_conventional_hydroelectric_1_inlet,76,0.0
MISC_conventional_hydroelectric_1_inlet,77,0.0
MISC_conventional_hydroelectric_1_inlet,78,0.0
MISC_conventional_hydroelectric_1_inlet,79,0.0
MISC_conventional_hydroelectric_1_inlet,80,0.0
MISC_conventional_hydroelectric_1_inlet,81,0.0
MISC_conventional_hydroelectric_1_inlet,82,0.0
MISC_conventional_hydroelectric_1_inlet,83,0.0
MISC_conventional_hydroelectric_1_inlet,84,0.28910213578452665
MISC_conventional_hydroelectric_1_inlet,85,0.052664136074628734
MISC_conventional_hydroelectric_1_inlet,86,0.29182200642182543
MISC_conventional_hydroelectric_1_inlet,87,0.0
MISC_conventional_hydroelectric_1_inlet,88,0.0
MISC_conventional_hydroelectric_1_inlet,89,0.0
MISC_conventional_hydroelectric_1_inlet,90,0.0
MISC_conventional_hydroelectric_1_inlet,91,1.0439987280875176
MISC_conventional_hydroelectric_1_inlet,92,0.0
MISC_conventional_hydroelectric_1_inlet,93,0.02909865928596046
MISC_conventional_hydroelectric_1_inlet,94,0.0
MISC_conventional_hydroelectric_1_inlet,95,0.0
MISC_conventional_hydroelectric_1_inlet,96,0.0
MISC_conventional_hydroelectric_1_inlet,97,0.0
MISC_conventional_hydroelectric_1_inlet,98,0.0
MISC_conventional_hydroelectric_1_inlet,99,0.0
MISC_conventional_hydroelectric_1_inlet,100,0.0
MISC_conventional_hydroelectric_1_inlet,101,0.0
MISC_conventional_hydroelectric_1_inlet,102,0.0
MISC_conventional_hydroelectric_1_inlet,103,0.0
MISC_conventional_hydroelectric_1_inlet,104,0.0
MISC_conventional_hydroelectric_1_inlet,105,0.0
MISC_conventional_hydroelectric_1_inlet,106,0.0
MISC_conventional_hydroelectric_1_inlet,107,0.0
MISC_conventional_hydroelectric_1_inlet,108,0.0
MISC_conventional_hydroelectric_1_inlet,109,0.0
MISC_conventional_hydroelectric_1_inlet,110,0.0
MISC_conventional_hydroelectric_1_inlet,111,0.0
MISC_conventional_hydroelectric_1_inlet,112,0.0
MISC_conventional_hydroelectric_1_inlet,113,0.0
MISC_conventional_hydroelectric_1_inlet,114,0.0
MISC_conventional_hydroelectric_1_inlet,115,0.0
MISC_conventional_hydroelectric_1_inlet,116,0.0
MISC_conventional_hydroelectric_1_inlet,117,0.0
MISC_conventional_hydroelectric_1_inlet,118,0.0
MISC_conventional_hydroelectric_1_inlet,119,0.0
MISC_conventional_hydroelectric_1_inlet,120,0.0
MISC_conventional_hydroelectric_1_inlet,121,0.756283239394783
MISC_conventional_hydroelectric_1_inlet,122,0.30812670234767964
MISC_conventional_hydroelectric_1_inlet,123,0.7571789646303546
MISC_conventional_hydroelectric_1_inlet,124,0.7576948059105676
MISC_conventional_hydroelectric_1_inlet,125,0.7582106471907807
MISC_conventional_hydroelectric_1_inlet,126,0.0
MISC_conventional_hydroelectric_1_inlet,127,0.0
MISC_conventional_hydroelectric_1_inlet,128,0.0
MISC_conventional_hydroelectric_1_inlet,129,0.0
MISC_conventional_hydroelectric_1_inlet,130,0.7605786943059465
MISC_conventional_hydroelectric_1_inlet,131,0.7609740386548371
MISC_conventional_hydroelectric_1_inlet,132,0.7614898799350501
MISC_conventional_hydroelectric_1_inlet,133,0.7620165833184472
MISC_conventional_hydroelectric_1_inlet,134,0.7624159828525268
MISC_conventional_hydroelectric_1_inlet,135,0.7629318241327396
MISC_conventional_hydroelectric_1_inlet,136,0.7633271684816304
MISC_conventional_hydroelectric_1_inlet,137,0.7638538718650273
MISC_conventional_hydroelectric_1_inlet,138,0.7643737683304291
MISC_conventional_hydroelectric_1_inlet,139,0.7647691126793198
MISC_conventional_hydroelectric_1_inlet,140,0.7652958160627168
MISC_conventional_hydroelectric_1_inlet,141,0.7656952155967962
MISC_conventional_hydroelectric_1_inlet,142,0.7662110568770092
MISC_conventional_hydroelectric_1_inlet,143,0.7667268981572223
MISC_conventional_hydroelectric_1_inlet,144,0.7671331046092971
MISC_conventional_hydroelectric_1_inlet,145,1.5405389651863806
MISC_conventional_hydroelectric_1_inlet,146,1.092382428139277
MISC_conventional_hydroelectric_1_inlet,147,1.30553943606581
MISC_conventional_hydroelectric_1_inlet,148,1.5419505317021651
MISC_conventional_hydroelectric_1_inlet,149,1.5424663729823782
MISC_conventional_hydroelectric_1_inlet,150,0.0
MISC_conventional_hydroelectric_1_inlet,151,0.0
MISC_conventional_hydroelectric_1_inlet,152,0.0
MISC_conventional_hydroelectric_1_inlet,153,0.0
MISC_conventional_hydroelectric_1_inlet,154,0.0
MISC_conventional_hydroelectric_1_inlet,155,0.0
MISC_conventional_hydroelectric_1_inlet,156,0.0
MISC_conventional_hydroelectric_1_inlet,157,0.0
MISC_conventional_hydroelectric_1_inlet,158,0.0
MISC_conventional_hydroelectric_1_inlet,159,1.282523526057334
MISC_conventional_hydroelectric_1_inlet,160,1.2817799788873718
MISC_conventional_hydroelectric_1_inlet,161,1.2810101092206931
MISC_conventional_hydroelectric_1_inlet,162,1.2803498743821526
MISC_conventional_hydroelectric_1_inlet,163,1.2796063272121905
MISC_conventional_hydroelectric_1_inlet,164,0.6790775371070434
MISC_conventional_hydroelectric_1_inlet,165,0.0
MISC_conventional_hydroelectric_1_inlet,166,0.0
MISC_conventional_hydroelectric_1_inlet,167,0.0
MISC_conventional_hydroelectric_1_inlet,168,0.0
MISC_conventional_hydroelectric_1_inlet,169,0.8471853296574618
MISC_conventional_hydroelectric_1_inlet,170,0.4331540312940703
MISC_conventional_hydroelectric_1_inlet,171,1.3609445800015694
MISC_conventional_hydroelectric_1_inlet,172,1.3609445800015694
MISC_conventional_hydroelectric_1_inlet,173,1.3609445800015694
MISC_conventional_hydroelectric_1_inlet,174,0.9683923075961308
MISC_conventional_hydroelectric_1_inlet,175,0.9691317995809045
MISC_conventional_hydroelectric_1_inlet,176,0.9699125313507668
MISC_conventional_hydroelectric_1_inlet,177,0.9705659592713121
MISC_conventional_hydroelectric_1_inlet,178,0.9713054512560855
MISC_conventional_hydroelectric_1_inlet,179,0.0
MISC_conventional_hydroelectric_1_inlet,180,0.0
MISC_conventional_hydroelectric_1_inlet,181,0.0
MISC_conventional_hydroelectric_1_inlet,182,0.0
MISC_conventional_hydroelectric_1_inlet,183,0.5997589204384687
MISC_conventional_hydroelectric_1_inlet,184,0.5997589204384687
MISC_conventional_hydroelectric_1_inlet,185,0.5997589204384687
MISC_conventional_hydroelectric_1_inlet,186,0.5997589204384687
MISC_conventional_hydroelectric_1_inlet,187,0.5997589204384687
MISC_conventional_hydroelectric_1_inlet,188,0.0
MISC_conventional_hydroelectric_1_inlet,189,0.9796003325596353
MISC_conventional_hydroelectric_1_inlet,190,0.8836462697703288
MISC_conventional_hydroelectric_1_inlet,191,0.981113749396276
MISC_conventional_hydroelectric_1_inlet,192,0.0
MISC_conventional_hydroelectric_1_inlet,193,1.657919016
MISC_conventional_hydroelectric_1_inlet,194,0.7611966755631007
MISC_conventional_hydroelectric_1_inlet,195,0.7611966755631007
MISC_conventional_hydroelectric_1_inlet,196,0.7611966755631007
MISC_conventional_hydroelectric_1_inlet,197,0.7611966755631007
MISC_conventional_hydroelectric_1_inlet,198,0.7611966755631007
MISC_conventional_hydroelectric_1_inlet,199,0.7611966755631007
MISC_conventional_hydroelectric_1_inlet,200,0.7611966755631007
MISC_conventional_hydroelectric_1_inlet,201,0.7611966755631007
MISC_conventional_hydroelectric_1_inlet,202,0.7611966755631007
MISC_conventional_hydroelectric_1_inlet,203,1.0581600955615313
MISC_conventional_hydroelectric_1_inlet,204,1.0581600955615313
MISC_conventional_hydroelectric_1_inlet,205,1.0581600955615313
MISC_conventional_hydroelectric_1_inlet,206,1.0581600955615313
MISC_conventional_hydroelectric_1_inlet,207,1.657919016
MISC_conventional_hydroelectric_1_inlet,208,1.657919016
MISC_conventional_hydroelectric_1_inlet,209,1.657919016
MISC_conventional_hydroelectric_1_inlet,210,1.657919016
MISC_conventional_hydroelectric_1_inlet,211,1.657919016
MISC_conventional_hydroelectric_1_inlet,212,1.0581600955615313
MISC_conventional_hydroelectric_1_inlet,213,0.7611966755631007
MISC_conventional_hydroelectric_1_inlet,214,0.7611966755631007
MISC_conventional_hydroelectric_1_inlet,215,0.7611966755631007
MISC_conventional_hydroelectric_1_inlet,216,0.7611966755631007
MISC_conventional_hydroelectric_1_inlet,217,1.657919016
MISC_conventional_hydroelectric_1_inlet,218,1.657919016
MISC_conventional_hydroelectric_1_inlet,219,1.657919016
MISC_conventional_hydroelectric_1_inlet,220,1.657919016
MISC_conventional_hydroelectric_1_inlet,221,1.657919016
MISC_conventional_hydroelectric_1_inlet,222,1.657919016
MISC_conventional_hydroelectric_1_inlet,223,1.657919016
MISC_conventional_hydroelectric_1_inlet,224,1.657919016
MISC_conventional_hydroelectric_1_inlet,225,1.657919016
MISC_conventional_hydroelectric_1_inlet,226,1.657919016
MISC_conventional_hydroelectric_1_inlet,227,1.657919016
MISC_conventional_hydroelectric_1_inlet,228,1.657919016
MISC_conventional_hydroelectric_1_inlet,229,1.657919016
MISC_conventional_hydroelectric_1_inlet,230,1.657919016
MISC_conventional_hydroelectric_1_inlet,231,1.657919016
MISC_conventional_hydroelectric_1_inlet,232,1.657919016
MISC_conventional_hydroelectric_1_inlet,233,1.657919016
MISC_conventional_hydroelectric_1_inlet,234,1.657919016
MISC_conventional_hydroelectric_1_inlet,235,1.657919016
MISC_conventional_hydroelectric_1_inlet,236,1.657919016
MISC_conventional_hydroelectric_1_inlet,237,1.657919016
MISC_conventional_hydroelectric_1_inlet,238,1.657919016
MISC_conventional_hydroelectric_1_inlet,239,1.657919016
MISC_conventional_hydroelectric_1_inlet,240,1.657919016
MISC_conventional_hydroelectric_1_inlet,241,1.0994976757861699
MISC_conventional_hydroelectric_1_inlet,242,1.0994976757861699
MISC_conventional_hydroelectric_1_inlet,243,1.0994976757861699
MISC_conventional_hydroelectric_1_inlet,244,1.0994976757861699
MISC_conventional_hydroelectric_1_inlet,245,1.0994976757861699
MISC_conventional_hydroelectric_1_inlet,246,1.0994976757861699
MISC_conventional_hydroelectric_1_inlet,247,1.0994976757861699
MISC_conventional_hydroelectric_1_inlet,248,1.0994976757861699
MISC_conventional_hydroelectric_1_inlet,249,1.0994976757861699
MISC_conventional_hydroelectric_1_inlet,250,1.0994976757861699
MISC_conventional_hydroelectric_1_inlet,251,1.657919016
MISC_conventional_hydroelectric_1_inlet,252,1.3805781095931295
MISC_conventional_hydroelectric_1_inlet,253,1.657919016
MISC_conventional_hydroelectric_1_inlet,254,1.0994976757861699
MISC_conventional_hydroelectric_1_inlet,255,1.0994976757861699
MISC_conventional_hydroelectric_1_inlet,256,1.0994976757861699
MISC_conventional_hydroelectric_1_inlet,257,1.0994976757861699
MISC_conventional_hydroelectric_1_inlet,258,1.0994976757861699
MISC_conventional_hydroelectric_1_inlet,259,1.0994976757861699
MISC_conventional_hydroelectric_1_inlet,260,1.657919016
MISC_conventional_hydroelectric_1_inlet,261,1.0994976757861699
MISC_conventional_hydroelectric_1_inlet,262,1.0994976757861699
MISC_conventional_hydroelectric_1_inlet,263,1.657919016
MISC_conventional_hydroelectric_1_inlet,264,1.0994976757861699
MISC_conventional_hydroelectric_1_inlet,265,1.657919016
MISC_conventional_hydroelectric_1_inlet,266,1.657919016
MISC_conventional_hydroelectric_1_inlet,267,1.657919016
MISC_conventional_hydroelectric_1_inlet,268,1.657919016
MISC_conventional_hydroelectric_1_inlet,269,1.657919016
MISC_conventional_hydroelectric_1_inlet,270,1.657919016
MISC_conventional_hydroelectric_1_inlet,271,1.657919016
MISC_conventional_hydroelectric_1_inlet,272,1.657919016
MISC_conventional_hydroelectric_1_inlet,273,1.657919016
MISC_conventional_hydroelectric_1_inlet,274,1.657919016
MISC_conventional_hydroelectric_1_inlet,275,1.657919016
MISC_conventional_hydroelectric_1_inlet,276,1.657919016
MISC_conventional_hydroelectric_1_inlet,277,1.657919016
MISC_conventional_hydroelectric_1_inlet,278,1.657919016
MISC_conventional_hydroelectric_1_inlet,279,1.657919016
MISC_conventional_hydroelectric_1_inlet,280,1.657919016
MISC_conventional_hydroelectric_1_inlet,281,1.657919016
MISC_conventional_hydroelectric_1_inlet,282,1.657919016
MISC_conventional_hydroelectric_1_inlet,283,1.657919016
MISC_conventional_hydroelectric_1_inlet,284,1.657919016
MISC_conventional_hydroelectric_1_inlet,285,1.657919016
MISC_conventional_hydroelectric_1_inlet,286,1.657919016
MISC_conventional_hydroelectric_1_inlet,287,1.657919016
MISC_conventional_hydroelectric_1_inlet,288,1.657919016
MISC_conventional_hydroelectric_1_inlet,289,0.5701204499310608
MISC_conventional_hydroelectric_1_inlet,290,0.5701915967069167
MISC_conventional_hydroelectric_1_inlet,291,0.5702736055859565
MISC_conventional_hydroelectric_1_inlet,292,0.5703515592798079
MISC_conventional_hydroelectric_1_inlet,293,0.5704335681588477
MISC_conventional_hydroelectric_1_inlet,294,0.5705006597495149
MISC_conventional_hydroelectric_1_inlet,295,0.5705826686285548
MISC_conventional_hydroelectric_1_inlet,296,1.0731351341162922
MISC_conventional_hydroelectric_1_inlet,297,0.570742631201446
MISC_conventional_hydroelectric_1_inlet,298,0.5708246400804863
MISC_conventional_hydroelectric_1_inlet,299,0.570891731671153
MISC_conventional_hydroelectric_1_inlet,300,0.5709737405501933
MISC_conventional_hydroelectric_1_inlet,301,1.0731351341162922
MISC_conventional_hydroelectric_1_inlet,302,1.657919016
MISC_conventional_hydroelectric_1_inlet,303,1.657919016
MISC_conventional_hydroelectric_1_inlet,304,1.657919016
MISC_conventional_hydroelectric_1_inlet,305,1.657919016
MISC_conventional_hydroelectric_1_inlet,306,1.657919016
MISC_conventional_hydroelectric_1_inlet,307,1.657919016
MISC_conventional_hydroelectric_1_inlet,308,1.657919016
MISC_conventional_hydroelectric_1_inlet,309,1.0731351341162922
MISC_conventional_hydroelectric_1_inlet,310,0.5716353874621477
MISC_conventional_hydroelectric_1_inlet,311,1.0731351341162922
MISC_conventional_hydroelectric_1_inlet,312,1.657919016
MISC_conventional_hydroelectric_1_inlet,313,1.1549043318147687
MISC_conventional_hydroelectric_1_inlet,314,1.1549754785906245
MISC_conventional_hydroelectric_1_inlet,315,1.073573447118008
MISC_conventional_hydroelectric_1_inlet,316,1.1551354411635155
MISC_conventional_hydroelectric_1_inlet,317,1.095574441309886
MISC_conventional_hydroelectric_1_inlet,318,1.1552845416332227
MISC_conventional_hydroelectric_1_inlet,319,1.1553665505122626
MISC_conventional_hydroelectric_1_inlet,320,1.657919016
MISC_conventional_hydroelectric_1_inlet,321,1.073579747137855
MISC_conventional_hydroelectric_1_inlet,322,1.0736445576868534
MISC_conventional_hydroelectric_1_inlet,323,1.155675613554861
MISC_conventional_hydroelectric_1_inlet,324,1.1557576224339012
MISC_conventional_hydroelectric_1_inlet,325,1.657919016
MISC_conventional_hydroelectric_1_inlet,326,1.657919016
MISC_conventional_hydroelectric_1_inlet,327,1.657919016
MISC_conventional_hydroelectric_1_inlet,328,1.657919016
MISC_conventional_hydroelectric_1_inlet,329,1.657919016
MISC_conventional_hydroelectric_1_inlet,330,1.657919016
MISC_conventional_hydroelectric_1_inlet,331,1.657919016
MISC_conventional_hydroelectric_1_inlet,332,1.657919016
MISC_conventional_hydroelectric_1_inlet,333,1.657919016
MISC_conventional_hydroelectric_1_inlet,334,0.49055961736217113
MISC_conventional_hydroelectric_1_inlet,335,1.657919016
MISC_conventional_hydroelectric_1_inlet,336,1.657919016
MISC_conventional_hydroelectric_1_inlet,337,0.08130963118153031
MISC_conventional_hydroelectric_1_inlet,338,0.0813463450902924
MISC_conventional_hydroelectric_1_inlet,339,0.0
MISC_conventional_hydroelectric_1_inlet,340,0.08151264389004109
MISC_conventional_hydroelectric_1_inlet,341,0.021917211169317784
MISC_conventional_hydroelectric_1_inlet,342,0.08170251345369907
MISC_conventional_hydroelectric_1_inlet,343,0.0817500894656454
MISC_conventional_hydroelectric_1_inlet,344,0.5842532047979164
MISC_conventional_hydroelectric_1_inlet,345,0.0
MISC_conventional_hydroelectric_1_inlet,346,0.0
MISC_conventional_hydroelectric_1_inlet,347,0.08198576089772971
MISC_conventional_hydroelectric_1_inlet,348,0.08214977865581004
MISC_conventional_hydroelectric_1_inlet,349,1.0747606025820091
MISC_conventional_hydroelectric_1_inlet,350,1.074809952737476
MISC_conventional_hydroelectric_1_inlet,351,0.584317508448766
MISC_conventional_hydroelectric_1_inlet,352,1.657919016
MISC_conventional_hydroelectric_1_inlet,353,1.657919016
MISC_conventional_hydroelectric_1_inlet,354,1.657919016
MISC_conventional_hydroelectric_1_inlet,355,1.657919016
MISC_conventional_hydroelectric_1_inlet,356,1.657919016
MISC_conventional_hydroelectric_1_inlet,357,1.657919016
MISC_conventional_hydroelectric_1_inlet,358,1.0747949992420922
MISC_conventional_hydroelectric_1_inlet,359,1.0748294321091858
MISC_conventional_hydroelectric_1_inlet,360,1.0748747270794636
MISC_conventional_hydroelectric_1_inlet,361,0.0
MISC_conventional_hydroelectric_1_inlet,362,0.0
MISC_conventional_hydroelectric_1_inlet,363,0.0
MISC_conventional_hydroelectric_1_inlet,364,0.0
MISC_conventional_hydroelectric_1_inlet,365,0.0
MISC_conventional_hydroelectric_1_inlet,366,0.0
MISC_conventional_hydroelectric_1_inlet,367,0.5075633347216165
MISC_conventional_hydroelectric_1_inlet,368,0.5076679005682687
MISC_conventional_hydroelectric_1_inlet,369,0.5077792733329164
MISC_conventional_hydroelectric_1_inlet,370,0.0
MISC_conventional_hydroelectric_1_inlet,371,0.0
MISC_conventional_hydroelectric_1_inlet,372,0.0
MISC_conventional_hydroelectric_1_inlet,373,0.0
MISC_conventional_hydroelectric_1_inlet,374,0.0
MISC_conventional_hydroelectric_1_inlet,375,0.0
MISC_conventional_hydroelectric_1_inlet,376,0.5831606944596593
MISC_conventional_hydroelectric_1_inlet,377,1.657919016
MISC_conventional_hydroelectric_1_inlet,378,1.657919016
MISC_conventional_hydroelectric_1_inlet,379,1.657919016
MISC_conventional_hydroelectric_1_inlet,380,0.5830873028491457
MISC_conventional_hydroelectric_1_inlet,381,0.5830420078788676
MISC_conventional_hydroelectric_1_inlet,382,0.0
MISC_conventional_hydroelectric_1_inlet,383,0.0
MISC_conventional_hydroelectric_1_inlet,384,0.0
MISC_conventional_hydroelectric_1_inlet,385,0.5774692329785018
MISC_conventional_hydroelectric_1_inlet,386,0.5774094914109894
MISC_conventional_hydroelectric_1_inlet,387,0.5773538050286655
MISC_conventional_hydroelectric_1_inlet,388,0.5772981186463416
MISC_conventional_hydroelectric_1_inlet,389,0.5772383770788292
MISC_conventional_hydroelectric_1_inlet,390,0.5773031876278276
MISC_conventional_hydroelectric_1_inlet,391,1.0848371584638365
MISC_conventional_hydroelectric_1_inlet,392,1.0848969000313489
MISC_conventional_hydroelectric_1_inlet,393,1.0849525864136726
MISC_conventional_hydroelectric_1_inlet,394,0.5771135715132437
MISC_conventional_hydroelectric_1_inlet,395,0.0
MISC_conventional_hydroelectric_1_inlet,396,0.5771186404947297
MISC_conventional_hydroelectric_1_inlet,397,0.5770629541124059
MISC_conventional_hydroelectric_1_inlet,398,0.0
MISC_conventional_hydroelectric_1_inlet,399,0.0
MISC_conventional_hydroelectric_1_inlet,400,0.0
MISC_conventional_hydroelectric_1_inlet,401,0.5769744732472395
MISC_conventional_hydroelectric_1_inlet,402,0.5769187868649157
MISC_conventional_hydroelectric_1_inlet,403,0.5768631004825918
MISC_conventional_hydroelectric_1_inlet,404,0.0
MISC_conventional_hydroelectric_1_inlet,405,0.0
MISC_conventional_hydroelectric_1_inlet,406,0.0
MISC_conventional_hydroelectric_1_inlet,407,0.0
MISC_conventional_hydroelectric_1_inlet,408,0.5766969012351018
MISC_conventional_hydroelectric_1_inlet,409,0.0
MISC_conventional_hydroelectric_1_inlet,410,0.0
MISC_conventional_hydroelectric_1_inlet,411,0.0
MISC_conventional_hydroelectric_1_inlet,412,0.0
MISC_conventional_hydroelectric_1_inlet,413,0.0
MISC_conventional_hydroelectric_1_inlet,414,0.0
MISC_conventional_hydroelectric_1_inlet,415,0.0
MISC_conventional_hydroelectric_1_inlet,416,0.0
MISC_conventional_hydroelectric_1_inlet,417,0.0
MISC_conventional_hydroelectric_1_inlet,418,0.0
MISC_conventional_hydroelectric_1_inlet,419,0.0
MISC_conventional_hydroelectric_1_inlet,420,0.0
MISC_conventional_hydroelectric_1_inlet,421,0.0
MISC_conventional_hydroelectric_1_inlet,422,0.0
MISC_conventional_hydroelectric_1_inlet,423,0.0
MISC_conventional_hydroelectric_1_inlet,424,0.0
MISC_conventional_hydroelectric_1_inlet,425,0.0
MISC_conventional_hydroelectric_1_inlet,426,0.0
MISC_conventional_hydroelectric_1_inlet,427,0.0
MISC_conventional_hydroelectric_1_inlet,428,0.0
MISC_conventional_hydroelectric_1_inlet,429,0.0
MISC_conventional_hydroelectric_1_inlet,430,0.0
MISC_conventional_hydroelectric_1_inlet,431,0.0
MISC_conventional_hydroelectric_1_inlet,432,0.0
MISC_conventional_hydroelectric_1_inlet,433,0.5715977955163571
MISC_conventional_hydroelectric_1_inlet,434,0.5715977955163571
MISC_conventional_hydroelectric_1_inlet,435,0.5715977955163571
MISC_conventional_hydroelectric_1_inlet,436,0.5715977955163571
MISC_conventional_hydroelectric_1_inlet,437,0.5715977955163571
MISC_conventional_hydroelectric_1_inlet,438,0.5715977955163571
MISC_conventional_hydroelectric_1_inlet,439,0.5715977955163571
MISC_conventional_hydroelectric_1_inlet,440,0.5715977955163571
MISC_conventional_hydroelectric_1_inlet,441,0.5715977955163571
MISC_conventional_hydroelectric_1_inlet,442,0.5715977955163571
MISC_conventional_hydroelectric_1_inlet,443,0.07866570471495131
MISC_conventional_hydroelectric_1_inlet,444,0.07877809127589624
MISC_conventional_hydroelectric_1_inlet,445,0.0
MISC_conventional_hydroelectric_1_inlet,446,0.0
MISC_conventional_hydroelectric_1_inlet,447,0.0
MISC_conventional_hydroelectric_1_inlet,448,0.0
MISC_conventional_hydroelectric_1_inlet,449,0.0
MISC_conventional_hydroelectric_1_inlet,450,0.07974449259618575
MISC_conventional_hydroelectric_1_inlet,451,0.0
MISC_conventional_hydroelectric_1_inlet,452,0.08006344015268155
MISC_conventional_hydroelectric_1_inlet,453,0.08017582671362639
MISC_conventional_hydroelectric_1_inlet,454,0.0803783325239886
MISC_conventional_hydroelectric_1_inlet,455,0.08050158118811766
MISC_conventional_hydroelectric_1_inlet,456,0.08070408699847988
MISC_conventional_hydroelectric_1_inlet,457,1.0996526055845863
MISC_conventional_hydroelectric_1_inlet,458,1.0994500997742236
MISC_conventional_hydroelectric_1_inlet,459,1.0993268511100946
MISC_conventional_hydroelectric_1_inlet,460,1.0991243452997326
MISC_conventional_hydroelectric_1_inlet,461,1.0990079035535991
MISC_conventional_hydroelectric_1_inlet,462,1.098775020061332
MISC_conventional_hydroelectric_1_inlet,463,1.098693011182292
MISC_conventional_hydroelectric_1_inlet,464,1.098449265586841
MISC_conventional_hydroelectric_1_inlet,465,1.0983672567078009
MISC_conventional_hydroelectric_1_inlet,466,1.098254870146856
MISC_conventional_hydroelectric_1_inlet,467,0.6051202735350879
MISC_conventional_hydroelectric_1_inlet,468,0.6051202735350879
MISC_conventional_hydroelectric_1_inlet,469,0.5261288143456453
MISC_conventional_hydroelectric_1_inlet,470,0.5260164277847004
MISC_conventional_hydroelectric_1_inlet,471,0.5258139219743383
MISC_conventional_hydroelectric_1_inlet,472,0.5257015354133934
MISC_conventional_hydroelectric_1_inlet,473,0.5254990296030312
MISC_conventional_hydroelectric_1_inlet,474,0.6051202735350879
MISC_conventional_hydroelectric_1_inlet,475,0.5252937720598622
MISC_conventional_hydroelectric_1_inlet,476,0.6051202735350879
MISC_conventional_hydroelectric_1_inlet,477,0.6051202735350879
MISC_conventional_hydroelectric_1_inlet,478,0.6051202735350879
MISC_conventional_hydroelectric_1_inlet,479,0.6051202735350879
MISC_conventional_hydroelectric_1_inlet,480,0.6051202735350879
MISC_conventional_hydroelectric_1_inlet,481,1.6148966873644968
MISC_conventional_hydroelectric_1_inlet,482,1.6146941815541342
MISC_conventional_hydroelectric_1_inlet,483,1.6145709328900053
MISC_conventional_hydroelectric_1_inlet,484,1.614368427079643
MISC_conventional_hydroelectric_1_inlet,485,1.6142519853335098
MISC_conventional_hydroelectric_1_inlet,486,1.6140191018412424
MISC_conventional_hydroelectric_1_inlet,487,1.6139370929622023
MISC_conventional_hydroelectric_1_inlet,488,1.6136933473667514
MISC_conventional_hydroelectric_1_inlet,489,1.6136113384877113
MISC_conventional_hydroelectric_1_inlet,490,1.6134989519267666
MISC_conventional_hydroelectric_1_inlet,491,1.1203643553149985
MISC_conventional_hydroelectric_1_inlet,492,1.1203643553149985
MISC_conventional_hydroelectric_1_inlet,493,1.041372896125556
MISC_conventional_hydroelectric_1_inlet,494,0.3807582098369148
MISC_conventional_hydroelectric_1_inlet,495,1.0410580037542487
MISC_conventional_hydroelectric_1_inlet,496,1.040945617193304
MISC_conventional_hydroelectric_1_inlet,497,1.0407431113829417
MISC_conventional_hydroelectric_1_inlet,498,1.1203643553149985
MISC_conventional_hydroelectric_1_inlet,499,1.0405378538397727
MISC_conventional_hydroelectric_1_inlet,500,1.1203643553149985
MISC_conventional_hydroelectric_1_inlet,501,1.1203643553149985
MISC_conventional_hydroelectric_1_inlet,502,1.1203643553149985
MISC_conventional_hydroelectric_1_inlet,503,1.1203643553149985
MISC_conventional_hydroelectric_1_inlet,504,1.1203643553149985
MISC_conventional_hydroelectric_1_inlet,505,1.657919016
MISC_conventional_hydroelectric_1_inlet,506,1.657919016
MISC_conventional_hydroelectric_1_inlet,507,1.657919016
MISC_conventional_hydroelectric_1_inlet,508,1.657919016
MISC_conventional_hydroelectric_1_inlet,509,1.657919016
MISC_conventional_hydroelectric_1_inlet,510,1.657919016
MISC_conventional_hydroelectric_1_inlet,511,1.657919016
MISC_conventional_hydroelectric_1_inlet,512,1.657919016
MISC_conventional_hydroelectric_1_inlet,513,1.657919016
MISC_conventional_hydroelectric_1_inlet,514,1.657919016
MISC_conventional_hydroelectric_1_inlet,515,1.657919016
MISC_conventional_hydroelectric_1_inlet,516,1.657919016
MISC_conventional_hydroelectric_1_inlet,517,1.5789275568105574
MISC_conventional_hydroelectric_1_inlet,518,0.9183128705219163
MISC_conventional_hydroelectric_1_inlet,519,1.5786126644392504
MISC_conventional_hydroelectric_1_inlet,520,1.5785002778783055
MISC_conventional_hydroelectric_1_inlet,521,1.5782977720679432
MISC_conventional_hydroelectric_1_inlet,522,1.657919016
MISC_conventional_hydroelectric_1_inlet,523,1.5780925145247742
MISC_conventional_hydroelectric_1_inlet,524,1.657919016
MISC_conventional_hydroelectric_1_inlet,525,1.657919016
MISC_conventional_hydroelectric_1_inlet,526,1.657919016
MISC_conventional_hydroelectric_1_inlet,527,1.657919016
MISC_conventional_hydroelectric_1_inlet,528,1.657919016
MISC_conventional_hydroelectric_1_inlet,529,1.006723900316828
MISC_conventional_hydroelectric_1_inlet,530,1.3574044848146016
MISC_conventional_hydroelectric_1_inlet,531,1.3574044848146016
MISC_conventional_hydroelectric_1_inlet,532,1.0050966848458285
MISC_conventional_hydroelectric_1_inlet,533,1.0046157109168363
MISC_conventional_hydroelectric_1_inlet,534,1.3574044848146016
MISC_conventional_hydroelectric_1_inlet,535,0.4436513170360809
MISC_conventional_hydroelectric_1_inlet,536,1.073824099183713
MISC_conventional_hydroelectric_1_inlet,537,1.3574044848146016
MISC_conventional_hydroelectric_1_inlet,538,1.3574044848146016
MISC_conventional_hydroelectric_1_inlet,539,1.3574044848146016
MISC_conventional_hydroelectric_1_inlet,540,1.3574044848146016
MISC_conventional_hydroelectric_1_inlet,541,1.3574044848146016
MISC_conventional_hydroelectric_1_inlet,542,1.3574044848146016
MISC_conventional_hydroelectric_1_inlet,543,1.3574044848146016
MISC_conventional_hydroelectric_1_inlet,544,1.3574044848146016
MISC_conventional_hydroelectric_1_inlet,545,1.657919016
MISC_conventional_hydroelectric_1_inlet,546,0.9979457369043803
MISC_conventional_hydroelectric_1_inlet,547,1.3574044848146016
MISC_conventional_hydroelectric_1_inlet,548,1.3574044848146016
MISC_conventional_hydroelectric_1_inlet,549,1.085187188804694
MISC_conventional_hydroelectric_1_inlet,550,0.43395547787085625
MISC_conventional_hydroelectric_1_inlet,551,0.9953455575753969
MISC_conventional_hydroelectric_1_inlet,552,1.0519206319059624
MISC_conventional_hydroelectric_1_inlet,553,1.3072384315022263
MISC_conventional_hydroelectric_1_inlet,554,1.657919016
MISC_conventional_hydroelectric_1_inlet,555,1.657919016
MISC_conventional_hydroelectric_1_inlet,556,1.3056112160312268
MISC_conventional_hydroelectric_1_inlet,557,1.3051302421022346
MISC_conventional_hydroelectric_1_inlet,558,1.657919016
MISC_conventional_hydroelectric_1_inlet,559,0.7441658482214792
MISC_conventional_hydroelectric_1_inlet,560,1.3743386303691112
MISC_conventional_hydroelectric_1_inlet,561,1.657919016
MISC_conventional_hydroelectric_1_inlet,562,1.657919016
MISC_conventional_hydroelectric_1_inlet,563,1.657919016
MISC_conventional_hydroelectric_1_inlet,564,1.657919016
MISC_conventional_hydroelectric_1_inlet,565,1.657919016
MISC_conventional_hydroelectric_1_inlet,566,1.657919016
MISC_conventional_hydroelectric_1_inlet,567,1.657919016
MISC_conventional_hydroelectric_1_inlet,568,1.657919016
MISC_conventional_hydroelectric_1_inlet,569,1.657919016
MISC_conventional_hydroelectric_1_inlet,570,1.2984602680897785
MISC_conventional_hydroelectric_1_inlet,571,1.657919016
MISC_conventional_hydroelectric_1_inlet,572,1.657919016
MISC_conventional_hydroelectric_1_inlet,573,1.3857017199900923
MISC_conventional_hydroelectric_1_inlet,574,0.7344700090562545
MISC_conventional_hydroelectric_1_inlet,575,1.2958600887607952
MISC_conventional_hydroelectric_1_inlet,576,1.3524351630913607
MISE_conventional_hydroelectric_1_inlet,1,0.0
MISE_conventional_hydroelectric_1_inlet,2,0.0
MISE_conventional_hydroelectric_1_inlet,3,0.0
MISE_conventional_hydroelectric_1_inlet,4,0.017292696479999925
MISE_conventional_hydroelectric_1_inlet,5,0.0
MISE_conventional_hydroelectric_1_inlet,6,0.11860559999999999
MISE_conventional_hydroelectric_1_inlet,7,0.07257476664
MISE_conventional_hydroelectric_1_inlet,8,0.11860559999999999
MISE_conventional_hydroelectric_1_inlet,9,0.11860559999999999
MISE_conventional_hydroelectric_1_inlet,10,0.11860559999999999
MISE_conventional_hydroelectric_1_inlet,11,0.11860559999999999
MISE_conventional_hydroelectric_1_inlet,12,0.11860559999999999
MISE_conventional_hydroelectric_1_inlet,13,0.11860559999999999
MISE_conventional_hydroelectric_1_inlet,14,0.11860559999999999
MISE_conventional_hydroelectric_1_inlet,15,0.11860559999999999
MISE_conventional_hydroelectric_1_inlet,16,0.11860559999999999
MISE_conventional_hydroelectric_1_inlet,17,0.11860559999999999
MISE_conventional_hydroelectric_1_inlet,18,0.07288314120000003
MISE_conventional_hydroelectric_1_inlet,19,0.07290686232
MISE_conventional_hydroelectric_1_inlet,20,0.07294244400000002
MISE_conventional_hydroelectric_1_inlet,21,0.07296616512
MISE_conventional_hydroelectric_1_inlet,22,0.10246337783999997
MISE_conventional_hydroelectric_1_inlet,23,0.10242779615999999
MISE_conventional_hydroelectric_1_inlet,24,0.10662643440000005
MISE_conventional_hydroelectric_1_inlet,25,0.0461968812
MISE_conventional_hydroelectric_1_inlet,26,0.04616129952
MISE_conventional_hydroelectric_1_inlet,27,0.046137578400000004
MISE_conventional_hydroelectric_1_inlet,28,0.06340655375999991
MISE_conventional_hydroelectric_1_inlet,29,0.046078275599999996
MISE_conventional_hydroelectric_1_inlet,30,0.04605455447999997
MISE_conventional_hydroelectric_1_inlet,31,0.0
MISE_conventional_hydroelectric_1_inlet,32,0.11860559999999999
MISE_conventional_hydroelectric_1_inlet,33,0.11860559999999999
MISE_conventional_hydroelectric_1_inlet,34,0.11860559999999999
MISE_conventional_hydroelectric_1_inlet,35,0.11860559999999999
MISE_conventional_hydroelectric_1_inlet,36,0.11860559999999999
MISE_conventional_hydroelectric_1_inlet,37,0.11860559999999999
MISE_conventional_hydroelectric_1_inlet,38,0.04582920383999999
MISE_conventional_hydroelectric_1_inlet,39,0.045805482719999985
MISE_conventional_hydroelectric_1_inlet,40,0.045781761599999984
MISE_conventional_hydroelectric_1_inlet,41,0.04574617992
MISE_conventional_hydroelectric_1_inlet,42,0.0
MISE_conventional_hydroelectric_1_inlet,43,0.0
MISE_conventional_hydroelectric_1_inlet,44,0.0
MISE_conventional_hydroelectric_1_inlet,45,0.0
MISE_conventional_hydroelectric_1_inlet,46,0.029473491599999947
MISE_conventional_hydroelectric_1_inlet,47,0.07607363184
MISE_conventional_hydroelectric_1_inlet,48,0.033577245360000035
MISE_conventional_hydroelectric_1_inlet,49,0.0
MISE_conventional_hydroelectric_1_inlet,50,0.0
MISE_conventional_hydroelectric_1_inlet,51,0.0
MISE_conventional_hydroelectric_1_inlet,52,0.0
MISE_conventional_hydroelectric_1_inlet,53,0.0
MISE_conventional_hydroelectric_1_inlet,54,0.0
MISE_conventional_hydroelectric_1_inlet,55,0.042531968159999996
MISE_conventional_hydroelectric_1_inlet,56,0.04253196815999996
MISE_conventional_hydroelectric_1_inlet,57,0.04253196815999999
MISE_conventional_hydroelectric_1_inlet,58,0.04253196815999996
MISE_conventional_hydroelectric_1_inlet,59,0.11860559999999999
MISE_conventional_hydroelectric_1_inlet,60,0.11860559999999999
MISE_conventional_hydroelectric_1_inlet,61,0.11860559999999999
MISE_conventional_hydroelectric_1_inlet,62,0.08836117199999997
MISE_conventional_hydroelectric_1_inlet,63,0.08833745087999997
MISE_conventional_hydroelectric_1_inlet,64,0.08831372975999997
MISE_conventional_hydroelectric_1_inlet,65,0.0
MISE_conventional_hydroelectric_1_inlet,66,0.042531968159999996
MISE_conventional_hydroelectric_1_inlet,67,0.042531968159999996
MISE_conventional_hydroelectric_1_inlet,68,0.0
MISE_conventional_hydroelectric_1_inlet,69,0.042531968159999996
MISE_conventional_hydroelectric_1_inlet,70,0.07200545975999993
MISE_conventional_hydroelectric_1_inlet,71,0.11860559999999999
MISE_conventional_hydroelectric_1_inlet,72,0.07610921352000002
MISE_conventional_hydroelectric_1_inlet,73,0.0
MISE_conventional_hydroelectric_1_inlet,74,0.0
MISE_conventional_hydroelectric_1_inlet,75,0.0
MISE_conventional_hydroelectric_1_inlet,76,0.0
MISE_conventional_hydroelectric_1_inlet,77,0.0
MISE_conventional_hydroelectric_1_inlet,78,0.0
MISE_conventional_hydroelectric_1_inlet,79,0.0
MISE_conventional_hydroelectric_1_inlet,80,0.07610921352000002
MISE_conventional_hydroelectric_1_inlet,81,0.07610921352
MISE_conventional_hydroelectric_1_inlet,82,0.08502835463999996
MISE_conventional_hydroelectric_1_inlet,83,0.042496386479999995
MISE_conventional_hydroelectric_1_inlet,84,0.11860559999999999
MISE_conventional_hydroelectric_1_inlet,85,0.042496386479999995
MISE_conventional_hydroelectric_1_inlet,86,0.09301051152000002
MISE_conventional_hydroelectric_1_inlet,87,0.09282074256
MISE_conventional_hydroelectric_1_inlet,88,0.09264283416000002
MISE_conventional_hydroelectric_1_inlet,89,0.042496386479999995
MISE_conventional_hydroelectric_1_inlet,90,0.08502835463999998
MISE_conventional_hydroelectric_1_inlet,91,0.08502835463999998
MISE_conventional_hydroelectric_1_inlet,92,0.0
MISE_conventional_hydroelectric_1_inlet,93,0.08502835463999998
MISE_conventional_hydroelectric_1_inlet,94,0.11450184623999993
MISE_conventional_hydroelectric_1_inlet,95,0.042496386479999995
MISE_conventional_hydroelectric_1_inlet,96,0.0
MISE_conventional_hydroelectric_1_inlet,97,0.0
MISE_conventional_hydroelectric_1_inlet,98,0.0
MISE_conventional_hydroelectric_1_inlet,99,0.018976896000000007
MISE_conventional_hydroelectric_1_inlet,100,0.018787127040000014
MISE_conventional_hydroelectric_1_inlet,101,0.0
MISE_conventional_hydroelectric_1_inlet,102,0.018407589120000026
MISE_conventional_hydroelectric_1_inlet,103,0.0
MISE_conventional_hydroelectric_1_inlet,104,0.0
MISE_conventional_hydroelectric_1_inlet,105,0.0
MISE_conventional_hydroelectric_1_inlet,106,0.008919141119999932
MISE_conventional_hydroelectric_1_inlet,107,0.0
MISE_conventional_hydroelectric_1_inlet,108,0.04249638647999997
MISE_conventional_hydroelectric_1_inlet,109,0.017091066960000012
MISE_conventional_hydroelectric_1_inlet,110,0.016901297999999995
MISE_conventional_hydroelectric_1_inlet,111,0.016711529040000006
MISE_conventional_hydroelectric_1_inlet,112,0.016533620639999993
MISE_conventional_hydroelectric_1_inlet,113,0.08499277295999999
MISE_conventional_hydroelectric_1_inlet,114,0.008919141119999958
MISE_conventional_hydroelectric_1_inlet,115,0.008919141119999984
MISE_conventional_hydroelectric_1_inlet,116,0.0
MISE_conventional_hydroelectric_1_inlet,117,0.11860559999999999
MISE_conventional_hydroelectric_1_inlet,118,0.11860559999999999
MISE_conventional_hydroelectric_1_inlet,119,0.0
MISE_conventional_hydroelectric_1_inlet,120,0.0
MISE_conventional_hydroelectric_1_inlet,121,0.0
MISE_conventional_hydroelectric_1_inlet,122,0.0
MISE_conventional_hydroelectric_1_inlet,123,0.0
MISE_conventional_hydroelectric_1_inlet,124,0.0
MISE_conventional_hydroelectric_1_inlet,125,0.0
MISE_conventional_hydroelectric_1_inlet,126,0.0
MISE_conventional_hydroelectric_1_inlet,127,0.0
MISE_conventional_hydroelectric_1_inlet,128,0.008231228640000006
MISE_conventional_hydroelectric_1_inlet,129,0.008231228640000006
MISE_conventional_hydroelectric_1_inlet,130,0.10986436727999992
MISE_conventional_hydroelectric_1_inlet,131,0.10113499511999999
MISE_conventional_hydroelectric_1_inlet,132,0.11860559999999999
MISE_conventional_hydroelectric_1_inlet,133,0.11860559999999999
MISE_conventional_hydroelectric_1_inlet,134,0.11860559999999999
MISE_conventional_hydroelectric_1_inlet,135,0.11860559999999999
MISE_conventional_hydroelectric_1_inlet,136,0.11860559999999999
MISE_conventional_hydroelectric_1_inlet,137,0.11860559999999999
MISE_conventional_hydroelectric_1_inlet,138,0.11137065839999996
MISE_conventional_hydroelectric_1_inlet,139,0.11156042735999996
MISE_conventional_hydroelectric_1_inlet,140,0.1028310552
MISE_conventional_hydroelectric_1_inlet,141,0.10302082416
MISE_conventional_hydroelectric_1_inlet,142,0.10321059311999996
MISE_conventional_hydroelectric_1_inlet,143,0.0
MISE_conventional_hydroelectric_1_inlet,144,0.008231228640000006
MISE_conventional_hydroelectric_1_inlet,145,0.11037437135999999
MISE_conventional_hydroelectric_1_inlet,146,0.11037437135999999
MISE_conventional_hydroelectric_1_inlet,147,0.11037437135999999
MISE_conventional_hydroelectric_1_inlet,148,0.11037437135999999
MISE_conventional_hydroelectric_1_inlet,149,0.11037437135999999
MISE_conventional_hydroelectric_1_inlet,150,0.11037437135999999
MISE_conventional_hydroelectric_1_inlet,151,0.0
MISE_conventional_hydroelectric_1_inlet,152,0.11860559999999999
MISE_conventional_hydroelectric_1_inlet,153,0.11860559999999999
MISE_conventional_hydroelectric_1_inlet,154,0.11860559999999999
MISE_conventional_hydroelectric_1_inlet,155,0.09290376647999998
MISE_conventional_hydroelectric_1_inlet,156,0.11037437135999996
MISE_conventional_hydroelectric_1_inlet,157,0.11037437135999999
MISE_conventional_hydroelectric_1_inlet,158,0.11037437135999996
MISE_conventional_hydroelectric_1_inlet,159,0.11037437135999999
MISE_conventional_hydroelectric_1_inlet,160,0.11037437135999996
MISE_conventional_hydroelectric_1_inlet,161,0.11860559999999999
MISE_conventional_hydroelectric_1_inlet,162,0.11860559999999999
MISE_conventional_hydroelectric_1_inlet,163,0.10332919871999996
MISE_conventional_hydroelectric_1_inlet,164,0.11860559999999999
MISE_conventional_hydroelectric_1_inlet,165,0.09478959551999999
MISE_conventional_hydroelectric_1_inlet,166,0.09497936447999993
MISE_conventional_hydroelectric_1_inlet,167,0.014054763600000002
MISE_conventional_hydroelectric_1_inlet,168,0.11860559999999999
MISE_conventional_hydroelectric_1_inlet,169,0.05761860047999999
MISE_conventional_hydroelectric_1_inlet,170,0.057440692079999994
MISE_conventional_hydroelectric_1_inlet,171,0.0758482812
MISE_conventional_hydroelectric_1_inlet,172,0.05707301471999999
MISE_conventional_hydroelectric_1_inlet,173,0.056883245759999986
MISE_conventional_hydroelectric_1_inlet,174,0.11860559999999999
MISE_conventional_hydroelectric_1_inlet,175,0.019368294479999992
MISE_conventional_hydroelectric_1_inlet,176,0.0758482812
MISE_conventional_hydroelectric_1_inlet,177,0.0758482812
MISE_conventional_hydroelectric_1_inlet,178,0.0758482812
MISE_conventional_hydroelectric_1_inlet,179,0.0758482812
MISE_conventional_hydroelectric_1_inlet,180,0.11860559999999999
MISE_conventional_hydroelectric_1_inlet,181,0.11860559999999999
MISE_conventional_hydroelectric_1_inlet,182,0.11860559999999999
MISE_conventional_hydroelectric_1_inlet,183,0.0758482812
MISE_conventional_hydroelectric_1_inlet,184,0.0758482812
MISE_conventional_hydroelectric_1_inlet,185,0.0758482812
MISE_conventional_hydroelectric_1_inlet,186,0.0758482812
MISE_conventional_hydroelectric_1_inlet,187,0.04725247103999996
MISE_conventional_hydroelectric_1_inlet,188,0.06233910335999995
MISE_conventional_hydroelectric_1_inlet,189,0.11860559999999999
MISE_conventional_hydroelectric_1_inlet,190,0.11860559999999999
MISE_conventional_hydroelectric_1_inlet,191,0.0758482812
MISE_conventional_hydroelectric_1_inlet,192,0.11860559999999999
MISE_conventional_hydroelectric_1_inlet,193,0.10037591927999999
MISE_conventional_hydroelectric_1_inlet,194,0.10019801087999998
MISE_conventional_hydroelectric_1_inlet,195,0.11860559999999999
MISE_conventional_hydroelectric_1_inlet,196,0.09983033352
MISE_conventional_hydroelectric_1_inlet,197,0.09964056455999998
MISE_conventional_hydroelectric_1_inlet,198,0.11860559999999999
MISE_conventional_hydroelectric_1_inlet,199,0.06212561327999999
MISE_conventional_hydroelectric_1_inlet,200,0.11860559999999999
MISE_conventional_hydroelectric_1_inlet,201,0.11860559999999999
MISE_conventional_hydroelectric_1_inlet,202,0.11860559999999999
MISE_conventional_hydroelectric_1_inlet,203,0.11860559999999999
MISE_conventional_hydroelectric_1_inlet,204,0.11860559999999999
MISE_conventional_hydroelectric_1_inlet,205,0.11860559999999999
MISE_conventional_hydroelectric_1_inlet,206,0.11860559999999999
MISE_conventional_hydroelectric_1_inlet,207,0.11860559999999999
MISE_conventional_hydroelectric_1_inlet,208,0.11860559999999999
MISE_conventional_hydroelectric_1_inlet,209,0.11860559999999999
MISE_conventional_hydroelectric_1_inlet,210,0.11860559999999999
MISE_conventional_hydroelectric_1_inlet,211,0.09000978983999997
MISE_conventional_hydroelectric_1_inlet,212,0.10509642215999995
MISE_conventional_hydroelectric_1_inlet,213,0.11860559999999999
MISE_conventional_hydroelectric_1_inlet,214,0.11860559999999999
MISE_conventional_hydroelectric_1_inlet,215,0.11860559999999999
MISE_conventional_hydroelectric_1_inlet,216,0.11860559999999999
MISE_conventional_hydroelectric_1_inlet,217,0.11860559999999999
MISE_conventional_hydroelectric_1_inlet,218,0.11860559999999999
MISE_conventional_hydroelectric_1_inlet,219,0.11860559999999999
MISE_conventional_hydroelectric_1_inlet,220,0.11860559999999999
MISE_conventional_hydroelectric_1_inlet,221,0.11860559999999999
MISE_conventional_hydroelectric_1_inlet,222,0.11860559999999999
MISE_conventional_hydroelectric_1_inlet,223,0.11860559999999999
MISE_conventional_hydroelectric_1_inlet,224,0.11860559999999999
MISE_conventional_hydroelectric_1_inlet,225,0.11860559999999999
MISE_conventional_hydroelectric_1_inlet,226,0.11860559999999999
MISE_conventional_hydroelectric_1_inlet,227,0.11860559999999999
MISE_conventional_hydroelectric_1_inlet,228,0.11860559999999999
MISE_conventional_hydroelectric_1_inlet,229,0.11860559999999999
MISE_conventional_hydroelectric_1_inlet,230,0.11860559999999999
MISE_conventional_hydroelectric_1_inlet,231,0.11860559999999999
MISE_conventional_hydroelectric_1_inlet,232,0.11860559999999999
MISE_conventional_hydroelectric_1_inlet,233,0.11860559999999999
MISE_conventional_hydroelectric_1_inlet,234,0.11860559999999999
MISE_conventional_hydroelectric_1_inlet,235,0.11860559999999999
MISE_conventional_hydroelectric_1_inlet,236,0.11860559999999999
MISE_conventional_hydroelectric_1_inlet,237,0.11860559999999999
MISE_conventional_hydroelectric_1_inlet,238,0.11860559999999999
MISE_conventional_hydroelectric_1_inlet,239,0.11860559999999999
MISE_conventional_hydroelectric_1_inlet,240,0.11860559999999999
MISE_conventional_hydroelectric_1_inlet,241,0.08499277295999999
MISE_conventional_hydroelectric_1_inlet,242,0.08499277295999999
MISE_conventional_hydroelectric_1_inlet,243,0.08499277295999999
MISE_conventional_hydroelectric_1_inlet,244,0.08499277295999999
MISE_conventional_hydroelectric_1_inlet,245,0.08499277295999999
MISE_conventional_hydroelectric_1_inlet,246,0.08499277295999999
MISE_conventional_hydroelectric_1_inlet,247,0.08499277295999999
MISE_conventional_hydroelectric_1_inlet,248,0.11860559999999999
MISE_conventional_hydroelectric_1_inlet,249,0.11860559999999999
MISE_conventional_hydroelectric_1_inlet,250,0.08499277295999999
MISE_conventional_hydroelectric_1_inlet,251,0.08499277295999999
MISE_conventional_hydroelectric_1_inlet,252,0.08499277295999999
MISE_conventional_hydroelectric_1_inlet,253,0.08499277295999999
MISE_conventional_hydroelectric_1_inlet,254,0.08499277295999999
MISE_conventional_hydroelectric_1_inlet,255,0.08499277295999999
MISE_conventional_hydroelectric_1_inlet,256,0.08499277295999999
MISE_conventional_hydroelectric_1_inlet,257,0.08499277295999999
MISE_conventional_hydroelectric_1_inlet,258,0.08499277295999999
MISE_conventional_hydroelectric_1_inlet,259,0.08499277295999999
MISE_conventional_hydroelectric_1_inlet,260,0.08499277295999999
MISE_conventional_hydroelectric_1_inlet,261,0.08499277295999999
MISE_conventional_hydroelectric_1_inlet,262,0.11860559999999999
MISE_conventional_hydroelectric_1_inlet,263,0.11860559999999999
MISE_conventional_hydroelectric_1_inlet,264,0.11860559999999999
MISE_conventional_hydroelectric_1_inlet,265,0.11860559999999999
MISE_conventional_hydroelectric_1_inlet,266,0.11860559999999999
MISE_conventional_hydroelectric_1_inlet,267,0.11860559999999999
MISE_conventional_hydroelectric_1_inlet,268,0.11860559999999999
MISE_conventional_hydroelectric_1_inlet,269,0.11860559999999999
MISE_conventional_hydroelectric_1_inlet,270,0.11860559999999999
MISE_conventional_hydroelectric_1_inlet,271,0.11860559999999999
MISE_conventional_hydroelectric_1_inlet,272,0.11860559999999999
MISE_conventional_hydroelectric_1_inlet,273,0.11860559999999999
MISE_conventional_hydroelectric_1_inlet,274,0.11860559999999999
MISE_conventional_hydroelectric_1_inlet,275,0.11860559999999999
MISE_conventional_hydroelectric_1_inlet,276,0.11860559999999999
MISE_conventional_hydroelectric_1_inlet,277,0.11860559999999999
MISE_conventional_hydroelectric_1_inlet,278,0.11860559999999999
MISE_conventional_hydroelectric_1_inlet,279,0.11860559999999999
MISE_conventional_hydroelectric_1_inlet,280,0.11860559999999999
MISE_conventional_hydroelectric_1_inlet,281,0.11860559999999999
MISE_conventional_hydroelectric_1_inlet,282,0.11860559999999999
MISE_conventional_hydroelectric_1_inlet,283,0.11860559999999999
MISE_conventional_hydroelectric_1_inlet,284,0.11860559999999999
MISE_conventional_hydroelectric_1_inlet,285,0.11860559999999999
MISE_conventional_hydroelectric_1_inlet,286,0.11860559999999999
MISE_conventional_hydroelectric_1_inlet,287,0.11860559999999999
MISE_conventional_hydroelectric_1_inlet,288,0.11860559999999999
MISE_conventional_hydroelectric_1_inlet,289,0.11860559999999999
MISE_conventional_hydroelectric_1_inlet,290,0.11860559999999999
MISE_conventional_hydroelectric_1_inlet,291,0.07864737336
MISE_conventional_hydroelectric_1_inlet,292,0.11860559999999999
MISE_conventional_hydroelectric_1_inlet,293,0.09915428159999999
MISE_conventional_hydroelectric_1_inlet,294,0.11860559999999999
MISE_conventional_hydroelectric_1_inlet,295,0.07859993112
MISE_conventional_hydroelectric_1_inlet,296,0.07857621000000002
MISE_conventional_hydroelectric_1_inlet,297,0.11860559999999999
MISE_conventional_hydroelectric_1_inlet,298,0.07855248888000002
MISE_conventional_hydroelectric_1_inlet,299,0.07854062831999999
MISE_conventional_hydroelectric_1_inlet,300,0.02687602895999996
MISE_conventional_hydroelectric_1_inlet,301,0.07850504663999999
MISE_conventional_hydroelectric_1_inlet,302,0.09915428159999999
MISE_conventional_hydroelectric_1_inlet,303,0.11860559999999999
MISE_conventional_hydroelectric_1_inlet,304,0.11860559999999999
MISE_conventional_hydroelectric_1_inlet,305,0.11860559999999999
MISE_conventional_hydroelectric_1_inlet,306,0.11860559999999999
MISE_conventional_hydroelectric_1_inlet,307,0.11860559999999999
MISE_conventional_hydroelectric_1_inlet,308,0.11860559999999999
MISE_conventional_hydroelectric_1_inlet,309,0.11860559999999999
MISE_conventional_hydroelectric_1_inlet,310,0.11860559999999999
MISE_conventional_hydroelectric_1_inlet,311,0.11860559999999999
MISE_conventional_hydroelectric_1_inlet,312,0.11860559999999999
MISE_conventional_hydroelectric_1_inlet,313,0.11860559999999999
MISE_conventional_hydroelectric_1_inlet,314,0.11860559999999999
MISE_conventional_hydroelectric_1_inlet,315,0.09809869176
MISE_conventional_hydroelectric_1_inlet,316,0.11860559999999999
MISE_conventional_hydroelectric_1_inlet,317,0.11860559999999999
MISE_conventional_hydroelectric_1_inlet,318,0.11860559999999999
MISE_conventional_hydroelectric_1_inlet,319,0.09805124952
MISE_conventional_hydroelectric_1_inlet,320,0.09802752840000004
MISE_conventional_hydroelectric_1_inlet,321,0.09801566783999999
MISE_conventional_hydroelectric_1_inlet,322,0.09800380728000004
MISE_conventional_hydroelectric_1_inlet,323,0.09799194671999999
MISE_conventional_hydroelectric_1_inlet,324,0.046327347359999965
MISE_conventional_hydroelectric_1_inlet,325,0.09795636503999999
MISE_conventional_hydroelectric_1_inlet,326,0.11860559999999999
MISE_conventional_hydroelectric_1_inlet,327,0.11860559999999999
MISE_conventional_hydroelectric_1_inlet,328,0.11860559999999999
MISE_conventional_hydroelectric_1_inlet,329,0.11860559999999999
MISE_conventional_hydroelectric_1_inlet,330,0.11860559999999999
MISE_conventional_hydroelectric_1_inlet,331,0.11860559999999999
MISE_conventional_hydroelectric_1_inlet,332,0.11860559999999999
MISE_conventional_hydroelectric_1_inlet,333,0.11860559999999999
MISE_conventional_hydroelectric_1_inlet,334,0.11860559999999999
MISE_conventional_hydroelectric_1_inlet,335,0.09782589888
MISE_conventional_hydroelectric_1_inlet,336,0.11860559999999999
MISE_conventional_hydroelectric_1_inlet,337,0.07711736111999999
MISE_conventional_hydroelectric_1_inlet,338,0.09577402200000001
MISE_conventional_hydroelectric_1_inlet,339,0.0
MISE_conventional_hydroelectric_1_inlet,340,0.020518768799999972
MISE_conventional_hydroelectric_1_inlet,341,0.02053062936
MISE_conventional_hydroelectric_1_inlet,342,0.11860559999999999
MISE_conventional_hydroelectric_1_inlet,343,0.0
MISE_conventional_hydroelectric_1_inlet,344,0.0
MISE_conventional_hydroelectric_1_inlet,345,0.0
MISE_conventional_hydroelectric_1_inlet,346,0.0
MISE_conventional_hydroelectric_1_inlet,347,0.0
MISE_conventional_hydroelectric_1_inlet,348,0.0
MISE_conventional_hydroelectric_1_inlet,349,0.0
MISE_conventional_hydroelectric_1_inlet,350,0.09560797416000003
MISE_conventional_hydroelectric_1_inlet,351,0.09558425304
MISE_conventional_hydroelectric_1_inlet,352,0.09557239248000002
MISE_conventional_hydroelectric_1_inlet,353,0.11860559999999999
MISE_conventional_hydroelectric_1_inlet,354,0.11860559999999999
MISE_conventional_hydroelectric_1_inlet,355,0.11860559999999999
MISE_conventional_hydroelectric_1_inlet,356,0.11860559999999999
MISE_conventional_hydroelectric_1_inlet,357,0.09550122912
MISE_conventional_hydroelectric_1_inlet,358,0.09548936856000002
MISE_conventional_hydroelectric_1_inlet,359,0.0
MISE_conventional_hydroelectric_1_inlet,360,0.11860559999999999
MISE_conventional_hydroelectric_1_inlet,361,0.09993707855999999
MISE_conventional_hydroelectric_1_inlet,362,0.0
MISE_conventional_hydroelectric_1_inlet,363,0.0
MISE_conventional_hydroelectric_1_inlet,364,0.0
MISE_conventional_hydroelectric_1_inlet,365,0.043409649599999996
MISE_conventional_hydroelectric_1_inlet,366,0.10011498695999999
MISE_conventional_hydroelectric_1_inlet,367,0.022902741359999996
MISE_conventional_hydroelectric_1_inlet,368,0.02291460192
MISE_conventional_hydroelectric_1_inlet,369,0.02292646248
MISE_conventional_hydroelectric_1_inlet,370,0.0229501836
MISE_conventional_hydroelectric_1_inlet,371,0.0
MISE_conventional_hydroelectric_1_inlet,372,0.0
MISE_conventional_hydroelectric_1_inlet,373,0.0
MISE_conventional_hydroelectric_1_inlet,374,0.0
MISE_conventional_hydroelectric_1_inlet,375,0.0
MISE_conventional_hydroelectric_1_inlet,376,0.0
MISE_conventional_hydroelectric_1_inlet,377,0.11860559999999999
MISE_conventional_hydroelectric_1_inlet,378,0.11860559999999999
MISE_conventional_hydroelectric_1_inlet,379,0.11860559999999999
MISE_conventional_hydroelectric_1_inlet,380,0.11860559999999999
MISE_conventional_hydroelectric_1_inlet,381,0.0
MISE_conventional_hydroelectric_1_inlet,382,0.0
MISE_conventional_hydroelectric_1_inlet,383,0.0
MISE_conventional_hydroelectric_1_inlet,384,0.11860559999999999
MISE_conventional_hydroelectric_1_inlet,385,0.11860559999999999
MISE_conventional_hydroelectric_1_inlet,386,0.018632939759999998
MISE_conventional_hydroelectric_1_inlet,387,0.018597358079999998
MISE_conventional_hydroelectric_1_inlet,388,0.018561776399999997
MISE_conventional_hydroelectric_1_inlet,389,0.06193584432
MISE_conventional_hydroelectric_1_inlet,390,0.11860559999999999
MISE_conventional_hydroelectric_1_inlet,391,0.04135777272
MISE_conventional_hydroelectric_1_inlet,392,0.0413340516
MISE_conventional_hydroelectric_1_inlet,393,0.04131033047999999
MISE_conventional_hydroelectric_1_inlet,394,0.041298469920000004
MISE_conventional_hydroelectric_1_inlet,395,0.01831270464
MISE_conventional_hydroelectric_1_inlet,396,0.01827712296
MISE_conventional_hydroelectric_1_inlet,397,0.01824154128
MISE_conventional_hydroelectric_1_inlet,398,0.018205959599999995
MISE_conventional_hydroelectric_1_inlet,399,0.01817037792
MISE_conventional_hydroelectric_1_inlet,400,0.01813479624
MISE_conventional_hydroelectric_1_inlet,401,0.10560642624
MISE_conventional_hydroelectric_1_inlet,402,0.10564200792000003
MISE_conventional_hydroelectric_1_inlet,403,0.1056775896
MISE_conventional_hydroelectric_1_inlet,404,0.10571317128000002
MISE_conventional_hydroelectric_1_inlet,405,0.017956887839999998
MISE_conventional_hydroelectric_1_inlet,406,0.01792130616
MISE_conventional_hydroelectric_1_inlet,407,0.0
MISE_conventional_hydroelectric_1_inlet,408,0.11860559999999999
MISE_conventional_hydroelectric_1_inlet,409,0.013568480640000003
MISE_conventional_hydroelectric_1_inlet,410,0.014624070480000055
MISE_conventional_hydroelectric_1_inlet,411,0.014517325440000013
MISE_conventional_hydroelectric_1_inlet,412,0.03169141632000002
MISE_conventional_hydroelectric_1_inlet,413,0.01430383536000005
MISE_conventional_hydroelectric_1_inlet,414,0.013390572239999964
MISE_conventional_hydroelectric_1_inlet,415,0.0
MISE_conventional_hydroelectric_1_inlet,416,0.0
MISE_conventional_hydroelectric_1_inlet,417,0.0
MISE_conventional_hydroelectric_1_inlet,418,0.0
MISE_conventional_hydroelectric_1_inlet,419,0.0
MISE_conventional_hydroelectric_1_inlet,420,0.0
MISE_conventional_hydroelectric_1_inlet,421,0.0
MISE_conventional_hydroelectric_1_inlet,422,0.0
MISE_conventional_hydroelectric_1_inlet,423,0.0
MISE_conventional_hydroelectric_1_inlet,424,0.0
MISE_conventional_hydroelectric_1_inlet,425,0.0
MISE_conventional_hydroelectric_1_inlet,426,0.0
MISE_conventional_hydroelectric_1_inlet,427,0.0
MISE_conventional_hydroelectric_1_inlet,428,0.0
MISE_conventional_hydroelectric_1_inlet,429,0.0
MISE_conventional_hydroelectric_1_inlet,430,0.0
MISE_conventional_hydroelectric_1_inlet,431,0.0
MISE_conventional_hydroelectric_1_inlet,432,0.030718850400000018
MISE_conventional_hydroelectric_1_inlet,433,0.0252629928
MISE_conventional_hydroelectric_1_inlet,434,0.02631858264000005
MISE_conventional_hydroelectric_1_inlet,435,0.02621183760000001
MISE_conventional_hydroelectric_1_inlet,436,0.043385928480000016
MISE_conventional_hydroelectric_1_inlet,437,0.025998347520000048
MISE_conventional_hydroelectric_1_inlet,438,0.02508508439999996
MISE_conventional_hydroelectric_1_inlet,439,0.011694512159999998
MISE_conventional_hydroelectric_1_inlet,440,0.011694512159999998
MISE_conventional_hydroelectric_1_inlet,441,0.011694512159999998
MISE_conventional_hydroelectric_1_inlet,442,0.011694512159999998
MISE_conventional_hydroelectric_1_inlet,443,0.0
MISE_conventional_hydroelectric_1_inlet,444,0.0
MISE_conventional_hydroelectric_1_inlet,445,0.0
MISE_conventional_hydroelectric_1_inlet,446,0.0
MISE_conventional_hydroelectric_1_inlet,447,0.0
MISE_conventional_hydroelectric_1_inlet,448,0.0
MISE_conventional_hydroelectric_1_inlet,449,0.0
MISE_conventional_hydroelectric_1_inlet,450,0.011694512159999998
MISE_conventional_hydroelectric_1_inlet,451,0.011694512159999998
MISE_conventional_hydroelectric_1_inlet,452,0.011694512159999998
MISE_conventional_hydroelectric_1_inlet,453,0.011694512159999998
MISE_conventional_hydroelectric_1_inlet,454,0.011694512159999998
MISE_conventional_hydroelectric_1_inlet,455,0.011694512159999998
MISE_conventional_hydroelectric_1_inlet,456,0.042413362560000015
MISE_conventional_hydroelectric_1_inlet,457,0.0506445912
MISE_conventional_hydroelectric_1_inlet,458,0.05174762328000005
MISE_conventional_hydroelectric_1_inlet,459,0.05168832048000001
MISE_conventional_hydroelectric_1_inlet,460,0.06890985360000002
MISE_conventional_hydroelectric_1_inlet,461,0.05156971488000005
MISE_conventional_hydroelectric_1_inlet,462,0.05071575455999996
MISE_conventional_hydroelectric_1_inlet,463,0.03737262456
MISE_conventional_hydroelectric_1_inlet,464,0.0374200668
MISE_conventional_hydroelectric_1_inlet,465,0.03746750904
MISE_conventional_hydroelectric_1_inlet,466,0.03751495127999999
MISE_conventional_hydroelectric_1_inlet,467,0.025867881359999997
MISE_conventional_hydroelectric_1_inlet,468,0.025915323599999998
MISE_conventional_hydroelectric_1_inlet,469,0.02596276584
MISE_conventional_hydroelectric_1_inlet,470,0.026010208079999996
MISE_conventional_hydroelectric_1_inlet,471,0.02605765032
MISE_conventional_hydroelectric_1_inlet,472,0.026105092559999998
MISE_conventional_hydroelectric_1_inlet,473,0.0261525348
MISE_conventional_hydroelectric_1_inlet,474,0.03790634976
MISE_conventional_hydroelectric_1_inlet,475,0.037953792
MISE_conventional_hydroelectric_1_inlet,476,0.038001234239999994
MISE_conventional_hydroelectric_1_inlet,477,0.03804867648
MISE_conventional_hydroelectric_1_inlet,478,0.038096118719999995
MISE_conventional_hydroelectric_1_inlet,479,0.038143560959999996
MISE_conventional_hydroelectric_1_inlet,480,0.06890985360000002
MISE_conventional_hydroelectric_1_inlet,481,0.08004691944
MISE_conventional_hydroelectric_1_inlet,482,0.08114995152000005
MISE_conventional_hydroelectric_1_inlet,483,0.08109064872
MISE_conventional_hydroelectric_1_inlet,484,0.09831218184
MISE_conventional_hydroelectric_1_inlet,485,0.08097204312000005
MISE_conventional_hydroelectric_1_inlet,486,0.08011808279999996
MISE_conventional_hydroelectric_1_inlet,487,0.0667749528
MISE_conventional_hydroelectric_1_inlet,488,0.06682239504
MISE_conventional_hydroelectric_1_inlet,489,0.06686983728
MISE_conventional_hydroelectric_1_inlet,490,0.06691727952
MISE_conventional_hydroelectric_1_inlet,491,0.055270209599999995
MISE_conventional_hydroelectric_1_inlet,492,0.055317651839999996
MISE_conventional_hydroelectric_1_inlet,493,0.055365094079999996
MISE_conventional_hydroelectric_1_inlet,494,0.05541253632
MISE_conventional_hydroelectric_1_inlet,495,0.055459978560000005
MISE_conventional_hydroelectric_1_inlet,496,0.05550742079999999
MISE_conventional_hydroelectric_1_inlet,497,0.05555486304
MISE_conventional_hydroelectric_1_inlet,498,0.067308678
MISE_conventional_hydroelectric_1_inlet,499,0.06735612024
MISE_conventional_hydroelectric_1_inlet,500,0.06740356248
MISE_conventional_hydroelectric_1_inlet,501,0.06745100472
MISE_conventional_hydroelectric_1_inlet,502,0.06749844695999999
MISE_conventional_hydroelectric_1_inlet,503,0.06754588919999999
MISE_conventional_hydroelectric_1_inlet,504,0.09831218184
MISE_conventional_hydroelectric_1_inlet,505,0.1003403376
MISE_conventional_hydroelectric_1_inlet,506,0.10144336968000005
MISE_conventional_hydroelectric_1_inlet,507,0.10138406688
MISE_conventional_hydroelectric_1_inlet,508,0.11860559999999999
MISE_conventional_hydroelectric_1_inlet,509,0.10126546128000004
MISE_conventional_hydroelectric_1_inlet,510,0.10041150095999996
MISE_conventional_hydroelectric_1_inlet,511,0.08540789256
MISE_conventional_hydroelectric_1_inlet,512,0.08711581319999999
MISE_conventional_hydroelectric_1_inlet,513,0.08716325543999999
MISE_conventional_hydroelectric_1_inlet,514,0.08721069768
MISE_conventional_hydroelectric_1_inlet,515,0.07556362775999999
MISE_conventional_hydroelectric_1_inlet,516,0.07561107
MISE_conventional_hydroelectric_1_inlet,517,0.07565851223999999
MISE_conventional_hydroelectric_1_inlet,518,0.07570595447999999
MISE_conventional_hydroelectric_1_inlet,519,0.07575339671999999
MISE_conventional_hydroelectric_1_inlet,520,0.07580083896
MISE_conventional_hydroelectric_1_inlet,521,0.0758482812
MISE_conventional_hydroelectric_1_inlet,522,0.08760209615999999
MISE_conventional_hydroelectric_1_inlet,523,0.08764953839999999
MISE_conventional_hydroelectric_1_inlet,524,0.08769698064
MISE_conventional_hydroelectric_1_inlet,525,0.08774442288
MISE_conventional_hydroelectric_1_inlet,526,0.08779186511999998
MISE_conventional_hydroelectric_1_inlet,527,0.08783930735999998
MISE_conventional_hydroelectric_1_inlet,528,0.11860559999999999
MISE_conventional_hydroelectric_1_inlet,529,0.014398719840000004
MISE_conventional_hydroelectric_1_inlet,530,0.015596636400000028
MISE_conventional_hydroelectric_1_inlet,531,0.015620357520000005
MISE_conventional_hydroelectric_1_inlet,532,0.03293677511999996
MISE_conventional_hydroelectric_1_inlet,533,0.01567966032000002
MISE_conventional_hydroelectric_1_inlet,534,0.06574308408
MISE_conventional_hydroelectric_1_inlet,535,0.0
MISE_conventional_hydroelectric_1_inlet,536,0.11860559999999999
MISE_conventional_hydroelectric_1_inlet,537,0.11860559999999999
MISE_conventional_hydroelectric_1_inlet,538,0.11860559999999999
MISE_conventional_hydroelectric_1_inlet,539,0.109117152
MISE_conventional_hydroelectric_1_inlet,540,0.10925947872
MISE_conventional_hydroelectric_1_inlet,541,0.10938994487999999
MISE_conventional_hydroelectric_1_inlet,542,0.10953227159999998
MISE_conventional_hydroelectric_1_inlet,543,0.10966273775999999
MISE_conventional_hydroelectric_1_inlet,544,0.10980506447999999
MISE_conventional_hydroelectric_1_inlet,545,0.10993553064
MISE_conventional_hydroelectric_1_inlet,546,0.06574308408
MISE_conventional_hydroelectric_1_inlet,547,0.06574308408
MISE_conventional_hydroelectric_1_inlet,548,0.0034514229599999766
MISE_conventional_hydroelectric_1_inlet,549,0.0035818891199999995
MISE_conventional_hydroelectric_1_inlet,550,0.11860559999999999
MISE_conventional_hydroelectric_1_inlet,551,0.11860559999999999
MISE_conventional_hydroelectric_1_inlet,552,0.11860559999999999
MISE_conventional_hydroelectric_1_inlet,553,0.06726123576
MISE_conventional_hydroelectric_1_inlet,554,0.06845915232000002
MISE_conventional_hydroelectric_1_inlet,555,0.06848287344000001
MISE_conventional_hydroelectric_1_inlet,556,0.08579929103999995
MISE_conventional_hydroelectric_1_inlet,557,0.06854217624000002
MISE_conventional_hydroelectric_1_inlet,558,0.11860559999999999
MISE_conventional_hydroelectric_1_inlet,559,0.05286251592
MISE_conventional_hydroelectric_1_inlet,560,0.06862520016
MISE_conventional_hydroelectric_1_inlet,561,0.06864892127999998
MISE_conventional_hydroelectric_1_inlet,562,0.0686726424
MISE_conventional_hydroelectric_1_inlet,563,0.06870822407999999
MISE_conventional_hydroelectric_1_inlet,564,0.06873194519999999
MISE_conventional_hydroelectric_1_inlet,565,0.06875566631999999
MISE_conventional_hydroelectric_1_inlet,566,0.068791248
MISE_conventional_hydroelectric_1_inlet,567,0.06881496912
MISE_conventional_hydroelectric_1_inlet,568,0.06883869024
MISE_conventional_hydroelectric_1_inlet,569,0.06887427192
MISE_conventional_hydroelectric_1_inlet,570,0.11860559999999999
MISE_conventional_hydroelectric_1_inlet,571,0.11860559999999999
MISE_conventional_hydroelectric_1_inlet,572,0.05631393887999998
MISE_conventional_hydroelectric_1_inlet,573,0.05644440504
MISE_conventional_hydroelectric_1_inlet,574,0.052862515919999964
MISE_conventional_hydroelectric_1_inlet,575,0.05286251591999999
MISE_conventional_hydroelectric_1_inlet,576,0.11860559999999999
MISS_conventional_hydroelectric_1_inlet,1,0.0
MISS_conventional_hydroelectric_1_inlet,2,0.0
MISS_conventional_hydroelectric_1_inlet,3,0.0
MISS_conventional_hydroelectric_1_inlet,4,0.42876679252736527
MISS_conventional_hydroelectric_1_inlet,5,0.4309659071390678
MISS_conventional_hydroelectric_1_inlet,6,1.422525156449772
MISS_conventional_hydroelectric_1_inlet,7,1.3928313091130182
MISS_conventional_hydroelectric_1_inlet,8,2.141113824
MISS_conventional_hydroelectric_1_inlet,9,1.4154820913071342
MISS_conventional_hydroelectric_1_inlet,10,0.0
MISS_conventional_hydroelectric_1_inlet,11,0.0
MISS_conventional_hydroelectric_1_inlet,12,0.0
MISS_conventional_hydroelectric_1_inlet,13,0.0
MISS_conventional_hydroelectric_1_inlet,14,0.0
MISS_conventional_hydroelectric_1_inlet,15,0.0
MISS_conventional_hydroelectric_1_inlet,16,0.0
MISS_conventional_hydroelectric_1_inlet,17,0.0
MISS_conventional_hydroelectric_1_inlet,18,0.0
MISS_conventional_hydroelectric_1_inlet,19,0.0
MISS_conventional_hydroelectric_1_inlet,20,1.3644653848953916
MISS_conventional_hydroelectric_1_inlet,21,1.3622662702836892
MISS_conventional_hydroelectric_1_inlet,22,0.7165995187270087
MISS_conventional_hydroelectric_1_inlet,23,1.3579730323166679
MISS_conventional_hydroelectric_1_inlet,24,1.355773917704965
MISS_conventional_hydroelectric_1_inlet,25,0.0
MISS_conventional_hydroelectric_1_inlet,26,0.0
MISS_conventional_hydroelectric_1_inlet,27,0.0
MISS_conventional_hydroelectric_1_inlet,28,0.0
MISS_conventional_hydroelectric_1_inlet,29,0.0
MISS_conventional_hydroelectric_1_inlet,30,0.027599723981434728
MISS_conventional_hydroelectric_1_inlet,31,0.0
MISS_conventional_hydroelectric_1_inlet,32,0.7504816294986842
MISS_conventional_hydroelectric_1_inlet,33,0.027095215434843136
MISS_conventional_hydroelectric_1_inlet,34,0.0
MISS_conventional_hydroelectric_1_inlet,35,0.026779848440013326
MISS_conventional_hydroelectric_1_inlet,36,0.0
MISS_conventional_hydroelectric_1_inlet,37,0.026464481445183517
MISS_conventional_hydroelectric_1_inlet,38,0.026338256002115895
MISS_conventional_hydroelectric_1_inlet,39,0.046183962812667984
MISS_conventional_hydroelectric_1_inlet,40,0.7679107678968595
MISS_conventional_hydroelectric_1_inlet,41,0.04589356564847617
MISS_conventional_hydroelectric_1_inlet,42,0.025812513268839713
MISS_conventional_hydroelectric_1_inlet,43,0.0
MISS_conventional_hydroelectric_1_inlet,44,0.0
MISS_conventional_hydroelectric_1_inlet,45,0.0
MISS_conventional_hydroelectric_1_inlet,46,0.0
MISS_conventional_hydroelectric_1_inlet,47,0.0
MISS_conventional_hydroelectric_1_inlet,48,0.0
MISS_conventional_hydroelectric_1_inlet,49,1.0394857917213622
MISS_conventional_hydroelectric_1_inlet,50,1.0396749332731237
MISS_conventional_hydroelectric_1_inlet,51,1.0398011587161917
MISS_conventional_hydroelectric_1_inlet,52,1.039990300267954
MISS_conventional_hydroelectric_1_inlet,53,1.0401165257110214
MISS_conventional_hydroelectric_1_inlet,54,1.0679053912442182
MISS_conventional_hydroelectric_1_inlet,55,0.3284715310428709
MISS_conventional_hydroelectric_1_inlet,56,1.0679053912442182
MISS_conventional_hydroelectric_1_inlet,57,1.0679053912442182
MISS_conventional_hydroelectric_1_inlet,58,0.6342066267093971
MISS_conventional_hydroelectric_1_inlet,59,1.0679053912442182
MISS_conventional_hydroelectric_1_inlet,60,1.0412517682472728
MISS_conventional_hydroelectric_1_inlet,61,1.0679053912442182
MISS_conventional_hydroelectric_1_inlet,62,1.0679053912442182
MISS_conventional_hydroelectric_1_inlet,63,1.087835248350149
MISS_conventional_hydroelectric_1_inlet,64,1.8096882788774082
MISS_conventional_hydroelectric_1_inlet,65,1.087860218180787
MISS_conventional_hydroelectric_1_inlet,66,1.0679053912442182
MISS_conventional_hydroelectric_1_inlet,67,1.0422820195271405
MISS_conventional_hydroelectric_1_inlet,68,1.0424711610789026
MISS_conventional_hydroelectric_1_inlet,69,1.0425973865219702
MISS_conventional_hydroelectric_1_inlet,70,1.042786528073732
MISS_conventional_hydroelectric_1_inlet,71,1.0429127535168
MISS_conventional_hydroelectric_1_inlet,72,1.043101895068562
MISS_conventional_hydroelectric_1_inlet,73,0.0
MISS_conventional_hydroelectric_1_inlet,74,0.0
MISS_conventional_hydroelectric_1_inlet,75,0.0
MISS_conventional_hydroelectric_1_inlet,76,0.0
MISS_conventional_hydroelectric_1_inlet,77,0.0
MISS_conventional_hydroelectric_1_inlet,78,0.0
MISS_conventional_hydroelectric_1_inlet,79,0.0
MISS_conventional_hydroelectric_1_inlet,80,0.0
MISS_conventional_hydroelectric_1_inlet,81,0.0
MISS_conventional_hydroelectric_1_inlet,82,0.0
MISS_conventional_hydroelectric_1_inlet,83,0.0
MISS_conventional_hydroelectric_1_inlet,84,0.0
MISS_conventional_hydroelectric_1_inlet,85,0.0
MISS_conventional_hydroelectric_1_inlet,86,0.0
MISS_conventional_hydroelectric_1_inlet,87,0.019929857105930638
MISS_conventional_hydroelectric_1_inlet,88,0.74178288763319
MISS_conventional_hydroelectric_1_inlet,89,0.019954826936568634
MISS_conventional_hydroelectric_1_inlet,90,0.0
MISS_conventional_hydroelectric_1_inlet,91,0.0
MISS_conventional_hydroelectric_1_inlet,92,0.0
MISS_conventional_hydroelectric_1_inlet,93,0.0
MISS_conventional_hydroelectric_1_inlet,94,0.0
MISS_conventional_hydroelectric_1_inlet,95,0.0
MISS_conventional_hydroelectric_1_inlet,96,0.0
MISS_conventional_hydroelectric_1_inlet,97,0.0
MISS_conventional_hydroelectric_1_inlet,98,1.0732084327557816
MISS_conventional_hydroelectric_1_inlet,99,1.0732084327557816
MISS_conventional_hydroelectric_1_inlet,100,0.0
MISS_conventional_hydroelectric_1_inlet,101,1.0732084327557816
MISS_conventional_hydroelectric_1_inlet,102,0.0
MISS_conventional_hydroelectric_1_inlet,103,1.0732084327557816
MISS_conventional_hydroelectric_1_inlet,104,0.0
MISS_conventional_hydroelectric_1_inlet,105,0.0
MISS_conventional_hydroelectric_1_inlet,106,1.0732084327557816
MISS_conventional_hydroelectric_1_inlet,107,1.0732084327557816
MISS_conventional_hydroelectric_1_inlet,108,1.0732084327557816
MISS_conventional_hydroelectric_1_inlet,109,1.0732084327557816
MISS_conventional_hydroelectric_1_inlet,110,1.0732084327557816
MISS_conventional_hydroelectric_1_inlet,111,1.0931382898617124
MISS_conventional_hydroelectric_1_inlet,112,1.0932053348400395
MISS_conventional_hydroelectric_1_inlet,113,1.0931632596923502
MISS_conventional_hydroelectric_1_inlet,114,1.0732084327557816
MISS_conventional_hydroelectric_1_inlet,115,0.0
MISS_conventional_hydroelectric_1_inlet,116,0.19580366570305352
MISS_conventional_hydroelectric_1_inlet,117,0.0
MISS_conventional_hydroelectric_1_inlet,118,0.0
MISS_conventional_hydroelectric_1_inlet,119,0.0
MISS_conventional_hydroelectric_1_inlet,120,0.0
MISS_conventional_hydroelectric_1_inlet,121,1.048679014878625
MISS_conventional_hydroelectric_1_inlet,122,2.1218204026560787
MISS_conventional_hydroelectric_1_inlet,123,2.121799561695074
MISS_conventional_hydroelectric_1_inlet,124,0.0
MISS_conventional_hydroelectric_1_inlet,125,2.121774591864436
MISS_conventional_hydroelectric_1_inlet,126,0.0
MISS_conventional_hydroelectric_1_inlet,127,1.0955045253871338
MISS_conventional_hydroelectric_1_inlet,128,1.048411228190995
MISS_conventional_hydroelectric_1_inlet,129,1.0482391919562843
MISS_conventional_hydroelectric_1_inlet,130,2.121426783751061
MISS_conventional_hydroelectric_1_inlet,131,2.121359738772733
MISS_conventional_hydroelectric_1_inlet,132,2.1213388978117287
MISS_conventional_hydroelectric_1_inlet,133,2.1212718528334014
MISS_conventional_hydroelectric_1_inlet,134,2.1212510118723964
MISS_conventional_hydroelectric_1_inlet,135,2.141113824
MISS_conventional_hydroelectric_1_inlet,136,2.141113824
MISS_conventional_hydroelectric_1_inlet,137,2.141113824
MISS_conventional_hydroelectric_1_inlet,138,2.1210919520851044
MISS_conventional_hydroelectric_1_inlet,139,1.047757687111934
MISS_conventional_hydroelectric_1_inlet,140,1.2434943078366603
MISS_conventional_hydroelectric_1_inlet,141,1.0476698011726018
MISS_conventional_hydroelectric_1_inlet,142,1.0476027561942745
MISS_conventional_hydroelectric_1_inlet,143,1.0475357112159471
MISS_conventional_hydroelectric_1_inlet,144,1.0475148702549422
MISS_conventional_hydroelectric_1_inlet,145,2.094288313491491
MISS_conventional_hydroelectric_1_inlet,146,1.026315877268945
MISS_conventional_hydroelectric_1_inlet,147,1.0262950363079406
MISS_conventional_hydroelectric_1_inlet,148,0.926182727540866
MISS_conventional_hydroelectric_1_inlet,149,1.0262700664773023
MISS_conventional_hydroelectric_1_inlet,150,0.0
MISS_conventional_hydroelectric_1_inlet,151,0.0
MISS_conventional_hydroelectric_1_inlet,152,2.094020526803861
MISS_conventional_hydroelectric_1_inlet,153,2.0938484905691506
MISS_conventional_hydroelectric_1_inlet,154,1.0259222583639271
MISS_conventional_hydroelectric_1_inlet,155,2.141113824
MISS_conventional_hydroelectric_1_inlet,156,2.141113824
MISS_conventional_hydroelectric_1_inlet,157,2.141113824
MISS_conventional_hydroelectric_1_inlet,158,2.141113824
MISS_conventional_hydroelectric_1_inlet,159,1.7599719697872396
MISS_conventional_hydroelectric_1_inlet,160,2.141113824
MISS_conventional_hydroelectric_1_inlet,161,1.7586064936157357
MISS_conventional_hydroelectric_1_inlet,162,1.7579258199648
MISS_conventional_hydroelectric_1_inlet,163,1.7571822302051698
MISS_conventional_hydroelectric_1_inlet,164,1.7565015565542343
MISS_conventional_hydroelectric_1_inlet,165,1.776286715026324
MISS_conventional_hydroelectric_1_inlet,166,2.0932120548071405
MISS_conventional_hydroelectric_1_inlet,167,2.093145009828813
MISS_conventional_hydroelectric_1_inlet,168,0.0
MISS_conventional_hydroelectric_1_inlet,169,2.141113824
MISS_conventional_hydroelectric_1_inlet,170,2.141113824
MISS_conventional_hydroelectric_1_inlet,171,2.141113824
MISS_conventional_hydroelectric_1_inlet,172,2.141113824
MISS_conventional_hydroelectric_1_inlet,173,2.141113824
MISS_conventional_hydroelectric_1_inlet,174,1.2163553598696992
MISS_conventional_hydroelectric_1_inlet,175,1.2170989496293292
MISS_conventional_hydroelectric_1_inlet,176,1.1705813348277418
MISS_conventional_hydroelectric_1_inlet,177,2.141113824
MISS_conventional_hydroelectric_1_inlet,178,2.141113824
MISS_conventional_hydroelectric_1_inlet,179,1.2198886892113983
MISS_conventional_hydroelectric_1_inlet,180,1.2205693628623338
MISS_conventional_hydroelectric_1_inlet,181,1.2212079613655802
MISS_conventional_hydroelectric_1_inlet,182,1.221888635016516
MISS_conventional_hydroelectric_1_inlet,183,0.8414903705633853
MISS_conventional_hydroelectric_1_inlet,184,1.2233128984270811
MISS_conventional_hydroelectric_1_inlet,185,0.8414903705633853
MISS_conventional_hydroelectric_1_inlet,186,0.8414903705633853
MISS_conventional_hydroelectric_1_inlet,187,0.8414903705633853
MISS_conventional_hydroelectric_1_inlet,188,0.8414903705633853
MISS_conventional_hydroelectric_1_inlet,189,0.8619141275387209
MISS_conventional_hydroelectric_1_inlet,190,1.1795201409704728
MISS_conventional_hydroelectric_1_inlet,191,1.1801799736604033
MISS_conventional_hydroelectric_1_inlet,192,1.0685295279912248
MISS_conventional_hydroelectric_1_inlet,193,2.141113824
MISS_conventional_hydroelectric_1_inlet,194,2.141113824
MISS_conventional_hydroelectric_1_inlet,195,2.141113824
MISS_conventional_hydroelectric_1_inlet,196,2.141113824
MISS_conventional_hydroelectric_1_inlet,197,2.141113824
MISS_conventional_hydroelectric_1_inlet,198,2.141113824
MISS_conventional_hydroelectric_1_inlet,199,1.2637233252028561
MISS_conventional_hydroelectric_1_inlet,200,1.2637233252028561
MISS_conventional_hydroelectric_1_inlet,201,2.141113824
MISS_conventional_hydroelectric_1_inlet,202,2.141113824
MISS_conventional_hydroelectric_1_inlet,203,2.141113824
MISS_conventional_hydroelectric_1_inlet,204,2.141113824
MISS_conventional_hydroelectric_1_inlet,205,2.141113824
MISS_conventional_hydroelectric_1_inlet,206,2.141113824
MISS_conventional_hydroelectric_1_inlet,207,2.141113824
MISS_conventional_hydroelectric_1_inlet,208,2.141113824
MISS_conventional_hydroelectric_1_inlet,209,2.141113824
MISS_conventional_hydroelectric_1_inlet,210,2.141113824
MISS_conventional_hydroelectric_1_inlet,211,2.141113824
MISS_conventional_hydroelectric_1_inlet,212,2.141113824
MISS_conventional_hydroelectric_1_inlet,213,2.141113824
MISS_conventional_hydroelectric_1_inlet,214,2.141113824
MISS_conventional_hydroelectric_1_inlet,215,2.141113824
MISS_conventional_hydroelectric_1_inlet,216,1.2637233252028561
MISS_conventional_hydroelectric_1_inlet,217,2.141113824
MISS_conventional_hydroelectric_1_inlet,218,2.141113824
MISS_conventional_hydroelectric_1_inlet,219,2.141113824
MISS_conventional_hydroelectric_1_inlet,220,2.141113824
MISS_conventional_hydroelectric_1_inlet,221,2.141113824
MISS_conventional_hydroelectric_1_inlet,222,2.141113824
MISS_conventional_hydroelectric_1_inlet,223,2.141113824
MISS_conventional_hydroelectric_1_inlet,224,2.141113824
MISS_conventional_hydroelectric_1_inlet,225,2.141113824
MISS_conventional_hydroelectric_1_inlet,226,2.141113824
MISS_conventional_hydroelectric_1_inlet,227,2.141113824
MISS_conventional_hydroelectric_1_inlet,228,2.141113824
MISS_conventional_hydroelectric_1_inlet,229,2.141113824
MISS_conventional_hydroelectric_1_inlet,230,2.141113824
MISS_conventional_hydroelectric_1_inlet,231,2.141113824
MISS_conventional_hydroelectric_1_inlet,232,2.141113824
MISS_conventional_hydroelectric_1_inlet,233,2.141113824
MISS_conventional_hydroelectric_1_inlet,234,2.141113824
MISS_conventional_hydroelectric_1_inlet,235,2.141113824
MISS_conventional_hydroelectric_1_inlet,236,2.141113824
MISS_conventional_hydroelectric_1_inlet,237,2.141113824
MISS_conventional_hydroelectric_1_inlet,238,2.141113824
MISS_conventional_hydroelectric_1_inlet,239,2.141113824
MISS_conventional_hydroelectric_1_inlet,240,2.141113824
MISS_conventional_hydroelectric_1_inlet,241,1.8326182513038545
MISS_conventional_hydroelectric_1_inlet,242,1.8326182513038545
MISS_conventional_hydroelectric_1_inlet,243,2.141113824
MISS_conventional_hydroelectric_1_inlet,244,2.141113824
MISS_conventional_hydroelectric_1_inlet,245,1.8326182513038545
MISS_conventional_hydroelectric_1_inlet,246,1.8326182513038545
MISS_conventional_hydroelectric_1_inlet,247,1.8326182513038545
MISS_conventional_hydroelectric_1_inlet,248,1.8326182513038545
MISS_conventional_hydroelectric_1_inlet,249,1.8326182513038545
MISS_conventional_hydroelectric_1_inlet,250,1.8326182513038545
MISS_conventional_hydroelectric_1_inlet,251,2.141113824
MISS_conventional_hydroelectric_1_inlet,252,1.8326182513038545
MISS_conventional_hydroelectric_1_inlet,253,1.8326182513038545
MISS_conventional_hydroelectric_1_inlet,254,2.141113824
MISS_conventional_hydroelectric_1_inlet,255,2.141113824
MISS_conventional_hydroelectric_1_inlet,256,2.141113824
MISS_conventional_hydroelectric_1_inlet,257,1.8326182513038545
MISS_conventional_hydroelectric_1_inlet,258,1.8326182513038545
MISS_conventional_hydroelectric_1_inlet,259,1.8326182513038545
MISS_conventional_hydroelectric_1_inlet,260,1.8326182513038545
MISS_conventional_hydroelectric_1_inlet,261,1.8326182513038545
MISS_conventional_hydroelectric_1_inlet,262,1.8326182513038545
MISS_conventional_hydroelectric_1_inlet,263,1.8326182513038545
MISS_conventional_hydroelectric_1_inlet,264,1.8326182513038545
MISS_conventional_hydroelectric_1_inlet,265,2.141113824
MISS_conventional_hydroelectric_1_inlet,266,2.141113824
MISS_conventional_hydroelectric_1_inlet,267,2.141113824
MISS_conventional_hydroelectric_1_inlet,268,2.141113824
MISS_conventional_hydroelectric_1_inlet,269,2.141113824
MISS_conventional_hydroelectric_1_inlet,270,2.141113824
MISS_conventional_hydroelectric_1_inlet,271,2.141113824
MISS_conventional_hydroelectric_1_inlet,272,2.141113824
MISS_conventional_hydroelectric_1_inlet,273,2.141113824
MISS_conventional_hydroelectric_1_inlet,274,2.141113824
MISS_conventional_hydroelectric_1_inlet,275,2.141113824
MISS_conventional_hydroelectric_1_inlet,276,2.141113824
MISS_conventional_hydroelectric_1_inlet,277,2.141113824
MISS_conventional_hydroelectric_1_inlet,278,2.141113824
MISS_conventional_hydroelectric_1_inlet,279,2.141113824
MISS_conventional_hydroelectric_1_inlet,280,2.141113824
MISS_conventional_hydroelectric_1_inlet,281,2.141113824
MISS_conventional_hydroelectric_1_inlet,282,2.141113824
MISS_conventional_hydroelectric_1_inlet,283,2.141113824
MISS_conventional_hydroelectric_1_inlet,284,2.141113824
MISS_conventional_hydroelectric_1_inlet,285,2.141113824
MISS_conventional_hydroelectric_1_inlet,286,2.141113824
MISS_conventional_hydroelectric_1_inlet,287,2.141113824
MISS_conventional_hydroelectric_1_inlet,288,2.141113824
MISS_conventional_hydroelectric_1_inlet,289,1.9330199741709224
MISS_conventional_hydroelectric_1_inlet,290,1.9330199741709224
MISS_conventional_hydroelectric_1_inlet,291,1.7368876562816526
MISS_conventional_hydroelectric_1_inlet,292,1.9330199741709224
MISS_conventional_hydroelectric_1_inlet,293,2.141113824
MISS_conventional_hydroelectric_1_inlet,294,2.141113824
MISS_conventional_hydroelectric_1_inlet,295,2.141113824
MISS_conventional_hydroelectric_1_inlet,296,0.6685843619261741
MISS_conventional_hydroelectric_1_inlet,297,1.9330199741709224
MISS_conventional_hydroelectric_1_inlet,298,1.9330199741709224
MISS_conventional_hydroelectric_1_inlet,299,1.9330199741709224
MISS_conventional_hydroelectric_1_inlet,300,1.1876448074556802
MISS_conventional_hydroelectric_1_inlet,301,1.9330199741709224
MISS_conventional_hydroelectric_1_inlet,302,0.2602693923178313
MISS_conventional_hydroelectric_1_inlet,303,1.9330199741709224
MISS_conventional_hydroelectric_1_inlet,304,0.8220729305773009
MISS_conventional_hydroelectric_1_inlet,305,0.2593376440706381
MISS_conventional_hydroelectric_1_inlet,306,0.47377859709219805
MISS_conventional_hydroelectric_1_inlet,307,1.7393932903104001
MISS_conventional_hydroelectric_1_inlet,308,1.9330199741709224
MISS_conventional_hydroelectric_1_inlet,309,1.9330199741709224
MISS_conventional_hydroelectric_1_inlet,310,0.25807440657576214
MISS_conventional_hydroelectric_1_inlet,311,1.9330199741709224
MISS_conventional_hydroelectric_1_inlet,312,0.25747001870661834
MISS_conventional_hydroelectric_1_inlet,313,2.141113824
MISS_conventional_hydroelectric_1_inlet,314,2.141113824
MISS_conventional_hydroelectric_1_inlet,315,1.9449815061107303
MISS_conventional_hydroelectric_1_inlet,316,2.141113824
MISS_conventional_hydroelectric_1_inlet,317,2.141113824
MISS_conventional_hydroelectric_1_inlet,318,2.141113824
MISS_conventional_hydroelectric_1_inlet,319,2.141113824
MISS_conventional_hydroelectric_1_inlet,320,0.8766782117552518
MISS_conventional_hydroelectric_1_inlet,321,2.141113824
MISS_conventional_hydroelectric_1_inlet,322,2.141113824
MISS_conventional_hydroelectric_1_inlet,323,2.141113824
MISS_conventional_hydroelectric_1_inlet,324,1.3957386572847579
MISS_conventional_hydroelectric_1_inlet,325,2.141113824
MISS_conventional_hydroelectric_1_inlet,326,0.468363242146909
MISS_conventional_hydroelectric_1_inlet,327,2.141113824
MISS_conventional_hydroelectric_1_inlet,328,1.0301667804063785
MISS_conventional_hydroelectric_1_inlet,329,0.4674314938997158
MISS_conventional_hydroelectric_1_inlet,330,0.6818724469212757
MISS_conventional_hydroelectric_1_inlet,331,1.9474871401394778
MISS_conventional_hydroelectric_1_inlet,332,2.141113824
MISS_conventional_hydroelectric_1_inlet,333,2.141113824
MISS_conventional_hydroelectric_1_inlet,334,0.4661682564048398
MISS_conventional_hydroelectric_1_inlet,335,2.141113824
MISS_conventional_hydroelectric_1_inlet,336,0.46556386853569603
MISS_conventional_hydroelectric_1_inlet,337,1.9713472879103997
MISS_conventional_hydroelectric_1_inlet,338,0.196254021237025
MISS_conventional_hydroelectric_1_inlet,339,0.0
MISS_conventional_hydroelectric_1_inlet,340,0.27478177923951047
MISS_conventional_hydroelectric_1_inlet,341,0.27438285178782135
MISS_conventional_hydroelectric_1_inlet,342,0.27402599948382117
MISS_conventional_hydroelectric_1_inlet,343,0.6611845998161452
MISS_conventional_hydroelectric_1_inlet,344,1.0720466887624056
MISS_conventional_hydroelectric_1_inlet,345,0.19520056964207597
MISS_conventional_hydroelectric_1_inlet,346,1.9728582575832594
MISS_conventional_hydroelectric_1_inlet,347,1.9729799609310148
MISS_conventional_hydroelectric_1_inlet,348,0.6021798165168694
MISS_conventional_hydroelectric_1_inlet,349,1.7029443602553238
MISS_conventional_hydroelectric_1_inlet,350,0.0
MISS_conventional_hydroelectric_1_inlet,351,1.3859657752365202
MISS_conventional_hydroelectric_1_inlet,352,1.224313898453506
MISS_conventional_hydroelectric_1_inlet,353,0.6613477884730711
MISS_conventional_hydroelectric_1_inlet,354,0.8756670381468756
MISS_conventional_hydroelectric_1_inlet,355,2.141113824
MISS_conventional_hydroelectric_1_inlet,356,2.141113824
MISS_conventional_hydroelectric_1_inlet,357,2.141113824
MISS_conventional_hydroelectric_1_inlet,358,0.0
MISS_conventional_hydroelectric_1_inlet,359,1.9748434574254017
MISS_conventional_hydroelectric_1_inlet,360,0.6583217202577191
MISS_conventional_hydroelectric_1_inlet,361,0.0
MISS_conventional_hydroelectric_1_inlet,362,0.0
MISS_conventional_hydroelectric_1_inlet,363,0.01835439842165935
MISS_conventional_hydroelectric_1_inlet,364,0.444137001268522
MISS_conventional_hydroelectric_1_inlet,365,0.4436163704690776
MISS_conventional_hydroelectric_1_inlet,366,0.442923703434922
MISS_conventional_hydroelectric_1_inlet,367,0.8299606004194907
MISS_conventional_hydroelectric_1_inlet,368,0.8292887743463401
MISS_conventional_hydroelectric_1_inlet,369,0.36368695953258834
MISS_conventional_hydroelectric_1_inlet,370,0.0
MISS_conventional_hydroelectric_1_inlet,371,0.0
MISS_conventional_hydroelectric_1_inlet,372,0.0
MISS_conventional_hydroelectric_1_inlet,373,0.0
MISS_conventional_hydroelectric_1_inlet,374,0.0
MISS_conventional_hydroelectric_1_inlet,375,0.5504670339167588
MISS_conventional_hydroelectric_1_inlet,376,1.391637716623053
MISS_conventional_hydroelectric_1_inlet,377,0.48564910670708933
MISS_conventional_hydroelectric_1_inlet,378,0.0
MISS_conventional_hydroelectric_1_inlet,379,0.16691250410895886
MISS_conventional_hydroelectric_1_inlet,380,1.7475991237868431
MISS_conventional_hydroelectric_1_inlet,381,0.16655997728743127
MISS_conventional_hydroelectric_1_inlet,382,0.0
MISS_conventional_hydroelectric_1_inlet,383,0.0
MISS_conventional_hydroelectric_1_inlet,384,0.0
MISS_conventional_hydroelectric_1_inlet,385,0.1800446688961587
MISS_conventional_hydroelectric_1_inlet,386,0.18016637224391405
MISS_conventional_hydroelectric_1_inlet,387,0.19874746526971224
MISS_conventional_hydroelectric_1_inlet,388,0.6248029667380361
MISS_conventional_hydroelectric_1_inlet,389,0.6243411231776528
MISS_conventional_hydroelectric_1_inlet,390,0.623875150747636
MISS_conventional_hydroelectric_1_inlet,391,1.0110799550972824
MISS_conventional_hydroelectric_1_inlet,392,1.0106348236282707
MISS_conventional_hydroelectric_1_inlet,393,0.5452597034186578
MISS_conventional_hydroelectric_1_inlet,394,0.1816315311251306
MISS_conventional_hydroelectric_1_inlet,395,0.18190442974659177
MISS_conventional_hydroelectric_1_inlet,396,0.1820261330943471
MISS_conventional_hydroelectric_1_inlet,397,0.18225282769848594
MISS_conventional_hydroelectric_1_inlet,398,0.18246281021125288
MISS_conventional_hydroelectric_1_inlet,399,0.7330515474757671
MISS_conventional_hydroelectric_1_inlet,400,1.5744489247862001
MISS_conventional_hydroelectric_1_inlet,401,0.6686282222353142
MISS_conventional_hydroelectric_1_inlet,402,0.18320581013236364
MISS_conventional_hydroelectric_1_inlet,403,0.35028209273676714
MISS_conventional_hydroelectric_1_inlet,404,1.9310904157624067
MISS_conventional_hydroelectric_1_inlet,405,0.3503241678844561
MISS_conventional_hydroelectric_1_inlet,406,0.18388589394478017
MISS_conventional_hydroelectric_1_inlet,407,0.18411258854891896
MISS_conventional_hydroelectric_1_inlet,408,0.18421757980530243
MISS_conventional_hydroelectric_1_inlet,409,0.3865752500370248
MISS_conventional_hydroelectric_1_inlet,410,0.38681865673253557
MISS_conventional_hydroelectric_1_inlet,411,0.4056264443624726
MISS_conventional_hydroelectric_1_inlet,412,0.8319548444522576
MISS_conventional_hydroelectric_1_inlet,413,0.8316147042396296
MISS_conventional_hydroelectric_1_inlet,414,0.8313125103050575
MISS_conventional_hydroelectric_1_inlet,415,1.2186852220197817
MISS_conventional_hydroelectric_1_inlet,416,1.218466785154909
MISS_conventional_hydroelectric_1_inlet,417,0.7533183595494346
MISS_conventional_hydroelectric_1_inlet,418,0.3880997859958213
MISS_conventional_hydroelectric_1_inlet,419,0.0
MISS_conventional_hydroelectric_1_inlet,420,0.0
MISS_conventional_hydroelectric_1_inlet,421,0.0
MISS_conventional_hydroelectric_1_inlet,422,0.0
MISS_conventional_hydroelectric_1_inlet,423,0.0
MISS_conventional_hydroelectric_1_inlet,424,0.0
MISS_conventional_hydroelectric_1_inlet,425,0.0
MISS_conventional_hydroelectric_1_inlet,426,0.0
MISS_conventional_hydroelectric_1_inlet,427,0.0
MISS_conventional_hydroelectric_1_inlet,428,0.0
MISS_conventional_hydroelectric_1_inlet,429,0.0
MISS_conventional_hydroelectric_1_inlet,430,0.0
MISS_conventional_hydroelectric_1_inlet,431,0.0
MISS_conventional_hydroelectric_1_inlet,432,0.0
MISS_conventional_hydroelectric_1_inlet,433,0.6028580246383339
MISS_conventional_hydroelectric_1_inlet,434,0.6031014313338446
MISS_conventional_hydroelectric_1_inlet,435,0.6219092189637817
MISS_conventional_hydroelectric_1_inlet,436,1.0482376190535667
MISS_conventional_hydroelectric_1_inlet,437,1.0478974788409388
MISS_conventional_hydroelectric_1_inlet,438,1.0475952849063666
MISS_conventional_hydroelectric_1_inlet,439,1.4349679966210906
MISS_conventional_hydroelectric_1_inlet,440,1.4347495597562179
MISS_conventional_hydroelectric_1_inlet,441,0.9696011341507439
MISS_conventional_hydroelectric_1_inlet,442,0.6043825605971304
MISS_conventional_hydroelectric_1_inlet,443,0.2162827746013091
MISS_conventional_hydroelectric_1_inlet,444,0.2162827746013091
MISS_conventional_hydroelectric_1_inlet,445,0.0
MISS_conventional_hydroelectric_1_inlet,446,0.0
MISS_conventional_hydroelectric_1_inlet,447,0.0
MISS_conventional_hydroelectric_1_inlet,448,0.0
MISS_conventional_hydroelectric_1_inlet,449,0.0
MISS_conventional_hydroelectric_1_inlet,450,0.0
MISS_conventional_hydroelectric_1_inlet,451,0.0
MISS_conventional_hydroelectric_1_inlet,452,0.2162827746013091
MISS_conventional_hydroelectric_1_inlet,453,0.2162827746013091
MISS_conventional_hydroelectric_1_inlet,454,0.2162827746013091
MISS_conventional_hydroelectric_1_inlet,455,0.2162827746013091
MISS_conventional_hydroelectric_1_inlet,456,0.2162827746013091
MISS_conventional_hydroelectric_1_inlet,457,0.8710361684318678
MISS_conventional_hydroelectric_1_inlet,458,0.8715147240836232
MISS_conventional_hydroelectric_1_inlet,459,0.8905409485784329
MISS_conventional_hydroelectric_1_inlet,460,1.3171044976244626
MISS_conventional_hydroelectric_1_inlet,461,1.316936590259385
MISS_conventional_hydroelectric_1_inlet,462,1.3167645540246742
MISS_conventional_hydroelectric_1_inlet,463,1.7043094985869485
MISS_conventional_hydroelectric_1_inlet,464,1.7043094985869485
MISS_conventional_hydroelectric_1_inlet,465,1.239396221937719
MISS_conventional_hydroelectric_1_inlet,466,0.8742448899752726
MISS_conventional_hydroelectric_1_inlet,467,0.4863802529356958
MISS_conventional_hydroelectric_1_inlet,468,0.4865524857832463
MISS_conventional_hydroelectric_1_inlet,469,0.27048814804680993
MISS_conventional_hydroelectric_1_inlet,470,0.27072329700305453
MISS_conventional_hydroelectric_1_inlet,471,0.0
MISS_conventional_hydroelectric_1_inlet,472,0.0
MISS_conventional_hydroelectric_1_inlet,473,0.0
MISS_conventional_hydroelectric_1_inlet,474,0.2714330693542611
MISS_conventional_hydroelectric_1_inlet,475,0.27154651496275045
MISS_conventional_hydroelectric_1_inlet,476,0.48800152241161
MISS_conventional_hydroelectric_1_inlet,477,0.48823667136785454
MISS_conventional_hydroelectric_1_inlet,478,0.488408904215405
MISS_conventional_hydroelectric_1_inlet,479,0.4885390619152662
MISS_conventional_hydroelectric_1_inlet,480,0.4887574987801389
MISS_conventional_hydroelectric_1_inlet,481,1.1545611240386382
MISS_conventional_hydroelectric_1_inlet,482,1.1550396796903937
MISS_conventional_hydroelectric_1_inlet,483,1.174065904185203
MISS_conventional_hydroelectric_1_inlet,484,1.600629453231233
MISS_conventional_hydroelectric_1_inlet,485,1.6004615458661555
MISS_conventional_hydroelectric_1_inlet,486,1.6002895096314445
MISS_conventional_hydroelectric_1_inlet,487,1.987834454193719
MISS_conventional_hydroelectric_1_inlet,488,1.987834454193719
MISS_conventional_hydroelectric_1_inlet,489,1.5229211775444895
MISS_conventional_hydroelectric_1_inlet,490,1.1577698455820429
MISS_conventional_hydroelectric_1_inlet,491,0.769905208542466
MISS_conventional_hydroelectric_1_inlet,492,0.7700774413900165
MISS_conventional_hydroelectric_1_inlet,493,0.5540131036535801
MISS_conventional_hydroelectric_1_inlet,494,0.5542482526098248
MISS_conventional_hydroelectric_1_inlet,495,0.28352495560677027
MISS_conventional_hydroelectric_1_inlet,496,0.28352495560677027
MISS_conventional_hydroelectric_1_inlet,497,0.28352495560677027
MISS_conventional_hydroelectric_1_inlet,498,0.5549580249610313
MISS_conventional_hydroelectric_1_inlet,499,0.5550714705695207
MISS_conventional_hydroelectric_1_inlet,500,0.7715264780183803
MISS_conventional_hydroelectric_1_inlet,501,0.7717616269746248
MISS_conventional_hydroelectric_1_inlet,502,0.7719338598221752
MISS_conventional_hydroelectric_1_inlet,503,0.7720640175220365
MISS_conventional_hydroelectric_1_inlet,504,0.7722824543869091
MISS_conventional_hydroelectric_1_inlet,505,1.307840493844919
MISS_conventional_hydroelectric_1_inlet,506,1.3083190494966745
MISS_conventional_hydroelectric_1_inlet,507,1.3273452739914842
MISS_conventional_hydroelectric_1_inlet,508,1.753908823037514
MISS_conventional_hydroelectric_1_inlet,509,1.7537409156724364
MISS_conventional_hydroelectric_1_inlet,510,1.7535688794377255
MISS_conventional_hydroelectric_1_inlet,511,2.141113824
MISS_conventional_hydroelectric_1_inlet,512,2.141113824
MISS_conventional_hydroelectric_1_inlet,513,1.6762005473507704
MISS_conventional_hydroelectric_1_inlet,514,1.3110492153883238
MISS_conventional_hydroelectric_1_inlet,515,0.923184578348747
MISS_conventional_hydroelectric_1_inlet,516,0.9233568111962974
MISS_conventional_hydroelectric_1_inlet,517,0.7072924734598611
MISS_conventional_hydroelectric_1_inlet,518,0.7075276224161058
MISS_conventional_hydroelectric_1_inlet,519,0.43680432541305125
MISS_conventional_hydroelectric_1_inlet,520,0.43680432541305125
MISS_conventional_hydroelectric_1_inlet,521,0.43680432541305125
MISS_conventional_hydroelectric_1_inlet,522,0.7082373947673123
MISS_conventional_hydroelectric_1_inlet,523,0.7083508403758018
MISS_conventional_hydroelectric_1_inlet,524,0.9248058478246612
MISS_conventional_hydroelectric_1_inlet,525,0.9250409967809057
MISS_conventional_hydroelectric_1_inlet,526,0.9252132296284562
MISS_conventional_hydroelectric_1_inlet,527,0.9253433873283173
MISS_conventional_hydroelectric_1_inlet,528,0.9255618241931902
MISS_conventional_hydroelectric_1_inlet,529,1.4831837565189028
MISS_conventional_hydroelectric_1_inlet,530,1.4838343484053689
MISS_conventional_hydroelectric_1_inlet,531,1.503028480265256
MISS_conventional_hydroelectric_1_inlet,532,1.9297011494373024
MISS_conventional_hydroelectric_1_inlet,533,1.9297011494373024
MISS_conventional_hydroelectric_1_inlet,534,1.9297011494373024
MISS_conventional_hydroelectric_1_inlet,535,1.9297011494373024
MISS_conventional_hydroelectric_1_inlet,536,1.9297011494373024
MISS_conventional_hydroelectric_1_inlet,537,1.8528868723325358
MISS_conventional_hydroelectric_1_inlet,538,1.4877984564787834
MISS_conventional_hydroelectric_1_inlet,539,1.100042939565223
MISS_conventional_hydroelectric_1_inlet,540,1.1004921999038677
MISS_conventional_hydroelectric_1_inlet,541,0.8844907782761257
MISS_conventional_hydroelectric_1_inlet,542,0.8849400386147703
MISS_conventional_hydroelectric_1_inlet,543,0.6143425738291041
MISS_conventional_hydroelectric_1_inlet,544,0.6145566852115041
MISS_conventional_hydroelectric_1_inlet,545,0.6146196013201984
MISS_conventional_hydroelectric_1_inlet,546,0.8863296981655536
MISS_conventional_hydroelectric_1_inlet,547,0.8865522639000596
MISS_conventional_hydroelectric_1_inlet,548,1.103175178713997
MISS_conventional_hydroelectric_1_inlet,549,1.1035194477962578
MISS_conventional_hydroelectric_1_inlet,550,1.10392250411758
MISS_conventional_hydroelectric_1_inlet,551,1.1041617819434577
MISS_conventional_hydroelectric_1_inlet,552,1.1045943301907306
MISS_conventional_hydroelectric_1_inlet,553,1.6945964310816002
MISS_conventional_hydroelectric_1_inlet,554,1.6952470229680663
MISS_conventional_hydroelectric_1_inlet,555,1.7144411548279535
MISS_conventional_hydroelectric_1_inlet,556,2.141113824
MISS_conventional_hydroelectric_1_inlet,557,2.141113824
MISS_conventional_hydroelectric_1_inlet,558,2.141113824
MISS_conventional_hydroelectric_1_inlet,559,2.141113824
MISS_conventional_hydroelectric_1_inlet,560,2.141113824
MISS_conventional_hydroelectric_1_inlet,561,2.064299546895233
MISS_conventional_hydroelectric_1_inlet,562,1.6992111310414808
MISS_conventional_hydroelectric_1_inlet,563,1.3114556141279203
MISS_conventional_hydroelectric_1_inlet,564,1.3119048744665651
MISS_conventional_hydroelectric_1_inlet,565,1.0959034528388232
MISS_conventional_hydroelectric_1_inlet,566,1.096352713177468
MISS_conventional_hydroelectric_1_inlet,567,0.8257552483918016
MISS_conventional_hydroelectric_1_inlet,568,0.8259693597742016
MISS_conventional_hydroelectric_1_inlet,569,0.826032275882896
MISS_conventional_hydroelectric_1_inlet,570,1.0977423727282511
MISS_conventional_hydroelectric_1_inlet,571,1.0979649384627572
MISS_conventional_hydroelectric_1_inlet,572,1.3145878532766944
MISS_conventional_hydroelectric_1_inlet,573,1.3149321223589554
MISS_conventional_hydroelectric_1_inlet,574,1.3153351786802776
MISS_conventional_hydroelectric_1_inlet,575,1.3155744565061553
MISS_conventional_hydroelectric_1_inlet,576,1.316007004753428
MISW_conventional_hydroelectric_1_inlet,1,0.0
MISW_conventional_hydroelectric_1_inlet,2,0.0
MISW_conventional_hydroelectric_1_inlet,3,0.0
MISW_conventional_hydroelectric_1_inlet,4,0.0
MISW_conventional_hydroelectric_1_inlet,5,0.0
MISW_conventional_hydroelectric_1_inlet,6,0.0
MISW_conventional_hydroelectric_1_inlet,7,0.0
MISW_conventional_hydroelectric_1_inlet,8,0.0
MISW_conventional_hydroelectric_1_inlet,9,0.0
MISW_conventional_hydroelectric_1_inlet,10,0.0
MISW_conventional_hydroelectric_1_inlet,11,0.0
MISW_conventional_hydroelectric_1_inlet,12,0.027629841325353153
MISW_conventional_hydroelectric_1_inlet,13,0.02755349009144817
MISW_conventional_hydroelectric_1_inlet,14,0.0
MISW_conventional_hydroelectric_1_inlet,15,0.02740115459663421
MISW_conventional_hydroelectric_1_inlet,16,0.027325028550704025
MISW_conventional_hydroelectric_1_inlet,17,0.0
MISW_conventional_hydroelectric_1_inlet,18,0.0
MISW_conventional_hydroelectric_1_inlet,19,0.0
MISW_conventional_hydroelectric_1_inlet,20,0.0
MISW_conventional_hydroelectric_1_inlet,21,0.02696352678846936
MISW_conventional_hydroelectric_1_inlet,22,0.026903689339384085
MISW_conventional_hydroelectric_1_inlet,23,0.02684704205327528
MISW_conventional_hydroelectric_1_inlet,24,0.02675139554604691
MISW_conventional_hydroelectric_1_inlet,25,0.0
MISW_conventional_hydroelectric_1_inlet,26,0.0
MISW_conventional_hydroelectric_1_inlet,27,0.0
MISW_conventional_hydroelectric_1_inlet,28,0.0
MISW_conventional_hydroelectric_1_inlet,29,0.0906655035209708
MISW_conventional_hydroelectric_1_inlet,30,0.09061961938602862
MISW_conventional_hydroelectric_1_inlet,31,0.09057068687313109
MISW_conventional_hydroelectric_1_inlet,32,0.09052175436023353
MISW_conventional_hydroelectric_1_inlet,33,0.09047303035472011
MISW_conventional_hydroelectric_1_inlet,34,0.09042409784182256
MISW_conventional_hydroelectric_1_inlet,35,0.09039468579022328
MISW_conventional_hydroelectric_1_inlet,36,0.11797559460267887
MISW_conventional_hydroelectric_1_inlet,37,0.11785031085587636
MISW_conventional_hydroelectric_1_inlet,38,0.09024788825153064
MISW_conventional_hydroelectric_1_inlet,39,0.11761963079656551
MISW_conventional_hydroelectric_1_inlet,40,0.11749457223773782
MISW_conventional_hydroelectric_1_inlet,41,0.09012061117413624
MISW_conventional_hydroelectric_1_inlet,42,0.09007167866123872
MISW_conventional_hydroelectric_1_inlet,43,0.09002274614834117
MISW_conventional_hydroelectric_1_inlet,44,0.08999333409674184
MISW_conventional_hydroelectric_1_inlet,45,0.11690792837231369
MISW_conventional_hydroelectric_1_inlet,46,0.11678268632698799
MISW_conventional_hydroelectric_1_inlet,47,0.11667710652798166
MISW_conventional_hydroelectric_1_inlet,48,0.11655200626767716
MISW_conventional_hydroelectric_1_inlet,49,0.10224541564234002
MISW_conventional_hydroelectric_1_inlet,50,0.10237051590264455
MISW_conventional_hydroelectric_1_inlet,51,0.10249561616294908
MISW_conventional_hydroelectric_1_inlet,52,0.10260115426047856
MISW_conventional_hydroelectric_1_inlet,53,0.19339194152825187
MISW_conventional_hydroelectric_1_inlet,54,0.1934711576536142
MISW_conventional_hydroelectric_1_inlet,55,0.0
MISW_conventional_hydroelectric_1_inlet,56,0.0
MISW_conventional_hydroelectric_1_inlet,57,0.193680532428419
MISW_conventional_hydroelectric_1_inlet,58,0.0
MISW_conventional_hydroelectric_1_inlet,59,0.1938328262217562
MISW_conventional_hydroelectric_1_inlet,60,0.2215553073778592
MISW_conventional_hydroelectric_1_inlet,61,0.2215553073778592
MISW_conventional_hydroelectric_1_inlet,62,0.19405846457251977
MISW_conventional_hydroelectric_1_inlet,63,0.2215553073778592
MISW_conventional_hydroelectric_1_inlet,64,0.2215553073778592
MISW_conventional_hydroelectric_1_inlet,65,0.19428692611326387
MISW_conventional_hydroelectric_1_inlet,66,0.1943632773471689
MISW_conventional_hydroelectric_1_inlet,67,0.19443944509457586
MISW_conventional_hydroelectric_1_inlet,68,0.19451561284198285
MISW_conventional_hydroelectric_1_inlet,69,0.2215553073778592
MISW_conventional_hydroelectric_1_inlet,70,0.2215553073778592
MISW_conventional_hydroelectric_1_inlet,71,0.2215553073778592
MISW_conventional_hydroelectric_1_inlet,72,0.2215553073778592
MISW_conventional_hydroelectric_1_inlet,73,0.2215553073778592
MISW_conventional_hydroelectric_1_inlet,74,0.2215553073778592
MISW_conventional_hydroelectric_1_inlet,75,0.0
MISW_conventional_hydroelectric_1_inlet,76,0.2215553073778592
MISW_conventional_hydroelectric_1_inlet,77,0.2215553073778592
MISW_conventional_hydroelectric_1_inlet,78,0.0
MISW_conventional_hydroelectric_1_inlet,79,0.0
MISW_conventional_hydroelectric_1_inlet,80,0.0
MISW_conventional_hydroelectric_1_inlet,81,0.0
MISW_conventional_hydroelectric_1_inlet,82,0.0
MISW_conventional_hydroelectric_1_inlet,83,0.0
MISW_conventional_hydroelectric_1_inlet,84,0.0
MISW_conventional_hydroelectric_1_inlet,85,0.0
MISW_conventional_hydroelectric_1_inlet,86,0.0
MISW_conventional_hydroelectric_1_inlet,87,0.0
MISW_conventional_hydroelectric_1_inlet,88,0.0
MISW_conventional_hydroelectric_1_inlet,89,0.0
MISW_conventional_hydroelectric_1_inlet,90,0.0
MISW_conventional_hydroelectric_1_inlet,91,0.0
MISW_conventional_hydroelectric_1_inlet,92,0.0
MISW_conventional_hydroelectric_1_inlet,93,0.0
MISW_conventional_hydroelectric_1_inlet,94,0.0
MISW_conventional_hydroelectric_1_inlet,95,0.0
MISW_conventional_hydroelectric_1_inlet,96,0.0
MISW_conventional_hydroelectric_1_inlet,97,0.0
MISW_conventional_hydroelectric_1_inlet,98,0.0
MISW_conventional_hydroelectric_1_inlet,99,0.0
MISW_conventional_hydroelectric_1_inlet,100,0.0
MISW_conventional_hydroelectric_1_inlet,101,0.0
MISW_conventional_hydroelectric_1_inlet,102,0.0
MISW_conventional_hydroelectric_1_inlet,103,0.0
MISW_conventional_hydroelectric_1_inlet,104,0.0
MISW_conventional_hydroelectric_1_inlet,105,0.0
MISW_conventional_hydroelectric_1_inlet,106,0.0
MISW_conventional_hydroelectric_1_inlet,107,0.0
MISW_conventional_hydroelectric_1_inlet,108,0.0
MISW_conventional_hydroelectric_1_inlet,109,0.02566376264858153
MISW_conventional_hydroelectric_1_inlet,110,0.025562031895885472
MISW_conventional_hydroelectric_1_inlet,111,0.025460259441712582
MISW_conventional_hydroelectric_1_inlet,112,0.025342056605673662
MISW_conventional_hydroelectric_1_inlet,113,0.0
MISW_conventional_hydroelectric_1_inlet,114,0.0
MISW_conventional_hydroelectric_1_inlet,115,0.0
MISW_conventional_hydroelectric_1_inlet,116,0.024935442185817915
MISW_conventional_hydroelectric_1_inlet,117,0.0
MISW_conventional_hydroelectric_1_inlet,118,0.0
MISW_conventional_hydroelectric_1_inlet,119,0.0
MISW_conventional_hydroelectric_1_inlet,120,0.0
MISW_conventional_hydroelectric_1_inlet,121,0.15837977358624386
MISW_conventional_hydroelectric_1_inlet,122,0.15848150433893993
MISW_conventional_hydroelectric_1_inlet,123,0.15858302658425188
MISW_conventional_hydroelectric_1_inlet,124,0.15868461555192673
MISW_conventional_hydroelectric_1_inlet,125,0.15878634630462282
MISW_conventional_hydroelectric_1_inlet,126,0.15888807705731883
MISW_conventional_hydroelectric_1_inlet,127,0.15898984951149173
MISW_conventional_hydroelectric_1_inlet,128,0.1590913717568037
MISW_conventional_hydroelectric_1_inlet,129,0.15919314421097658
MISW_conventional_hydroelectric_1_inlet,130,0.15927535450237437
MISW_conventional_hydroelectric_1_inlet,131,0.15937690176857242
MISW_conventional_hydroelectric_1_inlet,132,0.15947846571536123
MISW_conventional_hydroelectric_1_inlet,133,0.1852439591166388
MISW_conventional_hydroelectric_1_inlet,134,0.1852439591166388
MISW_conventional_hydroelectric_1_inlet,135,0.1852439591166388
MISW_conventional_hydroelectric_1_inlet,136,0.1852439591166388
MISW_conventional_hydroelectric_1_inlet,137,0.1600034664577539
MISW_conventional_hydroelectric_1_inlet,138,0.16010501372395192
MISW_conventional_hydroelectric_1_inlet,139,0.160206744476648
MISW_conventional_hydroelectric_1_inlet,140,0.1852439591166388
MISW_conventional_hydroelectric_1_inlet,141,0.16041024768351694
MISW_conventional_hydroelectric_1_inlet,142,0.16049224946753066
MISW_conventional_hydroelectric_1_inlet,143,0.16059402192170355
MISW_conventional_hydroelectric_1_inlet,144,0.16069575267439953
MISW_conventional_hydroelectric_1_inlet,145,0.0
MISW_conventional_hydroelectric_1_inlet,146,0.0
MISW_conventional_hydroelectric_1_inlet,147,0.18605873265976414
MISW_conventional_hydroelectric_1_inlet,148,0.1859924148011814
MISW_conventional_hydroelectric_1_inlet,149,0.1859457591889181
MISW_conventional_hydroelectric_1_inlet,150,0.0
MISW_conventional_hydroelectric_1_inlet,151,0.0
MISW_conventional_hydroelectric_1_inlet,152,0.0
MISW_conventional_hydroelectric_1_inlet,153,0.0
MISW_conventional_hydroelectric_1_inlet,154,0.0
MISW_conventional_hydroelectric_1_inlet,155,0.0
MISW_conventional_hydroelectric_1_inlet,156,0.0
MISW_conventional_hydroelectric_1_inlet,157,0.0
MISW_conventional_hydroelectric_1_inlet,158,0.0
MISW_conventional_hydroelectric_1_inlet,159,0.0
MISW_conventional_hydroelectric_1_inlet,160,0.0
MISW_conventional_hydroelectric_1_inlet,161,0.0
MISW_conventional_hydroelectric_1_inlet,162,0.0
MISW_conventional_hydroelectric_1_inlet,163,0.0
MISW_conventional_hydroelectric_1_inlet,164,0.0
MISW_conventional_hydroelectric_1_inlet,165,0.0
MISW_conventional_hydroelectric_1_inlet,166,0.0
MISW_conventional_hydroelectric_1_inlet,167,0.0
MISW_conventional_hydroelectric_1_inlet,168,0.18486026557721347
MISW_conventional_hydroelectric_1_inlet,169,0.17809087735588783
MISW_conventional_hydroelectric_1_inlet,170,0.17815701172797258
MISW_conventional_hydroelectric_1_inlet,171,0.3642624
MISW_conventional_hydroelectric_1_inlet,172,0.3642624
MISW_conventional_hydroelectric_1_inlet,173,0.3642624
MISW_conventional_hydroelectric_1_inlet,174,0.1783827751831666
MISW_conventional_hydroelectric_1_inlet,175,0.17842957258045108
MISW_conventional_hydroelectric_1_inlet,176,0.1784957486540126
MISW_conventional_hydroelectric_1_inlet,177,0.17854254605129713
MISW_conventional_hydroelectric_1_inlet,178,0.17860872212485865
MISW_conventional_hydroelectric_1_inlet,179,0.17867485649694337
MISW_conventional_hydroelectric_1_inlet,180,0.1787052235123618
MISW_conventional_hydroelectric_1_inlet,181,0.021132006529538602
MISW_conventional_hydroelectric_1_inlet,182,0.17881797179523298
MISW_conventional_hydroelectric_1_inlet,183,0.17888433135529253
MISW_conventional_hydroelectric_1_inlet,184,0.021132006529538602
MISW_conventional_hydroelectric_1_inlet,185,0.021132006529538602
MISW_conventional_hydroelectric_1_inlet,186,0.021132006529538602
MISW_conventional_hydroelectric_1_inlet,187,0.17911005310900976
MISW_conventional_hydroelectric_1_inlet,188,0.17917622918257126
MISW_conventional_hydroelectric_1_inlet,189,0.17922302657985584
MISW_conventional_hydroelectric_1_inlet,190,0.17928920265341733
MISW_conventional_hydroelectric_1_inlet,191,0.1793360000507018
MISW_conventional_hydroelectric_1_inlet,192,0.3642624
MISW_conventional_hydroelectric_1_inlet,193,0.20634372798322148
MISW_conventional_hydroelectric_1_inlet,194,0.20634372798322148
MISW_conventional_hydroelectric_1_inlet,195,0.20634372798322148
MISW_conventional_hydroelectric_1_inlet,196,0.20634372798322148
MISW_conventional_hydroelectric_1_inlet,197,0.20634372798322148
MISW_conventional_hydroelectric_1_inlet,198,0.20634372798322148
MISW_conventional_hydroelectric_1_inlet,199,0.20634372798322148
MISW_conventional_hydroelectric_1_inlet,200,0.20634372798322148
MISW_conventional_hydroelectric_1_inlet,201,0.20634372798322148
MISW_conventional_hydroelectric_1_inlet,202,0.20634372798322148
MISW_conventional_hydroelectric_1_inlet,203,0.20634372798322148
MISW_conventional_hydroelectric_1_inlet,204,0.20634372798322148
MISW_conventional_hydroelectric_1_inlet,205,0.20634372798322148
MISW_conventional_hydroelectric_1_inlet,206,0.20634372798322148
MISW_conventional_hydroelectric_1_inlet,207,0.20634372798322148
MISW_conventional_hydroelectric_1_inlet,208,0.20634372798322148
MISW_conventional_hydroelectric_1_inlet,209,0.20634372798322148
MISW_conventional_hydroelectric_1_inlet,210,0.20634372798322148
MISW_conventional_hydroelectric_1_inlet,211,0.20634372798322148
MISW_conventional_hydroelectric_1_inlet,212,0.20634372798322148
MISW_conventional_hydroelectric_1_inlet,213,0.20634372798322148
MISW_conventional_hydroelectric_1_inlet,214,0.20634372798322148
MISW_conventional_hydroelectric_1_inlet,215,0.20634372798322148
MISW_conventional_hydroelectric_1_inlet,216,0.20634372798322148
MISW_conventional_hydroelectric_1_inlet,217,0.3642624
MISW_conventional_hydroelectric_1_inlet,218,0.3642624
MISW_conventional_hydroelectric_1_inlet,219,0.3642624
MISW_conventional_hydroelectric_1_inlet,220,0.3642624
MISW_conventional_hydroelectric_1_inlet,221,0.3642624
MISW_conventional_hydroelectric_1_inlet,222,0.3642624
MISW_conventional_hydroelectric_1_inlet,223,0.3642624
MISW_conventional_hydroelectric_1_inlet,224,0.3642624
MISW_conventional_hydroelectric_1_inlet,225,0.3642624
MISW_conventional_hydroelectric_1_inlet,226,0.3642624
MISW_conventional_hydroelectric_1_inlet,227,0.3642624
MISW_conventional_hydroelectric_1_inlet,228,0.3642624
MISW_conventional_hydroelectric_1_inlet,229,0.3642624
MISW_conventional_hydroelectric_1_inlet,230,0.3642624
MISW_conventional_hydroelectric_1_inlet,231,0.3642624
MISW_conventional_hydroelectric_1_inlet,232,0.3642624
MISW_conventional_hydroelectric_1_inlet,233,0.3642624
MISW_conventional_hydroelectric_1_inlet,234,0.3642624
MISW_conventional_hydroelectric_1_inlet,235,0.3642624
MISW_conventional_hydroelectric_1_inlet,236,0.3642624
MISW_conventional_hydroelectric_1_inlet,237,0.3642624
MISW_conventional_hydroelectric_1_inlet,238,0.3642624
MISW_conventional_hydroelectric_1_inlet,239,0.3642624
MISW_conventional_hydroelectric_1_inlet,240,0.3642624
MISW_conventional_hydroelectric_1_inlet,241,0.20419835380687348
MISW_conventional_hydroelectric_1_inlet,242,0.20419835380687348
MISW_conventional_hydroelectric_1_inlet,243,0.20419835380687348
MISW_conventional_hydroelectric_1_inlet,244,0.20419835380687348
MISW_conventional_hydroelectric_1_inlet,245,0.20419835380687348
MISW_conventional_hydroelectric_1_inlet,246,0.20419835380687348
MISW_conventional_hydroelectric_1_inlet,247,0.3642624
MISW_conventional_hydroelectric_1_inlet,248,0.3642624
MISW_conventional_hydroelectric_1_inlet,249,0.3642624
MISW_conventional_hydroelectric_1_inlet,250,0.3642624
MISW_conventional_hydroelectric_1_inlet,251,0.3642624
MISW_conventional_hydroelectric_1_inlet,252,0.3642624
MISW_conventional_hydroelectric_1_inlet,253,0.3642624
MISW_conventional_hydroelectric_1_inlet,254,0.3642624
MISW_conventional_hydroelectric_1_inlet,255,0.3642624
MISW_conventional_hydroelectric_1_inlet,256,0.3642624
MISW_conventional_hydroelectric_1_inlet,257,0.3642624
MISW_conventional_hydroelectric_1_inlet,258,0.3642624
MISW_conventional_hydroelectric_1_inlet,259,0.3642624
MISW_conventional_hydroelectric_1_inlet,260,0.20419835380687348
MISW_conventional_hydroelectric_1_inlet,261,0.20419835380687348
MISW_conventional_hydroelectric_1_inlet,262,0.3642624
MISW_conventional_hydroelectric_1_inlet,263,0.3642624
MISW_conventional_hydroelectric_1_inlet,264,0.3642624
MISW_conventional_hydroelectric_1_inlet,265,0.3642624
MISW_conventional_hydroelectric_1_inlet,266,0.3642624
MISW_conventional_hydroelectric_1_inlet,267,0.3642624
MISW_conventional_hydroelectric_1_inlet,268,0.3642624
MISW_conventional_hydroelectric_1_inlet,269,0.3642624
MISW_conventional_hydroelectric_1_inlet,270,0.3642624
MISW_conventional_hydroelectric_1_inlet,271,0.3642624
MISW_conventional_hydroelectric_1_inlet,272,0.3642624
MISW_conventional_hydroelectric_1_inlet,273,0.3642624
MISW_conventional_hydroelectric_1_inlet,274,0.3642624
MISW_conventional_hydroelectric_1_inlet,275,0.3642624
MISW_conventional_hydroelectric_1_inlet,276,0.3642624
MISW_conventional_hydroelectric_1_inlet,277,0.3642624
MISW_conventional_hydroelectric_1_inlet,278,0.3642624
MISW_conventional_hydroelectric_1_inlet,279,0.3642624
MISW_conventional_hydroelectric_1_inlet,280,0.3642624
MISW_conventional_hydroelectric_1_inlet,281,0.3642624
MISW_conventional_hydroelectric_1_inlet,282,0.3642624
MISW_conventional_hydroelectric_1_inlet,283,0.3642624
MISW_conventional_hydroelectric_1_inlet,284,0.3642624
MISW_conventional_hydroelectric_1_inlet,285,0.3642624
MISW_conventional_hydroelectric_1_inlet,286,0.3642624
MISW_conventional_hydroelectric_1_inlet,287,0.3642624
MISW_conventional_hydroelectric_1_inlet,288,0.3642624
MISW_conventional_hydroelectric_1_inlet,289,0.3642624
MISW_conventional_hydroelectric_1_inlet,290,0.14971696074982935
MISW_conventional_hydroelectric_1_inlet,291,0.14956645177970004
MISW_conventional_hydroelectric_1_inlet,292,0.1494157760036635
MISW_conventional_hydroelectric_1_inlet,293,0.3642624
MISW_conventional_hydroelectric_1_inlet,294,0.14909505411560853
MISW_conventional_hydroelectric_1_inlet,295,0.3642624
MISW_conventional_hydroelectric_1_inlet,296,0.1487938276679657
MISW_conventional_hydroelectric_1_inlet,297,0.14864336039931314
MISW_conventional_hydroelectric_1_inlet,298,0.3642624
MISW_conventional_hydroelectric_1_inlet,299,0.3642624
MISW_conventional_hydroelectric_1_inlet,300,0.3642624
MISW_conventional_hydroelectric_1_inlet,301,0.3642624
MISW_conventional_hydroelectric_1_inlet,302,0.3642624
MISW_conventional_hydroelectric_1_inlet,303,0.3642624
MISW_conventional_hydroelectric_1_inlet,304,0.3642624
MISW_conventional_hydroelectric_1_inlet,305,0.3642624
MISW_conventional_hydroelectric_1_inlet,306,0.3642624
MISW_conventional_hydroelectric_1_inlet,307,0.3642624
MISW_conventional_hydroelectric_1_inlet,308,0.3642624
MISW_conventional_hydroelectric_1_inlet,309,0.3642624
MISW_conventional_hydroelectric_1_inlet,310,0.3642624
MISW_conventional_hydroelectric_1_inlet,311,0.14650975020957524
MISW_conventional_hydroelectric_1_inlet,312,0.3642624
MISW_conventional_hydroelectric_1_inlet,313,0.3642624
MISW_conventional_hydroelectric_1_inlet,314,0.2539018078252547
MISW_conventional_hydroelectric_1_inlet,315,0.2537512988551254
MISW_conventional_hydroelectric_1_inlet,316,0.24734424709817515
MISW_conventional_hydroelectric_1_inlet,317,0.3642624
MISW_conventional_hydroelectric_1_inlet,318,0.2532799011910339
MISW_conventional_hydroelectric_1_inlet,319,0.1188728470754253
MISW_conventional_hydroelectric_1_inlet,320,0.2474588302460263
MISW_conventional_hydroelectric_1_inlet,321,0.24747841742968746
MISW_conventional_hydroelectric_1_inlet,322,0.2474979795924625
MISW_conventional_hydroelectric_1_inlet,323,0.3642624
MISW_conventional_hydroelectric_1_inlet,324,0.3642624
MISW_conventional_hydroelectric_1_inlet,325,0.3642624
MISW_conventional_hydroelectric_1_inlet,326,0.3642624
MISW_conventional_hydroelectric_1_inlet,327,0.3642624
MISW_conventional_hydroelectric_1_inlet,328,0.3642624
MISW_conventional_hydroelectric_1_inlet,329,0.3642624
MISW_conventional_hydroelectric_1_inlet,330,0.3642624
MISW_conventional_hydroelectric_1_inlet,331,0.3642624
MISW_conventional_hydroelectric_1_inlet,332,0.3642624
MISW_conventional_hydroelectric_1_inlet,333,0.3642624
MISW_conventional_hydroelectric_1_inlet,334,0.3642624
MISW_conventional_hydroelectric_1_inlet,335,0.2506945972850006
MISW_conventional_hydroelectric_1_inlet,336,0.3642624
MISW_conventional_hydroelectric_1_inlet,337,0.11697713964078302
MISW_conventional_hydroelectric_1_inlet,338,0.006596960282376619
MISW_conventional_hydroelectric_1_inlet,339,0.006426638940611383
MISW_conventional_hydroelectric_1_inlet,340,0.0
MISW_conventional_hydroelectric_1_inlet,341,0.11689854903757295
MISW_conventional_hydroelectric_1_inlet,342,0.005879990961602857
MISW_conventional_hydroelectric_1_inlet,343,0.0
MISW_conventional_hydroelectric_1_inlet,344,0.0
MISW_conventional_hydroelectric_1_inlet,345,0.0
MISW_conventional_hydroelectric_1_inlet,346,0.0
MISW_conventional_hydroelectric_1_inlet,347,0.11674479152239958
MISW_conventional_hydroelectric_1_inlet,348,0.25186604248317795
MISW_conventional_hydroelectric_1_inlet,349,0.3642624
MISW_conventional_hydroelectric_1_inlet,350,0.3642624
MISW_conventional_hydroelectric_1_inlet,351,0.3642624
MISW_conventional_hydroelectric_1_inlet,352,0.3642624
MISW_conventional_hydroelectric_1_inlet,353,0.3642624
MISW_conventional_hydroelectric_1_inlet,354,0.3642624
MISW_conventional_hydroelectric_1_inlet,355,0.3642624
MISW_conventional_hydroelectric_1_inlet,356,0.3642624
MISW_conventional_hydroelectric_1_inlet,357,0.3642624
MISW_conventional_hydroelectric_1_inlet,358,0.25209839060156153
MISW_conventional_hydroelectric_1_inlet,359,0.0028526347207144115
MISW_conventional_hydroelectric_1_inlet,360,0.2521737410000229
MISW_conventional_hydroelectric_1_inlet,361,0.0
MISW_conventional_hydroelectric_1_inlet,362,0.0
MISW_conventional_hydroelectric_1_inlet,363,0.0
MISW_conventional_hydroelectric_1_inlet,364,0.0
MISW_conventional_hydroelectric_1_inlet,365,0.0
MISW_conventional_hydroelectric_1_inlet,366,0.0
MISW_conventional_hydroelectric_1_inlet,367,0.0
MISW_conventional_hydroelectric_1_inlet,368,0.0
MISW_conventional_hydroelectric_1_inlet,369,0.0
MISW_conventional_hydroelectric_1_inlet,370,0.0
MISW_conventional_hydroelectric_1_inlet,371,0.0
MISW_conventional_hydroelectric_1_inlet,372,0.0
MISW_conventional_hydroelectric_1_inlet,373,0.11237677033316086
MISW_conventional_hydroelectric_1_inlet,374,0.11235695796152495
MISW_conventional_hydroelectric_1_inlet,375,0.1123373707778638
MISW_conventional_hydroelectric_1_inlet,376,0.3642624
MISW_conventional_hydroelectric_1_inlet,377,0.3642624
MISW_conventional_hydroelectric_1_inlet,378,0.3642624
MISW_conventional_hydroelectric_1_inlet,379,0.3642624
MISW_conventional_hydroelectric_1_inlet,380,0.11220320044635147
MISW_conventional_hydroelectric_1_inlet,381,0.1121834297761923
MISW_conventional_hydroelectric_1_inlet,382,0.0
MISW_conventional_hydroelectric_1_inlet,383,0.0
MISW_conventional_hydroelectric_1_inlet,384,0.0
MISW_conventional_hydroelectric_1_inlet,385,0.09216398770833659
MISW_conventional_hydroelectric_1_inlet,386,0.09214768243090098
MISW_conventional_hydroelectric_1_inlet,387,0.09215054732235836
MISW_conventional_hydroelectric_1_inlet,388,0.09211758647508186
MISW_conventional_hydroelectric_1_inlet,389,0.092100930905241
MISW_conventional_hydroelectric_1_inlet,390,0.09208444214130741
MISW_conventional_hydroelectric_1_inlet,391,0.09206797005796452
MISW_conventional_hydroelectric_1_inlet,392,0.09205148129403094
MISW_conventional_hydroelectric_1_inlet,393,0.09203482572419004
MISW_conventional_hydroelectric_1_inlet,394,0.0
MISW_conventional_hydroelectric_1_inlet,395,0.0
MISW_conventional_hydroelectric_1_inlet,396,0.0
MISW_conventional_hydroelectric_1_inlet,397,0.0
MISW_conventional_hydroelectric_1_inlet,398,0.0
MISW_conventional_hydroelectric_1_inlet,399,0.0
MISW_conventional_hydroelectric_1_inlet,400,0.10662679139322728
MISW_conventional_hydroelectric_1_inlet,401,0.10662986479206871
MISW_conventional_hydroelectric_1_inlet,402,0.10661316752075103
MISW_conventional_hydroelectric_1_inlet,403,0.10659672045829419
MISW_conventional_hydroelectric_1_inlet,404,0.0
MISW_conventional_hydroelectric_1_inlet,405,0.0
MISW_conventional_hydroelectric_1_inlet,406,0.0
MISW_conventional_hydroelectric_1_inlet,407,0.0
MISW_conventional_hydroelectric_1_inlet,408,0.0
MISW_conventional_hydroelectric_1_inlet,409,0.0
MISW_conventional_hydroelectric_1_inlet,410,0.0
MISW_conventional_hydroelectric_1_inlet,411,0.0
MISW_conventional_hydroelectric_1_inlet,412,0.0
MISW_conventional_hydroelectric_1_inlet,413,0.0
MISW_conventional_hydroelectric_1_inlet,414,0.0
MISW_conventional_hydroelectric_1_inlet,415,0.0
MISW_conventional_hydroelectric_1_inlet,416,0.06425601663457814
MISW_conventional_hydroelectric_1_inlet,417,0.0
MISW_conventional_hydroelectric_1_inlet,418,0.0
MISW_conventional_hydroelectric_1_inlet,419,0.0
MISW_conventional_hydroelectric_1_inlet,420,0.0
MISW_conventional_hydroelectric_1_inlet,421,0.0
MISW_conventional_hydroelectric_1_inlet,422,0.0
MISW_conventional_hydroelectric_1_inlet,423,0.0
MISW_conventional_hydroelectric_1_inlet,424,0.0
MISW_conventional_hydroelectric_1_inlet,425,0.0
MISW_conventional_hydroelectric_1_inlet,426,0.0
MISW_conventional_hydroelectric_1_inlet,427,0.0
MISW_conventional_hydroelectric_1_inlet,428,0.0
MISW_conventional_hydroelectric_1_inlet,429,0.0
MISW_conventional_hydroelectric_1_inlet,430,0.0
MISW_conventional_hydroelectric_1_inlet,431,0.0
MISW_conventional_hydroelectric_1_inlet,432,0.0
MISW_conventional_hydroelectric_1_inlet,433,0.0892701429156268
MISW_conventional_hydroelectric_1_inlet,434,0.0892701429156268
MISW_conventional_hydroelectric_1_inlet,435,0.0892701429156268
MISW_conventional_hydroelectric_1_inlet,436,0.0892701429156268
MISW_conventional_hydroelectric_1_inlet,437,0.0892701429156268
MISW_conventional_hydroelectric_1_inlet,438,0.0892701429156268
MISW_conventional_hydroelectric_1_inlet,439,0.0892701429156268
MISW_conventional_hydroelectric_1_inlet,440,0.15352615955020493
MISW_conventional_hydroelectric_1_inlet,441,0.0892701429156268
MISW_conventional_hydroelectric_1_inlet,442,0.0892701429156268
MISW_conventional_hydroelectric_1_inlet,443,0.0892701429156268
MISW_conventional_hydroelectric_1_inlet,444,0.0892701429156268
MISW_conventional_hydroelectric_1_inlet,445,0.041636818677595874
MISW_conventional_hydroelectric_1_inlet,446,0.0
MISW_conventional_hydroelectric_1_inlet,447,0.0
MISW_conventional_hydroelectric_1_inlet,448,0.041483098693751566
MISW_conventional_hydroelectric_1_inlet,449,0.04143404941671891
MISW_conventional_hydroelectric_1_inlet,450,0.041381701552870034
MISW_conventional_hydroelectric_1_inlet,451,0.04133265227583739
MISW_conventional_hydroelectric_1_inlet,452,0.04128032943287459
MISW_conventional_hydroelectric_1_inlet,453,0.0892701429156268
MISW_conventional_hydroelectric_1_inlet,454,0.04117893229199313
MISW_conventional_hydroelectric_1_inlet,455,0.04114635509830335
MISW_conventional_hydroelectric_1_inlet,456,0.041097055612409825
MISW_conventional_hydroelectric_1_inlet,457,0.19242065158095936
MISW_conventional_hydroelectric_1_inlet,458,0.19246995106685294
MISW_conventional_hydroelectric_1_inlet,459,0.1925220487218409
MISW_conventional_hydroelectric_1_inlet,460,0.19257132318684833
MISW_conventional_hydroelectric_1_inlet,461,0.1926236293492204
MISW_conventional_hydroelectric_1_inlet,462,0.19267272032772986
MISW_conventional_hydroelectric_1_inlet,463,0.19272481798271784
MISW_conventional_hydroelectric_1_inlet,464,0.2570301341031895
MISW_conventional_hydroelectric_1_inlet,465,0.19282621512359932
MISW_conventional_hydroelectric_1_inlet,466,0.19287548958860679
MISW_conventional_hydroelectric_1_inlet,467,0.19292779575097885
MISW_conventional_hydroelectric_1_inlet,468,0.19296041464614538
MISW_conventional_hydroelectric_1_inlet,469,0.1453761396851471
MISW_conventional_hydroelectric_1_inlet,470,0.10379166887140012
MISW_conventional_hydroelectric_1_inlet,471,0.10384090163493075
MISW_conventional_hydroelectric_1_inlet,472,0.1453761396851471
MISW_conventional_hydroelectric_1_inlet,473,0.1453761396851471
MISW_conventional_hydroelectric_1_inlet,474,0.1453761396851471
MISW_conventional_hydroelectric_1_inlet,475,0.1453761396851471
MISW_conventional_hydroelectric_1_inlet,476,0.1453761396851471
MISW_conventional_hydroelectric_1_inlet,477,0.1453761396851471
MISW_conventional_hydroelectric_1_inlet,478,0.1453761396851471
MISW_conventional_hydroelectric_1_inlet,479,0.1453761396851471
MISW_conventional_hydroelectric_1_inlet,480,0.1453761396851471
MISW_conventional_hydroelectric_1_inlet,481,0.29965291747776984
MISW_conventional_hydroelectric_1_inlet,482,0.2997022169636635
MISW_conventional_hydroelectric_1_inlet,483,0.29975431461865143
MISW_conventional_hydroelectric_1_inlet,484,0.29980358908365884
MISW_conventional_hydroelectric_1_inlet,485,0.2998558952460309
MISW_conventional_hydroelectric_1_inlet,486,0.2999049862245404
MISW_conventional_hydroelectric_1_inlet,487,0.29995708387952835
MISW_conventional_hydroelectric_1_inlet,488,0.3642624
MISW_conventional_hydroelectric_1_inlet,489,0.30005848102040983
MISW_conventional_hydroelectric_1_inlet,490,0.25260840558195763
MISW_conventional_hydroelectric_1_inlet,491,0.25260840558195763
MISW_conventional_hydroelectric_1_inlet,492,0.25260840558195763
MISW_conventional_hydroelectric_1_inlet,493,0.25260840558195763
MISW_conventional_hydroelectric_1_inlet,494,0.0
MISW_conventional_hydroelectric_1_inlet,495,0.21107316753174127
MISW_conventional_hydroelectric_1_inlet,496,0.25260840558195763
MISW_conventional_hydroelectric_1_inlet,497,0.25260840558195763
MISW_conventional_hydroelectric_1_inlet,498,0.25260840558195763
MISW_conventional_hydroelectric_1_inlet,499,0.25260840558195763
MISW_conventional_hydroelectric_1_inlet,500,0.25260840558195763
MISW_conventional_hydroelectric_1_inlet,501,0.25260840558195763
MISW_conventional_hydroelectric_1_inlet,502,0.25260840558195763
MISW_conventional_hydroelectric_1_inlet,503,0.25260840558195763
MISW_conventional_hydroelectric_1_inlet,504,0.25260840558195763
MISW_conventional_hydroelectric_1_inlet,505,0.3642624
MISW_conventional_hydroelectric_1_inlet,506,0.3642624
MISW_conventional_hydroelectric_1_inlet,507,0.3642624
MISW_conventional_hydroelectric_1_inlet,508,0.3642624
MISW_conventional_hydroelectric_1_inlet,509,0.3642624
MISW_conventional_hydroelectric_1_inlet,510,0.3642624
MISW_conventional_hydroelectric_1_inlet,511,0.3642624
MISW_conventional_hydroelectric_1_inlet,512,0.3642624
MISW_conventional_hydroelectric_1_inlet,513,0.3642624
MISW_conventional_hydroelectric_1_inlet,514,0.3642624
MISW_conventional_hydroelectric_1_inlet,515,0.3642624
MISW_conventional_hydroelectric_1_inlet,516,0.3642624
MISW_conventional_hydroelectric_1_inlet,517,0.3642624
MISW_conventional_hydroelectric_1_inlet,518,0.11165399441804236
MISW_conventional_hydroelectric_1_inlet,519,0.3227271619497837
MISW_conventional_hydroelectric_1_inlet,520,0.3642624
MISW_conventional_hydroelectric_1_inlet,521,0.3642624
MISW_conventional_hydroelectric_1_inlet,522,0.3642624
MISW_conventional_hydroelectric_1_inlet,523,0.3642624
MISW_conventional_hydroelectric_1_inlet,524,0.3642624
MISW_conventional_hydroelectric_1_inlet,525,0.3642624
MISW_conventional_hydroelectric_1_inlet,526,0.3642624
MISW_conventional_hydroelectric_1_inlet,527,0.3642624
MISW_conventional_hydroelectric_1_inlet,528,0.3642624
MISW_conventional_hydroelectric_1_inlet,529,0.15031982716233996
MISW_conventional_hydroelectric_1_inlet,530,0.15034923921393922
MISW_conventional_hydroelectric_1_inlet,531,0.15039817172683684
MISW_conventional_hydroelectric_1_inlet,532,0.1504471042397344
MISW_conventional_hydroelectric_1_inlet,533,0.15049603675263187
MISW_conventional_hydroelectric_1_inlet,534,0.15052544880423122
MISW_conventional_hydroelectric_1_inlet,535,0.15057438131712875
MISW_conventional_hydroelectric_1_inlet,536,0.12243827330154099
MISW_conventional_hydroelectric_1_inlet,537,0.1506887184262667
MISW_conventional_hydroelectric_1_inlet,538,0.15073765093916422
MISW_conventional_hydroelectric_1_inlet,539,0.15076685448337948
MISW_conventional_hydroelectric_1_inlet,540,0.17844562832163016
MISW_conventional_hydroelectric_1_inlet,541,0.1784182096006227
MISW_conventional_hydroelectric_1_inlet,542,0.15091365202207208
MISW_conventional_hydroelectric_1_inlet,543,0.17834421867030562
MISW_conventional_hydroelectric_1_inlet,544,0.17831702513727296
MISW_conventional_hydroelectric_1_inlet,545,0.3642624
MISW_conventional_hydroelectric_1_inlet,546,0.1510899033138408
MISW_conventional_hydroelectric_1_inlet,547,0.3642624
MISW_conventional_hydroelectric_1_inlet,548,0.3642624
MISW_conventional_hydroelectric_1_inlet,549,0.12207823109099492
MISW_conventional_hydroelectric_1_inlet,550,0.12205430278359705
MISW_conventional_hydroelectric_1_inlet,551,0.12203037447619919
MISW_conventional_hydroelectric_1_inlet,552,0.12200648787027818
MISW_conventional_hydroelectric_1_inlet,553,0.2521643039558191
MISW_conventional_hydroelectric_1_inlet,554,0.25219371600741836
MISW_conventional_hydroelectric_1_inlet,555,0.25224264852031597
MISW_conventional_hydroelectric_1_inlet,556,0.25229158103321353
MISW_conventional_hydroelectric_1_inlet,557,0.25234051354611103
MISW_conventional_hydroelectric_1_inlet,558,0.2523699255977104
MISW_conventional_hydroelectric_1_inlet,559,0.2524188581106079
MISW_conventional_hydroelectric_1_inlet,560,0.22428275009502013
MISW_conventional_hydroelectric_1_inlet,561,0.2525331952197458
MISW_conventional_hydroelectric_1_inlet,562,0.2525821277326434
MISW_conventional_hydroelectric_1_inlet,563,0.2526113312768586
MISW_conventional_hydroelectric_1_inlet,564,0.2802901051151093
MISW_conventional_hydroelectric_1_inlet,565,0.28026268639410185
MISW_conventional_hydroelectric_1_inlet,566,0.2527581288155512
MISW_conventional_hydroelectric_1_inlet,567,0.2801886954637848
MISW_conventional_hydroelectric_1_inlet,568,0.2801615019307521
MISW_conventional_hydroelectric_1_inlet,569,0.11653247679347908
MISW_conventional_hydroelectric_1_inlet,570,0.25293438010731994
MISW_conventional_hydroelectric_1_inlet,571,0.2529833126202175
MISW_conventional_hydroelectric_1_inlet,572,0.18762851646164988
MISW_conventional_hydroelectric_1_inlet,573,0.22392270788447405
MISW_conventional_hydroelectric_1_inlet,574,0.22389877957707618
MISW_conventional_hydroelectric_1_inlet,575,0.22387485126967832
MISW_conventional_hydroelectric_1_inlet,576,0.2238509646637573
NWPP_conventional_hydroelectric_1_inlet,1,68.67340725685884
NWPP_conventional_hydroelectric_1_inlet,2,86.68309384697481
NWPP_conventional_hydroelectric_1_inlet,3,117.88882810273837
NWPP_conventional_hydroelectric_1_inlet,4,98.05448072467811
NWPP_conventional_hydroelectric_1_inlet,5,87.1911556610214
NWPP_conventional_hydroelectric_1_inlet,6,104.25568329266672
NWPP_conventional_hydroelectric_1_inlet,7,109.55236353336822
NWPP_conventional_hydroelectric_1_inlet,8,88.79994829130725
NWPP_conventional_hydroelectric_1_inlet,9,126.46907658890748
NWPP_conventional_hydroelectric_1_inlet,10,122.06388786042807
NWPP_conventional_hydroelectric_1_inlet,11,129.58039643689807
NWPP_conventional_hydroelectric_1_inlet,12,155.69330909449567
NWPP_conventional_hydroelectric_1_inlet,13,147.50638541733312
NWPP_conventional_hydroelectric_1_inlet,14,150.64257032279244
NWPP_conventional_hydroelectric_1_inlet,15,150.47177596493944
NWPP_conventional_hydroelectric_1_inlet,16,145.9765562763483
NWPP_conventional_hydroelectric_1_inlet,17,139.02967353434545
NWPP_conventional_hydroelectric_1_inlet,18,114.52666167749304
NWPP_conventional_hydroelectric_1_inlet,19,64.80951843927431
NWPP_conventional_hydroelectric_1_inlet,20,33.696375269498034
NWPP_conventional_hydroelectric_1_inlet,21,53.108506936839454
NWPP_conventional_hydroelectric_1_inlet,22,83.300273395962
NWPP_conventional_hydroelectric_1_inlet,23,87.75382321074174
NWPP_conventional_hydroelectric_1_inlet,24,113.94292347545152
NWPP_conventional_hydroelectric_1_inlet,25,77.65865840860633
NWPP_conventional_hydroelectric_1_inlet,26,90.98984469638289
NWPP_conventional_hydroelectric_1_inlet,27,116.21419822200124
NWPP_conventional_hydroelectric_1_inlet,28,101.06100450063904
NWPP_conventional_hydroelectric_1_inlet,29,85.5039941983089
NWPP_conventional_hydroelectric_1_inlet,30,95.77883225176718
NWPP_conventional_hydroelectric_1_inlet,31,99.78163856982967
NWPP_conventional_hydroelectric_1_inlet,32,80.95356203197314
NWPP_conventional_hydroelectric_1_inlet,33,116.75313418989718
NWPP_conventional_hydroelectric_1_inlet,34,113.52348598174235
NWPP_conventional_hydroelectric_1_inlet,35,118.61813544363211
NWPP_conventional_hydroelectric_1_inlet,36,134.5163648182624
NWPP_conventional_hydroelectric_1_inlet,37,144.34502146339216
NWPP_conventional_hydroelectric_1_inlet,38,145.11577571333345
NWPP_conventional_hydroelectric_1_inlet,39,134.73866334609085
NWPP_conventional_hydroelectric_1_inlet,40,132.82265101057172
NWPP_conventional_hydroelectric_1_inlet,41,123.53910419240839
NWPP_conventional_hydroelectric_1_inlet,42,111.87397039660179
NWPP_conventional_hydroelectric_1_inlet,43,60.4569206311512
NWPP_conventional_hydroelectric_1_inlet,44,15.704077772479156
NWPP_conventional_hydroelectric_1_inlet,45,39.479047328490374
NWPP_conventional_hydroelectric_1_inlet,46,68.21414074802888
NWPP_conventional_hydroelectric_1_inlet,47,79.62011756366842
NWPP_conventional_hydroelectric_1_inlet,48,109.02739446559586
NWPP_conventional_hydroelectric_1_inlet,49,84.39793143019621
NWPP_conventional_hydroelectric_1_inlet,50,109.28023443022781
NWPP_conventional_hydroelectric_1_inlet,51,120.70173269782543
NWPP_conventional_hydroelectric_1_inlet,52,111.2607191844717
NWPP_conventional_hydroelectric_1_inlet,53,91.9594136007567
NWPP_conventional_hydroelectric_1_inlet,54,91.6833166257921
NWPP_conventional_hydroelectric_1_inlet,55,92.59415379108503
NWPP_conventional_hydroelectric_1_inlet,56,81.80114566860536
NWPP_conventional_hydroelectric_1_inlet,57,110.06607852412942
NWPP_conventional_hydroelectric_1_inlet,58,111.27451776886957
NWPP_conventional_hydroelectric_1_inlet,59,113.28160472027001
NWPP_conventional_hydroelectric_1_inlet,60,133.25242266545163
NWPP_conventional_hydroelectric_1_inlet,61,134.1799031878728
NWPP_conventional_hydroelectric_1_inlet,62,137.78806102661196
NWPP_conventional_hydroelectric_1_inlet,63,143.51941326495978
NWPP_conventional_hydroelectric_1_inlet,64,141.94021927629151
NWPP_conventional_hydroelectric_1_inlet,65,129.29362624558811
NWPP_conventional_hydroelectric_1_inlet,66,99.98999388670585
NWPP_conventional_hydroelectric_1_inlet,67,55.96770007180578
NWPP_conventional_hydroelectric_1_inlet,68,9.954142780974092
NWPP_conventional_hydroelectric_1_inlet,69,33.00550953712112
NWPP_conventional_hydroelectric_1_inlet,70,60.7266741474463
NWPP_conventional_hydroelectric_1_inlet,71,75.96081569288917
NWPP_conventional_hydroelectric_1_inlet,72,101.83045751166244
NWPP_conventional_hydroelectric_1_inlet,73,74.34136894400476
NWPP_conventional_hydroelectric_1_inlet,74,90.53628250888963
NWPP_conventional_hydroelectric_1_inlet,75,105.15347180435283
NWPP_conventional_hydroelectric_1_inlet,76,97.37335153848858
NWPP_conventional_hydroelectric_1_inlet,77,71.14922920614488
NWPP_conventional_hydroelectric_1_inlet,78,67.81744794868355
NWPP_conventional_hydroelectric_1_inlet,79,74.74355820361288
NWPP_conventional_hydroelectric_1_inlet,80,61.54581185975008
NWPP_conventional_hydroelectric_1_inlet,81,71.64674704815761
NWPP_conventional_hydroelectric_1_inlet,82,85.70834424960474
NWPP_conventional_hydroelectric_1_inlet,83,86.59156802916455
NWPP_conventional_hydroelectric_1_inlet,84,110.65468756315784
NWPP_conventional_hydroelectric_1_inlet,85,115.73727468640419
NWPP_conventional_hydroelectric_1_inlet,86,118.92417498001466
NWPP_conventional_hydroelectric_1_inlet,87,114.22879590296607
NWPP_conventional_hydroelectric_1_inlet,88,115.49337583159023
NWPP_conventional_hydroelectric_1_inlet,89,104.51734806715321
NWPP_conventional_hydroelectric_1_inlet,90,89.9450334694234
NWPP_conventional_hydroelectric_1_inlet,91,45.12653696789881
NWPP_conventional_hydroelectric_1_inlet,92,1.4055881938094827
NWPP_conventional_hydroelectric_1_inlet,93,15.10274232637717
NWPP_conventional_hydroelectric_1_inlet,94,43.59961931485441
NWPP_conventional_hydroelectric_1_inlet,95,62.92593883665315
NWPP_conventional_hydroelectric_1_inlet,96,88.85165335720173
NWPP_conventional_hydroelectric_1_inlet,97,50.304296513776166
NWPP_conventional_hydroelectric_1_inlet,98,68.59564482685131
NWPP_conventional_hydroelectric_1_inlet,99,86.0258531651671
NWPP_conventional_hydroelectric_1_inlet,100,62.81864612013301
NWPP_conventional_hydroelectric_1_inlet,101,41.436794528612424
NWPP_conventional_hydroelectric_1_inlet,102,33.58013570150893
NWPP_conventional_hydroelectric_1_inlet,103,38.93895702764947
NWPP_conventional_hydroelectric_1_inlet,104,22.712136889058684
NWPP_conventional_hydroelectric_1_inlet,105,31.503505406652046
NWPP_conventional_hydroelectric_1_inlet,106,46.76400439497409
NWPP_conventional_hydroelectric_1_inlet,107,59.92829321867452
NWPP_conventional_hydroelectric_1_inlet,108,74.21785891303445
NWPP_conventional_hydroelectric_1_inlet,109,83.29799633373982
NWPP_conventional_hydroelectric_1_inlet,110,87.61776473324497
NWPP_conventional_hydroelectric_1_inlet,111,100.47040203072028
NWPP_conventional_hydroelectric_1_inlet,112,91.81487755625014
NWPP_conventional_hydroelectric_1_inlet,113,94.387945451182
NWPP_conventional_hydroelectric_1_inlet,114,67.06118444025495
NWPP_conventional_hydroelectric_1_inlet,115,33.98689368567547
NWPP_conventional_hydroelectric_1_inlet,116,0.0
NWPP_conventional_hydroelectric_1_inlet,117,8.4152825380674
NWPP_conventional_hydroelectric_1_inlet,118,31.273625933136717
NWPP_conventional_hydroelectric_1_inlet,119,47.12743444307056
NWPP_conventional_hydroelectric_1_inlet,120,76.78699658008216
NWPP_conventional_hydroelectric_1_inlet,121,76.6627168499409
NWPP_conventional_hydroelectric_1_inlet,122,100.12984957039602
NWPP_conventional_hydroelectric_1_inlet,123,107.33373872525844
NWPP_conventional_hydroelectric_1_inlet,124,86.12860616595823
NWPP_conventional_hydroelectric_1_inlet,125,65.55511904005247
NWPP_conventional_hydroelectric_1_inlet,126,54.633544572453275
NWPP_conventional_hydroelectric_1_inlet,127,58.282795685289905
NWPP_conventional_hydroelectric_1_inlet,128,36.37654715048102
NWPP_conventional_hydroelectric_1_inlet,129,33.37120223817976
NWPP_conventional_hydroelectric_1_inlet,130,50.54942299405771
NWPP_conventional_hydroelectric_1_inlet,131,63.75463718280515
NWPP_conventional_hydroelectric_1_inlet,132,81.35050934288209
NWPP_conventional_hydroelectric_1_inlet,133,89.3816797936754
NWPP_conventional_hydroelectric_1_inlet,134,93.1775964419265
NWPP_conventional_hydroelectric_1_inlet,135,94.67216315770172
NWPP_conventional_hydroelectric_1_inlet,136,101.07856911442109
NWPP_conventional_hydroelectric_1_inlet,137,94.70801373700412
NWPP_conventional_hydroelectric_1_inlet,138,80.65409969471206
NWPP_conventional_hydroelectric_1_inlet,139,55.335635973782175
NWPP_conventional_hydroelectric_1_inlet,140,20.10014216819444
NWPP_conventional_hydroelectric_1_inlet,141,22.77424934008325
NWPP_conventional_hydroelectric_1_inlet,142,39.81983281628287
NWPP_conventional_hydroelectric_1_inlet,143,53.39234852093512
NWPP_conventional_hydroelectric_1_inlet,144,79.37738570486154
NWPP_conventional_hydroelectric_1_inlet,145,89.24095399287691
NWPP_conventional_hydroelectric_1_inlet,146,111.81950867437236
NWPP_conventional_hydroelectric_1_inlet,147,110.37020953547518
NWPP_conventional_hydroelectric_1_inlet,148,94.49537126223824
NWPP_conventional_hydroelectric_1_inlet,149,75.84705619608812
NWPP_conventional_hydroelectric_1_inlet,150,59.60699317068998
NWPP_conventional_hydroelectric_1_inlet,151,66.92501635959697
NWPP_conventional_hydroelectric_1_inlet,152,40.39209056140191
NWPP_conventional_hydroelectric_1_inlet,153,30.112195419736004
NWPP_conventional_hydroelectric_1_inlet,154,51.44508128065139
NWPP_conventional_hydroelectric_1_inlet,155,51.910819652807
NWPP_conventional_hydroelectric_1_inlet,156,86.36442077260382
NWPP_conventional_hydroelectric_1_inlet,157,85.90275191113773
NWPP_conventional_hydroelectric_1_inlet,158,90.41016372664065
NWPP_conventional_hydroelectric_1_inlet,159,109.9090944183432
NWPP_conventional_hydroelectric_1_inlet,160,109.29442688529973
NWPP_conventional_hydroelectric_1_inlet,161,104.93600112298867
NWPP_conventional_hydroelectric_1_inlet,162,91.85309496246649
NWPP_conventional_hydroelectric_1_inlet,163,75.56367304620501
NWPP_conventional_hydroelectric_1_inlet,164,44.65377004231354
NWPP_conventional_hydroelectric_1_inlet,165,42.99894435532013
NWPP_conventional_hydroelectric_1_inlet,166,58.551306447414085
NWPP_conventional_hydroelectric_1_inlet,167,66.60539938859785
NWPP_conventional_hydroelectric_1_inlet,168,84.91041111602894
NWPP_conventional_hydroelectric_1_inlet,169,115.53106680554842
NWPP_conventional_hydroelectric_1_inlet,170,129.49416591024118
NWPP_conventional_hydroelectric_1_inlet,171,123.91057994164497
NWPP_conventional_hydroelectric_1_inlet,172,116.99770864335973
NWPP_conventional_hydroelectric_1_inlet,173,97.12375229168148
NWPP_conventional_hydroelectric_1_inlet,174,74.55722350513864
NWPP_conventional_hydroelectric_1_inlet,175,81.38126285429381
NWPP_conventional_hydroelectric_1_inlet,176,41.014678234795625
NWPP_conventional_hydroelectric_1_inlet,177,34.56088309056257
NWPP_conventional_hydroelectric_1_inlet,178,48.87497553237151
NWPP_conventional_hydroelectric_1_inlet,179,63.34108099040779
NWPP_conventional_hydroelectric_1_inlet,180,85.77134277116689
NWPP_conventional_hydroelectric_1_inlet,181,99.79650323132358
NWPP_conventional_hydroelectric_1_inlet,182,104.45179439383276
NWPP_conventional_hydroelectric_1_inlet,183,116.68190796005236
NWPP_conventional_hydroelectric_1_inlet,184,125.64808132642186
NWPP_conventional_hydroelectric_1_inlet,185,139.89712643302326
NWPP_conventional_hydroelectric_1_inlet,186,115.48648115144752
NWPP_conventional_hydroelectric_1_inlet,187,114.66831509939321
NWPP_conventional_hydroelectric_1_inlet,188,91.23572146868277
NWPP_conventional_hydroelectric_1_inlet,189,88.5231059465177
NWPP_conventional_hydroelectric_1_inlet,190,98.47514158824691
NWPP_conventional_hydroelectric_1_inlet,191,98.61688767731171
NWPP_conventional_hydroelectric_1_inlet,192,114.87849368818026
NWPP_conventional_hydroelectric_1_inlet,193,137.25530852822797
NWPP_conventional_hydroelectric_1_inlet,194,152.32461079824262
NWPP_conventional_hydroelectric_1_inlet,195,150.96839074035196
NWPP_conventional_hydroelectric_1_inlet,196,143.1713878829219
NWPP_conventional_hydroelectric_1_inlet,197,129.91444014572684
NWPP_conventional_hydroelectric_1_inlet,198,105.7997715693377
NWPP_conventional_hydroelectric_1_inlet,199,102.74032645954644
NWPP_conventional_hydroelectric_1_inlet,200,64.30236081459337
NWPP_conventional_hydroelectric_1_inlet,201,49.649352589228094
NWPP_conventional_hydroelectric_1_inlet,202,68.41539743313862
NWPP_conventional_hydroelectric_1_inlet,203,80.46390111017178
NWPP_conventional_hydroelectric_1_inlet,204,105.84521054281548
NWPP_conventional_hydroelectric_1_inlet,205,111.35312558310315
NWPP_conventional_hydroelectric_1_inlet,206,118.3464676936928
NWPP_conventional_hydroelectric_1_inlet,207,131.13127990769203
NWPP_conventional_hydroelectric_1_inlet,208,140.57354285706913
NWPP_conventional_hydroelectric_1_inlet,209,155.8488673042538
NWPP_conventional_hydroelectric_1_inlet,210,146.2840996654826
NWPP_conventional_hydroelectric_1_inlet,211,145.48818197620082
NWPP_conventional_hydroelectric_1_inlet,212,131.3262409826481
NWPP_conventional_hydroelectric_1_inlet,213,123.22007994849429
NWPP_conventional_hydroelectric_1_inlet,214,136.85738944514796
NWPP_conventional_hydroelectric_1_inlet,215,135.49915701506504
NWPP_conventional_hydroelectric_1_inlet,216,145.97687426992684
NWPP_conventional_hydroelectric_1_inlet,217,169.65395022741365
NWPP_conventional_hydroelectric_1_inlet,218,191.2770461192476
NWPP_conventional_hydroelectric_1_inlet,219,180.7608140926681
NWPP_conventional_hydroelectric_1_inlet,220,171.00021102079543
NWPP_conventional_hydroelectric_1_inlet,221,167.87182349472704
NWPP_conventional_hydroelectric_1_inlet,222,147.39086593004396
NWPP_conventional_hydroelectric_1_inlet,223,142.64763187014364
NWPP_conventional_hydroelectric_1_inlet,224,104.13559021503266
NWPP_conventional_hydroelectric_1_inlet,225,86.33664978031284
NWPP_conventional_hydroelectric_1_inlet,226,106.26767955990609
NWPP_conventional_hydroelectric_1_inlet,227,114.5820150607964
NWPP_conventional_hydroelectric_1_inlet,228,125.92025953236555
NWPP_conventional_hydroelectric_1_inlet,229,146.82938085520303
NWPP_conventional_hydroelectric_1_inlet,230,151.34167487595758
NWPP_conventional_hydroelectric_1_inlet,231,166.50637700815855
NWPP_conventional_hydroelectric_1_inlet,232,178.17040851443858
NWPP_conventional_hydroelectric_1_inlet,233,180.2949764474189
NWPP_conventional_hydroelectric_1_inlet,234,172.09258773872568
NWPP_conventional_hydroelectric_1_inlet,235,185.02842294339587
NWPP_conventional_hydroelectric_1_inlet,236,162.1082194299462
NWPP_conventional_hydroelectric_1_inlet,237,163.90102062327384
NWPP_conventional_hydroelectric_1_inlet,238,171.70506564067114
NWPP_conventional_hydroelectric_1_inlet,239,166.75331701670441
NWPP_conventional_hydroelectric_1_inlet,240,170.5259872556645
NWPP_conventional_hydroelectric_1_inlet,241,197.91077549315239
NWPP_conventional_hydroelectric_1_inlet,242,220.3655153212392
NWPP_conventional_hydroelectric_1_inlet,243,212.6030979057661
NWPP_conventional_hydroelectric_1_inlet,244,201.09001187880818
NWPP_conventional_hydroelectric_1_inlet,245,198.43796161862284
NWPP_conventional_hydroelectric_1_inlet,246,181.65343286915228
NWPP_conventional_hydroelectric_1_inlet,247,172.15391382135005
NWPP_conventional_hydroelectric_1_inlet,248,134.5235706819401
NWPP_conventional_hydroelectric_1_inlet,249,110.04753307567766
NWPP_conventional_hydroelectric_1_inlet,250,119.77685112702927
NWPP_conventional_hydroelectric_1_inlet,251,127.39311758042523
NWPP_conventional_hydroelectric_1_inlet,252,153.46447443601576
NWPP_conventional_hydroelectric_1_inlet,253,164.557523926296
NWPP_conventional_hydroelectric_1_inlet,254,169.01874421097676
NWPP_conventional_hydroelectric_1_inlet,255,185.4922403235398
NWPP_conventional_hydroelectric_1_inlet,256,200.74042651263977
NWPP_conventional_hydroelectric_1_inlet,257,217.79644695136207
NWPP_conventional_hydroelectric_1_inlet,258,207.83723367317415
NWPP_conventional_hydroelectric_1_inlet,259,218.61100617977837
NWPP_conventional_hydroelectric_1_inlet,260,196.0601329748794
NWPP_conventional_hydroelectric_1_inlet,261,192.48137245960848
NWPP_conventional_hydroelectric_1_inlet,262,192.50723910521654
NWPP_conventional_hydroelectric_1_inlet,263,186.4708845385778
NWPP_conventional_hydroelectric_1_inlet,264,188.2236067290889
NWPP_conventional_hydroelectric_1_inlet,265,221.6827482575711
NWPP_conventional_hydroelectric_1_inlet,266,232.50873545088763
NWPP_conventional_hydroelectric_1_inlet,267,230.28500682968496
NWPP_conventional_hydroelectric_1_inlet,268,212.55418892302487
NWPP_conventional_hydroelectric_1_inlet,269,207.84240095179234
NWPP_conventional_hydroelectric_1_inlet,270,192.56796672545113
NWPP_conventional_hydroelectric_1_inlet,271,188.41444142728147
NWPP_conventional_hydroelectric_1_inlet,272,155.0369703052082
NWPP_conventional_hydroelectric_1_inlet,273,129.81292589780247
NWPP_conventional_hydroelectric_1_inlet,274,144.08892967219722
NWPP_conventional_hydroelectric_1_inlet,275,150.91281838568656
NWPP_conventional_hydroelectric_1_inlet,276,163.8275729015382
NWPP_conventional_hydroelectric_1_inlet,277,176.938767110058
NWPP_conventional_hydroelectric_1_inlet,278,180.36934111839471
NWPP_conventional_hydroelectric_1_inlet,279,198.38767400211708
NWPP_conventional_hydroelectric_1_inlet,280,215.23355013013844
NWPP_conventional_hydroelectric_1_inlet,281,232.37049037291132
NWPP_conventional_hydroelectric_1_inlet,282,223.0786629150783
NWPP_conventional_hydroelectric_1_inlet,283,233.19083733865193
NWPP_conventional_hydroelectric_1_inlet,284,211.5395504503696
NWPP_conventional_hydroelectric_1_inlet,285,206.90692328191446
NWPP_conventional_hydroelectric_1_inlet,286,206.15124329700961
NWPP_conventional_hydroelectric_1_inlet,287,199.95968113259292
NWPP_conventional_hydroelectric_1_inlet,288,200.86484506115326
NWPP_conventional_hydroelectric_1_inlet,289,226.94988071987282
NWPP_conventional_hydroelectric_1_inlet,290,226.64919642225445
NWPP_conventional_hydroelectric_1_inlet,291,233.07497437736424
NWPP_conventional_hydroelectric_1_inlet,292,223.62090251367462
NWPP_conventional_hydroelectric_1_inlet,293,219.42422434059836
NWPP_conventional_hydroelectric_1_inlet,294,205.52338902959647
NWPP_conventional_hydroelectric_1_inlet,295,209.68414512638816
NWPP_conventional_hydroelectric_1_inlet,296,184.88003168852393
NWPP_conventional_hydroelectric_1_inlet,297,154.46983802586143
NWPP_conventional_hydroelectric_1_inlet,298,159.78099383207407
NWPP_conventional_hydroelectric_1_inlet,299,175.7083638901849
NWPP_conventional_hydroelectric_1_inlet,300,186.52588857048931
NWPP_conventional_hydroelectric_1_inlet,301,200.71390232718522
NWPP_conventional_hydroelectric_1_inlet,302,203.5330398490079
NWPP_conventional_hydroelectric_1_inlet,303,212.40067624672852
NWPP_conventional_hydroelectric_1_inlet,304,227.87517504247162
NWPP_conventional_hydroelectric_1_inlet,305,229.31175127662814
NWPP_conventional_hydroelectric_1_inlet,306,236.2108601020082
NWPP_conventional_hydroelectric_1_inlet,307,236.2108601020082
NWPP_conventional_hydroelectric_1_inlet,308,225.17689229401603
NWPP_conventional_hydroelectric_1_inlet,309,222.5808364033396
NWPP_conventional_hydroelectric_1_inlet,310,219.95660997651373
NWPP_conventional_hydroelectric_1_inlet,311,216.45416912712446
NWPP_conventional_hydroelectric_1_inlet,312,219.46388776022863
NWPP_conventional_hydroelectric_1_inlet,313,236.2108601020082
NWPP_conventional_hydroelectric_1_inlet,314,236.2108601020082
NWPP_conventional_hydroelectric_1_inlet,315,236.2108601020082
NWPP_conventional_hydroelectric_1_inlet,316,235.25254038643288
NWPP_conventional_hydroelectric_1_inlet,317,229.21779140318236
NWPP_conventional_hydroelectric_1_inlet,318,221.62446673815907
NWPP_conventional_hydroelectric_1_inlet,319,225.81778212606943
NWPP_conventional_hydroelectric_1_inlet,320,210.7587244755749
NWPP_conventional_hydroelectric_1_inlet,321,183.79507506344646
NWPP_conventional_hydroelectric_1_inlet,322,188.5343392425874
NWPP_conventional_hydroelectric_1_inlet,323,185.6819820581708
NWPP_conventional_hydroelectric_1_inlet,324,207.92959729432607
NWPP_conventional_hydroelectric_1_inlet,325,206.83180889662378
NWPP_conventional_hydroelectric_1_inlet,326,209.56407025325132
NWPP_conventional_hydroelectric_1_inlet,327,216.45078764817876
NWPP_conventional_hydroelectric_1_inlet,328,222.50970927113372
NWPP_conventional_hydroelectric_1_inlet,329,236.2108601020082
NWPP_conventional_hydroelectric_1_inlet,330,219.62146357562986
NWPP_conventional_hydroelectric_1_inlet,331,232.23596158201002
NWPP_conventional_hydroelectric_1_inlet,332,231.23578194810156
NWPP_conventional_hydroelectric_1_inlet,333,227.43345435997978
NWPP_conventional_hydroelectric_1_inlet,334,225.6468197415131
NWPP_conventional_hydroelectric_1_inlet,335,222.5087110437595
NWPP_conventional_hydroelectric_1_inlet,336,223.36943335186848
NWPP_conventional_hydroelectric_1_inlet,337,233.2114816416582
NWPP_conventional_hydroelectric_1_inlet,338,233.9660973373717
NWPP_conventional_hydroelectric_1_inlet,339,235.4948079557312
NWPP_conventional_hydroelectric_1_inlet,340,236.2108601020082
NWPP_conventional_hydroelectric_1_inlet,341,236.2108601020082
NWPP_conventional_hydroelectric_1_inlet,342,236.2108601020082
NWPP_conventional_hydroelectric_1_inlet,343,236.2108601020082
NWPP_conventional_hydroelectric_1_inlet,344,236.2108601020082
NWPP_conventional_hydroelectric_1_inlet,345,213.10822307629576
NWPP_conventional_hydroelectric_1_inlet,346,211.39312856053533
NWPP_conventional_hydroelectric_1_inlet,347,219.5801323495556
NWPP_conventional_hydroelectric_1_inlet,348,223.16896239215183
NWPP_conventional_hydroelectric_1_inlet,349,236.2108601020082
NWPP_conventional_hydroelectric_1_inlet,350,236.2108601020082
NWPP_conventional_hydroelectric_1_inlet,351,236.2108601020082
NWPP_conventional_hydroelectric_1_inlet,352,228.6583841597017
NWPP_conventional_hydroelectric_1_inlet,353,233.59147661262602
NWPP_conventional_hydroelectric_1_inlet,354,232.52344710374948
NWPP_conventional_hydroelectric_1_inlet,355,233.95097209495896
NWPP_conventional_hydroelectric_1_inlet,356,236.2108601020082
NWPP_conventional_hydroelectric_1_inlet,357,236.2108601020082
NWPP_conventional_hydroelectric_1_inlet,358,236.2108601020082
NWPP_conventional_hydroelectric_1_inlet,359,236.2108601020082
NWPP_conventional_hydroelectric_1_inlet,360,236.2108601020082
NWPP_conventional_hydroelectric_1_inlet,361,224.88150170973358
NWPP_conventional_hydroelectric_1_inlet,362,218.8221646275697
NWPP_conventional_hydroelectric_1_inlet,363,227.03070183335646
NWPP_conventional_hydroelectric_1_inlet,364,236.2108601020082
NWPP_conventional_hydroelectric_1_inlet,365,232.7271641820686
NWPP_conventional_hydroelectric_1_inlet,366,233.32740923061263
NWPP_conventional_hydroelectric_1_inlet,367,233.0545841147139
NWPP_conventional_hydroelectric_1_inlet,368,229.7894359384939
NWPP_conventional_hydroelectric_1_inlet,369,233.84514654369477
NWPP_conventional_hydroelectric_1_inlet,370,227.96866663249324
NWPP_conventional_hydroelectric_1_inlet,371,234.62375878449228
NWPP_conventional_hydroelectric_1_inlet,372,236.2108601020082
NWPP_conventional_hydroelectric_1_inlet,373,234.73289065656672
NWPP_conventional_hydroelectric_1_inlet,374,234.89544162189733
NWPP_conventional_hydroelectric_1_inlet,375,235.27823403809805
NWPP_conventional_hydroelectric_1_inlet,376,236.2108601020082
NWPP_conventional_hydroelectric_1_inlet,377,233.08745209527572
NWPP_conventional_hydroelectric_1_inlet,378,207.19671268121473
NWPP_conventional_hydroelectric_1_inlet,379,223.14640483812315
NWPP_conventional_hydroelectric_1_inlet,380,230.41195267570185
NWPP_conventional_hydroelectric_1_inlet,381,229.9188830889015
NWPP_conventional_hydroelectric_1_inlet,382,229.49176512881496
NWPP_conventional_hydroelectric_1_inlet,383,230.8885443656718
NWPP_conventional_hydroelectric_1_inlet,384,231.82784270522248
NWPP_conventional_hydroelectric_1_inlet,385,214.1110233171309
NWPP_conventional_hydroelectric_1_inlet,386,191.8988301009767
NWPP_conventional_hydroelectric_1_inlet,387,205.341776701305
NWPP_conventional_hydroelectric_1_inlet,388,219.38024636373018
NWPP_conventional_hydroelectric_1_inlet,389,217.76215393865905
NWPP_conventional_hydroelectric_1_inlet,390,219.82844159337523
NWPP_conventional_hydroelectric_1_inlet,391,220.66474811572124
NWPP_conventional_hydroelectric_1_inlet,392,214.11702357865184
NWPP_conventional_hydroelectric_1_inlet,393,236.2108601020082
NWPP_conventional_hydroelectric_1_inlet,394,236.2108601020082
NWPP_conventional_hydroelectric_1_inlet,395,236.2108601020082
NWPP_conventional_hydroelectric_1_inlet,396,222.50946459445376
NWPP_conventional_hydroelectric_1_inlet,397,221.47982764261008
NWPP_conventional_hydroelectric_1_inlet,398,233.40553499353962
NWPP_conventional_hydroelectric_1_inlet,399,220.33611855697833
NWPP_conventional_hydroelectric_1_inlet,400,213.64641595206066
NWPP_conventional_hydroelectric_1_inlet,401,202.30380469388888
NWPP_conventional_hydroelectric_1_inlet,402,189.0781381937477
NWPP_conventional_hydroelectric_1_inlet,403,205.43004931168795
NWPP_conventional_hydroelectric_1_inlet,404,210.01079779015896
NWPP_conventional_hydroelectric_1_inlet,405,222.75521419937178
NWPP_conventional_hydroelectric_1_inlet,406,224.85314985444097
NWPP_conventional_hydroelectric_1_inlet,407,228.5442115002688
NWPP_conventional_hydroelectric_1_inlet,408,229.09099472909097
NWPP_conventional_hydroelectric_1_inlet,409,186.72522050168135
NWPP_conventional_hydroelectric_1_inlet,410,173.1564990438475
NWPP_conventional_hydroelectric_1_inlet,411,185.62297850236925
NWPP_conventional_hydroelectric_1_inlet,412,202.08218346219877
NWPP_conventional_hydroelectric_1_inlet,413,196.9980297657559
NWPP_conventional_hydroelectric_1_inlet,414,199.95917248053274
NWPP_conventional_hydroelectric_1_inlet,415,211.2978015547108
NWPP_conventional_hydroelectric_1_inlet,416,200.92005897848395
NWPP_conventional_hydroelectric_1_inlet,417,227.56286154304703
NWPP_conventional_hydroelectric_1_inlet,418,219.73011444986716
NWPP_conventional_hydroelectric_1_inlet,419,216.6736307692075
NWPP_conventional_hydroelectric_1_inlet,420,217.1504372738019
NWPP_conventional_hydroelectric_1_inlet,421,214.7017734410839
NWPP_conventional_hydroelectric_1_inlet,422,215.01497492241313
NWPP_conventional_hydroelectric_1_inlet,423,212.67095212859962
NWPP_conventional_hydroelectric_1_inlet,424,191.6006172557015
NWPP_conventional_hydroelectric_1_inlet,425,176.6536123360121
NWPP_conventional_hydroelectric_1_inlet,426,161.68371896364278
NWPP_conventional_hydroelectric_1_inlet,427,163.83876824821624
NWPP_conventional_hydroelectric_1_inlet,428,181.01467423186503
NWPP_conventional_hydroelectric_1_inlet,429,192.49683644094108
NWPP_conventional_hydroelectric_1_inlet,430,195.82047646865763
NWPP_conventional_hydroelectric_1_inlet,431,200.15034338949513
NWPP_conventional_hydroelectric_1_inlet,432,201.55968830401483
NWPP_conventional_hydroelectric_1_inlet,433,155.4247309397789
NWPP_conventional_hydroelectric_1_inlet,434,137.43841700711977
NWPP_conventional_hydroelectric_1_inlet,435,167.0107734097783
NWPP_conventional_hydroelectric_1_inlet,436,175.65061020165848
NWPP_conventional_hydroelectric_1_inlet,437,171.37890232949258
NWPP_conventional_hydroelectric_1_inlet,438,176.198092844857
NWPP_conventional_hydroelectric_1_inlet,439,187.61376594889055
NWPP_conventional_hydroelectric_1_inlet,440,176.13229599641886
NWPP_conventional_hydroelectric_1_inlet,441,215.18306557054518
NWPP_conventional_hydroelectric_1_inlet,442,210.89202374637296
NWPP_conventional_hydroelectric_1_inlet,443,206.0208537176878
NWPP_conventional_hydroelectric_1_inlet,444,208.0542486647711
NWPP_conventional_hydroelectric_1_inlet,445,193.66913503383122
NWPP_conventional_hydroelectric_1_inlet,446,209.09357293050942
NWPP_conventional_hydroelectric_1_inlet,447,193.96733236484872
NWPP_conventional_hydroelectric_1_inlet,448,188.418849797865
NWPP_conventional_hydroelectric_1_inlet,449,174.4868691705081
NWPP_conventional_hydroelectric_1_inlet,450,144.14312507554126
NWPP_conventional_hydroelectric_1_inlet,451,135.8816600752536
NWPP_conventional_hydroelectric_1_inlet,452,148.05193345478722
NWPP_conventional_hydroelectric_1_inlet,453,173.72873418936356
NWPP_conventional_hydroelectric_1_inlet,454,177.63655044947222
NWPP_conventional_hydroelectric_1_inlet,455,180.4139220075876
NWPP_conventional_hydroelectric_1_inlet,456,183.05414249414423
NWPP_conventional_hydroelectric_1_inlet,457,124.70277857343378
NWPP_conventional_hydroelectric_1_inlet,458,122.84868141810337
NWPP_conventional_hydroelectric_1_inlet,459,147.2152298402945
NWPP_conventional_hydroelectric_1_inlet,460,153.13251775956286
NWPP_conventional_hydroelectric_1_inlet,461,145.17860041428625
NWPP_conventional_hydroelectric_1_inlet,462,153.40942229478534
NWPP_conventional_hydroelectric_1_inlet,463,163.66016051012855
NWPP_conventional_hydroelectric_1_inlet,464,156.29680646449117
NWPP_conventional_hydroelectric_1_inlet,465,188.80534279986162
NWPP_conventional_hydroelectric_1_inlet,466,188.93676086065918
NWPP_conventional_hydroelectric_1_inlet,467,186.55428159125194
NWPP_conventional_hydroelectric_1_inlet,468,178.66959503226934
NWPP_conventional_hydroelectric_1_inlet,469,181.7178583659222
NWPP_conventional_hydroelectric_1_inlet,470,183.62525234180393
NWPP_conventional_hydroelectric_1_inlet,471,185.72231449977448
NWPP_conventional_hydroelectric_1_inlet,472,168.2892924542215
NWPP_conventional_hydroelectric_1_inlet,473,156.97520628092144
NWPP_conventional_hydroelectric_1_inlet,474,141.737785712705
NWPP_conventional_hydroelectric_1_inlet,475,106.19118020819538
NWPP_conventional_hydroelectric_1_inlet,476,127.3894820332106
NWPP_conventional_hydroelectric_1_inlet,477,145.96231061539083
NWPP_conventional_hydroelectric_1_inlet,478,151.66974841845757
NWPP_conventional_hydroelectric_1_inlet,479,157.77701267567576
NWPP_conventional_hydroelectric_1_inlet,480,162.85751563603844
NWPP_conventional_hydroelectric_1_inlet,481,118.60163837538975
NWPP_conventional_hydroelectric_1_inlet,482,109.74860872394781
NWPP_conventional_hydroelectric_1_inlet,483,146.5440348190129
NWPP_conventional_hydroelectric_1_inlet,484,151.87107004981635
NWPP_conventional_hydroelectric_1_inlet,485,153.24466540685017
NWPP_conventional_hydroelectric_1_inlet,486,157.9321797761599
NWPP_conventional_hydroelectric_1_inlet,487,162.6676646561486
NWPP_conventional_hydroelectric_1_inlet,488,151.03595962632943
NWPP_conventional_hydroelectric_1_inlet,489,179.31080823241027
NWPP_conventional_hydroelectric_1_inlet,490,165.4880573672365
NWPP_conventional_hydroelectric_1_inlet,491,175.48853737554785
NWPP_conventional_hydroelectric_1_inlet,492,173.66947180559958
NWPP_conventional_hydroelectric_1_inlet,493,174.8310315547211
NWPP_conventional_hydroelectric_1_inlet,494,176.61035503648478
NWPP_conventional_hydroelectric_1_inlet,495,169.9882750134733
NWPP_conventional_hydroelectric_1_inlet,496,155.12922365391745
NWPP_conventional_hydroelectric_1_inlet,497,158.0511051637758
NWPP_conventional_hydroelectric_1_inlet,498,125.87308524168733
NWPP_conventional_hydroelectric_1_inlet,499,94.02204637265012
NWPP_conventional_hydroelectric_1_inlet,500,110.74445953791219
NWPP_conventional_hydroelectric_1_inlet,501,129.97377813008396
NWPP_conventional_hydroelectric_1_inlet,502,144.0536699843214
NWPP_conventional_hydroelectric_1_inlet,503,141.51023171805934
NWPP_conventional_hydroelectric_1_inlet,504,153.3139985565721
NWPP_conventional_hydroelectric_1_inlet,505,100.05998593599843
NWPP_conventional_hydroelectric_1_inlet,506,98.92048795987846
NWPP_conventional_hydroelectric_1_inlet,507,129.3798204159786
NWPP_conventional_hydroelectric_1_inlet,508,132.79776348166618
NWPP_conventional_hydroelectric_1_inlet,509,135.91915709061283
NWPP_conventional_hydroelectric_1_inlet,510,141.88513617364808
NWPP_conventional_hydroelectric_1_inlet,511,146.24277028121304
NWPP_conventional_hydroelectric_1_inlet,512,138.45803157397424
NWPP_conventional_hydroelectric_1_inlet,513,166.06191134438583
NWPP_conventional_hydroelectric_1_inlet,514,156.6094343637554
NWPP_conventional_hydroelectric_1_inlet,515,170.88210952651184
NWPP_conventional_hydroelectric_1_inlet,516,179.01353516119542
NWPP_conventional_hydroelectric_1_inlet,517,170.9114237563507
NWPP_conventional_hydroelectric_1_inlet,518,174.86426896150252
NWPP_conventional_hydroelectric_1_inlet,519,167.7950603034571
NWPP_conventional_hydroelectric_1_inlet,520,167.947494624831
NWPP_conventional_hydroelectric_1_inlet,521,154.99349694814987
NWPP_conventional_hydroelectric_1_inlet,522,135.80447436198145
NWPP_conventional_hydroelectric_1_inlet,523,94.31434061012352
NWPP_conventional_hydroelectric_1_inlet,524,96.06729253280288
NWPP_conventional_hydroelectric_1_inlet,525,118.5264451379427
NWPP_conventional_hydroelectric_1_inlet,526,138.05360136047582
NWPP_conventional_hydroelectric_1_inlet,527,134.1594050674443
NWPP_conventional_hydroelectric_1_inlet,528,150.7526613948208
NWPP_conventional_hydroelectric_1_inlet,529,89.81193918193804
NWPP_conventional_hydroelectric_1_inlet,530,83.39201752712673
NWPP_conventional_hydroelectric_1_inlet,531,113.09507182210645
NWPP_conventional_hydroelectric_1_inlet,532,113.78183803597975
NWPP_conventional_hydroelectric_1_inlet,533,102.25571759104125
NWPP_conventional_hydroelectric_1_inlet,534,122.02358979465592
NWPP_conventional_hydroelectric_1_inlet,535,126.02294406809591
NWPP_conventional_hydroelectric_1_inlet,536,120.78787115088576
NWPP_conventional_hydroelectric_1_inlet,537,145.85336405928106
NWPP_conventional_hydroelectric_1_inlet,538,144.94164901341335
NWPP_conventional_hydroelectric_1_inlet,539,145.24159204087923
NWPP_conventional_hydroelectric_1_inlet,540,160.17743509958163
NWPP_conventional_hydroelectric_1_inlet,541,161.75353184177536
NWPP_conventional_hydroelectric_1_inlet,542,167.93137159024843
NWPP_conventional_hydroelectric_1_inlet,543,162.65034880984848
NWPP_conventional_hydroelectric_1_inlet,544,153.21803004449794
NWPP_conventional_hydroelectric_1_inlet,545,145.86769194782778
NWPP_conventional_hydroelectric_1_inlet,546,120.24302273999903
NWPP_conventional_hydroelectric_1_inlet,547,81.70995448445366
NWPP_conventional_hydroelectric_1_inlet,548,71.85791341636735
NWPP_conventional_hydroelectric_1_inlet,549,95.77338915937254
NWPP_conventional_hydroelectric_1_inlet,550,118.78687472740613
NWPP_conventional_hydroelectric_1_inlet,551,118.21278082139214
NWPP_conventional_hydroelectric_1_inlet,552,142.80461154637948
NWPP_conventional_hydroelectric_1_inlet,553,100.4736270066822
NWPP_conventional_hydroelectric_1_inlet,554,95.63760386068215
NWPP_conventional_hydroelectric_1_inlet,555,125.87733627529707
NWPP_conventional_hydroelectric_1_inlet,556,122.91205707653957
NWPP_conventional_hydroelectric_1_inlet,557,112.99524435595244
NWPP_conventional_hydroelectric_1_inlet,558,127.42910047515453
NWPP_conventional_hydroelectric_1_inlet,559,126.87325117674715
NWPP_conventional_hydroelectric_1_inlet,560,114.15777223511881
NWPP_conventional_hydroelectric_1_inlet,561,139.95691656389974
NWPP_conventional_hydroelectric_1_inlet,562,129.81867808669406
NWPP_conventional_hydroelectric_1_inlet,563,143.40360417783174
NWPP_conventional_hydroelectric_1_inlet,564,162.4980083176759
NWPP_conventional_hydroelectric_1_inlet,565,154.14259136417004
NWPP_conventional_hydroelectric_1_inlet,566,160.0381030040873
NWPP_conventional_hydroelectric_1_inlet,567,155.7882132464754
NWPP_conventional_hydroelectric_1_inlet,568,147.00277067917725
NWPP_conventional_hydroelectric_1_inlet,569,140.7510616228946
NWPP_conventional_hydroelectric_1_inlet,570,116.3949036220075
NWPP_conventional_hydroelectric_1_inlet,571,69.25251160182789
NWPP_conventional_hydroelectric_1_inlet,572,53.06591236883607
NWPP_conventional_hydroelectric_1_inlet,573,75.72053842733906
NWPP_conventional_hydroelectric_1_inlet,574,98.35517606019243
NWPP_conventional_hydroelectric_1_inlet,575,101.44310652836039
NWPP_conventional_hydroelectric_1_inlet,576,129.23134858304775
NYUP_conventional_hydroelectric_1_inlet,1,15.62509005145633
NYUP_conventional_hydroelectric_1_inlet,2,15.62509005145633
NYUP_conventional_hydroelectric_1_inlet,3,15.62509005145633
NYUP_conventional_hydroelectric_1_inlet,4,15.62509005145633
NYUP_conventional_hydroelectric_1_inlet,5,15.62509005145633
NYUP_conventional_hydroelectric_1_inlet,6,10.60377376386769
NYUP_conventional_hydroelectric_1_inlet,7,15.62509005145633
NYUP_conventional_hydroelectric_1_inlet,8,13.820292488047695
NYUP_conventional_hydroelectric_1_inlet,9,12.30683821699491
NYUP_conventional_hydroelectric_1_inlet,10,9.45746667724054
NYUP_conventional_hydroelectric_1_inlet,11,11.790045364670744
NYUP_conventional_hydroelectric_1_inlet,12,12.12125541879258
NYUP_conventional_hydroelectric_1_inlet,13,11.502338296204957
NYUP_conventional_hydroelectric_1_inlet,14,11.160045529987615
NYUP_conventional_hydroelectric_1_inlet,15,8.083669590662895
NYUP_conventional_hydroelectric_1_inlet,16,6.650593672459289
NYUP_conventional_hydroelectric_1_inlet,17,1.563423125697237
NYUP_conventional_hydroelectric_1_inlet,18,4.601986010411695
NYUP_conventional_hydroelectric_1_inlet,19,6.865899315497796
NYUP_conventional_hydroelectric_1_inlet,20,6.68615058560357
NYUP_conventional_hydroelectric_1_inlet,21,4.338795554935604
NYUP_conventional_hydroelectric_1_inlet,22,4.137471466845506
NYUP_conventional_hydroelectric_1_inlet,23,7.31163022955235
NYUP_conventional_hydroelectric_1_inlet,24,9.953029781300595
NYUP_conventional_hydroelectric_1_inlet,25,11.371574866399559
NYUP_conventional_hydroelectric_1_inlet,26,11.377287242283932
NYUP_conventional_hydroelectric_1_inlet,27,11.382962971861929
NYUP_conventional_hydroelectric_1_inlet,28,11.387737090405926
NYUP_conventional_hydroelectric_1_inlet,29,11.393580329970629
NYUP_conventional_hydroelectric_1_inlet,30,6.377976418266365
NYUP_conventional_hydroelectric_1_inlet,31,11.405135945419708
NYUP_conventional_hydroelectric_1_inlet,32,15.62509005145633
NYUP_conventional_hydroelectric_1_inlet,33,15.62509005145633
NYUP_conventional_hydroelectric_1_inlet,34,12.742178688409894
NYUP_conventional_hydroelectric_1_inlet,35,15.62509005145633
NYUP_conventional_hydroelectric_1_inlet,36,15.62509005145633
NYUP_conventional_hydroelectric_1_inlet,37,15.62509005145633
NYUP_conventional_hydroelectric_1_inlet,38,15.202793903215833
NYUP_conventional_hydroelectric_1_inlet,39,10.832344775630096
NYUP_conventional_hydroelectric_1_inlet,40,7.188909728729925
NYUP_conventional_hydroelectric_1_inlet,41,0.0
NYUP_conventional_hydroelectric_1_inlet,42,0.8078761730976155
NYUP_conventional_hydroelectric_1_inlet,43,2.711859522027845
NYUP_conventional_hydroelectric_1_inlet,44,2.537954031698327
NYUP_conventional_hydroelectric_1_inlet,45,0.1954635044719964
NYUP_conventional_hydroelectric_1_inlet,46,0.0
NYUP_conventional_hydroelectric_1_inlet,47,3.179871138591217
NYUP_conventional_hydroelectric_1_inlet,48,8.626197868182512
NYUP_conventional_hydroelectric_1_inlet,49,15.62509005145633
NYUP_conventional_hydroelectric_1_inlet,50,15.62509005145633
NYUP_conventional_hydroelectric_1_inlet,51,15.62509005145633
NYUP_conventional_hydroelectric_1_inlet,52,15.62509005145633
NYUP_conventional_hydroelectric_1_inlet,53,15.62509005145633
NYUP_conventional_hydroelectric_1_inlet,54,14.775163327938492
NYUP_conventional_hydroelectric_1_inlet,55,15.62509005145633
NYUP_conventional_hydroelectric_1_inlet,56,12.17514953373125
NYUP_conventional_hydroelectric_1_inlet,57,12.175844386864153
NYUP_conventional_hydroelectric_1_inlet,58,9.293497013270292
NYUP_conventional_hydroelectric_1_inlet,59,12.176292003313268
NYUP_conventional_hydroelectric_1_inlet,60,12.177446949424022
NYUP_conventional_hydroelectric_1_inlet,61,12.178039724410384
NYUP_conventional_hydroelectric_1_inlet,62,11.755627203166432
NYUP_conventional_hydroelectric_1_inlet,63,15.027005302602639
NYUP_conventional_hydroelectric_1_inlet,64,9.397899384820175
NYUP_conventional_hydroelectric_1_inlet,65,0.0
NYUP_conventional_hydroelectric_1_inlet,66,0.0
NYUP_conventional_hydroelectric_1_inlet,67,0.0
NYUP_conventional_hydroelectric_1_inlet,68,0.0
NYUP_conventional_hydroelectric_1_inlet,69,0.0
NYUP_conventional_hydroelectric_1_inlet,70,0.0
NYUP_conventional_hydroelectric_1_inlet,71,7.906142562670089
NYUP_conventional_hydroelectric_1_inlet,72,15.62509005145633
NYUP_conventional_hydroelectric_1_inlet,73,12.28412605371909
NYUP_conventional_hydroelectric_1_inlet,74,12.28412605371909
NYUP_conventional_hydroelectric_1_inlet,75,12.28412605371909
NYUP_conventional_hydroelectric_1_inlet,76,12.28412605371909
NYUP_conventional_hydroelectric_1_inlet,77,12.28412605371909
NYUP_conventional_hydroelectric_1_inlet,78,11.434199330201253
NYUP_conventional_hydroelectric_1_inlet,79,12.28412605371909
NYUP_conventional_hydroelectric_1_inlet,80,15.62509005145633
NYUP_conventional_hydroelectric_1_inlet,81,15.62509005145633
NYUP_conventional_hydroelectric_1_inlet,82,15.62509005145633
NYUP_conventional_hydroelectric_1_inlet,83,15.62509005145633
NYUP_conventional_hydroelectric_1_inlet,84,15.62509005145633
NYUP_conventional_hydroelectric_1_inlet,85,15.62509005145633
NYUP_conventional_hydroelectric_1_inlet,86,15.62509005145633
NYUP_conventional_hydroelectric_1_inlet,87,11.686041304865402
NYUP_conventional_hydroelectric_1_inlet,88,13.70345123119736
NYUP_conventional_hydroelectric_1_inlet,89,6.719923458243532
NYUP_conventional_hydroelectric_1_inlet,90,3.1592738694935805
NYUP_conventional_hydroelectric_1_inlet,91,1.758328606856593
NYUP_conventional_hydroelectric_1_inlet,92,0.0
NYUP_conventional_hydroelectric_1_inlet,93,0.611658372330413
NYUP_conventional_hydroelectric_1_inlet,94,2.918858234931036
NYUP_conventional_hydroelectric_1_inlet,95,11.41587790431354
NYUP_conventional_hydroelectric_1_inlet,96,12.28412605371909
NYUP_conventional_hydroelectric_1_inlet,97,15.62509005145633
NYUP_conventional_hydroelectric_1_inlet,98,15.62509005145633
NYUP_conventional_hydroelectric_1_inlet,99,8.943162055981851
NYUP_conventional_hydroelectric_1_inlet,100,8.943162055981851
NYUP_conventional_hydroelectric_1_inlet,101,8.943162055981851
NYUP_conventional_hydroelectric_1_inlet,102,8.093235332464015
NYUP_conventional_hydroelectric_1_inlet,103,15.62509005145633
NYUP_conventional_hydroelectric_1_inlet,104,12.28412605371909
NYUP_conventional_hydroelectric_1_inlet,105,12.28412605371909
NYUP_conventional_hydroelectric_1_inlet,106,12.28412605371909
NYUP_conventional_hydroelectric_1_inlet,107,12.28412605371909
NYUP_conventional_hydroelectric_1_inlet,108,12.28412605371909
NYUP_conventional_hydroelectric_1_inlet,109,12.28412605371909
NYUP_conventional_hydroelectric_1_inlet,110,12.28412605371909
NYUP_conventional_hydroelectric_1_inlet,111,15.62509005145633
NYUP_conventional_hydroelectric_1_inlet,112,10.362487233460122
NYUP_conventional_hydroelectric_1_inlet,113,10.372784748378432
NYUP_conventional_hydroelectric_1_inlet,114,6.435637571174858
NYUP_conventional_hydroelectric_1_inlet,115,4.0565565738325216
NYUP_conventional_hydroelectric_1_inlet,116,1.028551801563694
NYUP_conventional_hydroelectric_1_inlet,117,1.6259367786276702
NYUP_conventional_hydroelectric_1_inlet,118,5.3619729500894024
NYUP_conventional_hydroelectric_1_inlet,119,15.62509005145633
NYUP_conventional_hydroelectric_1_inlet,120,15.62509005145633
NYUP_conventional_hydroelectric_1_inlet,121,12.357157162907052
NYUP_conventional_hydroelectric_1_inlet,122,12.357563265525126
NYUP_conventional_hydroelectric_1_inlet,123,5.67579491926477
NYUP_conventional_hydroelectric_1_inlet,124,5.676201021882842
NYUP_conventional_hydroelectric_1_inlet,125,5.67581903309385
NYUP_conventional_hydroelectric_1_inlet,126,4.826023173256345
NYUP_conventional_hydroelectric_1_inlet,127,12.35828399486673
NYUP_conventional_hydroelectric_1_inlet,128,15.62509005145633
NYUP_conventional_hydroelectric_1_inlet,129,15.62509005145633
NYUP_conventional_hydroelectric_1_inlet,130,15.62509005145633
NYUP_conventional_hydroelectric_1_inlet,131,15.62509005145633
NYUP_conventional_hydroelectric_1_inlet,132,15.62509005145633
NYUP_conventional_hydroelectric_1_inlet,133,15.62509005145633
NYUP_conventional_hydroelectric_1_inlet,134,15.62509005145633
NYUP_conventional_hydroelectric_1_inlet,135,15.62509005145633
NYUP_conventional_hydroelectric_1_inlet,136,15.62509005145633
NYUP_conventional_hydroelectric_1_inlet,137,14.830489061712356
NYUP_conventional_hydroelectric_1_inlet,138,11.003224617818564
NYUP_conventional_hydroelectric_1_inlet,139,8.140021727285246
NYUP_conventional_hydroelectric_1_inlet,140,5.467675838265509
NYUP_conventional_hydroelectric_1_inlet,141,6.205782707930868
NYUP_conventional_hydroelectric_1_inlet,142,10.882187731858057
NYUP_conventional_hydroelectric_1_inlet,143,12.362393052885682
NYUP_conventional_hydroelectric_1_inlet,144,12.362799155503756
NYUP_conventional_hydroelectric_1_inlet,145,15.62509005145633
NYUP_conventional_hydroelectric_1_inlet,146,15.62509005145633
NYUP_conventional_hydroelectric_1_inlet,147,15.423512343549598
NYUP_conventional_hydroelectric_1_inlet,148,11.257530333097742
NYUP_conventional_hydroelectric_1_inlet,149,7.787722159233502
NYUP_conventional_hydroelectric_1_inlet,150,7.236699426510294
NYUP_conventional_hydroelectric_1_inlet,151,15.62509005145633
NYUP_conventional_hydroelectric_1_inlet,152,12.371760995741157
NYUP_conventional_hydroelectric_1_inlet,153,12.371760995741157
NYUP_conventional_hydroelectric_1_inlet,154,12.371760995741157
NYUP_conventional_hydroelectric_1_inlet,155,12.371760995741157
NYUP_conventional_hydroelectric_1_inlet,156,12.371760995741157
NYUP_conventional_hydroelectric_1_inlet,157,12.371760995741157
NYUP_conventional_hydroelectric_1_inlet,158,12.371760995741157
NYUP_conventional_hydroelectric_1_inlet,159,12.371760995741157
NYUP_conventional_hydroelectric_1_inlet,160,15.62509005145633
NYUP_conventional_hydroelectric_1_inlet,161,11.577160005997186
NYUP_conventional_hydroelectric_1_inlet,162,15.62509005145633
NYUP_conventional_hydroelectric_1_inlet,163,15.201695524751413
NYUP_conventional_hydroelectric_1_inlet,164,12.457859755595699
NYUP_conventional_hydroelectric_1_inlet,165,12.84374559980819
NYUP_conventional_hydroelectric_1_inlet,166,15.62509005145633
NYUP_conventional_hydroelectric_1_inlet,167,15.62509005145633
NYUP_conventional_hydroelectric_1_inlet,168,15.62509005145633
NYUP_conventional_hydroelectric_1_inlet,169,11.369882366530529
NYUP_conventional_hydroelectric_1_inlet,170,11.36540278917725
NYUP_conventional_hydroelectric_1_inlet,171,11.983522384636148
NYUP_conventional_hydroelectric_1_inlet,172,11.38867998540422
NYUP_conventional_hydroelectric_1_inlet,173,7.229120214278133
NYUP_conventional_hydroelectric_1_inlet,174,5.239559898875289
NYUP_conventional_hydroelectric_1_inlet,175,11.344723502282838
NYUP_conventional_hydroelectric_1_inlet,176,15.62509005145633
NYUP_conventional_hydroelectric_1_inlet,177,15.62509005145633
NYUP_conventional_hydroelectric_1_inlet,178,15.62509005145633
NYUP_conventional_hydroelectric_1_inlet,179,15.62509005145633
NYUP_conventional_hydroelectric_1_inlet,180,15.62509005145633
NYUP_conventional_hydroelectric_1_inlet,181,15.62509005145633
NYUP_conventional_hydroelectric_1_inlet,182,15.62509005145633
NYUP_conventional_hydroelectric_1_inlet,183,15.62509005145633
NYUP_conventional_hydroelectric_1_inlet,184,11.306781175502477
NYUP_conventional_hydroelectric_1_inlet,185,15.163058616027312
NYUP_conventional_hydroelectric_1_inlet,186,15.62509005145633
NYUP_conventional_hydroelectric_1_inlet,187,15.62509005145633
NYUP_conventional_hydroelectric_1_inlet,188,14.17508964351165
NYUP_conventional_hydroelectric_1_inlet,189,13.301063599742367
NYUP_conventional_hydroelectric_1_inlet,190,15.62509005145633
NYUP_conventional_hydroelectric_1_inlet,191,15.62509005145633
NYUP_conventional_hydroelectric_1_inlet,192,11.273747663422764
NYUP_conventional_hydroelectric_1_inlet,193,15.62509005145633
NYUP_conventional_hydroelectric_1_inlet,194,15.501908221043989
NYUP_conventional_hydroelectric_1_inlet,195,12.15285129798098
NYUP_conventional_hydroelectric_1_inlet,196,12.301552378102723
NYUP_conventional_hydroelectric_1_inlet,197,9.056084643390703
NYUP_conventional_hydroelectric_1_inlet,198,13.465176820259764
NYUP_conventional_hydroelectric_1_inlet,199,15.62509005145633
NYUP_conventional_hydroelectric_1_inlet,200,10.849660492840805
NYUP_conventional_hydroelectric_1_inlet,201,10.849660492840805
NYUP_conventional_hydroelectric_1_inlet,202,15.62509005145633
NYUP_conventional_hydroelectric_1_inlet,203,15.62509005145633
NYUP_conventional_hydroelectric_1_inlet,204,15.62509005145633
NYUP_conventional_hydroelectric_1_inlet,205,15.62509005145633
NYUP_conventional_hydroelectric_1_inlet,206,15.62509005145633
NYUP_conventional_hydroelectric_1_inlet,207,15.62509005145633
NYUP_conventional_hydroelectric_1_inlet,208,15.62509005145633
NYUP_conventional_hydroelectric_1_inlet,209,15.62509005145633
NYUP_conventional_hydroelectric_1_inlet,210,15.62509005145633
NYUP_conventional_hydroelectric_1_inlet,211,15.62509005145633
NYUP_conventional_hydroelectric_1_inlet,212,15.62509005145633
NYUP_conventional_hydroelectric_1_inlet,213,15.62509005145633
NYUP_conventional_hydroelectric_1_inlet,214,15.62509005145633
NYUP_conventional_hydroelectric_1_inlet,215,15.62509005145633
NYUP_conventional_hydroelectric_1_inlet,216,15.62509005145633
NYUP_conventional_hydroelectric_1_inlet,217,15.62509005145633
NYUP_conventional_hydroelectric_1_inlet,218,11.511254505675293
NYUP_conventional_hydroelectric_1_inlet,219,14.888009898497035
NYUP_conventional_hydroelectric_1_inlet,220,15.62509005145633
NYUP_conventional_hydroelectric_1_inlet,221,15.62509005145633
NYUP_conventional_hydroelectric_1_inlet,222,15.62509005145633
NYUP_conventional_hydroelectric_1_inlet,223,10.497611904003856
NYUP_conventional_hydroelectric_1_inlet,224,15.62509005145633
NYUP_conventional_hydroelectric_1_inlet,225,15.62509005145633
NYUP_conventional_hydroelectric_1_inlet,226,15.62509005145633
NYUP_conventional_hydroelectric_1_inlet,227,15.62509005145633
NYUP_conventional_hydroelectric_1_inlet,228,15.62509005145633
NYUP_conventional_hydroelectric_1_inlet,229,15.62509005145633
NYUP_conventional_hydroelectric_1_inlet,230,15.62509005145633
NYUP_conventional_hydroelectric_1_inlet,231,15.62509005145633
NYUP_conventional_hydroelectric_1_inlet,232,15.62509005145633
NYUP_conventional_hydroelectric_1_inlet,233,15.62509005145633
NYUP_conventional_hydroelectric_1_inlet,234,15.62509005145633
NYUP_conventional_hydroelectric_1_inlet,235,15.62509005145633
NYUP_conventional_hydroelectric_1_inlet,236,15.62509005145633
NYUP_conventional_hydroelectric_1_inlet,237,15.62509005145633
NYUP_conventional_hydroelectric_1_inlet,238,15.62509005145633
NYUP_conventional_hydroelectric_1_inlet,239,15.62509005145633
NYUP_conventional_hydroelectric_1_inlet,240,15.62509005145633
NYUP_conventional_hydroelectric_1_inlet,241,10.31649478007302
NYUP_conventional_hydroelectric_1_inlet,242,15.62509005145633
NYUP_conventional_hydroelectric_1_inlet,243,15.62509005145633
NYUP_conventional_hydroelectric_1_inlet,244,15.62509005145633
NYUP_conventional_hydroelectric_1_inlet,245,10.311451213267173
NYUP_conventional_hydroelectric_1_inlet,246,12.852029333650155
NYUP_conventional_hydroelectric_1_inlet,247,15.62509005145633
NYUP_conventional_hydroelectric_1_inlet,248,10.307667272326627
NYUP_conventional_hydroelectric_1_inlet,249,10.306515375412356
NYUP_conventional_hydroelectric_1_inlet,250,12.722815193733002
NYUP_conventional_hydroelectric_1_inlet,251,10.863512407757392
NYUP_conventional_hydroelectric_1_inlet,252,11.165898658304961
NYUP_conventional_hydroelectric_1_inlet,253,10.301358288979579
NYUP_conventional_hydroelectric_1_inlet,254,10.300217833545696
NYUP_conventional_hydroelectric_1_inlet,255,10.299094722165213
NYUP_conventional_hydroelectric_1_inlet,256,11.845711226484626
NYUP_conventional_hydroelectric_1_inlet,257,12.317030719301917
NYUP_conventional_hydroelectric_1_inlet,258,11.503435273414945
NYUP_conventional_hydroelectric_1_inlet,259,12.319664538900295
NYUP_conventional_hydroelectric_1_inlet,260,11.834878782019649
NYUP_conventional_hydroelectric_1_inlet,261,12.4670680563552
NYUP_conventional_hydroelectric_1_inlet,262,10.289980534000687
NYUP_conventional_hydroelectric_1_inlet,263,14.303889127249839
NYUP_conventional_hydroelectric_1_inlet,264,14.851958506233826
NYUP_conventional_hydroelectric_1_inlet,265,15.62509005145633
NYUP_conventional_hydroelectric_1_inlet,266,15.62509005145633
NYUP_conventional_hydroelectric_1_inlet,267,15.62509005145633
NYUP_conventional_hydroelectric_1_inlet,268,13.774792511578323
NYUP_conventional_hydroelectric_1_inlet,269,15.62509005145633
NYUP_conventional_hydroelectric_1_inlet,270,15.62509005145633
NYUP_conventional_hydroelectric_1_inlet,271,15.62509005145633
NYUP_conventional_hydroelectric_1_inlet,272,15.62509005145633
NYUP_conventional_hydroelectric_1_inlet,273,15.62509005145633
NYUP_conventional_hydroelectric_1_inlet,274,15.62509005145633
NYUP_conventional_hydroelectric_1_inlet,275,15.62509005145633
NYUP_conventional_hydroelectric_1_inlet,276,15.62509005145633
NYUP_conventional_hydroelectric_1_inlet,277,15.62509005145633
NYUP_conventional_hydroelectric_1_inlet,278,15.62509005145633
NYUP_conventional_hydroelectric_1_inlet,279,15.62509005145633
NYUP_conventional_hydroelectric_1_inlet,280,15.62509005145633
NYUP_conventional_hydroelectric_1_inlet,281,15.62509005145633
NYUP_conventional_hydroelectric_1_inlet,282,15.62509005145633
NYUP_conventional_hydroelectric_1_inlet,283,15.62509005145633
NYUP_conventional_hydroelectric_1_inlet,284,15.62509005145633
NYUP_conventional_hydroelectric_1_inlet,285,15.62509005145633
NYUP_conventional_hydroelectric_1_inlet,286,15.62509005145633
NYUP_conventional_hydroelectric_1_inlet,287,15.62509005145633
NYUP_conventional_hydroelectric_1_inlet,288,15.62509005145633
NYUP_conventional_hydroelectric_1_inlet,289,15.62509005145633
NYUP_conventional_hydroelectric_1_inlet,290,15.62509005145633
NYUP_conventional_hydroelectric_1_inlet,291,15.62509005145633
NYUP_conventional_hydroelectric_1_inlet,292,15.62509005145633
NYUP_conventional_hydroelectric_1_inlet,293,15.62509005145633
NYUP_conventional_hydroelectric_1_inlet,294,15.62509005145633
NYUP_conventional_hydroelectric_1_inlet,295,9.795334397274406
NYUP_conventional_hydroelectric_1_inlet,296,15.62509005145633
NYUP_conventional_hydroelectric_1_inlet,297,15.62509005145633
NYUP_conventional_hydroelectric_1_inlet,298,13.82042553308823
NYUP_conventional_hydroelectric_1_inlet,299,13.051366922597877
NYUP_conventional_hydroelectric_1_inlet,300,15.501456561874793
NYUP_conventional_hydroelectric_1_inlet,301,14.629236906222134
NYUP_conventional_hydroelectric_1_inlet,302,13.19408931545544
NYUP_conventional_hydroelectric_1_inlet,303,11.549752540464532
NYUP_conventional_hydroelectric_1_inlet,304,15.357822888859717
NYUP_conventional_hydroelectric_1_inlet,305,14.757242480528546
NYUP_conventional_hydroelectric_1_inlet,306,13.525742236506865
NYUP_conventional_hydroelectric_1_inlet,307,13.855768242383478
NYUP_conventional_hydroelectric_1_inlet,308,14.220416700039772
NYUP_conventional_hydroelectric_1_inlet,309,11.829590816093042
NYUP_conventional_hydroelectric_1_inlet,310,13.316367996997277
NYUP_conventional_hydroelectric_1_inlet,311,12.184474464316422
NYUP_conventional_hydroelectric_1_inlet,312,12.066034159996965
NYUP_conventional_hydroelectric_1_inlet,313,9.510033530744275
NYUP_conventional_hydroelectric_1_inlet,314,9.510033530744275
NYUP_conventional_hydroelectric_1_inlet,315,9.510033530744275
NYUP_conventional_hydroelectric_1_inlet,316,9.510033530744275
NYUP_conventional_hydroelectric_1_inlet,317,9.510033530744275
NYUP_conventional_hydroelectric_1_inlet,318,9.510033530744275
NYUP_conventional_hydroelectric_1_inlet,319,15.354163342321423
NYUP_conventional_hydroelectric_1_inlet,320,9.510033530744275
NYUP_conventional_hydroelectric_1_inlet,321,14.889624764496508
NYUP_conventional_hydroelectric_1_inlet,322,12.050723890905749
NYUP_conventional_hydroelectric_1_inlet,323,10.049136408977862
NYUP_conventional_hydroelectric_1_inlet,324,11.386166865226137
NYUP_conventional_hydroelectric_1_inlet,325,11.307319291936722
NYUP_conventional_hydroelectric_1_inlet,326,12.338878219078344
NYUP_conventional_hydroelectric_1_inlet,327,9.300355033498358
NYUP_conventional_hydroelectric_1_inlet,328,12.423842145553191
NYUP_conventional_hydroelectric_1_inlet,329,9.82062146414185
NYUP_conventional_hydroelectric_1_inlet,330,13.80720487960988
NYUP_conventional_hydroelectric_1_inlet,331,15.033425562617857
NYUP_conventional_hydroelectric_1_inlet,332,9.521072533622474
NYUP_conventional_hydroelectric_1_inlet,333,10.54732125398554
NYUP_conventional_hydroelectric_1_inlet,334,12.630988743713875
NYUP_conventional_hydroelectric_1_inlet,335,11.52054204111063
NYUP_conventional_hydroelectric_1_inlet,336,9.652545223703477
NYUP_conventional_hydroelectric_1_inlet,337,8.503939893032852
NYUP_conventional_hydroelectric_1_inlet,338,10.152990696520208
NYUP_conventional_hydroelectric_1_inlet,339,13.946358392984678
NYUP_conventional_hydroelectric_1_inlet,340,15.62509005145633
NYUP_conventional_hydroelectric_1_inlet,341,15.62509005145633
NYUP_conventional_hydroelectric_1_inlet,342,15.093945891739693
NYUP_conventional_hydroelectric_1_inlet,343,9.194500378001456
NYUP_conventional_hydroelectric_1_inlet,344,9.1287119171598
NYUP_conventional_hydroelectric_1_inlet,345,8.729244791414134
NYUP_conventional_hydroelectric_1_inlet,346,5.890068678885632
NYUP_conventional_hydroelectric_1_inlet,347,6.2087717323817975
NYUP_conventional_hydroelectric_1_inlet,348,6.257366716800545
NYUP_conventional_hydroelectric_1_inlet,349,6.257366716800545
NYUP_conventional_hydroelectric_1_inlet,350,6.175548665921082
NYUP_conventional_hydroelectric_1_inlet,351,4.520070240997838
NYUP_conventional_hydroelectric_1_inlet,352,6.25936069548166
NYUP_conventional_hydroelectric_1_inlet,353,6.2600410579376895
NYUP_conventional_hydroelectric_1_inlet,354,7.641875557095612
NYUP_conventional_hydroelectric_1_inlet,355,8.86727150239014
NYUP_conventional_hydroelectric_1_inlet,356,8.862341504724986
NYUP_conventional_hydroelectric_1_inlet,357,6.262017692565405
NYUP_conventional_hydroelectric_1_inlet,358,10.815815173736182
NYUP_conventional_hydroelectric_1_inlet,359,6.263140803945887
NYUP_conventional_hydroelectric_1_inlet,360,5.57072426229296
NYUP_conventional_hydroelectric_1_inlet,361,9.644624935018694
NYUP_conventional_hydroelectric_1_inlet,362,13.698646263875697
NYUP_conventional_hydroelectric_1_inlet,363,15.62509005145633
NYUP_conventional_hydroelectric_1_inlet,364,9.37252447635395
NYUP_conventional_hydroelectric_1_inlet,365,9.372212591109827
NYUP_conventional_hydroelectric_1_inlet,366,8.84038806893716
NYUP_conventional_hydroelectric_1_inlet,367,15.62509005145633
NYUP_conventional_hydroelectric_1_inlet,368,10.117120228335395
NYUP_conventional_hydroelectric_1_inlet,369,7.061177751989067
NYUP_conventional_hydroelectric_1_inlet,370,2.26891166045248
NYUP_conventional_hydroelectric_1_inlet,371,0.5823951029961607
NYUP_conventional_hydroelectric_1_inlet,372,0.0
NYUP_conventional_hydroelectric_1_inlet,373,0.0
NYUP_conventional_hydroelectric_1_inlet,374,0.0
NYUP_conventional_hydroelectric_1_inlet,375,0.0
NYUP_conventional_hydroelectric_1_inlet,376,0.0
NYUP_conventional_hydroelectric_1_inlet,377,0.0
NYUP_conventional_hydroelectric_1_inlet,378,4.13236146969866
NYUP_conventional_hydroelectric_1_inlet,379,4.649495767067959
NYUP_conventional_hydroelectric_1_inlet,380,2.6010329601494
NYUP_conventional_hydroelectric_1_inlet,381,0.0
NYUP_conventional_hydroelectric_1_inlet,382,4.553117118714748
NYUP_conventional_hydroelectric_1_inlet,383,0.0
NYUP_conventional_hydroelectric_1_inlet,384,0.0
NYUP_conventional_hydroelectric_1_inlet,385,15.617119228050772
NYUP_conventional_hydroelectric_1_inlet,386,15.617967100493507
NYUP_conventional_hydroelectric_1_inlet,387,9.213741541754672
NYUP_conventional_hydroelectric_1_inlet,388,15.62509005145633
NYUP_conventional_hydroelectric_1_inlet,389,15.62509005145633
NYUP_conventional_hydroelectric_1_inlet,390,15.428803278640903
NYUP_conventional_hydroelectric_1_inlet,391,11.373582248250802
NYUP_conventional_hydroelectric_1_inlet,392,15.620758793733897
NYUP_conventional_hydroelectric_1_inlet,393,13.058438290841256
NYUP_conventional_hydroelectric_1_inlet,394,6.487618536939207
NYUP_conventional_hydroelectric_1_inlet,395,5.669159750212593
NYUP_conventional_hydroelectric_1_inlet,396,6.280280863251108
NYUP_conventional_hydroelectric_1_inlet,397,5.525128848568528
NYUP_conventional_hydroelectric_1_inlet,398,6.489986783508123
NYUP_conventional_hydroelectric_1_inlet,399,4.5073748044752175
NYUP_conventional_hydroelectric_1_inlet,400,4.198501699198076
NYUP_conventional_hydroelectric_1_inlet,401,4.458082636515011
NYUP_conventional_hydroelectric_1_inlet,402,6.266382654063212
NYUP_conventional_hydroelectric_1_inlet,403,5.052493575414821
NYUP_conventional_hydroelectric_1_inlet,404,4.220250668893264
NYUP_conventional_hydroelectric_1_inlet,405,2.2766913413952707
NYUP_conventional_hydroelectric_1_inlet,406,6.493626349191252
NYUP_conventional_hydroelectric_1_inlet,407,3.7474537546495137
NYUP_conventional_hydroelectric_1_inlet,408,2.1299560923189085
NYUP_conventional_hydroelectric_1_inlet,409,9.134016914771216
NYUP_conventional_hydroelectric_1_inlet,410,9.134016914771216
NYUP_conventional_hydroelectric_1_inlet,411,11.058787325774142
NYUP_conventional_hydroelectric_1_inlet,412,9.140299854063887
NYUP_conventional_hydroelectric_1_inlet,413,9.140299854063887
NYUP_conventional_hydroelectric_1_inlet,414,8.94288996986798
NYUP_conventional_hydroelectric_1_inlet,415,10.758324401120381
NYUP_conventional_hydroelectric_1_inlet,416,9.134016914771216
NYUP_conventional_hydroelectric_1_inlet,417,6.570987263888756
NYUP_conventional_hydroelectric_1_inlet,418,0.0
NYUP_conventional_hydroelectric_1_inlet,419,0.0
NYUP_conventional_hydroelectric_1_inlet,420,0.0
NYUP_conventional_hydroelectric_1_inlet,421,0.0
NYUP_conventional_hydroelectric_1_inlet,422,0.0
NYUP_conventional_hydroelectric_1_inlet,423,0.0
NYUP_conventional_hydroelectric_1_inlet,424,0.0
NYUP_conventional_hydroelectric_1_inlet,425,0.0
NYUP_conventional_hydroelectric_1_inlet,426,0.0
NYUP_conventional_hydroelectric_1_inlet,427,0.0
NYUP_conventional_hydroelectric_1_inlet,428,0.0
NYUP_conventional_hydroelectric_1_inlet,429,0.0
NYUP_conventional_hydroelectric_1_inlet,430,0.0
NYUP_conventional_hydroelectric_1_inlet,431,0.0
NYUP_conventional_hydroelectric_1_inlet,432,0.0
NYUP_conventional_hydroelectric_1_inlet,433,15.62509005145633
NYUP_conventional_hydroelectric_1_inlet,434,15.62509005145633
NYUP_conventional_hydroelectric_1_inlet,435,15.62509005145633
NYUP_conventional_hydroelectric_1_inlet,436,15.62509005145633
NYUP_conventional_hydroelectric_1_inlet,437,15.62509005145633
NYUP_conventional_hydroelectric_1_inlet,438,9.879992462260079
NYUP_conventional_hydroelectric_1_inlet,439,15.62509005145633
NYUP_conventional_hydroelectric_1_inlet,440,15.62509005145633
NYUP_conventional_hydroelectric_1_inlet,441,13.062060400573866
NYUP_conventional_hydroelectric_1_inlet,442,6.491073136685111
NYUP_conventional_hydroelectric_1_inlet,443,6.491073136685111
NYUP_conventional_hydroelectric_1_inlet,444,3.445060244875104
NYUP_conventional_hydroelectric_1_inlet,445,3.7042465061083063
NYUP_conventional_hydroelectric_1_inlet,446,3.7646876681307084
NYUP_conventional_hydroelectric_1_inlet,447,2.2043192899645083
NYUP_conventional_hydroelectric_1_inlet,448,1.7767217914362443
NYUP_conventional_hydroelectric_1_inlet,449,4.099239576512808
NYUP_conventional_hydroelectric_1_inlet,450,2.6387983761230744
NYUP_conventional_hydroelectric_1_inlet,451,6.491073136685111
NYUP_conventional_hydroelectric_1_inlet,452,6.491073136685111
NYUP_conventional_hydroelectric_1_inlet,453,6.30928921268959
NYUP_conventional_hydroelectric_1_inlet,454,5.629222887063239
NYUP_conventional_hydroelectric_1_inlet,455,4.827805302767942
NYUP_conventional_hydroelectric_1_inlet,456,6.491073136685111
NYUP_conventional_hydroelectric_1_inlet,457,15.62509005145633
NYUP_conventional_hydroelectric_1_inlet,458,15.62509005145633
NYUP_conventional_hydroelectric_1_inlet,459,9.742107588761451
NYUP_conventional_hydroelectric_1_inlet,460,11.255405600738866
NYUP_conventional_hydroelectric_1_inlet,461,10.343989110833968
NYUP_conventional_hydroelectric_1_inlet,462,15.62509005145633
NYUP_conventional_hydroelectric_1_inlet,463,8.832019319672924
NYUP_conventional_hydroelectric_1_inlet,464,15.62509005145633
NYUP_conventional_hydroelectric_1_inlet,465,15.62509005145633
NYUP_conventional_hydroelectric_1_inlet,466,7.9322068548716
NYUP_conventional_hydroelectric_1_inlet,467,7.826152211665925
NYUP_conventional_hydroelectric_1_inlet,468,4.100180262218681
NYUP_conventional_hydroelectric_1_inlet,469,4.070669587772786
NYUP_conventional_hydroelectric_1_inlet,470,3.6286191265245455
NYUP_conventional_hydroelectric_1_inlet,471,0.0
NYUP_conventional_hydroelectric_1_inlet,472,0.0
NYUP_conventional_hydroelectric_1_inlet,473,3.4829732296895974
NYUP_conventional_hydroelectric_1_inlet,474,4.891740570193868
NYUP_conventional_hydroelectric_1_inlet,475,10.204255772907208
NYUP_conventional_hydroelectric_1_inlet,476,9.492671993419581
NYUP_conventional_hydroelectric_1_inlet,477,7.093689291535419
NYUP_conventional_hydroelectric_1_inlet,478,5.391187949099663
NYUP_conventional_hydroelectric_1_inlet,479,5.409417895542838
NYUP_conventional_hydroelectric_1_inlet,480,12.682450038338137
NYUP_conventional_hydroelectric_1_inlet,481,8.756461629493074
NYUP_conventional_hydroelectric_1_inlet,482,11.329570402338119
NYUP_conventional_hydroelectric_1_inlet,483,15.62509005145633
NYUP_conventional_hydroelectric_1_inlet,484,15.62509005145633
NYUP_conventional_hydroelectric_1_inlet,485,15.62509005145633
NYUP_conventional_hydroelectric_1_inlet,486,10.951097630647128
NYUP_conventional_hydroelectric_1_inlet,487,14.96443737770967
NYUP_conventional_hydroelectric_1_inlet,488,8.756461629493074
NYUP_conventional_hydroelectric_1_inlet,489,15.337708862941959
NYUP_conventional_hydroelectric_1_inlet,490,11.816173102361534
NYUP_conventional_hydroelectric_1_inlet,491,9.69908236891605
NYUP_conventional_hydroelectric_1_inlet,492,7.022022479722932
NYUP_conventional_hydroelectric_1_inlet,493,6.633424648752389
NYUP_conventional_hydroelectric_1_inlet,494,6.919527780673174
NYUP_conventional_hydroelectric_1_inlet,495,3.1818900046166667
NYUP_conventional_hydroelectric_1_inlet,496,2.2406683277733928
NYUP_conventional_hydroelectric_1_inlet,497,3.936462247086836
NYUP_conventional_hydroelectric_1_inlet,498,10.027842942936354
NYUP_conventional_hydroelectric_1_inlet,499,15.62509005145633
NYUP_conventional_hydroelectric_1_inlet,500,15.62509005145633
NYUP_conventional_hydroelectric_1_inlet,501,13.011016274933626
NYUP_conventional_hydroelectric_1_inlet,502,11.52360600713641
NYUP_conventional_hydroelectric_1_inlet,503,10.882232350564337
NYUP_conventional_hydroelectric_1_inlet,504,15.62509005145633
NYUP_conventional_hydroelectric_1_inlet,505,13.496888762302358
NYUP_conventional_hydroelectric_1_inlet,506,13.498399653147725
NYUP_conventional_hydroelectric_1_inlet,507,10.518090755184382
NYUP_conventional_hydroelectric_1_inlet,508,10.518090755184382
NYUP_conventional_hydroelectric_1_inlet,509,10.518090755184382
NYUP_conventional_hydroelectric_1_inlet,510,13.50334396720928
NYUP_conventional_hydroelectric_1_inlet,511,9.857438081437722
NYUP_conventional_hydroelectric_1_inlet,512,13.703043535812858
NYUP_conventional_hydroelectric_1_inlet,513,10.23070956667001
NYUP_conventional_hydroelectric_1_inlet,514,6.709173806089587
NYUP_conventional_hydroelectric_1_inlet,515,14.036102400965511
NYUP_conventional_hydroelectric_1_inlet,516,11.555697449090378
NYUP_conventional_hydroelectric_1_inlet,517,11.108046637542868
NYUP_conventional_hydroelectric_1_inlet,518,10.4361491793929
NYUP_conventional_hydroelectric_1_inlet,519,5.578627550632405
NYUP_conventional_hydroelectric_1_inlet,520,3.1557739214160234
NYUP_conventional_hydroelectric_1_inlet,521,3.6475268316148917
NYUP_conventional_hydroelectric_1_inlet,522,9.831427705033194
NYUP_conventional_hydroelectric_1_inlet,523,15.62509005145633
NYUP_conventional_hydroelectric_1_inlet,524,15.62509005145633
NYUP_conventional_hydroelectric_1_inlet,525,13.797909720960561
NYUP_conventional_hydroelectric_1_inlet,526,10.289787836004242
NYUP_conventional_hydroelectric_1_inlet,527,10.855524235564873
NYUP_conventional_hydroelectric_1_inlet,528,10.518090755184382
NYUP_conventional_hydroelectric_1_inlet,529,8.208583627608872
NYUP_conventional_hydroelectric_1_inlet,530,8.208583627608872
NYUP_conventional_hydroelectric_1_inlet,531,13.246062139203877
NYUP_conventional_hydroelectric_1_inlet,532,13.240625002257252
NYUP_conventional_hydroelectric_1_inlet,533,13.235444781095177
NYUP_conventional_hydroelectric_1_inlet,534,8.208583627608872
NYUP_conventional_hydroelectric_1_inlet,535,14.602776042484875
NYUP_conventional_hydroelectric_1_inlet,536,15.62509005145633
NYUP_conventional_hydroelectric_1_inlet,537,14.67646971724421
NYUP_conventional_hydroelectric_1_inlet,538,12.454414058071839
NYUP_conventional_hydroelectric_1_inlet,539,8.734881205653684
NYUP_conventional_hydroelectric_1_inlet,540,15.426780994324712
NYUP_conventional_hydroelectric_1_inlet,541,15.41840988683637
NYUP_conventional_hydroelectric_1_inlet,542,15.62509005145633
NYUP_conventional_hydroelectric_1_inlet,543,9.44349828470214
NYUP_conventional_hydroelectric_1_inlet,544,5.248383481862975
NYUP_conventional_hydroelectric_1_inlet,545,3.3794451816557203
NYUP_conventional_hydroelectric_1_inlet,546,7.449218884218062
NYUP_conventional_hydroelectric_1_inlet,547,12.232950046471677
NYUP_conventional_hydroelectric_1_inlet,548,11.134149217036232
NYUP_conventional_hydroelectric_1_inlet,549,9.727477140899458
NYUP_conventional_hydroelectric_1_inlet,550,7.666486279693087
NYUP_conventional_hydroelectric_1_inlet,551,9.520407612595818
NYUP_conventional_hydroelectric_1_inlet,552,11.238349091258128
NYUP_conventional_hydroelectric_1_inlet,553,15.62509005145633
NYUP_conventional_hydroelectric_1_inlet,554,15.62509005145633
NYUP_conventional_hydroelectric_1_inlet,555,7.6615220830513335
NYUP_conventional_hydroelectric_1_inlet,556,7.6560849461047065
NYUP_conventional_hydroelectric_1_inlet,557,7.650904724942634
NYUP_conventional_hydroelectric_1_inlet,558,15.62509005145633
NYUP_conventional_hydroelectric_1_inlet,559,9.018235986332328
NYUP_conventional_hydroelectric_1_inlet,560,10.040549995303783
NYUP_conventional_hydroelectric_1_inlet,561,9.091929661091665
NYUP_conventional_hydroelectric_1_inlet,562,6.869874001919295
NYUP_conventional_hydroelectric_1_inlet,563,9.288112557906588
NYUP_conventional_hydroelectric_1_inlet,564,9.84224093817217
NYUP_conventional_hydroelectric_1_inlet,565,9.833869830683826
NYUP_conventional_hydroelectric_1_inlet,566,10.040549995303783
NYUP_conventional_hydroelectric_1_inlet,567,8.214005357801001
NYUP_conventional_hydroelectric_1_inlet,568,8.155014612631222
NYUP_conventional_hydroelectric_1_inlet,569,3.1503062597958187
NYUP_conventional_hydroelectric_1_inlet,570,8.409734902707264
NYUP_conventional_hydroelectric_1_inlet,571,11.815182812017314
NYUP_conventional_hydroelectric_1_inlet,572,11.62986608149613
NYUP_conventional_hydroelectric_1_inlet,573,9.227993669431807
NYUP_conventional_hydroelectric_1_inlet,574,7.2820905935258615
NYUP_conventional_hydroelectric_1_inlet,575,9.495984851910851
NYUP_conventional_hydroelectric_1_inlet,576,10.361136193998863
PJMC_conventional_hydroelectric_1_inlet,1,0.03409641108000001
PJMC_conventional_hydroelectric_1_inlet,2,0.034100524454400004
PJMC_conventional_hydroelectric_1_inlet,3,0.03410463782880001
PJMC_conventional_hydroelectric_1_inlet,4,0.034108751203200005
PJMC_conventional_hydroelectric_1_inlet,5,0.034108751203200005
PJMC_conventional_hydroelectric_1_inlet,6,0.0341128645776
PJMC_conventional_hydroelectric_1_inlet,7,0.034116977952
PJMC_conventional_hydroelectric_1_inlet,8,0.034116977952
PJMC_conventional_hydroelectric_1_inlet,9,0.034121091326400003
PJMC_conventional_hydroelectric_1_inlet,10,0.0341252047008
PJMC_conventional_hydroelectric_1_inlet,11,0.0341252047008
PJMC_conventional_hydroelectric_1_inlet,12,0.03412931807520001
PJMC_conventional_hydroelectric_1_inlet,13,0.0341334314496
PJMC_conventional_hydroelectric_1_inlet,14,0.034137544824000006
PJMC_conventional_hydroelectric_1_inlet,15,0.034137544824000006
PJMC_conventional_hydroelectric_1_inlet,16,0.0341416581984
PJMC_conventional_hydroelectric_1_inlet,17,0.03414577157280001
PJMC_conventional_hydroelectric_1_inlet,18,0.03414577157280001
PJMC_conventional_hydroelectric_1_inlet,19,0.034149884947200004
PJMC_conventional_hydroelectric_1_inlet,20,0.03415399832160001
PJMC_conventional_hydroelectric_1_inlet,21,0.03415399832160001
PJMC_conventional_hydroelectric_1_inlet,22,0.034158111696
PJMC_conventional_hydroelectric_1_inlet,23,0.0341622250704
PJMC_conventional_hydroelectric_1_inlet,24,0.0341622250704
PJMC_conventional_hydroelectric_1_inlet,25,0.041133744
PJMC_conventional_hydroelectric_1_inlet,26,0.041133744
PJMC_conventional_hydroelectric_1_inlet,27,0.041133744
PJMC_conventional_hydroelectric_1_inlet,28,0.041133744
PJMC_conventional_hydroelectric_1_inlet,29,0.041133744
PJMC_conventional_hydroelectric_1_inlet,30,0.041133744
PJMC_conventional_hydroelectric_1_inlet,31,0.041133744
PJMC_conventional_hydroelectric_1_inlet,32,0.041133744
PJMC_conventional_hydroelectric_1_inlet,33,0.041133744
PJMC_conventional_hydroelectric_1_inlet,34,0.041133744
PJMC_conventional_hydroelectric_1_inlet,35,0.041133744
PJMC_conventional_hydroelectric_1_inlet,36,0.041133744
PJMC_conventional_hydroelectric_1_inlet,37,0.041133744
PJMC_conventional_hydroelectric_1_inlet,38,0.041133744
PJMC_conventional_hydroelectric_1_inlet,39,0.041133744
PJMC_conventional_hydroelectric_1_inlet,40,0.041133744
PJMC_conventional_hydroelectric_1_inlet,41,0.041133744
PJMC_conventional_hydroelectric_1_inlet,42,0.041133744
PJMC_conventional_hydroelectric_1_inlet,43,0.041133744
PJMC_conventional_hydroelectric_1_inlet,44,0.041133744
PJMC_conventional_hydroelectric_1_inlet,45,0.041133744
PJMC_conventional_hydroelectric_1_inlet,46,0.041133744
PJMC_conventional_hydroelectric_1_inlet,47,0.041133744
PJMC_conventional_hydroelectric_1_inlet,48,0.041133744
PJMC_conventional_hydroelectric_1_inlet,49,0.041133744
PJMC_conventional_hydroelectric_1_inlet,50,0.041133744
PJMC_conventional_hydroelectric_1_inlet,51,0.041133744
PJMC_conventional_hydroelectric_1_inlet,52,0.041133744
PJMC_conventional_hydroelectric_1_inlet,53,0.041133744
PJMC_conventional_hydroelectric_1_inlet,54,0.041133744
PJMC_conventional_hydroelectric_1_inlet,55,0.041133744
PJMC_conventional_hydroelectric_1_inlet,56,0.041133744
PJMC_conventional_hydroelectric_1_inlet,57,0.041133744
PJMC_conventional_hydroelectric_1_inlet,58,0.041133744
PJMC_conventional_hydroelectric_1_inlet,59,0.041133744
PJMC_conventional_hydroelectric_1_inlet,60,0.041133744
PJMC_conventional_hydroelectric_1_inlet,61,0.041133744
PJMC_conventional_hydroelectric_1_inlet,62,0.041133744
PJMC_conventional_hydroelectric_1_inlet,63,0.041133744
PJMC_conventional_hydroelectric_1_inlet,64,0.041133744
PJMC_conventional_hydroelectric_1_inlet,65,0.041133744
PJMC_conventional_hydroelectric_1_inlet,66,0.041133744
PJMC_conventional_hydroelectric_1_inlet,67,0.041133744
PJMC_conventional_hydroelectric_1_inlet,68,0.041133744
PJMC_conventional_hydroelectric_1_inlet,69,0.041133744
PJMC_conventional_hydroelectric_1_inlet,70,0.041133744
PJMC_conventional_hydroelectric_1_inlet,71,0.041133744
PJMC_conventional_hydroelectric_1_inlet,72,0.041133744
PJMC_conventional_hydroelectric_1_inlet,73,0.041133744
PJMC_conventional_hydroelectric_1_inlet,74,0.041133744
PJMC_conventional_hydroelectric_1_inlet,75,0.041133744
PJMC_conventional_hydroelectric_1_inlet,76,0.041133744
PJMC_conventional_hydroelectric_1_inlet,77,0.041133744
PJMC_conventional_hydroelectric_1_inlet,78,0.041133744
PJMC_conventional_hydroelectric_1_inlet,79,0.041133744
PJMC_conventional_hydroelectric_1_inlet,80,0.041133744
PJMC_conventional_hydroelectric_1_inlet,81,0.041133744
PJMC_conventional_hydroelectric_1_inlet,82,0.041133744
PJMC_conventional_hydroelectric_1_inlet,83,0.041133744
PJMC_conventional_hydroelectric_1_inlet,84,0.041133744
PJMC_conventional_hydroelectric_1_inlet,85,0.041133744
PJMC_conventional_hydroelectric_1_inlet,86,0.041133744
PJMC_conventional_hydroelectric_1_inlet,87,0.041133744
PJMC_conventional_hydroelectric_1_inlet,88,0.041133744
PJMC_conventional_hydroelectric_1_inlet,89,0.041133744
PJMC_conventional_hydroelectric_1_inlet,90,0.041133744
PJMC_conventional_hydroelectric_1_inlet,91,0.041133744
PJMC_conventional_hydroelectric_1_inlet,92,0.041133744
PJMC_conventional_hydroelectric_1_inlet,93,0.041133744
PJMC_conventional_hydroelectric_1_inlet,94,0.041133744
PJMC_conventional_hydroelectric_1_inlet,95,0.041133744
PJMC_conventional_hydroelectric_1_inlet,96,0.041133744
PJMC_conventional_hydroelectric_1_inlet,97,0.041133744
PJMC_conventional_hydroelectric_1_inlet,98,0.041133744
PJMC_conventional_hydroelectric_1_inlet,99,0.041133744
PJMC_conventional_hydroelectric_1_inlet,100,0.041133744
PJMC_conventional_hydroelectric_1_inlet,101,0.041133744
PJMC_conventional_hydroelectric_1_inlet,102,0.041133744
PJMC_conventional_hydroelectric_1_inlet,103,0.041133744
PJMC_conventional_hydroelectric_1_inlet,104,0.041133744
PJMC_conventional_hydroelectric_1_inlet,105,0.041133744
PJMC_conventional_hydroelectric_1_inlet,106,0.041133744
PJMC_conventional_hydroelectric_1_inlet,107,0.041133744
PJMC_conventional_hydroelectric_1_inlet,108,0.041133744
PJMC_conventional_hydroelectric_1_inlet,109,0.041133744
PJMC_conventional_hydroelectric_1_inlet,110,0.041133744
PJMC_conventional_hydroelectric_1_inlet,111,0.041133744
PJMC_conventional_hydroelectric_1_inlet,112,0.041133744
PJMC_conventional_hydroelectric_1_inlet,113,0.041133744
PJMC_conventional_hydroelectric_1_inlet,114,0.041133744
PJMC_conventional_hydroelectric_1_inlet,115,0.041133744
PJMC_conventional_hydroelectric_1_inlet,116,0.041133744
PJMC_conventional_hydroelectric_1_inlet,117,0.041133744
PJMC_conventional_hydroelectric_1_inlet,118,0.041133744
PJMC_conventional_hydroelectric_1_inlet,119,0.041133744
PJMC_conventional_hydroelectric_1_inlet,120,0.041133744
PJMC_conventional_hydroelectric_1_inlet,121,0.041133744
PJMC_conventional_hydroelectric_1_inlet,122,0.041133744
PJMC_conventional_hydroelectric_1_inlet,123,0.041133744
PJMC_conventional_hydroelectric_1_inlet,124,0.041133744
PJMC_conventional_hydroelectric_1_inlet,125,0.041133744
PJMC_conventional_hydroelectric_1_inlet,126,0.041133744
PJMC_conventional_hydroelectric_1_inlet,127,0.041133744
PJMC_conventional_hydroelectric_1_inlet,128,0.041133744
PJMC_conventional_hydroelectric_1_inlet,129,0.041133744
PJMC_conventional_hydroelectric_1_inlet,130,0.041133744
PJMC_conventional_hydroelectric_1_inlet,131,0.041133744
PJMC_conventional_hydroelectric_1_inlet,132,0.041133744
PJMC_conventional_hydroelectric_1_inlet,133,0.041133744
PJMC_conventional_hydroelectric_1_inlet,134,0.041133744
PJMC_conventional_hydroelectric_1_inlet,135,0.041133744
PJMC_conventional_hydroelectric_1_inlet,136,0.041133744
PJMC_conventional_hydroelectric_1_inlet,137,0.041133744
PJMC_conventional_hydroelectric_1_inlet,138,0.041133744
PJMC_conventional_hydroelectric_1_inlet,139,0.041133744
PJMC_conventional_hydroelectric_1_inlet,140,0.041133744
PJMC_conventional_hydroelectric_1_inlet,141,0.041133744
PJMC_conventional_hydroelectric_1_inlet,142,0.041133744
PJMC_conventional_hydroelectric_1_inlet,143,0.041133744
PJMC_conventional_hydroelectric_1_inlet,144,0.041133744
PJMC_conventional_hydroelectric_1_inlet,145,0.041133744
PJMC_conventional_hydroelectric_1_inlet,146,0.041133744
PJMC_conventional_hydroelectric_1_inlet,147,0.041133744
PJMC_conventional_hydroelectric_1_inlet,148,0.041133744
PJMC_conventional_hydroelectric_1_inlet,149,0.041133744
PJMC_conventional_hydroelectric_1_inlet,150,0.041133744
PJMC_conventional_hydroelectric_1_inlet,151,0.041133744
PJMC_conventional_hydroelectric_1_inlet,152,0.041133744
PJMC_conventional_hydroelectric_1_inlet,153,0.041133744
PJMC_conventional_hydroelectric_1_inlet,154,0.041133744
PJMC_conventional_hydroelectric_1_inlet,155,0.041133744
PJMC_conventional_hydroelectric_1_inlet,156,0.041133744
PJMC_conventional_hydroelectric_1_inlet,157,0.041133744
PJMC_conventional_hydroelectric_1_inlet,158,0.041133744
PJMC_conventional_hydroelectric_1_inlet,159,0.041133744
PJMC_conventional_hydroelectric_1_inlet,160,0.041133744
PJMC_conventional_hydroelectric_1_inlet,161,0.041133744
PJMC_conventional_hydroelectric_1_inlet,162,0.041133744
PJMC_conventional_hydroelectric_1_inlet,163,0.041133744
PJMC_conventional_hydroelectric_1_inlet,164,0.041133744
PJMC_conventional_hydroelectric_1_inlet,165,0.041133744
PJMC_conventional_hydroelectric_1_inlet,166,0.041133744
PJMC_conventional_hydroelectric_1_inlet,167,0.041133744
PJMC_conventional_hydroelectric_1_inlet,168,0.041133744
PJMC_conventional_hydroelectric_1_inlet,169,0.041133744
PJMC_conventional_hydroelectric_1_inlet,170,0.041133744
PJMC_conventional_hydroelectric_1_inlet,171,0.041133744
PJMC_conventional_hydroelectric_1_inlet,172,0.041133744
PJMC_conventional_hydroelectric_1_inlet,173,0.041133744
PJMC_conventional_hydroelectric_1_inlet,174,0.041133744
PJMC_conventional_hydroelectric_1_inlet,175,0.041133744
PJMC_conventional_hydroelectric_1_inlet,176,0.041133744
PJMC_conventional_hydroelectric_1_inlet,177,0.041133744
PJMC_conventional_hydroelectric_1_inlet,178,0.041133744
PJMC_conventional_hydroelectric_1_inlet,179,0.041133744
PJMC_conventional_hydroelectric_1_inlet,180,0.041133744
PJMC_conventional_hydroelectric_1_inlet,181,0.041133744
PJMC_conventional_hydroelectric_1_inlet,182,0.041133744
PJMC_conventional_hydroelectric_1_inlet,183,0.041133744
PJMC_conventional_hydroelectric_1_inlet,184,0.041133744
PJMC_conventional_hydroelectric_1_inlet,185,0.041133744
PJMC_conventional_hydroelectric_1_inlet,186,0.041133744
PJMC_conventional_hydroelectric_1_inlet,187,0.041133744
PJMC_conventional_hydroelectric_1_inlet,188,0.041133744
PJMC_conventional_hydroelectric_1_inlet,189,0.041133744
PJMC_conventional_hydroelectric_1_inlet,190,0.041133744
PJMC_conventional_hydroelectric_1_inlet,191,0.041133744
PJMC_conventional_hydroelectric_1_inlet,192,0.041133744
PJMC_conventional_hydroelectric_1_inlet,193,0.041133744
PJMC_conventional_hydroelectric_1_inlet,194,0.041133744
PJMC_conventional_hydroelectric_1_inlet,195,0.041133744
PJMC_conventional_hydroelectric_1_inlet,196,0.041133744
PJMC_conventional_hydroelectric_1_inlet,197,0.041133744
PJMC_conventional_hydroelectric_1_inlet,198,0.041133744
PJMC_conventional_hydroelectric_1_inlet,199,0.041133744
PJMC_conventional_hydroelectric_1_inlet,200,0.041133744
PJMC_conventional_hydroelectric_1_inlet,201,0.041133744
PJMC_conventional_hydroelectric_1_inlet,202,0.041133744
PJMC_conventional_hydroelectric_1_inlet,203,0.041133744
PJMC_conventional_hydroelectric_1_inlet,204,0.041133744
PJMC_conventional_hydroelectric_1_inlet,205,0.041133744
PJMC_conventional_hydroelectric_1_inlet,206,0.041133744
PJMC_conventional_hydroelectric_1_inlet,207,0.041133744
PJMC_conventional_hydroelectric_1_inlet,208,0.041133744
PJMC_conventional_hydroelectric_1_inlet,209,0.041133744
PJMC_conventional_hydroelectric_1_inlet,210,0.041133744
PJMC_conventional_hydroelectric_1_inlet,211,0.041133744
PJMC_conventional_hydroelectric_1_inlet,212,0.041133744
PJMC_conventional_hydroelectric_1_inlet,213,0.041133744
PJMC_conventional_hydroelectric_1_inlet,214,0.041133744
PJMC_conventional_hydroelectric_1_inlet,215,0.041133744
PJMC_conventional_hydroelectric_1_inlet,216,0.041133744
PJMC_conventional_hydroelectric_1_inlet,217,0.041133744
PJMC_conventional_hydroelectric_1_inlet,218,0.041133744
PJMC_conventional_hydroelectric_1_inlet,219,0.041133744
PJMC_conventional_hydroelectric_1_inlet,220,0.041133744
PJMC_conventional_hydroelectric_1_inlet,221,0.041133744
PJMC_conventional_hydroelectric_1_inlet,222,0.041133744
PJMC_conventional_hydroelectric_1_inlet,223,0.041133744
PJMC_conventional_hydroelectric_1_inlet,224,0.041133744
PJMC_conventional_hydroelectric_1_inlet,225,0.041133744
PJMC_conventional_hydroelectric_1_inlet,226,0.041133744
PJMC_conventional_hydroelectric_1_inlet,227,0.041133744
PJMC_conventional_hydroelectric_1_inlet,228,0.041133744
PJMC_conventional_hydroelectric_1_inlet,229,0.041133744
PJMC_conventional_hydroelectric_1_inlet,230,0.041133744
PJMC_conventional_hydroelectric_1_inlet,231,0.041133744
PJMC_conventional_hydroelectric_1_inlet,232,0.041133744
PJMC_conventional_hydroelectric_1_inlet,233,0.041133744
PJMC_conventional_hydroelectric_1_inlet,234,0.041133744
PJMC_conventional_hydroelectric_1_inlet,235,0.041133744
PJMC_conventional_hydroelectric_1_inlet,236,0.041133744
PJMC_conventional_hydroelectric_1_inlet,237,0.041133744
PJMC_conventional_hydroelectric_1_inlet,238,0.041133744
PJMC_conventional_hydroelectric_1_inlet,239,0.041133744
PJMC_conventional_hydroelectric_1_inlet,240,0.041133744
PJMC_conventional_hydroelectric_1_inlet,241,0.041133744
PJMC_conventional_hydroelectric_1_inlet,242,0.041133744
PJMC_conventional_hydroelectric_1_inlet,243,0.041133744
PJMC_conventional_hydroelectric_1_inlet,244,0.041133744
PJMC_conventional_hydroelectric_1_inlet,245,0.041133744
PJMC_conventional_hydroelectric_1_inlet,246,0.041133744
PJMC_conventional_hydroelectric_1_inlet,247,0.041133744
PJMC_conventional_hydroelectric_1_inlet,248,0.041133744
PJMC_conventional_hydroelectric_1_inlet,249,0.041133744
PJMC_conventional_hydroelectric_1_inlet,250,0.041133744
PJMC_conventional_hydroelectric_1_inlet,251,0.041133744
PJMC_conventional_hydroelectric_1_inlet,252,0.041133744
PJMC_conventional_hydroelectric_1_inlet,253,0.041133744
PJMC_conventional_hydroelectric_1_inlet,254,0.041133744
PJMC_conventional_hydroelectric_1_inlet,255,0.041133744
PJMC_conventional_hydroelectric_1_inlet,256,0.041133744
PJMC_conventional_hydroelectric_1_inlet,257,0.041133744
PJMC_conventional_hydroelectric_1_inlet,258,0.041133744
PJMC_conventional_hydroelectric_1_inlet,259,0.041133744
PJMC_conventional_hydroelectric_1_inlet,260,0.041133744
PJMC_conventional_hydroelectric_1_inlet,261,0.041133744
PJMC_conventional_hydroelectric_1_inlet,262,0.041133744
PJMC_conventional_hydroelectric_1_inlet,263,0.041133744
PJMC_conventional_hydroelectric_1_inlet,264,0.041133744
PJMC_conventional_hydroelectric_1_inlet,265,0.041133744
PJMC_conventional_hydroelectric_1_inlet,266,0.041133744
PJMC_conventional_hydroelectric_1_inlet,267,0.041133744
PJMC_conventional_hydroelectric_1_inlet,268,0.041133744
PJMC_conventional_hydroelectric_1_inlet,269,0.041133744
PJMC_conventional_hydroelectric_1_inlet,270,0.041133744
PJMC_conventional_hydroelectric_1_inlet,271,0.041133744
PJMC_conventional_hydroelectric_1_inlet,272,0.041133744
PJMC_conventional_hydroelectric_1_inlet,273,0.041133744
PJMC_conventional_hydroelectric_1_inlet,274,0.041133744
PJMC_conventional_hydroelectric_1_inlet,275,0.041133744
PJMC_conventional_hydroelectric_1_inlet,276,0.041133744
PJMC_conventional_hydroelectric_1_inlet,277,0.041133744
PJMC_conventional_hydroelectric_1_inlet,278,0.041133744
PJMC_conventional_hydroelectric_1_inlet,279,0.041133744
PJMC_conventional_hydroelectric_1_inlet,280,0.041133744
PJMC_conventional_hydroelectric_1_inlet,281,0.041133744
PJMC_conventional_hydroelectric_1_inlet,282,0.041133744
PJMC_conventional_hydroelectric_1_inlet,283,0.041133744
PJMC_conventional_hydroelectric_1_inlet,284,0.041133744
PJMC_conventional_hydroelectric_1_inlet,285,0.041133744
PJMC_conventional_hydroelectric_1_inlet,286,0.041133744
PJMC_conventional_hydroelectric_1_inlet,287,0.041133744
PJMC_conventional_hydroelectric_1_inlet,288,0.041133744
PJMC_conventional_hydroelectric_1_inlet,289,0.041133744
PJMC_conventional_hydroelectric_1_inlet,290,0.041133744
PJMC_conventional_hydroelectric_1_inlet,291,0.041133744
PJMC_conventional_hydroelectric_1_inlet,292,0.041133744
PJMC_conventional_hydroelectric_1_inlet,293,0.041133744
PJMC_conventional_hydroelectric_1_inlet,294,0.041133744
PJMC_conventional_hydroelectric_1_inlet,295,0.041133744
PJMC_conventional_hydroelectric_1_inlet,296,0.041133744
PJMC_conventional_hydroelectric_1_inlet,297,0.041133744
PJMC_conventional_hydroelectric_1_inlet,298,0.041133744
PJMC_conventional_hydroelectric_1_inlet,299,0.041133744
PJMC_conventional_hydroelectric_1_inlet,300,0.041133744
PJMC_conventional_hydroelectric_1_inlet,301,0.041133744
PJMC_conventional_hydroelectric_1_inlet,302,0.041133744
PJMC_conventional_hydroelectric_1_inlet,303,0.041133744
PJMC_conventional_hydroelectric_1_inlet,304,0.041133744
PJMC_conventional_hydroelectric_1_inlet,305,0.041133744
PJMC_conventional_hydroelectric_1_inlet,306,0.041133744
PJMC_conventional_hydroelectric_1_inlet,307,0.041133744
PJMC_conventional_hydroelectric_1_inlet,308,0.041133744
PJMC_conventional_hydroelectric_1_inlet,309,0.041133744
PJMC_conventional_hydroelectric_1_inlet,310,0.041133744
PJMC_conventional_hydroelectric_1_inlet,311,0.041133744
PJMC_conventional_hydroelectric_1_inlet,312,0.041133744
PJMC_conventional_hydroelectric_1_inlet,313,0.041133744
PJMC_conventional_hydroelectric_1_inlet,314,0.041133744
PJMC_conventional_hydroelectric_1_inlet,315,0.041133744
PJMC_conventional_hydroelectric_1_inlet,316,0.041133744
PJMC_conventional_hydroelectric_1_inlet,317,0.041133744
PJMC_conventional_hydroelectric_1_inlet,318,0.041133744
PJMC_conventional_hydroelectric_1_inlet,319,0.041133744
PJMC_conventional_hydroelectric_1_inlet,320,0.041133744
PJMC_conventional_hydroelectric_1_inlet,321,0.041133744
PJMC_conventional_hydroelectric_1_inlet,322,0.041133744
PJMC_conventional_hydroelectric_1_inlet,323,0.041133744
PJMC_conventional_hydroelectric_1_inlet,324,0.041133744
PJMC_conventional_hydroelectric_1_inlet,325,0.041133744
PJMC_conventional_hydroelectric_1_inlet,326,0.041133744
PJMC_conventional_hydroelectric_1_inlet,327,0.041133744
PJMC_conventional_hydroelectric_1_inlet,328,0.041133744
PJMC_conventional_hydroelectric_1_inlet,329,0.041133744
PJMC_conventional_hydroelectric_1_inlet,330,0.041133744
PJMC_conventional_hydroelectric_1_inlet,331,0.041133744
PJMC_conventional_hydroelectric_1_inlet,332,0.041133744
PJMC_conventional_hydroelectric_1_inlet,333,0.041133744
PJMC_conventional_hydroelectric_1_inlet,334,0.041133744
PJMC_conventional_hydroelectric_1_inlet,335,0.041133744
PJMC_conventional_hydroelectric_1_inlet,336,0.041133744
PJMC_conventional_hydroelectric_1_inlet,337,0.041133744
PJMC_conventional_hydroelectric_1_inlet,338,0.041133744
PJMC_conventional_hydroelectric_1_inlet,339,0.041133744
PJMC_conventional_hydroelectric_1_inlet,340,0.041133744
PJMC_conventional_hydroelectric_1_inlet,341,0.041133744
PJMC_conventional_hydroelectric_1_inlet,342,0.041133744
PJMC_conventional_hydroelectric_1_inlet,343,0.041133744
PJMC_conventional_hydroelectric_1_inlet,344,0.041133744
PJMC_conventional_hydroelectric_1_inlet,345,0.041133744
PJMC_conventional_hydroelectric_1_inlet,346,0.041133744
PJMC_conventional_hydroelectric_1_inlet,347,0.041133744
PJMC_conventional_hydroelectric_1_inlet,348,0.041133744
PJMC_conventional_hydroelectric_1_inlet,349,0.041133744
PJMC_conventional_hydroelectric_1_inlet,350,0.041133744
PJMC_conventional_hydroelectric_1_inlet,351,0.041133744
PJMC_conventional_hydroelectric_1_inlet,352,0.041133744
PJMC_conventional_hydroelectric_1_inlet,353,0.041133744
PJMC_conventional_hydroelectric_1_inlet,354,0.041133744
PJMC_conventional_hydroelectric_1_inlet,355,0.041133744
PJMC_conventional_hydroelectric_1_inlet,356,0.041133744
PJMC_conventional_hydroelectric_1_inlet,357,0.041133744
PJMC_conventional_hydroelectric_1_inlet,358,0.041133744
PJMC_conventional_hydroelectric_1_inlet,359,0.041133744
PJMC_conventional_hydroelectric_1_inlet,360,0.041133744
PJMC_conventional_hydroelectric_1_inlet,361,0.041133744
PJMC_conventional_hydroelectric_1_inlet,362,0.041133744
PJMC_conventional_hydroelectric_1_inlet,363,0.041133744
PJMC_conventional_hydroelectric_1_inlet,364,0.041133744
PJMC_conventional_hydroelectric_1_inlet,365,0.041133744
PJMC_conventional_hydroelectric_1_inlet,366,0.041133744
PJMC_conventional_hydroelectric_1_inlet,367,0.041133744
PJMC_conventional_hydroelectric_1_inlet,368,0.041133744
PJMC_conventional_hydroelectric_1_inlet,369,0.041133744
PJMC_conventional_hydroelectric_1_inlet,370,0.041133744
PJMC_conventional_hydroelectric_1_inlet,371,0.041133744
PJMC_conventional_hydroelectric_1_inlet,372,0.041133744
PJMC_conventional_hydroelectric_1_inlet,373,0.041133744
PJMC_conventional_hydroelectric_1_inlet,374,0.041133744
PJMC_conventional_hydroelectric_1_inlet,375,0.041133744
PJMC_conventional_hydroelectric_1_inlet,376,0.041133744
PJMC_conventional_hydroelectric_1_inlet,377,0.041133744
PJMC_conventional_hydroelectric_1_inlet,378,0.041133744
PJMC_conventional_hydroelectric_1_inlet,379,0.041133744
PJMC_conventional_hydroelectric_1_inlet,380,0.041133744
PJMC_conventional_hydroelectric_1_inlet,381,0.041133744
PJMC_conventional_hydroelectric_1_inlet,382,0.041133744
PJMC_conventional_hydroelectric_1_inlet,383,0.041133744
PJMC_conventional_hydroelectric_1_inlet,384,0.041133744
PJMC_conventional_hydroelectric_1_inlet,385,0.041133744
PJMC_conventional_hydroelectric_1_inlet,386,0.041133744
PJMC_conventional_hydroelectric_1_inlet,387,0.041133744
PJMC_conventional_hydroelectric_1_inlet,388,0.041133744
PJMC_conventional_hydroelectric_1_inlet,389,0.041133744
PJMC_conventional_hydroelectric_1_inlet,390,0.041133744
PJMC_conventional_hydroelectric_1_inlet,391,0.041133744
PJMC_conventional_hydroelectric_1_inlet,392,0.041133744
PJMC_conventional_hydroelectric_1_inlet,393,0.041133744
PJMC_conventional_hydroelectric_1_inlet,394,0.041133744
PJMC_conventional_hydroelectric_1_inlet,395,0.041133744
PJMC_conventional_hydroelectric_1_inlet,396,0.041133744
PJMC_conventional_hydroelectric_1_inlet,397,0.041133744
PJMC_conventional_hydroelectric_1_inlet,398,0.041133744
PJMC_conventional_hydroelectric_1_inlet,399,0.041133744
PJMC_conventional_hydroelectric_1_inlet,400,0.041133744
PJMC_conventional_hydroelectric_1_inlet,401,0.041133744
PJMC_conventional_hydroelectric_1_inlet,402,0.041133744
PJMC_conventional_hydroelectric_1_inlet,403,0.041133744
PJMC_conventional_hydroelectric_1_inlet,404,0.041133744
PJMC_conventional_hydroelectric_1_inlet,405,0.041133744
PJMC_conventional_hydroelectric_1_inlet,406,0.041133744
PJMC_conventional_hydroelectric_1_inlet,407,0.041133744
PJMC_conventional_hydroelectric_1_inlet,408,0.041133744
PJMC_conventional_hydroelectric_1_inlet,409,0.041133744
PJMC_conventional_hydroelectric_1_inlet,410,0.041133744
PJMC_conventional_hydroelectric_1_inlet,411,0.041133744
PJMC_conventional_hydroelectric_1_inlet,412,0.041133744
PJMC_conventional_hydroelectric_1_inlet,413,0.041133744
PJMC_conventional_hydroelectric_1_inlet,414,0.041133744
PJMC_conventional_hydroelectric_1_inlet,415,0.041133744
PJMC_conventional_hydroelectric_1_inlet,416,0.041133744
PJMC_conventional_hydroelectric_1_inlet,417,0.041133744
PJMC_conventional_hydroelectric_1_inlet,418,0.041133744
PJMC_conventional_hydroelectric_1_inlet,419,0.041133744
PJMC_conventional_hydroelectric_1_inlet,420,0.041133744
PJMC_conventional_hydroelectric_1_inlet,421,0.041133744
PJMC_conventional_hydroelectric_1_inlet,422,0.041133744
PJMC_conventional_hydroelectric_1_inlet,423,0.041133744
PJMC_conventional_hydroelectric_1_inlet,424,0.041133744
PJMC_conventional_hydroelectric_1_inlet,425,0.041133744
PJMC_conventional_hydroelectric_1_inlet,426,0.041133744
PJMC_conventional_hydroelectric_1_inlet,427,0.041133744
PJMC_conventional_hydroelectric_1_inlet,428,0.041133744
PJMC_conventional_hydroelectric_1_inlet,429,0.041133744
PJMC_conventional_hydroelectric_1_inlet,430,0.041133744
PJMC_conventional_hydroelectric_1_inlet,431,0.041133744
PJMC_conventional_hydroelectric_1_inlet,432,0.041133744
PJMC_conventional_hydroelectric_1_inlet,433,0.041133744
PJMC_conventional_hydroelectric_1_inlet,434,0.041133744
PJMC_conventional_hydroelectric_1_inlet,435,0.041133744
PJMC_conventional_hydroelectric_1_inlet,436,0.041133744
PJMC_conventional_hydroelectric_1_inlet,437,0.041133744
PJMC_conventional_hydroelectric_1_inlet,438,0.041133744
PJMC_conventional_hydroelectric_1_inlet,439,0.041133744
PJMC_conventional_hydroelectric_1_inlet,440,0.041133744
PJMC_conventional_hydroelectric_1_inlet,441,0.041133744
PJMC_conventional_hydroelectric_1_inlet,442,0.041133744
PJMC_conventional_hydroelectric_1_inlet,443,0.041133744
PJMC_conventional_hydroelectric_1_inlet,444,0.041133744
PJMC_conventional_hydroelectric_1_inlet,445,0.041133744
PJMC_conventional_hydroelectric_1_inlet,446,0.041133744
PJMC_conventional_hydroelectric_1_inlet,447,0.041133744
PJMC_conventional_hydroelectric_1_inlet,448,0.041133744
PJMC_conventional_hydroelectric_1_inlet,449,0.041133744
PJMC_conventional_hydroelectric_1_inlet,450,0.041133744
PJMC_conventional_hydroelectric_1_inlet,451,0.041133744
PJMC_conventional_hydroelectric_1_inlet,452,0.041133744
PJMC_conventional_hydroelectric_1_inlet,453,0.041133744
PJMC_conventional_hydroelectric_1_inlet,454,0.041133744
PJMC_conventional_hydroelectric_1_inlet,455,0.041133744
PJMC_conventional_hydroelectric_1_inlet,456,0.041133744
PJMC_conventional_hydroelectric_1_inlet,457,0.041133744
PJMC_conventional_hydroelectric_1_inlet,458,0.041133744
PJMC_conventional_hydroelectric_1_inlet,459,0.041133744
PJMC_conventional_hydroelectric_1_inlet,460,0.041133744
PJMC_conventional_hydroelectric_1_inlet,461,0.041133744
PJMC_conventional_hydroelectric_1_inlet,462,0.041133744
PJMC_conventional_hydroelectric_1_inlet,463,0.041133744
PJMC_conventional_hydroelectric_1_inlet,464,0.041133744
PJMC_conventional_hydroelectric_1_inlet,465,0.041133744
PJMC_conventional_hydroelectric_1_inlet,466,0.041133744
PJMC_conventional_hydroelectric_1_inlet,467,0.041133744
PJMC_conventional_hydroelectric_1_inlet,468,0.041133744
PJMC_conventional_hydroelectric_1_inlet,469,0.041133744
PJMC_conventional_hydroelectric_1_inlet,470,0.041133744
PJMC_conventional_hydroelectric_1_inlet,471,0.041133744
PJMC_conventional_hydroelectric_1_inlet,472,0.041133744
PJMC_conventional_hydroelectric_1_inlet,473,0.041133744
PJMC_conventional_hydroelectric_1_inlet,474,0.041133744
PJMC_conventional_hydroelectric_1_inlet,475,0.041133744
PJMC_conventional_hydroelectric_1_inlet,476,0.041133744
PJMC_conventional_hydroelectric_1_inlet,477,0.041133744
PJMC_conventional_hydroelectric_1_inlet,478,0.041133744
PJMC_conventional_hydroelectric_1_inlet,479,0.041133744
PJMC_conventional_hydroelectric_1_inlet,480,0.041133744
PJMC_conventional_hydroelectric_1_inlet,481,0.041133744
PJMC_conventional_hydroelectric_1_inlet,482,0.041133744
PJMC_conventional_hydroelectric_1_inlet,483,0.041133744
PJMC_conventional_hydroelectric_1_inlet,484,0.041133744
PJMC_conventional_hydroelectric_1_inlet,485,0.041133744
PJMC_conventional_hydroelectric_1_inlet,486,0.041133744
PJMC_conventional_hydroelectric_1_inlet,487,0.041133744
PJMC_conventional_hydroelectric_1_inlet,488,0.041133744
PJMC_conventional_hydroelectric_1_inlet,489,0.041133744
PJMC_conventional_hydroelectric_1_inlet,490,0.041133744
PJMC_conventional_hydroelectric_1_inlet,491,0.041133744
PJMC_conventional_hydroelectric_1_inlet,492,0.041133744
PJMC_conventional_hydroelectric_1_inlet,493,0.041133744
PJMC_conventional_hydroelectric_1_inlet,494,0.041133744
PJMC_conventional_hydroelectric_1_inlet,495,0.041133744
PJMC_conventional_hydroelectric_1_inlet,496,0.041133744
PJMC_conventional_hydroelectric_1_inlet,497,0.041133744
PJMC_conventional_hydroelectric_1_inlet,498,0.041133744
PJMC_conventional_hydroelectric_1_inlet,499,0.041133744
PJMC_conventional_hydroelectric_1_inlet,500,0.041133744
PJMC_conventional_hydroelectric_1_inlet,501,0.041133744
PJMC_conventional_hydroelectric_1_inlet,502,0.041133744
PJMC_conventional_hydroelectric_1_inlet,503,0.041133744
PJMC_conventional_hydroelectric_1_inlet,504,0.041133744
PJMC_conventional_hydroelectric_1_inlet,505,0.041133744
PJMC_conventional_hydroelectric_1_inlet,506,0.041133744
PJMC_conventional_hydroelectric_1_inlet,507,0.041133744
PJMC_conventional_hydroelectric_1_inlet,508,0.041133744
PJMC_conventional_hydroelectric_1_inlet,509,0.041133744
PJMC_conventional_hydroelectric_1_inlet,510,0.041133744
PJMC_conventional_hydroelectric_1_inlet,511,0.041133744
PJMC_conventional_hydroelectric_1_inlet,512,0.041133744
PJMC_conventional_hydroelectric_1_inlet,513,0.041133744
PJMC_conventional_hydroelectric_1_inlet,514,0.041133744
PJMC_conventional_hydroelectric_1_inlet,515,0.041133744
PJMC_conventional_hydroelectric_1_inlet,516,0.041133744
PJMC_conventional_hydroelectric_1_inlet,517,0.041133744
PJMC_conventional_hydroelectric_1_inlet,518,0.041133744
PJMC_conventional_hydroelectric_1_inlet,519,0.041133744
PJMC_conventional_hydroelectric_1_inlet,520,0.041133744
PJMC_conventional_hydroelectric_1_inlet,521,0.041133744
PJMC_conventional_hydroelectric_1_inlet,522,0.041133744
PJMC_conventional_hydroelectric_1_inlet,523,0.041133744
PJMC_conventional_hydroelectric_1_inlet,524,0.041133744
PJMC_conventional_hydroelectric_1_inlet,525,0.041133744
PJMC_conventional_hydroelectric_1_inlet,526,0.041133744
PJMC_conventional_hydroelectric_1_inlet,527,0.041133744
PJMC_conventional_hydroelectric_1_inlet,528,0.041133744
PJMC_conventional_hydroelectric_1_inlet,529,0.041133744
PJMC_conventional_hydroelectric_1_inlet,530,0.041133744
PJMC_conventional_hydroelectric_1_inlet,531,0.041133744
PJMC_conventional_hydroelectric_1_inlet,532,0.041133744
PJMC_conventional_hydroelectric_1_inlet,533,0.041133744
PJMC_conventional_hydroelectric_1_inlet,534,0.041133744
PJMC_conventional_hydroelectric_1_inlet,535,0.041133744
PJMC_conventional_hydroelectric_1_inlet,536,0.041133744
PJMC_conventional_hydroelectric_1_inlet,537,0.041133744
PJMC_conventional_hydroelectric_1_inlet,538,0.041133744
PJMC_conventional_hydroelectric_1_inlet,539,0.041133744
PJMC_conventional_hydroelectric_1_inlet,540,0.041133744
PJMC_conventional_hydroelectric_1_inlet,541,0.041133744
PJMC_conventional_hydroelectric_1_inlet,542,0.041133744
PJMC_conventional_hydroelectric_1_inlet,543,0.041133744
PJMC_conventional_hydroelectric_1_inlet,544,0.041133744
PJMC_conventional_hydroelectric_1_inlet,545,0.041133744
PJMC_conventional_hydroelectric_1_inlet,546,0.041133744
PJMC_conventional_hydroelectric_1_inlet,547,0.041133744
PJMC_conventional_hydroelectric_1_inlet,548,0.041133744
PJMC_conventional_hydroelectric_1_inlet,549,0.041133744
PJMC_conventional_hydroelectric_1_inlet,550,0.041133744
PJMC_conventional_hydroelectric_1_inlet,551,0.041133744
PJMC_conventional_hydroelectric_1_inlet,552,0.041133744
PJMC_conventional_hydroelectric_1_inlet,553,0.026647740720000007
PJMC_conventional_hydroelectric_1_inlet,554,0.0266559674688
PJMC_conventional_hydroelectric_1_inlet,555,0.02666419421760001
PJMC_conventional_hydroelectric_1_inlet,556,0.026668307592000003
PJMC_conventional_hydroelectric_1_inlet,557,0.026672420966400004
PJMC_conventional_hydroelectric_1_inlet,558,0.0266806477152
PJMC_conventional_hydroelectric_1_inlet,559,0.026684761089600002
PJMC_conventional_hydroelectric_1_inlet,560,0.026688874464000003
PJMC_conventional_hydroelectric_1_inlet,561,0.0266971012128
PJMC_conventional_hydroelectric_1_inlet,562,0.0267012145872
PJMC_conventional_hydroelectric_1_inlet,563,0.026705327961600002
PJMC_conventional_hydroelectric_1_inlet,564,0.02671355471040001
PJMC_conventional_hydroelectric_1_inlet,565,0.026721781459200004
PJMC_conventional_hydroelectric_1_inlet,566,0.026725894833600012
PJMC_conventional_hydroelectric_1_inlet,567,0.02673000820800001
PJMC_conventional_hydroelectric_1_inlet,568,0.0267382349568
PJMC_conventional_hydroelectric_1_inlet,569,0.026742348331200008
PJMC_conventional_hydroelectric_1_inlet,570,0.026746461705600008
PJMC_conventional_hydroelectric_1_inlet,571,0.026754688454400002
PJMC_conventional_hydroelectric_1_inlet,572,0.026758801828800007
PJMC_conventional_hydroelectric_1_inlet,573,0.026762915203200007
PJMC_conventional_hydroelectric_1_inlet,574,0.026771141952
PJMC_conventional_hydroelectric_1_inlet,575,0.0267793687008
PJMC_conventional_hydroelectric_1_inlet,576,0.0267793687008
PJMD_conventional_hydroelectric_1_inlet,1,1.3609127844
PJMD_conventional_hydroelectric_1_inlet,2,0.8075005374449145
PJMD_conventional_hydroelectric_1_inlet,3,1.7771787460799997
PJMD_conventional_hydroelectric_1_inlet,4,2.2513032
PJMD_conventional_hydroelectric_1_inlet,5,2.2513032
PJMD_conventional_hydroelectric_1_inlet,6,2.2513032
PJMD_conventional_hydroelectric_1_inlet,7,1.3530332232000002
PJMD_conventional_hydroelectric_1_inlet,8,1.4858601120000006
PJMD_conventional_hydroelectric_1_inlet,9,2.2513032
PJMD_conventional_hydroelectric_1_inlet,10,2.2513032
PJMD_conventional_hydroelectric_1_inlet,11,1.3676666940000002
PJMD_conventional_hydroelectric_1_inlet,12,0.97841637072
PJMD_conventional_hydroelectric_1_inlet,13,0.97954202232
PJMD_conventional_hydroelectric_1_inlet,14,0.9802174132800001
PJMD_conventional_hydroelectric_1_inlet,15,0.9811179345600003
PJMD_conventional_hydroelectric_1_inlet,16,0.98201845584
PJMD_conventional_hydroelectric_1_inlet,17,0.98291897712
PJMD_conventional_hydroelectric_1_inlet,18,0.9838194984000002
PJMD_conventional_hydroelectric_1_inlet,19,1.373294952
PJMD_conventional_hydroelectric_1_inlet,20,1.37374521264
PJMD_conventional_hydroelectric_1_inlet,21,0.98652106224
PJMD_conventional_hydroelectric_1_inlet,22,1.37509599456
PJMD_conventional_hydroelectric_1_inlet,23,1.8377388021600003
PJMD_conventional_hydroelectric_1_inlet,24,1.7942886504000004
PJMD_conventional_hydroelectric_1_inlet,25,0.9890260783142452
PJMD_conventional_hydroelectric_1_inlet,26,1.1963006000849146
PJMD_conventional_hydroelectric_1_inlet,27,1.7431840677600001
PJMD_conventional_hydroelectric_1_inlet,28,1.7443097193600001
PJMD_conventional_hydroelectric_1_inlet,29,1.7454353709600001
PJMD_conventional_hydroelectric_1_inlet,30,1.7465610225600001
PJMD_conventional_hydroelectric_1_inlet,31,1.7476866741600003
PJMD_conventional_hydroelectric_1_inlet,32,1.8816392145600005
PJMD_conventional_hydroelectric_1_inlet,33,2.2513032
PJMD_conventional_hydroelectric_1_inlet,34,1.75421545344
PJMD_conventional_hydroelectric_1_inlet,35,0.0
PJMD_conventional_hydroelectric_1_inlet,36,0.0
PJMD_conventional_hydroelectric_1_inlet,37,0.0
PJMD_conventional_hydroelectric_1_inlet,38,0.0
PJMD_conventional_hydroelectric_1_inlet,39,0.0
PJMD_conventional_hydroelectric_1_inlet,40,0.0
PJMD_conventional_hydroelectric_1_inlet,41,0.0
PJMD_conventional_hydroelectric_1_inlet,42,0.0
PJMD_conventional_hydroelectric_1_inlet,43,0.0
PJMD_conventional_hydroelectric_1_inlet,44,0.0
PJMD_conventional_hydroelectric_1_inlet,45,0.0
PJMD_conventional_hydroelectric_1_inlet,46,0.0
PJMD_conventional_hydroelectric_1_inlet,47,0.0
PJMD_conventional_hydroelectric_1_inlet,48,0.0
PJMD_conventional_hydroelectric_1_inlet,49,1.3667947552742452
PJMD_conventional_hydroelectric_1_inlet,50,1.5729436254449147
PJMD_conventional_hydroelectric_1_inlet,51,2.1187014415200003
PJMD_conventional_hydroelectric_1_inlet,52,2.1187014415200003
PJMD_conventional_hydroelectric_1_inlet,53,2.1187014415200003
PJMD_conventional_hydroelectric_1_inlet,54,2.1187014415200003
PJMD_conventional_hydroelectric_1_inlet,55,2.1187014415200003
PJMD_conventional_hydroelectric_1_inlet,56,2.2513032
PJMD_conventional_hydroelectric_1_inlet,57,2.12252865696
PJMD_conventional_hydroelectric_1_inlet,58,2.1216281356800004
PJMD_conventional_hydroelectric_1_inlet,59,0.36628703064000007
PJMD_conventional_hydroelectric_1_inlet,60,0.36516137904000007
PJMD_conventional_hydroelectric_1_inlet,61,0.3640357274400001
PJMD_conventional_hydroelectric_1_inlet,62,0.36291007584000007
PJMD_conventional_hydroelectric_1_inlet,63,0.36178442424
PJMD_conventional_hydroelectric_1_inlet,64,0.36065877264000007
PJMD_conventional_hydroelectric_1_inlet,65,0.35953312104
PJMD_conventional_hydroelectric_1_inlet,66,0.35840746944
PJMD_conventional_hydroelectric_1_inlet,67,0.35728181784000007
PJMD_conventional_hydroelectric_1_inlet,68,0.35615616624000007
PJMD_conventional_hydroelectric_1_inlet,69,0.35503051464
PJMD_conventional_hydroelectric_1_inlet,70,0.0
PJMD_conventional_hydroelectric_1_inlet,71,0.35277921144
PJMD_conventional_hydroelectric_1_inlet,72,0.35142842952000003
PJMD_conventional_hydroelectric_1_inlet,73,0.0
PJMD_conventional_hydroelectric_1_inlet,74,0.0
PJMD_conventional_hydroelectric_1_inlet,75,0.0
PJMD_conventional_hydroelectric_1_inlet,76,0.0
PJMD_conventional_hydroelectric_1_inlet,77,0.0
PJMD_conventional_hydroelectric_1_inlet,78,0.0
PJMD_conventional_hydroelectric_1_inlet,79,0.0
PJMD_conventional_hydroelectric_1_inlet,80,0.13260175848000003
PJMD_conventional_hydroelectric_1_inlet,81,0.003827215440000029
PJMD_conventional_hydroelectric_1_inlet,82,0.002926694160000025
PJMD_conventional_hydroelectric_1_inlet,83,0.0015759122400000962
PJMD_conventional_hydroelectric_1_inlet,84,0.00045026064000010425
PJMD_conventional_hydroelectric_1_inlet,85,0.0
PJMD_conventional_hydroelectric_1_inlet,86,0.3595331210400004
PJMD_conventional_hydroelectric_1_inlet,87,0.35818233911999997
PJMD_conventional_hydroelectric_1_inlet,88,0.35705668752000014
PJMD_conventional_hydroelectric_1_inlet,89,0.0
PJMD_conventional_hydroelectric_1_inlet,90,0.49100922792
PJMD_conventional_hydroelectric_1_inlet,91,0.48988357632
PJMD_conventional_hydroelectric_1_inlet,92,0.48875792472
PJMD_conventional_hydroelectric_1_inlet,93,0.48763227312000007
PJMD_conventional_hydroelectric_1_inlet,94,0.13260175848000003
PJMD_conventional_hydroelectric_1_inlet,95,0.48538096992000007
PJMD_conventional_hydroelectric_1_inlet,96,0.0
PJMD_conventional_hydroelectric_1_inlet,97,0.13260175848000003
PJMD_conventional_hydroelectric_1_inlet,98,0.13260175848000003
PJMD_conventional_hydroelectric_1_inlet,99,0.13260175848000003
PJMD_conventional_hydroelectric_1_inlet,100,0.13260175848000003
PJMD_conventional_hydroelectric_1_inlet,101,0.13260175848000003
PJMD_conventional_hydroelectric_1_inlet,102,0.13260175848000003
PJMD_conventional_hydroelectric_1_inlet,103,0.13260175848000003
PJMD_conventional_hydroelectric_1_inlet,104,0.0
PJMD_conventional_hydroelectric_1_inlet,105,0.13642897392000003
PJMD_conventional_hydroelectric_1_inlet,106,0.13552845264000005
PJMD_conventional_hydroelectric_1_inlet,107,0.13417767072000011
PJMD_conventional_hydroelectric_1_inlet,108,0.13305201912000011
PJMD_conventional_hydroelectric_1_inlet,109,0.1317012372000001
PJMD_conventional_hydroelectric_1_inlet,110,0.4921348795200004
PJMD_conventional_hydroelectric_1_inlet,111,0.49078409759999997
PJMD_conventional_hydroelectric_1_inlet,112,0.4896584460000002
PJMD_conventional_hydroelectric_1_inlet,113,0.13260175848000003
PJMD_conventional_hydroelectric_1_inlet,114,0.6236109864
PJMD_conventional_hydroelectric_1_inlet,115,0.6224853348000001
PJMD_conventional_hydroelectric_1_inlet,116,0.4849307092800002
PJMD_conventional_hydroelectric_1_inlet,117,0.4838050576800004
PJMD_conventional_hydroelectric_1_inlet,118,0.26520351696000005
PJMD_conventional_hydroelectric_1_inlet,119,0.6179827284000001
PJMD_conventional_hydroelectric_1_inlet,120,0.13260175848000003
PJMD_conventional_hydroelectric_1_inlet,121,0.4581402012
PJMD_conventional_hydroelectric_1_inlet,122,0.45881559216
PJMD_conventional_hydroelectric_1_inlet,123,0.45949098312000003
PJMD_conventional_hydroelectric_1_inlet,124,0.45994124376
PJMD_conventional_hydroelectric_1_inlet,125,0.0
PJMD_conventional_hydroelectric_1_inlet,126,0.0
PJMD_conventional_hydroelectric_1_inlet,127,0.0
PJMD_conventional_hydroelectric_1_inlet,128,0.0
PJMD_conventional_hydroelectric_1_inlet,129,0.46714541400000004
PJMD_conventional_hydroelectric_1_inlet,130,0.46669515336000006
PJMD_conventional_hydroelectric_1_inlet,131,0.46601976240000015
PJMD_conventional_hydroelectric_1_inlet,132,0.46556950176000017
PJMD_conventional_hydroelectric_1_inlet,133,0.4648941108000001
PJMD_conventional_hydroelectric_1_inlet,134,0.8260031440800004
PJMD_conventional_hydroelectric_1_inlet,135,0.8253277531200001
PJMD_conventional_hydroelectric_1_inlet,136,0.8248774924800002
PJMD_conventional_hydroelectric_1_inlet,137,0.46827106560000004
PJMD_conventional_hydroelectric_1_inlet,138,0.9599556844800001
PJMD_conventional_hydroelectric_1_inlet,139,0.9595054238400003
PJMD_conventional_hydroelectric_1_inlet,140,0.8226261892800002
PJMD_conventional_hydroelectric_1_inlet,141,0.8221759286400003
PJMD_conventional_hydroelectric_1_inlet,142,0.46016637408000005
PJMD_conventional_hydroelectric_1_inlet,143,0.45949098312000014
PJMD_conventional_hydroelectric_1_inlet,144,0.45904072248000016
PJMD_conventional_hydroelectric_1_inlet,145,0.8215005376800001
PJMD_conventional_hydroelectric_1_inlet,146,0.8221759286400001
PJMD_conventional_hydroelectric_1_inlet,147,0.8228513196
PJMD_conventional_hydroelectric_1_inlet,148,0.82330158024
PJMD_conventional_hydroelectric_1_inlet,149,0.36336033648000005
PJMD_conventional_hydroelectric_1_inlet,150,0.36336033648000005
PJMD_conventional_hydroelectric_1_inlet,151,0.36336033648000005
PJMD_conventional_hydroelectric_1_inlet,152,0.36336033648000005
PJMD_conventional_hydroelectric_1_inlet,153,0.8305057504800001
PJMD_conventional_hydroelectric_1_inlet,154,0.8300554898400001
PJMD_conventional_hydroelectric_1_inlet,155,0.8293800988800002
PJMD_conventional_hydroelectric_1_inlet,156,0.8289298382400002
PJMD_conventional_hydroelectric_1_inlet,157,0.8282544472800001
PJMD_conventional_hydroelectric_1_inlet,158,1.1893634805600004
PJMD_conventional_hydroelectric_1_inlet,159,1.1886880896
PJMD_conventional_hydroelectric_1_inlet,160,1.1882378289600002
PJMD_conventional_hydroelectric_1_inlet,161,0.8316314020800001
PJMD_conventional_hydroelectric_1_inlet,162,1.3233160209600001
PJMD_conventional_hydroelectric_1_inlet,163,1.3228657603200003
PJMD_conventional_hydroelectric_1_inlet,164,1.1859865257600002
PJMD_conventional_hydroelectric_1_inlet,165,1.1855362651200003
PJMD_conventional_hydroelectric_1_inlet,166,0.82352671056
PJMD_conventional_hydroelectric_1_inlet,167,0.8228513196000001
PJMD_conventional_hydroelectric_1_inlet,168,0.8224010589600002
PJMD_conventional_hydroelectric_1_inlet,169,1.31521132944
PJMD_conventional_hydroelectric_1_inlet,170,1.31633698104
PJMD_conventional_hydroelectric_1_inlet,171,1.3176877629600001
PJMD_conventional_hydroelectric_1_inlet,172,1.31858828424
PJMD_conventional_hydroelectric_1_inlet,173,0.85909730112
PJMD_conventional_hydroelectric_1_inlet,174,0.8597726920800001
PJMD_conventional_hydroelectric_1_inlet,175,0.86022295272
PJMD_conventional_hydroelectric_1_inlet,176,0.8608983436800001
PJMD_conventional_hydroelectric_1_inlet,177,1.3284940183200002
PJMD_conventional_hydroelectric_1_inlet,178,1.3284940183200002
PJMD_conventional_hydroelectric_1_inlet,179,1.3284940183200002
PJMD_conventional_hydroelectric_1_inlet,180,1.3284940183200002
PJMD_conventional_hydroelectric_1_inlet,181,1.3284940183200002
PJMD_conventional_hydroelectric_1_inlet,182,1.6900533122400003
PJMD_conventional_hydroelectric_1_inlet,183,1.6900533122400003
PJMD_conventional_hydroelectric_1_inlet,184,1.6900533122400003
PJMD_conventional_hydroelectric_1_inlet,185,1.3338971460000002
PJMD_conventional_hydroelectric_1_inlet,186,1.6900533122400003
PJMD_conventional_hydroelectric_1_inlet,187,1.8262571558400003
PJMD_conventional_hydroelectric_1_inlet,188,1.6900533122400003
PJMD_conventional_hydroelectric_1_inlet,189,1.6900533122400003
PJMD_conventional_hydroelectric_1_inlet,190,1.3284940183200002
PJMD_conventional_hydroelectric_1_inlet,191,1.3284940183200002
PJMD_conventional_hydroelectric_1_inlet,192,1.3284940183200002
PJMD_conventional_hydroelectric_1_inlet,193,1.8764612172000001
PJMD_conventional_hydroelectric_1_inlet,194,1.8775868688000001
PJMD_conventional_hydroelectric_1_inlet,195,1.8789376507200004
PJMD_conventional_hydroelectric_1_inlet,196,1.8798381720000001
PJMD_conventional_hydroelectric_1_inlet,197,1.4203471888800001
PJMD_conventional_hydroelectric_1_inlet,198,1.4210225798400002
PJMD_conventional_hydroelectric_1_inlet,199,1.42147284048
PJMD_conventional_hydroelectric_1_inlet,200,1.4221482314400002
PJMD_conventional_hydroelectric_1_inlet,201,1.8897439060800003
PJMD_conventional_hydroelectric_1_inlet,202,1.8897439060800003
PJMD_conventional_hydroelectric_1_inlet,203,1.8897439060800003
PJMD_conventional_hydroelectric_1_inlet,204,1.8897439060800003
PJMD_conventional_hydroelectric_1_inlet,205,1.8897439060800003
PJMD_conventional_hydroelectric_1_inlet,206,2.2513032
PJMD_conventional_hydroelectric_1_inlet,207,2.2513032
PJMD_conventional_hydroelectric_1_inlet,208,2.2513032
PJMD_conventional_hydroelectric_1_inlet,209,1.8951470337599998
PJMD_conventional_hydroelectric_1_inlet,210,2.2513032
PJMD_conventional_hydroelectric_1_inlet,211,2.2513032
PJMD_conventional_hydroelectric_1_inlet,212,2.2513032
PJMD_conventional_hydroelectric_1_inlet,213,2.2513032
PJMD_conventional_hydroelectric_1_inlet,214,1.8897439060800003
PJMD_conventional_hydroelectric_1_inlet,215,1.8897439060800003
PJMD_conventional_hydroelectric_1_inlet,216,1.8897439060800003
PJMD_conventional_hydroelectric_1_inlet,217,2.2380205111200002
PJMD_conventional_hydroelectric_1_inlet,218,2.2391461627200004
PJMD_conventional_hydroelectric_1_inlet,219,2.2404969446400007
PJMD_conventional_hydroelectric_1_inlet,220,2.2413974659200004
PJMD_conventional_hydroelectric_1_inlet,221,1.7819064828
PJMD_conventional_hydroelectric_1_inlet,222,1.78258187376
PJMD_conventional_hydroelectric_1_inlet,223,1.7830321344
PJMD_conventional_hydroelectric_1_inlet,224,1.78370752536
PJMD_conventional_hydroelectric_1_inlet,225,2.2513032
PJMD_conventional_hydroelectric_1_inlet,226,2.2513032
PJMD_conventional_hydroelectric_1_inlet,227,2.2513032
PJMD_conventional_hydroelectric_1_inlet,228,2.2513032
PJMD_conventional_hydroelectric_1_inlet,229,2.2513032
PJMD_conventional_hydroelectric_1_inlet,230,2.2513032
PJMD_conventional_hydroelectric_1_inlet,231,2.2513032
PJMD_conventional_hydroelectric_1_inlet,232,2.2513032
PJMD_conventional_hydroelectric_1_inlet,233,2.2513032
PJMD_conventional_hydroelectric_1_inlet,234,2.2513032
PJMD_conventional_hydroelectric_1_inlet,235,2.2513032
PJMD_conventional_hydroelectric_1_inlet,236,2.2513032
PJMD_conventional_hydroelectric_1_inlet,237,2.2513032
PJMD_conventional_hydroelectric_1_inlet,238,2.2513032
PJMD_conventional_hydroelectric_1_inlet,239,2.2513032
PJMD_conventional_hydroelectric_1_inlet,240,2.2513032
PJMD_conventional_hydroelectric_1_inlet,241,2.0153666246400004
PJMD_conventional_hydroelectric_1_inlet,242,2.0153666246400004
PJMD_conventional_hydroelectric_1_inlet,243,2.0153666246400004
PJMD_conventional_hydroelectric_1_inlet,244,2.0153666246400004
PJMD_conventional_hydroelectric_1_inlet,245,2.0153666246400004
PJMD_conventional_hydroelectric_1_inlet,246,2.0153666246400004
PJMD_conventional_hydroelectric_1_inlet,247,2.0153666246400004
PJMD_conventional_hydroelectric_1_inlet,248,2.0153666246400004
PJMD_conventional_hydroelectric_1_inlet,249,1.815063453131972
PJMD_conventional_hydroelectric_1_inlet,250,2.0153666246400004
PJMD_conventional_hydroelectric_1_inlet,251,2.0153666246400004
PJMD_conventional_hydroelectric_1_inlet,252,2.0153666246400004
PJMD_conventional_hydroelectric_1_inlet,253,2.0153666246400004
PJMD_conventional_hydroelectric_1_inlet,254,2.0153666246400004
PJMD_conventional_hydroelectric_1_inlet,255,2.0153666246400004
PJMD_conventional_hydroelectric_1_inlet,256,2.0153666246400004
PJMD_conventional_hydroelectric_1_inlet,257,2.0153666246400004
PJMD_conventional_hydroelectric_1_inlet,258,2.0153666246400004
PJMD_conventional_hydroelectric_1_inlet,259,2.0153666246400004
PJMD_conventional_hydroelectric_1_inlet,260,2.0153666246400004
PJMD_conventional_hydroelectric_1_inlet,261,2.0153666246400004
PJMD_conventional_hydroelectric_1_inlet,262,2.1316779957599974
PJMD_conventional_hydroelectric_1_inlet,263,2.0153666246400004
PJMD_conventional_hydroelectric_1_inlet,264,2.0153666246400004
PJMD_conventional_hydroelectric_1_inlet,265,2.2513032
PJMD_conventional_hydroelectric_1_inlet,266,2.2513032
PJMD_conventional_hydroelectric_1_inlet,267,2.2513032
PJMD_conventional_hydroelectric_1_inlet,268,2.2513032
PJMD_conventional_hydroelectric_1_inlet,269,2.2513032
PJMD_conventional_hydroelectric_1_inlet,270,2.2513032
PJMD_conventional_hydroelectric_1_inlet,271,2.2513032
PJMD_conventional_hydroelectric_1_inlet,272,2.2513032
PJMD_conventional_hydroelectric_1_inlet,273,2.0510000284919716
PJMD_conventional_hydroelectric_1_inlet,274,2.2513032
PJMD_conventional_hydroelectric_1_inlet,275,2.2513032
PJMD_conventional_hydroelectric_1_inlet,276,2.2513032
PJMD_conventional_hydroelectric_1_inlet,277,2.2513032
PJMD_conventional_hydroelectric_1_inlet,278,2.2513032
PJMD_conventional_hydroelectric_1_inlet,279,2.2513032
PJMD_conventional_hydroelectric_1_inlet,280,2.2513032
PJMD_conventional_hydroelectric_1_inlet,281,2.2513032
PJMD_conventional_hydroelectric_1_inlet,282,2.2513032
PJMD_conventional_hydroelectric_1_inlet,283,2.2513032
PJMD_conventional_hydroelectric_1_inlet,284,2.2513032
PJMD_conventional_hydroelectric_1_inlet,285,2.2513032
PJMD_conventional_hydroelectric_1_inlet,286,2.2513032
PJMD_conventional_hydroelectric_1_inlet,287,2.2513032
PJMD_conventional_hydroelectric_1_inlet,288,2.2513032
PJMD_conventional_hydroelectric_1_inlet,289,0.6591573072958046
PJMD_conventional_hydroelectric_1_inlet,290,1.8539481852000004
PJMD_conventional_hydroelectric_1_inlet,291,2.0552146912800002
PJMD_conventional_hydroelectric_1_inlet,292,2.0552146912800002
PJMD_conventional_hydroelectric_1_inlet,293,2.0552146912800002
PJMD_conventional_hydroelectric_1_inlet,294,2.0552146912800002
PJMD_conventional_hydroelectric_1_inlet,295,2.0552146912800002
PJMD_conventional_hydroelectric_1_inlet,296,1.8534979245600003
PJMD_conventional_hydroelectric_1_inlet,297,2.2513032
PJMD_conventional_hydroelectric_1_inlet,298,2.0552146912800002
PJMD_conventional_hydroelectric_1_inlet,299,1.4179405377542489
PJMD_conventional_hydroelectric_1_inlet,300,1.0737024062457516
PJMD_conventional_hydroelectric_1_inlet,301,1.8530476639200002
PJMD_conventional_hydroelectric_1_inlet,302,1.8530476639200002
PJMD_conventional_hydroelectric_1_inlet,303,2.0552146912800002
PJMD_conventional_hydroelectric_1_inlet,304,2.2513032
PJMD_conventional_hydroelectric_1_inlet,305,1.8407824495199874
PJMD_conventional_hydroelectric_1_inlet,306,1.8528225336000004
PJMD_conventional_hydroelectric_1_inlet,307,1.176167781360006
PJMD_conventional_hydroelectric_1_inlet,308,2.0552146912800002
PJMD_conventional_hydroelectric_1_inlet,309,0.2161251072000001
PJMD_conventional_hydroelectric_1_inlet,310,2.0552146912800002
PJMD_conventional_hydroelectric_1_inlet,311,2.2513032
PJMD_conventional_hydroelectric_1_inlet,312,2.2513032
PJMD_conventional_hydroelectric_1_inlet,313,0.8552458160158046
PJMD_conventional_hydroelectric_1_inlet,314,2.0500366939200005
PJMD_conventional_hydroelectric_1_inlet,315,2.2513032
PJMD_conventional_hydroelectric_1_inlet,316,2.2513032
PJMD_conventional_hydroelectric_1_inlet,317,2.2513032
PJMD_conventional_hydroelectric_1_inlet,318,2.2513032
PJMD_conventional_hydroelectric_1_inlet,319,2.2513032
PJMD_conventional_hydroelectric_1_inlet,320,2.0495864332800005
PJMD_conventional_hydroelectric_1_inlet,321,2.2513032
PJMD_conventional_hydroelectric_1_inlet,322,2.2513032
PJMD_conventional_hydroelectric_1_inlet,323,1.614029046474249
PJMD_conventional_hydroelectric_1_inlet,324,1.091765154748506
PJMD_conventional_hydroelectric_1_inlet,325,2.0491361726400004
PJMD_conventional_hydroelectric_1_inlet,326,2.0491361726400004
PJMD_conventional_hydroelectric_1_inlet,327,2.2513032
PJMD_conventional_hydroelectric_1_inlet,328,1.8345869776800001
PJMD_conventional_hydroelectric_1_inlet,329,2.0368709582399873
PJMD_conventional_hydroelectric_1_inlet,330,2.0489110423200003
PJMD_conventional_hydroelectric_1_inlet,331,1.3722562900800062
PJMD_conventional_hydroelectric_1_inlet,332,2.2513032
PJMD_conventional_hydroelectric_1_inlet,333,0.4122136159200001
PJMD_conventional_hydroelectric_1_inlet,334,2.2513032
PJMD_conventional_hydroelectric_1_inlet,335,2.2513032
PJMD_conventional_hydroelectric_1_inlet,336,2.2513032
PJMD_conventional_hydroelectric_1_inlet,337,0.0
PJMD_conventional_hydroelectric_1_inlet,338,0.0
PJMD_conventional_hydroelectric_1_inlet,339,0.20149163639999979
PJMD_conventional_hydroelectric_1_inlet,340,0.6747155690400004
PJMD_conventional_hydroelectric_1_inlet,341,0.6744904387200004
PJMD_conventional_hydroelectric_1_inlet,342,1.1148453446400004
PJMD_conventional_hydroelectric_1_inlet,343,1.2431696270400001
PJMD_conventional_hydroelectric_1_inlet,344,0.0
PJMD_conventional_hydroelectric_1_inlet,345,0.6711134839200003
PJMD_conventional_hydroelectric_1_inlet,346,2.2513032
PJMD_conventional_hydroelectric_1_inlet,347,0.0
PJMD_conventional_hydroelectric_1_inlet,348,0.0
PJMD_conventional_hydroelectric_1_inlet,349,0.0
PJMD_conventional_hydroelectric_1_inlet,350,0.0
PJMD_conventional_hydroelectric_1_inlet,351,2.0372042656800002
PJMD_conventional_hydroelectric_1_inlet,352,2.03697913536
PJMD_conventional_hydroelectric_1_inlet,353,0.0
PJMD_conventional_hydroelectric_1_inlet,354,0.0
PJMD_conventional_hydroelectric_1_inlet,355,0.0
PJMD_conventional_hydroelectric_1_inlet,356,0.9234935690400002
PJMD_conventional_hydroelectric_1_inlet,357,0.6148309039200002
PJMD_conventional_hydroelectric_1_inlet,358,2.0365288747200005
PJMD_conventional_hydroelectric_1_inlet,359,2.2513032
PJMD_conventional_hydroelectric_1_inlet,360,0.20284241832000002
PJMD_conventional_hydroelectric_1_inlet,361,0.0
PJMD_conventional_hydroelectric_1_inlet,362,0.0
PJMD_conventional_hydroelectric_1_inlet,363,0.41491517975999975
PJMD_conventional_hydroelectric_1_inlet,364,0.8881391124000004
PJMD_conventional_hydroelectric_1_inlet,365,0.8879139820800003
PJMD_conventional_hydroelectric_1_inlet,366,1.3284940183200005
PJMD_conventional_hydroelectric_1_inlet,367,1.4568183007200002
PJMD_conventional_hydroelectric_1_inlet,368,0.21364867367999998
PJMD_conventional_hydroelectric_1_inlet,369,0.8847621576000002
PJMD_conventional_hydroelectric_1_inlet,370,1.465705207252431
PJMD_conventional_hydroelectric_1_inlet,371,0.0
PJMD_conventional_hydroelectric_1_inlet,372,0.0
PJMD_conventional_hydroelectric_1_inlet,373,0.0
PJMD_conventional_hydroelectric_1_inlet,374,0.0
PJMD_conventional_hydroelectric_1_inlet,375,0.0
PJMD_conventional_hydroelectric_1_inlet,376,0.0
PJMD_conventional_hydroelectric_1_inlet,377,0.0
PJMD_conventional_hydroelectric_1_inlet,378,0.21432406464000003
PJMD_conventional_hydroelectric_1_inlet,379,0.0
PJMD_conventional_hydroelectric_1_inlet,380,0.0
PJMD_conventional_hydroelectric_1_inlet,381,0.0
PJMD_conventional_hydroelectric_1_inlet,382,0.0
PJMD_conventional_hydroelectric_1_inlet,383,2.2513032
PJMD_conventional_hydroelectric_1_inlet,384,0.41761674360000006
PJMD_conventional_hydroelectric_1_inlet,385,0.20396806992000002
PJMD_conventional_hydroelectric_1_inlet,386,0.20396806992000002
PJMD_conventional_hydroelectric_1_inlet,387,0.6186581193599998
PJMD_conventional_hydroelectric_1_inlet,388,1.0918820520000003
PJMD_conventional_hydroelectric_1_inlet,389,1.0914317913600002
PJMD_conventional_hydroelectric_1_inlet,390,1.5320118276000003
PJMD_conventional_hydroelectric_1_inlet,391,1.6601109796800002
PJMD_conventional_hydroelectric_1_inlet,392,0.41694135264000004
PJMD_conventional_hydroelectric_1_inlet,393,1.0878297062400004
PJMD_conventional_hydroelectric_1_inlet,394,1.6687727558924312
PJMD_conventional_hydroelectric_1_inlet,395,0.20284241832
PJMD_conventional_hydroelectric_1_inlet,396,0.20284241832
PJMD_conventional_hydroelectric_1_inlet,397,0.20261728799999998
PJMD_conventional_hydroelectric_1_inlet,398,0.20261728799999998
PJMD_conventional_hydroelectric_1_inlet,399,0.20239215768000002
PJMD_conventional_hydroelectric_1_inlet,400,0.20239215768000002
PJMD_conventional_hydroelectric_1_inlet,401,0.20239215768000002
PJMD_conventional_hydroelectric_1_inlet,402,0.4164910920000001
PJMD_conventional_hydroelectric_1_inlet,403,0.20216702736000003
PJMD_conventional_hydroelectric_1_inlet,404,0.20194189704
PJMD_conventional_hydroelectric_1_inlet,405,0.20194189704
PJMD_conventional_hydroelectric_1_inlet,406,0.20171676672000002
PJMD_conventional_hydroelectric_1_inlet,407,2.2513032
PJMD_conventional_hydroelectric_1_inlet,408,0.6191083800000001
PJMD_conventional_hydroelectric_1_inlet,409,0.39217701744000005
PJMD_conventional_hydroelectric_1_inlet,410,0.39217701744000005
PJMD_conventional_hydroelectric_1_inlet,411,0.8066419365599999
PJMD_conventional_hydroelectric_1_inlet,412,1.2798658692000004
PJMD_conventional_hydroelectric_1_inlet,413,1.2791904782400003
PJMD_conventional_hydroelectric_1_inlet,414,1.7197705144800004
PJMD_conventional_hydroelectric_1_inlet,415,1.8478696665600003
PJMD_conventional_hydroelectric_1_inlet,416,0.6044749092
PJMD_conventional_hydroelectric_1_inlet,417,1.2753632628000002
PJMD_conventional_hydroelectric_1_inlet,418,1.2744627415200003
PJMD_conventional_hydroelectric_1_inlet,419,0.39015084456
PJMD_conventional_hydroelectric_1_inlet,420,0.0
PJMD_conventional_hydroelectric_1_inlet,421,0.0
PJMD_conventional_hydroelectric_1_inlet,422,0.0
PJMD_conventional_hydroelectric_1_inlet,423,0.0
PJMD_conventional_hydroelectric_1_inlet,424,0.0
PJMD_conventional_hydroelectric_1_inlet,425,0.0
PJMD_conventional_hydroelectric_1_inlet,426,0.0
PJMD_conventional_hydroelectric_1_inlet,427,0.38857493232
PJMD_conventional_hydroelectric_1_inlet,428,0.38812467168000003
PJMD_conventional_hydroelectric_1_inlet,429,0.0
PJMD_conventional_hydroelectric_1_inlet,430,0.38767441104000006
PJMD_conventional_hydroelectric_1_inlet,431,0.8494166973600003
PJMD_conventional_hydroelectric_1_inlet,432,0.8048408940000001
PJMD_conventional_hydroelectric_1_inlet,433,0.5747577069600002
PJMD_conventional_hydroelectric_1_inlet,434,0.5747577069600002
PJMD_conventional_hydroelectric_1_inlet,435,0.9892226260799999
PJMD_conventional_hydroelectric_1_inlet,436,1.4624465587200004
PJMD_conventional_hydroelectric_1_inlet,437,1.4617711677600003
PJMD_conventional_hydroelectric_1_inlet,438,1.9023512040000004
PJMD_conventional_hydroelectric_1_inlet,439,2.0304503560800002
PJMD_conventional_hydroelectric_1_inlet,440,0.78705559872
PJMD_conventional_hydroelectric_1_inlet,441,1.4579439523200004
PJMD_conventional_hydroelectric_1_inlet,442,1.4570434310400004
PJMD_conventional_hydroelectric_1_inlet,443,0.57273153408
PJMD_conventional_hydroelectric_1_inlet,444,0.18258068952000003
PJMD_conventional_hydroelectric_1_inlet,445,0.18258068952000003
PJMD_conventional_hydroelectric_1_inlet,446,0.18258068952000003
PJMD_conventional_hydroelectric_1_inlet,447,0.18258068952000003
PJMD_conventional_hydroelectric_1_inlet,448,0.18258068952000003
PJMD_conventional_hydroelectric_1_inlet,449,0.18258068952000003
PJMD_conventional_hydroelectric_1_inlet,450,0.18258068952000003
PJMD_conventional_hydroelectric_1_inlet,451,0.5711556218400001
PJMD_conventional_hydroelectric_1_inlet,452,0.5707053612
PJMD_conventional_hydroelectric_1_inlet,453,0.18258068952000003
PJMD_conventional_hydroelectric_1_inlet,454,0.5702551005600001
PJMD_conventional_hydroelectric_1_inlet,455,1.03199738688
PJMD_conventional_hydroelectric_1_inlet,456,0.9874215835200002
PJMD_conventional_hydroelectric_1_inlet,457,0.6949772978400002
PJMD_conventional_hydroelectric_1_inlet,458,0.6947521675200001
PJMD_conventional_hydroelectric_1_inlet,459,1.10899195632
PJMD_conventional_hydroelectric_1_inlet,460,1.5819907586400004
PJMD_conventional_hydroelectric_1_inlet,461,1.5810902373600004
PJMD_conventional_hydroelectric_1_inlet,462,2.0214451432800007
PJMD_conventional_hydroelectric_1_inlet,463,2.1493191650400005
PJMD_conventional_hydroelectric_1_inlet,464,0.90569927736
PJMD_conventional_hydroelectric_1_inlet,465,1.5763625006400004
PJMD_conventional_hydroelectric_1_inlet,466,1.5752368490400004
PJMD_conventional_hydroelectric_1_inlet,467,0.69069982176
PJMD_conventional_hydroelectric_1_inlet,468,0.30032384688
PJMD_conventional_hydroelectric_1_inlet,469,0.30009871656000003
PJMD_conventional_hydroelectric_1_inlet,470,0.29987358624
PJMD_conventional_hydroelectric_1_inlet,471,0.29964845592000006
PJMD_conventional_hydroelectric_1_inlet,472,0.2994233256
PJMD_conventional_hydroelectric_1_inlet,473,0.29919819528
PJMD_conventional_hydroelectric_1_inlet,474,0.29897306496000003
PJMD_conventional_hydroelectric_1_inlet,475,0.6873228669600001
PJMD_conventional_hydroelectric_1_inlet,476,0.686647476
PJMD_conventional_hydroelectric_1_inlet,477,0.298297674
PJMD_conventional_hydroelectric_1_inlet,478,0.68574695472
PJMD_conventional_hydroelectric_1_inlet,479,1.1472641107200003
PJMD_conventional_hydroelectric_1_inlet,480,1.1026883073600002
PJMD_conventional_hydroelectric_1_inlet,481,0.7969613328000001
PJMD_conventional_hydroelectric_1_inlet,482,0.7967362024800001
PJMD_conventional_hydroelectric_1_inlet,483,1.21097599128
PJMD_conventional_hydroelectric_1_inlet,484,1.6839747936000005
PJMD_conventional_hydroelectric_1_inlet,485,1.6830742723200003
PJMD_conventional_hydroelectric_1_inlet,486,2.1234291782400003
PJMD_conventional_hydroelectric_1_inlet,487,2.2513032
PJMD_conventional_hydroelectric_1_inlet,488,1.00768331232
PJMD_conventional_hydroelectric_1_inlet,489,1.6783465356000002
PJMD_conventional_hydroelectric_1_inlet,490,1.6772208840000002
PJMD_conventional_hydroelectric_1_inlet,491,0.79268385672
PJMD_conventional_hydroelectric_1_inlet,492,0.40230788184000005
PJMD_conventional_hydroelectric_1_inlet,493,0.40208275152000006
PJMD_conventional_hydroelectric_1_inlet,494,0.4018576212
PJMD_conventional_hydroelectric_1_inlet,495,0.4016324908800001
PJMD_conventional_hydroelectric_1_inlet,496,0.40140736056000004
PJMD_conventional_hydroelectric_1_inlet,497,0.40118223024000005
PJMD_conventional_hydroelectric_1_inlet,498,0.40095709992000006
PJMD_conventional_hydroelectric_1_inlet,499,0.7893069019200002
PJMD_conventional_hydroelectric_1_inlet,500,0.7886315109600001
PJMD_conventional_hydroelectric_1_inlet,501,0.40028170896000004
PJMD_conventional_hydroelectric_1_inlet,502,0.7877309896800001
PJMD_conventional_hydroelectric_1_inlet,503,1.2492481456800002
PJMD_conventional_hydroelectric_1_inlet,504,1.2046723423200003
PJMD_conventional_hydroelectric_1_inlet,505,0.9248353545600001
PJMD_conventional_hydroelectric_1_inlet,506,0.9246102242400001
PJMD_conventional_hydroelectric_1_inlet,507,1.33885001304
PJMD_conventional_hydroelectric_1_inlet,508,1.8118488153600005
PJMD_conventional_hydroelectric_1_inlet,509,1.8109482940800004
PJMD_conventional_hydroelectric_1_inlet,510,2.2513032
PJMD_conventional_hydroelectric_1_inlet,511,2.2513032
PJMD_conventional_hydroelectric_1_inlet,512,1.13555733408
PJMD_conventional_hydroelectric_1_inlet,513,1.8062205573600003
PJMD_conventional_hydroelectric_1_inlet,514,1.8050949057600003
PJMD_conventional_hydroelectric_1_inlet,515,0.92055787848
PJMD_conventional_hydroelectric_1_inlet,516,0.5301819036000001
PJMD_conventional_hydroelectric_1_inlet,517,0.5299567732800001
PJMD_conventional_hydroelectric_1_inlet,518,0.5297316429600001
PJMD_conventional_hydroelectric_1_inlet,519,0.5295065126400001
PJMD_conventional_hydroelectric_1_inlet,520,0.5292813823200001
PJMD_conventional_hydroelectric_1_inlet,521,0.5290562520000001
PJMD_conventional_hydroelectric_1_inlet,522,0.5288311216800001
PJMD_conventional_hydroelectric_1_inlet,523,0.9171809236800001
PJMD_conventional_hydroelectric_1_inlet,524,0.91650553272
PJMD_conventional_hydroelectric_1_inlet,525,0.5281557307200001
PJMD_conventional_hydroelectric_1_inlet,526,0.9156050114400001
PJMD_conventional_hydroelectric_1_inlet,527,1.3771221674400003
PJMD_conventional_hydroelectric_1_inlet,528,1.3325463640800004
PJMD_conventional_hydroelectric_1_inlet,529,1.04280364224
PJMD_conventional_hydroelectric_1_inlet,530,1.0423533816
PJMD_conventional_hydroelectric_1_inlet,531,1.4565931704
PJMD_conventional_hydroelectric_1_inlet,532,1.9295919727200004
PJMD_conventional_hydroelectric_1_inlet,533,1.9284663211200004
PJMD_conventional_hydroelectric_1_inlet,534,2.1497694256800006
PJMD_conventional_hydroelectric_1_inlet,535,2.1497694256800006
PJMD_conventional_hydroelectric_1_inlet,536,1.1594211480000005
PJMD_conventional_hydroelectric_1_inlet,537,1.9235134540800003
PJMD_conventional_hydroelectric_1_inlet,538,1.9223878024800003
PJMD_conventional_hydroelectric_1_inlet,539,1.03762564488
PJMD_conventional_hydroelectric_1_inlet,540,0.64724967
PJMD_conventional_hydroelectric_1_inlet,541,0.6470245396800001
PJMD_conventional_hydroelectric_1_inlet,542,0.6465742790400001
PJMD_conventional_hydroelectric_1_inlet,543,0.6463491487200002
PJMD_conventional_hydroelectric_1_inlet,544,0.6461240184000001
PJMD_conventional_hydroelectric_1_inlet,545,0.64567375776
PJMD_conventional_hydroelectric_1_inlet,546,0.6454486274400001
PJMD_conventional_hydroelectric_1_inlet,547,1.03379842944
PJMD_conventional_hydroelectric_1_inlet,548,1.03289790816
PJMD_conventional_hydroelectric_1_inlet,549,0.64454810616
PJMD_conventional_hydroelectric_1_inlet,550,1.03199738688
PJMD_conventional_hydroelectric_1_inlet,551,1.4935145428800003
PJMD_conventional_hydroelectric_1_inlet,552,1.4487136092000004
PJMD_conventional_hydroelectric_1_inlet,553,1.14433741656
PJMD_conventional_hydroelectric_1_inlet,554,1.14388715592
PJMD_conventional_hydroelectric_1_inlet,555,1.5581269447199997
PJMD_conventional_hydroelectric_1_inlet,556,2.0311257470400004
PJMD_conventional_hydroelectric_1_inlet,557,2.03000009544
PJMD_conventional_hydroelectric_1_inlet,558,2.2513032
PJMD_conventional_hydroelectric_1_inlet,559,2.2513032
PJMD_conventional_hydroelectric_1_inlet,560,1.2609549223200005
PJMD_conventional_hydroelectric_1_inlet,561,2.0250472284000005
PJMD_conventional_hydroelectric_1_inlet,562,2.0239215768000003
PJMD_conventional_hydroelectric_1_inlet,563,1.1391594192
PJMD_conventional_hydroelectric_1_inlet,564,0.74878344432
PJMD_conventional_hydroelectric_1_inlet,565,0.7485583140000001
PJMD_conventional_hydroelectric_1_inlet,566,0.7481080533600001
PJMD_conventional_hydroelectric_1_inlet,567,0.7478829230400001
PJMD_conventional_hydroelectric_1_inlet,568,0.7476577927200001
PJMD_conventional_hydroelectric_1_inlet,569,0.74720753208
PJMD_conventional_hydroelectric_1_inlet,570,0.7469824017600001
PJMD_conventional_hydroelectric_1_inlet,571,1.13533220376
PJMD_conventional_hydroelectric_1_inlet,572,1.13443168248
PJMD_conventional_hydroelectric_1_inlet,573,0.74608188048
PJMD_conventional_hydroelectric_1_inlet,574,1.1335311612
PJMD_conventional_hydroelectric_1_inlet,575,1.5950483172000003
PJMD_conventional_hydroelectric_1_inlet,576,1.5502473835200004
PJME_conventional_hydroelectric_1_inlet,1,3.5619297043949496
PJME_conventional_hydroelectric_1_inlet,2,2.789935623937505
PJME_conventional_hydroelectric_1_inlet,3,4.457492208
PJME_conventional_hydroelectric_1_inlet,4,4.457492208
PJME_conventional_hydroelectric_1_inlet,5,4.457492208
PJME_conventional_hydroelectric_1_inlet,6,4.457492208
PJME_conventional_hydroelectric_1_inlet,7,4.457492208
PJME_conventional_hydroelectric_1_inlet,8,4.457492208
PJME_conventional_hydroelectric_1_inlet,9,4.457492208
PJME_conventional_hydroelectric_1_inlet,10,4.457492208
PJME_conventional_hydroelectric_1_inlet,11,3.941377425341702
PJME_conventional_hydroelectric_1_inlet,12,2.1427311511851532
PJME_conventional_hydroelectric_1_inlet,13,2.1399523190688976
PJME_conventional_hydroelectric_1_inlet,14,2.138411180468795
PJME_conventional_hydroelectric_1_inlet,15,2.137255326518718
PJME_conventional_hydroelectric_1_inlet,16,4.457492208
PJME_conventional_hydroelectric_1_inlet,17,4.355614110205873
PJME_conventional_hydroelectric_1_inlet,18,2.1336989819119214
PJME_conventional_hydroelectric_1_inlet,19,2.1325431279618448
PJME_conventional_hydroelectric_1_inlet,20,2.1313126503480975
PJME_conventional_hydroelectric_1_inlet,21,2.1537713105626732
PJME_conventional_hydroelectric_1_inlet,22,4.457492208
PJME_conventional_hydroelectric_1_inlet,23,2.127756305741301
PJME_conventional_hydroelectric_1_inlet,24,2.126600451791224
PJME_conventional_hydroelectric_1_inlet,25,1.4077057014209862
PJME_conventional_hydroelectric_1_inlet,26,0.6368674749136186
PJME_conventional_hydroelectric_1_inlet,27,2.3056545365898606
PJME_conventional_hydroelectric_1_inlet,28,2.306885014203609
PJME_conventional_hydroelectric_1_inlet,29,2.307980403582911
PJME_conventional_hydroelectric_1_inlet,30,4.457492208
PJME_conventional_hydroelectric_1_inlet,31,4.457492208
PJME_conventional_hydroelectric_1_inlet,32,4.457492208
PJME_conventional_hydroelectric_1_inlet,33,4.457492208
PJME_conventional_hydroelectric_1_inlet,34,2.313923079753532
PJME_conventional_hydroelectric_1_inlet,35,1.7990387747089809
PJME_conventional_hydroelectric_1_inlet,36,0.0015483545025087551
PJME_conventional_hydroelectric_1_inlet,37,0.0
PJME_conventional_hydroelectric_1_inlet,38,0.0
PJME_conventional_hydroelectric_1_inlet,39,0.0
PJME_conventional_hydroelectric_1_inlet,40,2.3214068945242543
PJME_conventional_hydroelectric_1_inlet,41,2.2206846506802047
PJME_conventional_hydroelectric_1_inlet,42,0.0
PJME_conventional_hydroelectric_1_inlet,43,0.0
PJME_conventional_hydroelectric_1_inlet,44,0.0
PJME_conventional_hydroelectric_1_inlet,45,0.02362867325754878
PJME_conventional_hydroelectric_1_inlet,46,2.328505424644952
PJME_conventional_hydroelectric_1_inlet,47,0.0
PJME_conventional_hydroelectric_1_inlet,48,0.0
PJME_conventional_hydroelectric_1_inlet,49,2.498059691543406
PJME_conventional_hydroelectric_1_inlet,50,2.737394339865093
PJME_conventional_hydroelectric_1_inlet,51,4.15815411323073
PJME_conventional_hydroelectric_1_inlet,52,2.6399194424182117
PJME_conventional_hydroelectric_1_inlet,53,2.498059691543406
PJME_conventional_hydroelectric_1_inlet,54,4.457492208
PJME_conventional_hydroelectric_1_inlet,55,4.457492208
PJME_conventional_hydroelectric_1_inlet,56,4.457492208
PJME_conventional_hydroelectric_1_inlet,57,2.247996245586364
PJME_conventional_hydroelectric_1_inlet,58,3.769483727003394
PJME_conventional_hydroelectric_1_inlet,59,3.1286331484574266
PJME_conventional_hydroelectric_1_inlet,60,2.245287207323574
PJME_conventional_hydroelectric_1_inlet,61,0.9745094528780568
PJME_conventional_hydroelectric_1_inlet,62,1.8959854340723865
PJME_conventional_hydroelectric_1_inlet,63,1.4900395415578034
PJME_conventional_hydroelectric_1_inlet,64,4.298104417358153
PJME_conventional_hydroelectric_1_inlet,65,4.457492208
PJME_conventional_hydroelectric_1_inlet,66,1.6252836670822493
PJME_conventional_hydroelectric_1_inlet,67,0.0
PJME_conventional_hydroelectric_1_inlet,68,1.6990702057821574
PJME_conventional_hydroelectric_1_inlet,69,2.2548100363534913
PJME_conventional_hydroelectric_1_inlet,70,4.457492208
PJME_conventional_hydroelectric_1_inlet,71,2.228456052359971
PJME_conventional_hydroelectric_1_inlet,72,2.226975378330643
PJME_conventional_hydroelectric_1_inlet,73,0.0
PJME_conventional_hydroelectric_1_inlet,74,0.23933464832168672
PJME_conventional_hydroelectric_1_inlet,75,1.6600944216873241
PJME_conventional_hydroelectric_1_inlet,76,0.1418597508748056
PJME_conventional_hydroelectric_1_inlet,77,0.0
PJME_conventional_hydroelectric_1_inlet,78,1.9594325164565938
PJME_conventional_hydroelectric_1_inlet,79,1.9594325164565938
PJME_conventional_hydroelectric_1_inlet,80,1.9594325164565938
PJME_conventional_hydroelectric_1_inlet,81,2.498059691543406
PJME_conventional_hydroelectric_1_inlet,82,2.498059691543406
PJME_conventional_hydroelectric_1_inlet,83,2.498059691543406
PJME_conventional_hydroelectric_1_inlet,84,2.498059691543406
PJME_conventional_hydroelectric_1_inlet,85,2.9338905613346515
PJME_conventional_hydroelectric_1_inlet,86,3.412586417121269
PJME_conventional_hydroelectric_1_inlet,87,2.498059691543406
PJME_conventional_hydroelectric_1_inlet,88,2.498059691543406
PJME_conventional_hydroelectric_1_inlet,89,4.457492208
PJME_conventional_hydroelectric_1_inlet,90,3.5846647755388443
PJME_conventional_hydroelectric_1_inlet,91,0.0
PJME_conventional_hydroelectric_1_inlet,92,0.0
PJME_conventional_hydroelectric_1_inlet,93,1.4326584132956326
PJME_conventional_hydroelectric_1_inlet,94,1.9594325164565938
PJME_conventional_hydroelectric_1_inlet,95,0.369669934201912
PJME_conventional_hydroelectric_1_inlet,96,0.0
PJME_conventional_hydroelectric_1_inlet,97,0.0
PJME_conventional_hydroelectric_1_inlet,98,0.0
PJME_conventional_hydroelectric_1_inlet,99,0.03698677987581495
PJME_conventional_hydroelectric_1_inlet,100,0.34734639765522235
PJME_conventional_hydroelectric_1_inlet,101,1.959381108456595
PJME_conventional_hydroelectric_1_inlet,102,1.7082370604521737
PJME_conventional_hydroelectric_1_inlet,103,0.0
PJME_conventional_hydroelectric_1_inlet,104,2.3370159519411855
PJME_conventional_hydroelectric_1_inlet,105,0.0
PJME_conventional_hydroelectric_1_inlet,106,0.0
PJME_conventional_hydroelectric_1_inlet,107,0.0
PJME_conventional_hydroelectric_1_inlet,108,0.0
PJME_conventional_hydroelectric_1_inlet,109,0.43583086979124536
PJME_conventional_hydroelectric_1_inlet,110,0.9145267255778629
PJME_conventional_hydroelectric_1_inlet,111,0.0
PJME_conventional_hydroelectric_1_inlet,112,0.0
PJME_conventional_hydroelectric_1_inlet,113,1.9594325164565938
PJME_conventional_hydroelectric_1_inlet,114,1.0866050839954384
PJME_conventional_hydroelectric_1_inlet,115,1.959381108456595
PJME_conventional_hydroelectric_1_inlet,116,1.959381108456595
PJME_conventional_hydroelectric_1_inlet,117,3.3920395217522277
PJME_conventional_hydroelectric_1_inlet,118,3.918813624913189
PJME_conventional_hydroelectric_1_inlet,119,2.329051042658507
PJME_conventional_hydroelectric_1_inlet,120,1.959381108456595
PJME_conventional_hydroelectric_1_inlet,121,0.0
PJME_conventional_hydroelectric_1_inlet,122,0.0
PJME_conventional_hydroelectric_1_inlet,123,0.0
PJME_conventional_hydroelectric_1_inlet,124,0.0
PJME_conventional_hydroelectric_1_inlet,125,0.0
PJME_conventional_hydroelectric_1_inlet,126,0.0
PJME_conventional_hydroelectric_1_inlet,127,0.0
PJME_conventional_hydroelectric_1_inlet,128,0.0
PJME_conventional_hydroelectric_1_inlet,129,0.0
PJME_conventional_hydroelectric_1_inlet,130,0.0
PJME_conventional_hydroelectric_1_inlet,131,0.0
PJME_conventional_hydroelectric_1_inlet,132,0.0
PJME_conventional_hydroelectric_1_inlet,133,0.0
PJME_conventional_hydroelectric_1_inlet,134,0.0
PJME_conventional_hydroelectric_1_inlet,135,0.0
PJME_conventional_hydroelectric_1_inlet,136,0.0
PJME_conventional_hydroelectric_1_inlet,137,0.0
PJME_conventional_hydroelectric_1_inlet,138,0.0
PJME_conventional_hydroelectric_1_inlet,139,0.0
PJME_conventional_hydroelectric_1_inlet,140,0.0
PJME_conventional_hydroelectric_1_inlet,141,4.457492208
PJME_conventional_hydroelectric_1_inlet,142,1.5893631385117604
PJME_conventional_hydroelectric_1_inlet,143,0.0
PJME_conventional_hydroelectric_1_inlet,144,0.0
PJME_conventional_hydroelectric_1_inlet,145,2.1476424003630337
PJME_conventional_hydroelectric_1_inlet,146,2.1476424003630337
PJME_conventional_hydroelectric_1_inlet,147,2.1476424003630337
PJME_conventional_hydroelectric_1_inlet,148,2.1476424003630337
PJME_conventional_hydroelectric_1_inlet,149,2.1476424003630337
PJME_conventional_hydroelectric_1_inlet,150,2.1476424003630337
PJME_conventional_hydroelectric_1_inlet,151,0.8386174402138789
PJME_conventional_hydroelectric_1_inlet,152,1.5618469551969023
PJME_conventional_hydroelectric_1_inlet,153,2.1476424003630337
PJME_conventional_hydroelectric_1_inlet,154,1.5663552628160735
PJME_conventional_hydroelectric_1_inlet,155,2.1476424003630337
PJME_conventional_hydroelectric_1_inlet,156,2.1476424003630337
PJME_conventional_hydroelectric_1_inlet,157,1.5731752783353985
PJME_conventional_hydroelectric_1_inlet,158,2.0346159050978594
PJME_conventional_hydroelectric_1_inlet,159,1.5776835859545697
PJME_conventional_hydroelectric_1_inlet,160,1.5800557584254977
PJME_conventional_hydroelectric_1_inlet,161,1.582191893573741
PJME_conventional_hydroelectric_1_inlet,162,1.8706094834072593
PJME_conventional_hydroelectric_1_inlet,163,1.923801854767123
PJME_conventional_hydroelectric_1_inlet,164,2.1476424003630337
PJME_conventional_hydroelectric_1_inlet,165,4.457492208
PJME_conventional_hydroelectric_1_inlet,166,3.737005538874794
PJME_conventional_hydroelectric_1_inlet,167,2.1476424003630337
PJME_conventional_hydroelectric_1_inlet,168,2.1476424003630337
PJME_conventional_hydroelectric_1_inlet,169,3.1441465103177375
PJME_conventional_hydroelectric_1_inlet,170,3.1441465103177375
PJME_conventional_hydroelectric_1_inlet,171,3.7414053668568092
PJME_conventional_hydroelectric_1_inlet,172,3.7392692317085663
PJME_conventional_hydroelectric_1_inlet,173,2.73649079046132
PJME_conventional_hydroelectric_1_inlet,174,3.1441465103177375
PJME_conventional_hydroelectric_1_inlet,175,0.4993650907816901
PJME_conventional_hydroelectric_1_inlet,176,3.1441465103177375
PJME_conventional_hydroelectric_1_inlet,177,3.1441465103177375
PJME_conventional_hydroelectric_1_inlet,178,3.1441465103177375
PJME_conventional_hydroelectric_1_inlet,179,3.1441465103177375
PJME_conventional_hydroelectric_1_inlet,180,3.1441465103177375
PJME_conventional_hydroelectric_1_inlet,181,3.1441465103177375
PJME_conventional_hydroelectric_1_inlet,182,3.603525625595626
PJME_conventional_hydroelectric_1_inlet,183,3.1441465103177375
PJME_conventional_hydroelectric_1_inlet,184,3.1441465103177375
PJME_conventional_hydroelectric_1_inlet,185,3.1441465103177375
PJME_conventional_hydroelectric_1_inlet,186,3.430191927680328
PJME_conventional_hydroelectric_1_inlet,187,3.1441465103177375
PJME_conventional_hydroelectric_1_inlet,188,3.1441465103177375
PJME_conventional_hydroelectric_1_inlet,189,4.457492208
PJME_conventional_hydroelectric_1_inlet,190,3.1441465103177375
PJME_conventional_hydroelectric_1_inlet,191,3.6958360569268325
PJME_conventional_hydroelectric_1_inlet,192,3.5776572787339367
PJME_conventional_hydroelectric_1_inlet,193,4.457492208
PJME_conventional_hydroelectric_1_inlet,194,4.457492208
PJME_conventional_hydroelectric_1_inlet,195,4.457492208
PJME_conventional_hydroelectric_1_inlet,196,4.457492208
PJME_conventional_hydroelectric_1_inlet,197,4.049836488143582
PJME_conventional_hydroelectric_1_inlet,198,4.457492208
PJME_conventional_hydroelectric_1_inlet,199,1.8127107884639522
PJME_conventional_hydroelectric_1_inlet,200,4.457492208
PJME_conventional_hydroelectric_1_inlet,201,4.457492208
PJME_conventional_hydroelectric_1_inlet,202,4.457492208
PJME_conventional_hydroelectric_1_inlet,203,4.457492208
PJME_conventional_hydroelectric_1_inlet,204,4.457492208
PJME_conventional_hydroelectric_1_inlet,205,4.457492208
PJME_conventional_hydroelectric_1_inlet,206,4.457492208
PJME_conventional_hydroelectric_1_inlet,207,4.457492208
PJME_conventional_hydroelectric_1_inlet,208,4.457492208
PJME_conventional_hydroelectric_1_inlet,209,4.457492208
PJME_conventional_hydroelectric_1_inlet,210,4.457492208
PJME_conventional_hydroelectric_1_inlet,211,4.457492208
PJME_conventional_hydroelectric_1_inlet,212,4.457492208
PJME_conventional_hydroelectric_1_inlet,213,4.457492208
PJME_conventional_hydroelectric_1_inlet,214,4.457492208
PJME_conventional_hydroelectric_1_inlet,215,4.457492208
PJME_conventional_hydroelectric_1_inlet,216,4.457492208
PJME_conventional_hydroelectric_1_inlet,217,4.457492208
PJME_conventional_hydroelectric_1_inlet,218,4.457492208
PJME_conventional_hydroelectric_1_inlet,219,4.457492208
PJME_conventional_hydroelectric_1_inlet,220,4.457492208
PJME_conventional_hydroelectric_1_inlet,221,4.457492208
PJME_conventional_hydroelectric_1_inlet,222,4.457492208
PJME_conventional_hydroelectric_1_inlet,223,4.457492208
PJME_conventional_hydroelectric_1_inlet,224,4.457492208
PJME_conventional_hydroelectric_1_inlet,225,4.457492208
PJME_conventional_hydroelectric_1_inlet,226,4.457492208
PJME_conventional_hydroelectric_1_inlet,227,4.457492208
PJME_conventional_hydroelectric_1_inlet,228,4.457492208
PJME_conventional_hydroelectric_1_inlet,229,4.457492208
PJME_conventional_hydroelectric_1_inlet,230,4.457492208
PJME_conventional_hydroelectric_1_inlet,231,4.457492208
PJME_conventional_hydroelectric_1_inlet,232,4.457492208
PJME_conventional_hydroelectric_1_inlet,233,4.457492208
PJME_conventional_hydroelectric_1_inlet,234,4.457492208
PJME_conventional_hydroelectric_1_inlet,235,4.457492208
PJME_conventional_hydroelectric_1_inlet,236,4.457492208
PJME_conventional_hydroelectric_1_inlet,237,4.457492208
PJME_conventional_hydroelectric_1_inlet,238,4.457492208
PJME_conventional_hydroelectric_1_inlet,239,4.457492208
PJME_conventional_hydroelectric_1_inlet,240,4.457492208
PJME_conventional_hydroelectric_1_inlet,241,2.869807163234544
PJME_conventional_hydroelectric_1_inlet,242,2.869807163234544
PJME_conventional_hydroelectric_1_inlet,243,2.869807163234544
PJME_conventional_hydroelectric_1_inlet,244,2.869807163234544
PJME_conventional_hydroelectric_1_inlet,245,2.869807163234544
PJME_conventional_hydroelectric_1_inlet,246,2.869807163234544
PJME_conventional_hydroelectric_1_inlet,247,2.869807163234544
PJME_conventional_hydroelectric_1_inlet,248,2.2582669801300086
PJME_conventional_hydroelectric_1_inlet,249,2.869807163234544
PJME_conventional_hydroelectric_1_inlet,250,2.869807163234544
PJME_conventional_hydroelectric_1_inlet,251,2.869807163234544
PJME_conventional_hydroelectric_1_inlet,252,2.869807163234544
PJME_conventional_hydroelectric_1_inlet,253,2.8117738995361066
PJME_conventional_hydroelectric_1_inlet,254,2.869807163234544
PJME_conventional_hydroelectric_1_inlet,255,2.869807163234544
PJME_conventional_hydroelectric_1_inlet,256,2.869807163234544
PJME_conventional_hydroelectric_1_inlet,257,2.869807163234544
PJME_conventional_hydroelectric_1_inlet,258,2.869807163234544
PJME_conventional_hydroelectric_1_inlet,259,2.869807163234544
PJME_conventional_hydroelectric_1_inlet,260,2.869807163234544
PJME_conventional_hydroelectric_1_inlet,261,2.869807163234544
PJME_conventional_hydroelectric_1_inlet,262,2.869807163234544
PJME_conventional_hydroelectric_1_inlet,263,3.189659857724726
PJME_conventional_hydroelectric_1_inlet,264,2.869807163234544
PJME_conventional_hydroelectric_1_inlet,265,4.457492208
PJME_conventional_hydroelectric_1_inlet,266,4.457492208
PJME_conventional_hydroelectric_1_inlet,267,4.457492208
PJME_conventional_hydroelectric_1_inlet,268,4.457492208
PJME_conventional_hydroelectric_1_inlet,269,4.457492208
PJME_conventional_hydroelectric_1_inlet,270,4.457492208
PJME_conventional_hydroelectric_1_inlet,271,4.457492208
PJME_conventional_hydroelectric_1_inlet,272,3.8459520248954644
PJME_conventional_hydroelectric_1_inlet,273,4.457492208
PJME_conventional_hydroelectric_1_inlet,274,4.457492208
PJME_conventional_hydroelectric_1_inlet,275,4.457492208
PJME_conventional_hydroelectric_1_inlet,276,4.457492208
PJME_conventional_hydroelectric_1_inlet,277,4.399458944301562
PJME_conventional_hydroelectric_1_inlet,278,4.457492208
PJME_conventional_hydroelectric_1_inlet,279,4.457492208
PJME_conventional_hydroelectric_1_inlet,280,4.457492208
PJME_conventional_hydroelectric_1_inlet,281,4.457492208
PJME_conventional_hydroelectric_1_inlet,282,4.457492208
PJME_conventional_hydroelectric_1_inlet,283,4.457492208
PJME_conventional_hydroelectric_1_inlet,284,4.457492208
PJME_conventional_hydroelectric_1_inlet,285,4.457492208
PJME_conventional_hydroelectric_1_inlet,286,4.457492208
PJME_conventional_hydroelectric_1_inlet,287,4.457492208
PJME_conventional_hydroelectric_1_inlet,288,4.457492208
PJME_conventional_hydroelectric_1_inlet,289,3.9731875517429582
PJME_conventional_hydroelectric_1_inlet,290,3.9447696439878435
PJME_conventional_hydroelectric_1_inlet,291,3.9731875517429582
PJME_conventional_hydroelectric_1_inlet,292,3.9731875517429582
PJME_conventional_hydroelectric_1_inlet,293,4.457492208
PJME_conventional_hydroelectric_1_inlet,294,4.457492208
PJME_conventional_hydroelectric_1_inlet,295,4.457492208
PJME_conventional_hydroelectric_1_inlet,296,4.457492208
PJME_conventional_hydroelectric_1_inlet,297,4.457492208
PJME_conventional_hydroelectric_1_inlet,298,4.457492208
PJME_conventional_hydroelectric_1_inlet,299,3.446554476070368
PJME_conventional_hydroelectric_1_inlet,300,1.0633561254768085
PJME_conventional_hydroelectric_1_inlet,301,1.0023318845068032
PJME_conventional_hydroelectric_1_inlet,302,1.0571239745180911
PJME_conventional_hydroelectric_1_inlet,303,1.0541329972465232
PJME_conventional_hydroelectric_1_inlet,304,2.068680579070296
PJME_conventional_hydroelectric_1_inlet,305,1.0482115072741622
PJME_conventional_hydroelectric_1_inlet,306,3.4431268061487756
PJME_conventional_hydroelectric_1_inlet,307,1.9846243225926972
PJME_conventional_hydroelectric_1_inlet,308,1.0393595046010065
PJME_conventional_hydroelectric_1_inlet,309,1.036057866343084
PJME_conventional_hydroelectric_1_inlet,310,1.566549548150205
PJME_conventional_hydroelectric_1_inlet,311,1.0300617527070515
PJME_conventional_hydroelectric_1_inlet,312,4.457492208
PJME_conventional_hydroelectric_1_inlet,313,0.0
PJME_conventional_hydroelectric_1_inlet,314,0.9292625610474989
PJME_conventional_hydroelectric_1_inlet,315,0.0
PJME_conventional_hydroelectric_1_inlet,316,0.0
PJME_conventional_hydroelectric_1_inlet,317,0.6102934619119914
PJME_conventional_hydroelectric_1_inlet,318,2.4232039360693496
PJME_conventional_hydroelectric_1_inlet,319,2.680524371437286
PJME_conventional_hydroelectric_1_inlet,320,2.2535698099283725
PJME_conventional_hydroelectric_1_inlet,321,4.457492208
PJME_conventional_hydroelectric_1_inlet,322,4.457492208
PJME_conventional_hydroelectric_1_inlet,323,3.930807724327411
PJME_conventional_hydroelectric_1_inlet,324,1.5476093737338517
PJME_conventional_hydroelectric_1_inlet,325,1.4865851327638464
PJME_conventional_hydroelectric_1_inlet,326,1.5413772227751343
PJME_conventional_hydroelectric_1_inlet,327,1.5383862455035664
PJME_conventional_hydroelectric_1_inlet,328,2.552933827327339
PJME_conventional_hydroelectric_1_inlet,329,1.5324647555312054
PJME_conventional_hydroelectric_1_inlet,330,3.927380054405819
PJME_conventional_hydroelectric_1_inlet,331,2.4688775708497404
PJME_conventional_hydroelectric_1_inlet,332,1.5236127528580496
PJME_conventional_hydroelectric_1_inlet,333,1.5203111146001271
PJME_conventional_hydroelectric_1_inlet,334,2.050802796407248
PJME_conventional_hydroelectric_1_inlet,335,1.5143150009640947
PJME_conventional_hydroelectric_1_inlet,336,4.457492208
PJME_conventional_hydroelectric_1_inlet,337,0.0
PJME_conventional_hydroelectric_1_inlet,338,1.4512476942289902
PJME_conventional_hydroelectric_1_inlet,339,0.5224913469730655
PJME_conventional_hydroelectric_1_inlet,340,0.5229370961938656
PJME_conventional_hydroelectric_1_inlet,341,1.1337367718974314
PJME_conventional_hydroelectric_1_inlet,342,2.9470929952755895
PJME_conventional_hydroelectric_1_inlet,343,3.2049196444351002
PJME_conventional_hydroelectric_1_inlet,344,2.778485455810657
PJME_conventional_hydroelectric_1_inlet,345,2.1106450354138797
PJME_conventional_hydroelectric_1_inlet,346,4.457492208
PJME_conventional_hydroelectric_1_inlet,347,4.457492208
PJME_conventional_hydroelectric_1_inlet,348,2.0747396066272406
PJME_conventional_hydroelectric_1_inlet,349,2.0142215794488094
PJME_conventional_hydroelectric_1_inlet,350,2.069534042344568
PJME_conventional_hydroelectric_1_inlet,351,1.2546514046970487
PJME_conventional_hydroelectric_1_inlet,352,2.0670086270990966
PJME_conventional_hydroelectric_1_inlet,353,0.0
PJME_conventional_hydroelectric_1_inlet,354,0.0
PJME_conventional_hydroelectric_1_inlet,355,0.0
PJME_conventional_hydroelectric_1_inlet,356,0.8864033658538893
PJME_conventional_hydroelectric_1_inlet,357,0.0
PJME_conventional_hydroelectric_1_inlet,358,1.4509207120176075
PJME_conventional_hydroelectric_1_inlet,359,2.0468605100382704
PJME_conventional_hydroelectric_1_inlet,360,4.457492208
PJME_conventional_hydroelectric_1_inlet,361,0.6066578721677759
PJME_conventional_hydroelectric_1_inlet,362,2.0583513156175663
PJME_conventional_hydroelectric_1_inlet,363,1.1301011821532159
PJME_conventional_hydroelectric_1_inlet,364,1.1310673042584865
PJME_conventional_hydroelectric_1_inlet,365,1.7423731937536266
PJME_conventional_hydroelectric_1_inlet,366,3.5561751663525847
PJME_conventional_hydroelectric_1_inlet,367,3.81450802930367
PJME_conventional_hydroelectric_1_inlet,368,3.3888907154571566
PJME_conventional_hydroelectric_1_inlet,369,2.721496044281179
PJME_conventional_hydroelectric_1_inlet,370,3.1968128662811433
PJME_conventional_hydroelectric_1_inlet,371,2.1747121303292323
PJME_conventional_hydroelectric_1_inlet,372,2.687123415962159
PJME_conventional_hydroelectric_1_inlet,373,1.2436179576072675
PJME_conventional_hydroelectric_1_inlet,374,0.0
PJME_conventional_hydroelectric_1_inlet,375,0.0
PJME_conventional_hydroelectric_1_inlet,376,0.0
PJME_conventional_hydroelectric_1_inlet,377,0.0
PJME_conventional_hydroelectric_1_inlet,378,0.0
PJME_conventional_hydroelectric_1_inlet,379,0.0
PJME_conventional_hydroelectric_1_inlet,380,0.0
PJME_conventional_hydroelectric_1_inlet,381,0.0
PJME_conventional_hydroelectric_1_inlet,382,0.0
PJME_conventional_hydroelectric_1_inlet,383,0.0
PJME_conventional_hydroelectric_1_inlet,384,3.2015881514630316
PJME_conventional_hydroelectric_1_inlet,385,1.2507007839251327
PJME_conventional_hydroelectric_1_inlet,386,2.7023337628041486
PJME_conventional_hydroelectric_1_inlet,387,1.774023164769024
PJME_conventional_hydroelectric_1_inlet,388,1.7746181613171648
PJME_conventional_hydroelectric_1_inlet,389,2.3857889625778603
PJME_conventional_hydroelectric_1_inlet,390,4.199530470606044
PJME_conventional_hydroelectric_1_inlet,391,4.457492208
PJME_conventional_hydroelectric_1_inlet,392,4.031739805919042
PJME_conventional_hydroelectric_1_inlet,393,3.3642846701722897
PJME_conventional_hydroelectric_1_inlet,394,3.8395410276014794
PJME_conventional_hydroelectric_1_inlet,395,2.817069166092439
PJME_conventional_hydroelectric_1_inlet,396,3.3293453634909205
PJME_conventional_hydroelectric_1_inlet,397,1.8857794405652546
PJME_conventional_hydroelectric_1_inlet,398,0.6417903574008578
PJME_conventional_hydroelectric_1_inlet,399,0.6416552691664128
PJME_conventional_hydroelectric_1_inlet,400,0.6415948045956384
PJME_conventional_hydroelectric_1_inlet,401,0.6415343400248639
PJME_conventional_hydroelectric_1_inlet,402,0.6411632144677344
PJME_conventional_hydroelectric_1_inlet,403,0.6410281262332896
PJME_conventional_hydroelectric_1_inlet,404,0.6409676616625152
PJME_conventional_hydroelectric_1_inlet,405,0.6405965361053855
PJME_conventional_hydroelectric_1_inlet,406,0.6404614478709408
PJME_conventional_hydroelectric_1_inlet,407,0.0
PJME_conventional_hydroelectric_1_inlet,408,3.8419286701924236
PJME_conventional_hydroelectric_1_inlet,409,0.0
PJME_conventional_hydroelectric_1_inlet,410,0.0
PJME_conventional_hydroelectric_1_inlet,411,0.0
PJME_conventional_hydroelectric_1_inlet,412,0.0
PJME_conventional_hydroelectric_1_inlet,413,0.0
PJME_conventional_hydroelectric_1_inlet,414,0.3605561213669125
PJME_conventional_hydroelectric_1_inlet,415,0.6184573941900944
PJME_conventional_hydroelectric_1_inlet,416,0.19264452753836198
PJME_conventional_hydroelectric_1_inlet,417,0.19155747629154257
PJME_conventional_hydroelectric_1_inlet,418,0.0
PJME_conventional_hydroelectric_1_inlet,419,0.0
PJME_conventional_hydroelectric_1_inlet,420,0.0
PJME_conventional_hydroelectric_1_inlet,421,0.0
PJME_conventional_hydroelectric_1_inlet,422,0.0
PJME_conventional_hydroelectric_1_inlet,423,0.0
PJME_conventional_hydroelectric_1_inlet,424,0.0
PJME_conventional_hydroelectric_1_inlet,425,0.0
PJME_conventional_hydroelectric_1_inlet,426,0.0
PJME_conventional_hydroelectric_1_inlet,427,0.0
PJME_conventional_hydroelectric_1_inlet,428,0.0
PJME_conventional_hydroelectric_1_inlet,429,0.0
PJME_conventional_hydroelectric_1_inlet,430,0.0
PJME_conventional_hydroelectric_1_inlet,431,0.1751585722226498
PJME_conventional_hydroelectric_1_inlet,432,0.0
PJME_conventional_hydroelectric_1_inlet,433,0.6103052544977856
PJME_conventional_hydroelectric_1_inlet,434,0.6103052544977856
PJME_conventional_hydroelectric_1_inlet,435,0.6103052544977856
PJME_conventional_hydroelectric_1_inlet,436,0.6103052544977856
PJME_conventional_hydroelectric_1_inlet,437,0.6103052544977856
PJME_conventional_hydroelectric_1_inlet,438,0.970861375864698
PJME_conventional_hydroelectric_1_inlet,439,1.22876264868788
PJME_conventional_hydroelectric_1_inlet,440,0.8029497820361475
PJME_conventional_hydroelectric_1_inlet,441,0.8018627307893281
PJME_conventional_hydroelectric_1_inlet,442,0.6103052544977856
PJME_conventional_hydroelectric_1_inlet,443,0.6103052544977856
PJME_conventional_hydroelectric_1_inlet,444,0.6103052544977856
PJME_conventional_hydroelectric_1_inlet,445,0.6103052544977856
PJME_conventional_hydroelectric_1_inlet,446,0.6103052544977856
PJME_conventional_hydroelectric_1_inlet,447,0.6103052544977856
PJME_conventional_hydroelectric_1_inlet,448,0.0
PJME_conventional_hydroelectric_1_inlet,449,0.0
PJME_conventional_hydroelectric_1_inlet,450,0.6103052544977856
PJME_conventional_hydroelectric_1_inlet,451,0.6103052544977856
PJME_conventional_hydroelectric_1_inlet,452,0.6103052544977856
PJME_conventional_hydroelectric_1_inlet,453,0.6103052544977856
PJME_conventional_hydroelectric_1_inlet,454,0.0
PJME_conventional_hydroelectric_1_inlet,455,0.7854638267204354
PJME_conventional_hydroelectric_1_inlet,456,0.6103052544977856
PJME_conventional_hydroelectric_1_inlet,457,1.5489637014530016
PJME_conventional_hydroelectric_1_inlet,458,1.5500507526998206
PJME_conventional_hydroelectric_1_inlet,459,1.55113780394664
PJME_conventional_hydroelectric_1_inlet,460,1.5524608925161438
PJME_conventional_hydroelectric_1_inlet,461,1.5535479437629631
PJME_conventional_hydroelectric_1_inlet,462,1.9151911163766948
PJME_conventional_hydroelectric_1_inlet,463,2.174415477769381
PJME_conventional_hydroelectric_1_inlet,464,1.7496291977936929
PJME_conventional_hydroelectric_1_inlet,465,1.7496291977936929
PJME_conventional_hydroelectric_1_inlet,466,1.5593948100716541
PJME_conventional_hydroelectric_1_inlet,467,1.5604818613184734
PJME_conventional_hydroelectric_1_inlet,468,0.0
PJME_conventional_hydroelectric_1_inlet,469,0.0
PJME_conventional_hydroelectric_1_inlet,470,0.0
PJME_conventional_hydroelectric_1_inlet,471,0.0
PJME_conventional_hydroelectric_1_inlet,472,0.9560839377001535
PJME_conventional_hydroelectric_1_inlet,473,0.957170988946973
PJME_conventional_hydroelectric_1_inlet,474,1.5685632946915775
PJME_conventional_hydroelectric_1_inlet,475,1.5698863832610814
PJME_conventional_hydroelectric_1_inlet,476,1.570973434507901
PJME_conventional_hydroelectric_1_inlet,477,1.5719858620910496
PJME_conventional_hydroelectric_1_inlet,478,0.9630783198264383
PJME_conventional_hydroelectric_1_inlet,479,1.7496291977936929
PJME_conventional_hydroelectric_1_inlet,480,1.5754830531541917
PJME_conventional_hydroelectric_1_inlet,481,2.5839039276599327
PJME_conventional_hydroelectric_1_inlet,482,2.584990978906752
PJME_conventional_hydroelectric_1_inlet,483,2.586078030153571
PJME_conventional_hydroelectric_1_inlet,484,2.587401118723075
PJME_conventional_hydroelectric_1_inlet,485,2.5884881699698945
PJME_conventional_hydroelectric_1_inlet,486,2.9501313425836257
PJME_conventional_hydroelectric_1_inlet,487,3.2093557039763123
PJME_conventional_hydroelectric_1_inlet,488,2.7845694240006242
PJME_conventional_hydroelectric_1_inlet,489,2.7845694240006242
PJME_conventional_hydroelectric_1_inlet,490,2.594335036278585
PJME_conventional_hydroelectric_1_inlet,491,2.595422087525405
PJME_conventional_hydroelectric_1_inlet,492,1.0349402262069312
PJME_conventional_hydroelectric_1_inlet,493,1.0349402262069312
PJME_conventional_hydroelectric_1_inlet,494,1.0349402262069312
PJME_conventional_hydroelectric_1_inlet,495,1.0349402262069312
PJME_conventional_hydroelectric_1_inlet,496,1.9910241639070847
PJME_conventional_hydroelectric_1_inlet,497,1.992111215153904
PJME_conventional_hydroelectric_1_inlet,498,2.6035035208985087
PJME_conventional_hydroelectric_1_inlet,499,2.6048266094680126
PJME_conventional_hydroelectric_1_inlet,500,2.605913660714832
PJME_conventional_hydroelectric_1_inlet,501,2.6069260882979806
PJME_conventional_hydroelectric_1_inlet,502,1.9980185460333695
PJME_conventional_hydroelectric_1_inlet,503,2.7845694240006242
PJME_conventional_hydroelectric_1_inlet,504,2.610423279361123
PJME_conventional_hydroelectric_1_inlet,505,4.256826711659309
PJME_conventional_hydroelectric_1_inlet,506,4.257913762906128
PJME_conventional_hydroelectric_1_inlet,507,4.259000814152947
PJME_conventional_hydroelectric_1_inlet,508,4.260323902722451
PJME_conventional_hydroelectric_1_inlet,509,4.26141095396927
PJME_conventional_hydroelectric_1_inlet,510,4.457492208
PJME_conventional_hydroelectric_1_inlet,511,4.457492208
PJME_conventional_hydroelectric_1_inlet,512,4.457492208
PJME_conventional_hydroelectric_1_inlet,513,4.457492208
PJME_conventional_hydroelectric_1_inlet,514,4.267257820277961
PJME_conventional_hydroelectric_1_inlet,515,4.268344871524781
PJME_conventional_hydroelectric_1_inlet,516,2.707863010206307
PJME_conventional_hydroelectric_1_inlet,517,2.707863010206307
PJME_conventional_hydroelectric_1_inlet,518,2.707863010206307
PJME_conventional_hydroelectric_1_inlet,519,2.707863010206307
PJME_conventional_hydroelectric_1_inlet,520,3.6639469479064606
PJME_conventional_hydroelectric_1_inlet,521,3.66503399915328
PJME_conventional_hydroelectric_1_inlet,522,4.276426304897885
PJME_conventional_hydroelectric_1_inlet,523,4.2777493934673885
PJME_conventional_hydroelectric_1_inlet,524,4.278836444714208
PJME_conventional_hydroelectric_1_inlet,525,4.279848872297356
PJME_conventional_hydroelectric_1_inlet,526,3.670941330032745
PJME_conventional_hydroelectric_1_inlet,527,4.457492208
PJME_conventional_hydroelectric_1_inlet,528,4.283346063360499
PJME_conventional_hydroelectric_1_inlet,529,2.445000656737017
PJME_conventional_hydroelectric_1_inlet,530,1.6391108480006296
PJME_conventional_hydroelectric_1_inlet,531,2.445000656737017
PJME_conventional_hydroelectric_1_inlet,532,2.445000656737017
PJME_conventional_hydroelectric_1_inlet,533,2.445000656737017
PJME_conventional_hydroelectric_1_inlet,534,2.2839724781478012
PJME_conventional_hydroelectric_1_inlet,535,1.8076015741909526
PJME_conventional_hydroelectric_1_inlet,536,3.64088239773376
PJME_conventional_hydroelectric_1_inlet,537,3.7513804633153964
PJME_conventional_hydroelectric_1_inlet,538,4.457492208
PJME_conventional_hydroelectric_1_inlet,539,2.445000656737017
PJME_conventional_hydroelectric_1_inlet,540,4.457492208
PJME_conventional_hydroelectric_1_inlet,541,4.457492208
PJME_conventional_hydroelectric_1_inlet,542,4.457492208
PJME_conventional_hydroelectric_1_inlet,543,3.5040516110404045
PJME_conventional_hydroelectric_1_inlet,544,4.457492208
PJME_conventional_hydroelectric_1_inlet,545,4.457492208
PJME_conventional_hydroelectric_1_inlet,546,2.428484672693061
PJME_conventional_hydroelectric_1_inlet,547,2.4261588057000116
PJME_conventional_hydroelectric_1_inlet,548,2.423772474136188
PJME_conventional_hydroelectric_1_inlet,549,2.6587856159598022
PJME_conventional_hydroelectric_1_inlet,550,4.457492208
PJME_conventional_hydroelectric_1_inlet,551,2.41659932035182
PJME_conventional_hydroelectric_1_inlet,552,2.4142734533587697
PJME_conventional_hydroelectric_1_inlet,553,4.457492208
PJME_conventional_hydroelectric_1_inlet,554,3.6516023992636124
PJME_conventional_hydroelectric_1_inlet,555,4.457492208
PJME_conventional_hydroelectric_1_inlet,556,4.457492208
PJME_conventional_hydroelectric_1_inlet,557,4.457492208
PJME_conventional_hydroelectric_1_inlet,558,4.296464029410784
PJME_conventional_hydroelectric_1_inlet,559,3.6233598133329257
PJME_conventional_hydroelectric_1_inlet,560,4.457492208
PJME_conventional_hydroelectric_1_inlet,561,4.457492208
PJME_conventional_hydroelectric_1_inlet,562,4.457492208
PJME_conventional_hydroelectric_1_inlet,563,4.457492208
PJME_conventional_hydroelectric_1_inlet,564,4.457492208
PJME_conventional_hydroelectric_1_inlet,565,4.453543362840771
PJME_conventional_hydroelectric_1_inlet,566,4.450771746626921
PJME_conventional_hydroelectric_1_inlet,567,4.4484600387267665
PJME_conventional_hydroelectric_1_inlet,568,4.457492208
PJME_conventional_hydroelectric_1_inlet,569,4.132722839601789
PJME_conventional_hydroelectric_1_inlet,570,4.440976223956044
PJME_conventional_hydroelectric_1_inlet,571,4.438650356962995
PJME_conventional_hydroelectric_1_inlet,572,4.436264025399171
PJME_conventional_hydroelectric_1_inlet,573,4.457492208
PJME_conventional_hydroelectric_1_inlet,574,4.457492208
PJME_conventional_hydroelectric_1_inlet,575,4.429090871614803
PJME_conventional_hydroelectric_1_inlet,576,4.426765004621753
PJMW_conventional_hydroelectric_1_inlet,1,2.952533809528396
PJMW_conventional_hydroelectric_1_inlet,2,2.097741852222958
PJMW_conventional_hydroelectric_1_inlet,3,3.0363768959442425
PJMW_conventional_hydroelectric_1_inlet,4,3.0356938002446925
PJMW_conventional_hydroelectric_1_inlet,5,3.0347535059490856
PJMW_conventional_hydroelectric_1_inlet,6,3.2489856
PJMW_conventional_hydroelectric_1_inlet,7,0.9604376693581139
PJMW_conventional_hydroelectric_1_inlet,8,3.2489856
PJMW_conventional_hydroelectric_1_inlet,9,3.2489856
PJMW_conventional_hydroelectric_1_inlet,10,3.030207131718772
PJMW_conventional_hydroelectric_1_inlet,11,3.029525138824061
PJMW_conventional_hydroelectric_1_inlet,12,2.1531846403795596
PJMW_conventional_hydroelectric_1_inlet,13,2.152249860108165
PJMW_conventional_hydroelectric_1_inlet,14,2.15131397703193
PJMW_conventional_hydroelectric_1_inlet,15,2.150378093955693
PJMW_conventional_hydroelectric_1_inlet,16,2.1491506108990093
PJMW_conventional_hydroelectric_1_inlet,17,2.148214727822772
PJMW_conventional_hydroelectric_1_inlet,18,2.1472799475513793
PJMW_conventional_hydroelectric_1_inlet,19,2.146344064475142
PJMW_conventional_hydroelectric_1_inlet,20,2.145408181398907
PJMW_conventional_hydroelectric_1_inlet,21,2.14447229832267
PJMW_conventional_hydroelectric_1_inlet,22,2.1435375180512772
PJMW_conventional_hydroelectric_1_inlet,23,2.1423100349945914
PJMW_conventional_hydroelectric_1_inlet,24,2.1413741519183564
PJMW_conventional_hydroelectric_1_inlet,25,0.7887328651647683
PJMW_conventional_hydroelectric_1_inlet,26,0.8745176233067178
PJMW_conventional_hydroelectric_1_inlet,27,0.8744799135077955
PJMW_conventional_hydroelectric_1_inlet,28,0.8747327008844813
PJMW_conventional_hydroelectric_1_inlet,29,0.8747271868602676
PJMW_conventional_hydroelectric_1_inlet,30,1.0898951639874177
PJMW_conventional_hydroelectric_1_inlet,31,2.0512687164217684
PJMW_conventional_hydroelectric_1_inlet,32,1.0920585301203385
PJMW_conventional_hydroelectric_1_inlet,33,3.2489856
PJMW_conventional_hydroelectric_1_inlet,34,0.8751507251867402
PJMW_conventional_hydroelectric_1_inlet,35,0.8754046153682669
PJMW_conventional_hydroelectric_1_inlet,36,0.0
PJMW_conventional_hydroelectric_1_inlet,37,0.0
PJMW_conventional_hydroelectric_1_inlet,38,0.0
PJMW_conventional_hydroelectric_1_inlet,39,0.0
PJMW_conventional_hydroelectric_1_inlet,40,0.0
PJMW_conventional_hydroelectric_1_inlet,41,0.0
PJMW_conventional_hydroelectric_1_inlet,42,0.0
PJMW_conventional_hydroelectric_1_inlet,43,0.0
PJMW_conventional_hydroelectric_1_inlet,44,0.0
PJMW_conventional_hydroelectric_1_inlet,45,0.0
PJMW_conventional_hydroelectric_1_inlet,46,0.0
PJMW_conventional_hydroelectric_1_inlet,47,0.0
PJMW_conventional_hydroelectric_1_inlet,48,0.0
PJMW_conventional_hydroelectric_1_inlet,49,1.9871282800558414
PJMW_conventional_hydroelectric_1_inlet,50,2.072659148016263
PJMW_conventional_hydroelectric_1_inlet,51,2.072659148016262
PJMW_conventional_hydroelectric_1_inlet,52,2.072659148016263
PJMW_conventional_hydroelectric_1_inlet,53,2.072659148016262
PJMW_conventional_hydroelectric_1_inlet,54,2.072659148016263
PJMW_conventional_hydroelectric_1_inlet,55,3.2489856
PJMW_conventional_hydroelectric_1_inlet,56,2.072659148016263
PJMW_conventional_hydroelectric_1_inlet,57,1.1974696102257587
PJMW_conventional_hydroelectric_1_inlet,58,2.072659148016263
PJMW_conventional_hydroelectric_1_inlet,59,2.072659148016262
PJMW_conventional_hydroelectric_1_inlet,60,1.1972600466722083
PJMW_conventional_hydroelectric_1_inlet,61,1.1970072592955232
PJMW_conventional_hydroelectric_1_inlet,62,1.1970449690944447
PJMW_conventional_hydroelectric_1_inlet,63,1.1967599859430509
PJMW_conventional_hydroelectric_1_inlet,64,1.1967976957419724
PJMW_conventional_hydroelectric_1_inlet,65,1.1965449083652875
PJMW_conventional_hydroelectric_1_inlet,66,1.1965826181642092
PJMW_conventional_hydroelectric_1_inlet,67,1.1965892349932643
PJMW_conventional_hydroelectric_1_inlet,68,1.1963353448117369
PJMW_conventional_hydroelectric_1_inlet,69,1.1963730546106581
PJMW_conventional_hydroelectric_1_inlet,70,1.1960880714592645
PJMW_conventional_hydroelectric_1_inlet,71,1.196125781258186
PJMW_conventional_hydroelectric_1_inlet,72,1.195872993881501
PJMW_conventional_hydroelectric_1_inlet,73,0.0
PJMW_conventional_hydroelectric_1_inlet,74,0.0
PJMW_conventional_hydroelectric_1_inlet,75,0.0
PJMW_conventional_hydroelectric_1_inlet,76,0.0
PJMW_conventional_hydroelectric_1_inlet,77,0.0
PJMW_conventional_hydroelectric_1_inlet,78,0.0
PJMW_conventional_hydroelectric_1_inlet,79,1.1763264519837378
PJMW_conventional_hydroelectric_1_inlet,80,0.0
PJMW_conventional_hydroelectric_1_inlet,81,0.0
PJMW_conventional_hydroelectric_1_inlet,82,0.0
PJMW_conventional_hydroelectric_1_inlet,83,0.0
PJMW_conventional_hydroelectric_1_inlet,84,0.0
PJMW_conventional_hydroelectric_1_inlet,85,0.0
PJMW_conventional_hydroelectric_1_inlet,86,0.0
PJMW_conventional_hydroelectric_1_inlet,87,0.0
PJMW_conventional_hydroelectric_1_inlet,88,0.0
PJMW_conventional_hydroelectric_1_inlet,89,0.0
PJMW_conventional_hydroelectric_1_inlet,90,2.072659148016263
PJMW_conventional_hydroelectric_1_inlet,91,0.0
PJMW_conventional_hydroelectric_1_inlet,92,0.0
PJMW_conventional_hydroelectric_1_inlet,93,0.0
PJMW_conventional_hydroelectric_1_inlet,94,0.0
PJMW_conventional_hydroelectric_1_inlet,95,0.0
PJMW_conventional_hydroelectric_1_inlet,96,0.0
PJMW_conventional_hydroelectric_1_inlet,97,0.0
PJMW_conventional_hydroelectric_1_inlet,98,1.1763264519837378
PJMW_conventional_hydroelectric_1_inlet,99,1.1763264519837378
PJMW_conventional_hydroelectric_1_inlet,100,1.1763264519837378
PJMW_conventional_hydroelectric_1_inlet,101,1.1763264519837378
PJMW_conventional_hydroelectric_1_inlet,102,0.0
PJMW_conventional_hydroelectric_1_inlet,103,0.0
PJMW_conventional_hydroelectric_1_inlet,104,0.0
PJMW_conventional_hydroelectric_1_inlet,105,0.0
PJMW_conventional_hydroelectric_1_inlet,106,0.0
PJMW_conventional_hydroelectric_1_inlet,107,0.0
PJMW_conventional_hydroelectric_1_inlet,108,0.0
PJMW_conventional_hydroelectric_1_inlet,109,0.0
PJMW_conventional_hydroelectric_1_inlet,110,0.0
PJMW_conventional_hydroelectric_1_inlet,111,0.0
PJMW_conventional_hydroelectric_1_inlet,112,0.0
PJMW_conventional_hydroelectric_1_inlet,113,0.0
PJMW_conventional_hydroelectric_1_inlet,114,0.0
PJMW_conventional_hydroelectric_1_inlet,115,0.0
PJMW_conventional_hydroelectric_1_inlet,116,0.0
PJMW_conventional_hydroelectric_1_inlet,117,1.1763264519837378
PJMW_conventional_hydroelectric_1_inlet,118,0.21642711508079118
PJMW_conventional_hydroelectric_1_inlet,119,0.0
PJMW_conventional_hydroelectric_1_inlet,120,0.0
PJMW_conventional_hydroelectric_1_inlet,121,0.0
PJMW_conventional_hydroelectric_1_inlet,122,0.0
PJMW_conventional_hydroelectric_1_inlet,123,0.0
PJMW_conventional_hydroelectric_1_inlet,124,0.0
PJMW_conventional_hydroelectric_1_inlet,125,0.0
PJMW_conventional_hydroelectric_1_inlet,126,0.0
PJMW_conventional_hydroelectric_1_inlet,127,0.0
PJMW_conventional_hydroelectric_1_inlet,128,0.0
PJMW_conventional_hydroelectric_1_inlet,129,0.0
PJMW_conventional_hydroelectric_1_inlet,130,0.0
PJMW_conventional_hydroelectric_1_inlet,131,0.0
PJMW_conventional_hydroelectric_1_inlet,132,1.322572496133479
PJMW_conventional_hydroelectric_1_inlet,133,1.3231501820701639
PJMW_conventional_hydroelectric_1_inlet,134,1.3237278680068492
PJMW_conventional_hydroelectric_1_inlet,135,1.3240128511582423
PJMW_conventional_hydroelectric_1_inlet,136,1.3245583413202187
PJMW_conventional_hydroelectric_1_inlet,137,1.3251349244520612
PJMW_conventional_hydroelectric_1_inlet,138,0.0
PJMW_conventional_hydroelectric_1_inlet,139,0.0
PJMW_conventional_hydroelectric_1_inlet,140,0.0
PJMW_conventional_hydroelectric_1_inlet,141,0.0
PJMW_conventional_hydroelectric_1_inlet,142,0.0
PJMW_conventional_hydroelectric_1_inlet,143,0.0
PJMW_conventional_hydroelectric_1_inlet,144,0.0
PJMW_conventional_hydroelectric_1_inlet,145,1.3450978977117556
PJMW_conventional_hydroelectric_1_inlet,146,1.3450978977117556
PJMW_conventional_hydroelectric_1_inlet,147,1.3450978977117556
PJMW_conventional_hydroelectric_1_inlet,148,1.3450978977117556
PJMW_conventional_hydroelectric_1_inlet,149,1.3450978977117556
PJMW_conventional_hydroelectric_1_inlet,150,1.142251658727461
PJMW_conventional_hydroelectric_1_inlet,151,0.0
PJMW_conventional_hydroelectric_1_inlet,152,0.0
PJMW_conventional_hydroelectric_1_inlet,153,0.0
PJMW_conventional_hydroelectric_1_inlet,154,1.3450978977117556
PJMW_conventional_hydroelectric_1_inlet,155,1.3450978977117556
PJMW_conventional_hydroelectric_1_inlet,156,0.7662409967183552
PJMW_conventional_hydroelectric_1_inlet,157,0.7666181559745049
PJMW_conventional_hydroelectric_1_inlet,158,1.2331696340318783
PJMW_conventional_hydroelectric_1_inlet,159,0.7673724744868035
PJMW_conventional_hydroelectric_1_inlet,160,2.039789066071622
PJMW_conventional_hydroelectric_1_inlet,161,2.6702328221638165
PJMW_conventional_hydroelectric_1_inlet,162,1.3450978977117556
PJMW_conventional_hydroelectric_1_inlet,163,1.3450978977117556
PJMW_conventional_hydroelectric_1_inlet,164,0.7689677735919442
PJMW_conventional_hydroelectric_1_inlet,165,1.3450978977117556
PJMW_conventional_hydroelectric_1_inlet,166,0.7696898963295341
PJMW_conventional_hydroelectric_1_inlet,167,1.3450978977117556
PJMW_conventional_hydroelectric_1_inlet,168,1.3450978977117556
PJMW_conventional_hydroelectric_1_inlet,169,2.026846092279238
PJMW_conventional_hydroelectric_1_inlet,170,2.6088913858732345
PJMW_conventional_hydroelectric_1_inlet,171,2.6088058265975334
PJMW_conventional_hydroelectric_1_inlet,172,2.6084286673413843
PJMW_conventional_hydroelectric_1_inlet,173,2.6080515080852344
PJMW_conventional_hydroelectric_1_inlet,174,2.404828109844791
PJMW_conventional_hydroelectric_1_inlet,175,0.6325101945911367
PJMW_conventional_hydroelectric_1_inlet,176,1.2618221326050312
PJMW_conventional_hydroelectric_1_inlet,177,0.9253734947287525
PJMW_conventional_hydroelectric_1_inlet,178,1.5267184295299385
PJMW_conventional_hydroelectric_1_inlet,179,2.026846092279238
PJMW_conventional_hydroelectric_1_inlet,180,2.026846092279238
PJMW_conventional_hydroelectric_1_inlet,181,2.026846092279238
PJMW_conventional_hydroelectric_1_inlet,182,2.026846092279238
PJMW_conventional_hydroelectric_1_inlet,183,2.026846092279238
PJMW_conventional_hydroelectric_1_inlet,184,2.026846092279238
PJMW_conventional_hydroelectric_1_inlet,185,2.026846092279238
PJMW_conventional_hydroelectric_1_inlet,186,2.026846092279238
PJMW_conventional_hydroelectric_1_inlet,187,2.026846092279238
PJMW_conventional_hydroelectric_1_inlet,188,2.026846092279238
PJMW_conventional_hydroelectric_1_inlet,189,2.026846092279238
PJMW_conventional_hydroelectric_1_inlet,190,2.026846092279238
PJMW_conventional_hydroelectric_1_inlet,191,2.026846092279238
PJMW_conventional_hydroelectric_1_inlet,192,2.6014997751491613
PJMW_conventional_hydroelectric_1_inlet,193,3.2489856
PJMW_conventional_hydroelectric_1_inlet,194,3.2489856
PJMW_conventional_hydroelectric_1_inlet,195,3.2489856
PJMW_conventional_hydroelectric_1_inlet,196,3.2489856
PJMW_conventional_hydroelectric_1_inlet,197,2.367814882006146
PJMW_conventional_hydroelectric_1_inlet,198,1.8546497023118986
PJMW_conventional_hydroelectric_1_inlet,199,1.8546497023118986
PJMW_conventional_hydroelectric_1_inlet,200,2.4674588997868643
PJMW_conventional_hydroelectric_1_inlet,201,2.1475130024495144
PJMW_conventional_hydroelectric_1_inlet,202,2.7488579372507007
PJMW_conventional_hydroelectric_1_inlet,203,3.2489856
PJMW_conventional_hydroelectric_1_inlet,204,3.2489856
PJMW_conventional_hydroelectric_1_inlet,205,3.2489856
PJMW_conventional_hydroelectric_1_inlet,206,3.2489856
PJMW_conventional_hydroelectric_1_inlet,207,3.2489856
PJMW_conventional_hydroelectric_1_inlet,208,3.2489856
PJMW_conventional_hydroelectric_1_inlet,209,3.2489856
PJMW_conventional_hydroelectric_1_inlet,210,3.2489856
PJMW_conventional_hydroelectric_1_inlet,211,3.2489856
PJMW_conventional_hydroelectric_1_inlet,212,3.2489856
PJMW_conventional_hydroelectric_1_inlet,213,3.2489856
PJMW_conventional_hydroelectric_1_inlet,214,3.2489856
PJMW_conventional_hydroelectric_1_inlet,215,3.2489856
PJMW_conventional_hydroelectric_1_inlet,216,3.2489856
PJMW_conventional_hydroelectric_1_inlet,217,3.2489856
PJMW_conventional_hydroelectric_1_inlet,218,3.2489856
PJMW_conventional_hydroelectric_1_inlet,219,3.2489856
PJMW_conventional_hydroelectric_1_inlet,220,3.2489856
PJMW_conventional_hydroelectric_1_inlet,221,3.2489856
PJMW_conventional_hydroelectric_1_inlet,222,3.2489856
PJMW_conventional_hydroelectric_1_inlet,223,3.2489856
PJMW_conventional_hydroelectric_1_inlet,224,3.2489856
PJMW_conventional_hydroelectric_1_inlet,225,3.2489856
PJMW_conventional_hydroelectric_1_inlet,226,3.2489856
PJMW_conventional_hydroelectric_1_inlet,227,3.2489856
PJMW_conventional_hydroelectric_1_inlet,228,3.2489856
PJMW_conventional_hydroelectric_1_inlet,229,3.2489856
PJMW_conventional_hydroelectric_1_inlet,230,3.2489856
PJMW_conventional_hydroelectric_1_inlet,231,3.2489856
PJMW_conventional_hydroelectric_1_inlet,232,3.2489856
PJMW_conventional_hydroelectric_1_inlet,233,3.2489856
PJMW_conventional_hydroelectric_1_inlet,234,3.2489856
PJMW_conventional_hydroelectric_1_inlet,235,3.2489856
PJMW_conventional_hydroelectric_1_inlet,236,3.2489856
PJMW_conventional_hydroelectric_1_inlet,237,3.2489856
PJMW_conventional_hydroelectric_1_inlet,238,3.2489856
PJMW_conventional_hydroelectric_1_inlet,239,3.2489856
PJMW_conventional_hydroelectric_1_inlet,240,3.2489856
PJMW_conventional_hydroelectric_1_inlet,241,2.4917244674132526
PJMW_conventional_hydroelectric_1_inlet,242,2.4917244674132526
PJMW_conventional_hydroelectric_1_inlet,243,2.4917244674132526
PJMW_conventional_hydroelectric_1_inlet,244,2.4917244674132526
PJMW_conventional_hydroelectric_1_inlet,245,2.4917244674132526
PJMW_conventional_hydroelectric_1_inlet,246,2.4917244674132526
PJMW_conventional_hydroelectric_1_inlet,247,2.4917244674132526
PJMW_conventional_hydroelectric_1_inlet,248,2.4917244674132526
PJMW_conventional_hydroelectric_1_inlet,249,2.4917244674132526
PJMW_conventional_hydroelectric_1_inlet,250,2.4917244674132526
PJMW_conventional_hydroelectric_1_inlet,251,2.4917244674132526
PJMW_conventional_hydroelectric_1_inlet,252,2.4917244674132526
PJMW_conventional_hydroelectric_1_inlet,253,2.4917244674132526
PJMW_conventional_hydroelectric_1_inlet,254,2.4917244674132526
PJMW_conventional_hydroelectric_1_inlet,255,2.4917244674132526
PJMW_conventional_hydroelectric_1_inlet,256,2.4917244674132526
PJMW_conventional_hydroelectric_1_inlet,257,2.4917244674132526
PJMW_conventional_hydroelectric_1_inlet,258,2.4917244674132526
PJMW_conventional_hydroelectric_1_inlet,259,2.4917244674132526
PJMW_conventional_hydroelectric_1_inlet,260,2.4917244674132526
PJMW_conventional_hydroelectric_1_inlet,261,2.4917244674132526
PJMW_conventional_hydroelectric_1_inlet,262,3.2489856
PJMW_conventional_hydroelectric_1_inlet,263,2.4917244674132526
PJMW_conventional_hydroelectric_1_inlet,264,2.4917244674132526
PJMW_conventional_hydroelectric_1_inlet,265,3.2489856
PJMW_conventional_hydroelectric_1_inlet,266,3.2489856
PJMW_conventional_hydroelectric_1_inlet,267,3.2489856
PJMW_conventional_hydroelectric_1_inlet,268,3.2489856
PJMW_conventional_hydroelectric_1_inlet,269,3.2489856
PJMW_conventional_hydroelectric_1_inlet,270,3.2489856
PJMW_conventional_hydroelectric_1_inlet,271,3.2489856
PJMW_conventional_hydroelectric_1_inlet,272,3.2489856
PJMW_conventional_hydroelectric_1_inlet,273,3.2489856
PJMW_conventional_hydroelectric_1_inlet,274,3.2489856
PJMW_conventional_hydroelectric_1_inlet,275,3.2489856
PJMW_conventional_hydroelectric_1_inlet,276,3.2489856
PJMW_conventional_hydroelectric_1_inlet,277,3.2489856
PJMW_conventional_hydroelectric_1_inlet,278,3.2489856
PJMW_conventional_hydroelectric_1_inlet,279,3.2489856
PJMW_conventional_hydroelectric_1_inlet,280,3.2489856
PJMW_conventional_hydroelectric_1_inlet,281,3.2489856
PJMW_conventional_hydroelectric_1_inlet,282,3.2489856
PJMW_conventional_hydroelectric_1_inlet,283,3.2489856
PJMW_conventional_hydroelectric_1_inlet,284,3.2489856
PJMW_conventional_hydroelectric_1_inlet,285,3.2489856
PJMW_conventional_hydroelectric_1_inlet,286,3.2489856
PJMW_conventional_hydroelectric_1_inlet,287,3.2489856
PJMW_conventional_hydroelectric_1_inlet,288,3.2489856
PJMW_conventional_hydroelectric_1_inlet,289,1.6679610782075052
PJMW_conventional_hydroelectric_1_inlet,290,1.6679621810123486
PJMW_conventional_hydroelectric_1_inlet,291,1.4221793657717472
PJMW_conventional_hydroelectric_1_inlet,292,1.6682870795723486
PJMW_conventional_hydroelectric_1_inlet,293,1.6682870795723477
PJMW_conventional_hydroelectric_1_inlet,294,1.6682881823771911
PJMW_conventional_hydroelectric_1_inlet,295,2.455211119845642
PJMW_conventional_hydroelectric_1_inlet,296,0.7742913495350399
PJMW_conventional_hydroelectric_1_inlet,297,1.8887353429708478
PJMW_conventional_hydroelectric_1_inlet,298,1.6686463795167423
PJMW_conventional_hydroelectric_1_inlet,299,1.4228654438238701
PJMW_conventional_hydroelectric_1_inlet,300,0.774814201564276
PJMW_conventional_hydroelectric_1_inlet,301,1.6689401851068755
PJMW_conventional_hydroelectric_1_inlet,302,1.6692650836668763
PJMW_conventional_hydroelectric_1_inlet,303,2.455211119845642
PJMW_conventional_hydroelectric_1_inlet,304,2.455211119845642
PJMW_conventional_hydroelectric_1_inlet,305,3.2489856
PJMW_conventional_hydroelectric_1_inlet,306,3.2489856
PJMW_conventional_hydroelectric_1_inlet,307,3.2489856
PJMW_conventional_hydroelectric_1_inlet,308,3.2489856
PJMW_conventional_hydroelectric_1_inlet,309,3.11431552544441
PJMW_conventional_hydroelectric_1_inlet,310,3.2489856
PJMW_conventional_hydroelectric_1_inlet,311,3.2489856
PJMW_conventional_hydroelectric_1_inlet,312,3.2489856
PJMW_conventional_hydroelectric_1_inlet,313,2.461735558361863
PJMW_conventional_hydroelectric_1_inlet,314,2.4617366611667064
PJMW_conventional_hydroelectric_1_inlet,315,2.215953845926105
PJMW_conventional_hydroelectric_1_inlet,316,2.4620615597267066
PJMW_conventional_hydroelectric_1_inlet,317,2.4620615597267057
PJMW_conventional_hydroelectric_1_inlet,318,2.462062662531549
PJMW_conventional_hydroelectric_1_inlet,319,3.2489856
PJMW_conventional_hydroelectric_1_inlet,320,1.5680658296893977
PJMW_conventional_hydroelectric_1_inlet,321,2.4623886638963906
PJMW_conventional_hydroelectric_1_inlet,322,2.4624208596711004
PJMW_conventional_hydroelectric_1_inlet,323,2.216639923978228
PJMW_conventional_hydroelectric_1_inlet,324,1.568588681718634
PJMW_conventional_hydroelectric_1_inlet,325,2.4627146652612333
PJMW_conventional_hydroelectric_1_inlet,326,2.463039563821234
PJMW_conventional_hydroelectric_1_inlet,327,3.2489856
PJMW_conventional_hydroelectric_1_inlet,328,3.2489856
PJMW_conventional_hydroelectric_1_inlet,329,3.2489856
PJMW_conventional_hydroelectric_1_inlet,330,3.2489856
PJMW_conventional_hydroelectric_1_inlet,331,3.2489856
PJMW_conventional_hydroelectric_1_inlet,332,3.2489856
PJMW_conventional_hydroelectric_1_inlet,333,3.2489856
PJMW_conventional_hydroelectric_1_inlet,334,3.2489856
PJMW_conventional_hydroelectric_1_inlet,335,3.2489856
PJMW_conventional_hydroelectric_1_inlet,336,3.2489856
PJMW_conventional_hydroelectric_1_inlet,337,0.0
PJMW_conventional_hydroelectric_1_inlet,338,0.0
PJMW_conventional_hydroelectric_1_inlet,339,0.0
PJMW_conventional_hydroelectric_1_inlet,340,0.0
PJMW_conventional_hydroelectric_1_inlet,341,0.0
PJMW_conventional_hydroelectric_1_inlet,342,0.0
PJMW_conventional_hydroelectric_1_inlet,343,0.7865980389084518
PJMW_conventional_hydroelectric_1_inlet,344,0.0
PJMW_conventional_hydroelectric_1_inlet,345,0.0
PJMW_conventional_hydroelectric_1_inlet,346,0.0
PJMW_conventional_hydroelectric_1_inlet,347,0.0
PJMW_conventional_hydroelectric_1_inlet,348,0.0
PJMW_conventional_hydroelectric_1_inlet,349,0.0
PJMW_conventional_hydroelectric_1_inlet,350,0.0
PJMW_conventional_hydroelectric_1_inlet,351,1.6882089456420921
PJMW_conventional_hydroelectric_1_inlet,352,2.478047757457259
PJMW_conventional_hydroelectric_1_inlet,353,2.4783404602425496
PJMW_conventional_hydroelectric_1_inlet,354,3.2489856
PJMW_conventional_hydroelectric_1_inlet,355,3.2489856
PJMW_conventional_hydroelectric_1_inlet,356,2.4783737588221015
PJMW_conventional_hydroelectric_1_inlet,357,2.4786664616073923
PJMW_conventional_hydroelectric_1_inlet,358,0.7852929306442381
PJMW_conventional_hydroelectric_1_inlet,359,2.007769718909108
PJMW_conventional_hydroelectric_1_inlet,360,0.7852918278393956
PJMW_conventional_hydroelectric_1_inlet,361,0.0
PJMW_conventional_hydroelectric_1_inlet,362,0.0
PJMW_conventional_hydroelectric_1_inlet,363,0.0
PJMW_conventional_hydroelectric_1_inlet,364,0.0
PJMW_conventional_hydroelectric_1_inlet,365,0.0
PJMW_conventional_hydroelectric_1_inlet,366,0.7716242466568207
PJMW_conventional_hydroelectric_1_inlet,367,1.5581889869857213
PJMW_conventional_hydroelectric_1_inlet,368,0.7715909480772694
PJMW_conventional_hydroelectric_1_inlet,369,0.7715898452724269
PJMW_conventional_hydroelectric_1_inlet,370,0.7712982452919781
PJMW_conventional_hydroelectric_1_inlet,371,0.0
PJMW_conventional_hydroelectric_1_inlet,372,0.0
PJMW_conventional_hydroelectric_1_inlet,373,0.0
PJMW_conventional_hydroelectric_1_inlet,374,0.0
PJMW_conventional_hydroelectric_1_inlet,375,0.0
PJMW_conventional_hydroelectric_1_inlet,376,0.0
PJMW_conventional_hydroelectric_1_inlet,377,0.0
PJMW_conventional_hydroelectric_1_inlet,378,3.2489856
PJMW_conventional_hydroelectric_1_inlet,379,3.2489856
PJMW_conventional_hydroelectric_1_inlet,380,0.0
PJMW_conventional_hydroelectric_1_inlet,381,0.0
PJMW_conventional_hydroelectric_1_inlet,382,0.0
PJMW_conventional_hydroelectric_1_inlet,383,0.0
PJMW_conventional_hydroelectric_1_inlet,384,0.0
PJMW_conventional_hydroelectric_1_inlet,385,0.7753552805068828
PJMW_conventional_hydroelectric_1_inlet,386,0.7753552805068828
PJMW_conventional_hydroelectric_1_inlet,387,0.7756157875174655
PJMW_conventional_hydroelectric_1_inlet,388,0.7756157875174655
PJMW_conventional_hydroelectric_1_inlet,389,0.7756157875174655
PJMW_conventional_hydroelectric_1_inlet,390,1.5474994383800265
PJMW_conventional_hydroelectric_1_inlet,391,2.334064178708927
PJMW_conventional_hydroelectric_1_inlet,392,1.5474672426053178
PJMW_conventional_hydroelectric_1_inlet,393,1.547757739780924
PJMW_conventional_hydroelectric_1_inlet,394,1.5474339440257665
PJMW_conventional_hydroelectric_1_inlet,395,0.7761356987337884
PJMW_conventional_hydroelectric_1_inlet,396,0.7764272987142373
PJMW_conventional_hydroelectric_1_inlet,397,0.7763962057443712
PJMW_conventional_hydroelectric_1_inlet,398,0.7763962057443712
PJMW_conventional_hydroelectric_1_inlet,399,0.7766878057248201
PJMW_conventional_hydroelectric_1_inlet,400,0.7766878057248201
PJMW_conventional_hydroelectric_1_inlet,401,0.7766567127549538
PJMW_conventional_hydroelectric_1_inlet,402,2.459585732221732
PJMW_conventional_hydroelectric_1_inlet,403,2.459326328015991
PJMW_conventional_hydroelectric_1_inlet,404,0.0
PJMW_conventional_hydroelectric_1_inlet,405,0.7772077169411427
PJMW_conventional_hydroelectric_1_inlet,406,0.7772088197459853
PJMW_conventional_hydroelectric_1_inlet,407,0.7772088197459853
PJMW_conventional_hydroelectric_1_inlet,408,0.7774682239517254
PJMW_conventional_hydroelectric_1_inlet,409,0.0
PJMW_conventional_hydroelectric_1_inlet,410,0.07002924093972478
PJMW_conventional_hydroelectric_1_inlet,411,0.0702886451454649
PJMW_conventional_hydroelectric_1_inlet,412,0.07083964933165382
PJMW_conventional_hydroelectric_1_inlet,413,0.07106575495784288
PJMW_conventional_hydroelectric_1_inlet,414,0.0713251591635829
PJMW_conventional_hydroelectric_1_inlet,415,1.0811378213662601
PJMW_conventional_hydroelectric_1_inlet,416,0.42966804780329265
PJMW_conventional_hydroelectric_1_inlet,417,0.07239497176125227
PJMW_conventional_hydroelectric_1_inlet,418,0.0
PJMW_conventional_hydroelectric_1_inlet,419,0.0
PJMW_conventional_hydroelectric_1_inlet,420,0.0
PJMW_conventional_hydroelectric_1_inlet,421,0.0
PJMW_conventional_hydroelectric_1_inlet,422,0.0
PJMW_conventional_hydroelectric_1_inlet,423,0.0
PJMW_conventional_hydroelectric_1_inlet,424,0.0
PJMW_conventional_hydroelectric_1_inlet,425,0.0
PJMW_conventional_hydroelectric_1_inlet,426,0.0
PJMW_conventional_hydroelectric_1_inlet,427,0.0
PJMW_conventional_hydroelectric_1_inlet,428,0.0
PJMW_conventional_hydroelectric_1_inlet,429,0.0
PJMW_conventional_hydroelectric_1_inlet,430,0.0
PJMW_conventional_hydroelectric_1_inlet,431,0.07683373061901576
PJMW_conventional_hydroelectric_1_inlet,432,0.077093134824756
PJMW_conventional_hydroelectric_1_inlet,433,0.7925537364605997
PJMW_conventional_hydroelectric_1_inlet,434,0.8625829774003245
PJMW_conventional_hydroelectric_1_inlet,435,0.8628423816060646
PJMW_conventional_hydroelectric_1_inlet,436,0.8633933857922536
PJMW_conventional_hydroelectric_1_inlet,437,0.8636194914184426
PJMW_conventional_hydroelectric_1_inlet,438,0.8638788956241826
PJMW_conventional_hydroelectric_1_inlet,439,1.87369155782686
PJMW_conventional_hydroelectric_1_inlet,440,1.2222217842638925
PJMW_conventional_hydroelectric_1_inlet,441,0.864948708221852
PJMW_conventional_hydroelectric_1_inlet,442,0.7925537364605997
PJMW_conventional_hydroelectric_1_inlet,443,0.7925537364605997
PJMW_conventional_hydroelectric_1_inlet,444,0.7925537364605997
PJMW_conventional_hydroelectric_1_inlet,445,0.0
PJMW_conventional_hydroelectric_1_inlet,446,0.0
PJMW_conventional_hydroelectric_1_inlet,447,0.0
PJMW_conventional_hydroelectric_1_inlet,448,0.3953868488093292
PJMW_conventional_hydroelectric_1_inlet,449,0.7925537364605997
PJMW_conventional_hydroelectric_1_inlet,450,0.7925537364605997
PJMW_conventional_hydroelectric_1_inlet,451,0.7925537364605997
PJMW_conventional_hydroelectric_1_inlet,452,0.7925537364605997
PJMW_conventional_hydroelectric_1_inlet,453,0.7925537364605997
PJMW_conventional_hydroelectric_1_inlet,454,0.7925537364605997
PJMW_conventional_hydroelectric_1_inlet,455,0.8693874670796155
PJMW_conventional_hydroelectric_1_inlet,456,0.8696468712853557
PJMW_conventional_hydroelectric_1_inlet,457,1.4944421495327476
PJMW_conventional_hydroelectric_1_inlet,458,1.564211986266732
PJMW_conventional_hydroelectric_1_inlet,459,1.564211986266732
PJMW_conventional_hydroelectric_1_inlet,460,1.564211986266732
PJMW_conventional_hydroelectric_1_inlet,461,1.564211986266732
PJMW_conventional_hydroelectric_1_inlet,462,1.564211986266732
PJMW_conventional_hydroelectric_1_inlet,463,2.5737652442636696
PJMW_conventional_hydroelectric_1_inlet,464,1.921744466514513
PJMW_conventional_hydroelectric_1_inlet,465,1.564211986266732
PJMW_conventional_hydroelectric_1_inlet,466,1.4915576102997399
PJMW_conventional_hydroelectric_1_inlet,467,1.4912993088988424
PJMW_conventional_hydroelectric_1_inlet,468,1.4910721004678107
PJMW_conventional_hydroelectric_1_inlet,469,0.0
PJMW_conventional_hydroelectric_1_inlet,470,0.0
PJMW_conventional_hydroelectric_1_inlet,471,0.0
PJMW_conventional_hydroelectric_1_inlet,472,0.0
PJMW_conventional_hydroelectric_1_inlet,473,1.489192982283055
PJMW_conventional_hydroelectric_1_inlet,474,1.4889335780773147
PJMW_conventional_hydroelectric_1_inlet,475,1.488706369646283
PJMW_conventional_hydroelectric_1_inlet,476,1.488446965440543
PJMW_conventional_hydroelectric_1_inlet,477,1.488187561234803
PJMW_conventional_hydroelectric_1_inlet,478,1.4876376598534564
PJMW_conventional_hydroelectric_1_inlet,479,1.564211986266732
PJMW_conventional_hydroelectric_1_inlet,480,1.564211986266732
PJMW_conventional_hydroelectric_1_inlet,481,2.1696625052690783
PJMW_conventional_hydroelectric_1_inlet,482,2.2394323420030626
PJMW_conventional_hydroelectric_1_inlet,483,2.2394323420030626
PJMW_conventional_hydroelectric_1_inlet,484,2.2394323420030626
PJMW_conventional_hydroelectric_1_inlet,485,2.2394323420030626
PJMW_conventional_hydroelectric_1_inlet,486,2.2394323420030626
PJMW_conventional_hydroelectric_1_inlet,487,3.2489856
PJMW_conventional_hydroelectric_1_inlet,488,2.5969648222508432
PJMW_conventional_hydroelectric_1_inlet,489,2.2394323420030626
PJMW_conventional_hydroelectric_1_inlet,490,2.1667779660360704
PJMW_conventional_hydroelectric_1_inlet,491,2.1665196646351728
PJMW_conventional_hydroelectric_1_inlet,492,2.166292456204141
PJMW_conventional_hydroelectric_1_inlet,493,0.6752203557363304
PJMW_conventional_hydroelectric_1_inlet,494,0.6752203557363304
PJMW_conventional_hydroelectric_1_inlet,495,0.6752203557363304
PJMW_conventional_hydroelectric_1_inlet,496,0.6752203557363304
PJMW_conventional_hydroelectric_1_inlet,497,2.1644133380193855
PJMW_conventional_hydroelectric_1_inlet,498,2.1641539338136453
PJMW_conventional_hydroelectric_1_inlet,499,2.1639267253826135
PJMW_conventional_hydroelectric_1_inlet,500,2.1636673211768738
PJMW_conventional_hydroelectric_1_inlet,501,2.1634079169711335
PJMW_conventional_hydroelectric_1_inlet,502,2.162858015589787
PJMW_conventional_hydroelectric_1_inlet,503,2.2394323420030626
PJMW_conventional_hydroelectric_1_inlet,504,2.2394323420030626
PJMW_conventional_hydroelectric_1_inlet,505,3.179215763266016
PJMW_conventional_hydroelectric_1_inlet,506,3.2489856
PJMW_conventional_hydroelectric_1_inlet,507,3.2489856
PJMW_conventional_hydroelectric_1_inlet,508,3.2489856
PJMW_conventional_hydroelectric_1_inlet,509,3.2489856
PJMW_conventional_hydroelectric_1_inlet,510,3.2489856
PJMW_conventional_hydroelectric_1_inlet,511,3.2489856
PJMW_conventional_hydroelectric_1_inlet,512,3.2489856
PJMW_conventional_hydroelectric_1_inlet,513,3.2489856
PJMW_conventional_hydroelectric_1_inlet,514,3.176331224033008
PJMW_conventional_hydroelectric_1_inlet,515,3.1760729226321103
PJMW_conventional_hydroelectric_1_inlet,516,3.175845714201079
PJMW_conventional_hydroelectric_1_inlet,517,1.684773613733268
PJMW_conventional_hydroelectric_1_inlet,518,1.684773613733268
PJMW_conventional_hydroelectric_1_inlet,519,1.684773613733268
PJMW_conventional_hydroelectric_1_inlet,520,1.684773613733268
PJMW_conventional_hydroelectric_1_inlet,521,3.1739665960163226
PJMW_conventional_hydroelectric_1_inlet,522,3.1737071918105833
PJMW_conventional_hydroelectric_1_inlet,523,3.173479983379551
PJMW_conventional_hydroelectric_1_inlet,524,3.1732205791738113
PJMW_conventional_hydroelectric_1_inlet,525,3.172961174968071
PJMW_conventional_hydroelectric_1_inlet,526,3.1724112735867243
PJMW_conventional_hydroelectric_1_inlet,527,3.2489856
PJMW_conventional_hydroelectric_1_inlet,528,3.2489856
PJMW_conventional_hydroelectric_1_inlet,529,2.3995244685525328
PJMW_conventional_hydroelectric_1_inlet,530,2.3995244685525328
PJMW_conventional_hydroelectric_1_inlet,531,2.3995244685525328
PJMW_conventional_hydroelectric_1_inlet,532,2.3995244685525328
PJMW_conventional_hydroelectric_1_inlet,533,2.3995244685525328
PJMW_conventional_hydroelectric_1_inlet,534,2.3995244685525328
PJMW_conventional_hydroelectric_1_inlet,535,0.946145226698367
PJMW_conventional_hydroelectric_1_inlet,536,1.4485145858929065
PJMW_conventional_hydroelectric_1_inlet,537,2.3995244685525328
PJMW_conventional_hydroelectric_1_inlet,538,2.3995244685525328
PJMW_conventional_hydroelectric_1_inlet,539,2.3995244685525328
PJMW_conventional_hydroelectric_1_inlet,540,2.3995244685525328
PJMW_conventional_hydroelectric_1_inlet,541,2.3995244685525328
PJMW_conventional_hydroelectric_1_inlet,542,2.6277403424411543
PJMW_conventional_hydroelectric_1_inlet,543,2.6274443312413354
PJMW_conventional_hydroelectric_1_inlet,544,2.3995244685525328
PJMW_conventional_hydroelectric_1_inlet,545,3.1753805200210685
PJMW_conventional_hydroelectric_1_inlet,546,2.3995244685525328
PJMW_conventional_hydroelectric_1_inlet,547,2.3995244685525328
PJMW_conventional_hydroelectric_1_inlet,548,0.8646108210714838
PJMW_conventional_hydroelectric_1_inlet,549,0.863763805685476
PJMW_conventional_hydroelectric_1_inlet,550,0.8629167902994673
PJMW_conventional_hydroelectric_1_inlet,551,2.3995244685525328
PJMW_conventional_hydroelectric_1_inlet,552,2.3995244685525328
PJMW_conventional_hydroelectric_1_inlet,553,3.2489856
PJMW_conventional_hydroelectric_1_inlet,554,3.2489856
PJMW_conventional_hydroelectric_1_inlet,555,3.2489856
PJMW_conventional_hydroelectric_1_inlet,556,3.2489856
PJMW_conventional_hydroelectric_1_inlet,557,3.2489856
PJMW_conventional_hydroelectric_1_inlet,558,3.2489856
PJMW_conventional_hydroelectric_1_inlet,559,1.7956063581458344
PJMW_conventional_hydroelectric_1_inlet,560,2.297975717340374
PJMW_conventional_hydroelectric_1_inlet,561,3.2489856
PJMW_conventional_hydroelectric_1_inlet,562,3.2489856
PJMW_conventional_hydroelectric_1_inlet,563,3.2489856
PJMW_conventional_hydroelectric_1_inlet,564,3.2489856
PJMW_conventional_hydroelectric_1_inlet,565,3.2489856
PJMW_conventional_hydroelectric_1_inlet,566,3.2489856
PJMW_conventional_hydroelectric_1_inlet,567,3.2489856
PJMW_conventional_hydroelectric_1_inlet,568,3.2489856
PJMW_conventional_hydroelectric_1_inlet,569,3.2489856
PJMW_conventional_hydroelectric_1_inlet,570,3.2489856
PJMW_conventional_hydroelectric_1_inlet,571,3.2489856
PJMW_conventional_hydroelectric_1_inlet,572,1.7140719525189512
PJMW_conventional_hydroelectric_1_inlet,573,1.7132249371329433
PJMW_conventional_hydroelectric_1_inlet,574,1.7123779217469348
PJMW_conventional_hydroelectric_1_inlet,575,3.2489856
PJMW_conventional_hydroelectric_1_inlet,576,3.2489856
RMRG_conventional_hydroelectric_1_inlet,1,0.0
RMRG_conventional_hydroelectric_1_inlet,2,0.0
RMRG_conventional_hydroelectric_1_inlet,3,1.2572531586989115
RMRG_conventional_hydroelectric_1_inlet,4,1.6321078108638747
RMRG_conventional_hydroelectric_1_inlet,5,0.0
RMRG_conventional_hydroelectric_1_inlet,6,0.47058087122110615
RMRG_conventional_hydroelectric_1_inlet,7,1.6328200532831054
RMRG_conventional_hydroelectric_1_inlet,8,1.6327358909384238
RMRG_conventional_hydroelectric_1_inlet,9,0.0
RMRG_conventional_hydroelectric_1_inlet,10,1.6333561822806175
RMRG_conventional_hydroelectric_1_inlet,11,0.2177177487402506
RMRG_conventional_hydroelectric_1_inlet,12,1.6338845225457734
RMRG_conventional_hydroelectric_1_inlet,13,0.0
RMRG_conventional_hydroelectric_1_inlet,14,1.634068424699848
RMRG_conventional_hydroelectric_1_inlet,15,0.47248184359236794
RMRG_conventional_hydroelectric_1_inlet,16,0.47265795701408664
RMRG_conventional_hydroelectric_1_inlet,17,0.4730101838575241
RMRG_conventional_hydroelectric_1_inlet,18,0.4731862972792427
RMRG_conventional_hydroelectric_1_inlet,19,0.33670174162679195
RMRG_conventional_hydroelectric_1_inlet,20,0.6667412282672592
RMRG_conventional_hydroelectric_1_inlet,21,1.2610383712938218
RMRG_conventional_hydroelectric_1_inlet,22,1.2611303223708592
RMRG_conventional_hydroelectric_1_inlet,23,1.2614825492142963
RMRG_conventional_hydroelectric_1_inlet,24,0.47451104230831087
RMRG_conventional_hydroelectric_1_inlet,25,0.5023992727987114
RMRG_conventional_hydroelectric_1_inlet,26,0.5025753862204301
RMRG_conventional_hydroelectric_1_inlet,27,1.7600966094180976
RMRG_conventional_hydroelectric_1_inlet,28,2.1351273750047794
RMRG_conventional_hydroelectric_1_inlet,29,0.5031956775626235
RMRG_conventional_hydroelectric_1_inlet,30,0.9741287756271672
RMRG_conventional_hydroelectric_1_inlet,31,2.136544071110885
RMRG_conventional_hydroelectric_1_inlet,32,2.136812135609641
RMRG_conventional_hydroelectric_1_inlet,33,0.5042523580929357
RMRG_conventional_hydroelectric_1_inlet,34,2.137784653795272
RMRG_conventional_hydroelectric_1_inlet,35,0.722414284753661
RMRG_conventional_hydroelectric_1_inlet,36,2.1387571719809024
RMRG_conventional_hydroelectric_1_inlet,37,0.5050487628568477
RMRG_conventional_hydroelectric_1_inlet,38,2.1394694144001334
RMRG_conventional_hydroelectric_1_inlet,39,0.9780589467143718
RMRG_conventional_hydroelectric_1_inlet,40,0.978411173557809
RMRG_conventional_hydroelectric_1_inlet,41,0.9791156272446839
RMRG_conventional_hydroelectric_1_inlet,42,0.5587226621973617
RMRG_conventional_hydroelectric_1_inlet,43,0.8432513629344265
RMRG_conventional_hydroelectric_1_inlet,44,1.1734669629966126
RMRG_conventional_hydroelectric_1_inlet,45,1.7679402194448937
RMRG_conventional_hydroelectric_1_inlet,46,1.7683843973653686
RMRG_conventional_hydroelectric_1_inlet,47,1.7689127376305245
RMRG_conventional_hydroelectric_1_inlet,48,0.9821173441462576
RMRG_conventional_hydroelectric_1_inlet,49,0.9712701444783186
RMRG_conventional_hydroelectric_1_inlet,50,0.9709179176348811
RMRG_conventional_hydroelectric_1_inlet,51,2.2281710763337927
RMRG_conventional_hydroelectric_1_inlet,52,2.602757664
RMRG_conventional_hydroelectric_1_inlet,53,0.970297626292688
RMRG_conventional_hydroelectric_1_inlet,54,1.4407865464367564
RMRG_conventional_hydroelectric_1_inlet,55,2.602757664
RMRG_conventional_hydroelectric_1_inlet,56,2.602757664
RMRG_conventional_hydroelectric_1_inlet,57,0.9696695462181384
RMRG_conventional_hydroelectric_1_inlet,58,2.602757664
RMRG_conventional_hydroelectric_1_inlet,59,1.186943117037914
RMRG_conventional_hydroelectric_1_inlet,60,2.602757664
RMRG_conventional_hydroelectric_1_inlet,61,0.96860507695547
RMRG_conventional_hydroelectric_1_inlet,62,2.602757664
RMRG_conventional_hydroelectric_1_inlet,63,1.4409030183937634
RMRG_conventional_hydroelectric_1_inlet,64,1.4407269049720446
RMRG_conventional_hydroelectric_1_inlet,65,1.4409871807384445
RMRG_conventional_hydroelectric_1_inlet,66,1.0201500377706476
RMRG_conventional_hydroelectric_1_inlet,67,1.3041503982425564
RMRG_conventional_hydroelectric_1_inlet,68,1.6340979338059864
RMRG_conventional_hydroelectric_1_inlet,69,2.228127012333793
RMRG_conventional_hydroelectric_1_inlet,70,2.228127012333793
RMRG_conventional_hydroelectric_1_inlet,71,2.228127012333793
RMRG_conventional_hydroelectric_1_inlet,72,1.4408874409290513
RMRG_conventional_hydroelectric_1_inlet,73,0.5425621421591883
RMRG_conventional_hydroelectric_1_inlet,74,1.345504505301088
RMRG_conventional_hydroelectric_1_inlet,75,2.602757664
RMRG_conventional_hydroelectric_1_inlet,76,2.602757664
RMRG_conventional_hydroelectric_1_inlet,77,1.3448842139588948
RMRG_conventional_hydroelectric_1_inlet,78,1.3714237653348345
RMRG_conventional_hydroelectric_1_inlet,79,1.3518664133096572
RMRG_conventional_hydroelectric_1_inlet,80,1.5648385242341658
RMRG_conventional_hydroelectric_1_inlet,81,0.0
RMRG_conventional_hydroelectric_1_inlet,82,2.228127012333793
RMRG_conventional_hydroelectric_1_inlet,83,0.0
RMRG_conventional_hydroelectric_1_inlet,84,0.37463065166620674
RMRG_conventional_hydroelectric_1_inlet,85,0.4662305371221675
RMRG_conventional_hydroelectric_1_inlet,86,0.37463065166620674
RMRG_conventional_hydroelectric_1_inlet,87,0.8916451079417075
RMRG_conventional_hydroelectric_1_inlet,88,0.0
RMRG_conventional_hydroelectric_1_inlet,89,0.0
RMRG_conventional_hydroelectric_1_inlet,90,0.0
RMRG_conventional_hydroelectric_1_inlet,91,0.0
RMRG_conventional_hydroelectric_1_inlet,92,0.0
RMRG_conventional_hydroelectric_1_inlet,93,0.0
RMRG_conventional_hydroelectric_1_inlet,94,0.0
RMRG_conventional_hydroelectric_1_inlet,95,0.0
RMRG_conventional_hydroelectric_1_inlet,96,0.0
RMRG_conventional_hydroelectric_1_inlet,97,0.0
RMRG_conventional_hydroelectric_1_inlet,98,1.2774250672743497
RMRG_conventional_hydroelectric_1_inlet,99,1.2766364512427935
RMRG_conventional_hydroelectric_1_inlet,100,0.37463065166620674
RMRG_conventional_hydroelectric_1_inlet,101,0.0
RMRG_conventional_hydroelectric_1_inlet,102,0.0
RMRG_conventional_hydroelectric_1_inlet,103,0.0
RMRG_conventional_hydroelectric_1_inlet,104,1.2722647706292507
RMRG_conventional_hydroelectric_1_inlet,105,0.0
RMRG_conventional_hydroelectric_1_inlet,106,0.0
RMRG_conventional_hydroelectric_1_inlet,107,0.0
RMRG_conventional_hydroelectric_1_inlet,108,0.0
RMRG_conventional_hydroelectric_1_inlet,109,0.0
RMRG_conventional_hydroelectric_1_inlet,110,0.7492172393324136
RMRG_conventional_hydroelectric_1_inlet,111,1.2662316956079143
RMRG_conventional_hydroelectric_1_inlet,112,0.3745865876662069
RMRG_conventional_hydroelectric_1_inlet,113,0.3745865876662069
RMRG_conventional_hydroelectric_1_inlet,114,0.3745865876662069
RMRG_conventional_hydroelectric_1_inlet,115,0.3745865876662069
RMRG_conventional_hydroelectric_1_inlet,116,0.0
RMRG_conventional_hydroelectric_1_inlet,117,0.0
RMRG_conventional_hydroelectric_1_inlet,118,0.3745865876662069
RMRG_conventional_hydroelectric_1_inlet,119,0.3745865876662069
RMRG_conventional_hydroelectric_1_inlet,120,0.3745865876662069
RMRG_conventional_hydroelectric_1_inlet,121,0.6365663525647677
RMRG_conventional_hydroelectric_1_inlet,122,1.9148641982153547
RMRG_conventional_hydroelectric_1_inlet,123,1.9148641982153547
RMRG_conventional_hydroelectric_1_inlet,124,1.013731177015005
RMRG_conventional_hydroelectric_1_inlet,125,0.6400652548020731
RMRG_conventional_hydroelectric_1_inlet,126,0.6409380331783106
RMRG_conventional_hydroelectric_1_inlet,127,0.6418108115545479
RMRG_conventional_hydroelectric_1_inlet,128,1.9148641982153547
RMRG_conventional_hydroelectric_1_inlet,129,0.6434722059623413
RMRG_conventional_hydroelectric_1_inlet,130,0.6444369354156161
RMRG_conventional_hydroelectric_1_inlet,131,0.6453097137918534
RMRG_conventional_hydroelectric_1_inlet,132,0.6460983298234096
RMRG_conventional_hydroelectric_1_inlet,133,0.6469711081996469
RMRG_conventional_hydroelectric_1_inlet,134,1.397061125908298
RMRG_conventional_hydroelectric_1_inlet,135,1.9148641982153547
RMRG_conventional_hydroelectric_1_inlet,136,1.0242679820716034
RMRG_conventional_hydroelectric_1_inlet,137,1.0250565981031594
RMRG_conventional_hydroelectric_1_inlet,138,1.0259293764793966
RMRG_conventional_hydroelectric_1_inlet,139,1.0267179925109526
RMRG_conventional_hydroelectric_1_inlet,140,0.6530041832209831
RMRG_conventional_hydroelectric_1_inlet,141,0.6540530750189393
RMRG_conventional_hydroelectric_1_inlet,142,0.4441965073903592
RMRG_conventional_hydroelectric_1_inlet,143,1.0303010570929396
RMRG_conventional_hydroelectric_1_inlet,144,1.0310896731244956
RMRG_conventional_hydroelectric_1_inlet,145,1.3244598183494127
RMRG_conventional_hydroelectric_1_inlet,146,2.602757664
RMRG_conventional_hydroelectric_1_inlet,147,2.602757664
RMRG_conventional_hydroelectric_1_inlet,148,1.7016246427996502
RMRG_conventional_hydroelectric_1_inlet,149,1.327958720586718
RMRG_conventional_hydroelectric_1_inlet,150,1.3288314989629555
RMRG_conventional_hydroelectric_1_inlet,151,1.329704277339193
RMRG_conventional_hydroelectric_1_inlet,152,2.602757664
RMRG_conventional_hydroelectric_1_inlet,153,1.3313656717469862
RMRG_conventional_hydroelectric_1_inlet,154,0.0
RMRG_conventional_hydroelectric_1_inlet,155,1.0164171056667648
RMRG_conventional_hydroelectric_1_inlet,156,1.3339917956080547
RMRG_conventional_hydroelectric_1_inlet,157,1.334864573984292
RMRG_conventional_hydroelectric_1_inlet,158,2.084954591692943
RMRG_conventional_hydroelectric_1_inlet,159,2.602757664
RMRG_conventional_hydroelectric_1_inlet,160,1.7121614478562484
RMRG_conventional_hydroelectric_1_inlet,161,1.7129500638878046
RMRG_conventional_hydroelectric_1_inlet,162,1.5843917248422537
RMRG_conventional_hydroelectric_1_inlet,163,1.7146114582955976
RMRG_conventional_hydroelectric_1_inlet,164,1.3408976490056281
RMRG_conventional_hydroelectric_1_inlet,165,0.9896173873437248
RMRG_conventional_hydroelectric_1_inlet,166,1.1320899731750043
RMRG_conventional_hydroelectric_1_inlet,167,0.3641816695050009
RMRG_conventional_hydroelectric_1_inlet,168,1.2490912552403286
RMRG_conventional_hydroelectric_1_inlet,169,0.8755980399052873
RMRG_conventional_hydroelectric_1_inlet,170,2.602757664
RMRG_conventional_hydroelectric_1_inlet,171,2.2566751019669278
RMRG_conventional_hydroelectric_1_inlet,172,2.3810108312658675
RMRG_conventional_hydroelectric_1_inlet,173,1.9263650401229988
RMRG_conventional_hydroelectric_1_inlet,174,2.008094581422711
RMRG_conventional_hydroelectric_1_inlet,175,2.0088598312571992
RMRG_conventional_hydroelectric_1_inlet,176,2.1896477456414365
RMRG_conventional_hydroelectric_1_inlet,177,1.5342664619821482
RMRG_conventional_hydroelectric_1_inlet,178,0.679101032791514
RMRG_conventional_hydroelectric_1_inlet,179,1.695586723338248
RMRG_conventional_hydroelectric_1_inlet,180,2.013053884737788
RMRG_conventional_hydroelectric_1_inlet,181,2.0139952479939947
RMRG_conventional_hydroelectric_1_inlet,182,2.602757664
RMRG_conventional_hydroelectric_1_inlet,183,2.602757664
RMRG_conventional_hydroelectric_1_inlet,184,2.3910614873177405
RMRG_conventional_hydroelectric_1_inlet,185,2.391918688229266
RMRG_conventional_hydroelectric_1_inlet,186,2.263252820641965
RMRG_conventional_hydroelectric_1_inlet,187,2.393456976630597
RMRG_conventional_hydroelectric_1_inlet,188,2.0196356387988783
RMRG_conventional_hydroelectric_1_inlet,189,1.6684239620169439
RMRG_conventional_hydroelectric_1_inlet,190,1.810789019306474
RMRG_conventional_hydroelectric_1_inlet,191,1.0428651381717584
RMRG_conventional_hydroelectric_1_inlet,192,1.9276671953653366
RMRG_conventional_hydroelectric_1_inlet,193,1.4576526185204004
RMRG_conventional_hydroelectric_1_inlet,194,1.1558333838409587
RMRG_conventional_hydroelectric_1_inlet,195,1.4576526185204004
RMRG_conventional_hydroelectric_1_inlet,196,1.4576526185204004
RMRG_conventional_hydroelectric_1_inlet,197,0.322972006921739
RMRG_conventional_hydroelectric_1_inlet,198,0.08047145005737398
RMRG_conventional_hydroelectric_1_inlet,199,0.08123669989186233
RMRG_conventional_hydroelectric_1_inlet,200,0.32325564888520714
RMRG_conventional_hydroelectric_1_inlet,201,0.32326343761756304
RMRG_conventional_hydroelectric_1_inlet,202,0.3232712263499191
RMRG_conventional_hydroelectric_1_inlet,203,0.32345512850399394
RMRG_conventional_hydroelectric_1_inlet,204,0.7728318574469086
RMRG_conventional_hydroelectric_1_inlet,205,2.483806577569738
RMRG_conventional_hydroelectric_1_inlet,206,2.602757664
RMRG_conventional_hydroelectric_1_inlet,207,2.602757664
RMRG_conventional_hydroelectric_1_inlet,208,2.602757664
RMRG_conventional_hydroelectric_1_inlet,209,2.602757664
RMRG_conventional_hydroelectric_1_inlet,210,2.602757664
RMRG_conventional_hydroelectric_1_inlet,211,2.602757664
RMRG_conventional_hydroelectric_1_inlet,212,2.602757664
RMRG_conventional_hydroelectric_1_inlet,213,2.3435144306516067
RMRG_conventional_hydroelectric_1_inlet,214,2.4858794879411366
RMRG_conventional_hydroelectric_1_inlet,215,1.7179556068064215
RMRG_conventional_hydroelectric_1_inlet,216,2.602757664
RMRG_conventional_hydroelectric_1_inlet,217,2.602757664
RMRG_conventional_hydroelectric_1_inlet,218,2.300938429320558
RMRG_conventional_hydroelectric_1_inlet,219,2.602757664
RMRG_conventional_hydroelectric_1_inlet,220,2.602757664
RMRG_conventional_hydroelectric_1_inlet,221,1.4680770524013382
RMRG_conventional_hydroelectric_1_inlet,222,1.2255764955369732
RMRG_conventional_hydroelectric_1_inlet,223,1.2263417453714616
RMRG_conventional_hydroelectric_1_inlet,224,1.4683606943648064
RMRG_conventional_hydroelectric_1_inlet,225,1.4683684830971624
RMRG_conventional_hydroelectric_1_inlet,226,1.4683762718295184
RMRG_conventional_hydroelectric_1_inlet,227,1.4685601739835934
RMRG_conventional_hydroelectric_1_inlet,228,1.4685679627159494
RMRG_conventional_hydroelectric_1_inlet,229,1.4685757514483053
RMRG_conventional_hydroelectric_1_inlet,230,1.4686677025253427
RMRG_conventional_hydroelectric_1_inlet,231,2.602757664
RMRG_conventional_hydroelectric_1_inlet,232,1.4688593934117735
RMRG_conventional_hydroelectric_1_inlet,233,1.5289309841954133
RMRG_conventional_hydroelectric_1_inlet,234,1.1451491094795987
RMRG_conventional_hydroelectric_1_inlet,235,1.4690588730305603
RMRG_conventional_hydroelectric_1_inlet,236,2.602757664
RMRG_conventional_hydroelectric_1_inlet,237,1.4692505639169913
RMRG_conventional_hydroelectric_1_inlet,238,1.028270933420736
RMRG_conventional_hydroelectric_1_inlet,239,1.4693503037263846
RMRG_conventional_hydroelectric_1_inlet,240,2.602757664
RMRG_conventional_hydroelectric_1_inlet,241,2.602757664
RMRG_conventional_hydroelectric_1_inlet,242,2.602757664
RMRG_conventional_hydroelectric_1_inlet,243,2.602757664
RMRG_conventional_hydroelectric_1_inlet,244,2.602757664
RMRG_conventional_hydroelectric_1_inlet,245,2.602757664
RMRG_conventional_hydroelectric_1_inlet,246,2.3601651560585974
RMRG_conventional_hydroelectric_1_inlet,247,2.3609226171607296
RMRG_conventional_hydroelectric_1_inlet,248,2.602757664
RMRG_conventional_hydroelectric_1_inlet,249,2.602757664
RMRG_conventional_hydroelectric_1_inlet,250,2.602757664
RMRG_conventional_hydroelectric_1_inlet,251,2.602757664
RMRG_conventional_hydroelectric_1_inlet,252,2.602757664
RMRG_conventional_hydroelectric_1_inlet,253,2.602757664
RMRG_conventional_hydroelectric_1_inlet,254,2.602757664
RMRG_conventional_hydroelectric_1_inlet,255,2.602757664
RMRG_conventional_hydroelectric_1_inlet,256,2.602757664
RMRG_conventional_hydroelectric_1_inlet,257,2.602757664
RMRG_conventional_hydroelectric_1_inlet,258,2.2788556891813943
RMRG_conventional_hydroelectric_1_inlet,259,2.602757664
RMRG_conventional_hydroelectric_1_inlet,260,2.602757664
RMRG_conventional_hydroelectric_1_inlet,261,2.602757664
RMRG_conventional_hydroelectric_1_inlet,262,1.4833950119636747
RMRG_conventional_hydroelectric_1_inlet,263,2.602757664
RMRG_conventional_hydroelectric_1_inlet,264,1.4833950119636747
RMRG_conventional_hydroelectric_1_inlet,265,2.602757664
RMRG_conventional_hydroelectric_1_inlet,266,2.602757664
RMRG_conventional_hydroelectric_1_inlet,267,2.602757664
RMRG_conventional_hydroelectric_1_inlet,268,2.602757664
RMRG_conventional_hydroelectric_1_inlet,269,1.8139266260891755
RMRG_conventional_hydroelectric_1_inlet,270,2.602757664
RMRG_conventional_hydroelectric_1_inlet,271,0.8775716691970545
RMRG_conventional_hydroelectric_1_inlet,272,2.602757664
RMRG_conventional_hydroelectric_1_inlet,273,2.602757664
RMRG_conventional_hydroelectric_1_inlet,274,2.602757664
RMRG_conventional_hydroelectric_1_inlet,275,2.602757664
RMRG_conventional_hydroelectric_1_inlet,276,2.602757664
RMRG_conventional_hydroelectric_1_inlet,277,1.922412937450112
RMRG_conventional_hydroelectric_1_inlet,278,1.497026806055962
RMRG_conventional_hydroelectric_1_inlet,279,2.602757664
RMRG_conventional_hydroelectric_1_inlet,280,2.602757664
RMRG_conventional_hydroelectric_1_inlet,281,2.602757664
RMRG_conventional_hydroelectric_1_inlet,282,2.602757664
RMRG_conventional_hydroelectric_1_inlet,283,2.602757664
RMRG_conventional_hydroelectric_1_inlet,284,2.602757664
RMRG_conventional_hydroelectric_1_inlet,285,2.602757664
RMRG_conventional_hydroelectric_1_inlet,286,2.602757664
RMRG_conventional_hydroelectric_1_inlet,287,2.602757664
RMRG_conventional_hydroelectric_1_inlet,288,2.602757664
RMRG_conventional_hydroelectric_1_inlet,289,1.1066769825101297
RMRG_conventional_hydroelectric_1_inlet,290,1.1065164465531232
RMRG_conventional_hydroelectric_1_inlet,291,1.1065320240178353
RMRG_conventional_hydroelectric_1_inlet,292,2.602757664
RMRG_conventional_hydroelectric_1_inlet,293,0.3175560276147167
RMRG_conventional_hydroelectric_1_inlet,294,1.1062265295685343
RMRG_conventional_hydroelectric_1_inlet,295,0.0
RMRG_conventional_hydroelectric_1_inlet,296,2.602757664
RMRG_conventional_hydroelectric_1_inlet,297,1.106181310885633
RMRG_conventional_hydroelectric_1_inlet,298,2.602757664
RMRG_conventional_hydroelectric_1_inlet,299,1.10586023897162
RMRG_conventional_hydroelectric_1_inlet,300,1.105875816436332
RMRG_conventional_hydroelectric_1_inlet,301,0.8522145711156137
RMRG_conventional_hydroelectric_1_inlet,302,0.0
RMRG_conventional_hydroelectric_1_inlet,303,1.105570321987031
RMRG_conventional_hydroelectric_1_inlet,304,1.1055858994517433
RMRG_conventional_hydroelectric_1_inlet,305,1.511893487016029
RMRG_conventional_hydroelectric_1_inlet,306,2.3940186212804715
RMRG_conventional_hydroelectric_1_inlet,307,2.602757664
RMRG_conventional_hydroelectric_1_inlet,308,2.602757664
RMRG_conventional_hydroelectric_1_inlet,309,2.602757664
RMRG_conventional_hydroelectric_1_inlet,310,2.3269213414137457
RMRG_conventional_hydroelectric_1_inlet,311,2.602757664
RMRG_conventional_hydroelectric_1_inlet,312,2.602757664
RMRG_conventional_hydroelectric_1_inlet,313,0.0
RMRG_conventional_hydroelectric_1_inlet,314,0.0
RMRG_conventional_hydroelectric_1_inlet,315,2.1973521370018063
RMRG_conventional_hydroelectric_1_inlet,316,2.602757664
RMRG_conventional_hydroelectric_1_inlet,317,0.0
RMRG_conventional_hydroelectric_1_inlet,318,1.4981474765305345
RMRG_conventional_hydroelectric_1_inlet,319,0.0
RMRG_conventional_hydroelectric_1_inlet,320,2.602757664
RMRG_conventional_hydroelectric_1_inlet,321,2.1970014238696045
RMRG_conventional_hydroelectric_1_inlet,322,2.602757664
RMRG_conventional_hydroelectric_1_inlet,323,0.0
RMRG_conventional_hydroelectric_1_inlet,324,0.0
RMRG_conventional_hydroelectric_1_inlet,325,0.0
RMRG_conventional_hydroelectric_1_inlet,326,0.0
RMRG_conventional_hydroelectric_1_inlet,327,1.4965729128615588
RMRG_conventional_hydroelectric_1_inlet,328,2.1964060124357143
RMRG_conventional_hydroelectric_1_inlet,329,0.0
RMRG_conventional_hydroelectric_1_inlet,330,1.4959759877164336
RMRG_conventional_hydroelectric_1_inlet,331,1.22513655022998
RMRG_conventional_hydroelectric_1_inlet,332,1.8422164747297742
RMRG_conventional_hydroelectric_1_inlet,333,1.324290248326181
RMRG_conventional_hydroelectric_1_inlet,334,1.8738534710079258
RMRG_conventional_hydroelectric_1_inlet,335,1.0908641769839704
RMRG_conventional_hydroelectric_1_inlet,336,1.9402997350825353
RMRG_conventional_hydroelectric_1_inlet,337,0.0
RMRG_conventional_hydroelectric_1_inlet,338,0.0
RMRG_conventional_hydroelectric_1_inlet,339,0.6987359616708277
RMRG_conventional_hydroelectric_1_inlet,340,1.1042256510137025
RMRG_conventional_hydroelectric_1_inlet,341,0.0
RMRG_conventional_hydroelectric_1_inlet,342,2.602757664
RMRG_conventional_hydroelectric_1_inlet,343,1.1047785121588278
RMRG_conventional_hydroelectric_1_inlet,344,1.104906738503509
RMRG_conventional_hydroelectric_1_inlet,345,2.602757664
RMRG_conventional_hydroelectric_1_inlet,346,2.602757664
RMRG_conventional_hydroelectric_1_inlet,347,1.1054595996486345
RMRG_conventional_hydroelectric_1_inlet,348,0.0
RMRG_conventional_hydroelectric_1_inlet,349,0.0
RMRG_conventional_hydroelectric_1_inlet,350,1.1060565247937597
RMRG_conventional_hydroelectric_1_inlet,351,0.0
RMRG_conventional_hydroelectric_1_inlet,352,0.7001775376852365
RMRG_conventional_hydroelectric_1_inlet,353,0.447174737214272
RMRG_conventional_hydroelectric_1_inlet,354,0.0
RMRG_conventional_hydroelectric_1_inlet,355,1.7221786259014706
RMRG_conventional_hydroelectric_1_inlet,356,0.34666908746910285
RMRG_conventional_hydroelectric_1_inlet,357,0.44954686033006086
RMRG_conventional_hydroelectric_1_inlet,358,0.37855857078129845
RMRG_conventional_hydroelectric_1_inlet,359,0.8231065025242603
RMRG_conventional_hydroelectric_1_inlet,360,2.602757664
RMRG_conventional_hydroelectric_1_inlet,361,1.1335525114200669
RMRG_conventional_hydroelectric_1_inlet,362,1.133636673764748
RMRG_conventional_hydroelectric_1_inlet,363,1.2486073539218525
RMRG_conventional_hydroelectric_1_inlet,364,1.2041274474155348
RMRG_conventional_hydroelectric_1_inlet,365,1.1342335989098733
RMRG_conventional_hydroelectric_1_inlet,366,2.5035036288614787
RMRG_conventional_hydroelectric_1_inlet,367,1.6534689114932994
RMRG_conventional_hydroelectric_1_inlet,368,2.239561149136789
RMRG_conventional_hydroelectric_1_inlet,369,2.602757664
RMRG_conventional_hydroelectric_1_inlet,370,2.602757664
RMRG_conventional_hydroelectric_1_inlet,371,0.0
RMRG_conventional_hydroelectric_1_inlet,372,1.1353354981230863
RMRG_conventional_hydroelectric_1_inlet,373,1.1355957738894864
RMRG_conventional_hydroelectric_1_inlet,374,0.0
RMRG_conventional_hydroelectric_1_inlet,375,0.7449106648861626
RMRG_conventional_hydroelectric_1_inlet,376,1.5827705111037584
RMRG_conventional_hydroelectric_1_inlet,377,1.5835357609382463
RMRG_conventional_hydroelectric_1_inlet,378,1.1364451860686555
RMRG_conventional_hydroelectric_1_inlet,379,1.584974309530185
RMRG_conventional_hydroelectric_1_inlet,380,1.4835428739935212
RMRG_conventional_hydroelectric_1_inlet,381,1.5865889715438417
RMRG_conventional_hydroelectric_1_inlet,382,1.515769006684442
RMRG_conventional_hydroelectric_1_inlet,383,1.5879433577910989
RMRG_conventional_hydroelectric_1_inlet,384,1.5866722942763318
RMRG_conventional_hydroelectric_1_inlet,385,0.0
RMRG_conventional_hydroelectric_1_inlet,386,0.0
RMRG_conventional_hydroelectric_1_inlet,387,0.480247205090067
RMRG_conventional_hydroelectric_1_inlet,388,1.680914760009153
RMRG_conventional_hydroelectric_1_inlet,389,0.0
RMRG_conventional_hydroelectric_1_inlet,390,0.9281939252161685
RMRG_conventional_hydroelectric_1_inlet,391,1.6831185584355794
RMRG_conventional_hydroelectric_1_inlet,392,1.9866871567994198
RMRG_conventional_hydroelectric_1_inlet,393,1.025244161928263
RMRG_conventional_hydroelectric_1_inlet,394,2.602757664
RMRG_conventional_hydroelectric_1_inlet,395,0.0
RMRG_conventional_hydroelectric_1_inlet,396,0.0
RMRG_conventional_hydroelectric_1_inlet,397,0.0
RMRG_conventional_hydroelectric_1_inlet,398,0.0
RMRG_conventional_hydroelectric_1_inlet,399,0.0
RMRG_conventional_hydroelectric_1_inlet,400,0.0
RMRG_conventional_hydroelectric_1_inlet,401,0.0
RMRG_conventional_hydroelectric_1_inlet,402,0.0
RMRG_conventional_hydroelectric_1_inlet,403,0.0
RMRG_conventional_hydroelectric_1_inlet,404,0.0
RMRG_conventional_hydroelectric_1_inlet,405,0.0
RMRG_conventional_hydroelectric_1_inlet,406,0.0
RMRG_conventional_hydroelectric_1_inlet,407,0.0
RMRG_conventional_hydroelectric_1_inlet,408,0.0
RMRG_conventional_hydroelectric_1_inlet,409,0.924046702417273
RMRG_conventional_hydroelectric_1_inlet,410,0.9232814525827852
RMRG_conventional_hydroelectric_1_inlet,411,1.4028553589154014
RMRG_conventional_hydroelectric_1_inlet,412,2.602757664
RMRG_conventional_hydroelectric_1_inlet,413,0.9210776541563587
RMRG_conventional_hydroelectric_1_inlet,414,1.8485982806150767
RMRG_conventional_hydroelectric_1_inlet,415,2.602757664
RMRG_conventional_hydroelectric_1_inlet,416,2.602757664
RMRG_conventional_hydroelectric_1_inlet,417,0.4610496808873392
RMRG_conventional_hydroelectric_1_inlet,418,2.602757664
RMRG_conventional_hydroelectric_1_inlet,419,0.0
RMRG_conventional_hydroelectric_1_inlet,420,0.0
RMRG_conventional_hydroelectric_1_inlet,421,0.0
RMRG_conventional_hydroelectric_1_inlet,422,0.9143820965323985
RMRG_conventional_hydroelectric_1_inlet,423,0.9136168466979107
RMRG_conventional_hydroelectric_1_inlet,424,0.0
RMRG_conventional_hydroelectric_1_inlet,425,0.9121782981059723
RMRG_conventional_hydroelectric_1_inlet,426,0.9114130482714842
RMRG_conventional_hydroelectric_1_inlet,427,0.0
RMRG_conventional_hydroelectric_1_inlet,428,0.0
RMRG_conventional_hydroelectric_1_inlet,429,0.3578680230913478
RMRG_conventional_hydroelectric_1_inlet,430,0.9084440000105702
RMRG_conventional_hydroelectric_1_inlet,431,0.9077707012531196
RMRG_conventional_hydroelectric_1_inlet,432,0.9070054514186316
RMRG_conventional_hydroelectric_1_inlet,433,0.0
RMRG_conventional_hydroelectric_1_inlet,434,0.0
RMRG_conventional_hydroelectric_1_inlet,435,0.0
RMRG_conventional_hydroelectric_1_inlet,436,0.8847512553879681
RMRG_conventional_hydroelectric_1_inlet,437,0.0
RMRG_conventional_hydroelectric_1_inlet,438,2.416796206456972
RMRG_conventional_hydroelectric_1_inlet,439,0.8847512553879681
RMRG_conventional_hydroelectric_1_inlet,440,2.602757664
RMRG_conventional_hydroelectric_1_inlet,441,0.918679027332941
RMRG_conventional_hydroelectric_1_inlet,442,2.602757664
RMRG_conventional_hydroelectric_1_inlet,443,0.0
RMRG_conventional_hydroelectric_1_inlet,444,0.0
RMRG_conventional_hydroelectric_1_inlet,445,0.0
RMRG_conventional_hydroelectric_1_inlet,446,0.0
RMRG_conventional_hydroelectric_1_inlet,447,0.0
RMRG_conventional_hydroelectric_1_inlet,448,0.0
RMRG_conventional_hydroelectric_1_inlet,449,0.0
RMRG_conventional_hydroelectric_1_inlet,450,0.2481373422843064
RMRG_conventional_hydroelectric_1_inlet,451,0.8093255254020104
RMRG_conventional_hydroelectric_1_inlet,452,0.8847071913879685
RMRG_conventional_hydroelectric_1_inlet,453,1.2425752144793163
RMRG_conventional_hydroelectric_1_inlet,454,0.0
RMRG_conventional_hydroelectric_1_inlet,455,0.0
RMRG_conventional_hydroelectric_1_inlet,456,0.0
RMRG_conventional_hydroelectric_1_inlet,457,0.8129203442817711
RMRG_conventional_hydroelectric_1_inlet,458,0.812599272367758
RMRG_conventional_hydroelectric_1_inlet,459,0.27247990428408314
RMRG_conventional_hydroelectric_1_inlet,460,0.9428111046565925
RMRG_conventional_hydroelectric_1_inlet,461,0.6000775163357367
RMRG_conventional_hydroelectric_1_inlet,462,1.0694255936048118
RMRG_conventional_hydroelectric_1_inlet,463,1.0682847507298185
RMRG_conventional_hydroelectric_1_inlet,464,1.8109363351422387
RMRG_conventional_hydroelectric_1_inlet,465,1.729551347835407
RMRG_conventional_hydroelectric_1_inlet,466,1.729551347835407
RMRG_conventional_hydroelectric_1_inlet,467,0.8102301766744398
RMRG_conventional_hydroelectric_1_inlet,468,0.0
RMRG_conventional_hydroelectric_1_inlet,469,0.028607922252065033
RMRG_conventional_hydroelectric_1_inlet,470,0.0
RMRG_conventional_hydroelectric_1_inlet,471,0.0
RMRG_conventional_hydroelectric_1_inlet,472,0.0
RMRG_conventional_hydroelectric_1_inlet,473,0.0
RMRG_conventional_hydroelectric_1_inlet,474,1.056640567093454
RMRG_conventional_hydroelectric_1_inlet,475,1.6175918406418262
RMRG_conventional_hydroelectric_1_inlet,476,0.0
RMRG_conventional_hydroelectric_1_inlet,477,0.0
RMRG_conventional_hydroelectric_1_inlet,478,0.807479212919495
RMRG_conventional_hydroelectric_1_inlet,479,0.8072423033501631
RMRG_conventional_hydroelectric_1_inlet,480,0.8070973448578687
RMRG_conventional_hydroelectric_1_inlet,481,1.6047416731395319
RMRG_conventional_hydroelectric_1_inlet,482,1.6044206012255187
RMRG_conventional_hydroelectric_1_inlet,483,1.064301233141844
RMRG_conventional_hydroelectric_1_inlet,484,1.7346324335143533
RMRG_conventional_hydroelectric_1_inlet,485,1.3918988451934975
RMRG_conventional_hydroelectric_1_inlet,486,1.8612469224625727
RMRG_conventional_hydroelectric_1_inlet,487,1.8601060795875795
RMRG_conventional_hydroelectric_1_inlet,488,2.602757664
RMRG_conventional_hydroelectric_1_inlet,489,2.5213726766931677
RMRG_conventional_hydroelectric_1_inlet,490,2.5213726766931677
RMRG_conventional_hydroelectric_1_inlet,491,1.6020515055322007
RMRG_conventional_hydroelectric_1_inlet,492,0.7918213288577608
RMRG_conventional_hydroelectric_1_inlet,493,0.8204292511098258
RMRG_conventional_hydroelectric_1_inlet,494,0.7918213288577608
RMRG_conventional_hydroelectric_1_inlet,495,0.7918213288577608
RMRG_conventional_hydroelectric_1_inlet,496,0.7918213288577608
RMRG_conventional_hydroelectric_1_inlet,497,0.7918213288577608
RMRG_conventional_hydroelectric_1_inlet,498,1.848461895951215
RMRG_conventional_hydroelectric_1_inlet,499,2.409413169499587
RMRG_conventional_hydroelectric_1_inlet,500,0.7918213288577608
RMRG_conventional_hydroelectric_1_inlet,501,0.7918213288577608
RMRG_conventional_hydroelectric_1_inlet,502,1.599300541777256
RMRG_conventional_hydroelectric_1_inlet,503,1.599063632207924
RMRG_conventional_hydroelectric_1_inlet,504,1.5989186737156296
RMRG_conventional_hydroelectric_1_inlet,505,1.686126660446364
RMRG_conventional_hydroelectric_1_inlet,506,1.6858055885323509
RMRG_conventional_hydroelectric_1_inlet,507,1.145686220448676
RMRG_conventional_hydroelectric_1_inlet,508,1.8160174208211854
RMRG_conventional_hydroelectric_1_inlet,509,1.4732838325003297
RMRG_conventional_hydroelectric_1_inlet,510,1.9426319097694047
RMRG_conventional_hydroelectric_1_inlet,511,1.9414910668944114
RMRG_conventional_hydroelectric_1_inlet,512,2.007274339359711
RMRG_conventional_hydroelectric_1_inlet,513,2.602757664
RMRG_conventional_hydroelectric_1_inlet,514,2.602757664
RMRG_conventional_hydroelectric_1_inlet,515,1.6834364928390326
RMRG_conventional_hydroelectric_1_inlet,516,0.8732063161645928
RMRG_conventional_hydroelectric_1_inlet,517,0.9018142384166579
RMRG_conventional_hydroelectric_1_inlet,518,0.8732063161645928
RMRG_conventional_hydroelectric_1_inlet,519,0.8732063161645928
RMRG_conventional_hydroelectric_1_inlet,520,0.8732063161645928
RMRG_conventional_hydroelectric_1_inlet,521,0.8732063161645928
RMRG_conventional_hydroelectric_1_inlet,522,1.9298468832580469
RMRG_conventional_hydroelectric_1_inlet,523,2.490798156806419
RMRG_conventional_hydroelectric_1_inlet,524,0.8732063161645928
RMRG_conventional_hydroelectric_1_inlet,525,0.8732063161645928
RMRG_conventional_hydroelectric_1_inlet,526,1.6806855290840879
RMRG_conventional_hydroelectric_1_inlet,527,1.680448619514756
RMRG_conventional_hydroelectric_1_inlet,528,1.6803036610224615
RMRG_conventional_hydroelectric_1_inlet,529,1.6864345480695768
RMRG_conventional_hydroelectric_1_inlet,530,1.686258434647858
RMRG_conventional_hydroelectric_1_inlet,531,1.355674683159343
RMRG_conventional_hydroelectric_1_inlet,532,2.027146726406846
RMRG_conventional_hydroelectric_1_inlet,533,1.6855539809609834
RMRG_conventional_hydroelectric_1_inlet,534,2.155782625338652
RMRG_conventional_hydroelectric_1_inlet,535,2.155782625338652
RMRG_conventional_hydroelectric_1_inlet,536,2.2226225783342635
RMRG_conventional_hydroelectric_1_inlet,537,1.6845814627753524
RMRG_conventional_hydroelectric_1_inlet,538,2.155782625338652
RMRG_conventional_hydroelectric_1_inlet,539,1.9019469846721657
RMRG_conventional_hydroelectric_1_inlet,540,1.0928576508727192
RMRG_conventional_hydroelectric_1_inlet,541,1.1223461402333776
RMRG_conventional_hydroelectric_1_inlet,542,1.0948790608563062
RMRG_conventional_hydroelectric_1_inlet,543,1.0959357413866184
RMRG_conventional_hydroelectric_1_inlet,544,1.0969004708398928
RMRG_conventional_hydroelectric_1_inlet,545,1.097957151370205
RMRG_conventional_hydroelectric_1_inlet,546,2.1557385613386524
RMRG_conventional_hydroelectric_1_inlet,547,2.1557385613386524
RMRG_conventional_hydroelectric_1_inlet,548,1.1011194042287853
RMRG_conventional_hydroelectric_1_inlet,549,0.7564274045949506
RMRG_conventional_hydroelectric_1_inlet,550,1.910796140553586
RMRG_conventional_hydroelectric_1_inlet,551,1.911523960437529
RMRG_conventional_hydroelectric_1_inlet,552,1.9124356824755464
RMRG_conventional_hydroelectric_1_inlet,553,2.1334095867309246
RMRG_conventional_hydroelectric_1_inlet,554,2.1332334733092058
RMRG_conventional_hydroelectric_1_inlet,555,1.8026497218206905
RMRG_conventional_hydroelectric_1_inlet,556,2.4741217650681935
RMRG_conventional_hydroelectric_1_inlet,557,2.132529019622331
RMRG_conventional_hydroelectric_1_inlet,558,2.602757664
RMRG_conventional_hydroelectric_1_inlet,559,2.602757664
RMRG_conventional_hydroelectric_1_inlet,560,2.602757664
RMRG_conventional_hydroelectric_1_inlet,561,2.1315565014367
RMRG_conventional_hydroelectric_1_inlet,562,2.602757664
RMRG_conventional_hydroelectric_1_inlet,563,2.3489220233335137
RMRG_conventional_hydroelectric_1_inlet,564,1.5398326895340668
RMRG_conventional_hydroelectric_1_inlet,565,1.5693211788947252
RMRG_conventional_hydroelectric_1_inlet,566,1.541854099517654
RMRG_conventional_hydroelectric_1_inlet,567,0.0
RMRG_conventional_hydroelectric_1_inlet,568,0.0
RMRG_conventional_hydroelectric_1_inlet,569,0.0
RMRG_conventional_hydroelectric_1_inlet,570,0.0
RMRG_conventional_hydroelectric_1_inlet,571,0.0
RMRG_conventional_hydroelectric_1_inlet,572,0.1930265907228604
RMRG_conventional_hydroelectric_1_inlet,573,0.7871476203277044
RMRG_conventional_hydroelectric_1_inlet,574,0.7869715069059857
RMRG_conventional_hydroelectric_1_inlet,575,0.7871476203277042
RMRG_conventional_hydroelectric_1_inlet,576,0.0
SPPC_conventional_hydroelectric_1_inlet,1,0.0
SPPC_conventional_hydroelectric_1_inlet,2,0.0
SPPC_conventional_hydroelectric_1_inlet,3,0.0
SPPC_conventional_hydroelectric_1_inlet,4,0.0
SPPC_conventional_hydroelectric_1_inlet,5,0.0
SPPC_conventional_hydroelectric_1_inlet,6,0.0
SPPC_conventional_hydroelectric_1_inlet,7,0.0
SPPC_conventional_hydroelectric_1_inlet,8,0.0
SPPC_conventional_hydroelectric_1_inlet,9,0.0
SPPC_conventional_hydroelectric_1_inlet,10,0.0
SPPC_conventional_hydroelectric_1_inlet,11,0.0
SPPC_conventional_hydroelectric_1_inlet,12,0.06644851199999999
SPPC_conventional_hydroelectric_1_inlet,13,0.0
SPPC_conventional_hydroelectric_1_inlet,14,0.0
SPPC_conventional_hydroelectric_1_inlet,15,0.0
SPPC_conventional_hydroelectric_1_inlet,16,0.013327891199999999
SPPC_conventional_hydroelectric_1_inlet,17,0.0
SPPC_conventional_hydroelectric_1_inlet,18,0.06669673920000001
SPPC_conventional_hydroelectric_1_inlet,19,0.0135188352
SPPC_conventional_hydroelectric_1_inlet,20,0.0667731168
SPPC_conventional_hydroelectric_1_inlet,21,0.0668304
SPPC_conventional_hydroelectric_1_inlet,22,0.013690684800000002
SPPC_conventional_hydroelectric_1_inlet,23,0.0202973472
SPPC_conventional_hydroelectric_1_inlet,24,0.0203546304
SPPC_conventional_hydroelectric_1_inlet,25,0.0
SPPC_conventional_hydroelectric_1_inlet,26,0.0
SPPC_conventional_hydroelectric_1_inlet,27,0.0
SPPC_conventional_hydroelectric_1_inlet,28,0.0
SPPC_conventional_hydroelectric_1_inlet,29,0.0213666336
SPPC_conventional_hydroelectric_1_inlet,30,0.0214430112
SPPC_conventional_hydroelectric_1_inlet,31,0.0215002944
SPPC_conventional_hydroelectric_1_inlet,32,0.0215575776
SPPC_conventional_hydroelectric_1_inlet,33,0.0216148608
SPPC_conventional_hydroelectric_1_inlet,34,0.021672144000000004
SPPC_conventional_hydroelectric_1_inlet,35,0.021729427200000002
SPPC_conventional_hydroelectric_1_inlet,36,0.0882543168
SPPC_conventional_hydroelectric_1_inlet,37,0.021863088
SPPC_conventional_hydroelectric_1_inlet,38,0.0219203712
SPPC_conventional_hydroelectric_1_inlet,39,0.021977654399999998
SPPC_conventional_hydroelectric_1_inlet,40,0.0353628288
SPPC_conventional_hydroelectric_1_inlet,41,0.0220922208
SPPC_conventional_hydroelectric_1_inlet,42,0.08886533760000001
SPPC_conventional_hydroelectric_1_inlet,43,0.0357447168
SPPC_conventional_hydroelectric_1_inlet,44,0.08905628160000001
SPPC_conventional_hydroelectric_1_inlet,45,0.08917084800000001
SPPC_conventional_hydroelectric_1_inlet,46,0.036088416000000005
SPPC_conventional_hydroelectric_1_inlet,47,0.0427523616
SPPC_conventional_hydroelectric_1_inlet,48,0.042886022399999994
SPPC_conventional_hydroelectric_1_inlet,49,0.031219344000000003
SPPC_conventional_hydroelectric_1_inlet,50,0.0312384384
SPPC_conventional_hydroelectric_1_inlet,51,0.0312575328
SPPC_conventional_hydroelectric_1_inlet,52,0.0312575328
SPPC_conventional_hydroelectric_1_inlet,53,0.0526432608
SPPC_conventional_hydroelectric_1_inlet,54,0.0527387328
SPPC_conventional_hydroelectric_1_inlet,55,0.0
SPPC_conventional_hydroelectric_1_inlet,56,0.0
SPPC_conventional_hydroelectric_1_inlet,57,0.0
SPPC_conventional_hydroelectric_1_inlet,58,0.05302514880000001
SPPC_conventional_hydroelectric_1_inlet,59,0.0531015264
SPPC_conventional_hydroelectric_1_inlet,60,0.11964551040000002
SPPC_conventional_hydroelectric_1_inlet,61,0.0532542816
SPPC_conventional_hydroelectric_1_inlet,62,0.05333065920000001
SPPC_conventional_hydroelectric_1_inlet,63,0.053407036799999995
SPPC_conventional_hydroelectric_1_inlet,64,0.0668113056
SPPC_conventional_hydroelectric_1_inlet,65,0.0535406976
SPPC_conventional_hydroelectric_1_inlet,66,0.12033290880000001
SPPC_conventional_hydroelectric_1_inlet,67,0.06723138240000001
SPPC_conventional_hydroelectric_1_inlet,68,0.12056204160000002
SPPC_conventional_hydroelectric_1_inlet,69,0.12069570240000001
SPPC_conventional_hydroelectric_1_inlet,70,0.0676132704
SPPC_conventional_hydroelectric_1_inlet,71,0.07429631040000001
SPPC_conventional_hydroelectric_1_inlet,72,0.0744490656
SPPC_conventional_hydroelectric_1_inlet,73,0.0656465472
SPPC_conventional_hydroelectric_1_inlet,74,0.06566564159999999
SPPC_conventional_hydroelectric_1_inlet,75,0.065684736
SPPC_conventional_hydroelectric_1_inlet,76,0.065684736
SPPC_conventional_hydroelectric_1_inlet,77,0.087070464
SPPC_conventional_hydroelectric_1_inlet,78,0.08716593599999999
SPPC_conventional_hydroelectric_1_inlet,79,0.03442720319999999
SPPC_conventional_hydroelectric_1_inlet,80,0.03442720319999999
SPPC_conventional_hydroelectric_1_inlet,81,0.0
SPPC_conventional_hydroelectric_1_inlet,82,0.08745235200000001
SPPC_conventional_hydroelectric_1_inlet,83,0.0875287296
SPPC_conventional_hydroelectric_1_inlet,84,0.1540727136
SPPC_conventional_hydroelectric_1_inlet,85,0.08768148479999999
SPPC_conventional_hydroelectric_1_inlet,86,0.0877578624
SPPC_conventional_hydroelectric_1_inlet,87,0.0
SPPC_conventional_hydroelectric_1_inlet,88,0.0
SPPC_conventional_hydroelectric_1_inlet,89,0.0
SPPC_conventional_hydroelectric_1_inlet,90,0.0
SPPC_conventional_hydroelectric_1_inlet,91,0.0
SPPC_conventional_hydroelectric_1_inlet,92,0.0
SPPC_conventional_hydroelectric_1_inlet,93,0.0
SPPC_conventional_hydroelectric_1_inlet,94,0.0
SPPC_conventional_hydroelectric_1_inlet,95,0.0
SPPC_conventional_hydroelectric_1_inlet,96,0.0
SPPC_conventional_hydroelectric_1_inlet,97,0.0
SPPC_conventional_hydroelectric_1_inlet,98,0.0
SPPC_conventional_hydroelectric_1_inlet,99,0.0
SPPC_conventional_hydroelectric_1_inlet,100,0.0
SPPC_conventional_hydroelectric_1_inlet,101,0.0
SPPC_conventional_hydroelectric_1_inlet,102,0.0
SPPC_conventional_hydroelectric_1_inlet,103,0.0
SPPC_conventional_hydroelectric_1_inlet,104,0.0
SPPC_conventional_hydroelectric_1_inlet,105,0.0
SPPC_conventional_hydroelectric_1_inlet,106,0.0
SPPC_conventional_hydroelectric_1_inlet,107,0.0
SPPC_conventional_hydroelectric_1_inlet,108,0.0
SPPC_conventional_hydroelectric_1_inlet,109,0.0
SPPC_conventional_hydroelectric_1_inlet,110,0.0
SPPC_conventional_hydroelectric_1_inlet,111,0.03442720319999999
SPPC_conventional_hydroelectric_1_inlet,112,0.03442720319999999
SPPC_conventional_hydroelectric_1_inlet,113,0.03442720319999999
SPPC_conventional_hydroelectric_1_inlet,114,0.03442720319999999
SPPC_conventional_hydroelectric_1_inlet,115,0.0
SPPC_conventional_hydroelectric_1_inlet,116,0.0
SPPC_conventional_hydroelectric_1_inlet,117,0.03442720319999999
SPPC_conventional_hydroelectric_1_inlet,118,0.0
SPPC_conventional_hydroelectric_1_inlet,119,0.0
SPPC_conventional_hydroelectric_1_inlet,120,0.0
SPPC_conventional_hydroelectric_1_inlet,121,0.0643290336
SPPC_conventional_hydroelectric_1_inlet,122,0.0644245056
SPPC_conventional_hydroelectric_1_inlet,123,0.0645199776
SPPC_conventional_hydroelectric_1_inlet,124,0.0646154496
SPPC_conventional_hydroelectric_1_inlet,125,0.0647109216
SPPC_conventional_hydroelectric_1_inlet,126,0.06482548800000001
SPPC_conventional_hydroelectric_1_inlet,127,0.06492096000000001
SPPC_conventional_hydroelectric_1_inlet,128,0.06501643200000001
SPPC_conventional_hydroelectric_1_inlet,129,0.06511190400000001
SPPC_conventional_hydroelectric_1_inlet,130,0.065207376
SPPC_conventional_hydroelectric_1_inlet,131,0.0653219424
SPPC_conventional_hydroelectric_1_inlet,132,0.06541741440000001
SPPC_conventional_hydroelectric_1_inlet,133,0.0655128864
SPPC_conventional_hydroelectric_1_inlet,134,0.06560835840000001
SPPC_conventional_hydroelectric_1_inlet,135,0.10013103359999999
SPPC_conventional_hydroelectric_1_inlet,136,0.10024559999999999
SPPC_conventional_hydroelectric_1_inlet,137,0.100341072
SPPC_conventional_hydroelectric_1_inlet,138,0.100436544
SPPC_conventional_hydroelectric_1_inlet,139,0.06610481280000001
SPPC_conventional_hydroelectric_1_inlet,140,0.0662002848
SPPC_conventional_hydroelectric_1_inlet,141,0.10074205439999999
SPPC_conventional_hydroelectric_1_inlet,142,0.0664103232
SPPC_conventional_hydroelectric_1_inlet,143,0.06650579520000001
SPPC_conventional_hydroelectric_1_inlet,144,0.0666012672
SPPC_conventional_hydroelectric_1_inlet,145,0.134520048
SPPC_conventional_hydroelectric_1_inlet,146,0.13461552000000002
SPPC_conventional_hydroelectric_1_inlet,147,0.134710992
SPPC_conventional_hydroelectric_1_inlet,148,0.13480646400000001
SPPC_conventional_hydroelectric_1_inlet,149,0.13490193599999997
SPPC_conventional_hydroelectric_1_inlet,150,0.0
SPPC_conventional_hydroelectric_1_inlet,151,0.0
SPPC_conventional_hydroelectric_1_inlet,152,0.0
SPPC_conventional_hydroelectric_1_inlet,153,0.118671696
SPPC_conventional_hydroelectric_1_inlet,154,0.0
SPPC_conventional_hydroelectric_1_inlet,155,0.0
SPPC_conventional_hydroelectric_1_inlet,156,0.0
SPPC_conventional_hydroelectric_1_inlet,157,0.0
SPPC_conventional_hydroelectric_1_inlet,158,0.1357993728
SPPC_conventional_hydroelectric_1_inlet,159,0.17032204799999998
SPPC_conventional_hydroelectric_1_inlet,160,0.1704366144
SPPC_conventional_hydroelectric_1_inlet,161,0.1705320864
SPPC_conventional_hydroelectric_1_inlet,162,0.1706275584
SPPC_conventional_hydroelectric_1_inlet,163,0.1362958272
SPPC_conventional_hydroelectric_1_inlet,164,0.13639129919999998
SPPC_conventional_hydroelectric_1_inlet,165,0.17093306879999998
SPPC_conventional_hydroelectric_1_inlet,166,0.07760893339808358
SPPC_conventional_hydroelectric_1_inlet,167,0.1366968096
SPPC_conventional_hydroelectric_1_inlet,168,0.1367922816
SPPC_conventional_hydroelectric_1_inlet,169,0.190944
SPPC_conventional_hydroelectric_1_inlet,170,0.190944
SPPC_conventional_hydroelectric_1_inlet,171,0.190944
SPPC_conventional_hydroelectric_1_inlet,172,0.190944
SPPC_conventional_hydroelectric_1_inlet,173,0.190944
SPPC_conventional_hydroelectric_1_inlet,174,0.0722532096
SPPC_conventional_hydroelectric_1_inlet,175,0.0722532096
SPPC_conventional_hydroelectric_1_inlet,176,0.072272304
SPPC_conventional_hydroelectric_1_inlet,177,0.190944
SPPC_conventional_hydroelectric_1_inlet,178,0.07229139840000001
SPPC_conventional_hydroelectric_1_inlet,179,0.07229139840000001
SPPC_conventional_hydroelectric_1_inlet,180,0.0723104928
SPPC_conventional_hydroelectric_1_inlet,181,0.0723104928
SPPC_conventional_hydroelectric_1_inlet,182,0.0692553888
SPPC_conventional_hydroelectric_1_inlet,183,0.0692553888
SPPC_conventional_hydroelectric_1_inlet,184,0.0692553888
SPPC_conventional_hydroelectric_1_inlet,185,0.0692553888
SPPC_conventional_hydroelectric_1_inlet,186,0.0692553888
SPPC_conventional_hydroelectric_1_inlet,187,0.0692553888
SPPC_conventional_hydroelectric_1_inlet,188,0.0692553888
SPPC_conventional_hydroelectric_1_inlet,189,0.0692553888
SPPC_conventional_hydroelectric_1_inlet,190,0.0692553888
SPPC_conventional_hydroelectric_1_inlet,191,0.0692553888
SPPC_conventional_hydroelectric_1_inlet,192,0.0692553888
SPPC_conventional_hydroelectric_1_inlet,193,0.1425206016
SPPC_conventional_hydroelectric_1_inlet,194,0.1425206016
SPPC_conventional_hydroelectric_1_inlet,195,0.1425206016
SPPC_conventional_hydroelectric_1_inlet,196,0.1425206016
SPPC_conventional_hydroelectric_1_inlet,197,0.1425206016
SPPC_conventional_hydroelectric_1_inlet,198,0.1425206016
SPPC_conventional_hydroelectric_1_inlet,199,0.1425206016
SPPC_conventional_hydroelectric_1_inlet,200,0.1425206016
SPPC_conventional_hydroelectric_1_inlet,201,0.1425206016
SPPC_conventional_hydroelectric_1_inlet,202,0.1425206016
SPPC_conventional_hydroelectric_1_inlet,203,0.1425206016
SPPC_conventional_hydroelectric_1_inlet,204,0.1425206016
SPPC_conventional_hydroelectric_1_inlet,205,0.1425206016
SPPC_conventional_hydroelectric_1_inlet,206,0.1425206016
SPPC_conventional_hydroelectric_1_inlet,207,0.1425206016
SPPC_conventional_hydroelectric_1_inlet,208,0.1425206016
SPPC_conventional_hydroelectric_1_inlet,209,0.1425206016
SPPC_conventional_hydroelectric_1_inlet,210,0.1425206016
SPPC_conventional_hydroelectric_1_inlet,211,0.1425206016
SPPC_conventional_hydroelectric_1_inlet,212,0.1425206016
SPPC_conventional_hydroelectric_1_inlet,213,0.1425206016
SPPC_conventional_hydroelectric_1_inlet,214,0.1425206016
SPPC_conventional_hydroelectric_1_inlet,215,0.1425206016
SPPC_conventional_hydroelectric_1_inlet,216,0.1425206016
SPPC_conventional_hydroelectric_1_inlet,217,0.190944
SPPC_conventional_hydroelectric_1_inlet,218,0.190944
SPPC_conventional_hydroelectric_1_inlet,219,0.190944
SPPC_conventional_hydroelectric_1_inlet,220,0.190944
SPPC_conventional_hydroelectric_1_inlet,221,0.190944
SPPC_conventional_hydroelectric_1_inlet,222,0.190944
SPPC_conventional_hydroelectric_1_inlet,223,0.190944
SPPC_conventional_hydroelectric_1_inlet,224,0.190944
SPPC_conventional_hydroelectric_1_inlet,225,0.190944
SPPC_conventional_hydroelectric_1_inlet,226,0.190944
SPPC_conventional_hydroelectric_1_inlet,227,0.190944
SPPC_conventional_hydroelectric_1_inlet,228,0.190944
SPPC_conventional_hydroelectric_1_inlet,229,0.190944
SPPC_conventional_hydroelectric_1_inlet,230,0.190944
SPPC_conventional_hydroelectric_1_inlet,231,0.190944
SPPC_conventional_hydroelectric_1_inlet,232,0.190944
SPPC_conventional_hydroelectric_1_inlet,233,0.190944
SPPC_conventional_hydroelectric_1_inlet,234,0.190944
SPPC_conventional_hydroelectric_1_inlet,235,0.190944
SPPC_conventional_hydroelectric_1_inlet,236,0.190944
SPPC_conventional_hydroelectric_1_inlet,237,0.190944
SPPC_conventional_hydroelectric_1_inlet,238,0.190944
SPPC_conventional_hydroelectric_1_inlet,239,0.190944
SPPC_conventional_hydroelectric_1_inlet,240,0.190944
SPPC_conventional_hydroelectric_1_inlet,241,0.1787999616
SPPC_conventional_hydroelectric_1_inlet,242,0.190944
SPPC_conventional_hydroelectric_1_inlet,243,0.1787999616
SPPC_conventional_hydroelectric_1_inlet,244,0.190944
SPPC_conventional_hydroelectric_1_inlet,245,0.190944
SPPC_conventional_hydroelectric_1_inlet,246,0.190944
SPPC_conventional_hydroelectric_1_inlet,247,0.190944
SPPC_conventional_hydroelectric_1_inlet,248,0.190944
SPPC_conventional_hydroelectric_1_inlet,249,0.190944
SPPC_conventional_hydroelectric_1_inlet,250,0.190944
SPPC_conventional_hydroelectric_1_inlet,251,0.190944
SPPC_conventional_hydroelectric_1_inlet,252,0.190944
SPPC_conventional_hydroelectric_1_inlet,253,0.190944
SPPC_conventional_hydroelectric_1_inlet,254,0.190944
SPPC_conventional_hydroelectric_1_inlet,255,0.190944
SPPC_conventional_hydroelectric_1_inlet,256,0.190944
SPPC_conventional_hydroelectric_1_inlet,257,0.190944
SPPC_conventional_hydroelectric_1_inlet,258,0.190944
SPPC_conventional_hydroelectric_1_inlet,259,0.190944
SPPC_conventional_hydroelectric_1_inlet,260,0.1787999616
SPPC_conventional_hydroelectric_1_inlet,261,0.190944
SPPC_conventional_hydroelectric_1_inlet,262,0.190944
SPPC_conventional_hydroelectric_1_inlet,263,0.190944
SPPC_conventional_hydroelectric_1_inlet,264,0.190944
SPPC_conventional_hydroelectric_1_inlet,265,0.190944
SPPC_conventional_hydroelectric_1_inlet,266,0.190944
SPPC_conventional_hydroelectric_1_inlet,267,0.190944
SPPC_conventional_hydroelectric_1_inlet,268,0.190944
SPPC_conventional_hydroelectric_1_inlet,269,0.190944
SPPC_conventional_hydroelectric_1_inlet,270,0.190944
SPPC_conventional_hydroelectric_1_inlet,271,0.190944
SPPC_conventional_hydroelectric_1_inlet,272,0.190944
SPPC_conventional_hydroelectric_1_inlet,273,0.190944
SPPC_conventional_hydroelectric_1_inlet,274,0.190944
SPPC_conventional_hydroelectric_1_inlet,275,0.190944
SPPC_conventional_hydroelectric_1_inlet,276,0.190944
SPPC_conventional_hydroelectric_1_inlet,277,0.190944
SPPC_conventional_hydroelectric_1_inlet,278,0.190944
SPPC_conventional_hydroelectric_1_inlet,279,0.190944
SPPC_conventional_hydroelectric_1_inlet,280,0.190944
SPPC_conventional_hydroelectric_1_inlet,281,0.190944
SPPC_conventional_hydroelectric_1_inlet,282,0.190944
SPPC_conventional_hydroelectric_1_inlet,283,0.190944
SPPC_conventional_hydroelectric_1_inlet,284,0.190944
SPPC_conventional_hydroelectric_1_inlet,285,0.190944
SPPC_conventional_hydroelectric_1_inlet,286,0.190944
SPPC_conventional_hydroelectric_1_inlet,287,0.190944
SPPC_conventional_hydroelectric_1_inlet,288,0.190944
SPPC_conventional_hydroelectric_1_inlet,289,0.190944
SPPC_conventional_hydroelectric_1_inlet,290,0.190944
SPPC_conventional_hydroelectric_1_inlet,291,0.1757830464
SPPC_conventional_hydroelectric_1_inlet,292,0.190944
SPPC_conventional_hydroelectric_1_inlet,293,0.190944
SPPC_conventional_hydroelectric_1_inlet,294,0.1757830464
SPPC_conventional_hydroelectric_1_inlet,295,0.190944
SPPC_conventional_hydroelectric_1_inlet,296,0.08042561279999998
SPPC_conventional_hydroelectric_1_inlet,297,0.190944
SPPC_conventional_hydroelectric_1_inlet,298,0.1614813408
SPPC_conventional_hydroelectric_1_inlet,299,0.190944
SPPC_conventional_hydroelectric_1_inlet,300,0.16150043520000001
SPPC_conventional_hydroelectric_1_inlet,301,0.1757830464
SPPC_conventional_hydroelectric_1_inlet,302,0.190944
SPPC_conventional_hydroelectric_1_inlet,303,0.190944
SPPC_conventional_hydroelectric_1_inlet,304,0.190944
SPPC_conventional_hydroelectric_1_inlet,305,0.190944
SPPC_conventional_hydroelectric_1_inlet,306,0.1757830464
SPPC_conventional_hydroelectric_1_inlet,307,0.1757830464
SPPC_conventional_hydroelectric_1_inlet,308,0.190944
SPPC_conventional_hydroelectric_1_inlet,309,0.1757830464
SPPC_conventional_hydroelectric_1_inlet,310,0.190944
SPPC_conventional_hydroelectric_1_inlet,311,0.1616150016
SPPC_conventional_hydroelectric_1_inlet,312,0.190944
SPPC_conventional_hydroelectric_1_inlet,313,0.190944
SPPC_conventional_hydroelectric_1_inlet,314,0.190944
SPPC_conventional_hydroelectric_1_inlet,315,0.190944
SPPC_conventional_hydroelectric_1_inlet,316,0.190944
SPPC_conventional_hydroelectric_1_inlet,317,0.190944
SPPC_conventional_hydroelectric_1_inlet,318,0.190944
SPPC_conventional_hydroelectric_1_inlet,319,0.190944
SPPC_conventional_hydroelectric_1_inlet,320,0.09558656639999998
SPPC_conventional_hydroelectric_1_inlet,321,0.1766232
SPPC_conventional_hydroelectric_1_inlet,322,0.1766422944
SPPC_conventional_hydroelectric_1_inlet,323,0.190944
SPPC_conventional_hydroelectric_1_inlet,324,0.1766613888
SPPC_conventional_hydroelectric_1_inlet,325,0.190944
SPPC_conventional_hydroelectric_1_inlet,326,0.190944
SPPC_conventional_hydroelectric_1_inlet,327,0.190944
SPPC_conventional_hydroelectric_1_inlet,328,0.190944
SPPC_conventional_hydroelectric_1_inlet,329,0.190944
SPPC_conventional_hydroelectric_1_inlet,330,0.190944
SPPC_conventional_hydroelectric_1_inlet,331,0.190944
SPPC_conventional_hydroelectric_1_inlet,332,0.190944
SPPC_conventional_hydroelectric_1_inlet,333,0.190944
SPPC_conventional_hydroelectric_1_inlet,334,0.190944
SPPC_conventional_hydroelectric_1_inlet,335,0.1767759552
SPPC_conventional_hydroelectric_1_inlet,336,0.1767759552
SPPC_conventional_hydroelectric_1_inlet,337,0.01439717759999999
SPPC_conventional_hydroelectric_1_inlet,338,0.01439717759999999
SPPC_conventional_hydroelectric_1_inlet,339,0.014378083200000006
SPPC_conventional_hydroelectric_1_inlet,340,0.014378083200000006
SPPC_conventional_hydroelectric_1_inlet,341,0.014358988799999998
SPPC_conventional_hydroelectric_1_inlet,342,0.014358988799999998
SPPC_conventional_hydroelectric_1_inlet,343,0.02019197467318634
SPPC_conventional_hydroelectric_1_inlet,344,0.10992646079999997
SPPC_conventional_hydroelectric_1_inlet,345,0.0
SPPC_conventional_hydroelectric_1_inlet,346,0.0
SPPC_conventional_hydroelectric_1_inlet,347,0.1783798848
SPPC_conventional_hydroelectric_1_inlet,348,0.0
SPPC_conventional_hydroelectric_1_inlet,349,0.014282611199999988
SPPC_conventional_hydroelectric_1_inlet,350,0.014263516800000006
SPPC_conventional_hydroelectric_1_inlet,351,0.014263516800000006
SPPC_conventional_hydroelectric_1_inlet,352,0.014244422399999996
SPPC_conventional_hydroelectric_1_inlet,353,0.014244422399999996
SPPC_conventional_hydroelectric_1_inlet,354,0.1784562624
SPPC_conventional_hydroelectric_1_inlet,355,0.014225327999999988
SPPC_conventional_hydroelectric_1_inlet,356,0.014206233600000005
SPPC_conventional_hydroelectric_1_inlet,357,0.014187139199999995
SPPC_conventional_hydroelectric_1_inlet,358,0.17849445120000001
SPPC_conventional_hydroelectric_1_inlet,359,0.0
SPPC_conventional_hydroelectric_1_inlet,360,0.0
SPPC_conventional_hydroelectric_1_inlet,361,0.0
SPPC_conventional_hydroelectric_1_inlet,362,0.0
SPPC_conventional_hydroelectric_1_inlet,363,0.027018576000000006
SPPC_conventional_hydroelectric_1_inlet,364,0.026999481600000007
SPPC_conventional_hydroelectric_1_inlet,365,0.0269803872
SPPC_conventional_hydroelectric_1_inlet,366,0.0269612928
SPPC_conventional_hydroelectric_1_inlet,367,0.0
SPPC_conventional_hydroelectric_1_inlet,368,0.12250967039999998
SPPC_conventional_hydroelectric_1_inlet,369,0.0
SPPC_conventional_hydroelectric_1_inlet,370,0.0
SPPC_conventional_hydroelectric_1_inlet,371,0.0
SPPC_conventional_hydroelectric_1_inlet,372,0.0
SPPC_conventional_hydroelectric_1_inlet,373,0.0
SPPC_conventional_hydroelectric_1_inlet,374,0.0
SPPC_conventional_hydroelectric_1_inlet,375,0.0
SPPC_conventional_hydroelectric_1_inlet,376,0.0
SPPC_conventional_hydroelectric_1_inlet,377,0.0
SPPC_conventional_hydroelectric_1_inlet,378,0.0
SPPC_conventional_hydroelectric_1_inlet,379,0.0
SPPC_conventional_hydroelectric_1_inlet,380,0.0
SPPC_conventional_hydroelectric_1_inlet,381,0.0
SPPC_conventional_hydroelectric_1_inlet,382,0.0
SPPC_conventional_hydroelectric_1_inlet,383,0.0
SPPC_conventional_hydroelectric_1_inlet,384,0.0124304544
SPPC_conventional_hydroelectric_1_inlet,385,0.0109410912
SPPC_conventional_hydroelectric_1_inlet,386,0.0109410912
SPPC_conventional_hydroelectric_1_inlet,387,0.037959667200000005
SPPC_conventional_hydroelectric_1_inlet,388,0.0379405728
SPPC_conventional_hydroelectric_1_inlet,389,0.03792147839999999
SPPC_conventional_hydroelectric_1_inlet,390,0.037902384
SPPC_conventional_hydroelectric_1_inlet,391,0.0109410912
SPPC_conventional_hydroelectric_1_inlet,392,0.13343166719999996
SPPC_conventional_hydroelectric_1_inlet,393,0.0109219968
SPPC_conventional_hydroelectric_1_inlet,394,0.0
SPPC_conventional_hydroelectric_1_inlet,395,0.0109219968
SPPC_conventional_hydroelectric_1_inlet,396,0.0109219968
SPPC_conventional_hydroelectric_1_inlet,397,0.0109219968
SPPC_conventional_hydroelectric_1_inlet,398,0.0
SPPC_conventional_hydroelectric_1_inlet,399,0.0
SPPC_conventional_hydroelectric_1_inlet,400,0.0
SPPC_conventional_hydroelectric_1_inlet,401,0.0
SPPC_conventional_hydroelectric_1_inlet,402,0.0
SPPC_conventional_hydroelectric_1_inlet,403,0.0
SPPC_conventional_hydroelectric_1_inlet,404,0.0
SPPC_conventional_hydroelectric_1_inlet,405,0.0
SPPC_conventional_hydroelectric_1_inlet,406,0.0
SPPC_conventional_hydroelectric_1_inlet,407,0.0
SPPC_conventional_hydroelectric_1_inlet,408,0.023333356800000003
SPPC_conventional_hydroelectric_1_inlet,409,0.021576672
SPPC_conventional_hydroelectric_1_inlet,410,0.021576672
SPPC_conventional_hydroelectric_1_inlet,411,0.04859524800000001
SPPC_conventional_hydroelectric_1_inlet,412,0.048576153600000005
SPPC_conventional_hydroelectric_1_inlet,413,0.048557059199999995
SPPC_conventional_hydroelectric_1_inlet,414,0.0485379648
SPPC_conventional_hydroelectric_1_inlet,415,0.021576672
SPPC_conventional_hydroelectric_1_inlet,416,0.14404815359999998
SPPC_conventional_hydroelectric_1_inlet,417,0.021538483200000003
SPPC_conventional_hydroelectric_1_inlet,418,0.0106164864
SPPC_conventional_hydroelectric_1_inlet,419,0.0
SPPC_conventional_hydroelectric_1_inlet,420,0.0
SPPC_conventional_hydroelectric_1_inlet,421,0.0
SPPC_conventional_hydroelectric_1_inlet,422,0.0
SPPC_conventional_hydroelectric_1_inlet,423,0.0
SPPC_conventional_hydroelectric_1_inlet,424,0.0
SPPC_conventional_hydroelectric_1_inlet,425,0.0
SPPC_conventional_hydroelectric_1_inlet,426,0.0
SPPC_conventional_hydroelectric_1_inlet,427,0.0
SPPC_conventional_hydroelectric_1_inlet,428,0.0
SPPC_conventional_hydroelectric_1_inlet,429,0.0
SPPC_conventional_hydroelectric_1_inlet,430,0.010597392
SPPC_conventional_hydroelectric_1_inlet,431,0.010597392
SPPC_conventional_hydroelectric_1_inlet,432,0.03393074880000001
SPPC_conventional_hydroelectric_1_inlet,433,0.0320976864
SPPC_conventional_hydroelectric_1_inlet,434,0.0320976864
SPPC_conventional_hydroelectric_1_inlet,435,0.059116262400000015
SPPC_conventional_hydroelectric_1_inlet,436,0.059097168000000005
SPPC_conventional_hydroelectric_1_inlet,437,0.059078073599999996
SPPC_conventional_hydroelectric_1_inlet,438,0.0590589792
SPPC_conventional_hydroelectric_1_inlet,439,0.0320976864
SPPC_conventional_hydroelectric_1_inlet,440,0.154569168
SPPC_conventional_hydroelectric_1_inlet,441,0.0320594976
SPPC_conventional_hydroelectric_1_inlet,442,0.0211375008
SPPC_conventional_hydroelectric_1_inlet,443,0.0105210144
SPPC_conventional_hydroelectric_1_inlet,444,0.0105210144
SPPC_conventional_hydroelectric_1_inlet,445,0.0105210144
SPPC_conventional_hydroelectric_1_inlet,446,0.0105210144
SPPC_conventional_hydroelectric_1_inlet,447,0.0105210144
SPPC_conventional_hydroelectric_1_inlet,448,0.0105210144
SPPC_conventional_hydroelectric_1_inlet,449,0.0105210144
SPPC_conventional_hydroelectric_1_inlet,450,0.0105210144
SPPC_conventional_hydroelectric_1_inlet,451,0.0105210144
SPPC_conventional_hydroelectric_1_inlet,452,0.0105210144
SPPC_conventional_hydroelectric_1_inlet,453,0.0105210144
SPPC_conventional_hydroelectric_1_inlet,454,0.0211184064
SPPC_conventional_hydroelectric_1_inlet,455,0.0211184064
SPPC_conventional_hydroelectric_1_inlet,456,0.04445176320000001
SPPC_conventional_hydroelectric_1_inlet,457,0.0405183168
SPPC_conventional_hydroelectric_1_inlet,458,0.0404992224
SPPC_conventional_hydroelectric_1_inlet,459,0.06751779840000001
SPPC_conventional_hydroelectric_1_inlet,460,0.0674796096
SPPC_conventional_hydroelectric_1_inlet,461,0.0674605152
SPPC_conventional_hydroelectric_1_inlet,462,0.0674414208
SPPC_conventional_hydroelectric_1_inlet,463,0.0404610336
SPPC_conventional_hydroelectric_1_inlet,464,0.1629325152
SPPC_conventional_hydroelectric_1_inlet,465,0.0404037504
SPPC_conventional_hydroelectric_1_inlet,466,0.029481753599999997
SPPC_conventional_hydroelectric_1_inlet,467,0.0188652672
SPPC_conventional_hydroelectric_1_inlet,468,0.0188461728
SPPC_conventional_hydroelectric_1_inlet,469,0.0188461728
SPPC_conventional_hydroelectric_1_inlet,470,0.0188461728
SPPC_conventional_hydroelectric_1_inlet,471,0.018827078400000002
SPPC_conventional_hydroelectric_1_inlet,472,0.018827078400000002
SPPC_conventional_hydroelectric_1_inlet,473,0.018807984
SPPC_conventional_hydroelectric_1_inlet,474,0.018807984
SPPC_conventional_hydroelectric_1_inlet,475,0.018807984
SPPC_conventional_hydroelectric_1_inlet,476,0.0187888896
SPPC_conventional_hydroelectric_1_inlet,477,0.0187888896
SPPC_conventional_hydroelectric_1_inlet,478,0.029367187200000002
SPPC_conventional_hydroelectric_1_inlet,479,0.029367187200000002
SPPC_conventional_hydroelectric_1_inlet,480,0.05270054400000001
SPPC_conventional_hydroelectric_1_inlet,481,0.048308832
SPPC_conventional_hydroelectric_1_inlet,482,0.0482897376
SPPC_conventional_hydroelectric_1_inlet,483,0.07530831360000001
SPPC_conventional_hydroelectric_1_inlet,484,0.0752701248
SPPC_conventional_hydroelectric_1_inlet,485,0.07525103039999999
SPPC_conventional_hydroelectric_1_inlet,486,0.075231936
SPPC_conventional_hydroelectric_1_inlet,487,0.0482515488
SPPC_conventional_hydroelectric_1_inlet,488,0.1707230304
SPPC_conventional_hydroelectric_1_inlet,489,0.04819426560000001
SPPC_conventional_hydroelectric_1_inlet,490,0.0372722688
SPPC_conventional_hydroelectric_1_inlet,491,0.0266557824
SPPC_conventional_hydroelectric_1_inlet,492,0.026636688
SPPC_conventional_hydroelectric_1_inlet,493,0.026636688
SPPC_conventional_hydroelectric_1_inlet,494,0.026636688
SPPC_conventional_hydroelectric_1_inlet,495,0.026617593600000003
SPPC_conventional_hydroelectric_1_inlet,496,0.026617593600000003
SPPC_conventional_hydroelectric_1_inlet,497,0.0265984992
SPPC_conventional_hydroelectric_1_inlet,498,0.0265984992
SPPC_conventional_hydroelectric_1_inlet,499,0.0265984992
SPPC_conventional_hydroelectric_1_inlet,500,0.026579404799999998
SPPC_conventional_hydroelectric_1_inlet,501,0.026579404799999998
SPPC_conventional_hydroelectric_1_inlet,502,0.037157702400000006
SPPC_conventional_hydroelectric_1_inlet,503,0.037157702400000006
SPPC_conventional_hydroelectric_1_inlet,504,0.0604910592
SPPC_conventional_hydroelectric_1_inlet,505,0.0593072064
SPPC_conventional_hydroelectric_1_inlet,506,0.059288112000000004
SPPC_conventional_hydroelectric_1_inlet,507,0.086306688
SPPC_conventional_hydroelectric_1_inlet,508,0.0862684992
SPPC_conventional_hydroelectric_1_inlet,509,0.08624940479999998
SPPC_conventional_hydroelectric_1_inlet,510,0.0862303104
SPPC_conventional_hydroelectric_1_inlet,511,0.0592499232
SPPC_conventional_hydroelectric_1_inlet,512,0.18172140479999999
SPPC_conventional_hydroelectric_1_inlet,513,0.05919264
SPPC_conventional_hydroelectric_1_inlet,514,0.0482706432
SPPC_conventional_hydroelectric_1_inlet,515,0.037654156800000005
SPPC_conventional_hydroelectric_1_inlet,516,0.0376350624
SPPC_conventional_hydroelectric_1_inlet,517,0.0376350624
SPPC_conventional_hydroelectric_1_inlet,518,0.0376350624
SPPC_conventional_hydroelectric_1_inlet,519,0.03761596800000001
SPPC_conventional_hydroelectric_1_inlet,520,0.03761596800000001
SPPC_conventional_hydroelectric_1_inlet,521,0.037596873600000004
SPPC_conventional_hydroelectric_1_inlet,522,0.037596873600000004
SPPC_conventional_hydroelectric_1_inlet,523,0.037596873600000004
SPPC_conventional_hydroelectric_1_inlet,524,0.0375777792
SPPC_conventional_hydroelectric_1_inlet,525,0.0375777792
SPPC_conventional_hydroelectric_1_inlet,526,0.04815607680000001
SPPC_conventional_hydroelectric_1_inlet,527,0.04815607680000001
SPPC_conventional_hydroelectric_1_inlet,528,0.0714894336
SPPC_conventional_hydroelectric_1_inlet,529,0.0686252736
SPPC_conventional_hydroelectric_1_inlet,530,0.0685870848
SPPC_conventional_hydroelectric_1_inlet,531,0.0955865664
SPPC_conventional_hydroelectric_1_inlet,532,0.0955483776
SPPC_conventional_hydroelectric_1_inlet,533,0.09551018879999999
SPPC_conventional_hydroelectric_1_inlet,534,0.04265346211637738
SPPC_conventional_hydroelectric_1_inlet,535,0.0
SPPC_conventional_hydroelectric_1_inlet,536,0.0
SPPC_conventional_hydroelectric_1_inlet,537,0.0683961408
SPPC_conventional_hydroelectric_1_inlet,538,0.057474144000000005
SPPC_conventional_hydroelectric_1_inlet,539,0.0468385632
SPPC_conventional_hydroelectric_1_inlet,540,0.0468194688
SPPC_conventional_hydroelectric_1_inlet,541,0.046800374400000004
SPPC_conventional_hydroelectric_1_inlet,542,0.04678128
SPPC_conventional_hydroelectric_1_inlet,543,0.046762185600000006
SPPC_conventional_hydroelectric_1_inlet,544,0.0467430912
SPPC_conventional_hydroelectric_1_inlet,545,0.046704902400000005
SPPC_conventional_hydroelectric_1_inlet,546,0.046704902400000005
SPPC_conventional_hydroelectric_1_inlet,547,0.046685808
SPPC_conventional_hydroelectric_1_inlet,548,0.0466476192
SPPC_conventional_hydroelectric_1_inlet,549,0.0466476192
SPPC_conventional_hydroelectric_1_inlet,550,0.0
SPPC_conventional_hydroelectric_1_inlet,551,0.0
SPPC_conventional_hydroelectric_1_inlet,552,0.0
SPPC_conventional_hydroelectric_1_inlet,553,0.07517465279999999
SPPC_conventional_hydroelectric_1_inlet,554,0.075136464
SPPC_conventional_hydroelectric_1_inlet,555,0.10213594560000001
SPPC_conventional_hydroelectric_1_inlet,556,0.1020977568
SPPC_conventional_hydroelectric_1_inlet,557,0.102059568
SPPC_conventional_hydroelectric_1_inlet,558,0.04920284131637738
SPPC_conventional_hydroelectric_1_inlet,559,0.006549379199999999
SPPC_conventional_hydroelectric_1_inlet,560,0.006549379199999999
SPPC_conventional_hydroelectric_1_inlet,561,0.07494551999999999
SPPC_conventional_hydroelectric_1_inlet,562,0.0640235232
SPPC_conventional_hydroelectric_1_inlet,563,0.0533879424
SPPC_conventional_hydroelectric_1_inlet,564,0.053368847999999997
SPPC_conventional_hydroelectric_1_inlet,565,0.0533497536
SPPC_conventional_hydroelectric_1_inlet,566,0.0533306592
SPPC_conventional_hydroelectric_1_inlet,567,0.0533115648
SPPC_conventional_hydroelectric_1_inlet,568,0.0
SPPC_conventional_hydroelectric_1_inlet,569,0.0
SPPC_conventional_hydroelectric_1_inlet,570,0.0532542816
SPPC_conventional_hydroelectric_1_inlet,571,0.0
SPPC_conventional_hydroelectric_1_inlet,572,0.053196998399999994
SPPC_conventional_hydroelectric_1_inlet,573,0.053196998399999994
SPPC_conventional_hydroelectric_1_inlet,574,0.0
SPPC_conventional_hydroelectric_1_inlet,575,0.006549379199999999
SPPC_conventional_hydroelectric_1_inlet,576,0.006549379199999999
SPPN_conventional_hydroelectric_1_inlet,1,0.0
SPPN_conventional_hydroelectric_1_inlet,2,0.0
SPPN_conventional_hydroelectric_1_inlet,3,0.0
SPPN_conventional_hydroelectric_1_inlet,4,0.0
SPPN_conventional_hydroelectric_1_inlet,5,0.0
SPPN_conventional_hydroelectric_1_inlet,6,0.0
SPPN_conventional_hydroelectric_1_inlet,7,0.0
SPPN_conventional_hydroelectric_1_inlet,8,0.0
SPPN_conventional_hydroelectric_1_inlet,9,0.0
SPPN_conventional_hydroelectric_1_inlet,10,0.0
SPPN_conventional_hydroelectric_1_inlet,11,0.0
SPPN_conventional_hydroelectric_1_inlet,12,2.100284422710189
SPPN_conventional_hydroelectric_1_inlet,13,2.0975869358892196
SPPN_conventional_hydroelectric_1_inlet,14,0.0
SPPN_conventional_hydroelectric_1_inlet,15,0.0
SPPN_conventional_hydroelectric_1_inlet,16,0.0
SPPN_conventional_hydroelectric_1_inlet,17,0.0
SPPN_conventional_hydroelectric_1_inlet,18,0.0
SPPN_conventional_hydroelectric_1_inlet,19,0.0
SPPN_conventional_hydroelectric_1_inlet,20,0.0
SPPN_conventional_hydroelectric_1_inlet,21,0.0
SPPN_conventional_hydroelectric_1_inlet,22,0.0
SPPN_conventional_hydroelectric_1_inlet,23,0.0
SPPN_conventional_hydroelectric_1_inlet,24,0.0
SPPN_conventional_hydroelectric_1_inlet,25,0.0
SPPN_conventional_hydroelectric_1_inlet,26,0.0
SPPN_conventional_hydroelectric_1_inlet,27,0.0
SPPN_conventional_hydroelectric_1_inlet,28,0.0
SPPN_conventional_hydroelectric_1_inlet,29,2.2535109818366017
SPPN_conventional_hydroelectric_1_inlet,30,3.390551041907023
SPPN_conventional_hydroelectric_1_inlet,31,3.3942377299070228
SPPN_conventional_hydroelectric_1_inlet,32,3.3987110315489613
SPPN_conventional_hydroelectric_1_inlet,33,3.4023977195489614
SPPN_conventional_hydroelectric_1_inlet,34,3.406084407548962
SPPN_conventional_hydroelectric_1_inlet,35,3.4106252383699314
SPPN_conventional_hydroelectric_1_inlet,36,5.5145963490801195
SPPN_conventional_hydroelectric_1_inlet,37,5.51551802108012
SPPN_conventional_hydroelectric_1_inlet,38,3.42247191601187
SPPN_conventional_hydroelectric_1_inlet,39,3.4261586040118694
SPPN_conventional_hydroelectric_1_inlet,40,3.4298452920118696
SPPN_conventional_hydroelectric_1_inlet,41,3.4343861228328385
SPPN_conventional_hydroelectric_1_inlet,42,3.438005281653808
SPPN_conventional_hydroelectric_1_inlet,43,3.442546112474777
SPPN_conventional_hydroelectric_1_inlet,44,3.446232800474778
SPPN_conventional_hydroelectric_1_inlet,45,3.449919488474778
SPPN_conventional_hydroelectric_1_inlet,46,3.4544603192957473
SPPN_conventional_hydroelectric_1_inlet,47,3.458079478116716
SPPN_conventional_hydroelectric_1_inlet,48,3.4617661661167163
SPPN_conventional_hydroelectric_1_inlet,49,3.7154760266666664
SPPN_conventional_hydroelectric_1_inlet,50,3.7146218838456972
SPPN_conventional_hydroelectric_1_inlet,51,3.713700211845698
SPPN_conventional_hydroelectric_1_inlet,52,3.711924397024729
SPPN_conventional_hydroelectric_1_inlet,53,5.96451370686133
SPPN_conventional_hydroelectric_1_inlet,54,1.2465171733306795
SPPN_conventional_hydroelectric_1_inlet,55,0.0
SPPN_conventional_hydroelectric_1_inlet,56,0.0
SPPN_conventional_hydroelectric_1_inlet,57,4.114892042832706
SPPN_conventional_hydroelectric_1_inlet,58,3.6144838752916404
SPPN_conventional_hydroelectric_1_inlet,59,7.114524704110783
SPPN_conventional_hydroelectric_1_inlet,60,9.21672
SPPN_conventional_hydroelectric_1_inlet,61,9.21672
SPPN_conventional_hydroelectric_1_inlet,62,7.122819752110782
SPPN_conventional_hydroelectric_1_inlet,63,7.124730625289813
SPPN_conventional_hydroelectric_1_inlet,64,7.127495641289812
SPPN_conventional_hydroelectric_1_inlet,65,5.894976163529623
SPPN_conventional_hydroelectric_1_inlet,66,5.762964043806132
SPPN_conventional_hydroelectric_1_inlet,67,5.762964043806132
SPPN_conventional_hydroelectric_1_inlet,68,7.138555705289813
SPPN_conventional_hydroelectric_1_inlet,69,7.141388250468843
SPPN_conventional_hydroelectric_1_inlet,70,7.145007409289813
SPPN_conventional_hydroelectric_1_inlet,71,7.146850753289813
SPPN_conventional_hydroelectric_1_inlet,72,7.149615769289812
SPPN_conventional_hydroelectric_1_inlet,73,5.762964043806132
SPPN_conventional_hydroelectric_1_inlet,74,5.762964043806132
SPPN_conventional_hydroelectric_1_inlet,75,4.4142288425135305
SPPN_conventional_hydroelectric_1_inlet,76,4.3002246089144585
SPPN_conventional_hydroelectric_1_inlet,77,4.378135744526229
SPPN_conventional_hydroelectric_1_inlet,78,0.0
SPPN_conventional_hydroelectric_1_inlet,79,3.4537559561938673
SPPN_conventional_hydroelectric_1_inlet,80,0.5834612355544675
SPPN_conventional_hydroelectric_1_inlet,81,0.0
SPPN_conventional_hydroelectric_1_inlet,82,0.10424237653198075
SPPN_conventional_hydroelectric_1_inlet,83,1.4285454922492233
SPPN_conventional_hydroelectric_1_inlet,84,3.6556502739132197
SPPN_conventional_hydroelectric_1_inlet,85,3.4537559561938687
SPPN_conventional_hydroelectric_1_inlet,86,3.656824147393072
SPPN_conventional_hydroelectric_1_inlet,87,1.3617665814836806
SPPN_conventional_hydroelectric_1_inlet,88,1.3645315974836802
SPPN_conventional_hydroelectric_1_inlet,89,0.13201211972349128
SPPN_conventional_hydroelectric_1_inlet,90,0.0
SPPN_conventional_hydroelectric_1_inlet,91,0.0
SPPN_conventional_hydroelectric_1_inlet,92,1.3755916614836816
SPPN_conventional_hydroelectric_1_inlet,93,1.3784242066627108
SPPN_conventional_hydroelectric_1_inlet,94,1.3820433654836817
SPPN_conventional_hydroelectric_1_inlet,95,1.3838867094836804
SPPN_conventional_hydroelectric_1_inlet,96,1.3866517254836799
SPPN_conventional_hydroelectric_1_inlet,97,0.0
SPPN_conventional_hydroelectric_1_inlet,98,0.0
SPPN_conventional_hydroelectric_1_inlet,99,0.0
SPPN_conventional_hydroelectric_1_inlet,100,0.0
SPPN_conventional_hydroelectric_1_inlet,101,0.0
SPPN_conventional_hydroelectric_1_inlet,102,0.0
SPPN_conventional_hydroelectric_1_inlet,103,0.0
SPPN_conventional_hydroelectric_1_inlet,104,0.0
SPPN_conventional_hydroelectric_1_inlet,105,0.0
SPPN_conventional_hydroelectric_1_inlet,106,0.0
SPPN_conventional_hydroelectric_1_inlet,107,0.0
SPPN_conventional_hydroelectric_1_inlet,108,0.0
SPPN_conventional_hydroelectric_1_inlet,109,0.0
SPPN_conventional_hydroelectric_1_inlet,110,0.0
SPPN_conventional_hydroelectric_1_inlet,111,0.0
SPPN_conventional_hydroelectric_1_inlet,112,2.1781788580178034
SPPN_conventional_hydroelectric_1_inlet,113,0.0
SPPN_conventional_hydroelectric_1_inlet,114,0.0
SPPN_conventional_hydroelectric_1_inlet,115,0.0
SPPN_conventional_hydroelectric_1_inlet,116,0.0
SPPN_conventional_hydroelectric_1_inlet,117,1.4401976903209628
SPPN_conventional_hydroelectric_1_inlet,118,0.0
SPPN_conventional_hydroelectric_1_inlet,119,0.0
SPPN_conventional_hydroelectric_1_inlet,120,0.0
SPPN_conventional_hydroelectric_1_inlet,121,3.5120860741048467
SPPN_conventional_hydroelectric_1_inlet,122,3.5121536032838776
SPPN_conventional_hydroelectric_1_inlet,123,3.512221132462908
SPPN_conventional_hydroelectric_1_inlet,124,3.512288661641939
SPPN_conventional_hydroelectric_1_inlet,125,3.513210333641939
SPPN_conventional_hydroelectric_1_inlet,126,3.513210333641939
SPPN_conventional_hydroelectric_1_inlet,127,3.5132778628209693
SPPN_conventional_hydroelectric_1_inlet,128,3.513345392
SPPN_conventional_hydroelectric_1_inlet,129,1.8651787302482594
SPPN_conventional_hydroelectric_1_inlet,130,3.513480450358061
SPPN_conventional_hydroelectric_1_inlet,131,3.514402122358061
SPPN_conventional_hydroelectric_1_inlet,132,3.514402122358061
SPPN_conventional_hydroelectric_1_inlet,133,3.514469651537092
SPPN_conventional_hydroelectric_1_inlet,134,3.5145371807161223
SPPN_conventional_hydroelectric_1_inlet,135,3.5146047098951536
SPPN_conventional_hydroelectric_1_inlet,136,5.692851097091988
SPPN_conventional_hydroelectric_1_inlet,137,3.5155263818951537
SPPN_conventional_hydroelectric_1_inlet,138,3.515593911074184
SPPN_conventional_hydroelectric_1_inlet,139,3.515661440253215
SPPN_conventional_hydroelectric_1_inlet,140,3.5157289694322453
SPPN_conventional_hydroelectric_1_inlet,141,4.955994188932238
SPPN_conventional_hydroelectric_1_inlet,142,3.5157964986112757
SPPN_conventional_hydroelectric_1_inlet,143,3.5158640277903066
SPPN_conventional_hydroelectric_1_inlet,144,3.516785699790307
SPPN_conventional_hydroelectric_1_inlet,145,4.50205631256397
SPPN_conventional_hydroelectric_1_inlet,146,4.15916238967082
SPPN_conventional_hydroelectric_1_inlet,147,5.095168059901089
SPPN_conventional_hydroelectric_1_inlet,148,5.0933922450801195
SPPN_conventional_hydroelectric_1_inlet,149,5.090762287438181
SPPN_conventional_hydroelectric_1_inlet,150,4.821379094254425
SPPN_conventional_hydroelectric_1_inlet,151,0.8467086759446842
SPPN_conventional_hydroelectric_1_inlet,152,3.8804980880028697
SPPN_conventional_hydroelectric_1_inlet,153,1.2040969623875863
SPPN_conventional_hydroelectric_1_inlet,154,0.0
SPPN_conventional_hydroelectric_1_inlet,155,0.0
SPPN_conventional_hydroelectric_1_inlet,156,0.0
SPPN_conventional_hydroelectric_1_inlet,157,0.0
SPPN_conventional_hydroelectric_1_inlet,158,0.0
SPPN_conventional_hydroelectric_1_inlet,159,0.0
SPPN_conventional_hydroelectric_1_inlet,160,0.0
SPPN_conventional_hydroelectric_1_inlet,161,0.6158938528449679
SPPN_conventional_hydroelectric_1_inlet,162,0.0
SPPN_conventional_hydroelectric_1_inlet,163,0.0
SPPN_conventional_hydroelectric_1_inlet,164,0.0
SPPN_conventional_hydroelectric_1_inlet,165,0.6646399738425155
SPPN_conventional_hydroelectric_1_inlet,166,0.615486650985269
SPPN_conventional_hydroelectric_1_inlet,167,0.05050159203718459
SPPN_conventional_hydroelectric_1_inlet,168,3.8204185171113565
SPPN_conventional_hydroelectric_1_inlet,169,8.618280808199975
SPPN_conventional_hydroelectric_1_inlet,170,8.278016842948764
SPPN_conventional_hydroelectric_1_inlet,171,9.21672
SPPN_conventional_hydroelectric_1_inlet,172,9.21672
SPPN_conventional_hydroelectric_1_inlet,173,9.21672
SPPN_conventional_hydroelectric_1_inlet,174,8.949966764458186
SPPN_conventional_hydroelectric_1_inlet,175,4.977993832969412
SPPN_conventional_hydroelectric_1_inlet,176,8.013559059848566
SPPN_conventional_hydroelectric_1_inlet,177,5.339787891875222
SPPN_conventional_hydroelectric_1_inlet,178,4.138388416308605
SPPN_conventional_hydroelectric_1_inlet,179,4.141018373950544
SPPN_conventional_hydroelectric_1_inlet,180,4.143648331592483
SPPN_conventional_hydroelectric_1_inlet,181,2.351965164120332
SPPN_conventional_hydroelectric_1_inlet,182,1.8118318760337009
SPPN_conventional_hydroelectric_1_inlet,183,1.8338387188571958
SPPN_conventional_hydroelectric_1_inlet,184,0.4561770606449066
SPPN_conventional_hydroelectric_1_inlet,185,0.4561770606449066
SPPN_conventional_hydroelectric_1_inlet,186,0.4561770606449066
SPPN_conventional_hydroelectric_1_inlet,187,1.1868622022618183
SPPN_conventional_hydroelectric_1_inlet,188,0.4561770606449066
SPPN_conventional_hydroelectric_1_inlet,189,0.4561770606449066
SPPN_conventional_hydroelectric_1_inlet,190,1.0653033057356134
SPPN_conventional_hydroelectric_1_inlet,191,3.267853634133125
SPPN_conventional_hydroelectric_1_inlet,192,5.350342047853835
SPPN_conventional_hydroelectric_1_inlet,193,4.879661312981208
SPPN_conventional_hydroelectric_1_inlet,194,4.879661312981208
SPPN_conventional_hydroelectric_1_inlet,195,4.879661312981208
SPPN_conventional_hydroelectric_1_inlet,196,4.879661312981208
SPPN_conventional_hydroelectric_1_inlet,197,4.879661312981208
SPPN_conventional_hydroelectric_1_inlet,198,4.879661312981208
SPPN_conventional_hydroelectric_1_inlet,199,4.879661312981208
SPPN_conventional_hydroelectric_1_inlet,200,4.879661312981208
SPPN_conventional_hydroelectric_1_inlet,201,4.879661312981208
SPPN_conventional_hydroelectric_1_inlet,202,4.879661312981208
SPPN_conventional_hydroelectric_1_inlet,203,4.879661312981208
SPPN_conventional_hydroelectric_1_inlet,204,4.879661312981208
SPPN_conventional_hydroelectric_1_inlet,205,4.879661312981208
SPPN_conventional_hydroelectric_1_inlet,206,4.879661312981208
SPPN_conventional_hydroelectric_1_inlet,207,4.879661312981208
SPPN_conventional_hydroelectric_1_inlet,208,4.879661312981208
SPPN_conventional_hydroelectric_1_inlet,209,4.879661312981208
SPPN_conventional_hydroelectric_1_inlet,210,4.879661312981208
SPPN_conventional_hydroelectric_1_inlet,211,4.879661312981208
SPPN_conventional_hydroelectric_1_inlet,212,4.879661312981208
SPPN_conventional_hydroelectric_1_inlet,213,4.879661312981208
SPPN_conventional_hydroelectric_1_inlet,214,4.879661312981208
SPPN_conventional_hydroelectric_1_inlet,215,4.879661312981208
SPPN_conventional_hydroelectric_1_inlet,216,4.879661312981208
SPPN_conventional_hydroelectric_1_inlet,217,9.21672
SPPN_conventional_hydroelectric_1_inlet,218,9.21672
SPPN_conventional_hydroelectric_1_inlet,219,9.21672
SPPN_conventional_hydroelectric_1_inlet,220,9.21672
SPPN_conventional_hydroelectric_1_inlet,221,9.21672
SPPN_conventional_hydroelectric_1_inlet,222,9.21672
SPPN_conventional_hydroelectric_1_inlet,223,9.21672
SPPN_conventional_hydroelectric_1_inlet,224,9.21672
SPPN_conventional_hydroelectric_1_inlet,225,9.21672
SPPN_conventional_hydroelectric_1_inlet,226,9.21672
SPPN_conventional_hydroelectric_1_inlet,227,9.21672
SPPN_conventional_hydroelectric_1_inlet,228,9.21672
SPPN_conventional_hydroelectric_1_inlet,229,9.21672
SPPN_conventional_hydroelectric_1_inlet,230,9.21672
SPPN_conventional_hydroelectric_1_inlet,231,9.21672
SPPN_conventional_hydroelectric_1_inlet,232,9.21672
SPPN_conventional_hydroelectric_1_inlet,233,9.21672
SPPN_conventional_hydroelectric_1_inlet,234,9.21672
SPPN_conventional_hydroelectric_1_inlet,235,9.21672
SPPN_conventional_hydroelectric_1_inlet,236,9.21672
SPPN_conventional_hydroelectric_1_inlet,237,9.21672
SPPN_conventional_hydroelectric_1_inlet,238,9.21672
SPPN_conventional_hydroelectric_1_inlet,239,9.21672
SPPN_conventional_hydroelectric_1_inlet,240,9.21672
SPPN_conventional_hydroelectric_1_inlet,241,4.53600643512562
SPPN_conventional_hydroelectric_1_inlet,242,8.888791562978374
SPPN_conventional_hydroelectric_1_inlet,243,8.553617246925972
SPPN_conventional_hydroelectric_1_inlet,244,5.937956003248801
SPPN_conventional_hydroelectric_1_inlet,245,9.21672
SPPN_conventional_hydroelectric_1_inlet,246,9.21672
SPPN_conventional_hydroelectric_1_inlet,247,9.21672
SPPN_conventional_hydroelectric_1_inlet,248,9.21672
SPPN_conventional_hydroelectric_1_inlet,249,9.21672
SPPN_conventional_hydroelectric_1_inlet,250,9.21672
SPPN_conventional_hydroelectric_1_inlet,251,9.21672
SPPN_conventional_hydroelectric_1_inlet,252,9.21672
SPPN_conventional_hydroelectric_1_inlet,253,9.21672
SPPN_conventional_hydroelectric_1_inlet,254,9.21672
SPPN_conventional_hydroelectric_1_inlet,255,9.21672
SPPN_conventional_hydroelectric_1_inlet,256,9.21672
SPPN_conventional_hydroelectric_1_inlet,257,9.21672
SPPN_conventional_hydroelectric_1_inlet,258,9.21672
SPPN_conventional_hydroelectric_1_inlet,259,9.21672
SPPN_conventional_hydroelectric_1_inlet,260,8.9876425715408
SPPN_conventional_hydroelectric_1_inlet,261,9.21672
SPPN_conventional_hydroelectric_1_inlet,262,8.906386049690637
SPPN_conventional_hydroelectric_1_inlet,263,9.21672
SPPN_conventional_hydroelectric_1_inlet,264,9.21672
SPPN_conventional_hydroelectric_1_inlet,265,9.21672
SPPN_conventional_hydroelectric_1_inlet,266,9.21672
SPPN_conventional_hydroelectric_1_inlet,267,9.21672
SPPN_conventional_hydroelectric_1_inlet,268,9.21672
SPPN_conventional_hydroelectric_1_inlet,269,9.21672
SPPN_conventional_hydroelectric_1_inlet,270,9.21672
SPPN_conventional_hydroelectric_1_inlet,271,9.21672
SPPN_conventional_hydroelectric_1_inlet,272,9.21672
SPPN_conventional_hydroelectric_1_inlet,273,9.21672
SPPN_conventional_hydroelectric_1_inlet,274,9.21672
SPPN_conventional_hydroelectric_1_inlet,275,9.21672
SPPN_conventional_hydroelectric_1_inlet,276,9.21672
SPPN_conventional_hydroelectric_1_inlet,277,9.21672
SPPN_conventional_hydroelectric_1_inlet,278,9.21672
SPPN_conventional_hydroelectric_1_inlet,279,9.21672
SPPN_conventional_hydroelectric_1_inlet,280,9.21672
SPPN_conventional_hydroelectric_1_inlet,281,9.21672
SPPN_conventional_hydroelectric_1_inlet,282,9.21672
SPPN_conventional_hydroelectric_1_inlet,283,9.21672
SPPN_conventional_hydroelectric_1_inlet,284,9.21672
SPPN_conventional_hydroelectric_1_inlet,285,9.21672
SPPN_conventional_hydroelectric_1_inlet,286,9.21672
SPPN_conventional_hydroelectric_1_inlet,287,9.21672
SPPN_conventional_hydroelectric_1_inlet,288,9.21672
SPPN_conventional_hydroelectric_1_inlet,289,7.309460579383261
SPPN_conventional_hydroelectric_1_inlet,290,5.429281639382946
SPPN_conventional_hydroelectric_1_inlet,291,5.002808367976264
SPPN_conventional_hydroelectric_1_inlet,292,5.003662510797234
SPPN_conventional_hydroelectric_1_inlet,293,6.396605813019418
SPPN_conventional_hydroelectric_1_inlet,294,5.239111069578316
SPPN_conventional_hydroelectric_1_inlet,295,5.006427526797233
SPPN_conventional_hydroelectric_1_inlet,296,5.007349198797234
SPPN_conventional_hydroelectric_1_inlet,297,5.008270870797233
SPPN_conventional_hydroelectric_1_inlet,298,7.364722469268093
SPPN_conventional_hydroelectric_1_inlet,299,9.21672
SPPN_conventional_hydroelectric_1_inlet,300,5.5727452359693785
SPPN_conventional_hydroelectric_1_inlet,301,6.508879866879662
SPPN_conventional_hydroelectric_1_inlet,302,6.564172000964597
SPPN_conventional_hydroelectric_1_inlet,303,7.641784710317692
SPPN_conventional_hydroelectric_1_inlet,304,8.584313130429393
SPPN_conventional_hydroelectric_1_inlet,305,9.21672
SPPN_conventional_hydroelectric_1_inlet,306,7.606106232326177
SPPN_conventional_hydroelectric_1_inlet,307,5.955958738110477
SPPN_conventional_hydroelectric_1_inlet,308,9.21672
SPPN_conventional_hydroelectric_1_inlet,309,6.761218485137513
SPPN_conventional_hydroelectric_1_inlet,310,9.21672
SPPN_conventional_hydroelectric_1_inlet,311,5.0226799769020785
SPPN_conventional_hydroelectric_1_inlet,312,8.749869121334454
SPPN_conventional_hydroelectric_1_inlet,313,8.021338495200789
SPPN_conventional_hydroelectric_1_inlet,314,7.791521806087816
SPPN_conventional_hydroelectric_1_inlet,315,6.443644173097613
SPPN_conventional_hydroelectric_1_inlet,316,7.952416927474832
SPPN_conventional_hydroelectric_1_inlet,317,7.893612268943772
SPPN_conventional_hydroelectric_1_inlet,318,7.9020554140847965
SPPN_conventional_hydroelectric_1_inlet,319,8.020865790947575
SPPN_conventional_hydroelectric_1_inlet,320,4.013010872530167
SPPN_conventional_hydroelectric_1_inlet,321,4.012943343351138
SPPN_conventional_hydroelectric_1_inlet,322,4.012943343351138
SPPN_conventional_hydroelectric_1_inlet,323,5.200805372771515
SPPN_conventional_hydroelectric_1_inlet,324,6.146878956343281
SPPN_conventional_hydroelectric_1_inlet,325,6.201013017473383
SPPN_conventional_hydroelectric_1_inlet,326,7.387856739957951
SPPN_conventional_hydroelectric_1_inlet,327,6.042820779438097
SPPN_conventional_hydroelectric_1_inlet,328,6.6679162651819075
SPPN_conventional_hydroelectric_1_inlet,329,8.639605093077897
SPPN_conventional_hydroelectric_1_inlet,330,8.020122969978237
SPPN_conventional_hydroelectric_1_inlet,331,6.950168879530613
SPPN_conventional_hydroelectric_1_inlet,332,7.9196296568337905
SPPN_conventional_hydroelectric_1_inlet,333,7.229690488260456
SPPN_conventional_hydroelectric_1_inlet,334,5.200805372771514
SPPN_conventional_hydroelectric_1_inlet,335,4.012470639097922
SPPN_conventional_hydroelectric_1_inlet,336,8.019650265725023
SPPN_conventional_hydroelectric_1_inlet,337,4.0080575059545
SPPN_conventional_hydroelectric_1_inlet,338,3.778308346020556
SPPN_conventional_hydroelectric_1_inlet,339,2.4304307130303537
SPPN_conventional_hydroelectric_1_inlet,340,3.9392709965866035
SPPN_conventional_hydroelectric_1_inlet,341,3.880533867234574
SPPN_conventional_hydroelectric_1_inlet,342,3.8889770123755985
SPPN_conventional_hydroelectric_1_inlet,343,4.007854918417407
SPPN_conventional_hydroelectric_1_inlet,344,0.0
SPPN_conventional_hydroelectric_1_inlet,345,0.0
SPPN_conventional_hydroelectric_1_inlet,346,0.0
SPPN_conventional_hydroelectric_1_inlet,347,3.0799187236835834
SPPN_conventional_hydroelectric_1_inlet,348,2.1340031421711747
SPPN_conventional_hydroelectric_1_inlet,349,2.1882047324803073
SPPN_conventional_hydroelectric_1_inlet,350,3.3750484549648756
SPPN_conventional_hydroelectric_1_inlet,351,2.0300800236240524
SPPN_conventional_hydroelectric_1_inlet,352,2.655175509367863
SPPN_conventional_hydroelectric_1_inlet,353,4.626931866442884
SPPN_conventional_hydroelectric_1_inlet,354,4.007449743343223
SPPN_conventional_hydroelectric_1_inlet,355,2.93756318207463
SPPN_conventional_hydroelectric_1_inlet,356,3.9070914885568366
SPPN_conventional_hydroelectric_1_inlet,357,3.217152319983503
SPPN_conventional_hydroelectric_1_inlet,358,3.7862138956737517
SPPN_conventional_hydroelectric_1_inlet,359,0.0
SPPN_conventional_hydroelectric_1_inlet,360,4.007247155806132
SPPN_conventional_hydroelectric_1_inlet,361,0.0
SPPN_conventional_hydroelectric_1_inlet,362,0.0
SPPN_conventional_hydroelectric_1_inlet,363,0.0
SPPN_conventional_hydroelectric_1_inlet,364,0.0
SPPN_conventional_hydroelectric_1_inlet,365,0.0
SPPN_conventional_hydroelectric_1_inlet,366,0.0
SPPN_conventional_hydroelectric_1_inlet,367,0.0
SPPN_conventional_hydroelectric_1_inlet,368,0.0
SPPN_conventional_hydroelectric_1_inlet,369,0.0
SPPN_conventional_hydroelectric_1_inlet,370,0.0
SPPN_conventional_hydroelectric_1_inlet,371,0.0
SPPN_conventional_hydroelectric_1_inlet,372,0.0
SPPN_conventional_hydroelectric_1_inlet,373,0.0
SPPN_conventional_hydroelectric_1_inlet,374,0.0
SPPN_conventional_hydroelectric_1_inlet,375,0.0
SPPN_conventional_hydroelectric_1_inlet,376,0.0
SPPN_conventional_hydroelectric_1_inlet,377,0.6194821230996604
SPPN_conventional_hydroelectric_1_inlet,378,0.0
SPPN_conventional_hydroelectric_1_inlet,379,0.7100255075046692
SPPN_conventional_hydroelectric_1_inlet,380,4.263048395030662
SPPN_conventional_hydroelectric_1_inlet,381,4.264824209851631
SPPN_conventional_hydroelectric_1_inlet,382,0.0
SPPN_conventional_hydroelectric_1_inlet,383,0.0
SPPN_conventional_hydroelectric_1_inlet,384,0.0
SPPN_conventional_hydroelectric_1_inlet,385,1.968413087453709
SPPN_conventional_hydroelectric_1_inlet,386,4.4376622735905045
SPPN_conventional_hydroelectric_1_inlet,387,4.438583945590504
SPPN_conventional_hydroelectric_1_inlet,388,4.440359760411473
SPPN_conventional_hydroelectric_1_inlet,389,4.441281432411472
SPPN_conventional_hydroelectric_1_inlet,390,4.442989718053411
SPPN_conventional_hydroelectric_1_inlet,391,4.4447655328743805
SPPN_conventional_hydroelectric_1_inlet,392,0.3442029304256351
SPPN_conventional_hydroelectric_1_inlet,393,4.41976471771747
SPPN_conventional_hydroelectric_1_inlet,394,0.0
SPPN_conventional_hydroelectric_1_inlet,395,0.0
SPPN_conventional_hydroelectric_1_inlet,396,0.0
SPPN_conventional_hydroelectric_1_inlet,397,0.0
SPPN_conventional_hydroelectric_1_inlet,398,0.0
SPPN_conventional_hydroelectric_1_inlet,399,0.0
SPPN_conventional_hydroelectric_1_inlet,400,0.0
SPPN_conventional_hydroelectric_1_inlet,401,0.0
SPPN_conventional_hydroelectric_1_inlet,402,0.0
SPPN_conventional_hydroelectric_1_inlet,403,0.0
SPPN_conventional_hydroelectric_1_inlet,404,0.0
SPPN_conventional_hydroelectric_1_inlet,405,0.0
SPPN_conventional_hydroelectric_1_inlet,406,0.0
SPPN_conventional_hydroelectric_1_inlet,407,0.0
SPPN_conventional_hydroelectric_1_inlet,408,0.0
SPPN_conventional_hydroelectric_1_inlet,409,0.0
SPPN_conventional_hydroelectric_1_inlet,410,0.0
SPPN_conventional_hydroelectric_1_inlet,411,0.0
SPPN_conventional_hydroelectric_1_inlet,412,0.0
SPPN_conventional_hydroelectric_1_inlet,413,0.0
SPPN_conventional_hydroelectric_1_inlet,414,0.0
SPPN_conventional_hydroelectric_1_inlet,415,0.0
SPPN_conventional_hydroelectric_1_inlet,416,0.0
SPPN_conventional_hydroelectric_1_inlet,417,0.0
SPPN_conventional_hydroelectric_1_inlet,418,0.0
SPPN_conventional_hydroelectric_1_inlet,419,0.0
SPPN_conventional_hydroelectric_1_inlet,420,0.0
SPPN_conventional_hydroelectric_1_inlet,421,0.0
SPPN_conventional_hydroelectric_1_inlet,422,0.0
SPPN_conventional_hydroelectric_1_inlet,423,0.0
SPPN_conventional_hydroelectric_1_inlet,424,0.0
SPPN_conventional_hydroelectric_1_inlet,425,0.0
SPPN_conventional_hydroelectric_1_inlet,426,0.0
SPPN_conventional_hydroelectric_1_inlet,427,0.0
SPPN_conventional_hydroelectric_1_inlet,428,0.0
SPPN_conventional_hydroelectric_1_inlet,429,0.0
SPPN_conventional_hydroelectric_1_inlet,430,0.0
SPPN_conventional_hydroelectric_1_inlet,431,0.0
SPPN_conventional_hydroelectric_1_inlet,432,0.0
SPPN_conventional_hydroelectric_1_inlet,433,4.707238519928783
SPPN_conventional_hydroelectric_1_inlet,434,4.707238519928783
SPPN_conventional_hydroelectric_1_inlet,435,4.707238519928783
SPPN_conventional_hydroelectric_1_inlet,436,4.707238519928783
SPPN_conventional_hydroelectric_1_inlet,437,4.707238519928783
SPPN_conventional_hydroelectric_1_inlet,438,4.707238519928783
SPPN_conventional_hydroelectric_1_inlet,439,4.707238519928783
SPPN_conventional_hydroelectric_1_inlet,440,4.707238519928783
SPPN_conventional_hydroelectric_1_inlet,441,4.707238519928783
SPPN_conventional_hydroelectric_1_inlet,442,4.707238519928783
SPPN_conventional_hydroelectric_1_inlet,443,4.707238519928783
SPPN_conventional_hydroelectric_1_inlet,444,2.9247430897655216
SPPN_conventional_hydroelectric_1_inlet,445,3.9564156970879534
SPPN_conventional_hydroelectric_1_inlet,446,0.0
SPPN_conventional_hydroelectric_1_inlet,447,0.0
SPPN_conventional_hydroelectric_1_inlet,448,0.0
SPPN_conventional_hydroelectric_1_inlet,449,0.0
SPPN_conventional_hydroelectric_1_inlet,450,0.0
SPPN_conventional_hydroelectric_1_inlet,451,0.0
SPPN_conventional_hydroelectric_1_inlet,452,0.0
SPPN_conventional_hydroelectric_1_inlet,453,4.707238519928783
SPPN_conventional_hydroelectric_1_inlet,454,0.2766464582386177
SPPN_conventional_hydroelectric_1_inlet,455,0.0
SPPN_conventional_hydroelectric_1_inlet,456,0.0
SPPN_conventional_hydroelectric_1_inlet,457,7.100671409660903
SPPN_conventional_hydroelectric_1_inlet,458,8.75372782707814
SPPN_conventional_hydroelectric_1_inlet,459,8.323116893508043
SPPN_conventional_hydroelectric_1_inlet,460,6.419807376704023
SPPN_conventional_hydroelectric_1_inlet,461,8.746557038615233
SPPN_conventional_hydroelectric_1_inlet,462,8.744781223794263
SPPN_conventional_hydroelectric_1_inlet,463,8.742083736973294
SPPN_conventional_hydroelectric_1_inlet,464,8.739386250152323
SPPN_conventional_hydroelectric_1_inlet,465,8.737542906152324
SPPN_conventional_hydroelectric_1_inlet,466,8.734912948510386
SPPN_conventional_hydroelectric_1_inlet,467,8.733069604510385
SPPN_conventional_hydroelectric_1_inlet,468,6.947876687526154
SPPN_conventional_hydroelectric_1_inlet,469,7.976919337206648
SPPN_conventional_hydroelectric_1_inlet,470,4.018660296118695
SPPN_conventional_hydroelectric_1_inlet,471,4.015962809297726
SPPN_conventional_hydroelectric_1_inlet,472,4.014119465297725
SPPN_conventional_hydroelectric_1_inlet,473,4.011489507655787
SPPN_conventional_hydroelectric_1_inlet,474,4.009646163655787
SPPN_conventional_hydroelectric_1_inlet,475,4.006948676834817
SPPN_conventional_hydroelectric_1_inlet,476,1.2845923786350155
SPPN_conventional_hydroelectric_1_inlet,477,1.2845923786350155
SPPN_conventional_hydroelectric_1_inlet,478,1.2845923786350155
SPPN_conventional_hydroelectric_1_inlet,479,1.2845923786350155
SPPN_conventional_hydroelectric_1_inlet,480,1.2845923786350155
SPPN_conventional_hydroelectric_1_inlet,481,9.21672
SPPN_conventional_hydroelectric_1_inlet,482,9.21672
SPPN_conventional_hydroelectric_1_inlet,483,9.21672
SPPN_conventional_hydroelectric_1_inlet,484,9.21672
SPPN_conventional_hydroelectric_1_inlet,485,9.21672
SPPN_conventional_hydroelectric_1_inlet,486,9.21672
SPPN_conventional_hydroelectric_1_inlet,487,9.21672
SPPN_conventional_hydroelectric_1_inlet,488,9.21672
SPPN_conventional_hydroelectric_1_inlet,489,9.21672
SPPN_conventional_hydroelectric_1_inlet,490,5.140549322674581
SPPN_conventional_hydroelectric_1_inlet,491,5.140549322674581
SPPN_conventional_hydroelectric_1_inlet,492,5.140549322674581
SPPN_conventional_hydroelectric_1_inlet,493,5.140549322674581
SPPN_conventional_hydroelectric_1_inlet,494,1.9998273472261683
SPPN_conventional_hydroelectric_1_inlet,495,5.140549322674581
SPPN_conventional_hydroelectric_1_inlet,496,5.140549322674581
SPPN_conventional_hydroelectric_1_inlet,497,5.140549322674581
SPPN_conventional_hydroelectric_1_inlet,498,5.140549322674581
SPPN_conventional_hydroelectric_1_inlet,499,6.469196051815212
SPPN_conventional_hydroelectric_1_inlet,500,5.140549322674581
SPPN_conventional_hydroelectric_1_inlet,501,5.140549322674581
SPPN_conventional_hydroelectric_1_inlet,502,5.140549322674581
SPPN_conventional_hydroelectric_1_inlet,503,5.140549322674581
SPPN_conventional_hydroelectric_1_inlet,504,5.140549322674581
SPPN_conventional_hydroelectric_1_inlet,505,9.21672
SPPN_conventional_hydroelectric_1_inlet,506,9.21672
SPPN_conventional_hydroelectric_1_inlet,507,9.21672
SPPN_conventional_hydroelectric_1_inlet,508,9.21672
SPPN_conventional_hydroelectric_1_inlet,509,9.21672
SPPN_conventional_hydroelectric_1_inlet,510,9.21672
SPPN_conventional_hydroelectric_1_inlet,511,9.21672
SPPN_conventional_hydroelectric_1_inlet,512,9.21672
SPPN_conventional_hydroelectric_1_inlet,513,9.21672
SPPN_conventional_hydroelectric_1_inlet,514,9.21672
SPPN_conventional_hydroelectric_1_inlet,515,9.21672
SPPN_conventional_hydroelectric_1_inlet,516,9.21672
SPPN_conventional_hydroelectric_1_inlet,517,9.21672
SPPN_conventional_hydroelectric_1_inlet,518,6.0759980245515885
SPPN_conventional_hydroelectric_1_inlet,519,9.21672
SPPN_conventional_hydroelectric_1_inlet,520,9.21672
SPPN_conventional_hydroelectric_1_inlet,521,9.21672
SPPN_conventional_hydroelectric_1_inlet,522,9.21672
SPPN_conventional_hydroelectric_1_inlet,523,9.21672
SPPN_conventional_hydroelectric_1_inlet,524,9.21672
SPPN_conventional_hydroelectric_1_inlet,525,9.21672
SPPN_conventional_hydroelectric_1_inlet,526,9.21672
SPPN_conventional_hydroelectric_1_inlet,527,9.21672
SPPN_conventional_hydroelectric_1_inlet,528,9.21672
SPPN_conventional_hydroelectric_1_inlet,529,4.0103755800830845
SPPN_conventional_hydroelectric_1_inlet,530,4.005834749262114
SPPN_conventional_hydroelectric_1_inlet,531,4.002215590441146
SPPN_conventional_hydroelectric_1_inlet,532,3.998528902441146
SPPN_conventional_hydroelectric_1_inlet,533,3.993988071620176
SPPN_conventional_hydroelectric_1_inlet,534,3.4207689651750757
SPPN_conventional_hydroelectric_1_inlet,535,3.416228134354107
SPPN_conventional_hydroelectric_1_inlet,536,3.4117548327121683
SPPN_conventional_hydroelectric_1_inlet,537,3.978454705978237
SPPN_conventional_hydroelectric_1_inlet,538,3.9739138751572685
SPPN_conventional_hydroelectric_1_inlet,539,3.9702271871572696
SPPN_conventional_hydroelectric_1_inlet,540,6.0668249218674575
SPPN_conventional_hydroelectric_1_inlet,541,6.05965413340455
SPPN_conventional_hydroelectric_1_inlet,542,4.206775400093292
SPPN_conventional_hydroelectric_1_inlet,543,7.713155118529296
SPPN_conventional_hydroelectric_1_inlet,544,8.87001877156632
SPPN_conventional_hydroelectric_1_inlet,545,9.21672
SPPN_conventional_hydroelectric_1_inlet,546,3.9428471438733905
SPPN_conventional_hydroelectric_1_inlet,547,9.21672
SPPN_conventional_hydroelectric_1_inlet,548,4.041347966956595
SPPN_conventional_hydroelectric_1_inlet,549,3.3522075351137497
SPPN_conventional_hydroelectric_1_inlet,550,3.3477342334718125
SPPN_conventional_hydroelectric_1_inlet,551,3.3431934026508423
SPPN_conventional_hydroelectric_1_inlet,552,3.3387201010089047
SPPN_conventional_hydroelectric_1_inlet,553,6.4204374498753705
SPPN_conventional_hydroelectric_1_inlet,554,6.4158966190544
SPPN_conventional_hydroelectric_1_inlet,555,6.412277460233431
SPPN_conventional_hydroelectric_1_inlet,556,6.408590772233432
SPPN_conventional_hydroelectric_1_inlet,557,6.404049941412461
SPPN_conventional_hydroelectric_1_inlet,558,5.830830834967362
SPPN_conventional_hydroelectric_1_inlet,559,5.826290004146393
SPPN_conventional_hydroelectric_1_inlet,560,5.821816702504454
SPPN_conventional_hydroelectric_1_inlet,561,6.388516575770523
SPPN_conventional_hydroelectric_1_inlet,562,6.383975744949554
SPPN_conventional_hydroelectric_1_inlet,563,6.380289056949556
SPPN_conventional_hydroelectric_1_inlet,564,8.476886791659743
SPPN_conventional_hydroelectric_1_inlet,565,8.469716003196837
SPPN_conventional_hydroelectric_1_inlet,566,6.3684423793076155
SPPN_conventional_hydroelectric_1_inlet,567,6.364755691307614
SPPN_conventional_hydroelectric_1_inlet,568,6.360214860486646
SPPN_conventional_hydroelectric_1_inlet,569,5.939976894229315
SPPN_conventional_hydroelectric_1_inlet,570,6.352909013665676
SPPN_conventional_hydroelectric_1_inlet,571,3.222543807961359
SPPN_conventional_hydroelectric_1_inlet,572,6.344681494844708
SPPN_conventional_hydroelectric_1_inlet,573,3.458140567312454
SPPN_conventional_hydroelectric_1_inlet,574,1.3675228425506178
SPPN_conventional_hydroelectric_1_inlet,575,5.753255272443128
SPPN_conventional_hydroelectric_1_inlet,576,2.4232269771769253
SPPS_conventional_hydroelectric_1_inlet,1,0.0
SPPS_conventional_hydroelectric_1_inlet,2,0.0
SPPS_conventional_hydroelectric_1_inlet,3,0.0
SPPS_conventional_hydroelectric_1_inlet,4,0.0
SPPS_conventional_hydroelectric_1_inlet,5,0.0
SPPS_conventional_hydroelectric_1_inlet,6,0.0
SPPS_conventional_hydroelectric_1_inlet,7,0.9271698287435008
SPPS_conventional_hydroelectric_1_inlet,8,0.6465718071579316
SPPS_conventional_hydroelectric_1_inlet,9,0.0
SPPS_conventional_hydroelectric_1_inlet,10,0.0
SPPS_conventional_hydroelectric_1_inlet,11,0.0
SPPS_conventional_hydroelectric_1_inlet,12,0.0
SPPS_conventional_hydroelectric_1_inlet,13,0.0
SPPS_conventional_hydroelectric_1_inlet,14,0.17035721841599927
SPPS_conventional_hydroelectric_1_inlet,15,0.606206205792
SPPS_conventional_hydroelectric_1_inlet,16,0.609156114336
SPPS_conventional_hydroelectric_1_inlet,17,0.6128435000159999
SPPS_conventional_hydroelectric_1_inlet,18,0.6937773745473699
SPPS_conventional_hydroelectric_1_inlet,19,0.0
SPPS_conventional_hydroelectric_1_inlet,20,0.0
SPPS_conventional_hydroelectric_1_inlet,21,1.8200684074842648
SPPS_conventional_hydroelectric_1_inlet,22,0.0
SPPS_conventional_hydroelectric_1_inlet,23,0.0
SPPS_conventional_hydroelectric_1_inlet,24,2.1099220860959997
SPPS_conventional_hydroelectric_1_inlet,25,0.0
SPPS_conventional_hydroelectric_1_inlet,26,0.0
SPPS_conventional_hydroelectric_1_inlet,27,0.0
SPPS_conventional_hydroelectric_1_inlet,28,0.9860069308320006
SPPS_conventional_hydroelectric_1_inlet,29,0.0
SPPS_conventional_hydroelectric_1_inlet,30,1.059017167296
SPPS_conventional_hydroelectric_1_inlet,31,1.9898743817195008
SPPS_conventional_hydroelectric_1_inlet,32,1.7122262686779315
SPPS_conventional_hydroelectric_1_inlet,33,1.0693418472
SPPS_conventional_hydroelectric_1_inlet,34,1.072291755744
SPPS_conventional_hydroelectric_1_inlet,35,1.075979141424
SPPS_conventional_hydroelectric_1_inlet,36,1.0789290499680002
SPPS_conventional_hydroelectric_1_inlet,37,1.082616435648
SPPS_conventional_hydroelectric_1_inlet,38,1.2566610397439992
SPPS_conventional_hydroelectric_1_inlet,39,1.6954599356639999
SPPS_conventional_hydroelectric_1_inlet,40,1.702097229888
SPPS_conventional_hydroelectric_1_inlet,41,1.708734524112
SPPS_conventional_hydroelectric_1_inlet,42,1.7933557843233698
SPPS_conventional_hydroelectric_1_inlet,43,1.1025283183199999
SPPS_conventional_hydroelectric_1_inlet,44,1.106215704
SPPS_conventional_hydroelectric_1_inlet,45,2.929234020028265
SPPS_conventional_hydroelectric_1_inlet,46,1.112852998224
SPPS_conventional_hydroelectric_1_inlet,47,1.1158029067679998
SPPS_conventional_hydroelectric_1_inlet,48,3.229412378544
SPPS_conventional_hydroelectric_1_inlet,49,1.8068189832000001
SPPS_conventional_hydroelectric_1_inlet,50,1.809031414608
SPPS_conventional_hydroelectric_1_inlet,51,1.811243846016
SPPS_conventional_hydroelectric_1_inlet,52,2.7994632082560007
SPPS_conventional_hydroelectric_1_inlet,53,1.815668708832
SPPS_conventional_hydroelectric_1_inlet,54,0.0
SPPS_conventional_hydroelectric_1_inlet,55,0.0
SPPS_conventional_hydroelectric_1_inlet,56,0.0
SPPS_conventional_hydroelectric_1_inlet,57,0.0
SPPS_conventional_hydroelectric_1_inlet,58,2.7994632082560007
SPPS_conventional_hydroelectric_1_inlet,59,2.7994632082560007
SPPS_conventional_hydroelectric_1_inlet,60,2.9100847786559996
SPPS_conventional_hydroelectric_1_inlet,61,2.9159845957439994
SPPS_conventional_hydroelectric_1_inlet,62,3.0922416312479992
SPPS_conventional_hydroelectric_1_inlet,63,3.533252958576
SPPS_conventional_hydroelectric_1_inlet,64,3.542102684208
SPPS_conventional_hydroelectric_1_inlet,65,3.5509524098400003
SPPS_conventional_hydroelectric_1_inlet,66,3.63778610145937
SPPS_conventional_hydroelectric_1_inlet,67,2.949171066864
SPPS_conventional_hydroelectric_1_inlet,68,2.9550708839519997
SPPS_conventional_hydroelectric_1_inlet,69,4.780301631388265
SPPS_conventional_hydroelectric_1_inlet,70,2.966133040992
SPPS_conventional_hydroelectric_1_inlet,71,2.971295380944
SPPS_conventional_hydroelectric_1_inlet,72,5.087117284128
SPPS_conventional_hydroelectric_1_inlet,73,4.0944730590719995
SPPS_conventional_hydroelectric_1_inlet,74,4.09668549048
SPPS_conventional_hydroelectric_1_inlet,75,4.098897921888
SPPS_conventional_hydroelectric_1_inlet,76,5.087117284128
SPPS_conventional_hydroelectric_1_inlet,77,4.103322784703999
SPPS_conventional_hydroelectric_1_inlet,78,2.2876540758719996
SPPS_conventional_hydroelectric_1_inlet,79,2.2876540758719996
SPPS_conventional_hydroelectric_1_inlet,80,2.2876540758719996
SPPS_conventional_hydroelectric_1_inlet,81,2.2876540758719996
SPPS_conventional_hydroelectric_1_inlet,82,5.087117284128
SPPS_conventional_hydroelectric_1_inlet,83,5.087117284128
SPPS_conventional_hydroelectric_1_inlet,84,5.197738854528
SPPS_conventional_hydroelectric_1_inlet,85,5.203638671615999
SPPS_conventional_hydroelectric_1_inlet,86,5.379895707119998
SPPS_conventional_hydroelectric_1_inlet,87,5.820907034447999
SPPS_conventional_hydroelectric_1_inlet,88,5.368833550079998
SPPS_conventional_hydroelectric_1_inlet,89,4.141429377375485
SPPS_conventional_hydroelectric_1_inlet,90,0.0
SPPS_conventional_hydroelectric_1_inlet,91,0.0
SPPS_conventional_hydroelectric_1_inlet,92,0.0
SPPS_conventional_hydroelectric_1_inlet,93,0.0
SPPS_conventional_hydroelectric_1_inlet,94,0.0
SPPS_conventional_hydroelectric_1_inlet,95,0.0
SPPS_conventional_hydroelectric_1_inlet,96,0.0
SPPS_conventional_hydroelectric_1_inlet,97,0.0
SPPS_conventional_hydroelectric_1_inlet,98,0.0
SPPS_conventional_hydroelectric_1_inlet,99,0.0
SPPS_conventional_hydroelectric_1_inlet,100,0.0
SPPS_conventional_hydroelectric_1_inlet,101,0.0
SPPS_conventional_hydroelectric_1_inlet,102,0.0
SPPS_conventional_hydroelectric_1_inlet,103,0.0
SPPS_conventional_hydroelectric_1_inlet,104,0.0
SPPS_conventional_hydroelectric_1_inlet,105,0.0
SPPS_conventional_hydroelectric_1_inlet,106,0.0
SPPS_conventional_hydroelectric_1_inlet,107,0.0
SPPS_conventional_hydroelectric_1_inlet,108,0.1106215703999991
SPPS_conventional_hydroelectric_1_inlet,109,0.1165213874879988
SPPS_conventional_hydroelectric_1_inlet,110,0.29277842299199813
SPPS_conventional_hydroelectric_1_inlet,111,0.7337897503199992
SPPS_conventional_hydroelectric_1_inlet,112,0.2817162659519975
SPPS_conventional_hydroelectric_1_inlet,113,0.2765539259999978
SPPS_conventional_hydroelectric_1_inlet,114,0.272129063183998
SPPS_conventional_hydroelectric_1_inlet,115,0.0
SPPS_conventional_hydroelectric_1_inlet,116,0.0
SPPS_conventional_hydroelectric_1_inlet,117,0.256642043327998
SPPS_conventional_hydroelectric_1_inlet,118,0.0
SPPS_conventional_hydroelectric_1_inlet,119,0.0
SPPS_conventional_hydroelectric_1_inlet,120,0.0
SPPS_conventional_hydroelectric_1_inlet,121,2.530284053616
SPPS_conventional_hydroelectric_1_inlet,122,2.531021530752
SPPS_conventional_hydroelectric_1_inlet,123,2.5317590078879997
SPPS_conventional_hydroelectric_1_inlet,124,2.5324964850239997
SPPS_conventional_hydroelectric_1_inlet,125,2.5339714392959998
SPPS_conventional_hydroelectric_1_inlet,126,2.534708916432
SPPS_conventional_hydroelectric_1_inlet,127,2.535446393568
SPPS_conventional_hydroelectric_1_inlet,128,2.5361838707039994
SPPS_conventional_hydroelectric_1_inlet,129,2.5369213478399995
SPPS_conventional_hydroelectric_1_inlet,130,2.537658824976
SPPS_conventional_hydroelectric_1_inlet,131,2.538396302112
SPPS_conventional_hydroelectric_1_inlet,132,2.649755349647999
SPPS_conventional_hydroelectric_1_inlet,133,2.6563926438719987
SPPS_conventional_hydroelectric_1_inlet,134,2.833387156511998
SPPS_conventional_hydroelectric_1_inlet,135,3.2751359609759993
SPPS_conventional_hydroelectric_1_inlet,136,2.8245374308799978
SPPS_conventional_hydroelectric_1_inlet,137,2.820112568063998
SPPS_conventional_hydroelectric_1_inlet,138,2.816425182383998
SPPS_conventional_hydroelectric_1_inlet,139,2.545033596336
SPPS_conventional_hydroelectric_1_inlet,140,2.545771073472
SPPS_conventional_hydroelectric_1_inlet,141,2.8031505939359977
SPPS_conventional_hydroelectric_1_inlet,142,2.547246027744
SPPS_conventional_hydroelectric_1_inlet,143,2.54798350488
SPPS_conventional_hydroelectric_1_inlet,144,2.5487209820160004
SPPS_conventional_hydroelectric_1_inlet,145,5.1085041210719995
SPPS_conventional_hydroelectric_1_inlet,146,5.1092415982079995
SPPS_conventional_hydroelectric_1_inlet,147,5.1099790753439995
SPPS_conventional_hydroelectric_1_inlet,148,5.11071655248
SPPS_conventional_hydroelectric_1_inlet,149,5.112191506752
SPPS_conventional_hydroelectric_1_inlet,150,5.112928983888
SPPS_conventional_hydroelectric_1_inlet,151,5.113666461024
SPPS_conventional_hydroelectric_1_inlet,152,5.11440393816
SPPS_conventional_hydroelectric_1_inlet,153,5.115141415296
SPPS_conventional_hydroelectric_1_inlet,154,5.115878892432
SPPS_conventional_hydroelectric_1_inlet,155,5.116616369568
SPPS_conventional_hydroelectric_1_inlet,156,5.227975417103998
SPPS_conventional_hydroelectric_1_inlet,157,5.2346127113279985
SPPS_conventional_hydroelectric_1_inlet,158,5.411607223967998
SPPS_conventional_hydroelectric_1_inlet,159,5.853356028432
SPPS_conventional_hydroelectric_1_inlet,160,5.402757498335998
SPPS_conventional_hydroelectric_1_inlet,161,5.398332635519997
SPPS_conventional_hydroelectric_1_inlet,162,5.394645249839998
SPPS_conventional_hydroelectric_1_inlet,163,5.123253663792
SPPS_conventional_hydroelectric_1_inlet,164,5.123991140928
SPPS_conventional_hydroelectric_1_inlet,165,5.381370661391998
SPPS_conventional_hydroelectric_1_inlet,166,5.1254660952
SPPS_conventional_hydroelectric_1_inlet,167,5.126203572335999
SPPS_conventional_hydroelectric_1_inlet,168,5.126941049471999
SPPS_conventional_hydroelectric_1_inlet,169,7.374771359999999
SPPS_conventional_hydroelectric_1_inlet,170,7.374771359999999
SPPS_conventional_hydroelectric_1_inlet,171,7.374771359999999
SPPS_conventional_hydroelectric_1_inlet,172,7.374771359999999
SPPS_conventional_hydroelectric_1_inlet,173,7.374771359999999
SPPS_conventional_hydroelectric_1_inlet,174,7.374771359999999
SPPS_conventional_hydroelectric_1_inlet,175,7.374771359999999
SPPS_conventional_hydroelectric_1_inlet,176,7.374771359999999
SPPS_conventional_hydroelectric_1_inlet,177,7.374771359999999
SPPS_conventional_hydroelectric_1_inlet,178,7.374771359999999
SPPS_conventional_hydroelectric_1_inlet,179,6.151969094784597
SPPS_conventional_hydroelectric_1_inlet,180,6.567282895486208
SPPS_conventional_hydroelectric_1_inlet,181,3.382569945691227
SPPS_conventional_hydroelectric_1_inlet,182,1.689560118575998
SPPS_conventional_hydroelectric_1_inlet,183,2.1357337858559995
SPPS_conventional_hydroelectric_1_inlet,184,1.689560118575998
SPPS_conventional_hydroelectric_1_inlet,185,1.689560118575998
SPPS_conventional_hydroelectric_1_inlet,186,1.689560118575998
SPPS_conventional_hydroelectric_1_inlet,187,1.689560118575998
SPPS_conventional_hydroelectric_1_inlet,188,1.689560118575998
SPPS_conventional_hydroelectric_1_inlet,189,1.689560118575998
SPPS_conventional_hydroelectric_1_inlet,190,1.689560118575998
SPPS_conventional_hydroelectric_1_inlet,191,1.689560118575998
SPPS_conventional_hydroelectric_1_inlet,192,1.689560118575998
SPPS_conventional_hydroelectric_1_inlet,193,5.816482171631998
SPPS_conventional_hydroelectric_1_inlet,194,5.816482171631998
SPPS_conventional_hydroelectric_1_inlet,195,5.816482171631998
SPPS_conventional_hydroelectric_1_inlet,196,5.816482171631998
SPPS_conventional_hydroelectric_1_inlet,197,5.816482171631998
SPPS_conventional_hydroelectric_1_inlet,198,5.816482171631998
SPPS_conventional_hydroelectric_1_inlet,199,5.5711208645665
SPPS_conventional_hydroelectric_1_inlet,200,5.816482171631998
SPPS_conventional_hydroelectric_1_inlet,201,5.816482171631998
SPPS_conventional_hydroelectric_1_inlet,202,5.816482171631998
SPPS_conventional_hydroelectric_1_inlet,203,5.816482171631998
SPPS_conventional_hydroelectric_1_inlet,204,5.816482171631998
SPPS_conventional_hydroelectric_1_inlet,205,5.816482171631998
SPPS_conventional_hydroelectric_1_inlet,206,5.816482171631998
SPPS_conventional_hydroelectric_1_inlet,207,5.816482171631998
SPPS_conventional_hydroelectric_1_inlet,208,5.816482171631998
SPPS_conventional_hydroelectric_1_inlet,209,5.816482171631998
SPPS_conventional_hydroelectric_1_inlet,210,5.816482171631998
SPPS_conventional_hydroelectric_1_inlet,211,5.816482171631998
SPPS_conventional_hydroelectric_1_inlet,212,5.816482171631998
SPPS_conventional_hydroelectric_1_inlet,213,5.816482171631998
SPPS_conventional_hydroelectric_1_inlet,214,5.816482171631998
SPPS_conventional_hydroelectric_1_inlet,215,5.816482171631998
SPPS_conventional_hydroelectric_1_inlet,216,5.816482171631998
SPPS_conventional_hydroelectric_1_inlet,217,7.374771359999999
SPPS_conventional_hydroelectric_1_inlet,218,7.374771359999999
SPPS_conventional_hydroelectric_1_inlet,219,7.374771359999999
SPPS_conventional_hydroelectric_1_inlet,220,7.374771359999999
SPPS_conventional_hydroelectric_1_inlet,221,7.374771359999999
SPPS_conventional_hydroelectric_1_inlet,222,7.374771359999999
SPPS_conventional_hydroelectric_1_inlet,223,7.1294100529345
SPPS_conventional_hydroelectric_1_inlet,224,7.374771359999999
SPPS_conventional_hydroelectric_1_inlet,225,7.374771359999999
SPPS_conventional_hydroelectric_1_inlet,226,7.374771359999999
SPPS_conventional_hydroelectric_1_inlet,227,7.374771359999999
SPPS_conventional_hydroelectric_1_inlet,228,7.374771359999999
SPPS_conventional_hydroelectric_1_inlet,229,7.374771359999999
SPPS_conventional_hydroelectric_1_inlet,230,7.374771359999999
SPPS_conventional_hydroelectric_1_inlet,231,7.374771359999999
SPPS_conventional_hydroelectric_1_inlet,232,7.374771359999999
SPPS_conventional_hydroelectric_1_inlet,233,7.374771359999999
SPPS_conventional_hydroelectric_1_inlet,234,7.374771359999999
SPPS_conventional_hydroelectric_1_inlet,235,7.374771359999999
SPPS_conventional_hydroelectric_1_inlet,236,7.374771359999999
SPPS_conventional_hydroelectric_1_inlet,237,7.374771359999999
SPPS_conventional_hydroelectric_1_inlet,238,7.374771359999999
SPPS_conventional_hydroelectric_1_inlet,239,7.374771359999999
SPPS_conventional_hydroelectric_1_inlet,240,7.374771359999999
SPPS_conventional_hydroelectric_1_inlet,241,6.208082530847998
SPPS_conventional_hydroelectric_1_inlet,242,6.6445297873347675
SPPS_conventional_hydroelectric_1_inlet,243,6.207345053711998
SPPS_conventional_hydroelectric_1_inlet,244,6.809126396687998
SPPS_conventional_hydroelectric_1_inlet,245,6.809126396687998
SPPS_conventional_hydroelectric_1_inlet,246,6.809126396687998
SPPS_conventional_hydroelectric_1_inlet,247,7.374771359999999
SPPS_conventional_hydroelectric_1_inlet,248,7.374771359999999
SPPS_conventional_hydroelectric_1_inlet,249,7.374771359999999
SPPS_conventional_hydroelectric_1_inlet,250,7.374771359999999
SPPS_conventional_hydroelectric_1_inlet,251,7.374771359999999
SPPS_conventional_hydroelectric_1_inlet,252,7.374771359999999
SPPS_conventional_hydroelectric_1_inlet,253,7.374771359999999
SPPS_conventional_hydroelectric_1_inlet,254,7.374771359999999
SPPS_conventional_hydroelectric_1_inlet,255,7.374771359999999
SPPS_conventional_hydroelectric_1_inlet,256,7.374771359999999
SPPS_conventional_hydroelectric_1_inlet,257,6.809126396687998
SPPS_conventional_hydroelectric_1_inlet,258,6.809126396687998
SPPS_conventional_hydroelectric_1_inlet,259,6.809126396687998
SPPS_conventional_hydroelectric_1_inlet,260,6.809126396687998
SPPS_conventional_hydroelectric_1_inlet,261,6.809126396687998
SPPS_conventional_hydroelectric_1_inlet,262,6.809126396687998
SPPS_conventional_hydroelectric_1_inlet,263,6.809126396687998
SPPS_conventional_hydroelectric_1_inlet,264,7.374771359999999
SPPS_conventional_hydroelectric_1_inlet,265,6.773727494159997
SPPS_conventional_hydroelectric_1_inlet,266,7.210174750646767
SPPS_conventional_hydroelectric_1_inlet,267,6.772990017023997
SPPS_conventional_hydroelectric_1_inlet,268,7.374771359999999
SPPS_conventional_hydroelectric_1_inlet,269,7.374771359999999
SPPS_conventional_hydroelectric_1_inlet,270,7.374771359999999
SPPS_conventional_hydroelectric_1_inlet,271,7.374771359999999
SPPS_conventional_hydroelectric_1_inlet,272,7.374771359999999
SPPS_conventional_hydroelectric_1_inlet,273,7.374771359999999
SPPS_conventional_hydroelectric_1_inlet,274,7.374771359999999
SPPS_conventional_hydroelectric_1_inlet,275,7.374771359999999
SPPS_conventional_hydroelectric_1_inlet,276,7.374771359999999
SPPS_conventional_hydroelectric_1_inlet,277,7.374771359999999
SPPS_conventional_hydroelectric_1_inlet,278,7.374771359999999
SPPS_conventional_hydroelectric_1_inlet,279,7.374771359999999
SPPS_conventional_hydroelectric_1_inlet,280,7.374771359999999
SPPS_conventional_hydroelectric_1_inlet,281,7.374771359999999
SPPS_conventional_hydroelectric_1_inlet,282,7.374771359999999
SPPS_conventional_hydroelectric_1_inlet,283,7.374771359999999
SPPS_conventional_hydroelectric_1_inlet,284,7.374771359999999
SPPS_conventional_hydroelectric_1_inlet,285,7.374771359999999
SPPS_conventional_hydroelectric_1_inlet,286,7.374771359999999
SPPS_conventional_hydroelectric_1_inlet,287,7.374771359999999
SPPS_conventional_hydroelectric_1_inlet,288,7.374771359999999
SPPS_conventional_hydroelectric_1_inlet,289,7.374771359999999
SPPS_conventional_hydroelectric_1_inlet,290,7.374771359999999
SPPS_conventional_hydroelectric_1_inlet,291,7.374771359999999
SPPS_conventional_hydroelectric_1_inlet,292,7.374771359999999
SPPS_conventional_hydroelectric_1_inlet,293,7.374771359999999
SPPS_conventional_hydroelectric_1_inlet,294,7.374771359999999
SPPS_conventional_hydroelectric_1_inlet,295,7.374771359999999
SPPS_conventional_hydroelectric_1_inlet,296,7.374771359999999
SPPS_conventional_hydroelectric_1_inlet,297,7.374771359999999
SPPS_conventional_hydroelectric_1_inlet,298,7.374771359999999
SPPS_conventional_hydroelectric_1_inlet,299,6.728741388863998
SPPS_conventional_hydroelectric_1_inlet,300,6.728741388863998
SPPS_conventional_hydroelectric_1_inlet,301,7.374771359999999
SPPS_conventional_hydroelectric_1_inlet,302,7.374771359999999
SPPS_conventional_hydroelectric_1_inlet,303,7.374771359999999
SPPS_conventional_hydroelectric_1_inlet,304,7.374771359999999
SPPS_conventional_hydroelectric_1_inlet,305,7.067859148818799
SPPS_conventional_hydroelectric_1_inlet,306,7.374771359999999
SPPS_conventional_hydroelectric_1_inlet,307,7.374771359999999
SPPS_conventional_hydroelectric_1_inlet,308,7.374771359999999
SPPS_conventional_hydroelectric_1_inlet,309,7.374771359999999
SPPS_conventional_hydroelectric_1_inlet,310,7.374771359999999
SPPS_conventional_hydroelectric_1_inlet,311,7.374771359999999
SPPS_conventional_hydroelectric_1_inlet,312,7.374771359999999
SPPS_conventional_hydroelectric_1_inlet,313,7.374771359999999
SPPS_conventional_hydroelectric_1_inlet,314,7.374771359999999
SPPS_conventional_hydroelectric_1_inlet,315,7.374771359999999
SPPS_conventional_hydroelectric_1_inlet,316,7.374771359999999
SPPS_conventional_hydroelectric_1_inlet,317,7.374771359999999
SPPS_conventional_hydroelectric_1_inlet,318,7.374771359999999
SPPS_conventional_hydroelectric_1_inlet,319,7.374771359999999
SPPS_conventional_hydroelectric_1_inlet,320,7.374771359999999
SPPS_conventional_hydroelectric_1_inlet,321,7.374771359999999
SPPS_conventional_hydroelectric_1_inlet,322,7.374771359999999
SPPS_conventional_hydroelectric_1_inlet,323,7.374771359999999
SPPS_conventional_hydroelectric_1_inlet,324,7.374771359999999
SPPS_conventional_hydroelectric_1_inlet,325,7.374771359999999
SPPS_conventional_hydroelectric_1_inlet,326,7.374771359999999
SPPS_conventional_hydroelectric_1_inlet,327,7.374771359999999
SPPS_conventional_hydroelectric_1_inlet,328,7.374771359999999
SPPS_conventional_hydroelectric_1_inlet,329,7.374771359999999
SPPS_conventional_hydroelectric_1_inlet,330,7.374771359999999
SPPS_conventional_hydroelectric_1_inlet,331,7.374771359999999
SPPS_conventional_hydroelectric_1_inlet,332,6.796589285375998
SPPS_conventional_hydroelectric_1_inlet,333,7.374771359999999
SPPS_conventional_hydroelectric_1_inlet,334,4.076377375593947
SPPS_conventional_hydroelectric_1_inlet,335,2.597406574890516
SPPS_conventional_hydroelectric_1_inlet,336,4.785505029166503
SPPS_conventional_hydroelectric_1_inlet,337,0.5921941402079984
SPPS_conventional_hydroelectric_1_inlet,338,0.5914566630719985
SPPS_conventional_hydroelectric_1_inlet,339,0.5907191859359985
SPPS_conventional_hydroelectric_1_inlet,340,0.5899817087999986
SPPS_conventional_hydroelectric_1_inlet,341,0.5892442316639985
SPPS_conventional_hydroelectric_1_inlet,342,0.5885067545279986
SPPS_conventional_hydroelectric_1_inlet,343,0.5877692773919978
SPPS_conventional_hydroelectric_1_inlet,344,0.6209288928489255
SPPS_conventional_hydroelectric_1_inlet,345,1.4373270369131963
SPPS_conventional_hydroelectric_1_inlet,346,1.895550938629733
SPPS_conventional_hydroelectric_1_inlet,347,3.0066167662042855
SPPS_conventional_hydroelectric_1_inlet,348,5.700294275438485
SPPS_conventional_hydroelectric_1_inlet,349,4.327442920406429
SPPS_conventional_hydroelectric_1_inlet,350,5.4400610605105175
SPPS_conventional_hydroelectric_1_inlet,351,5.586364231704795
SPPS_conventional_hydroelectric_1_inlet,352,4.622373063566906
SPPS_conventional_hydroelectric_1_inlet,353,3.9335338604887746
SPPS_conventional_hydroelectric_1_inlet,354,6.919747967088
SPPS_conventional_hydroelectric_1_inlet,355,7.374771359999999
SPPS_conventional_hydroelectric_1_inlet,356,7.374771359999999
SPPS_conventional_hydroelectric_1_inlet,357,7.374771359999999
SPPS_conventional_hydroelectric_1_inlet,358,2.797206002721252
SPPS_conventional_hydroelectric_1_inlet,359,0.0
SPPS_conventional_hydroelectric_1_inlet,360,0.0
SPPS_conventional_hydroelectric_1_inlet,361,1.0597546444319985
SPPS_conventional_hydroelectric_1_inlet,362,0.0
SPPS_conventional_hydroelectric_1_inlet,363,0.6096844853738701
SPPS_conventional_hydroelectric_1_inlet,364,1.0553297816159986
SPPS_conventional_hydroelectric_1_inlet,365,0.0
SPPS_conventional_hydroelectric_1_inlet,366,1.0523798730719984
SPPS_conventional_hydroelectric_1_inlet,367,1.0509049187999977
SPPS_conventional_hydroelectric_1_inlet,368,0.2919842177646876
SPPS_conventional_hydroelectric_1_inlet,369,0.0
SPPS_conventional_hydroelectric_1_inlet,370,0.0
SPPS_conventional_hydroelectric_1_inlet,371,0.0
SPPS_conventional_hydroelectric_1_inlet,372,2.450636262161639
SPPS_conventional_hydroelectric_1_inlet,373,0.0
SPPS_conventional_hydroelectric_1_inlet,374,0.0
SPPS_conventional_hydroelectric_1_inlet,375,0.0
SPPS_conventional_hydroelectric_1_inlet,376,0.0
SPPS_conventional_hydroelectric_1_inlet,377,0.0
SPPS_conventional_hydroelectric_1_inlet,378,0.0
SPPS_conventional_hydroelectric_1_inlet,379,0.4542859157759983
SPPS_conventional_hydroelectric_1_inlet,380,4.307972947391197
SPPS_conventional_hydroelectric_1_inlet,381,6.64913807262175
SPPS_conventional_hydroelectric_1_inlet,382,3.249279487089252
SPPS_conventional_hydroelectric_1_inlet,383,0.45133600723199996
SPPS_conventional_hydroelectric_1_inlet,384,0.02306781481490457
SPPS_conventional_hydroelectric_1_inlet,385,1.4594672521439984
SPPS_conventional_hydroelectric_1_inlet,386,0.40045008484800004
SPPS_conventional_hydroelectric_1_inlet,387,1.0101345702218703
SPPS_conventional_hydroelectric_1_inlet,388,1.4557798664639985
SPPS_conventional_hydroelectric_1_inlet,389,0.40045008484800004
SPPS_conventional_hydroelectric_1_inlet,390,1.4535674350559984
SPPS_conventional_hydroelectric_1_inlet,391,1.4520924807839974
SPPS_conventional_hydroelectric_1_inlet,392,0.6931717797486875
SPPS_conventional_hydroelectric_1_inlet,393,0.40118756198399996
SPPS_conventional_hydroelectric_1_inlet,394,0.40118756198399996
SPPS_conventional_hydroelectric_1_inlet,395,0.40192503912
SPPS_conventional_hydroelectric_1_inlet,396,2.852561301281639
SPPS_conventional_hydroelectric_1_inlet,397,0.40192503912
SPPS_conventional_hydroelectric_1_inlet,398,0.3546602895563256
SPPS_conventional_hydroelectric_1_inlet,399,0.402662516256
SPPS_conventional_hydroelectric_1_inlet,400,0.0
SPPS_conventional_hydroelectric_1_inlet,401,0.0
SPPS_conventional_hydroelectric_1_inlet,402,0.0
SPPS_conventional_hydroelectric_1_inlet,403,0.0
SPPS_conventional_hydroelectric_1_inlet,404,0.0
SPPS_conventional_hydroelectric_1_inlet,405,0.0
SPPS_conventional_hydroelectric_1_inlet,406,3.652679480481252
SPPS_conventional_hydroelectric_1_inlet,407,0.8554734777599999
SPPS_conventional_hydroelectric_1_inlet,408,0.4272052853429046
SPPS_conventional_hydroelectric_1_inlet,409,0.0
SPPS_conventional_hydroelectric_1_inlet,410,0.0
SPPS_conventional_hydroelectric_1_inlet,411,1.2579721390104246
SPPS_conventional_hydroelectric_1_inlet,412,1.8813041739359988
SPPS_conventional_hydroelectric_1_inlet,413,0.0
SPPS_conventional_hydroelectric_1_inlet,414,0.0
SPPS_conventional_hydroelectric_1_inlet,415,0.0
SPPS_conventional_hydroelectric_1_inlet,416,0.0
SPPS_conventional_hydroelectric_1_inlet,417,0.828186823728
SPPS_conventional_hydroelectric_1_inlet,418,0.0
SPPS_conventional_hydroelectric_1_inlet,419,0.0
SPPS_conventional_hydroelectric_1_inlet,420,0.0
SPPS_conventional_hydroelectric_1_inlet,421,0.0
SPPS_conventional_hydroelectric_1_inlet,422,0.0
SPPS_conventional_hydroelectric_1_inlet,423,0.0
SPPS_conventional_hydroelectric_1_inlet,424,0.0
SPPS_conventional_hydroelectric_1_inlet,425,0.0
SPPS_conventional_hydroelectric_1_inlet,426,0.0
SPPS_conventional_hydroelectric_1_inlet,427,0.0
SPPS_conventional_hydroelectric_1_inlet,428,0.0
SPPS_conventional_hydroelectric_1_inlet,429,0.0
SPPS_conventional_hydroelectric_1_inlet,430,0.0
SPPS_conventional_hydroelectric_1_inlet,431,0.0
SPPS_conventional_hydroelectric_1_inlet,432,0.8564169784949046
SPPS_conventional_hydroelectric_1_inlet,433,0.43437403310399997
SPPS_conventional_hydroelectric_1_inlet,434,0.43437403310399997
SPPS_conventional_hydroelectric_1_inlet,435,1.6923461721144246
SPPS_conventional_hydroelectric_1_inlet,436,2.315678207039999
SPPS_conventional_hydroelectric_1_inlet,437,0.43437403310399997
SPPS_conventional_hydroelectric_1_inlet,438,0.43437403310399997
SPPS_conventional_hydroelectric_1_inlet,439,0.43437403310399997
SPPS_conventional_hydroelectric_1_inlet,440,0.43437403310399997
SPPS_conventional_hydroelectric_1_inlet,441,1.262560856832
SPPS_conventional_hydroelectric_1_inlet,442,0.43437403310399997
SPPS_conventional_hydroelectric_1_inlet,443,0.43437403310399997
SPPS_conventional_hydroelectric_1_inlet,444,0.43437403310399997
SPPS_conventional_hydroelectric_1_inlet,445,0.0
SPPS_conventional_hydroelectric_1_inlet,446,0.0
SPPS_conventional_hydroelectric_1_inlet,447,0.0
SPPS_conventional_hydroelectric_1_inlet,448,0.0
SPPS_conventional_hydroelectric_1_inlet,449,0.0
SPPS_conventional_hydroelectric_1_inlet,450,0.0
SPPS_conventional_hydroelectric_1_inlet,451,0.43437403310399997
SPPS_conventional_hydroelectric_1_inlet,452,0.43437403310399997
SPPS_conventional_hydroelectric_1_inlet,453,0.43437403310399997
SPPS_conventional_hydroelectric_1_inlet,454,0.43437403310399997
SPPS_conventional_hydroelectric_1_inlet,455,0.43437403310399997
SPPS_conventional_hydroelectric_1_inlet,456,1.2907910115989045
SPPS_conventional_hydroelectric_1_inlet,457,0.857685909168
SPPS_conventional_hydroelectric_1_inlet,458,0.857685909168
SPPS_conventional_hydroelectric_1_inlet,459,2.1156580481784246
SPPS_conventional_hydroelectric_1_inlet,460,2.738252605967999
SPPS_conventional_hydroelectric_1_inlet,461,0.8569484320319999
SPPS_conventional_hydroelectric_1_inlet,462,0.8569484320319999
SPPS_conventional_hydroelectric_1_inlet,463,0.8569484320319999
SPPS_conventional_hydroelectric_1_inlet,464,0.8569484320319999
SPPS_conventional_hydroelectric_1_inlet,465,1.68513525576
SPPS_conventional_hydroelectric_1_inlet,466,0.8569484320319999
SPPS_conventional_hydroelectric_1_inlet,467,0.8569484320319999
SPPS_conventional_hydroelectric_1_inlet,468,0.8569484320319999
SPPS_conventional_hydroelectric_1_inlet,469,0.422574398928
SPPS_conventional_hydroelectric_1_inlet,470,0.422574398928
SPPS_conventional_hydroelectric_1_inlet,471,0.422574398928
SPPS_conventional_hydroelectric_1_inlet,472,0.422574398928
SPPS_conventional_hydroelectric_1_inlet,473,0.422574398928
SPPS_conventional_hydroelectric_1_inlet,474,0.422574398928
SPPS_conventional_hydroelectric_1_inlet,475,0.8569484320319999
SPPS_conventional_hydroelectric_1_inlet,476,0.8569484320319999
SPPS_conventional_hydroelectric_1_inlet,477,0.8569484320319999
SPPS_conventional_hydroelectric_1_inlet,478,0.856210954896
SPPS_conventional_hydroelectric_1_inlet,479,0.856210954896
SPPS_conventional_hydroelectric_1_inlet,480,1.7126279333909047
SPPS_conventional_hydroelectric_1_inlet,481,1.277310399552
SPPS_conventional_hydroelectric_1_inlet,482,1.277310399552
SPPS_conventional_hydroelectric_1_inlet,483,2.5352825385624245
SPPS_conventional_hydroelectric_1_inlet,484,3.157877096351999
SPPS_conventional_hydroelectric_1_inlet,485,1.2765729224159998
SPPS_conventional_hydroelectric_1_inlet,486,1.2765729224159998
SPPS_conventional_hydroelectric_1_inlet,487,1.2765729224159998
SPPS_conventional_hydroelectric_1_inlet,488,1.2765729224159998
SPPS_conventional_hydroelectric_1_inlet,489,2.104759746144
SPPS_conventional_hydroelectric_1_inlet,490,1.2765729224159998
SPPS_conventional_hydroelectric_1_inlet,491,1.2765729224159998
SPPS_conventional_hydroelectric_1_inlet,492,1.2765729224159998
SPPS_conventional_hydroelectric_1_inlet,493,0.0
SPPS_conventional_hydroelectric_1_inlet,494,0.0
SPPS_conventional_hydroelectric_1_inlet,495,0.8421988893119999
SPPS_conventional_hydroelectric_1_inlet,496,0.8421988893119999
SPPS_conventional_hydroelectric_1_inlet,497,0.8421988893119999
SPPS_conventional_hydroelectric_1_inlet,498,0.8421988893119999
SPPS_conventional_hydroelectric_1_inlet,499,1.2765729224159998
SPPS_conventional_hydroelectric_1_inlet,500,1.2765729224159998
SPPS_conventional_hydroelectric_1_inlet,501,1.2765729224159998
SPPS_conventional_hydroelectric_1_inlet,502,1.2758354452799998
SPPS_conventional_hydroelectric_1_inlet,503,1.2758354452799998
SPPS_conventional_hydroelectric_1_inlet,504,2.1322524237749043
SPPS_conventional_hydroelectric_1_inlet,505,1.583363410992
SPPS_conventional_hydroelectric_1_inlet,506,1.583363410992
SPPS_conventional_hydroelectric_1_inlet,507,2.8413355500024244
SPPS_conventional_hydroelectric_1_inlet,508,3.463930107791999
SPPS_conventional_hydroelectric_1_inlet,509,1.5826259338559998
SPPS_conventional_hydroelectric_1_inlet,510,1.5826259338559998
SPPS_conventional_hydroelectric_1_inlet,511,1.5826259338559998
SPPS_conventional_hydroelectric_1_inlet,512,1.5826259338559998
SPPS_conventional_hydroelectric_1_inlet,513,2.4108127575839995
SPPS_conventional_hydroelectric_1_inlet,514,1.5826259338559998
SPPS_conventional_hydroelectric_1_inlet,515,1.5826259338559998
SPPS_conventional_hydroelectric_1_inlet,516,1.5826259338559998
SPPS_conventional_hydroelectric_1_inlet,517,0.30605301143999997
SPPS_conventional_hydroelectric_1_inlet,518,0.30605301143999997
SPPS_conventional_hydroelectric_1_inlet,519,1.148251900752
SPPS_conventional_hydroelectric_1_inlet,520,1.148251900752
SPPS_conventional_hydroelectric_1_inlet,521,1.148251900752
SPPS_conventional_hydroelectric_1_inlet,522,1.148251900752
SPPS_conventional_hydroelectric_1_inlet,523,1.5826259338559998
SPPS_conventional_hydroelectric_1_inlet,524,1.5826259338559998
SPPS_conventional_hydroelectric_1_inlet,525,1.5826259338559998
SPPS_conventional_hydroelectric_1_inlet,526,1.5818884567199998
SPPS_conventional_hydroelectric_1_inlet,527,1.5818884567199998
SPPS_conventional_hydroelectric_1_inlet,528,2.4383054352149043
SPPS_conventional_hydroelectric_1_inlet,529,1.8621297684000002
SPPS_conventional_hydroelectric_1_inlet,530,1.8621297684000002
SPPS_conventional_hydroelectric_1_inlet,531,3.1193644302744246
SPPS_conventional_hydroelectric_1_inlet,532,3.7419589880639985
SPPS_conventional_hydroelectric_1_inlet,533,1.860654814128
SPPS_conventional_hydroelectric_1_inlet,534,1.859917336992
SPPS_conventional_hydroelectric_1_inlet,535,0.5232183241720594
SPPS_conventional_hydroelectric_1_inlet,536,0.0
SPPS_conventional_hydroelectric_1_inlet,537,2.68810416072
SPPS_conventional_hydroelectric_1_inlet,538,1.8591798598559994
SPPS_conventional_hydroelectric_1_inlet,539,1.8591798598559994
SPPS_conventional_hydroelectric_1_inlet,540,1.8591798598559994
SPPS_conventional_hydroelectric_1_inlet,541,0.5826069374399999
SPPS_conventional_hydroelectric_1_inlet,542,0.581869460304
SPPS_conventional_hydroelectric_1_inlet,543,1.424068349616
SPPS_conventional_hydroelectric_1_inlet,544,1.424068349616
SPPS_conventional_hydroelectric_1_inlet,545,1.4233308724799998
SPPS_conventional_hydroelectric_1_inlet,546,1.4233308724799998
SPPS_conventional_hydroelectric_1_inlet,547,1.8577049055839996
SPPS_conventional_hydroelectric_1_inlet,548,1.8577049055839996
SPPS_conventional_hydroelectric_1_inlet,549,1.8569674284479996
SPPS_conventional_hydroelectric_1_inlet,550,1.8562299513119997
SPPS_conventional_hydroelectric_1_inlet,551,1.8562299513119997
SPPS_conventional_hydroelectric_1_inlet,552,2.7126469298069043
SPPS_conventional_hydroelectric_1_inlet,553,2.0951725433760005
SPPS_conventional_hydroelectric_1_inlet,554,2.0951725433760005
SPPS_conventional_hydroelectric_1_inlet,555,3.3524072052504246
SPPS_conventional_hydroelectric_1_inlet,556,3.9750017630399985
SPPS_conventional_hydroelectric_1_inlet,557,2.093697589104
SPPS_conventional_hydroelectric_1_inlet,558,2.092960111968
SPPS_conventional_hydroelectric_1_inlet,559,0.7562610991480594
SPPS_conventional_hydroelectric_1_inlet,560,0.233042774976
SPPS_conventional_hydroelectric_1_inlet,561,2.921146935696
SPPS_conventional_hydroelectric_1_inlet,562,2.0922226348319994
SPPS_conventional_hydroelectric_1_inlet,563,2.0922226348319994
SPPS_conventional_hydroelectric_1_inlet,564,2.0922226348319994
SPPS_conventional_hydroelectric_1_inlet,565,0.815649712416
SPPS_conventional_hydroelectric_1_inlet,566,0.0
SPPS_conventional_hydroelectric_1_inlet,567,0.0
SPPS_conventional_hydroelectric_1_inlet,568,0.0
SPPS_conventional_hydroelectric_1_inlet,569,0.0
SPPS_conventional_hydroelectric_1_inlet,570,1.6491982549388589
SPPS_conventional_hydroelectric_1_inlet,571,2.09074768056
SPPS_conventional_hydroelectric_1_inlet,572,2.09074768056
SPPS_conventional_hydroelectric_1_inlet,573,2.090010203424
SPPS_conventional_hydroelectric_1_inlet,574,2.0892727262879998
SPPS_conventional_hydroelectric_1_inlet,575,2.0892727262879998
SPPS_conventional_hydroelectric_1_inlet,576,2.9456897047829043
SRCA_conventional_hydroelectric_1_inlet,1,6.508311551999999
SRCA_conventional_hydroelectric_1_inlet,2,6.508311551999999
SRCA_conventional_hydroelectric_1_inlet,3,6.508311551999999
SRCA_conventional_hydroelectric_1_inlet,4,6.508311551999999
SRCA_conventional_hydroelectric_1_inlet,5,6.508311551999999
SRCA_conventional_hydroelectric_1_inlet,6,6.508311551999999
SRCA_conventional_hydroelectric_1_inlet,7,6.508311551999999
SRCA_conventional_hydroelectric_1_inlet,8,6.508311551999999
SRCA_conventional_hydroelectric_1_inlet,9,6.508311551999999
SRCA_conventional_hydroelectric_1_inlet,10,6.289632283852799
SRCA_conventional_hydroelectric_1_inlet,11,5.174048931840001
SRCA_conventional_hydroelectric_1_inlet,12,5.171445607219201
SRCA_conventional_hydroelectric_1_inlet,13,5.1694931137536
SRCA_conventional_hydroelectric_1_inlet,14,4.3202172082176
SRCA_conventional_hydroelectric_1_inlet,15,5.164286464512001
SRCA_conventional_hydroelectric_1_inlet,16,5.161683139891201
SRCA_conventional_hydroelectric_1_inlet,17,5.159079815270401
SRCA_conventional_hydroelectric_1_inlet,18,6.309808049663999
SRCA_conventional_hydroelectric_1_inlet,19,5.1538731660288
SRCA_conventional_hydroelectric_1_inlet,20,6.315014698905601
SRCA_conventional_hydroelectric_1_inlet,21,5.148666516787201
SRCA_conventional_hydroelectric_1_inlet,22,6.508311551999999
SRCA_conventional_hydroelectric_1_inlet,23,6.508311551999999
SRCA_conventional_hydroelectric_1_inlet,24,5.141507374080001
SRCA_conventional_hydroelectric_1_inlet,25,3.9765196062720003
SRCA_conventional_hydroelectric_1_inlet,26,3.9778212685824004
SRCA_conventional_hydroelectric_1_inlet,27,3.979773762048
SRCA_conventional_hydroelectric_1_inlet,28,1.8858129320023347
SRCA_conventional_hydroelectric_1_inlet,29,4.555697102480855
SRCA_conventional_hydroelectric_1_inlet,30,3.9836787489792007
SRCA_conventional_hydroelectric_1_inlet,31,3.9856312424448
SRCA_conventional_hydroelectric_1_inlet,32,3.0554147275776176
SRCA_conventional_hydroelectric_1_inlet,33,6.080528756619369
SRCA_conventional_hydroelectric_1_inlet,34,1.1129800273919979
SRCA_conventional_hydroelectric_1_inlet,35,0.0
SRCA_conventional_hydroelectric_1_inlet,36,0.0
SRCA_conventional_hydroelectric_1_inlet,37,0.0
SRCA_conventional_hydroelectric_1_inlet,38,0.0
SRCA_conventional_hydroelectric_1_inlet,39,0.0
SRCA_conventional_hydroelectric_1_inlet,40,0.0
SRCA_conventional_hydroelectric_1_inlet,41,0.0
SRCA_conventional_hydroelectric_1_inlet,42,1.1533315590143984
SRCA_conventional_hydroelectric_1_inlet,43,0.0
SRCA_conventional_hydroelectric_1_inlet,44,1.1637448574975995
SRCA_conventional_hydroelectric_1_inlet,45,0.0
SRCA_conventional_hydroelectric_1_inlet,46,1.362248359833597
SRCA_conventional_hydroelectric_1_inlet,47,4.0090611640319995
SRCA_conventional_hydroelectric_1_inlet,48,0.0
SRCA_conventional_hydroelectric_1_inlet,49,5.402490667315201
SRCA_conventional_hydroelectric_1_inlet,50,5.402490667315201
SRCA_conventional_hydroelectric_1_inlet,51,5.402490667315201
SRCA_conventional_hydroelectric_1_inlet,52,3.307228174959135
SRCA_conventional_hydroelectric_1_inlet,53,5.402490667315201
SRCA_conventional_hydroelectric_1_inlet,54,5.402490667315201
SRCA_conventional_hydroelectric_1_inlet,55,5.402490667315201
SRCA_conventional_hydroelectric_1_inlet,56,4.470972490137617
SRCA_conventional_hydroelectric_1_inlet,57,5.402490667315201
SRCA_conventional_hydroelectric_1_inlet,58,2.525283634175998
SRCA_conventional_hydroelectric_1_inlet,59,1.4110019444736
SRCA_conventional_hydroelectric_1_inlet,60,1.4097002821632
SRCA_conventional_hydroelectric_1_inlet,61,1.4083986198528
SRCA_conventional_hydroelectric_1_inlet,62,1.4064461263872
SRCA_conventional_hydroelectric_1_inlet,63,1.4051444640768003
SRCA_conventional_hydroelectric_1_inlet,64,1.4038428017664
SRCA_conventional_hydroelectric_1_inlet,65,1.4018903083008
SRCA_conventional_hydroelectric_1_inlet,66,2.553920205004798
SRCA_conventional_hydroelectric_1_inlet,67,1.39928698368
SRCA_conventional_hydroelectric_1_inlet,68,2.5617301788671996
SRCA_conventional_hydroelectric_1_inlet,69,0.0
SRCA_conventional_hydroelectric_1_inlet,70,2.7569795254271967
SRCA_conventional_hydroelectric_1_inlet,71,5.402490667315201
SRCA_conventional_hydroelectric_1_inlet,72,1.3914770098176
SRCA_conventional_hydroelectric_1_inlet,73,0.0
SRCA_conventional_hydroelectric_1_inlet,74,0.0
SRCA_conventional_hydroelectric_1_inlet,75,0.0
SRCA_conventional_hydroelectric_1_inlet,76,0.0
SRCA_conventional_hydroelectric_1_inlet,77,0.0
SRCA_conventional_hydroelectric_1_inlet,78,0.0
SRCA_conventional_hydroelectric_1_inlet,79,0.0
SRCA_conventional_hydroelectric_1_inlet,80,0.0
SRCA_conventional_hydroelectric_1_inlet,81,0.0
SRCA_conventional_hydroelectric_1_inlet,82,0.0
SRCA_conventional_hydroelectric_1_inlet,83,0.0
SRCA_conventional_hydroelectric_1_inlet,84,1.7207236458993642
SRCA_conventional_hydroelectric_1_inlet,85,2.5141607525376
SRCA_conventional_hydroelectric_1_inlet,86,2.512208259072
SRCA_conventional_hydroelectric_1_inlet,87,2.5109065967616004
SRCA_conventional_hydroelectric_1_inlet,88,2.5096049344512004
SRCA_conventional_hydroelectric_1_inlet,89,1.9044600169985961
SRCA_conventional_hydroelectric_1_inlet,90,3.659682337689598
SRCA_conventional_hydroelectric_1_inlet,91,2.5050491163648
SRCA_conventional_hydroelectric_1_inlet,92,0.0
SRCA_conventional_hydroelectric_1_inlet,93,1.1057621326848002
SRCA_conventional_hydroelectric_1_inlet,94,3.8627416581119975
SRCA_conventional_hydroelectric_1_inlet,95,0.0
SRCA_conventional_hydroelectric_1_inlet,96,0.0
SRCA_conventional_hydroelectric_1_inlet,97,1.1057621326848002
SRCA_conventional_hydroelectric_1_inlet,98,1.1057621326848002
SRCA_conventional_hydroelectric_1_inlet,99,1.1057621326848002
SRCA_conventional_hydroelectric_1_inlet,100,1.1057621326848002
SRCA_conventional_hydroelectric_1_inlet,101,1.1057621326848002
SRCA_conventional_hydroelectric_1_inlet,102,1.1057621326848002
SRCA_conventional_hydroelectric_1_inlet,103,0.0
SRCA_conventional_hydroelectric_1_inlet,104,0.0
SRCA_conventional_hydroelectric_1_inlet,105,0.6547361421311984
SRCA_conventional_hydroelectric_1_inlet,106,0.6553869732863983
SRCA_conventional_hydroelectric_1_inlet,107,0.6553869732863983
SRCA_conventional_hydroelectric_1_inlet,108,1.9700659067903983
SRCA_conventional_hydroelectric_1_inlet,109,2.715054124665601
SRCA_conventional_hydroelectric_1_inlet,110,1.9707167379455979
SRCA_conventional_hydroelectric_1_inlet,111,1.9707167379455974
SRCA_conventional_hydroelectric_1_inlet,112,3.545298438783261
SRCA_conventional_hydroelectric_1_inlet,113,2.671700350049641
SRCA_conventional_hydroelectric_1_inlet,114,4.7654444703743986
SRCA_conventional_hydroelectric_1_inlet,115,3.6108112490496
SRCA_conventional_hydroelectric_1_inlet,116,1.1057621326848002
SRCA_conventional_hydroelectric_1_inlet,117,1.268522452455838
SRCA_conventional_hydroelectric_1_inlet,118,4.968503790796797
SRCA_conventional_hydroelectric_1_inlet,119,1.1057621326848002
SRCA_conventional_hydroelectric_1_inlet,120,1.1057621326848002
SRCA_conventional_hydroelectric_1_inlet,121,0.0
SRCA_conventional_hydroelectric_1_inlet,122,0.0
SRCA_conventional_hydroelectric_1_inlet,123,0.0
SRCA_conventional_hydroelectric_1_inlet,124,0.0
SRCA_conventional_hydroelectric_1_inlet,125,0.0
SRCA_conventional_hydroelectric_1_inlet,126,0.0
SRCA_conventional_hydroelectric_1_inlet,127,0.0
SRCA_conventional_hydroelectric_1_inlet,128,0.0
SRCA_conventional_hydroelectric_1_inlet,129,1.8229780657151984
SRCA_conventional_hydroelectric_1_inlet,130,1.8236288968703984
SRCA_conventional_hydroelectric_1_inlet,131,1.8236288968703984
SRCA_conventional_hydroelectric_1_inlet,132,3.1389586615295983
SRCA_conventional_hydroelectric_1_inlet,133,3.8839468794048013
SRCA_conventional_hydroelectric_1_inlet,134,3.139609492684798
SRCA_conventional_hydroelectric_1_inlet,135,3.1402603238399975
SRCA_conventional_hydroelectric_1_inlet,136,4.714842024677661
SRCA_conventional_hydroelectric_1_inlet,137,3.8412439359440405
SRCA_conventional_hydroelectric_1_inlet,138,5.935638887423998
SRCA_conventional_hydroelectric_1_inlet,139,4.220640041471998
SRCA_conventional_hydroelectric_1_inlet,140,2.2759565497343996
SRCA_conventional_hydroelectric_1_inlet,141,0.0
SRCA_conventional_hydroelectric_1_inlet,142,1.8268830526463982
SRCA_conventional_hydroelectric_1_inlet,143,0.0
SRCA_conventional_hydroelectric_1_inlet,144,0.0
SRCA_conventional_hydroelectric_1_inlet,145,1.1786552220672002
SRCA_conventional_hydroelectric_1_inlet,146,1.1786552220672002
SRCA_conventional_hydroelectric_1_inlet,147,1.1786552220672002
SRCA_conventional_hydroelectric_1_inlet,148,1.1786552220672002
SRCA_conventional_hydroelectric_1_inlet,149,1.1786552220672002
SRCA_conventional_hydroelectric_1_inlet,150,1.1786552220672002
SRCA_conventional_hydroelectric_1_inlet,151,1.1786552220672002
SRCA_conventional_hydroelectric_1_inlet,152,1.1786552220672002
SRCA_conventional_hydroelectric_1_inlet,153,3.0016332877823984
SRCA_conventional_hydroelectric_1_inlet,154,3.0022841189375984
SRCA_conventional_hydroelectric_1_inlet,155,3.0022841189375984
SRCA_conventional_hydroelectric_1_inlet,156,4.317613883596798
SRCA_conventional_hydroelectric_1_inlet,157,5.0626021014720015
SRCA_conventional_hydroelectric_1_inlet,158,4.318264714751998
SRCA_conventional_hydroelectric_1_inlet,159,4.318915545907197
SRCA_conventional_hydroelectric_1_inlet,160,5.893497246744861
SRCA_conventional_hydroelectric_1_inlet,161,4.318915545907197
SRCA_conventional_hydroelectric_1_inlet,162,6.274968058657438
SRCA_conventional_hydroelectric_1_inlet,163,5.399295263539198
SRCA_conventional_hydroelectric_1_inlet,164,0.9300377207807985
SRCA_conventional_hydroelectric_1_inlet,165,1.1786552220672002
SRCA_conventional_hydroelectric_1_inlet,166,3.005538274713598
SRCA_conventional_hydroelectric_1_inlet,167,1.1786552220672002
SRCA_conventional_hydroelectric_1_inlet,168,1.1786552220672002
SRCA_conventional_hydroelectric_1_inlet,169,2.2922273286144
SRCA_conventional_hydroelectric_1_inlet,170,2.2922273286144
SRCA_conventional_hydroelectric_1_inlet,171,2.2915764974592
SRCA_conventional_hydroelectric_1_inlet,172,2.2915764974592
SRCA_conventional_hydroelectric_1_inlet,173,2.290925666304
SRCA_conventional_hydroelectric_1_inlet,174,2.290925666304
SRCA_conventional_hydroelectric_1_inlet,175,2.290925666304
SRCA_conventional_hydroelectric_1_inlet,176,2.2902748351488
SRCA_conventional_hydroelectric_1_inlet,177,4.113252900863999
SRCA_conventional_hydroelectric_1_inlet,178,4.113252900863999
SRCA_conventional_hydroelectric_1_inlet,179,4.113252900863999
SRCA_conventional_hydroelectric_1_inlet,180,5.428582665523198
SRCA_conventional_hydroelectric_1_inlet,181,5.428582665523198
SRCA_conventional_hydroelectric_1_inlet,182,5.428582665523198
SRCA_conventional_hydroelectric_1_inlet,183,5.428582665523198
SRCA_conventional_hydroelectric_1_inlet,184,5.428582665523198
SRCA_conventional_hydroelectric_1_inlet,185,5.428582665523198
SRCA_conventional_hydroelectric_1_inlet,186,5.428582665523198
SRCA_conventional_hydroelectric_1_inlet,187,6.508311551999999
SRCA_conventional_hydroelectric_1_inlet,188,2.0384031780863983
SRCA_conventional_hydroelectric_1_inlet,189,2.2870206793728003
SRCA_conventional_hydroelectric_1_inlet,190,4.113252900863999
SRCA_conventional_hydroelectric_1_inlet,191,2.2863698482176003
SRCA_conventional_hydroelectric_1_inlet,192,2.2863698482176003
SRCA_conventional_hydroelectric_1_inlet,193,3.3719562150912004
SRCA_conventional_hydroelectric_1_inlet,194,3.3719562150912004
SRCA_conventional_hydroelectric_1_inlet,195,3.371305383936
SRCA_conventional_hydroelectric_1_inlet,196,3.371305383936
SRCA_conventional_hydroelectric_1_inlet,197,3.3706545527808007
SRCA_conventional_hydroelectric_1_inlet,198,3.3706545527808007
SRCA_conventional_hydroelectric_1_inlet,199,3.3706545527808007
SRCA_conventional_hydroelectric_1_inlet,200,3.3700037216256002
SRCA_conventional_hydroelectric_1_inlet,201,5.192981787340798
SRCA_conventional_hydroelectric_1_inlet,202,5.192981787340798
SRCA_conventional_hydroelectric_1_inlet,203,5.192981787340798
SRCA_conventional_hydroelectric_1_inlet,204,6.508311551999999
SRCA_conventional_hydroelectric_1_inlet,205,6.508311551999999
SRCA_conventional_hydroelectric_1_inlet,206,6.508311551999999
SRCA_conventional_hydroelectric_1_inlet,207,6.508311551999999
SRCA_conventional_hydroelectric_1_inlet,208,6.508311551999999
SRCA_conventional_hydroelectric_1_inlet,209,6.508311551999999
SRCA_conventional_hydroelectric_1_inlet,210,6.508311551999999
SRCA_conventional_hydroelectric_1_inlet,211,5.192981787340798
SRCA_conventional_hydroelectric_1_inlet,212,3.1181320645631985
SRCA_conventional_hydroelectric_1_inlet,213,3.3667495658496
SRCA_conventional_hydroelectric_1_inlet,214,5.192981787340798
SRCA_conventional_hydroelectric_1_inlet,215,3.3660987346944005
SRCA_conventional_hydroelectric_1_inlet,216,3.3660987346944005
SRCA_conventional_hydroelectric_1_inlet,217,4.6872859797504
SRCA_conventional_hydroelectric_1_inlet,218,4.6872859797504
SRCA_conventional_hydroelectric_1_inlet,219,4.6866351485952
SRCA_conventional_hydroelectric_1_inlet,220,4.6866351485952
SRCA_conventional_hydroelectric_1_inlet,221,4.68598431744
SRCA_conventional_hydroelectric_1_inlet,222,4.68598431744
SRCA_conventional_hydroelectric_1_inlet,223,4.68598431744
SRCA_conventional_hydroelectric_1_inlet,224,4.6853334862848
SRCA_conventional_hydroelectric_1_inlet,225,6.508311551999999
SRCA_conventional_hydroelectric_1_inlet,226,6.508311551999999
SRCA_conventional_hydroelectric_1_inlet,227,6.508311551999999
SRCA_conventional_hydroelectric_1_inlet,228,6.508311551999999
SRCA_conventional_hydroelectric_1_inlet,229,6.508311551999999
SRCA_conventional_hydroelectric_1_inlet,230,6.508311551999999
SRCA_conventional_hydroelectric_1_inlet,231,6.508311551999999
SRCA_conventional_hydroelectric_1_inlet,232,6.508311551999999
SRCA_conventional_hydroelectric_1_inlet,233,6.508311551999999
SRCA_conventional_hydroelectric_1_inlet,234,6.508311551999999
SRCA_conventional_hydroelectric_1_inlet,235,6.508311551999999
SRCA_conventional_hydroelectric_1_inlet,236,4.433461829222399
SRCA_conventional_hydroelectric_1_inlet,237,4.6820793305088
SRCA_conventional_hydroelectric_1_inlet,238,6.508311551999999
SRCA_conventional_hydroelectric_1_inlet,239,4.6814284993536
SRCA_conventional_hydroelectric_1_inlet,240,4.6814284993536
SRCA_conventional_hydroelectric_1_inlet,241,5.5769721689087985
SRCA_conventional_hydroelectric_1_inlet,242,5.5769721689087985
SRCA_conventional_hydroelectric_1_inlet,243,5.5769721689087985
SRCA_conventional_hydroelectric_1_inlet,244,5.782998908908795
SRCA_conventional_hydroelectric_1_inlet,245,5.5769721689087985
SRCA_conventional_hydroelectric_1_inlet,246,5.5769721689087985
SRCA_conventional_hydroelectric_1_inlet,247,4.6911909666815985
SRCA_conventional_hydroelectric_1_inlet,248,4.691841797836798
SRCA_conventional_hydroelectric_1_inlet,249,5.5769721689087985
SRCA_conventional_hydroelectric_1_inlet,250,5.5769721689087985
SRCA_conventional_hydroelectric_1_inlet,251,5.5769721689087985
SRCA_conventional_hydroelectric_1_inlet,252,5.5769721689087985
SRCA_conventional_hydroelectric_1_inlet,253,5.5769721689087985
SRCA_conventional_hydroelectric_1_inlet,254,5.5769721689087985
SRCA_conventional_hydroelectric_1_inlet,255,6.508311551999999
SRCA_conventional_hydroelectric_1_inlet,256,6.508311551999999
SRCA_conventional_hydroelectric_1_inlet,257,6.508311551999999
SRCA_conventional_hydroelectric_1_inlet,258,6.508311551999999
SRCA_conventional_hydroelectric_1_inlet,259,5.5769721689087985
SRCA_conventional_hydroelectric_1_inlet,260,5.5769721689087985
SRCA_conventional_hydroelectric_1_inlet,261,5.824288007884799
SRCA_conventional_hydroelectric_1_inlet,262,5.5769721689087985
SRCA_conventional_hydroelectric_1_inlet,263,5.5769721689087985
SRCA_conventional_hydroelectric_1_inlet,264,5.5769721689087985
SRCA_conventional_hydroelectric_1_inlet,265,6.508311551999999
SRCA_conventional_hydroelectric_1_inlet,266,6.508311551999999
SRCA_conventional_hydroelectric_1_inlet,267,6.508311551999999
SRCA_conventional_hydroelectric_1_inlet,268,6.508311551999999
SRCA_conventional_hydroelectric_1_inlet,269,6.508311551999999
SRCA_conventional_hydroelectric_1_inlet,270,6.508311551999999
SRCA_conventional_hydroelectric_1_inlet,271,5.622530349772798
SRCA_conventional_hydroelectric_1_inlet,272,5.623181180927999
SRCA_conventional_hydroelectric_1_inlet,273,6.508311551999999
SRCA_conventional_hydroelectric_1_inlet,274,6.508311551999999
SRCA_conventional_hydroelectric_1_inlet,275,6.508311551999999
SRCA_conventional_hydroelectric_1_inlet,276,6.508311551999999
SRCA_conventional_hydroelectric_1_inlet,277,6.508311551999999
SRCA_conventional_hydroelectric_1_inlet,278,6.508311551999999
SRCA_conventional_hydroelectric_1_inlet,279,6.508311551999999
SRCA_conventional_hydroelectric_1_inlet,280,6.508311551999999
SRCA_conventional_hydroelectric_1_inlet,281,6.508311551999999
SRCA_conventional_hydroelectric_1_inlet,282,6.508311551999999
SRCA_conventional_hydroelectric_1_inlet,283,6.508311551999999
SRCA_conventional_hydroelectric_1_inlet,284,6.508311551999999
SRCA_conventional_hydroelectric_1_inlet,285,6.508311551999999
SRCA_conventional_hydroelectric_1_inlet,286,6.508311551999999
SRCA_conventional_hydroelectric_1_inlet,287,6.508311551999999
SRCA_conventional_hydroelectric_1_inlet,288,6.508311551999999
SRCA_conventional_hydroelectric_1_inlet,289,6.508311551999999
SRCA_conventional_hydroelectric_1_inlet,290,6.508311551999999
SRCA_conventional_hydroelectric_1_inlet,291,6.508311551999999
SRCA_conventional_hydroelectric_1_inlet,292,6.508311551999999
SRCA_conventional_hydroelectric_1_inlet,293,6.508311551999999
SRCA_conventional_hydroelectric_1_inlet,294,6.508311551999999
SRCA_conventional_hydroelectric_1_inlet,295,6.508311551999999
SRCA_conventional_hydroelectric_1_inlet,296,6.508311551999999
SRCA_conventional_hydroelectric_1_inlet,297,6.508311551999999
SRCA_conventional_hydroelectric_1_inlet,298,6.508311551999999
SRCA_conventional_hydroelectric_1_inlet,299,6.508311551999999
SRCA_conventional_hydroelectric_1_inlet,300,6.508311551999999
SRCA_conventional_hydroelectric_1_inlet,301,6.508311551999999
SRCA_conventional_hydroelectric_1_inlet,302,6.508311551999999
SRCA_conventional_hydroelectric_1_inlet,303,6.508311551999999
SRCA_conventional_hydroelectric_1_inlet,304,6.413993137495447
SRCA_conventional_hydroelectric_1_inlet,305,4.811535978393601
SRCA_conventional_hydroelectric_1_inlet,306,4.810885147238401
SRCA_conventional_hydroelectric_1_inlet,307,4.810885147238401
SRCA_conventional_hydroelectric_1_inlet,308,4.810234316083201
SRCA_conventional_hydroelectric_1_inlet,309,1.5782482400831912
SRCA_conventional_hydroelectric_1_inlet,310,4.809583484928001
SRCA_conventional_hydroelectric_1_inlet,311,6.508311551999999
SRCA_conventional_hydroelectric_1_inlet,312,4.8089326537728
SRCA_conventional_hydroelectric_1_inlet,313,0.8318209683455975
SRCA_conventional_hydroelectric_1_inlet,314,1.6076846568945609
SRCA_conventional_hydroelectric_1_inlet,315,2.652366355431832
SRCA_conventional_hydroelectric_1_inlet,316,2.417811425739365
SRCA_conventional_hydroelectric_1_inlet,317,1.7715430977393654
SRCA_conventional_hydroelectric_1_inlet,318,2.909077358133795
SRCA_conventional_hydroelectric_1_inlet,319,0.8318209683455975
SRCA_conventional_hydroelectric_1_inlet,320,5.981054540928459
SRCA_conventional_hydroelectric_1_inlet,321,6.508311551999999
SRCA_conventional_hydroelectric_1_inlet,322,6.508311551999999
SRCA_conventional_hydroelectric_1_inlet,323,0.8554286969856219
SRCA_conventional_hydroelectric_1_inlet,324,5.5218029921856235
SRCA_conventional_hydroelectric_1_inlet,325,3.3710937413683904
SRCA_conventional_hydroelectric_1_inlet,326,3.9672813712895993
SRCA_conventional_hydroelectric_1_inlet,327,3.8488083871118457
SRCA_conventional_hydroelectric_1_inlet,328,5.443106048343949
SRCA_conventional_hydroelectric_1_inlet,329,5.643298194739201
SRCA_conventional_hydroelectric_1_inlet,330,5.642647363584
SRCA_conventional_hydroelectric_1_inlet,331,5.642647363584
SRCA_conventional_hydroelectric_1_inlet,332,5.641996532428801
SRCA_conventional_hydroelectric_1_inlet,333,2.4100104564287914
SRCA_conventional_hydroelectric_1_inlet,334,5.6413457012736
SRCA_conventional_hydroelectric_1_inlet,335,6.508311551999999
SRCA_conventional_hydroelectric_1_inlet,336,5.6406948701184
SRCA_conventional_hydroelectric_1_inlet,337,0.0
SRCA_conventional_hydroelectric_1_inlet,338,0.0
SRCA_conventional_hydroelectric_1_inlet,339,0.0
SRCA_conventional_hydroelectric_1_inlet,340,0.0
SRCA_conventional_hydroelectric_1_inlet,341,0.0
SRCA_conventional_hydroelectric_1_inlet,342,0.6632068241896222
SRCA_conventional_hydroelectric_1_inlet,343,0.0
SRCA_conventional_hydroelectric_1_inlet,344,0.3345021904132578
SRCA_conventional_hydroelectric_1_inlet,345,3.941630403025285
SRCA_conventional_hydroelectric_1_inlet,346,5.5827708973056005
SRCA_conventional_hydroelectric_1_inlet,347,0.0
SRCA_conventional_hydroelectric_1_inlet,348,0.0
SRCA_conventional_hydroelectric_1_inlet,349,0.0
SRCA_conventional_hydroelectric_1_inlet,350,0.0
SRCA_conventional_hydroelectric_1_inlet,351,0.0
SRCA_conventional_hydroelectric_1_inlet,352,0.0
SRCA_conventional_hydroelectric_1_inlet,353,0.0
SRCA_conventional_hydroelectric_1_inlet,354,0.0
SRCA_conventional_hydroelectric_1_inlet,355,0.0
SRCA_conventional_hydroelectric_1_inlet,356,0.0
SRCA_conventional_hydroelectric_1_inlet,357,0.0
SRCA_conventional_hydroelectric_1_inlet,358,0.0
SRCA_conventional_hydroelectric_1_inlet,359,6.508311551999999
SRCA_conventional_hydroelectric_1_inlet,360,0.0
SRCA_conventional_hydroelectric_1_inlet,361,0.0
SRCA_conventional_hydroelectric_1_inlet,362,0.0
SRCA_conventional_hydroelectric_1_inlet,363,0.0
SRCA_conventional_hydroelectric_1_inlet,364,0.0
SRCA_conventional_hydroelectric_1_inlet,365,0.9235294092288
SRCA_conventional_hydroelectric_1_inlet,366,1.5867362334184223
SRCA_conventional_hydroelectric_1_inlet,367,0.9241802403839999
SRCA_conventional_hydroelectric_1_inlet,368,1.2586824307972577
SRCA_conventional_hydroelectric_1_inlet,369,1.8145674017841698
SRCA_conventional_hydroelectric_1_inlet,370,0.0
SRCA_conventional_hydroelectric_1_inlet,371,0.0
SRCA_conventional_hydroelectric_1_inlet,372,0.7379876056896153
SRCA_conventional_hydroelectric_1_inlet,373,0.0
SRCA_conventional_hydroelectric_1_inlet,374,0.0
SRCA_conventional_hydroelectric_1_inlet,375,0.0
SRCA_conventional_hydroelectric_1_inlet,376,0.0
SRCA_conventional_hydroelectric_1_inlet,377,0.031094533380954272
SRCA_conventional_hydroelectric_1_inlet,378,0.9280852273151999
SRCA_conventional_hydroelectric_1_inlet,379,0.0
SRCA_conventional_hydroelectric_1_inlet,380,0.0
SRCA_conventional_hydroelectric_1_inlet,381,0.0
SRCA_conventional_hydroelectric_1_inlet,382,0.9293868896256001
SRCA_conventional_hydroelectric_1_inlet,383,2.9218967117553616
SRCA_conventional_hydroelectric_1_inlet,384,0.7367408676863982
SRCA_conventional_hydroelectric_1_inlet,385,0.9612776162304001
SRCA_conventional_hydroelectric_1_inlet,386,0.9612776162304001
SRCA_conventional_hydroelectric_1_inlet,387,0.9612776162304001
SRCA_conventional_hydroelectric_1_inlet,388,0.9612776162304001
SRCA_conventional_hydroelectric_1_inlet,389,1.8848070254592002
SRCA_conventional_hydroelectric_1_inlet,390,2.5480138496488225
SRCA_conventional_hydroelectric_1_inlet,391,1.8854578566144
SRCA_conventional_hydroelectric_1_inlet,392,2.219309215872458
SRCA_conventional_hydroelectric_1_inlet,393,2.7751941868593697
SRCA_conventional_hydroelectric_1_inlet,394,0.9606267850752002
SRCA_conventional_hydroelectric_1_inlet,395,0.9606267850752002
SRCA_conventional_hydroelectric_1_inlet,396,1.6986143907648155
SRCA_conventional_hydroelectric_1_inlet,397,0.0
SRCA_conventional_hydroelectric_1_inlet,398,0.9606267850752002
SRCA_conventional_hydroelectric_1_inlet,399,0.0
SRCA_conventional_hydroelectric_1_inlet,400,0.9606267850752002
SRCA_conventional_hydroelectric_1_inlet,401,0.9917213184561544
SRCA_conventional_hydroelectric_1_inlet,402,1.8887120123904004
SRCA_conventional_hydroelectric_1_inlet,403,0.9606267850752002
SRCA_conventional_hydroelectric_1_inlet,404,0.95997595392
SRCA_conventional_hydroelectric_1_inlet,405,0.95997595392
SRCA_conventional_hydroelectric_1_inlet,406,1.8893628435455998
SRCA_conventional_hydroelectric_1_inlet,407,3.8818726656753615
SRCA_conventional_hydroelectric_1_inlet,408,1.6967168216063981
SRCA_conventional_hydroelectric_1_inlet,409,1.182560208998398
SRCA_conventional_hydroelectric_1_inlet,410,1.9147452585984002
SRCA_conventional_hydroelectric_1_inlet,411,1.9147452585984002
SRCA_conventional_hydroelectric_1_inlet,412,1.9140944274432004
SRCA_conventional_hydroelectric_1_inlet,413,2.654089450905598
SRCA_conventional_hydroelectric_1_inlet,414,3.1575496667176512
SRCA_conventional_hydroelectric_1_inlet,415,2.8382746678272004
SRCA_conventional_hydroelectric_1_inlet,416,2.6534386197503976
SRCA_conventional_hydroelectric_1_inlet,417,1.182560208998398
SRCA_conventional_hydroelectric_1_inlet,418,0.0
SRCA_conventional_hydroelectric_1_inlet,419,0.0
SRCA_conventional_hydroelectric_1_inlet,420,0.0
SRCA_conventional_hydroelectric_1_inlet,421,0.0
SRCA_conventional_hydroelectric_1_inlet,422,0.0
SRCA_conventional_hydroelectric_1_inlet,423,0.0
SRCA_conventional_hydroelectric_1_inlet,424,0.0
SRCA_conventional_hydroelectric_1_inlet,425,0.0
SRCA_conventional_hydroelectric_1_inlet,426,0.0
SRCA_conventional_hydroelectric_1_inlet,427,0.0
SRCA_conventional_hydroelectric_1_inlet,428,0.0
SRCA_conventional_hydroelectric_1_inlet,429,0.0
SRCA_conventional_hydroelectric_1_inlet,430,2.649533632819198
SRCA_conventional_hydroelectric_1_inlet,431,2.649533632819198
SRCA_conventional_hydroelectric_1_inlet,432,2.6488828016639983
SRCA_conventional_hydroelectric_1_inlet,433,2.132773695590398
SRCA_conventional_hydroelectric_1_inlet,434,2.8649587451904006
SRCA_conventional_hydroelectric_1_inlet,435,2.8649587451904006
SRCA_conventional_hydroelectric_1_inlet,436,2.8643079140352
SRCA_conventional_hydroelectric_1_inlet,437,3.604302937497598
SRCA_conventional_hydroelectric_1_inlet,438,4.107763153309651
SRCA_conventional_hydroelectric_1_inlet,439,3.7884881544192006
SRCA_conventional_hydroelectric_1_inlet,440,3.603652106342398
SRCA_conventional_hydroelectric_1_inlet,441,2.132773695590398
SRCA_conventional_hydroelectric_1_inlet,442,0.9502134865920001
SRCA_conventional_hydroelectric_1_inlet,443,0.9502134865920001
SRCA_conventional_hydroelectric_1_inlet,444,0.9502134865920001
SRCA_conventional_hydroelectric_1_inlet,445,0.9502134865920001
SRCA_conventional_hydroelectric_1_inlet,446,0.9502134865920001
SRCA_conventional_hydroelectric_1_inlet,447,0.0016501086720021704
SRCA_conventional_hydroelectric_1_inlet,448,0.0
SRCA_conventional_hydroelectric_1_inlet,449,0.9502134865920001
SRCA_conventional_hydroelectric_1_inlet,450,0.9502134865920001
SRCA_conventional_hydroelectric_1_inlet,451,0.9502134865920001
SRCA_conventional_hydroelectric_1_inlet,452,0.9502134865920001
SRCA_conventional_hydroelectric_1_inlet,453,0.9502134865920001
SRCA_conventional_hydroelectric_1_inlet,454,3.5997471194111976
SRCA_conventional_hydroelectric_1_inlet,455,3.5997471194111976
SRCA_conventional_hydroelectric_1_inlet,456,3.5990962882559985
SRCA_conventional_hydroelectric_1_inlet,457,3.158483596185598
SRCA_conventional_hydroelectric_1_inlet,458,3.8913194769408004
SRCA_conventional_hydroelectric_1_inlet,459,3.8913194769408004
SRCA_conventional_hydroelectric_1_inlet,460,3.8906686457856
SRCA_conventional_hydroelectric_1_inlet,461,4.631314500403198
SRCA_conventional_hydroelectric_1_inlet,462,5.134774716215251
SRCA_conventional_hydroelectric_1_inlet,463,4.8161505484800005
SRCA_conventional_hydroelectric_1_inlet,464,4.631314500403198
SRCA_conventional_hydroelectric_1_inlet,465,3.1610869208063983
SRCA_conventional_hydroelectric_1_inlet,466,1.9785267118079999
SRCA_conventional_hydroelectric_1_inlet,467,1.9785267118079999
SRCA_conventional_hydroelectric_1_inlet,468,1.9791775429632001
SRCA_conventional_hydroelectric_1_inlet,469,1.0625060990015984
SRCA_conventional_hydroelectric_1_inlet,470,0.0
SRCA_conventional_hydroelectric_1_inlet,471,0.8414659316736013
SRCA_conventional_hydroelectric_1_inlet,472,0.8369101135872015
SRCA_conventional_hydroelectric_1_inlet,473,1.9804792052736002
SRCA_conventional_hydroelectric_1_inlet,474,1.9804792052736002
SRCA_conventional_hydroelectric_1_inlet,475,1.9811300364288
SRCA_conventional_hydroelectric_1_inlet,476,1.9811300364288
SRCA_conventional_hydroelectric_1_inlet,477,1.9811300364288
SRCA_conventional_hydroelectric_1_inlet,478,4.631314500403198
SRCA_conventional_hydroelectric_1_inlet,479,4.631314500403198
SRCA_conventional_hydroelectric_1_inlet,480,4.631314500403198
SRCA_conventional_hydroelectric_1_inlet,481,4.206321756057598
SRCA_conventional_hydroelectric_1_inlet,482,4.9391576368128
SRCA_conventional_hydroelectric_1_inlet,483,4.9391576368128
SRCA_conventional_hydroelectric_1_inlet,484,4.9385068056576
SRCA_conventional_hydroelectric_1_inlet,485,5.679152660275198
SRCA_conventional_hydroelectric_1_inlet,486,6.1826128760872505
SRCA_conventional_hydroelectric_1_inlet,487,5.863988708352
SRCA_conventional_hydroelectric_1_inlet,488,5.679152660275198
SRCA_conventional_hydroelectric_1_inlet,489,4.208925080678398
SRCA_conventional_hydroelectric_1_inlet,490,3.02636487168
SRCA_conventional_hydroelectric_1_inlet,491,3.02636487168
SRCA_conventional_hydroelectric_1_inlet,492,3.0270157028352
SRCA_conventional_hydroelectric_1_inlet,493,2.1103442588735986
SRCA_conventional_hydroelectric_1_inlet,494,1.047838159872
SRCA_conventional_hydroelectric_1_inlet,495,1.8893040915456012
SRCA_conventional_hydroelectric_1_inlet,496,1.8847482734592016
SRCA_conventional_hydroelectric_1_inlet,497,3.0283173651456
SRCA_conventional_hydroelectric_1_inlet,498,3.0283173651456
SRCA_conventional_hydroelectric_1_inlet,499,1.8704299880448014
SRCA_conventional_hydroelectric_1_inlet,500,3.0289681963008004
SRCA_conventional_hydroelectric_1_inlet,501,3.0289681963008004
SRCA_conventional_hydroelectric_1_inlet,502,5.679152660275198
SRCA_conventional_hydroelectric_1_inlet,503,5.679152660275198
SRCA_conventional_hydroelectric_1_inlet,504,5.679152660275198
SRCA_conventional_hydroelectric_1_inlet,505,5.035480647782398
SRCA_conventional_hydroelectric_1_inlet,506,5.7683165285376
SRCA_conventional_hydroelectric_1_inlet,507,5.7683165285376
SRCA_conventional_hydroelectric_1_inlet,508,5.7676656973824
SRCA_conventional_hydroelectric_1_inlet,509,6.508311551999999
SRCA_conventional_hydroelectric_1_inlet,510,6.508311551999999
SRCA_conventional_hydroelectric_1_inlet,511,4.0800605119487985
SRCA_conventional_hydroelectric_1_inlet,512,6.508311551999999
SRCA_conventional_hydroelectric_1_inlet,513,5.038083972403198
SRCA_conventional_hydroelectric_1_inlet,514,3.8555237634048
SRCA_conventional_hydroelectric_1_inlet,515,3.8555237634048
SRCA_conventional_hydroelectric_1_inlet,516,3.85617459456
SRCA_conventional_hydroelectric_1_inlet,517,2.9395031505983984
SRCA_conventional_hydroelectric_1_inlet,518,1.8769970515968002
SRCA_conventional_hydroelectric_1_inlet,519,2.7184629832704013
SRCA_conventional_hydroelectric_1_inlet,520,2.7139071651840014
SRCA_conventional_hydroelectric_1_inlet,521,3.8574762568704
SRCA_conventional_hydroelectric_1_inlet,522,3.8574762568704
SRCA_conventional_hydroelectric_1_inlet,523,2.6995888797696015
SRCA_conventional_hydroelectric_1_inlet,524,3.8581270880256007
SRCA_conventional_hydroelectric_1_inlet,525,2.6904772435968014
SRCA_conventional_hydroelectric_1_inlet,526,6.508311551999999
SRCA_conventional_hydroelectric_1_inlet,527,6.508311551999999
SRCA_conventional_hydroelectric_1_inlet,528,6.508311551999999
SRCA_conventional_hydroelectric_1_inlet,529,5.813223878246398
SRCA_conventional_hydroelectric_1_inlet,530,5.813223878246398
SRCA_conventional_hydroelectric_1_inlet,531,5.813223878246398
SRCA_conventional_hydroelectric_1_inlet,532,5.813223878246398
SRCA_conventional_hydroelectric_1_inlet,533,5.813223878246398
SRCA_conventional_hydroelectric_1_inlet,534,4.8584545735679985
SRCA_conventional_hydroelectric_1_inlet,535,4.855851248947198
SRCA_conventional_hydroelectric_1_inlet,536,5.813223878246398
SRCA_conventional_hydroelectric_1_inlet,537,5.813223878246398
SRCA_conventional_hydroelectric_1_inlet,538,4.630012838092799
SRCA_conventional_hydroelectric_1_inlet,539,4.630012838092799
SRCA_conventional_hydroelectric_1_inlet,540,4.6300128380928
SRCA_conventional_hydroelectric_1_inlet,541,3.7133413941311986
SRCA_conventional_hydroelectric_1_inlet,542,2.6501844639744
SRCA_conventional_hydroelectric_1_inlet,543,3.491650395648001
SRCA_conventional_hydroelectric_1_inlet,544,3.4864437464064015
SRCA_conventional_hydroelectric_1_inlet,545,4.6293620069376
SRCA_conventional_hydroelectric_1_inlet,546,4.6293620069376
SRCA_conventional_hydroelectric_1_inlet,547,3.4708237986816015
SRCA_conventional_hydroelectric_1_inlet,548,4.629362006937601
SRCA_conventional_hydroelectric_1_inlet,549,3.4610613313536014
SRCA_conventional_hydroelectric_1_inlet,550,5.813223878246398
SRCA_conventional_hydroelectric_1_inlet,551,4.815499717324798
SRCA_conventional_hydroelectric_1_inlet,552,5.813223878246398
SRCA_conventional_hydroelectric_1_inlet,553,6.508311551999999
SRCA_conventional_hydroelectric_1_inlet,554,6.508311551999999
SRCA_conventional_hydroelectric_1_inlet,555,6.508311551999999
SRCA_conventional_hydroelectric_1_inlet,556,6.508311551999999
SRCA_conventional_hydroelectric_1_inlet,557,6.508311551999999
SRCA_conventional_hydroelectric_1_inlet,558,5.553542247321598
SRCA_conventional_hydroelectric_1_inlet,559,5.550938922700798
SRCA_conventional_hydroelectric_1_inlet,560,6.508311551999999
SRCA_conventional_hydroelectric_1_inlet,561,6.508311551999999
SRCA_conventional_hydroelectric_1_inlet,562,5.3251005118464
SRCA_conventional_hydroelectric_1_inlet,563,5.3251005118464
SRCA_conventional_hydroelectric_1_inlet,564,5.325100511846401
SRCA_conventional_hydroelectric_1_inlet,565,4.408429067884798
SRCA_conventional_hydroelectric_1_inlet,566,3.3452721377279997
SRCA_conventional_hydroelectric_1_inlet,567,4.186738069401601
SRCA_conventional_hydroelectric_1_inlet,568,4.181531420160001
SRCA_conventional_hydroelectric_1_inlet,569,5.3244496806912
SRCA_conventional_hydroelectric_1_inlet,570,5.3244496806912
SRCA_conventional_hydroelectric_1_inlet,571,4.165911472435201
SRCA_conventional_hydroelectric_1_inlet,572,5.324449680691201
SRCA_conventional_hydroelectric_1_inlet,573,4.156149005107201
SRCA_conventional_hydroelectric_1_inlet,574,6.508311551999999
SRCA_conventional_hydroelectric_1_inlet,575,5.510587391078398
SRCA_conventional_hydroelectric_1_inlet,576,6.508311551999999
SRCE_conventional_hydroelectric_1_inlet,1,8.32916476734701
SRCE_conventional_hydroelectric_1_inlet,2,8.345098441268618
SRCE_conventional_hydroelectric_1_inlet,3,8.359284007008768
SRCE_conventional_hydroelectric_1_inlet,4,7.506227566820617
SRCE_conventional_hydroelectric_1_inlet,5,7.490293892899006
SRCE_conventional_hydroelectric_1_inlet,6,15.772129031833733
SRCE_conventional_hydroelectric_1_inlet,7,18.150082776
SRCE_conventional_hydroelectric_1_inlet,8,16.845470741036777
SRCE_conventional_hydroelectric_1_inlet,9,10.160240392919121
SRCE_conventional_hydroelectric_1_inlet,10,8.47075282436392
SRCE_conventional_hydroelectric_1_inlet,11,8.486686498285533
SRCE_conventional_hydroelectric_1_inlet,12,8.502553272111019
SRCE_conventional_hydroelectric_1_inlet,13,8.516738837851157
SRCE_conventional_hydroelectric_1_inlet,14,7.348705835882094
SRCE_conventional_hydroelectric_1_inlet,15,7.332839062056613
SRCE_conventional_hydroelectric_1_inlet,16,7.316905388135003
SRCE_conventional_hydroelectric_1_inlet,17,8.115977419882737
SRCE_conventional_hydroelectric_1_inlet,18,7.285038040291777
SRCE_conventional_hydroelectric_1_inlet,19,7.269104366370164
SRCE_conventional_hydroelectric_1_inlet,20,7.253170692448553
SRCE_conventional_hydroelectric_1_inlet,21,7.237237018526941
SRCE_conventional_hydroelectric_1_inlet,22,7.2213033446053245
SRCE_conventional_hydroelectric_1_inlet,23,7.207184678961312
SRCE_conventional_hydroelectric_1_inlet,24,7.191251005039702
SRCE_conventional_hydroelectric_1_inlet,25,0.7768842869430209
SRCE_conventional_hydroelectric_1_inlet,26,0.8070035266047737
SRCE_conventional_hydroelectric_1_inlet,27,0.8371227662665363
SRCE_conventional_hydroelectric_1_inlet,28,0.0
SRCE_conventional_hydroelectric_1_inlet,29,0.0
SRCE_conventional_hydroelectric_1_inlet,30,8.29776881285634
SRCE_conventional_hydroelectric_1_inlet,31,10.69165623094422
SRCE_conventional_hydroelectric_1_inlet,32,9.402910969806477
SRCE_conventional_hydroelectric_1_inlet,33,2.733614295610434
SRCE_conventional_hydroelectric_1_inlet,34,1.0600604009768453
SRCE_conventional_hydroelectric_1_inlet,35,1.0919277488200714
SRCE_conventional_hydroelectric_1_inlet,36,1.1219800883857003
SRCE_conventional_hydroelectric_1_inlet,37,1.1520993280474496
SRCE_conventional_hydroelectric_1_inlet,38,0.0
SRCE_conventional_hydroelectric_1_inlet,39,0.0
SRCE_conventional_hydroelectric_1_inlet,40,0.0
SRCE_conventional_hydroelectric_1_inlet,41,0.8150057056693478
SRCE_conventional_hydroelectric_1_inlet,42,0.0
SRCE_conventional_hydroelectric_1_inlet,43,0.0
SRCE_conventional_hydroelectric_1_inlet,44,0.0
SRCE_conventional_hydroelectric_1_inlet,45,0.0
SRCE_conventional_hydroelectric_1_inlet,46,0.0
SRCE_conventional_hydroelectric_1_inlet,47,0.0
SRCE_conventional_hydroelectric_1_inlet,48,0.0
SRCE_conventional_hydroelectric_1_inlet,49,8.04263239310842
SRCE_conventional_hydroelectric_1_inlet,50,8.04263239310842
SRCE_conventional_hydroelectric_1_inlet,51,8.04263239310842
SRCE_conventional_hydroelectric_1_inlet,52,8.04263239310842
SRCE_conventional_hydroelectric_1_inlet,53,8.04263239310842
SRCE_conventional_hydroelectric_1_inlet,54,8.04263239310842
SRCE_conventional_hydroelectric_1_inlet,55,8.04263239310842
SRCE_conventional_hydroelectric_1_inlet,56,8.04263239310842
SRCE_conventional_hydroelectric_1_inlet,57,8.04263239310842
SRCE_conventional_hydroelectric_1_inlet,58,8.04263239310842
SRCE_conventional_hydroelectric_1_inlet,59,8.04263239310842
SRCE_conventional_hydroelectric_1_inlet,60,8.04263239310842
SRCE_conventional_hydroelectric_1_inlet,61,11.103837302693641
SRCE_conventional_hydroelectric_1_inlet,62,10.621319764045847
SRCE_conventional_hydroelectric_1_inlet,63,11.218550790816119
SRCE_conventional_hydroelectric_1_inlet,64,11.506658459619699
SRCE_conventional_hydroelectric_1_inlet,65,12.314537932370905
SRCE_conventional_hydroelectric_1_inlet,66,8.04263239310842
SRCE_conventional_hydroelectric_1_inlet,67,8.04263239310842
SRCE_conventional_hydroelectric_1_inlet,68,10.033256551911911
SRCE_conventional_hydroelectric_1_inlet,69,11.471027295029007
SRCE_conventional_hydroelectric_1_inlet,70,11.463901062110871
SRCE_conventional_hydroelectric_1_inlet,71,11.456774829192733
SRCE_conventional_hydroelectric_1_inlet,72,11.449648596274598
SRCE_conventional_hydroelectric_1_inlet,73,0.0
SRCE_conventional_hydroelectric_1_inlet,74,0.0
SRCE_conventional_hydroelectric_1_inlet,75,0.0
SRCE_conventional_hydroelectric_1_inlet,76,0.0
SRCE_conventional_hydroelectric_1_inlet,77,0.0
SRCE_conventional_hydroelectric_1_inlet,78,0.0
SRCE_conventional_hydroelectric_1_inlet,79,0.0
SRCE_conventional_hydroelectric_1_inlet,80,0.0
SRCE_conventional_hydroelectric_1_inlet,81,0.0
SRCE_conventional_hydroelectric_1_inlet,82,0.0
SRCE_conventional_hydroelectric_1_inlet,83,0.0
SRCE_conventional_hydroelectric_1_inlet,84,0.0
SRCE_conventional_hydroelectric_1_inlet,85,3.0612049095852214
SRCE_conventional_hydroelectric_1_inlet,86,2.5786873709374265
SRCE_conventional_hydroelectric_1_inlet,87,3.1759183977077
SRCE_conventional_hydroelectric_1_inlet,88,3.4640260665112783
SRCE_conventional_hydroelectric_1_inlet,89,4.2719055392624865
SRCE_conventional_hydroelectric_1_inlet,90,0.0
SRCE_conventional_hydroelectric_1_inlet,91,0.0
SRCE_conventional_hydroelectric_1_inlet,92,1.9906241588034914
SRCE_conventional_hydroelectric_1_inlet,93,3.4283949019205866
SRCE_conventional_hydroelectric_1_inlet,94,3.4212686690024516
SRCE_conventional_hydroelectric_1_inlet,95,3.414142436084313
SRCE_conventional_hydroelectric_1_inlet,96,3.407016203166178
SRCE_conventional_hydroelectric_1_inlet,97,0.0
SRCE_conventional_hydroelectric_1_inlet,98,0.0
SRCE_conventional_hydroelectric_1_inlet,99,0.0
SRCE_conventional_hydroelectric_1_inlet,100,0.0
SRCE_conventional_hydroelectric_1_inlet,101,4.135313330948092
SRCE_conventional_hydroelectric_1_inlet,102,0.2119148167128289
SRCE_conventional_hydroelectric_1_inlet,103,0.0
SRCE_conventional_hydroelectric_1_inlet,104,0.0
SRCE_conventional_hydroelectric_1_inlet,105,0.0
SRCE_conventional_hydroelectric_1_inlet,106,0.0
SRCE_conventional_hydroelectric_1_inlet,107,0.0
SRCE_conventional_hydroelectric_1_inlet,108,0.0
SRCE_conventional_hydroelectric_1_inlet,109,0.2500954614233962
SRCE_conventional_hydroelectric_1_inlet,110,0.2535247776902028
SRCE_conventional_hydroelectric_1_inlet,111,1.7016833591679894
SRCE_conventional_hydroelectric_1_inlet,112,2.7851990939102373
SRCE_conventional_hydroelectric_1_inlet,113,4.465437636858299
SRCE_conventional_hydroelectric_1_inlet,114,0.26704134246903266
SRCE_conventional_hydroelectric_1_inlet,115,1.1505745831384528
SRCE_conventional_hydroelectric_1_inlet,116,7.308148583836326
SRCE_conventional_hydroelectric_1_inlet,117,10.256936592380482
SRCE_conventional_hydroelectric_1_inlet,118,2.452644289385166
SRCE_conventional_hydroelectric_1_inlet,119,0.0
SRCE_conventional_hydroelectric_1_inlet,120,0.0
SRCE_conventional_hydroelectric_1_inlet,121,2.0633275428177846
SRCE_conventional_hydroelectric_1_inlet,122,0.0
SRCE_conventional_hydroelectric_1_inlet,123,0.0
SRCE_conventional_hydroelectric_1_inlet,124,0.0
SRCE_conventional_hydroelectric_1_inlet,125,0.0
SRCE_conventional_hydroelectric_1_inlet,126,0.0
SRCE_conventional_hydroelectric_1_inlet,127,0.0
SRCE_conventional_hydroelectric_1_inlet,128,0.0
SRCE_conventional_hydroelectric_1_inlet,129,0.0
SRCE_conventional_hydroelectric_1_inlet,130,0.0
SRCE_conventional_hydroelectric_1_inlet,131,3.2780973328115266
SRCE_conventional_hydroelectric_1_inlet,132,8.46008466711837
SRCE_conventional_hydroelectric_1_inlet,133,9.279507299299347
SRCE_conventional_hydroelectric_1_inlet,134,9.279507299299347
SRCE_conventional_hydroelectric_1_inlet,135,10.724303464606457
SRCE_conventional_hydroelectric_1_inlet,136,11.804456783178031
SRCE_conventional_hydroelectric_1_inlet,137,13.481332909955418
SRCE_conventional_hydroelectric_1_inlet,138,9.279507299299347
SRCE_conventional_hydroelectric_1_inlet,139,10.159678123798093
SRCE_conventional_hydroelectric_1_inlet,140,11.999894784481901
SRCE_conventional_hydroelectric_1_inlet,141,9.279507299299347
SRCE_conventional_hydroelectric_1_inlet,142,3.3919600728579042
SRCE_conventional_hydroelectric_1_inlet,143,0.16871608212129868
SRCE_conventional_hydroelectric_1_inlet,144,0.186598564512775
SRCE_conventional_hydroelectric_1_inlet,145,10.933903019518437
SRCE_conventional_hydroelectric_1_inlet,146,8.870575476700653
SRCE_conventional_hydroelectric_1_inlet,147,8.870575476700653
SRCE_conventional_hydroelectric_1_inlet,148,8.870575476700653
SRCE_conventional_hydroelectric_1_inlet,149,8.870575476700653
SRCE_conventional_hydroelectric_1_inlet,150,8.73414335085059
SRCE_conventional_hydroelectric_1_inlet,151,8.752025833242065
SRCE_conventional_hydroelectric_1_inlet,152,8.76984141553741
SRCE_conventional_hydroelectric_1_inlet,153,8.787723897928885
SRCE_conventional_hydroelectric_1_inlet,154,8.870575476700653
SRCE_conventional_hydroelectric_1_inlet,155,12.14867280951218
SRCE_conventional_hydroelectric_1_inlet,156,17.330660143819024
SRCE_conventional_hydroelectric_1_inlet,157,18.150082776
SRCE_conventional_hydroelectric_1_inlet,158,18.150082776
SRCE_conventional_hydroelectric_1_inlet,159,18.150082776
SRCE_conventional_hydroelectric_1_inlet,160,18.150082776
SRCE_conventional_hydroelectric_1_inlet,161,18.150082776
SRCE_conventional_hydroelectric_1_inlet,162,18.150082776
SRCE_conventional_hydroelectric_1_inlet,163,18.150082776
SRCE_conventional_hydroelectric_1_inlet,164,18.150082776
SRCE_conventional_hydroelectric_1_inlet,165,18.150082776
SRCE_conventional_hydroelectric_1_inlet,166,12.262535549558558
SRCE_conventional_hydroelectric_1_inlet,167,9.039291558821953
SRCE_conventional_hydroelectric_1_inlet,168,9.057174041213429
SRCE_conventional_hydroelectric_1_inlet,169,15.485614769979213
SRCE_conventional_hydroelectric_1_inlet,170,13.404471644866085
SRCE_conventional_hydroelectric_1_inlet,171,13.38658916247461
SRCE_conventional_hydroelectric_1_inlet,172,13.368773580179266
SRCE_conventional_hydroelectric_1_inlet,173,13.350891097787791
SRCE_conventional_hydroelectric_1_inlet,174,13.196643389642388
SRCE_conventional_hydroelectric_1_inlet,175,13.196643389642388
SRCE_conventional_hydroelectric_1_inlet,176,13.196643389642388
SRCE_conventional_hydroelectric_1_inlet,177,13.196643389642388
SRCE_conventional_hydroelectric_1_inlet,178,13.261679386118812
SRCE_conventional_hydroelectric_1_inlet,179,13.196643389642388
SRCE_conventional_hydroelectric_1_inlet,180,15.838073359132405
SRCE_conventional_hydroelectric_1_inlet,181,15.838073359132405
SRCE_conventional_hydroelectric_1_inlet,182,15.838073359132405
SRCE_conventional_hydroelectric_1_inlet,183,15.838073359132405
SRCE_conventional_hydroelectric_1_inlet,184,15.838073359132405
SRCE_conventional_hydroelectric_1_inlet,185,15.838073359132405
SRCE_conventional_hydroelectric_1_inlet,186,15.838073359132405
SRCE_conventional_hydroelectric_1_inlet,187,15.838073359132405
SRCE_conventional_hydroelectric_1_inlet,188,15.838073359132405
SRCE_conventional_hydroelectric_1_inlet,189,15.838073359132405
SRCE_conventional_hydroelectric_1_inlet,190,13.196643389642388
SRCE_conventional_hydroelectric_1_inlet,191,13.196643389642388
SRCE_conventional_hydroelectric_1_inlet,192,13.196643389642388
SRCE_conventional_hydroelectric_1_inlet,193,17.79762418684681
SRCE_conventional_hydroelectric_1_inlet,194,15.716481061733681
SRCE_conventional_hydroelectric_1_inlet,195,15.698598579342207
SRCE_conventional_hydroelectric_1_inlet,196,15.680782997046862
SRCE_conventional_hydroelectric_1_inlet,197,15.662900514655387
SRCE_conventional_hydroelectric_1_inlet,198,15.508652806509982
SRCE_conventional_hydroelectric_1_inlet,199,15.508652806509982
SRCE_conventional_hydroelectric_1_inlet,200,15.508652806509982
SRCE_conventional_hydroelectric_1_inlet,201,15.508652806509982
SRCE_conventional_hydroelectric_1_inlet,202,15.573688802986409
SRCE_conventional_hydroelectric_1_inlet,203,15.508652806509982
SRCE_conventional_hydroelectric_1_inlet,204,18.150082776
SRCE_conventional_hydroelectric_1_inlet,205,18.150082776
SRCE_conventional_hydroelectric_1_inlet,206,18.150082776
SRCE_conventional_hydroelectric_1_inlet,207,18.150082776
SRCE_conventional_hydroelectric_1_inlet,208,18.150082776
SRCE_conventional_hydroelectric_1_inlet,209,18.150082776
SRCE_conventional_hydroelectric_1_inlet,210,18.150082776
SRCE_conventional_hydroelectric_1_inlet,211,18.150082776
SRCE_conventional_hydroelectric_1_inlet,212,18.150082776
SRCE_conventional_hydroelectric_1_inlet,213,18.150082776
SRCE_conventional_hydroelectric_1_inlet,214,15.508652806509982
SRCE_conventional_hydroelectric_1_inlet,215,15.508652806509982
SRCE_conventional_hydroelectric_1_inlet,216,15.508652806509982
SRCE_conventional_hydroelectric_1_inlet,217,18.150082776
SRCE_conventional_hydroelectric_1_inlet,218,18.150082776
SRCE_conventional_hydroelectric_1_inlet,219,18.150082776
SRCE_conventional_hydroelectric_1_inlet,220,18.150082776
SRCE_conventional_hydroelectric_1_inlet,221,18.150082776
SRCE_conventional_hydroelectric_1_inlet,222,18.150082776
SRCE_conventional_hydroelectric_1_inlet,223,18.150082776
SRCE_conventional_hydroelectric_1_inlet,224,18.150082776
SRCE_conventional_hydroelectric_1_inlet,225,18.150082776
SRCE_conventional_hydroelectric_1_inlet,226,18.150082776
SRCE_conventional_hydroelectric_1_inlet,227,18.150082776
SRCE_conventional_hydroelectric_1_inlet,228,18.150082776
SRCE_conventional_hydroelectric_1_inlet,229,18.150082776
SRCE_conventional_hydroelectric_1_inlet,230,18.150082776
SRCE_conventional_hydroelectric_1_inlet,231,18.150082776
SRCE_conventional_hydroelectric_1_inlet,232,18.150082776
SRCE_conventional_hydroelectric_1_inlet,233,18.150082776
SRCE_conventional_hydroelectric_1_inlet,234,18.150082776
SRCE_conventional_hydroelectric_1_inlet,235,18.150082776
SRCE_conventional_hydroelectric_1_inlet,236,18.150082776
SRCE_conventional_hydroelectric_1_inlet,237,18.150082776
SRCE_conventional_hydroelectric_1_inlet,238,18.150082776
SRCE_conventional_hydroelectric_1_inlet,239,18.150082776
SRCE_conventional_hydroelectric_1_inlet,240,18.150082776
SRCE_conventional_hydroelectric_1_inlet,241,14.032272116954566
SRCE_conventional_hydroelectric_1_inlet,242,14.032272116954566
SRCE_conventional_hydroelectric_1_inlet,243,14.032272116954566
SRCE_conventional_hydroelectric_1_inlet,244,14.032272116954566
SRCE_conventional_hydroelectric_1_inlet,245,14.032272116954566
SRCE_conventional_hydroelectric_1_inlet,246,14.032272116954566
SRCE_conventional_hydroelectric_1_inlet,247,14.032272116954566
SRCE_conventional_hydroelectric_1_inlet,248,14.032272116954566
SRCE_conventional_hydroelectric_1_inlet,249,14.032272116954566
SRCE_conventional_hydroelectric_1_inlet,250,14.032272116954566
SRCE_conventional_hydroelectric_1_inlet,251,14.660286091411022
SRCE_conventional_hydroelectric_1_inlet,252,14.070036130024564
SRCE_conventional_hydroelectric_1_inlet,253,18.150082776
SRCE_conventional_hydroelectric_1_inlet,254,18.150082776
SRCE_conventional_hydroelectric_1_inlet,255,18.150082776
SRCE_conventional_hydroelectric_1_inlet,256,18.150082776
SRCE_conventional_hydroelectric_1_inlet,257,16.839640458010415
SRCE_conventional_hydroelectric_1_inlet,258,16.67868918438518
SRCE_conventional_hydroelectric_1_inlet,259,18.150082776
SRCE_conventional_hydroelectric_1_inlet,260,18.150082776
SRCE_conventional_hydroelectric_1_inlet,261,18.150082776
SRCE_conventional_hydroelectric_1_inlet,262,16.81285064408918
SRCE_conventional_hydroelectric_1_inlet,263,14.032272116954566
SRCE_conventional_hydroelectric_1_inlet,264,17.53553702456023
SRCE_conventional_hydroelectric_1_inlet,265,18.150082776
SRCE_conventional_hydroelectric_1_inlet,266,18.150082776
SRCE_conventional_hydroelectric_1_inlet,267,18.150082776
SRCE_conventional_hydroelectric_1_inlet,268,18.150082776
SRCE_conventional_hydroelectric_1_inlet,269,18.150082776
SRCE_conventional_hydroelectric_1_inlet,270,18.150082776
SRCE_conventional_hydroelectric_1_inlet,271,18.150082776
SRCE_conventional_hydroelectric_1_inlet,272,18.150082776
SRCE_conventional_hydroelectric_1_inlet,273,18.150082776
SRCE_conventional_hydroelectric_1_inlet,274,18.150082776
SRCE_conventional_hydroelectric_1_inlet,275,18.150082776
SRCE_conventional_hydroelectric_1_inlet,276,18.150082776
SRCE_conventional_hydroelectric_1_inlet,277,18.150082776
SRCE_conventional_hydroelectric_1_inlet,278,18.150082776
SRCE_conventional_hydroelectric_1_inlet,279,18.150082776
SRCE_conventional_hydroelectric_1_inlet,280,18.150082776
SRCE_conventional_hydroelectric_1_inlet,281,18.150082776
SRCE_conventional_hydroelectric_1_inlet,282,18.150082776
SRCE_conventional_hydroelectric_1_inlet,283,18.150082776
SRCE_conventional_hydroelectric_1_inlet,284,18.150082776
SRCE_conventional_hydroelectric_1_inlet,285,18.150082776
SRCE_conventional_hydroelectric_1_inlet,286,18.150082776
SRCE_conventional_hydroelectric_1_inlet,287,18.150082776
SRCE_conventional_hydroelectric_1_inlet,288,18.150082776
SRCE_conventional_hydroelectric_1_inlet,289,12.652980986987455
SRCE_conventional_hydroelectric_1_inlet,290,12.755106681109913
SRCE_conventional_hydroelectric_1_inlet,291,13.527774086255649
SRCE_conventional_hydroelectric_1_inlet,292,16.277798997201476
SRCE_conventional_hydroelectric_1_inlet,293,17.151218119200692
SRCE_conventional_hydroelectric_1_inlet,294,14.712516292420823
SRCE_conventional_hydroelectric_1_inlet,295,16.832048266896262
SRCE_conventional_hydroelectric_1_inlet,296,17.598237780719757
SRCE_conventional_hydroelectric_1_inlet,297,10.02455549922545
SRCE_conventional_hydroelectric_1_inlet,298,16.789794534966784
SRCE_conventional_hydroelectric_1_inlet,299,12.887509970026043
SRCE_conventional_hydroelectric_1_inlet,300,8.934350334355758
SRCE_conventional_hydroelectric_1_inlet,301,6.867617889886232
SRCE_conventional_hydroelectric_1_inlet,302,15.195705810474339
SRCE_conventional_hydroelectric_1_inlet,303,12.741744656109965
SRCE_conventional_hydroelectric_1_inlet,304,10.818748039468884
SRCE_conventional_hydroelectric_1_inlet,305,8.717211587177855
SRCE_conventional_hydroelectric_1_inlet,306,10.604355969745896
SRCE_conventional_hydroelectric_1_inlet,307,13.533379858956046
SRCE_conventional_hydroelectric_1_inlet,308,14.676521049692552
SRCE_conventional_hydroelectric_1_inlet,309,10.46762942723189
SRCE_conventional_hydroelectric_1_inlet,310,5.858290603586555
SRCE_conventional_hydroelectric_1_inlet,311,4.825754864745437
SRCE_conventional_hydroelectric_1_inlet,312,7.973032872760927
SRCE_conventional_hydroelectric_1_inlet,313,16.5442734834994
SRCE_conventional_hydroelectric_1_inlet,314,16.646399177621856
SRCE_conventional_hydroelectric_1_inlet,315,17.41906658276759
SRCE_conventional_hydroelectric_1_inlet,316,18.150082776
SRCE_conventional_hydroelectric_1_inlet,317,17.22907493310104
SRCE_conventional_hydroelectric_1_inlet,318,17.346066256357847
SRCE_conventional_hydroelectric_1_inlet,319,18.150082776
SRCE_conventional_hydroelectric_1_inlet,320,17.177606232308413
SRCE_conventional_hydroelectric_1_inlet,321,13.565236087330407
SRCE_conventional_hydroelectric_1_inlet,322,18.150082776
SRCE_conventional_hydroelectric_1_inlet,323,16.778802466537986
SRCE_conventional_hydroelectric_1_inlet,324,12.8256428308677
SRCE_conventional_hydroelectric_1_inlet,325,10.758910386398176
SRCE_conventional_hydroelectric_1_inlet,326,18.150082776
SRCE_conventional_hydroelectric_1_inlet,327,12.009666206049996
SRCE_conventional_hydroelectric_1_inlet,328,14.710040535980829
SRCE_conventional_hydroelectric_1_inlet,329,12.6085040836898
SRCE_conventional_hydroelectric_1_inlet,330,12.842529420457861
SRCE_conventional_hydroelectric_1_inlet,331,17.42467235546799
SRCE_conventional_hydroelectric_1_inlet,332,18.150082776
SRCE_conventional_hydroelectric_1_inlet,333,14.358921923743834
SRCE_conventional_hydroelectric_1_inlet,334,9.749583100098498
SRCE_conventional_hydroelectric_1_inlet,335,8.717047361257379
SRCE_conventional_hydroelectric_1_inlet,336,11.86432536927287
SRCE_conventional_hydroelectric_1_inlet,337,2.9132869919165505
SRCE_conventional_hydroelectric_1_inlet,338,3.022538918957146
SRCE_conventional_hydroelectric_1_inlet,339,3.8040806652024877
SRCE_conventional_hydroelectric_1_inlet,340,6.503808401885263
SRCE_conventional_hydroelectric_1_inlet,341,5.9778465657675
SRCE_conventional_hydroelectric_1_inlet,342,3.755955253910092
SRCE_conventional_hydroelectric_1_inlet,343,4.568846114651854
SRCE_conventional_hydroelectric_1_inlet,344,4.8852403724724525
SRCE_conventional_hydroelectric_1_inlet,345,0.0
SRCE_conventional_hydroelectric_1_inlet,346,4.5936541296730695
SRCE_conventional_hydroelectric_1_inlet,347,3.2312481613106643
SRCE_conventional_hydroelectric_1_inlet,348,6.628499574988781
SRCE_conventional_hydroelectric_1_inlet,349,0.2864622355606967
SRCE_conventional_hydroelectric_1_inlet,350,6.077452341833642
SRCE_conventional_hydroelectric_1_inlet,351,8.455734950282823
SRCE_conventional_hydroelectric_1_inlet,352,9.800048397095862
SRCE_conventional_hydroelectric_1_inlet,353,6.6685291546411625
SRCE_conventional_hydroelectric_1_inlet,354,3.2657908023761677
SRCE_conventional_hydroelectric_1_inlet,355,8.9740118785762
SRCE_conventional_hydroelectric_1_inlet,356,7.720573967040152
SRCE_conventional_hydroelectric_1_inlet,357,4.373851625940544
SRCE_conventional_hydroelectric_1_inlet,358,1.6992781838498572
SRCE_conventional_hydroelectric_1_inlet,359,7.185720741280707
SRCE_conventional_hydroelectric_1_inlet,360,5.945729952748914
SRCE_conventional_hydroelectric_1_inlet,361,0.0
SRCE_conventional_hydroelectric_1_inlet,362,0.0
SRCE_conventional_hydroelectric_1_inlet,363,0.0
SRCE_conventional_hydroelectric_1_inlet,364,0.0
SRCE_conventional_hydroelectric_1_inlet,365,0.0
SRCE_conventional_hydroelectric_1_inlet,366,0.0
SRCE_conventional_hydroelectric_1_inlet,367,2.4272963605573774
SRCE_conventional_hydroelectric_1_inlet,368,0.0
SRCE_conventional_hydroelectric_1_inlet,369,0.0
SRCE_conventional_hydroelectric_1_inlet,370,0.0
SRCE_conventional_hydroelectric_1_inlet,371,0.0
SRCE_conventional_hydroelectric_1_inlet,372,0.0
SRCE_conventional_hydroelectric_1_inlet,373,0.0
SRCE_conventional_hydroelectric_1_inlet,374,0.0
SRCE_conventional_hydroelectric_1_inlet,375,0.0
SRCE_conventional_hydroelectric_1_inlet,376,0.0
SRCE_conventional_hydroelectric_1_inlet,377,0.0
SRCE_conventional_hydroelectric_1_inlet,378,0.2917537371438854
SRCE_conventional_hydroelectric_1_inlet,379,0.0
SRCE_conventional_hydroelectric_1_inlet,380,0.0
SRCE_conventional_hydroelectric_1_inlet,381,0.0
SRCE_conventional_hydroelectric_1_inlet,382,0.0
SRCE_conventional_hydroelectric_1_inlet,383,0.0
SRCE_conventional_hydroelectric_1_inlet,384,0.0
SRCE_conventional_hydroelectric_1_inlet,385,6.507565284496292
SRCE_conventional_hydroelectric_1_inlet,386,6.505817176314823
SRCE_conventional_hydroelectric_1_inlet,387,6.502320959951885
SRCE_conventional_hydroelectric_1_inlet,388,6.498824743588949
SRCE_conventional_hydroelectric_1_inlet,389,6.4970766354074785
SRCE_conventional_hydroelectric_1_inlet,390,6.493580419044542
SRCE_conventional_hydroelectric_1_inlet,391,8.91912867142045
SRCE_conventional_hydroelectric_1_inlet,392,5.953213026369861
SRCE_conventional_hydroelectric_1_inlet,393,3.453752091292702
SRCE_conventional_hydroelectric_1_inlet,394,5.56409670262361
SRCE_conventional_hydroelectric_1_inlet,395,6.4795286534966605
SRCE_conventional_hydroelectric_1_inlet,396,5.77396268213929
SRCE_conventional_hydroelectric_1_inlet,397,4.424514898668062
SRCE_conventional_hydroelectric_1_inlet,398,6.470788112589315
SRCE_conventional_hydroelectric_1_inlet,399,6.469040004407849
SRCE_conventional_hydroelectric_1_inlet,400,6.4655437880449105
SRCE_conventional_hydroelectric_1_inlet,401,6.462047571681973
SRCE_conventional_hydroelectric_1_inlet,402,6.752053200644389
SRCE_conventional_hydroelectric_1_inlet,403,4.0980164132656505
SRCE_conventional_hydroelectric_1_inlet,404,4.38275668337432
SRCE_conventional_hydroelectric_1_inlet,405,2.839837640781517
SRCE_conventional_hydroelectric_1_inlet,406,1.5442117366114707
SRCE_conventional_hydroelectric_1_inlet,407,6.124838636755383
SRCE_conventional_hydroelectric_1_inlet,408,5.519362770901918
SRCE_conventional_hydroelectric_1_inlet,409,0.0
SRCE_conventional_hydroelectric_1_inlet,410,0.0
SRCE_conventional_hydroelectric_1_inlet,411,0.0
SRCE_conventional_hydroelectric_1_inlet,412,0.0
SRCE_conventional_hydroelectric_1_inlet,413,0.0
SRCE_conventional_hydroelectric_1_inlet,414,0.0
SRCE_conventional_hydroelectric_1_inlet,415,0.0
SRCE_conventional_hydroelectric_1_inlet,416,0.0
SRCE_conventional_hydroelectric_1_inlet,417,0.0
SRCE_conventional_hydroelectric_1_inlet,418,0.0
SRCE_conventional_hydroelectric_1_inlet,419,0.0
SRCE_conventional_hydroelectric_1_inlet,420,0.0
SRCE_conventional_hydroelectric_1_inlet,421,0.0
SRCE_conventional_hydroelectric_1_inlet,422,0.0
SRCE_conventional_hydroelectric_1_inlet,423,0.0
SRCE_conventional_hydroelectric_1_inlet,424,0.0
SRCE_conventional_hydroelectric_1_inlet,425,0.0
SRCE_conventional_hydroelectric_1_inlet,426,0.0
SRCE_conventional_hydroelectric_1_inlet,427,0.0
SRCE_conventional_hydroelectric_1_inlet,428,0.0
SRCE_conventional_hydroelectric_1_inlet,429,0.0
SRCE_conventional_hydroelectric_1_inlet,430,0.0
SRCE_conventional_hydroelectric_1_inlet,431,0.0
SRCE_conventional_hydroelectric_1_inlet,432,0.0
SRCE_conventional_hydroelectric_1_inlet,433,5.952612189817126
SRCE_conventional_hydroelectric_1_inlet,434,5.952612189817126
SRCE_conventional_hydroelectric_1_inlet,435,5.952612189817126
SRCE_conventional_hydroelectric_1_inlet,436,5.952612189817126
SRCE_conventional_hydroelectric_1_inlet,437,5.952612189817126
SRCE_conventional_hydroelectric_1_inlet,438,5.952612189817126
SRCE_conventional_hydroelectric_1_inlet,439,5.952612189817126
SRCE_conventional_hydroelectric_1_inlet,440,5.952612189817126
SRCE_conventional_hydroelectric_1_inlet,441,5.952612189817126
SRCE_conventional_hydroelectric_1_inlet,442,3.8682161897566196
SRCE_conventional_hydroelectric_1_inlet,443,0.0
SRCE_conventional_hydroelectric_1_inlet,444,0.0
SRCE_conventional_hydroelectric_1_inlet,445,0.0
SRCE_conventional_hydroelectric_1_inlet,446,0.0
SRCE_conventional_hydroelectric_1_inlet,447,0.0
SRCE_conventional_hydroelectric_1_inlet,448,0.0
SRCE_conventional_hydroelectric_1_inlet,449,0.0
SRCE_conventional_hydroelectric_1_inlet,450,0.0
SRCE_conventional_hydroelectric_1_inlet,451,0.0
SRCE_conventional_hydroelectric_1_inlet,452,0.0
SRCE_conventional_hydroelectric_1_inlet,453,0.0
SRCE_conventional_hydroelectric_1_inlet,454,0.0
SRCE_conventional_hydroelectric_1_inlet,455,0.0
SRCE_conventional_hydroelectric_1_inlet,456,0.8805559198050505
SRCE_conventional_hydroelectric_1_inlet,457,12.927588614366567
SRCE_conventional_hydroelectric_1_inlet,458,12.931151730825635
SRCE_conventional_hydroelectric_1_inlet,459,12.934714847284706
SRCE_conventional_hydroelectric_1_inlet,460,12.938277963743772
SRCE_conventional_hydroelectric_1_inlet,461,12.941774180106712
SRCE_conventional_hydroelectric_1_inlet,462,12.94533729656578
SRCE_conventional_hydroelectric_1_inlet,463,12.948900413024848
SRCE_conventional_hydroelectric_1_inlet,464,12.952463529483918
SRCE_conventional_hydroelectric_1_inlet,465,12.956026645942986
SRCE_conventional_hydroelectric_1_inlet,466,10.875126862245416
SRCE_conventional_hydroelectric_1_inlet,467,7.0104737889478645
SRCE_conventional_hydroelectric_1_inlet,468,0.9160821471969323
SRCE_conventional_hydroelectric_1_inlet,469,0.136048507809713
SRCE_conventional_hydroelectric_1_inlet,470,0.0
SRCE_conventional_hydroelectric_1_inlet,471,0.0
SRCE_conventional_hydroelectric_1_inlet,472,0.0
SRCE_conventional_hydroelectric_1_inlet,473,0.0
SRCE_conventional_hydroelectric_1_inlet,474,2.6761483931048766
SRCE_conventional_hydroelectric_1_inlet,475,3.549752586895928
SRCE_conventional_hydroelectric_1_inlet,476,3.549752586895928
SRCE_conventional_hydroelectric_1_inlet,477,3.549752586895928
SRCE_conventional_hydroelectric_1_inlet,478,7.04953426980536
SRCE_conventional_hydroelectric_1_inlet,479,7.053097386264429
SRCE_conventional_hydroelectric_1_inlet,480,7.938964530710017
SRCE_conventional_hydroelectric_1_inlet,481,18.150082776
SRCE_conventional_hydroelectric_1_inlet,482,18.150082776
SRCE_conventional_hydroelectric_1_inlet,483,18.150082776
SRCE_conventional_hydroelectric_1_inlet,484,18.150082776
SRCE_conventional_hydroelectric_1_inlet,485,18.150082776
SRCE_conventional_hydroelectric_1_inlet,486,18.150082776
SRCE_conventional_hydroelectric_1_inlet,487,18.150082776
SRCE_conventional_hydroelectric_1_inlet,488,18.150082776
SRCE_conventional_hydroelectric_1_inlet,489,18.150082776
SRCE_conventional_hydroelectric_1_inlet,490,18.150082776
SRCE_conventional_hydroelectric_1_inlet,491,13.152521259319165
SRCE_conventional_hydroelectric_1_inlet,492,8.191038060951517
SRCE_conventional_hydroelectric_1_inlet,493,7.4110044215642965
SRCE_conventional_hydroelectric_1_inlet,494,6.791692065015528
SRCE_conventional_hydroelectric_1_inlet,495,7.274955913754583
SRCE_conventional_hydroelectric_1_inlet,496,7.274955913754583
SRCE_conventional_hydroelectric_1_inlet,497,7.274955913754583
SRCE_conventional_hydroelectric_1_inlet,498,9.95110430685946
SRCE_conventional_hydroelectric_1_inlet,499,10.824708500650512
SRCE_conventional_hydroelectric_1_inlet,500,10.824708500650512
SRCE_conventional_hydroelectric_1_inlet,501,10.824708500650512
SRCE_conventional_hydroelectric_1_inlet,502,14.324490183559943
SRCE_conventional_hydroelectric_1_inlet,503,14.328053300019011
SRCE_conventional_hydroelectric_1_inlet,504,15.213920444464602
SRCE_conventional_hydroelectric_1_inlet,505,18.150082776
SRCE_conventional_hydroelectric_1_inlet,506,18.150082776
SRCE_conventional_hydroelectric_1_inlet,507,18.150082776
SRCE_conventional_hydroelectric_1_inlet,508,18.150082776
SRCE_conventional_hydroelectric_1_inlet,509,18.150082776
SRCE_conventional_hydroelectric_1_inlet,510,18.150082776
SRCE_conventional_hydroelectric_1_inlet,511,18.150082776
SRCE_conventional_hydroelectric_1_inlet,512,18.150082776
SRCE_conventional_hydroelectric_1_inlet,513,18.150082776
SRCE_conventional_hydroelectric_1_inlet,514,18.150082776
SRCE_conventional_hydroelectric_1_inlet,515,18.150082776
SRCE_conventional_hydroelectric_1_inlet,516,15.516412336301004
SRCE_conventional_hydroelectric_1_inlet,517,14.736378696913786
SRCE_conventional_hydroelectric_1_inlet,518,14.11706634036502
SRCE_conventional_hydroelectric_1_inlet,519,14.600330189104074
SRCE_conventional_hydroelectric_1_inlet,520,14.600330189104074
SRCE_conventional_hydroelectric_1_inlet,521,14.600330189104074
SRCE_conventional_hydroelectric_1_inlet,522,17.27647858220895
SRCE_conventional_hydroelectric_1_inlet,523,18.150082776
SRCE_conventional_hydroelectric_1_inlet,524,18.150082776
SRCE_conventional_hydroelectric_1_inlet,525,18.150082776
SRCE_conventional_hydroelectric_1_inlet,526,18.150082776
SRCE_conventional_hydroelectric_1_inlet,527,18.150082776
SRCE_conventional_hydroelectric_1_inlet,528,18.150082776
SRCE_conventional_hydroelectric_1_inlet,529,11.370198880166472
SRCE_conventional_hydroelectric_1_inlet,530,11.370198880166472
SRCE_conventional_hydroelectric_1_inlet,531,11.370198880166472
SRCE_conventional_hydroelectric_1_inlet,532,10.501208766056708
SRCE_conventional_hydroelectric_1_inlet,533,10.469408318309616
SRCE_conventional_hydroelectric_1_inlet,534,11.370198880166472
SRCE_conventional_hydroelectric_1_inlet,535,10.487267291963464
SRCE_conventional_hydroelectric_1_inlet,536,11.370198880166472
SRCE_conventional_hydroelectric_1_inlet,537,11.370198880166472
SRCE_conventional_hydroelectric_1_inlet,538,11.370198880166472
SRCE_conventional_hydroelectric_1_inlet,539,11.370198880166472
SRCE_conventional_hydroelectric_1_inlet,540,11.370198880166472
SRCE_conventional_hydroelectric_1_inlet,541,11.370198880166472
SRCE_conventional_hydroelectric_1_inlet,542,11.011869802729352
SRCE_conventional_hydroelectric_1_inlet,543,14.260389665966269
SRCE_conventional_hydroelectric_1_inlet,544,10.122564408685477
SRCE_conventional_hydroelectric_1_inlet,545,11.336384820678278
SRCE_conventional_hydroelectric_1_inlet,546,12.713115403497785
SRCE_conventional_hydroelectric_1_inlet,547,14.429218134774555
SRCE_conventional_hydroelectric_1_inlet,548,9.995161917408709
SRCE_conventional_hydroelectric_1_inlet,549,9.963294569565486
SRCE_conventional_hydroelectric_1_inlet,550,9.931427221722256
SRCE_conventional_hydroelectric_1_inlet,551,9.903122990338101
SRCE_conventional_hydroelectric_1_inlet,552,9.3225233090775
SRCE_conventional_hydroelectric_1_inlet,553,18.150082776
SRCE_conventional_hydroelectric_1_inlet,554,18.150082776
SRCE_conventional_hydroelectric_1_inlet,555,18.150082776
SRCE_conventional_hydroelectric_1_inlet,556,17.281092661890238
SRCE_conventional_hydroelectric_1_inlet,557,17.249292214143146
SRCE_conventional_hydroelectric_1_inlet,558,18.150082776
SRCE_conventional_hydroelectric_1_inlet,559,17.267151187796994
SRCE_conventional_hydroelectric_1_inlet,560,18.150082776
SRCE_conventional_hydroelectric_1_inlet,561,18.150082776
SRCE_conventional_hydroelectric_1_inlet,562,18.150082776
SRCE_conventional_hydroelectric_1_inlet,563,18.150082776
SRCE_conventional_hydroelectric_1_inlet,564,18.150082776
SRCE_conventional_hydroelectric_1_inlet,565,18.150082776
SRCE_conventional_hydroelectric_1_inlet,566,16.966116100109325
SRCE_conventional_hydroelectric_1_inlet,567,16.93431565236223
SRCE_conventional_hydroelectric_1_inlet,568,16.902448304519005
SRCE_conventional_hydroelectric_1_inlet,569,17.68558666234513
SRCE_conventional_hydroelectric_1_inlet,570,16.838713608832556
SRCE_conventional_hydroelectric_1_inlet,571,16.80684626098933
SRCE_conventional_hydroelectric_1_inlet,572,16.775045813242237
SRCE_conventional_hydroelectric_1_inlet,573,16.743178465399016
SRCE_conventional_hydroelectric_1_inlet,574,16.711311117555788
SRCE_conventional_hydroelectric_1_inlet,575,16.68300688617163
SRCE_conventional_hydroelectric_1_inlet,576,16.10240720491103
SRSE_conventional_hydroelectric_1_inlet,1,13.915000540851835
SRSE_conventional_hydroelectric_1_inlet,2,13.9506624
SRSE_conventional_hydroelectric_1_inlet,3,13.9506624
SRSE_conventional_hydroelectric_1_inlet,4,13.9506624
SRSE_conventional_hydroelectric_1_inlet,5,13.9506624
SRSE_conventional_hydroelectric_1_inlet,6,13.9506624
SRSE_conventional_hydroelectric_1_inlet,7,13.9506624
SRSE_conventional_hydroelectric_1_inlet,8,13.9506624
SRSE_conventional_hydroelectric_1_inlet,9,13.9506624
SRSE_conventional_hydroelectric_1_inlet,10,12.508268370623687
SRSE_conventional_hydroelectric_1_inlet,11,9.84498245568
SRSE_conventional_hydroelectric_1_inlet,12,9.838007124479997
SRSE_conventional_hydroelectric_1_inlet,13,7.982720369134145
SRSE_conventional_hydroelectric_1_inlet,14,6.088138104960003
SRSE_conventional_hydroelectric_1_inlet,15,8.869944127077048
SRSE_conventional_hydroelectric_1_inlet,16,7.934555257842019
SRSE_conventional_hydroelectric_1_inlet,17,8.609502785091847
SRSE_conventional_hydroelectric_1_inlet,18,9.801735402239997
SRSE_conventional_hydroelectric_1_inlet,19,9.79476007104
SRSE_conventional_hydroelectric_1_inlet,20,9.789179806079996
SRSE_conventional_hydroelectric_1_inlet,21,9.78220447488
SRSE_conventional_hydroelectric_1_inlet,22,9.776624209919998
SRSE_conventional_hydroelectric_1_inlet,23,9.76964887872
SRSE_conventional_hydroelectric_1_inlet,24,9.764068613759997
SRSE_conventional_hydroelectric_1_inlet,25,6.7455825208934925
SRSE_conventional_hydroelectric_1_inlet,26,6.6628363622399975
SRSE_conventional_hydroelectric_1_inlet,27,6.6684166272
SRSE_conventional_hydroelectric_1_inlet,28,6.6726018259199975
SRSE_conventional_hydroelectric_1_inlet,29,6.67818209088
SRSE_conventional_hydroelectric_1_inlet,30,6.682367289599998
SRSE_conventional_hydroelectric_1_inlet,31,6.687947554560001
SRSE_conventional_hydroelectric_1_inlet,32,6.6921327532799975
SRSE_conventional_hydroelectric_1_inlet,33,5.033086889135034
SRSE_conventional_hydroelectric_1_inlet,34,2.6577056499836904
SRSE_conventional_hydroelectric_1_inlet,35,0.0
SRSE_conventional_hydroelectric_1_inlet,36,0.0
SRSE_conventional_hydroelectric_1_inlet,37,0.0
SRSE_conventional_hydroelectric_1_inlet,38,0.0
SRSE_conventional_hydroelectric_1_inlet,39,0.0
SRSE_conventional_hydroelectric_1_inlet,40,2.3008613810011487
SRSE_conventional_hydroelectric_1_inlet,41,0.0
SRSE_conventional_hydroelectric_1_inlet,42,0.0
SRSE_conventional_hydroelectric_1_inlet,43,0.0
SRSE_conventional_hydroelectric_1_inlet,44,0.0
SRSE_conventional_hydroelectric_1_inlet,45,0.0
SRSE_conventional_hydroelectric_1_inlet,46,0.0
SRSE_conventional_hydroelectric_1_inlet,47,0.0
SRSE_conventional_hydroelectric_1_inlet,48,0.0
SRSE_conventional_hydroelectric_1_inlet,49,10.82013375744
SRSE_conventional_hydroelectric_1_inlet,50,10.820133757439997
SRSE_conventional_hydroelectric_1_inlet,51,10.82013375744
SRSE_conventional_hydroelectric_1_inlet,52,10.820133757439997
SRSE_conventional_hydroelectric_1_inlet,53,10.82013375744
SRSE_conventional_hydroelectric_1_inlet,54,10.820133757439997
SRSE_conventional_hydroelectric_1_inlet,55,10.82013375744
SRSE_conventional_hydroelectric_1_inlet,56,10.820133757439997
SRSE_conventional_hydroelectric_1_inlet,57,9.155507628335034
SRSE_conventional_hydroelectric_1_inlet,58,6.7759411904636915
SRSE_conventional_hydroelectric_1_inlet,59,4.1140503417600005
SRSE_conventional_hydroelectric_1_inlet,60,4.108470076800001
SRSE_conventional_hydroelectric_1_inlet,61,4.104284878080001
SRSE_conventional_hydroelectric_1_inlet,62,4.098704613120001
SRSE_conventional_hydroelectric_1_inlet,63,4.094519414400001
SRSE_conventional_hydroelectric_1_inlet,64,6.389800530441149
SRSE_conventional_hydroelectric_1_inlet,65,4.084753950720001
SRSE_conventional_hydroelectric_1_inlet,66,4.0805687520000005
SRSE_conventional_hydroelectric_1_inlet,67,4.074988487040001
SRSE_conventional_hydroelectric_1_inlet,68,4.0708032883200005
SRSE_conventional_hydroelectric_1_inlet,69,4.06522302336
SRSE_conventional_hydroelectric_1_inlet,70,4.0610378246400005
SRSE_conventional_hydroelectric_1_inlet,71,4.055457559680001
SRSE_conventional_hydroelectric_1_inlet,72,4.0512723609600005
SRSE_conventional_hydroelectric_1_inlet,73,0.0
SRSE_conventional_hydroelectric_1_inlet,74,0.0
SRSE_conventional_hydroelectric_1_inlet,75,0.0
SRSE_conventional_hydroelectric_1_inlet,76,0.0
SRSE_conventional_hydroelectric_1_inlet,77,0.0
SRSE_conventional_hydroelectric_1_inlet,78,0.0
SRSE_conventional_hydroelectric_1_inlet,79,0.0
SRSE_conventional_hydroelectric_1_inlet,80,0.0
SRSE_conventional_hydroelectric_1_inlet,81,0.0
SRSE_conventional_hydroelectric_1_inlet,82,0.0
SRSE_conventional_hydroelectric_1_inlet,83,0.0
SRSE_conventional_hydroelectric_1_inlet,84,1.8471385485155283
SRSE_conventional_hydroelectric_1_inlet,85,3.2965415251200008
SRSE_conventional_hydroelectric_1_inlet,86,3.2951464588800006
SRSE_conventional_hydroelectric_1_inlet,87,3.2923563264000015
SRSE_conventional_hydroelectric_1_inlet,88,7.09670196288
SRSE_conventional_hydroelectric_1_inlet,89,3.360306336531834
SRSE_conventional_hydroelectric_1_inlet,90,3.2867760614400012
SRSE_conventional_hydroelectric_1_inlet,91,0.044642119679999724
SRSE_conventional_hydroelectric_1_inlet,92,0.7014469018118603
SRSE_conventional_hydroelectric_1_inlet,93,0.0
SRSE_conventional_hydroelectric_1_inlet,94,0.0
SRSE_conventional_hydroelectric_1_inlet,95,1.6905767731718362
SRSE_conventional_hydroelectric_1_inlet,96,0.0
SRSE_conventional_hydroelectric_1_inlet,97,3.13052864256
SRSE_conventional_hydroelectric_1_inlet,98,3.13052864256
SRSE_conventional_hydroelectric_1_inlet,99,3.13052864256
SRSE_conventional_hydroelectric_1_inlet,100,3.13052864256
SRSE_conventional_hydroelectric_1_inlet,101,3.13052864256
SRSE_conventional_hydroelectric_1_inlet,102,1.7174365545599943
SRSE_conventional_hydroelectric_1_inlet,103,3.13052864256
SRSE_conventional_hydroelectric_1_inlet,104,3.13052864256
SRSE_conventional_hydroelectric_1_inlet,105,2.9027319364799915
SRSE_conventional_hydroelectric_1_inlet,106,1.7912650521599993
SRSE_conventional_hydroelectric_1_inlet,107,2.327230974044077
SRSE_conventional_hydroelectric_1_inlet,108,4.977667191075528
SRSE_conventional_hydroelectric_1_inlet,109,6.427070167680001
SRSE_conventional_hydroelectric_1_inlet,110,6.42567510144
SRSE_conventional_hydroelectric_1_inlet,111,6.422884968960002
SRSE_conventional_hydroelectric_1_inlet,112,10.22723060544
SRSE_conventional_hydroelectric_1_inlet,113,6.490834979091834
SRSE_conventional_hydroelectric_1_inlet,114,6.417304704000001
SRSE_conventional_hydroelectric_1_inlet,115,3.1751707622399996
SRSE_conventional_hydroelectric_1_inlet,116,3.8319755443718604
SRSE_conventional_hydroelectric_1_inlet,117,3.13052864256
SRSE_conventional_hydroelectric_1_inlet,118,3.13052864256
SRSE_conventional_hydroelectric_1_inlet,119,4.821105415731836
SRSE_conventional_hydroelectric_1_inlet,120,3.13052864256
SRSE_conventional_hydroelectric_1_inlet,121,6.284643320406521
SRSE_conventional_hydroelectric_1_inlet,122,6.78560219136
SRSE_conventional_hydroelectric_1_inlet,123,6.735542990400006
SRSE_conventional_hydroelectric_1_inlet,124,2.6631814521599995
SRSE_conventional_hydroelectric_1_inlet,125,2.7967316515199956
SRSE_conventional_hydroelectric_1_inlet,126,0.0
SRSE_conventional_hydroelectric_1_inlet,127,1.2137076287999995
SRSE_conventional_hydroelectric_1_inlet,128,5.489585654399999
SRSE_conventional_hydroelectric_1_inlet,129,5.4965609856
SRSE_conventional_hydroelectric_1_inlet,130,5.503536316799999
SRSE_conventional_hydroelectric_1_inlet,131,6.040897304924077
SRSE_conventional_hydroelectric_1_inlet,132,8.69412365443553
SRSE_conventional_hydroelectric_1_inlet,133,10.144921697280001
SRSE_conventional_hydroelectric_1_inlet,134,10.144921697280001
SRSE_conventional_hydroelectric_1_inlet,135,10.144921697280001
SRSE_conventional_hydroelectric_1_inlet,136,13.9506624
SRSE_conventional_hydroelectric_1_inlet,137,10.217056906131836
SRSE_conventional_hydroelectric_1_inlet,138,10.144921697280001
SRSE_conventional_hydroelectric_1_inlet,139,6.90418282176
SRSE_conventional_hydroelectric_1_inlet,140,7.56377773637186
SRSE_conventional_hydroelectric_1_inlet,141,6.8637259008000004
SRSE_conventional_hydroelectric_1_inlet,142,6.86512096704
SRSE_conventional_hydroelectric_1_inlet,143,5.9111496144000055
SRSE_conventional_hydroelectric_1_inlet,144,5.601190953599999
SRSE_conventional_hydroelectric_1_inlet,145,9.24649903872
SRSE_conventional_hydroelectric_1_inlet,146,10.59134289408
SRSE_conventional_hydroelectric_1_inlet,147,10.541283693120006
SRSE_conventional_hydroelectric_1_inlet,148,6.4689221548799996
SRSE_conventional_hydroelectric_1_inlet,149,6.602472354239996
SRSE_conventional_hydroelectric_1_inlet,150,3.8057407027200005
SRSE_conventional_hydroelectric_1_inlet,151,5.01944833152
SRSE_conventional_hydroelectric_1_inlet,152,9.29532635712
SRSE_conventional_hydroelectric_1_inlet,153,9.30230168832
SRSE_conventional_hydroelectric_1_inlet,154,9.30927701952
SRSE_conventional_hydroelectric_1_inlet,155,9.846638007644078
SRSE_conventional_hydroelectric_1_inlet,156,12.499864357155529
SRSE_conventional_hydroelectric_1_inlet,157,13.9506624
SRSE_conventional_hydroelectric_1_inlet,158,13.9506624
SRSE_conventional_hydroelectric_1_inlet,159,13.9506624
SRSE_conventional_hydroelectric_1_inlet,160,13.9506624
SRSE_conventional_hydroelectric_1_inlet,161,13.9506624
SRSE_conventional_hydroelectric_1_inlet,162,13.9506624
SRSE_conventional_hydroelectric_1_inlet,163,10.70992352448
SRSE_conventional_hydroelectric_1_inlet,164,11.369518439091863
SRSE_conventional_hydroelectric_1_inlet,165,10.669466603520002
SRSE_conventional_hydroelectric_1_inlet,166,10.67086166976
SRSE_conventional_hydroelectric_1_inlet,167,9.716890317120006
SRSE_conventional_hydroelectric_1_inlet,168,9.40693165632
SRSE_conventional_hydroelectric_1_inlet,169,11.366999723520001
SRSE_conventional_hydroelectric_1_inlet,170,12.70486824768
SRSE_conventional_hydroelectric_1_inlet,171,12.647833715520006
SRSE_conventional_hydroelectric_1_inlet,172,8.56849684608
SRSE_conventional_hydroelectric_1_inlet,173,8.695071714239996
SRSE_conventional_hydroelectric_1_inlet,174,5.89136473152
SRSE_conventional_hydroelectric_1_inlet,175,7.09809702912
SRSE_conventional_hydroelectric_1_inlet,176,11.366999723520001
SRSE_conventional_hydroelectric_1_inlet,177,11.366999723520001
SRSE_conventional_hydroelectric_1_inlet,178,11.366999723520001
SRSE_conventional_hydroelectric_1_inlet,179,11.897385380444078
SRSE_conventional_hydroelectric_1_inlet,180,12.70486824768
SRSE_conventional_hydroelectric_1_inlet,181,12.70486824768
SRSE_conventional_hydroelectric_1_inlet,182,12.70486824768
SRSE_conventional_hydroelectric_1_inlet,183,12.70486824768
SRSE_conventional_hydroelectric_1_inlet,184,12.70486824768
SRSE_conventional_hydroelectric_1_inlet,185,12.70486824768
SRSE_conventional_hydroelectric_1_inlet,186,12.70486824768
SRSE_conventional_hydroelectric_1_inlet,187,12.70486824768
SRSE_conventional_hydroelectric_1_inlet,188,12.70486824768
SRSE_conventional_hydroelectric_1_inlet,189,12.650460664320002
SRSE_conventional_hydroelectric_1_inlet,190,12.263971464674775
SRSE_conventional_hydroelectric_1_inlet,191,11.366999723520001
SRSE_conventional_hydroelectric_1_inlet,192,11.366999723520001
SRSE_conventional_hydroelectric_1_inlet,193,12.612793875840001
SRSE_conventional_hydroelectric_1_inlet,194,13.9506624
SRSE_conventional_hydroelectric_1_inlet,195,13.893627867840006
SRSE_conventional_hydroelectric_1_inlet,196,9.8142909984
SRSE_conventional_hydroelectric_1_inlet,197,9.940865866559996
SRSE_conventional_hydroelectric_1_inlet,198,7.137158883840001
SRSE_conventional_hydroelectric_1_inlet,199,8.34389118144
SRSE_conventional_hydroelectric_1_inlet,200,12.612793875840001
SRSE_conventional_hydroelectric_1_inlet,201,12.612793875840001
SRSE_conventional_hydroelectric_1_inlet,202,12.612793875840001
SRSE_conventional_hydroelectric_1_inlet,203,13.143179532764078
SRSE_conventional_hydroelectric_1_inlet,204,13.9506624
SRSE_conventional_hydroelectric_1_inlet,205,13.9506624
SRSE_conventional_hydroelectric_1_inlet,206,13.9506624
SRSE_conventional_hydroelectric_1_inlet,207,13.9506624
SRSE_conventional_hydroelectric_1_inlet,208,13.9506624
SRSE_conventional_hydroelectric_1_inlet,209,13.9506624
SRSE_conventional_hydroelectric_1_inlet,210,13.9506624
SRSE_conventional_hydroelectric_1_inlet,211,13.9506624
SRSE_conventional_hydroelectric_1_inlet,212,13.9506624
SRSE_conventional_hydroelectric_1_inlet,213,13.896254816640003
SRSE_conventional_hydroelectric_1_inlet,214,13.509765616994777
SRSE_conventional_hydroelectric_1_inlet,215,12.612793875840001
SRSE_conventional_hydroelectric_1_inlet,216,12.612793875840001
SRSE_conventional_hydroelectric_1_inlet,217,13.9506624
SRSE_conventional_hydroelectric_1_inlet,218,13.9506624
SRSE_conventional_hydroelectric_1_inlet,219,13.9506624
SRSE_conventional_hydroelectric_1_inlet,220,11.152159522560002
SRSE_conventional_hydroelectric_1_inlet,221,11.278734390719997
SRSE_conventional_hydroelectric_1_inlet,222,8.475027408
SRSE_conventional_hydroelectric_1_inlet,223,9.681759705600001
SRSE_conventional_hydroelectric_1_inlet,224,13.9506624
SRSE_conventional_hydroelectric_1_inlet,225,13.9506624
SRSE_conventional_hydroelectric_1_inlet,226,13.9506624
SRSE_conventional_hydroelectric_1_inlet,227,13.9506624
SRSE_conventional_hydroelectric_1_inlet,228,13.9506624
SRSE_conventional_hydroelectric_1_inlet,229,13.9506624
SRSE_conventional_hydroelectric_1_inlet,230,13.9506624
SRSE_conventional_hydroelectric_1_inlet,231,13.9506624
SRSE_conventional_hydroelectric_1_inlet,232,13.9506624
SRSE_conventional_hydroelectric_1_inlet,233,13.9506624
SRSE_conventional_hydroelectric_1_inlet,234,13.9506624
SRSE_conventional_hydroelectric_1_inlet,235,13.9506624
SRSE_conventional_hydroelectric_1_inlet,236,13.9506624
SRSE_conventional_hydroelectric_1_inlet,237,13.9506624
SRSE_conventional_hydroelectric_1_inlet,238,13.9506624
SRSE_conventional_hydroelectric_1_inlet,239,13.9506624
SRSE_conventional_hydroelectric_1_inlet,240,13.9506624
SRSE_conventional_hydroelectric_1_inlet,241,13.9506624
SRSE_conventional_hydroelectric_1_inlet,242,13.9506624
SRSE_conventional_hydroelectric_1_inlet,243,13.9506624
SRSE_conventional_hydroelectric_1_inlet,244,12.52490470272
SRSE_conventional_hydroelectric_1_inlet,245,12.652874637119996
SRSE_conventional_hydroelectric_1_inlet,246,9.849167654400002
SRSE_conventional_hydroelectric_1_inlet,247,11.055899952
SRSE_conventional_hydroelectric_1_inlet,248,12.52490470272
SRSE_conventional_hydroelectric_1_inlet,249,13.9506624
SRSE_conventional_hydroelectric_1_inlet,250,13.293177745011844
SRSE_conventional_hydroelectric_1_inlet,251,13.907198128371842
SRSE_conventional_hydroelectric_1_inlet,252,12.95547943511705
SRSE_conventional_hydroelectric_1_inlet,253,13.9506624
SRSE_conventional_hydroelectric_1_inlet,254,13.9506624
SRSE_conventional_hydroelectric_1_inlet,255,13.9506624
SRSE_conventional_hydroelectric_1_inlet,256,13.9506624
SRSE_conventional_hydroelectric_1_inlet,257,13.9506624
SRSE_conventional_hydroelectric_1_inlet,258,13.9506624
SRSE_conventional_hydroelectric_1_inlet,259,13.9506624
SRSE_conventional_hydroelectric_1_inlet,260,13.307280232359124
SRSE_conventional_hydroelectric_1_inlet,261,13.178201564995705
SRSE_conventional_hydroelectric_1_inlet,262,12.52490470272
SRSE_conventional_hydroelectric_1_inlet,263,12.52490470272
SRSE_conventional_hydroelectric_1_inlet,264,13.9506624
SRSE_conventional_hydroelectric_1_inlet,265,13.9506624
SRSE_conventional_hydroelectric_1_inlet,266,13.9506624
SRSE_conventional_hydroelectric_1_inlet,267,13.9506624
SRSE_conventional_hydroelectric_1_inlet,268,13.9506624
SRSE_conventional_hydroelectric_1_inlet,269,13.9506624
SRSE_conventional_hydroelectric_1_inlet,270,11.274925351680002
SRSE_conventional_hydroelectric_1_inlet,271,12.48165764928
SRSE_conventional_hydroelectric_1_inlet,272,13.9506624
SRSE_conventional_hydroelectric_1_inlet,273,13.9506624
SRSE_conventional_hydroelectric_1_inlet,274,13.9506624
SRSE_conventional_hydroelectric_1_inlet,275,13.9506624
SRSE_conventional_hydroelectric_1_inlet,276,13.9506624
SRSE_conventional_hydroelectric_1_inlet,277,13.9506624
SRSE_conventional_hydroelectric_1_inlet,278,13.9506624
SRSE_conventional_hydroelectric_1_inlet,279,13.9506624
SRSE_conventional_hydroelectric_1_inlet,280,13.9506624
SRSE_conventional_hydroelectric_1_inlet,281,13.9506624
SRSE_conventional_hydroelectric_1_inlet,282,13.9506624
SRSE_conventional_hydroelectric_1_inlet,283,13.9506624
SRSE_conventional_hydroelectric_1_inlet,284,13.9506624
SRSE_conventional_hydroelectric_1_inlet,285,13.9506624
SRSE_conventional_hydroelectric_1_inlet,286,13.9506624
SRSE_conventional_hydroelectric_1_inlet,287,13.9506624
SRSE_conventional_hydroelectric_1_inlet,288,13.9506624
SRSE_conventional_hydroelectric_1_inlet,289,13.9506624
SRSE_conventional_hydroelectric_1_inlet,290,13.9506624
SRSE_conventional_hydroelectric_1_inlet,291,13.9506624
SRSE_conventional_hydroelectric_1_inlet,292,13.9506624
SRSE_conventional_hydroelectric_1_inlet,293,13.9506624
SRSE_conventional_hydroelectric_1_inlet,294,12.743930102400002
SRSE_conventional_hydroelectric_1_inlet,295,13.9506624
SRSE_conventional_hydroelectric_1_inlet,296,13.9506624
SRSE_conventional_hydroelectric_1_inlet,297,13.489981124783286
SRSE_conventional_hydroelectric_1_inlet,298,13.9506624
SRSE_conventional_hydroelectric_1_inlet,299,12.430040198400002
SRSE_conventional_hydroelectric_1_inlet,300,13.9506624
SRSE_conventional_hydroelectric_1_inlet,301,13.9506624
SRSE_conventional_hydroelectric_1_inlet,302,12.978903289156841
SRSE_conventional_hydroelectric_1_inlet,303,8.594241011498163
SRSE_conventional_hydroelectric_1_inlet,304,7.043886967719103
SRSE_conventional_hydroelectric_1_inlet,305,10.404870591226013
SRSE_conventional_hydroelectric_1_inlet,306,8.078724956819105
SRSE_conventional_hydroelectric_1_inlet,307,3.2925188541991277
SRSE_conventional_hydroelectric_1_inlet,308,2.2865194885533358
SRSE_conventional_hydroelectric_1_inlet,309,8.098968602919143
SRSE_conventional_hydroelectric_1_inlet,310,5.045700602919123
SRSE_conventional_hydroelectric_1_inlet,311,7.420228646348143
SRSE_conventional_hydroelectric_1_inlet,312,3.3684593394798608
SRSE_conventional_hydroelectric_1_inlet,313,11.15605597253184
SRSE_conventional_hydroelectric_1_inlet,314,13.9506624
SRSE_conventional_hydroelectric_1_inlet,315,13.9506624
SRSE_conventional_hydroelectric_1_inlet,316,12.914898716160017
SRSE_conventional_hydroelectric_1_inlet,317,13.9506624
SRSE_conventional_hydroelectric_1_inlet,318,6.807091418514144
SRSE_conventional_hydroelectric_1_inlet,319,12.772771990611842
SRSE_conventional_hydroelectric_1_inlet,320,11.020325486451844
SRSE_conventional_hydroelectric_1_inlet,321,13.9506624
SRSE_conventional_hydroelectric_1_inlet,322,13.288631148839285
SRSE_conventional_hydroelectric_1_inlet,323,13.9506624
SRSE_conventional_hydroelectric_1_inlet,324,8.442278881366132
SRSE_conventional_hydroelectric_1_inlet,325,13.9506624
SRSE_conventional_hydroelectric_1_inlet,326,13.9506624
SRSE_conventional_hydroelectric_1_inlet,327,10.10885439409732
SRSE_conventional_hydroelectric_1_inlet,328,8.262351273678217
SRSE_conventional_hydroelectric_1_inlet,329,8.791300564225155
SRSE_conventional_hydroelectric_1_inlet,330,5.29987543629821
SRSE_conventional_hydroelectric_1_inlet,331,3.278448342798235
SRSE_conventional_hydroelectric_1_inlet,332,3.807141690153336
SRSE_conventional_hydroelectric_1_inlet,333,9.619590804519143
SRSE_conventional_hydroelectric_1_inlet,334,6.566322804519123
SRSE_conventional_hydroelectric_1_inlet,335,8.940850847948143
SRSE_conventional_hydroelectric_1_inlet,336,4.889081541079861
SRSE_conventional_hydroelectric_1_inlet,337,0.0
SRSE_conventional_hydroelectric_1_inlet,338,8.294308623411837
SRSE_conventional_hydroelectric_1_inlet,339,2.8271390428800087
SRSE_conventional_hydroelectric_1_inlet,340,1.5235790428800082
SRSE_conventional_hydroelectric_1_inlet,341,7.195845677554806
SRSE_conventional_hydroelectric_1_inlet,342,1.635103230405983
SRSE_conventional_hydroelectric_1_inlet,343,5.73457561714368
SRSE_conventional_hydroelectric_1_inlet,344,3.5810679118636854
SRSE_conventional_hydroelectric_1_inlet,345,4.385709070508163
SRSE_conventional_hydroelectric_1_inlet,346,3.5212934809711784
SRSE_conventional_hydroelectric_1_inlet,347,4.119236045240851
SRSE_conventional_hydroelectric_1_inlet,348,7.0954864727174245
SRSE_conventional_hydroelectric_1_inlet,349,6.729099958026929
SRSE_conventional_hydroelectric_1_inlet,350,1.5806100499200026
SRSE_conventional_hydroelectric_1_inlet,351,0.0
SRSE_conventional_hydroelectric_1_inlet,352,0.0
SRSE_conventional_hydroelectric_1_inlet,353,0.0
SRSE_conventional_hydroelectric_1_inlet,354,0.0
SRSE_conventional_hydroelectric_1_inlet,355,0.0
SRSE_conventional_hydroelectric_1_inlet,356,0.0
SRSE_conventional_hydroelectric_1_inlet,357,7.941809058446808
SRSE_conventional_hydroelectric_1_inlet,358,0.0
SRSE_conventional_hydroelectric_1_inlet,359,0.0
SRSE_conventional_hydroelectric_1_inlet,360,0.0
SRSE_conventional_hydroelectric_1_inlet,361,0.0
SRSE_conventional_hydroelectric_1_inlet,362,0.0
SRSE_conventional_hydroelectric_1_inlet,363,0.0
SRSE_conventional_hydroelectric_1_inlet,364,0.0
SRSE_conventional_hydroelectric_1_inlet,365,0.0
SRSE_conventional_hydroelectric_1_inlet,366,0.5860043286978213
SRSE_conventional_hydroelectric_1_inlet,367,3.6208004379955163
SRSE_conventional_hydroelectric_1_inlet,368,2.348475902075516
SRSE_conventional_hydroelectric_1_inlet,369,0.0
SRSE_conventional_hydroelectric_1_inlet,370,0.0
SRSE_conventional_hydroelectric_1_inlet,371,0.0
SRSE_conventional_hydroelectric_1_inlet,372,0.0
SRSE_conventional_hydroelectric_1_inlet,373,0.0
SRSE_conventional_hydroelectric_1_inlet,374,0.0
SRSE_conventional_hydroelectric_1_inlet,375,0.0
SRSE_conventional_hydroelectric_1_inlet,376,0.0
SRSE_conventional_hydroelectric_1_inlet,377,0.0
SRSE_conventional_hydroelectric_1_inlet,378,0.0
SRSE_conventional_hydroelectric_1_inlet,379,0.0
SRSE_conventional_hydroelectric_1_inlet,380,0.0
SRSE_conventional_hydroelectric_1_inlet,381,1.539754579156277
SRSE_conventional_hydroelectric_1_inlet,382,0.0
SRSE_conventional_hydroelectric_1_inlet,383,0.0
SRSE_conventional_hydroelectric_1_inlet,384,0.0
SRSE_conventional_hydroelectric_1_inlet,385,1.7633637273600005
SRSE_conventional_hydroelectric_1_inlet,386,1.7633637273600005
SRSE_conventional_hydroelectric_1_inlet,387,1.7633637273600005
SRSE_conventional_hydroelectric_1_inlet,388,1.7633637273600005
SRSE_conventional_hydroelectric_1_inlet,389,1.7633637273600005
SRSE_conventional_hydroelectric_1_inlet,390,0.0
SRSE_conventional_hydroelectric_1_inlet,391,5.382769099115516
SRSE_conventional_hydroelectric_1_inlet,392,4.110444563195516
SRSE_conventional_hydroelectric_1_inlet,393,1.76196866112
SRSE_conventional_hydroelectric_1_inlet,394,1.76196866112
SRSE_conventional_hydroelectric_1_inlet,395,1.76196866112
SRSE_conventional_hydroelectric_1_inlet,396,1.76196866112
SRSE_conventional_hydroelectric_1_inlet,397,1.76196866112
SRSE_conventional_hydroelectric_1_inlet,398,0.0
SRSE_conventional_hydroelectric_1_inlet,399,0.12085360906947827
SRSE_conventional_hydroelectric_1_inlet,400,0.0
SRSE_conventional_hydroelectric_1_inlet,401,0.0
SRSE_conventional_hydroelectric_1_inlet,402,1.7605735948800003
SRSE_conventional_hydroelectric_1_inlet,403,1.7605735948800003
SRSE_conventional_hydroelectric_1_inlet,404,0.0
SRSE_conventional_hydroelectric_1_inlet,405,0.0
SRSE_conventional_hydroelectric_1_inlet,406,1.7605735948800003
SRSE_conventional_hydroelectric_1_inlet,407,1.7605735948800003
SRSE_conventional_hydroelectric_1_inlet,408,1.5889649045022567
SRSE_conventional_hydroelectric_1_inlet,409,1.7452278662399998
SRSE_conventional_hydroelectric_1_inlet,410,3.5099866598400005
SRSE_conventional_hydroelectric_1_inlet,411,3.5099866598400005
SRSE_conventional_hydroelectric_1_inlet,412,3.5099866598400005
SRSE_conventional_hydroelectric_1_inlet,413,3.5085915936000003
SRSE_conventional_hydroelectric_1_inlet,414,1.74522786624
SRSE_conventional_hydroelectric_1_inlet,415,6.417304704
SRSE_conventional_hydroelectric_1_inlet,416,5.57037122924736
SRSE_conventional_hydroelectric_1_inlet,417,1.7256969388800005
SRSE_conventional_hydroelectric_1_inlet,418,1.7229068064000013
SRSE_conventional_hydroelectric_1_inlet,419,0.0
SRSE_conventional_hydroelectric_1_inlet,420,0.0
SRSE_conventional_hydroelectric_1_inlet,421,0.0
SRSE_conventional_hydroelectric_1_inlet,422,0.0
SRSE_conventional_hydroelectric_1_inlet,423,0.0
SRSE_conventional_hydroelectric_1_inlet,424,0.0
SRSE_conventional_hydroelectric_1_inlet,425,0.0
SRSE_conventional_hydroelectric_1_inlet,426,0.0
SRSE_conventional_hydroelectric_1_inlet,427,0.0
SRSE_conventional_hydroelectric_1_inlet,428,0.0
SRSE_conventional_hydroelectric_1_inlet,429,0.0
SRSE_conventional_hydroelectric_1_inlet,430,0.0
SRSE_conventional_hydroelectric_1_inlet,431,0.0
SRSE_conventional_hydroelectric_1_inlet,432,1.686635084160001
SRSE_conventional_hydroelectric_1_inlet,433,3.48487546752
SRSE_conventional_hydroelectric_1_inlet,434,5.249634261120001
SRSE_conventional_hydroelectric_1_inlet,435,5.249634261120001
SRSE_conventional_hydroelectric_1_inlet,436,5.249634261120001
SRSE_conventional_hydroelectric_1_inlet,437,5.248239194880001
SRSE_conventional_hydroelectric_1_inlet,438,3.48487546752
SRSE_conventional_hydroelectric_1_inlet,439,8.15695230528
SRSE_conventional_hydroelectric_1_inlet,440,7.310018830527361
SRSE_conventional_hydroelectric_1_inlet,441,3.4653445401600007
SRSE_conventional_hydroelectric_1_inlet,442,3.4625544076800012
SRSE_conventional_hydroelectric_1_inlet,443,1.7396476012800002
SRSE_conventional_hydroelectric_1_inlet,444,0.0
SRSE_conventional_hydroelectric_1_inlet,445,1.7396476012800002
SRSE_conventional_hydroelectric_1_inlet,446,0.5182645645809245
SRSE_conventional_hydroelectric_1_inlet,447,0.0
SRSE_conventional_hydroelectric_1_inlet,448,0.0
SRSE_conventional_hydroelectric_1_inlet,449,0.0
SRSE_conventional_hydroelectric_1_inlet,450,0.0
SRSE_conventional_hydroelectric_1_inlet,451,0.0
SRSE_conventional_hydroelectric_1_inlet,452,1.7396476012800002
SRSE_conventional_hydroelectric_1_inlet,453,1.7396476012800002
SRSE_conventional_hydroelectric_1_inlet,454,1.7396476012800002
SRSE_conventional_hydroelectric_1_inlet,455,1.7396476012800002
SRSE_conventional_hydroelectric_1_inlet,456,3.4262826854400013
SRSE_conventional_hydroelectric_1_inlet,457,5.417042209920001
SRSE_conventional_hydroelectric_1_inlet,458,7.181801003520001
SRSE_conventional_hydroelectric_1_inlet,459,7.18319606976
SRSE_conventional_hydroelectric_1_inlet,460,7.18319606976
SRSE_conventional_hydroelectric_1_inlet,461,7.181801003520001
SRSE_conventional_hydroelectric_1_inlet,462,5.4198323424
SRSE_conventional_hydroelectric_1_inlet,463,10.09190918016
SRSE_conventional_hydroelectric_1_inlet,464,9.24637077164736
SRSE_conventional_hydroelectric_1_inlet,465,5.401696481280001
SRSE_conventional_hydroelectric_1_inlet,466,5.400301415040001
SRSE_conventional_hydroelectric_1_inlet,467,3.6773946086400002
SRSE_conventional_hydroelectric_1_inlet,468,1.9391420736000005
SRSE_conventional_hydroelectric_1_inlet,469,3.1090540361741503
SRSE_conventional_hydroelectric_1_inlet,470,0.0
SRSE_conventional_hydroelectric_1_inlet,471,0.0
SRSE_conventional_hydroelectric_1_inlet,472,0.0
SRSE_conventional_hydroelectric_1_inlet,473,0.0
SRSE_conventional_hydroelectric_1_inlet,474,1.9433272723200006
SRSE_conventional_hydroelectric_1_inlet,475,1.9433272723200006
SRSE_conventional_hydroelectric_1_inlet,476,3.6843699398400003
SRSE_conventional_hydroelectric_1_inlet,477,3.6843699398400003
SRSE_conventional_hydroelectric_1_inlet,478,3.6857650060800005
SRSE_conventional_hydroelectric_1_inlet,479,3.6857650060800005
SRSE_conventional_hydroelectric_1_inlet,480,5.373795156480001
SRSE_conventional_hydroelectric_1_inlet,481,7.40501160192
SRSE_conventional_hydroelectric_1_inlet,482,9.16977039552
SRSE_conventional_hydroelectric_1_inlet,483,9.17116546176
SRSE_conventional_hydroelectric_1_inlet,484,9.17116546176
SRSE_conventional_hydroelectric_1_inlet,485,9.16977039552
SRSE_conventional_hydroelectric_1_inlet,486,7.4078017344
SRSE_conventional_hydroelectric_1_inlet,487,12.079878572160002
SRSE_conventional_hydroelectric_1_inlet,488,11.23434016364736
SRSE_conventional_hydroelectric_1_inlet,489,7.389665873280001
SRSE_conventional_hydroelectric_1_inlet,490,7.388270807040001
SRSE_conventional_hydroelectric_1_inlet,491,5.66536400064
SRSE_conventional_hydroelectric_1_inlet,492,3.927111465600001
SRSE_conventional_hydroelectric_1_inlet,493,5.09702342817415
SRSE_conventional_hydroelectric_1_inlet,494,1.987969392
SRSE_conventional_hydroelectric_1_inlet,495,1.987969392
SRSE_conventional_hydroelectric_1_inlet,496,1.987969392
SRSE_conventional_hydroelectric_1_inlet,497,1.987969392
SRSE_conventional_hydroelectric_1_inlet,498,3.931296664320001
SRSE_conventional_hydroelectric_1_inlet,499,3.931296664320001
SRSE_conventional_hydroelectric_1_inlet,500,5.67233933184
SRSE_conventional_hydroelectric_1_inlet,501,5.67233933184
SRSE_conventional_hydroelectric_1_inlet,502,5.673734398080001
SRSE_conventional_hydroelectric_1_inlet,503,5.673734398080001
SRSE_conventional_hydroelectric_1_inlet,504,7.361764548480001
SRSE_conventional_hydroelectric_1_inlet,505,9.27579542976
SRSE_conventional_hydroelectric_1_inlet,506,11.04055422336
SRSE_conventional_hydroelectric_1_inlet,507,11.0419492896
SRSE_conventional_hydroelectric_1_inlet,508,11.0419492896
SRSE_conventional_hydroelectric_1_inlet,509,11.04055422336
SRSE_conventional_hydroelectric_1_inlet,510,9.27858556224
SRSE_conventional_hydroelectric_1_inlet,511,13.9506624
SRSE_conventional_hydroelectric_1_inlet,512,13.105123991487359
SRSE_conventional_hydroelectric_1_inlet,513,9.26044970112
SRSE_conventional_hydroelectric_1_inlet,514,9.259054634880002
SRSE_conventional_hydroelectric_1_inlet,515,7.53614782848
SRSE_conventional_hydroelectric_1_inlet,516,5.797895293440001
SRSE_conventional_hydroelectric_1_inlet,517,6.96780725601415
SRSE_conventional_hydroelectric_1_inlet,518,3.8587532198400005
SRSE_conventional_hydroelectric_1_inlet,519,3.8587532198400005
SRSE_conventional_hydroelectric_1_inlet,520,3.8587532198400005
SRSE_conventional_hydroelectric_1_inlet,521,3.8587532198400005
SRSE_conventional_hydroelectric_1_inlet,522,5.802080492160001
SRSE_conventional_hydroelectric_1_inlet,523,5.802080492160001
SRSE_conventional_hydroelectric_1_inlet,524,7.54312315968
SRSE_conventional_hydroelectric_1_inlet,525,7.54312315968
SRSE_conventional_hydroelectric_1_inlet,526,7.54451822592
SRSE_conventional_hydroelectric_1_inlet,527,7.54451822592
SRSE_conventional_hydroelectric_1_inlet,528,9.23254837632
SRSE_conventional_hydroelectric_1_inlet,529,11.40327144576
SRSE_conventional_hydroelectric_1_inlet,530,13.169425305599999
SRSE_conventional_hydroelectric_1_inlet,531,13.17361050432
SRSE_conventional_hydroelectric_1_inlet,532,11.40327144576
SRSE_conventional_hydroelectric_1_inlet,533,12.113331693978157
SRSE_conventional_hydroelectric_1_inlet,534,11.40327144576
SRSE_conventional_hydroelectric_1_inlet,535,11.40327144576
SRSE_conventional_hydroelectric_1_inlet,536,11.40327144576
SRSE_conventional_hydroelectric_1_inlet,537,11.40327144576
SRSE_conventional_hydroelectric_1_inlet,538,11.40327144576
SRSE_conventional_hydroelectric_1_inlet,539,9.681759705600001
SRSE_conventional_hydroelectric_1_inlet,540,7.9462973030400015
SRSE_conventional_hydroelectric_1_inlet,541,9.11760433185415
SRSE_conventional_hydroelectric_1_inlet,542,6.009945361920001
SRSE_conventional_hydroelectric_1_inlet,543,6.012735494400001
SRSE_conventional_hydroelectric_1_inlet,544,6.014130560640001
SRSE_conventional_hydroelectric_1_inlet,545,6.015525626880001
SRSE_conventional_hydroelectric_1_inlet,546,7.961643031680001
SRSE_conventional_hydroelectric_1_inlet,547,7.963038097920001
SRSE_conventional_hydroelectric_1_inlet,548,9.70547583168
SRSE_conventional_hydroelectric_1_inlet,549,9.70826596416
SRSE_conventional_hydroelectric_1_inlet,550,9.71105609664
SRSE_conventional_hydroelectric_1_inlet,551,9.71245116288
SRSE_conventional_hydroelectric_1_inlet,552,11.40327144576
SRSE_conventional_hydroelectric_1_inlet,553,13.9506624
SRSE_conventional_hydroelectric_1_inlet,554,13.9506624
SRSE_conventional_hydroelectric_1_inlet,555,13.9506624
SRSE_conventional_hydroelectric_1_inlet,556,13.9506624
SRSE_conventional_hydroelectric_1_inlet,557,13.9506624
SRSE_conventional_hydroelectric_1_inlet,558,13.9506624
SRSE_conventional_hydroelectric_1_inlet,559,13.9506624
SRSE_conventional_hydroelectric_1_inlet,560,13.9506624
SRSE_conventional_hydroelectric_1_inlet,561,13.9506624
SRSE_conventional_hydroelectric_1_inlet,562,13.9506624
SRSE_conventional_hydroelectric_1_inlet,563,12.22915065984
SRSE_conventional_hydroelectric_1_inlet,564,10.493688257280002
SRSE_conventional_hydroelectric_1_inlet,565,11.66499528609415
SRSE_conventional_hydroelectric_1_inlet,566,8.55733631616
SRSE_conventional_hydroelectric_1_inlet,567,8.560126448640002
SRSE_conventional_hydroelectric_1_inlet,568,8.14398293590726
SRSE_conventional_hydroelectric_1_inlet,569,8.562916581120001
SRSE_conventional_hydroelectric_1_inlet,570,10.509033985920002
SRSE_conventional_hydroelectric_1_inlet,571,10.510429052160001
SRSE_conventional_hydroelectric_1_inlet,572,12.25286678592
SRSE_conventional_hydroelectric_1_inlet,573,12.255656918400001
SRSE_conventional_hydroelectric_1_inlet,574,12.258447050880001
SRSE_conventional_hydroelectric_1_inlet,575,12.259842117120002
SRSE_conventional_hydroelectric_1_inlet,576,13.9506624
SRSG_conventional_hydroelectric_1_inlet,1,4.075691273090412
SRSG_conventional_hydroelectric_1_inlet,2,0.9975632420084154
SRSG_conventional_hydroelectric_1_inlet,3,0.278809279788116
SRSG_conventional_hydroelectric_1_inlet,4,4.188278057819558
SRSG_conventional_hydroelectric_1_inlet,5,0.0
SRSG_conventional_hydroelectric_1_inlet,6,1.265267341156896
SRSG_conventional_hydroelectric_1_inlet,7,0.0
SRSG_conventional_hydroelectric_1_inlet,8,3.5025987856486474
SRSG_conventional_hydroelectric_1_inlet,9,3.604354438856323
SRSG_conventional_hydroelectric_1_inlet,10,3.2751323557240473
SRSG_conventional_hydroelectric_1_inlet,11,0.0
SRSG_conventional_hydroelectric_1_inlet,12,0.6591268490144038
SRSG_conventional_hydroelectric_1_inlet,13,0.0
SRSG_conventional_hydroelectric_1_inlet,14,4.050684202365723
SRSG_conventional_hydroelectric_1_inlet,15,4.047928362335662
SRSG_conventional_hydroelectric_1_inlet,16,7.202520193211119
SRSG_conventional_hydroelectric_1_inlet,17,0.0
SRSG_conventional_hydroelectric_1_inlet,18,0.0
SRSG_conventional_hydroelectric_1_inlet,19,0.0
SRSG_conventional_hydroelectric_1_inlet,20,0.0
SRSG_conventional_hydroelectric_1_inlet,21,0.0
SRSG_conventional_hydroelectric_1_inlet,22,0.0
SRSG_conventional_hydroelectric_1_inlet,23,0.0
SRSG_conventional_hydroelectric_1_inlet,24,0.0
SRSG_conventional_hydroelectric_1_inlet,25,6.993378876385936
SRSG_conventional_hydroelectric_1_inlet,26,3.918034289008383
SRSG_conventional_hydroelectric_1_inlet,27,3.2010758833013067
SRSG_conventional_hydroelectric_1_inlet,28,7.113300501362811
SRSG_conventional_hydroelectric_1_inlet,29,2.926818000056476
SRSG_conventional_hydroelectric_1_inlet,30,4.194841181243433
SRSG_conventional_hydroelectric_1_inlet,31,2.9313994329112965
SRSG_conventional_hydroelectric_1_inlet,32,6.43672402227847
SRSG_conventional_hydroelectric_1_inlet,33,6.540305268310905
SRSG_conventional_hydroelectric_1_inlet,34,6.213866628883072
SRSG_conventional_hydroelectric_1_inlet,35,2.9414600768775507
SRSG_conventional_hydroelectric_1_inlet,36,3.385368698987151
SRSG_conventional_hydroelectric_1_inlet,37,2.946011473420836
SRSG_conventional_hydroelectric_1_inlet,38,6.998521268611317
SRSG_conventional_hydroelectric_1_inlet,39,6.998521268611317
SRSG_conventional_hydroelectric_1_inlet,40,10.154908655999998
SRSG_conventional_hydroelectric_1_inlet,41,2.9314413029317783
SRSG_conventional_hydroelectric_1_inlet,42,0.0
SRSG_conventional_hydroelectric_1_inlet,43,0.0
SRSG_conventional_hydroelectric_1_inlet,44,0.0
SRSG_conventional_hydroelectric_1_inlet,45,2.964304735891428
SRSG_conventional_hydroelectric_1_inlet,46,2.9660726887302706
SRSG_conventional_hydroelectric_1_inlet,47,2.8747017695988837
SRSG_conventional_hydroelectric_1_inlet,48,2.970651688947937
SRSG_conventional_hydroelectric_1_inlet,49,10.154908655999998
SRSG_conventional_hydroelectric_1_inlet,50,7.079534032310909
SRSG_conventional_hydroelectric_1_inlet,51,6.362545590292298
SRSG_conventional_hydroelectric_1_inlet,52,5.622741238799578
SRSG_conventional_hydroelectric_1_inlet,53,6.087272216181867
SRSG_conventional_hydroelectric_1_inlet,54,4.429373167120226
SRSG_conventional_hydroelectric_1_inlet,55,3.2410063417903325
SRSG_conventional_hydroelectric_1_inlet,56,1.4124845048144559
SRSG_conventional_hydroelectric_1_inlet,57,4.004159408621821
SRSG_conventional_hydroelectric_1_inlet,58,6.953173099463118
SRSG_conventional_hydroelectric_1_inlet,59,4.004159408621821
SRSG_conventional_hydroelectric_1_inlet,60,4.004159408621821
SRSG_conventional_hydroelectric_1_inlet,61,6.1033867480007356
SRSG_conventional_hydroelectric_1_inlet,62,10.154908655999998
SRSG_conventional_hydroelectric_1_inlet,63,10.154908655999998
SRSG_conventional_hydroelectric_1_inlet,64,10.154908655999998
SRSG_conventional_hydroelectric_1_inlet,65,6.086783163143324
SRSG_conventional_hydroelectric_1_inlet,66,3.1553418602115455
SRSG_conventional_hydroelectric_1_inlet,67,0.0
SRSG_conventional_hydroelectric_1_inlet,68,3.15429633303441
SRSG_conventional_hydroelectric_1_inlet,69,4.582068485556969
SRSG_conventional_hydroelectric_1_inlet,70,6.119381134573461
SRSG_conventional_hydroelectric_1_inlet,71,6.027980179130538
SRSG_conventional_hydroelectric_1_inlet,72,6.1229446439255275
SRSG_conventional_hydroelectric_1_inlet,73,7.079534032310911
SRSG_conventional_hydroelectric_1_inlet,74,10.154908655999998
SRSG_conventional_hydroelectric_1_inlet,75,9.437920213981387
SRSG_conventional_hydroelectric_1_inlet,76,8.698115862488669
SRSG_conventional_hydroelectric_1_inlet,77,9.162646839870956
SRSG_conventional_hydroelectric_1_inlet,78,7.079534032310911
SRSG_conventional_hydroelectric_1_inlet,79,2.1243568520547274
SRSG_conventional_hydroelectric_1_inlet,80,4.487859128503546
SRSG_conventional_hydroelectric_1_inlet,81,7.079534032310911
SRSG_conventional_hydroelectric_1_inlet,82,7.079534032310911
SRSG_conventional_hydroelectric_1_inlet,83,7.079534032310911
SRSG_conventional_hydroelectric_1_inlet,84,7.079534032310911
SRSG_conventional_hydroelectric_1_inlet,85,9.178761371689825
SRSG_conventional_hydroelectric_1_inlet,86,10.154908655999998
SRSG_conventional_hydroelectric_1_inlet,87,10.154908655999998
SRSG_conventional_hydroelectric_1_inlet,88,10.154908655999998
SRSG_conventional_hydroelectric_1_inlet,89,9.162157786832413
SRSG_conventional_hydroelectric_1_inlet,90,3.973041477637124
SRSG_conventional_hydroelectric_1_inlet,91,1.7748188122477064
SRSG_conventional_hydroelectric_1_inlet,92,0.0
SRSG_conventional_hydroelectric_1_inlet,93,7.657443109246059
SRSG_conventional_hydroelectric_1_inlet,94,7.991953452657646
SRSG_conventional_hydroelectric_1_inlet,95,4.39670244982026
SRSG_conventional_hydroelectric_1_inlet,96,1.362497515210674
SRSG_conventional_hydroelectric_1_inlet,97,0.0
SRSG_conventional_hydroelectric_1_inlet,98,3.075374623689088
SRSG_conventional_hydroelectric_1_inlet,99,2.3583861816704768
SRSG_conventional_hydroelectric_1_inlet,100,1.6185818301777575
SRSG_conventional_hydroelectric_1_inlet,101,2.0831128075600454
SRSG_conventional_hydroelectric_1_inlet,102,0.0
SRSG_conventional_hydroelectric_1_inlet,103,2.025852861186465
SRSG_conventional_hydroelectric_1_inlet,104,1.49254110851059
SRSG_conventional_hydroelectric_1_inlet,105,0.0
SRSG_conventional_hydroelectric_1_inlet,106,0.0
SRSG_conventional_hydroelectric_1_inlet,107,0.0
SRSG_conventional_hydroelectric_1_inlet,108,0.0
SRSG_conventional_hydroelectric_1_inlet,109,6.845455278999593
SRSG_conventional_hydroelectric_1_inlet,110,6.845370035339295
SRSG_conventional_hydroelectric_1_inlet,111,6.844324508162161
SRSG_conventional_hydroelectric_1_inlet,112,6.843281413622179
SRSG_conventional_hydroelectric_1_inlet,113,9.247804921048738
SRSG_conventional_hydroelectric_1_inlet,114,6.513504578788452
SRSG_conventional_hydroelectric_1_inlet,115,4.850193435936797
SRSG_conventional_hydroelectric_1_inlet,116,0.0
SRSG_conventional_hydroelectric_1_inlet,117,1.366151717793916
SRSG_conventional_hydroelectric_1_inlet,118,4.470809787566896
SRSG_conventional_hydroelectric_1_inlet,119,0.5176951314451681
SRSG_conventional_hydroelectric_1_inlet,120,0.0
SRSG_conventional_hydroelectric_1_inlet,121,3.299687217276386
SRSG_conventional_hydroelectric_1_inlet,122,6.376134971816992
SRSG_conventional_hydroelectric_1_inlet,123,5.66018962433836
SRSG_conventional_hydroelectric_1_inlet,124,4.920470516505938
SRSG_conventional_hydroelectric_1_inlet,125,5.386074624739743
SRSG_conventional_hydroelectric_1_inlet,126,3.3040049117196792
SRSG_conventional_hydroelectric_1_inlet,127,5.33093090375766
SRSG_conventional_hydroelectric_1_inlet,128,4.797676791067703
SRSG_conventional_hydroelectric_1_inlet,129,0.0
SRSG_conventional_hydroelectric_1_inlet,130,0.5136792073779128
SRSG_conventional_hydroelectric_1_inlet,131,3.307337151608908
SRSG_conventional_hydroelectric_1_inlet,132,3.308380246148889
SRSG_conventional_hydroelectric_1_inlet,133,10.154908655999998
SRSG_conventional_hydroelectric_1_inlet,134,10.154908655999998
SRSG_conventional_hydroelectric_1_inlet,135,10.154908655999998
SRSG_conventional_hydroelectric_1_inlet,136,10.154908655999998
SRSG_conventional_hydroelectric_1_inlet,137,10.154908655999998
SRSG_conventional_hydroelectric_1_inlet,138,7.147132655517469
SRSG_conventional_hydroelectric_1_inlet,139,5.883757659260042
SRSG_conventional_hydroelectric_1_inlet,140,3.313943991401449
SRSG_conventional_hydroelectric_1_inlet,141,4.681138803735346
SRSG_conventional_hydroelectric_1_inlet,142,6.810450170928759
SRSG_conventional_hydroelectric_1_inlet,143,3.833812988224032
SRSG_conventional_hydroelectric_1_inlet,144,3.3171609513188454
SRSG_conventional_hydroelectric_1_inlet,145,6.271526087822451
SRSG_conventional_hydroelectric_1_inlet,146,9.720593456888233
SRSG_conventional_hydroelectric_1_inlet,147,5.532408904204523
SRSG_conventional_hydroelectric_1_inlet,148,8.264929001577178
SRSG_conventional_hydroelectric_1_inlet,149,8.730533109810985
SRSG_conventional_hydroelectric_1_inlet,150,6.648463396790919
SRSG_conventional_hydroelectric_1_inlet,151,8.389119713594573
SRSG_conventional_hydroelectric_1_inlet,152,3.3774582027440974
SRSG_conventional_hydroelectric_1_inlet,153,0.0
SRSG_conventional_hydroelectric_1_inlet,154,0.0
SRSG_conventional_hydroelectric_1_inlet,155,6.6517956366801485
SRSG_conventional_hydroelectric_1_inlet,156,6.65283873122013
SRSG_conventional_hydroelectric_1_inlet,157,10.154908655999998
SRSG_conventional_hydroelectric_1_inlet,158,10.154908655999998
SRSG_conventional_hydroelectric_1_inlet,159,10.154908655999998
SRSG_conventional_hydroelectric_1_inlet,160,10.154908655999998
SRSG_conventional_hydroelectric_1_inlet,161,10.154908655999998
SRSG_conventional_hydroelectric_1_inlet,162,8.813194254796805
SRSG_conventional_hydroelectric_1_inlet,163,9.228216144331283
SRSG_conventional_hydroelectric_1_inlet,164,6.6584024764726895
SRSG_conventional_hydroelectric_1_inlet,165,8.025597288806585
SRSG_conventional_hydroelectric_1_inlet,166,10.154908655999998
SRSG_conventional_hydroelectric_1_inlet,167,6.660564009731194
SRSG_conventional_hydroelectric_1_inlet,168,4.062197482047373
SRSG_conventional_hydroelectric_1_inlet,169,9.753542365497369
SRSG_conventional_hydroelectric_1_inlet,170,9.639648063346538
SRSG_conventional_hydroelectric_1_inlet,171,9.015788945297697
SRSG_conventional_hydroelectric_1_inlet,172,10.154908655999998
SRSG_conventional_hydroelectric_1_inlet,173,10.154908655999998
SRSG_conventional_hydroelectric_1_inlet,174,9.985964609183593
SRSG_conventional_hydroelectric_1_inlet,175,5.488159165594096
SRSG_conventional_hydroelectric_1_inlet,176,3.077303675732218
SRSG_conventional_hydroelectric_1_inlet,177,0.0
SRSG_conventional_hydroelectric_1_inlet,178,3.4867740767234583
SRSG_conventional_hydroelectric_1_inlet,179,10.139730520552575
SRSG_conventional_hydroelectric_1_inlet,180,10.141004175036224
SRSG_conventional_hydroelectric_1_inlet,181,10.154908655999998
SRSG_conventional_hydroelectric_1_inlet,182,10.154908655999998
SRSG_conventional_hydroelectric_1_inlet,183,10.154908655999998
SRSG_conventional_hydroelectric_1_inlet,184,10.154908655999998
SRSG_conventional_hydroelectric_1_inlet,185,10.154908655999998
SRSG_conventional_hydroelectric_1_inlet,186,10.154908655999998
SRSG_conventional_hydroelectric_1_inlet,187,10.154908655999998
SRSG_conventional_hydroelectric_1_inlet,188,10.151152799379574
SRSG_conventional_hydroelectric_1_inlet,189,10.154908655999998
SRSG_conventional_hydroelectric_1_inlet,190,10.154908655999998
SRSG_conventional_hydroelectric_1_inlet,191,10.154908655999998
SRSG_conventional_hydroelectric_1_inlet,192,7.556745084585465
SRSG_conventional_hydroelectric_1_inlet,193,10.154908655999998
SRSG_conventional_hydroelectric_1_inlet,194,10.154908655999998
SRSG_conventional_hydroelectric_1_inlet,195,10.154908655999998
SRSG_conventional_hydroelectric_1_inlet,196,10.154908655999998
SRSG_conventional_hydroelectric_1_inlet,197,8.396466936336457
SRSG_conventional_hydroelectric_1_inlet,198,8.7585722838588
SRSG_conventional_hydroelectric_1_inlet,199,9.041797146379196
SRSG_conventional_hydroelectric_1_inlet,200,3.4248148421785714
SRSG_conventional_hydroelectric_1_inlet,201,3.4248497437644168
SRSG_conventional_hydroelectric_1_inlet,202,7.040412057508559
SRSG_conventional_hydroelectric_1_inlet,203,10.154908655999998
SRSG_conventional_hydroelectric_1_inlet,204,10.154908655999998
SRSG_conventional_hydroelectric_1_inlet,205,10.154908655999998
SRSG_conventional_hydroelectric_1_inlet,206,10.154908655999998
SRSG_conventional_hydroelectric_1_inlet,207,10.154908655999998
SRSG_conventional_hydroelectric_1_inlet,208,10.154908655999998
SRSG_conventional_hydroelectric_1_inlet,209,10.154908655999998
SRSG_conventional_hydroelectric_1_inlet,210,10.154908655999998
SRSG_conventional_hydroelectric_1_inlet,211,10.154908655999998
SRSG_conventional_hydroelectric_1_inlet,212,10.154908655999998
SRSG_conventional_hydroelectric_1_inlet,213,10.154908655999998
SRSG_conventional_hydroelectric_1_inlet,214,10.154908655999998
SRSG_conventional_hydroelectric_1_inlet,215,10.154908655999998
SRSG_conventional_hydroelectric_1_inlet,216,10.154908655999998
SRSG_conventional_hydroelectric_1_inlet,217,7.247715330293077
SRSG_conventional_hydroelectric_1_inlet,218,10.154908655999998
SRSG_conventional_hydroelectric_1_inlet,219,10.154908655999998
SRSG_conventional_hydroelectric_1_inlet,220,10.154908655999998
SRSG_conventional_hydroelectric_1_inlet,221,10.154908655999998
SRSG_conventional_hydroelectric_1_inlet,222,8.878501211604043
SRSG_conventional_hydroelectric_1_inlet,223,6.774278207902696
SRSG_conventional_hydroelectric_1_inlet,224,6.774310676851385
SRSG_conventional_hydroelectric_1_inlet,225,6.774345578437231
SRSG_conventional_hydroelectric_1_inlet,226,9.339032394411381
SRSG_conventional_hydroelectric_1_inlet,227,10.154908655999998
SRSG_conventional_hydroelectric_1_inlet,228,10.154908655999998
SRSG_conventional_hydroelectric_1_inlet,229,10.154908655999998
SRSG_conventional_hydroelectric_1_inlet,230,10.154908655999998
SRSG_conventional_hydroelectric_1_inlet,231,10.154908655999998
SRSG_conventional_hydroelectric_1_inlet,232,10.154908655999998
SRSG_conventional_hydroelectric_1_inlet,233,9.09740204370797
SRSG_conventional_hydroelectric_1_inlet,234,6.772641718830092
SRSG_conventional_hydroelectric_1_inlet,235,8.30832867133772
SRSG_conventional_hydroelectric_1_inlet,236,10.154908655999998
SRSG_conventional_hydroelectric_1_inlet,237,10.154908655999998
SRSG_conventional_hydroelectric_1_inlet,238,10.154908655999998
SRSG_conventional_hydroelectric_1_inlet,239,10.154908655999998
SRSG_conventional_hydroelectric_1_inlet,240,10.154908655999998
SRSG_conventional_hydroelectric_1_inlet,241,10.154908655999998
SRSG_conventional_hydroelectric_1_inlet,242,10.154908655999998
SRSG_conventional_hydroelectric_1_inlet,243,10.154908655999998
SRSG_conventional_hydroelectric_1_inlet,244,10.154908655999998
SRSG_conventional_hydroelectric_1_inlet,245,10.154908655999998
SRSG_conventional_hydroelectric_1_inlet,246,10.154908655999998
SRSG_conventional_hydroelectric_1_inlet,247,10.154908655999998
SRSG_conventional_hydroelectric_1_inlet,248,10.154908655999998
SRSG_conventional_hydroelectric_1_inlet,249,10.154908655999998
SRSG_conventional_hydroelectric_1_inlet,250,10.154908655999998
SRSG_conventional_hydroelectric_1_inlet,251,10.154908655999998
SRSG_conventional_hydroelectric_1_inlet,252,10.154908655999998
SRSG_conventional_hydroelectric_1_inlet,253,10.154908655999998
SRSG_conventional_hydroelectric_1_inlet,254,10.154908655999998
SRSG_conventional_hydroelectric_1_inlet,255,10.154908655999998
SRSG_conventional_hydroelectric_1_inlet,256,10.154908655999998
SRSG_conventional_hydroelectric_1_inlet,257,10.154908655999998
SRSG_conventional_hydroelectric_1_inlet,258,10.154908655999998
SRSG_conventional_hydroelectric_1_inlet,259,10.154908655999998
SRSG_conventional_hydroelectric_1_inlet,260,10.154908655999998
SRSG_conventional_hydroelectric_1_inlet,261,10.154908655999998
SRSG_conventional_hydroelectric_1_inlet,262,10.154908655999998
SRSG_conventional_hydroelectric_1_inlet,263,10.154908655999998
SRSG_conventional_hydroelectric_1_inlet,264,10.154908655999998
SRSG_conventional_hydroelectric_1_inlet,265,10.154908655999998
SRSG_conventional_hydroelectric_1_inlet,266,10.154908655999998
SRSG_conventional_hydroelectric_1_inlet,267,10.154908655999998
SRSG_conventional_hydroelectric_1_inlet,268,10.154908655999998
SRSG_conventional_hydroelectric_1_inlet,269,10.154908655999998
SRSG_conventional_hydroelectric_1_inlet,270,10.154908655999998
SRSG_conventional_hydroelectric_1_inlet,271,10.154908655999998
SRSG_conventional_hydroelectric_1_inlet,272,10.154908655999998
SRSG_conventional_hydroelectric_1_inlet,273,10.154908655999998
SRSG_conventional_hydroelectric_1_inlet,274,10.154908655999998
SRSG_conventional_hydroelectric_1_inlet,275,10.154908655999998
SRSG_conventional_hydroelectric_1_inlet,276,10.154908655999998
SRSG_conventional_hydroelectric_1_inlet,277,10.154908655999998
SRSG_conventional_hydroelectric_1_inlet,278,10.154908655999998
SRSG_conventional_hydroelectric_1_inlet,279,10.154908655999998
SRSG_conventional_hydroelectric_1_inlet,280,10.154908655999998
SRSG_conventional_hydroelectric_1_inlet,281,10.154908655999998
SRSG_conventional_hydroelectric_1_inlet,282,10.154908655999998
SRSG_conventional_hydroelectric_1_inlet,283,10.154908655999998
SRSG_conventional_hydroelectric_1_inlet,284,10.154908655999998
SRSG_conventional_hydroelectric_1_inlet,285,10.154908655999998
SRSG_conventional_hydroelectric_1_inlet,286,10.154908655999998
SRSG_conventional_hydroelectric_1_inlet,287,10.154908655999998
SRSG_conventional_hydroelectric_1_inlet,288,10.154908655999998
SRSG_conventional_hydroelectric_1_inlet,289,5.626421853868877
SRSG_conventional_hydroelectric_1_inlet,290,10.154908655999998
SRSG_conventional_hydroelectric_1_inlet,291,10.154908655999998
SRSG_conventional_hydroelectric_1_inlet,292,10.154908655999998
SRSG_conventional_hydroelectric_1_inlet,293,10.154908655999998
SRSG_conventional_hydroelectric_1_inlet,294,10.154908655999998
SRSG_conventional_hydroelectric_1_inlet,295,6.150987061608903
SRSG_conventional_hydroelectric_1_inlet,296,10.154908655999998
SRSG_conventional_hydroelectric_1_inlet,297,6.149787637989128
SRSG_conventional_hydroelectric_1_inlet,298,10.154908655999998
SRSG_conventional_hydroelectric_1_inlet,299,10.154908655999998
SRSG_conventional_hydroelectric_1_inlet,300,3.4163774091404533
SRSG_conventional_hydroelectric_1_inlet,301,10.154908655999998
SRSG_conventional_hydroelectric_1_inlet,302,3.4163798417776086
SRSG_conventional_hydroelectric_1_inlet,303,8.735983688106305
SRSG_conventional_hydroelectric_1_inlet,304,9.62924104858131
SRSG_conventional_hydroelectric_1_inlet,305,10.154908655999998
SRSG_conventional_hydroelectric_1_inlet,306,10.154908655999998
SRSG_conventional_hydroelectric_1_inlet,307,10.154908655999998
SRSG_conventional_hydroelectric_1_inlet,308,6.946516054097769
SRSG_conventional_hydroelectric_1_inlet,309,8.272451491163148
SRSG_conventional_hydroelectric_1_inlet,310,10.154908655999998
SRSG_conventional_hydroelectric_1_inlet,311,6.746617096255547
SRSG_conventional_hydroelectric_1_inlet,312,10.154908655999998
SRSG_conventional_hydroelectric_1_inlet,313,7.266185839221626
SRSG_conventional_hydroelectric_1_inlet,314,7.099237744706827
SRSG_conventional_hydroelectric_1_inlet,315,10.154908655999998
SRSG_conventional_hydroelectric_1_inlet,316,8.310991188078164
SRSG_conventional_hydroelectric_1_inlet,317,10.154908655999998
SRSG_conventional_hydroelectric_1_inlet,318,10.154908655999998
SRSG_conventional_hydroelectric_1_inlet,319,6.805222602616334
SRSG_conventional_hydroelectric_1_inlet,320,10.154908655999998
SRSG_conventional_hydroelectric_1_inlet,321,9.558079197733582
SRSG_conventional_hydroelectric_1_inlet,322,10.154908655999998
SRSG_conventional_hydroelectric_1_inlet,323,3.9244533312820686
SRSG_conventional_hydroelectric_1_inlet,324,6.8246689688849065
SRSG_conventional_hydroelectric_1_inlet,325,9.405640236437085
SRSG_conventional_hydroelectric_1_inlet,326,4.005969288874572
SRSG_conventional_hydroelectric_1_inlet,327,6.811007177263941
SRSG_conventional_hydroelectric_1_inlet,328,5.2710992643073435
SRSG_conventional_hydroelectric_1_inlet,329,6.030784548311539
SRSG_conventional_hydroelectric_1_inlet,330,7.751567825304138
SRSG_conventional_hydroelectric_1_inlet,331,7.745779385306831
SRSG_conventional_hydroelectric_1_inlet,332,0.9330508765431201
SRSG_conventional_hydroelectric_1_inlet,333,4.380692638111535
SRSG_conventional_hydroelectric_1_inlet,334,3.4082915597444514
SRSG_conventional_hydroelectric_1_inlet,335,0.0
SRSG_conventional_hydroelectric_1_inlet,336,8.026560564370389
SRSG_conventional_hydroelectric_1_inlet,337,4.17709497579379
SRSG_conventional_hydroelectric_1_inlet,338,5.979858758660669
SRSG_conventional_hydroelectric_1_inlet,339,4.69995466384649
SRSG_conventional_hydroelectric_1_inlet,340,10.154908655999998
SRSG_conventional_hydroelectric_1_inlet,341,8.98718265597152
SRSG_conventional_hydroelectric_1_inlet,342,10.154908655999998
SRSG_conventional_hydroelectric_1_inlet,343,10.154908655999998
SRSG_conventional_hydroelectric_1_inlet,344,10.154908655999998
SRSG_conventional_hydroelectric_1_inlet,345,10.154908655999998
SRSG_conventional_hydroelectric_1_inlet,346,7.578901011479889
SRSG_conventional_hydroelectric_1_inlet,347,6.931888971878784
SRSG_conventional_hydroelectric_1_inlet,348,6.932001819213463
SRSG_conventional_hydroelectric_1_inlet,349,10.154908655999998
SRSG_conventional_hydroelectric_1_inlet,350,7.35094146582499
SRSG_conventional_hydroelectric_1_inlet,351,10.154908655999998
SRSG_conventional_hydroelectric_1_inlet,352,8.614857859397185
SRSG_conventional_hydroelectric_1_inlet,353,9.37347244518702
SRSG_conventional_hydroelectric_1_inlet,354,10.154908655999998
SRSG_conventional_hydroelectric_1_inlet,355,10.154908655999998
SRSG_conventional_hydroelectric_1_inlet,356,4.273482097018043
SRSG_conventional_hydroelectric_1_inlet,357,7.72002312406056
SRSG_conventional_hydroelectric_1_inlet,358,2.0019549360496596
SRSG_conventional_hydroelectric_1_inlet,359,3.3381169040884484
SRSG_conventional_hydroelectric_1_inlet,360,10.154908655999998
SRSG_conventional_hydroelectric_1_inlet,361,7.408070667302872
SRSG_conventional_hydroelectric_1_inlet,362,7.410129252708454
SRSG_conventional_hydroelectric_1_inlet,363,6.661330150197125
SRSG_conventional_hydroelectric_1_inlet,364,7.550655585788603
SRSG_conventional_hydroelectric_1_inlet,365,5.156790190190536
SRSG_conventional_hydroelectric_1_inlet,366,6.792376524174756
SRSG_conventional_hydroelectric_1_inlet,367,10.154908655999998
SRSG_conventional_hydroelectric_1_inlet,368,10.154908655999998
SRSG_conventional_hydroelectric_1_inlet,369,10.154908655999998
SRSG_conventional_hydroelectric_1_inlet,370,10.154908655999998
SRSG_conventional_hydroelectric_1_inlet,371,10.154908655999998
SRSG_conventional_hydroelectric_1_inlet,372,10.154908655999998
SRSG_conventional_hydroelectric_1_inlet,373,10.154908655999998
SRSG_conventional_hydroelectric_1_inlet,374,7.437653055502867
SRSG_conventional_hydroelectric_1_inlet,375,10.154908655999998
SRSG_conventional_hydroelectric_1_inlet,376,6.922768493939568
SRSG_conventional_hydroelectric_1_inlet,377,8.390040310137595
SRSG_conventional_hydroelectric_1_inlet,378,10.154908655999998
SRSG_conventional_hydroelectric_1_inlet,379,10.154908655999998
SRSG_conventional_hydroelectric_1_inlet,380,2.825462812760333
SRSG_conventional_hydroelectric_1_inlet,381,4.345804378905258
SRSG_conventional_hydroelectric_1_inlet,382,2.609230847157688
SRSG_conventional_hydroelectric_1_inlet,383,5.204475107070626
SRSG_conventional_hydroelectric_1_inlet,384,10.002375539448133
SRSG_conventional_hydroelectric_1_inlet,385,0.0
SRSG_conventional_hydroelectric_1_inlet,386,0.0
SRSG_conventional_hydroelectric_1_inlet,387,1.2217911737266873
SRSG_conventional_hydroelectric_1_inlet,388,2.4343745316001337
SRSG_conventional_hydroelectric_1_inlet,389,0.0
SRSG_conventional_hydroelectric_1_inlet,390,1.003579186435493
SRSG_conventional_hydroelectric_1_inlet,391,2.7335261927468024
SRSG_conventional_hydroelectric_1_inlet,392,3.633761502038721
SRSG_conventional_hydroelectric_1_inlet,393,7.755805573360249
SRSG_conventional_hydroelectric_1_inlet,394,9.040011651215082
SRSG_conventional_hydroelectric_1_inlet,395,7.76091063136263
SRSG_conventional_hydroelectric_1_inlet,396,2.722303018513596
SRSG_conventional_hydroelectric_1_inlet,397,2.7193141859027126
SRSG_conventional_hydroelectric_1_inlet,398,0.0
SRSG_conventional_hydroelectric_1_inlet,399,2.7151970150915488
SRSG_conventional_hydroelectric_1_inlet,400,0.01668792332719486
SRSG_conventional_hydroelectric_1_inlet,401,4.542752017489626
SRSG_conventional_hydroelectric_1_inlet,402,2.708091011669505
SRSG_conventional_hydroelectric_1_inlet,403,6.576078941555565
SRSG_conventional_hydroelectric_1_inlet,404,0.0
SRSG_conventional_hydroelectric_1_inlet,405,0.39372973286158475
SRSG_conventional_hydroelectric_1_inlet,406,0.0
SRSG_conventional_hydroelectric_1_inlet,407,0.0
SRSG_conventional_hydroelectric_1_inlet,408,3.7034996569773444
SRSG_conventional_hydroelectric_1_inlet,409,0.0
SRSG_conventional_hydroelectric_1_inlet,410,0.0
SRSG_conventional_hydroelectric_1_inlet,411,0.0
SRSG_conventional_hydroelectric_1_inlet,412,0.0
SRSG_conventional_hydroelectric_1_inlet,413,0.0
SRSG_conventional_hydroelectric_1_inlet,414,0.0
SRSG_conventional_hydroelectric_1_inlet,415,0.0
SRSG_conventional_hydroelectric_1_inlet,416,0.0
SRSG_conventional_hydroelectric_1_inlet,417,0.0
SRSG_conventional_hydroelectric_1_inlet,418,7.2568035354547415
SRSG_conventional_hydroelectric_1_inlet,419,0.0
SRSG_conventional_hydroelectric_1_inlet,420,0.0
SRSG_conventional_hydroelectric_1_inlet,421,0.0
SRSG_conventional_hydroelectric_1_inlet,422,0.0
SRSG_conventional_hydroelectric_1_inlet,423,0.0
SRSG_conventional_hydroelectric_1_inlet,424,0.0
SRSG_conventional_hydroelectric_1_inlet,425,0.0
SRSG_conventional_hydroelectric_1_inlet,426,0.0
SRSG_conventional_hydroelectric_1_inlet,427,0.0
SRSG_conventional_hydroelectric_1_inlet,428,0.0
SRSG_conventional_hydroelectric_1_inlet,429,0.0
SRSG_conventional_hydroelectric_1_inlet,430,0.0
SRSG_conventional_hydroelectric_1_inlet,431,0.0
SRSG_conventional_hydroelectric_1_inlet,432,0.0
SRSG_conventional_hydroelectric_1_inlet,433,0.0
SRSG_conventional_hydroelectric_1_inlet,434,0.0
SRSG_conventional_hydroelectric_1_inlet,435,0.0
SRSG_conventional_hydroelectric_1_inlet,436,2.296088703846912
SRSG_conventional_hydroelectric_1_inlet,437,0.0
SRSG_conventional_hydroelectric_1_inlet,438,2.296088703846912
SRSG_conventional_hydroelectric_1_inlet,439,0.0
SRSG_conventional_hydroelectric_1_inlet,440,2.296088703846912
SRSG_conventional_hydroelectric_1_inlet,441,2.296088703846912
SRSG_conventional_hydroelectric_1_inlet,442,3.873743703557982
SRSG_conventional_hydroelectric_1_inlet,443,2.296088703846912
SRSG_conventional_hydroelectric_1_inlet,444,0.0
SRSG_conventional_hydroelectric_1_inlet,445,0.0
SRSG_conventional_hydroelectric_1_inlet,446,0.0
SRSG_conventional_hydroelectric_1_inlet,447,0.0
SRSG_conventional_hydroelectric_1_inlet,448,0.0
SRSG_conventional_hydroelectric_1_inlet,449,0.0
SRSG_conventional_hydroelectric_1_inlet,450,0.0
SRSG_conventional_hydroelectric_1_inlet,451,0.0
SRSG_conventional_hydroelectric_1_inlet,452,2.0734077539530245
SRSG_conventional_hydroelectric_1_inlet,453,2.296088703846912
SRSG_conventional_hydroelectric_1_inlet,454,0.0
SRSG_conventional_hydroelectric_1_inlet,455,0.0
SRSG_conventional_hydroelectric_1_inlet,456,0.0
SRSG_conventional_hydroelectric_1_inlet,457,0.0
SRSG_conventional_hydroelectric_1_inlet,458,0.0
SRSG_conventional_hydroelectric_1_inlet,459,1.5223666709438106
SRSG_conventional_hydroelectric_1_inlet,460,4.214958027081931
SRSG_conventional_hydroelectric_1_inlet,461,0.0
SRSG_conventional_hydroelectric_1_inlet,462,4.211821445550524
SRSG_conventional_hydroelectric_1_inlet,463,1.914629574540559
SRSG_conventional_hydroelectric_1_inlet,464,4.209642714898801
SRSG_conventional_hydroelectric_1_inlet,465,4.208539547735748
SRSG_conventional_hydroelectric_1_inlet,466,5.784133529404082
SRSG_conventional_hydroelectric_1_inlet,467,4.20540296620434
SRSG_conventional_hydroelectric_1_inlet,468,0.6616348448414996
SRSG_conventional_hydroelectric_1_inlet,469,0.0
SRSG_conventional_hydroelectric_1_inlet,470,0.0
SRSG_conventional_hydroelectric_1_inlet,471,0.0
SRSG_conventional_hydroelectric_1_inlet,472,0.0
SRSG_conventional_hydroelectric_1_inlet,473,0.0
SRSG_conventional_hydroelectric_1_inlet,474,0.0
SRSG_conventional_hydroelectric_1_inlet,475,0.0
SRSG_conventional_hydroelectric_1_inlet,476,0.0
SRSG_conventional_hydroelectric_1_inlet,477,0.0
SRSG_conventional_hydroelectric_1_inlet,478,0.0
SRSG_conventional_hydroelectric_1_inlet,479,0.0
SRSG_conventional_hydroelectric_1_inlet,480,1.89220995129622
SRSG_conventional_hydroelectric_1_inlet,481,1.8131296137364343
SRSG_conventional_hydroelectric_1_inlet,482,1.8131296137364343
SRSG_conventional_hydroelectric_1_inlet,483,3.335496284680245
SRSG_conventional_hydroelectric_1_inlet,484,6.028087640818365
SRSG_conventional_hydroelectric_1_inlet,485,1.8131296137364343
SRSG_conventional_hydroelectric_1_inlet,486,6.024951059286958
SRSG_conventional_hydroelectric_1_inlet,487,3.7277591882769934
SRSG_conventional_hydroelectric_1_inlet,488,5.142391155617916
SRSG_conventional_hydroelectric_1_inlet,489,6.0216691614721825
SRSG_conventional_hydroelectric_1_inlet,490,7.597263143140516
SRSG_conventional_hydroelectric_1_inlet,491,6.018532579940774
SRSG_conventional_hydroelectric_1_inlet,492,2.474764458577934
SRSG_conventional_hydroelectric_1_inlet,493,1.8131296137364343
SRSG_conventional_hydroelectric_1_inlet,494,1.8131296137364343
SRSG_conventional_hydroelectric_1_inlet,495,1.8131296137364343
SRSG_conventional_hydroelectric_1_inlet,496,1.8131296137364343
SRSG_conventional_hydroelectric_1_inlet,497,0.0
SRSG_conventional_hydroelectric_1_inlet,498,0.0
SRSG_conventional_hydroelectric_1_inlet,499,0.6876776652778644
SRSG_conventional_hydroelectric_1_inlet,500,0.0
SRSG_conventional_hydroelectric_1_inlet,501,1.8131296137364343
SRSG_conventional_hydroelectric_1_inlet,502,1.8131296137364343
SRSG_conventional_hydroelectric_1_inlet,503,1.8131296137364343
SRSG_conventional_hydroelectric_1_inlet,504,3.705339565032655
SRSG_conventional_hydroelectric_1_inlet,505,4.370775126595917
SRSG_conventional_hydroelectric_1_inlet,506,4.370775126595917
SRSG_conventional_hydroelectric_1_inlet,507,5.8931417975397276
SRSG_conventional_hydroelectric_1_inlet,508,8.585733153677849
SRSG_conventional_hydroelectric_1_inlet,509,4.370775126595917
SRSG_conventional_hydroelectric_1_inlet,510,7.285309537557348
SRSG_conventional_hydroelectric_1_inlet,511,6.285404701136476
SRSG_conventional_hydroelectric_1_inlet,512,7.030827322145452
SRSG_conventional_hydroelectric_1_inlet,513,6.319934154421249
SRSG_conventional_hydroelectric_1_inlet,514,10.154908655999998
SRSG_conventional_hydroelectric_1_inlet,515,8.576178092800257
SRSG_conventional_hydroelectric_1_inlet,516,5.032409971437417
SRSG_conventional_hydroelectric_1_inlet,517,4.370775126595917
SRSG_conventional_hydroelectric_1_inlet,518,4.370775126595917
SRSG_conventional_hydroelectric_1_inlet,519,4.370775126595917
SRSG_conventional_hydroelectric_1_inlet,520,4.370775126595917
SRSG_conventional_hydroelectric_1_inlet,521,2.5576455128594824
SRSG_conventional_hydroelectric_1_inlet,522,2.5576455128594824
SRSG_conventional_hydroelectric_1_inlet,523,3.245323178137347
SRSG_conventional_hydroelectric_1_inlet,524,2.5576455128594824
SRSG_conventional_hydroelectric_1_inlet,525,4.370775126595917
SRSG_conventional_hydroelectric_1_inlet,526,4.370775126595917
SRSG_conventional_hydroelectric_1_inlet,527,4.370775126595917
SRSG_conventional_hydroelectric_1_inlet,528,6.262985077892138
SRSG_conventional_hydroelectric_1_inlet,529,4.944518086490981
SRSG_conventional_hydroelectric_1_inlet,530,6.853453587244654
SRSG_conventional_hydroelectric_1_inlet,531,8.374950083606233
SRSG_conventional_hydroelectric_1_inlet,532,5.857379569775143
SRSG_conventional_hydroelectric_1_inlet,533,5.197922405365399
SRSG_conventional_hydroelectric_1_inlet,534,5.246467638178965
SRSG_conventional_hydroelectric_1_inlet,535,8.765652855907735
SRSG_conventional_hydroelectric_1_inlet,536,9.510205302334482
SRSG_conventional_hydroelectric_1_inlet,537,7.7932919713289275
SRSG_conventional_hydroelectric_1_inlet,538,10.154908655999998
SRSG_conventional_hydroelectric_1_inlet,539,10.154908655999998
SRSG_conventional_hydroelectric_1_inlet,540,7.510227820331198
SRSG_conventional_hydroelectric_1_inlet,541,6.847695197233087
SRSG_conventional_hydroelectric_1_inlet,542,6.846855058962392
SRSG_conventional_hydroelectric_1_inlet,543,6.846915131585463
SRSG_conventional_hydroelectric_1_inlet,544,6.846074993314768
SRSG_conventional_hydroelectric_1_inlet,545,5.032047601321722
SRSG_conventional_hydroelectric_1_inlet,546,5.03216531393071
SRSG_conventional_hydroelectric_1_inlet,547,5.718945200951962
SRSG_conventional_hydroelectric_1_inlet,548,1.3091302433334993
SRSG_conventional_hydroelectric_1_inlet,549,6.843617083762909
SRSG_conventional_hydroelectric_1_inlet,550,6.842746909180678
SRSG_conventional_hydroelectric_1_inlet,551,6.841906770909984
SRSG_conventional_hydroelectric_1_inlet,552,4.966445929779358
SRSG_conventional_hydroelectric_1_inlet,553,7.306134771162051
SRSG_conventional_hydroelectric_1_inlet,554,8.564379532306695
SRSG_conventional_hydroelectric_1_inlet,555,7.8438576172475525
SRSG_conventional_hydroelectric_1_inlet,556,5.830210641008903
SRSG_conventional_hydroelectric_1_inlet,557,7.55953909003647
SRSG_conventional_hydroelectric_1_inlet,558,7.608084322850035
SRSG_conventional_hydroelectric_1_inlet,559,7.554957657181649
SRSG_conventional_hydroelectric_1_inlet,560,10.154908655999998
SRSG_conventional_hydroelectric_1_inlet,561,10.154908655999998
SRSG_conventional_hydroelectric_1_inlet,562,10.154908655999998
SRSG_conventional_hydroelectric_1_inlet,563,4.066968403447328
SRSG_conventional_hydroelectric_1_inlet,564,8.203156120284723
SRSG_conventional_hydroelectric_1_inlet,565,5.700093360916095
SRSG_conventional_hydroelectric_1_inlet,566,5.49372054227917
SRSG_conventional_hydroelectric_1_inlet,567,4.048221807618818
SRSG_conventional_hydroelectric_1_inlet,568,4.582510411720485
SRSG_conventional_hydroelectric_1_inlet,569,1.8500571389258953
SRSG_conventional_hydroelectric_1_inlet,570,6.371521135642854
SRSG_conventional_hydroelectric_1_inlet,571,3.310794402600818
SRSG_conventional_hydroelectric_1_inlet,572,2.622434219113917
SRSG_conventional_hydroelectric_1_inlet,573,2.879320978194581
SRSG_conventional_hydroelectric_1_inlet,574,7.233702061618676
SRSG_conventional_hydroelectric_1_inlet,575,4.671948138682552
SRSG_conventional_hydroelectric_1_inlet,576,1.0831190362060081
TRE_conventional_hydroelectric_1_inlet,1,0.0
TRE_conventional_hydroelectric_1_inlet,2,0.0
TRE_conventional_hydroelectric_1_inlet,3,0.0
TRE_conventional_hydroelectric_1_inlet,4,0.0
TRE_conventional_hydroelectric_1_inlet,5,0.0
TRE_conventional_hydroelectric_1_inlet,6,0.0
TRE_conventional_hydroelectric_1_inlet,7,0.0
TRE_conventional_hydroelectric_1_inlet,8,0.0
TRE_conventional_hydroelectric_1_inlet,9,0.0
TRE_conventional_hydroelectric_1_inlet,10,0.0
TRE_conventional_hydroelectric_1_inlet,11,0.0
TRE_conventional_hydroelectric_1_inlet,12,0.843884932176
TRE_conventional_hydroelectric_1_inlet,13,0.5579785617119998
TRE_conventional_hydroelectric_1_inlet,14,0.5569143940799999
TRE_conventional_hydroelectric_1_inlet,15,0.5558502264479996
TRE_conventional_hydroelectric_1_inlet,16,0.5547860588159997
TRE_conventional_hydroelectric_1_inlet,17,0.5535445299119996
TRE_conventional_hydroelectric_1_inlet,18,0.5526577235519997
TRE_conventional_hydroelectric_1_inlet,19,0.0
TRE_conventional_hydroelectric_1_inlet,20,0.0
TRE_conventional_hydroelectric_1_inlet,21,0.849383131608
TRE_conventional_hydroelectric_1_inlet,22,0.0
TRE_conventional_hydroelectric_1_inlet,23,0.0
TRE_conventional_hydroelectric_1_inlet,24,0.0
TRE_conventional_hydroelectric_1_inlet,25,0.0
TRE_conventional_hydroelectric_1_inlet,26,0.0
TRE_conventional_hydroelectric_1_inlet,27,0.0
TRE_conventional_hydroelectric_1_inlet,28,0.042744066552
TRE_conventional_hydroelectric_1_inlet,29,0.0
TRE_conventional_hydroelectric_1_inlet,30,0.042389344008
TRE_conventional_hydroelectric_1_inlet,31,0.042389344008
TRE_conventional_hydroelectric_1_inlet,32,0.042211982736000006
TRE_conventional_hydroelectric_1_inlet,33,0.042034621464
TRE_conventional_hydroelectric_1_inlet,34,0.0
TRE_conventional_hydroelectric_1_inlet,35,0.0
TRE_conventional_hydroelectric_1_inlet,36,0.885564831096
TRE_conventional_hydroelectric_1_inlet,37,0.5996584606319998
TRE_conventional_hydroelectric_1_inlet,38,0.5984169317279998
TRE_conventional_hydroelectric_1_inlet,39,0.5971754028239997
TRE_conventional_hydroelectric_1_inlet,40,0.5959338739199997
TRE_conventional_hydroelectric_1_inlet,41,0.5946923450159997
TRE_conventional_hydroelectric_1_inlet,42,0.5936281773839998
TRE_conventional_hydroelectric_1_inlet,43,0.0
TRE_conventional_hydroelectric_1_inlet,44,0.04079309256
TRE_conventional_hydroelectric_1_inlet,45,0.8899988628959999
TRE_conventional_hydroelectric_1_inlet,46,0.04043837001600001
TRE_conventional_hydroelectric_1_inlet,47,0.0
TRE_conventional_hydroelectric_1_inlet,48,0.040261008744
TRE_conventional_hydroelectric_1_inlet,49,0.010109592504000002
TRE_conventional_hydroelectric_1_inlet,50,0.010109592504000002
TRE_conventional_hydroelectric_1_inlet,51,0.009932231232
TRE_conventional_hydroelectric_1_inlet,52,0.052498936511999994
TRE_conventional_hydroelectric_1_inlet,53,0.009754869959999999
TRE_conventional_hydroelectric_1_inlet,54,0.051966852696
TRE_conventional_hydroelectric_1_inlet,55,0.051966852696
TRE_conventional_hydroelectric_1_inlet,56,0.0
TRE_conventional_hydroelectric_1_inlet,57,0.0
TRE_conventional_hydroelectric_1_inlet,58,0.009222786144
TRE_conventional_hydroelectric_1_inlet,59,0.009045424872000002
TRE_conventional_hydroelectric_1_inlet,60,0.894432894696
TRE_conventional_hydroelectric_1_inlet,61,0.6085265242319997
TRE_conventional_hydroelectric_1_inlet,62,0.6071076340559998
TRE_conventional_hydroelectric_1_inlet,63,0.6056887438799997
TRE_conventional_hydroelectric_1_inlet,64,0.6044472149759997
TRE_conventional_hydroelectric_1_inlet,65,0.6030283247999997
TRE_conventional_hydroelectric_1_inlet,66,0.6017867958959998
TRE_conventional_hydroelectric_1_inlet,67,0.008158618512
TRE_conventional_hydroelectric_1_inlet,68,0.048774349800000005
TRE_conventional_hydroelectric_1_inlet,69,0.897802758864
TRE_conventional_hydroelectric_1_inlet,70,0.04824226598400001
TRE_conventional_hydroelectric_1_inlet,71,0.007626534696000001
TRE_conventional_hydroelectric_1_inlet,72,0.04788754344
TRE_conventional_hydroelectric_1_inlet,73,0.0
TRE_conventional_hydroelectric_1_inlet,74,0.0
TRE_conventional_hydroelectric_1_inlet,75,0.0
TRE_conventional_hydroelectric_1_inlet,76,0.0
TRE_conventional_hydroelectric_1_inlet,77,0.0
TRE_conventional_hydroelectric_1_inlet,78,0.0
TRE_conventional_hydroelectric_1_inlet,79,0.0
TRE_conventional_hydroelectric_1_inlet,80,0.0
TRE_conventional_hydroelectric_1_inlet,81,0.0
TRE_conventional_hydroelectric_1_inlet,82,0.0
TRE_conventional_hydroelectric_1_inlet,83,0.0
TRE_conventional_hydroelectric_1_inlet,84,0.894432894696
TRE_conventional_hydroelectric_1_inlet,85,0.6085265242319997
TRE_conventional_hydroelectric_1_inlet,86,0.6071076340559998
TRE_conventional_hydroelectric_1_inlet,87,0.6056887438799997
TRE_conventional_hydroelectric_1_inlet,88,0.6044472149759997
TRE_conventional_hydroelectric_1_inlet,89,0.6030283247999997
TRE_conventional_hydroelectric_1_inlet,90,0.6017867958959998
TRE_conventional_hydroelectric_1_inlet,91,0.0
TRE_conventional_hydroelectric_1_inlet,92,0.048774349800000005
TRE_conventional_hydroelectric_1_inlet,93,0.897802758864
TRE_conventional_hydroelectric_1_inlet,94,0.04824226598400001
TRE_conventional_hydroelectric_1_inlet,95,0.0
TRE_conventional_hydroelectric_1_inlet,96,0.04788754344
TRE_conventional_hydroelectric_1_inlet,97,0.0
TRE_conventional_hydroelectric_1_inlet,98,0.0
TRE_conventional_hydroelectric_1_inlet,99,0.0
TRE_conventional_hydroelectric_1_inlet,100,0.0
TRE_conventional_hydroelectric_1_inlet,101,0.0
TRE_conventional_hydroelectric_1_inlet,102,0.0
TRE_conventional_hydroelectric_1_inlet,103,0.0
TRE_conventional_hydroelectric_1_inlet,104,0.0
TRE_conventional_hydroelectric_1_inlet,105,0.0
TRE_conventional_hydroelectric_1_inlet,106,0.0
TRE_conventional_hydroelectric_1_inlet,107,0.0
TRE_conventional_hydroelectric_1_inlet,108,0.894432894696
TRE_conventional_hydroelectric_1_inlet,109,0.6085265242319997
TRE_conventional_hydroelectric_1_inlet,110,0.6071076340559998
TRE_conventional_hydroelectric_1_inlet,111,0.6056887438799997
TRE_conventional_hydroelectric_1_inlet,112,0.6044472149759997
TRE_conventional_hydroelectric_1_inlet,113,0.6030283247999997
TRE_conventional_hydroelectric_1_inlet,114,0.6017867958959998
TRE_conventional_hydroelectric_1_inlet,115,0.0
TRE_conventional_hydroelectric_1_inlet,116,0.048774349800000005
TRE_conventional_hydroelectric_1_inlet,117,0.897802758864
TRE_conventional_hydroelectric_1_inlet,118,0.04824226598400001
TRE_conventional_hydroelectric_1_inlet,119,0.0
TRE_conventional_hydroelectric_1_inlet,120,0.04788754344
TRE_conventional_hydroelectric_1_inlet,121,0.317831399424
TRE_conventional_hydroelectric_1_inlet,122,0.31889556705600003
TRE_conventional_hydroelectric_1_inlet,123,0.319959734688
TRE_conventional_hydroelectric_1_inlet,124,0.0
TRE_conventional_hydroelectric_1_inlet,125,0.322265431224
TRE_conventional_hydroelectric_1_inlet,126,0.0
TRE_conventional_hydroelectric_1_inlet,127,0.0
TRE_conventional_hydroelectric_1_inlet,128,0.32545793411999996
TRE_conventional_hydroelectric_1_inlet,129,0.326522101752
TRE_conventional_hydroelectric_1_inlet,130,0.327763630656
TRE_conventional_hydroelectric_1_inlet,131,0.328827798288
TRE_conventional_hydroelectric_1_inlet,132,1.224324860616
TRE_conventional_hydroelectric_1_inlet,133,0.9394826577839998
TRE_conventional_hydroelectric_1_inlet,134,0.9393052965119998
TRE_conventional_hydroelectric_1_inlet,135,0.9389505739679997
TRE_conventional_hydroelectric_1_inlet,136,0.9387732126959998
TRE_conventional_hydroelectric_1_inlet,137,0.9384184901519997
TRE_conventional_hydroelectric_1_inlet,138,0.9382411288799998
TRE_conventional_hydroelectric_1_inlet,139,0.33769586188800005
TRE_conventional_hydroelectric_1_inlet,140,0.38753437931999996
TRE_conventional_hydroelectric_1_inlet,141,1.2376269560159998
TRE_conventional_hydroelectric_1_inlet,142,0.3891306307680001
TRE_conventional_hydroelectric_1_inlet,143,0.34212989368799995
TRE_conventional_hydroelectric_1_inlet,144,0.39108160476000003
TRE_conventional_hydroelectric_1_inlet,145,0.7007543856720001
TRE_conventional_hydroelectric_1_inlet,146,0.701818553304
TRE_conventional_hydroelectric_1_inlet,147,0.702882720936
TRE_conventional_hydroelectric_1_inlet,148,0.38292298624800003
TRE_conventional_hydroelectric_1_inlet,149,0.7051884174720001
TRE_conventional_hydroelectric_1_inlet,150,0.38292298624800003
TRE_conventional_hydroelectric_1_inlet,151,0.38292298624800003
TRE_conventional_hydroelectric_1_inlet,152,0.708380920368
TRE_conventional_hydroelectric_1_inlet,153,0.7094450880000001
TRE_conventional_hydroelectric_1_inlet,154,0.710686616904
TRE_conventional_hydroelectric_1_inlet,155,0.711750784536
TRE_conventional_hydroelectric_1_inlet,156,1.607247846864
TRE_conventional_hydroelectric_1_inlet,157,1.3224056440319998
TRE_conventional_hydroelectric_1_inlet,158,1.3222282827599998
TRE_conventional_hydroelectric_1_inlet,159,1.3218735602159997
TRE_conventional_hydroelectric_1_inlet,160,1.3216961989439997
TRE_conventional_hydroelectric_1_inlet,161,1.3213414763999998
TRE_conventional_hydroelectric_1_inlet,162,1.3211641151279998
TRE_conventional_hydroelectric_1_inlet,163,0.7206188481360001
TRE_conventional_hydroelectric_1_inlet,164,0.7704573655679999
TRE_conventional_hydroelectric_1_inlet,165,1.620549942264
TRE_conventional_hydroelectric_1_inlet,166,0.7720536170160001
TRE_conventional_hydroelectric_1_inlet,167,0.725052879936
TRE_conventional_hydroelectric_1_inlet,168,0.7740045910080001
TRE_conventional_hydroelectric_1_inlet,169,1.148591597472
TRE_conventional_hydroelectric_1_inlet,170,1.150010487648
TRE_conventional_hydroelectric_1_inlet,171,1.151252016552
TRE_conventional_hydroelectric_1_inlet,172,0.831647004408
TRE_conventional_hydroelectric_1_inlet,173,1.1542671581760002
TRE_conventional_hydroelectric_1_inlet,174,0.832179088224
TRE_conventional_hydroelectric_1_inlet,175,0.832533810768
TRE_conventional_hydroelectric_1_inlet,176,1.1581691061600001
TRE_conventional_hydroelectric_1_inlet,177,1.159587996336
TRE_conventional_hydroelectric_1_inlet,178,1.161006886512
TRE_conventional_hydroelectric_1_inlet,179,1.1624257766880002
TRE_conventional_hydroelectric_1_inlet,180,1.7736127199999998
TRE_conventional_hydroelectric_1_inlet,181,1.7736127199999998
TRE_conventional_hydroelectric_1_inlet,182,1.7736127199999998
TRE_conventional_hydroelectric_1_inlet,183,1.7736127199999998
TRE_conventional_hydroelectric_1_inlet,184,1.7736127199999998
TRE_conventional_hydroelectric_1_inlet,185,1.7736127199999998
TRE_conventional_hydroelectric_1_inlet,186,1.7736127199999998
TRE_conventional_hydroelectric_1_inlet,187,1.173422175552
TRE_conventional_hydroelectric_1_inlet,188,1.0804848690239997
TRE_conventional_hydroelectric_1_inlet,189,1.0804848690239997
TRE_conventional_hydroelectric_1_inlet,190,1.0804848690239997
TRE_conventional_hydroelectric_1_inlet,191,1.178920374984
TRE_conventional_hydroelectric_1_inlet,192,0.8788251027599997
TRE_conventional_hydroelectric_1_inlet,193,1.630304812224
TRE_conventional_hydroelectric_1_inlet,194,1.6317237024
TRE_conventional_hydroelectric_1_inlet,195,1.632965231304
TRE_conventional_hydroelectric_1_inlet,196,1.0340162157599997
TRE_conventional_hydroelectric_1_inlet,197,1.635980372928
TRE_conventional_hydroelectric_1_inlet,198,1.3138923029760001
TRE_conventional_hydroelectric_1_inlet,199,1.31424702552
TRE_conventional_hydroelectric_1_inlet,200,1.6398823209120001
TRE_conventional_hydroelectric_1_inlet,201,1.641301211088
TRE_conventional_hydroelectric_1_inlet,202,1.642720101264
TRE_conventional_hydroelectric_1_inlet,203,1.64413899144
TRE_conventional_hydroelectric_1_inlet,204,1.7736127199999998
TRE_conventional_hydroelectric_1_inlet,205,1.7736127199999998
TRE_conventional_hydroelectric_1_inlet,206,1.7736127199999998
TRE_conventional_hydroelectric_1_inlet,207,1.7736127199999998
TRE_conventional_hydroelectric_1_inlet,208,1.7736127199999998
TRE_conventional_hydroelectric_1_inlet,209,1.7736127199999998
TRE_conventional_hydroelectric_1_inlet,210,1.7736127199999998
TRE_conventional_hydroelectric_1_inlet,211,1.655135390304
TRE_conventional_hydroelectric_1_inlet,212,1.5621980837759997
TRE_conventional_hydroelectric_1_inlet,213,1.5621980837759997
TRE_conventional_hydroelectric_1_inlet,214,1.5621980837759997
TRE_conventional_hydroelectric_1_inlet,215,1.6606335897359998
TRE_conventional_hydroelectric_1_inlet,216,1.3605383175119996
TRE_conventional_hydroelectric_1_inlet,217,1.7736127199999998
TRE_conventional_hydroelectric_1_inlet,218,1.7736127199999998
TRE_conventional_hydroelectric_1_inlet,219,1.7736127199999998
TRE_conventional_hydroelectric_1_inlet,220,1.2454308519839996
TRE_conventional_hydroelectric_1_inlet,221,1.7736127199999998
TRE_conventional_hydroelectric_1_inlet,222,1.3807575025199996
TRE_conventional_hydroelectric_1_inlet,223,1.3807575025199996
TRE_conventional_hydroelectric_1_inlet,224,1.7736127199999998
TRE_conventional_hydroelectric_1_inlet,225,1.7736127199999998
TRE_conventional_hydroelectric_1_inlet,226,1.7736127199999998
TRE_conventional_hydroelectric_1_inlet,227,1.7736127199999998
TRE_conventional_hydroelectric_1_inlet,228,1.7736127199999998
TRE_conventional_hydroelectric_1_inlet,229,1.7736127199999998
TRE_conventional_hydroelectric_1_inlet,230,1.7736127199999998
TRE_conventional_hydroelectric_1_inlet,231,1.7736127199999998
TRE_conventional_hydroelectric_1_inlet,232,1.7736127199999998
TRE_conventional_hydroelectric_1_inlet,233,1.7736127199999998
TRE_conventional_hydroelectric_1_inlet,234,1.7736127199999998
TRE_conventional_hydroelectric_1_inlet,235,1.7736127199999998
TRE_conventional_hydroelectric_1_inlet,236,1.7736127199999998
TRE_conventional_hydroelectric_1_inlet,237,1.7736127199999998
TRE_conventional_hydroelectric_1_inlet,238,1.7736127199999998
TRE_conventional_hydroelectric_1_inlet,239,1.7736127199999998
TRE_conventional_hydroelectric_1_inlet,240,1.5719529537359997
TRE_conventional_hydroelectric_1_inlet,241,1.7736127199999998
TRE_conventional_hydroelectric_1_inlet,242,1.7736127199999998
TRE_conventional_hydroelectric_1_inlet,243,1.7736127199999998
TRE_conventional_hydroelectric_1_inlet,244,1.4483321471519996
TRE_conventional_hydroelectric_1_inlet,245,1.7736127199999998
TRE_conventional_hydroelectric_1_inlet,246,1.5834814364159995
TRE_conventional_hydroelectric_1_inlet,247,1.5834814364159995
TRE_conventional_hydroelectric_1_inlet,248,1.7736127199999998
TRE_conventional_hydroelectric_1_inlet,249,1.7736127199999998
TRE_conventional_hydroelectric_1_inlet,250,1.7736127199999998
TRE_conventional_hydroelectric_1_inlet,251,1.7736127199999998
TRE_conventional_hydroelectric_1_inlet,252,1.7736127199999998
TRE_conventional_hydroelectric_1_inlet,253,1.7736127199999998
TRE_conventional_hydroelectric_1_inlet,254,1.7736127199999998
TRE_conventional_hydroelectric_1_inlet,255,1.7736127199999998
TRE_conventional_hydroelectric_1_inlet,256,1.7736127199999998
TRE_conventional_hydroelectric_1_inlet,257,1.7736127199999998
TRE_conventional_hydroelectric_1_inlet,258,1.7736127199999998
TRE_conventional_hydroelectric_1_inlet,259,1.7736127199999998
TRE_conventional_hydroelectric_1_inlet,260,1.7736127199999998
TRE_conventional_hydroelectric_1_inlet,261,1.7736127199999998
TRE_conventional_hydroelectric_1_inlet,262,1.7736127199999998
TRE_conventional_hydroelectric_1_inlet,263,1.7736127199999998
TRE_conventional_hydroelectric_1_inlet,264,1.7736127199999998
TRE_conventional_hydroelectric_1_inlet,265,1.7736127199999998
TRE_conventional_hydroelectric_1_inlet,266,1.7736127199999998
TRE_conventional_hydroelectric_1_inlet,267,1.7736127199999998
TRE_conventional_hydroelectric_1_inlet,268,1.6384634307359998
TRE_conventional_hydroelectric_1_inlet,269,1.7736127199999998
TRE_conventional_hydroelectric_1_inlet,270,1.7736127199999998
TRE_conventional_hydroelectric_1_inlet,271,1.7736127199999998
TRE_conventional_hydroelectric_1_inlet,272,1.7736127199999998
TRE_conventional_hydroelectric_1_inlet,273,1.7736127199999998
TRE_conventional_hydroelectric_1_inlet,274,1.7736127199999998
TRE_conventional_hydroelectric_1_inlet,275,1.7736127199999998
TRE_conventional_hydroelectric_1_inlet,276,1.7736127199999998
TRE_conventional_hydroelectric_1_inlet,277,1.7736127199999998
TRE_conventional_hydroelectric_1_inlet,278,1.7736127199999998
TRE_conventional_hydroelectric_1_inlet,279,1.7736127199999998
TRE_conventional_hydroelectric_1_inlet,280,1.7736127199999998
TRE_conventional_hydroelectric_1_inlet,281,1.7736127199999998
TRE_conventional_hydroelectric_1_inlet,282,1.7736127199999998
TRE_conventional_hydroelectric_1_inlet,283,1.7736127199999998
TRE_conventional_hydroelectric_1_inlet,284,1.7736127199999998
TRE_conventional_hydroelectric_1_inlet,285,1.7736127199999998
TRE_conventional_hydroelectric_1_inlet,286,1.7736127199999998
TRE_conventional_hydroelectric_1_inlet,287,1.7736127199999998
TRE_conventional_hydroelectric_1_inlet,288,0.1901680035839997
TRE_conventional_hydroelectric_1_inlet,289,1.7736127199999998
TRE_conventional_hydroelectric_1_inlet,290,1.7736127199999998
TRE_conventional_hydroelectric_1_inlet,291,1.7736127199999998
TRE_conventional_hydroelectric_1_inlet,292,1.7736127199999998
TRE_conventional_hydroelectric_1_inlet,293,1.7736127199999998
TRE_conventional_hydroelectric_1_inlet,294,1.7736127199999998
TRE_conventional_hydroelectric_1_inlet,295,1.7736127199999998
TRE_conventional_hydroelectric_1_inlet,296,1.7736127199999998
TRE_conventional_hydroelectric_1_inlet,297,1.7736127199999998
TRE_conventional_hydroelectric_1_inlet,298,1.7736127199999998
TRE_conventional_hydroelectric_1_inlet,299,1.7736127199999998
TRE_conventional_hydroelectric_1_inlet,300,1.7736127199999998
TRE_conventional_hydroelectric_1_inlet,301,1.7736127199999998
TRE_conventional_hydroelectric_1_inlet,302,1.7047965464639998
TRE_conventional_hydroelectric_1_inlet,303,1.7047965464639998
TRE_conventional_hydroelectric_1_inlet,304,1.7047965464639998
TRE_conventional_hydroelectric_1_inlet,305,1.7736127199999998
TRE_conventional_hydroelectric_1_inlet,306,1.7736127199999998
TRE_conventional_hydroelectric_1_inlet,307,1.7736127199999998
TRE_conventional_hydroelectric_1_inlet,308,1.7736127199999998
TRE_conventional_hydroelectric_1_inlet,309,1.7736127199999998
TRE_conventional_hydroelectric_1_inlet,310,1.7736127199999998
TRE_conventional_hydroelectric_1_inlet,311,1.7736127199999998
TRE_conventional_hydroelectric_1_inlet,312,0.31857756451199976
TRE_conventional_hydroelectric_1_inlet,313,1.7736127199999998
TRE_conventional_hydroelectric_1_inlet,314,1.7736127199999998
TRE_conventional_hydroelectric_1_inlet,315,1.7736127199999998
TRE_conventional_hydroelectric_1_inlet,316,1.7736127199999998
TRE_conventional_hydroelectric_1_inlet,317,1.7736127199999998
TRE_conventional_hydroelectric_1_inlet,318,1.7736127199999998
TRE_conventional_hydroelectric_1_inlet,319,1.5879154682159995
TRE_conventional_hydroelectric_1_inlet,320,1.7736127199999998
TRE_conventional_hydroelectric_1_inlet,321,1.7736127199999998
TRE_conventional_hydroelectric_1_inlet,322,1.7736127199999998
TRE_conventional_hydroelectric_1_inlet,323,1.7736127199999998
TRE_conventional_hydroelectric_1_inlet,324,1.7736127199999998
TRE_conventional_hydroelectric_1_inlet,325,1.7736127199999998
TRE_conventional_hydroelectric_1_inlet,326,1.7736127199999998
TRE_conventional_hydroelectric_1_inlet,327,1.7736127199999998
TRE_conventional_hydroelectric_1_inlet,328,1.7736127199999998
TRE_conventional_hydroelectric_1_inlet,329,1.7736127199999998
TRE_conventional_hydroelectric_1_inlet,330,1.7736127199999998
TRE_conventional_hydroelectric_1_inlet,331,1.7736127199999998
TRE_conventional_hydroelectric_1_inlet,332,1.7736127199999998
TRE_conventional_hydroelectric_1_inlet,333,1.7736127199999998
TRE_conventional_hydroelectric_1_inlet,334,0.15180888698198552
TRE_conventional_hydroelectric_1_inlet,335,1.7736127199999998
TRE_conventional_hydroelectric_1_inlet,336,0.38739373804799976
TRE_conventional_hydroelectric_1_inlet,337,1.6693242920639997
TRE_conventional_hydroelectric_1_inlet,338,1.0178649523244592
TRE_conventional_hydroelectric_1_inlet,339,0.5714212983839998
TRE_conventional_hydroelectric_1_inlet,340,0.570889214568
TRE_conventional_hydroelectric_1_inlet,341,0.08020401494399965
TRE_conventional_hydroelectric_1_inlet,342,1.485541294272
TRE_conventional_hydroelectric_1_inlet,343,1.6684374857039996
TRE_conventional_hydroelectric_1_inlet,344,1.6682601244319997
TRE_conventional_hydroelectric_1_inlet,345,1.6680827631599997
TRE_conventional_hydroelectric_1_inlet,346,1.6679054018879997
TRE_conventional_hydroelectric_1_inlet,347,1.7736127199999998
TRE_conventional_hydroelectric_1_inlet,348,1.7736127199999998
TRE_conventional_hydroelectric_1_inlet,349,1.7736127199999998
TRE_conventional_hydroelectric_1_inlet,350,1.6673733180719998
TRE_conventional_hydroelectric_1_inlet,351,1.7736127199999998
TRE_conventional_hydroelectric_1_inlet,352,1.486782823176
TRE_conventional_hydroelectric_1_inlet,353,1.6668412342559997
TRE_conventional_hydroelectric_1_inlet,354,1.7736127199999998
TRE_conventional_hydroelectric_1_inlet,355,1.7736127199999998
TRE_conventional_hydroelectric_1_inlet,356,1.7736127199999998
TRE_conventional_hydroelectric_1_inlet,357,1.6663091504399998
TRE_conventional_hydroelectric_1_inlet,358,0.23445923973398555
TRE_conventional_hydroelectric_1_inlet,359,1.6659544278959997
TRE_conventional_hydroelectric_1_inlet,360,0.4703988133439997
TRE_conventional_hydroelectric_1_inlet,361,1.7736127199999998
TRE_conventional_hydroelectric_1_inlet,362,1.122330741532459
TRE_conventional_hydroelectric_1_inlet,363,0.6760644488639997
TRE_conventional_hydroelectric_1_inlet,364,0.67570972632
TRE_conventional_hydroelectric_1_inlet,365,0.18520188796799966
TRE_conventional_hydroelectric_1_inlet,366,1.590716528568
TRE_conventional_hydroelectric_1_inlet,367,1.7736127199999998
TRE_conventional_hydroelectric_1_inlet,368,1.7736127199999998
TRE_conventional_hydroelectric_1_inlet,369,1.7736127199999998
TRE_conventional_hydroelectric_1_inlet,370,1.7736127199999998
TRE_conventional_hydroelectric_1_inlet,371,1.7736127199999998
TRE_conventional_hydroelectric_1_inlet,372,1.7736127199999998
TRE_conventional_hydroelectric_1_inlet,373,1.7736127199999998
TRE_conventional_hydroelectric_1_inlet,374,1.7736127199999998
TRE_conventional_hydroelectric_1_inlet,375,1.7736127199999998
TRE_conventional_hydroelectric_1_inlet,376,1.593376947648
TRE_conventional_hydroelectric_1_inlet,377,1.7736127199999998
TRE_conventional_hydroelectric_1_inlet,378,1.593909031464
TRE_conventional_hydroelectric_1_inlet,379,1.594263754008
TRE_conventional_hydroelectric_1_inlet,380,1.59444111528
TRE_conventional_hydroelectric_1_inlet,381,1.7736127199999998
TRE_conventional_hydroelectric_1_inlet,382,0.3419401705659856
TRE_conventional_hydroelectric_1_inlet,383,1.7736127199999998
TRE_conventional_hydroelectric_1_inlet,384,0.0
TRE_conventional_hydroelectric_1_inlet,385,1.7736127199999998
TRE_conventional_hydroelectric_1_inlet,386,0.7778698189919998
TRE_conventional_hydroelectric_1_inlet,387,0.7773377351759998
TRE_conventional_hydroelectric_1_inlet,388,0.77680565136
TRE_conventional_hydroelectric_1_inlet,389,0.28612045173599965
TRE_conventional_hydroelectric_1_inlet,390,1.6916350923360002
TRE_conventional_hydroelectric_1_inlet,391,1.6918124536080001
TRE_conventional_hydroelectric_1_inlet,392,0.8481535774231246
TRE_conventional_hydroelectric_1_inlet,393,1.4301184807583989
TRE_conventional_hydroelectric_1_inlet,394,1.6921671761520003
TRE_conventional_hydroelectric_1_inlet,395,1.6923445374240003
TRE_conventional_hydroelectric_1_inlet,396,1.6925218986960002
TRE_conventional_hydroelectric_1_inlet,397,1.6925218986960002
TRE_conventional_hydroelectric_1_inlet,398,1.692699259968
TRE_conventional_hydroelectric_1_inlet,399,1.6928766212400002
TRE_conventional_hydroelectric_1_inlet,400,1.6928766212400002
TRE_conventional_hydroelectric_1_inlet,401,1.4557065907396562
TRE_conventional_hydroelectric_1_inlet,402,1.693231343784
TRE_conventional_hydroelectric_1_inlet,403,1.693408705056
TRE_conventional_hydroelectric_1_inlet,404,1.693408705056
TRE_conventional_hydroelectric_1_inlet,405,1.693586066328
TRE_conventional_hydroelectric_1_inlet,406,0.44073039906998557
TRE_conventional_hydroelectric_1_inlet,407,1.6939407888720002
TRE_conventional_hydroelectric_1_inlet,408,0.09843550596
TRE_conventional_hydroelectric_1_inlet,409,0.8608748942879999
TRE_conventional_hydroelectric_1_inlet,410,0.8603428104719999
TRE_conventional_hydroelectric_1_inlet,411,0.8596333653839998
TRE_conventional_hydroelectric_1_inlet,412,0.8589239202960001
TRE_conventional_hydroelectric_1_inlet,413,0.0
TRE_conventional_hydroelectric_1_inlet,414,0.0
TRE_conventional_hydroelectric_1_inlet,415,0.0
TRE_conventional_hydroelectric_1_inlet,416,0.9297397625431245
TRE_conventional_hydroelectric_1_inlet,417,0.8559087786720001
TRE_conventional_hydroelectric_1_inlet,418,0.0
TRE_conventional_hydroelectric_1_inlet,419,0.0
TRE_conventional_hydroelectric_1_inlet,420,0.0
TRE_conventional_hydroelectric_1_inlet,421,0.0
TRE_conventional_hydroelectric_1_inlet,422,0.0
TRE_conventional_hydroelectric_1_inlet,423,0.0
TRE_conventional_hydroelectric_1_inlet,424,0.0
TRE_conventional_hydroelectric_1_inlet,425,0.0
TRE_conventional_hydroelectric_1_inlet,426,0.0
TRE_conventional_hydroelectric_1_inlet,427,0.0
TRE_conventional_hydroelectric_1_inlet,428,0.0
TRE_conventional_hydroelectric_1_inlet,429,0.0
TRE_conventional_hydroelectric_1_inlet,430,0.0
TRE_conventional_hydroelectric_1_inlet,431,0.0
TRE_conventional_hydroelectric_1_inlet,432,0.0
TRE_conventional_hydroelectric_1_inlet,433,0.9364307961599999
TRE_conventional_hydroelectric_1_inlet,434,0.9358987123439999
TRE_conventional_hydroelectric_1_inlet,435,0.9351892672559998
TRE_conventional_hydroelectric_1_inlet,436,0.934479822168
TRE_conventional_hydroelectric_1_inlet,437,0.075555901872
TRE_conventional_hydroelectric_1_inlet,438,0.075555901872
TRE_conventional_hydroelectric_1_inlet,439,0.075555901872
TRE_conventional_hydroelectric_1_inlet,440,1.0052956644151245
TRE_conventional_hydroelectric_1_inlet,441,0.9314646805440001
TRE_conventional_hydroelectric_1_inlet,442,0.075555901872
TRE_conventional_hydroelectric_1_inlet,443,0.075555901872
TRE_conventional_hydroelectric_1_inlet,444,0.0
TRE_conventional_hydroelectric_1_inlet,445,0.075555901872
TRE_conventional_hydroelectric_1_inlet,446,0.0
TRE_conventional_hydroelectric_1_inlet,447,0.0
TRE_conventional_hydroelectric_1_inlet,448,0.0
TRE_conventional_hydroelectric_1_inlet,449,0.0
TRE_conventional_hydroelectric_1_inlet,450,0.0
TRE_conventional_hydroelectric_1_inlet,451,0.0
TRE_conventional_hydroelectric_1_inlet,452,0.0
TRE_conventional_hydroelectric_1_inlet,453,0.0
TRE_conventional_hydroelectric_1_inlet,454,0.0
TRE_conventional_hydroelectric_1_inlet,455,0.075555901872
TRE_conventional_hydroelectric_1_inlet,456,0.075555901872
TRE_conventional_hydroelectric_1_inlet,457,1.203891594336
TRE_conventional_hydroelectric_1_inlet,458,1.204068955608
TRE_conventional_hydroelectric_1_inlet,459,1.204068955608
TRE_conventional_hydroelectric_1_inlet,460,1.204068955608
TRE_conventional_hydroelectric_1_inlet,461,0.34585448039999994
TRE_conventional_hydroelectric_1_inlet,462,0.346386564216
TRE_conventional_hydroelectric_1_inlet,463,0.34709600930400003
TRE_conventional_hydroelectric_1_inlet,464,1.2775452169351245
TRE_conventional_hydroelectric_1_inlet,465,1.204423678152
TRE_conventional_hydroelectric_1_inlet,466,0.349224344568
TRE_conventional_hydroelectric_1_inlet,467,0.349933789656
TRE_conventional_hydroelectric_1_inlet,468,0.27490997159999997
TRE_conventional_hydroelectric_1_inlet,469,0.0
TRE_conventional_hydroelectric_1_inlet,470,0.0
TRE_conventional_hydroelectric_1_inlet,471,0.0
TRE_conventional_hydroelectric_1_inlet,472,0.0
TRE_conventional_hydroelectric_1_inlet,473,0.0
TRE_conventional_hydroelectric_1_inlet,474,0.0
TRE_conventional_hydroelectric_1_inlet,475,0.27969872594399997
TRE_conventional_hydroelectric_1_inlet,476,0.280408171032
TRE_conventional_hydroelectric_1_inlet,477,0.28111761612
TRE_conventional_hydroelectric_1_inlet,478,0.28182706120800005
TRE_conventional_hydroelectric_1_inlet,479,0.35791504689599996
TRE_conventional_hydroelectric_1_inlet,480,0.358624491984
TRE_conventional_hydroelectric_1_inlet,481,1.5277532770080002
TRE_conventional_hydroelectric_1_inlet,482,1.5279306382800002
TRE_conventional_hydroelectric_1_inlet,483,1.5279306382800002
TRE_conventional_hydroelectric_1_inlet,484,1.5279306382800002
TRE_conventional_hydroelectric_1_inlet,485,0.669716163072
TRE_conventional_hydroelectric_1_inlet,486,0.6702482468880001
TRE_conventional_hydroelectric_1_inlet,487,0.6709576919760001
TRE_conventional_hydroelectric_1_inlet,488,1.6014068996071245
TRE_conventional_hydroelectric_1_inlet,489,1.5282853608240001
TRE_conventional_hydroelectric_1_inlet,490,0.6730860272400001
TRE_conventional_hydroelectric_1_inlet,491,0.6737954723280001
TRE_conventional_hydroelectric_1_inlet,492,0.5987716542720001
TRE_conventional_hydroelectric_1_inlet,493,0.32386168267200005
TRE_conventional_hydroelectric_1_inlet,494,0.32386168267200005
TRE_conventional_hydroelectric_1_inlet,495,0.32386168267200005
TRE_conventional_hydroelectric_1_inlet,496,0.32386168267200005
TRE_conventional_hydroelectric_1_inlet,497,0.32386168267200005
TRE_conventional_hydroelectric_1_inlet,498,0.32386168267200005
TRE_conventional_hydroelectric_1_inlet,499,0.603560408616
TRE_conventional_hydroelectric_1_inlet,500,0.6042698537040001
TRE_conventional_hydroelectric_1_inlet,501,0.6049792987920001
TRE_conventional_hydroelectric_1_inlet,502,0.6056887438800002
TRE_conventional_hydroelectric_1_inlet,503,0.6817767295680001
TRE_conventional_hydroelectric_1_inlet,504,0.682486174656
TRE_conventional_hydroelectric_1_inlet,505,1.579720129704
TRE_conventional_hydroelectric_1_inlet,506,1.579897490976
TRE_conventional_hydroelectric_1_inlet,507,1.579897490976
TRE_conventional_hydroelectric_1_inlet,508,1.579897490976
TRE_conventional_hydroelectric_1_inlet,509,0.7216830157680001
TRE_conventional_hydroelectric_1_inlet,510,0.7222150995840001
TRE_conventional_hydroelectric_1_inlet,511,0.7229245446720001
TRE_conventional_hydroelectric_1_inlet,512,1.6533737523031244
TRE_conventional_hydroelectric_1_inlet,513,1.5802522135200001
TRE_conventional_hydroelectric_1_inlet,514,0.7250528799360001
TRE_conventional_hydroelectric_1_inlet,515,0.7257623250240001
TRE_conventional_hydroelectric_1_inlet,516,0.6507385069680001
TRE_conventional_hydroelectric_1_inlet,517,0.3758285353680001
TRE_conventional_hydroelectric_1_inlet,518,0.3758285353680001
TRE_conventional_hydroelectric_1_inlet,519,0.3758285353680001
TRE_conventional_hydroelectric_1_inlet,520,0.3758285353680001
TRE_conventional_hydroelectric_1_inlet,521,0.3758285353680001
TRE_conventional_hydroelectric_1_inlet,522,0.3758285353680001
TRE_conventional_hydroelectric_1_inlet,523,0.655527261312
TRE_conventional_hydroelectric_1_inlet,524,0.6562367064000001
TRE_conventional_hydroelectric_1_inlet,525,0.6569461514880001
TRE_conventional_hydroelectric_1_inlet,526,0.6576555965760001
TRE_conventional_hydroelectric_1_inlet,527,0.733743582264
TRE_conventional_hydroelectric_1_inlet,528,0.734453027352
TRE_conventional_hydroelectric_1_inlet,529,1.6396682396400002
TRE_conventional_hydroelectric_1_inlet,530,1.6398456009120002
TRE_conventional_hydroelectric_1_inlet,531,1.6400229621840001
TRE_conventional_hydroelectric_1_inlet,532,1.6400229621840001
TRE_conventional_hydroelectric_1_inlet,533,0.781808486976
TRE_conventional_hydroelectric_1_inlet,534,0.782517932064
TRE_conventional_hydroelectric_1_inlet,535,0.7832273771520001
TRE_conventional_hydroelectric_1_inlet,536,1.640555046
TRE_conventional_hydroelectric_1_inlet,537,1.6407324072720002
TRE_conventional_hydroelectric_1_inlet,538,0.7855330736880001
TRE_conventional_hydroelectric_1_inlet,539,0.786242518776
TRE_conventional_hydroelectric_1_inlet,540,0.711396061992
TRE_conventional_hydroelectric_1_inlet,541,0.4364860903920001
TRE_conventional_hydroelectric_1_inlet,542,0.4364860903920001
TRE_conventional_hydroelectric_1_inlet,543,0.43666345166400006
TRE_conventional_hydroelectric_1_inlet,544,0.43666345166400006
TRE_conventional_hydroelectric_1_inlet,545,0.43666345166400006
TRE_conventional_hydroelectric_1_inlet,546,0.4368408129360001
TRE_conventional_hydroelectric_1_inlet,547,0.71653953888
TRE_conventional_hydroelectric_1_inlet,548,0.7172489839680001
TRE_conventional_hydroelectric_1_inlet,549,0.717958429056
TRE_conventional_hydroelectric_1_inlet,550,0.7188452354160001
TRE_conventional_hydroelectric_1_inlet,551,0.794933221104
TRE_conventional_hydroelectric_1_inlet,552,0.7956426661920001
TRE_conventional_hydroelectric_1_inlet,553,1.712563722432
TRE_conventional_hydroelectric_1_inlet,554,1.712741083704
TRE_conventional_hydroelectric_1_inlet,555,1.712918444976
TRE_conventional_hydroelectric_1_inlet,556,1.712918444976
TRE_conventional_hydroelectric_1_inlet,557,0.854703969768
TRE_conventional_hydroelectric_1_inlet,558,0.855413414856
TRE_conventional_hydroelectric_1_inlet,559,0.8561228599440001
TRE_conventional_hydroelectric_1_inlet,560,1.713450528792
TRE_conventional_hydroelectric_1_inlet,561,1.713627890064
TRE_conventional_hydroelectric_1_inlet,562,0.85842855648
TRE_conventional_hydroelectric_1_inlet,563,0.859138001568
TRE_conventional_hydroelectric_1_inlet,564,0.784291544784
TRE_conventional_hydroelectric_1_inlet,565,0.49856253559199976
TRE_conventional_hydroelectric_1_inlet,566,0.4974983679599998
TRE_conventional_hydroelectric_1_inlet,567,0.4966115615999997
TRE_conventional_hydroelectric_1_inlet,568,0.49572475523999976
TRE_conventional_hydroelectric_1_inlet,569,0.4946605876079997
TRE_conventional_hydroelectric_1_inlet,570,0.49377378124799975
TRE_conventional_hydroelectric_1_inlet,571,0.789435021672
TRE_conventional_hydroelectric_1_inlet,572,0.79014446676
TRE_conventional_hydroelectric_1_inlet,573,0.790853911848
TRE_conventional_hydroelectric_1_inlet,574,0.7917407182080001
TRE_conventional_hydroelectric_1_inlet,575,0.867828703896
TRE_conventional_hydroelectric_1_inlet,576,0.0
