SetProduct_OrderedSet_1,SetProduct_OrderedSet_2,UnservedLoad
BASN,1,0.0
BASN,2,0.0
BASN,3,0.0
BASN,4,0.0
BASN,5,0.0
BASN,6,0.0
BASN,7,0.0
BASN,8,0.0
BASN,9,0.0
BASN,10,0.0
BASN,11,0.0
BASN,12,0.0
BASN,13,0.0
BASN,14,0.0
BASN,15,0.0
BASN,16,0.0
BASN,17,0.0
BASN,18,0.0
BASN,19,0.0
BASN,20,0.0
BASN,21,0.0
BASN,22,0.0
BASN,23,0.0
BASN,24,0.0
BASN,25,0.0
BASN,26,0.0
BASN,27,0.0
BASN,28,0.0
BASN,29,0.0
BASN,30,0.0
BASN,31,0.0
BASN,32,0.0
BASN,33,0.0
BASN,34,0.0
BASN,35,0.0
BASN,36,0.0
BASN,37,0.0
BASN,38,0.0
BASN,39,0.0
BASN,40,0.0
BASN,41,0.0
BASN,42,0.0
BASN,43,0.0
BASN,44,0.0
BASN,45,0.0
BASN,46,0.0
BASN,47,0.0
BASN,48,0.0
BASN,49,0.0
BASN,50,0.0
BASN,51,0.0
BASN,52,0.0
BASN,53,0.0
BASN,54,0.0
BASN,55,0.0
BASN,56,0.0
BASN,57,0.0
BASN,58,0.0
BASN,59,0.0
BASN,60,0.0
BASN,61,0.0
BASN,62,0.0
BASN,63,0.0
BASN,64,0.0
BASN,65,0.0
BASN,66,0.0
BASN,67,0.0
BASN,68,0.0
BASN,69,0.0
BASN,70,0.0
BASN,71,0.0
BASN,72,0.0
BASN,73,0.0
BASN,74,0.0
BASN,75,0.0
BASN,76,0.0
BASN,77,0.0
BASN,78,0.0
BASN,79,0.0
BASN,80,0.0
BASN,81,0.0
BASN,82,0.0
BASN,83,0.0
BASN,84,0.0
BASN,85,0.0
BASN,86,0.0
BASN,87,0.0
BASN,88,0.0
BASN,89,0.0
BASN,90,0.0
BASN,91,0.0
BASN,92,0.0
BASN,93,0.0
BASN,94,0.0
BASN,95,0.0
BASN,96,0.0
BASN,97,0.0
BASN,98,0.0
BASN,99,0.0
BASN,100,0.0
BASN,101,0.0
BASN,102,0.0
BASN,103,0.0
BASN,104,0.0
BASN,105,0.0
BASN,106,0.0
BASN,107,0.0
BASN,108,0.0
BASN,109,0.0
BASN,110,0.0
BASN,111,0.0
BASN,112,0.0
BASN,113,0.0
BASN,114,0.0
BASN,115,0.0
BASN,116,0.0
BASN,117,0.0
BASN,118,0.0
BASN,119,0.0
BASN,120,0.0
BASN,121,0.0
BASN,122,0.0
BASN,123,0.0
BASN,124,0.0
BASN,125,0.0
BASN,126,0.0
BASN,127,0.0
BASN,128,0.0
BASN,129,0.0
BASN,130,0.0
BASN,131,0.0
BASN,132,0.0
BASN,133,0.0
BASN,134,0.0
BASN,135,0.0
BASN,136,0.0
BASN,137,0.0
BASN,138,0.0
BASN,139,0.0
BASN,140,0.0
BASN,141,0.0
BASN,142,0.0
BASN,143,0.0
BASN,144,0.0
BASN,145,0.0
BASN,146,0.0
BASN,147,0.0
BASN,148,0.0
BASN,149,0.0
BASN,150,0.0
BASN,151,0.0
BASN,152,0.0
BASN,153,0.0
BASN,154,0.0
BASN,155,0.0
BASN,156,0.0
BASN,157,0.0
BASN,158,0.0
BASN,159,0.0
BASN,160,0.0
BASN,161,0.0
BASN,162,0.0
BASN,163,0.0
BASN,164,0.0
BASN,165,0.0
BASN,166,0.0
BASN,167,0.0
BASN,168,0.0
BASN,169,0.0
BASN,170,0.0
BASN,171,0.0
BASN,172,0.0
BASN,173,0.0
BASN,174,0.0
BASN,175,0.0
BASN,176,0.0
BASN,177,0.0
BASN,178,0.0
BASN,179,0.0
BASN,180,0.0
BASN,181,0.0
BASN,182,0.0
BASN,183,0.0
BASN,184,0.0
BASN,185,0.0
BASN,186,0.0
BASN,187,0.0
BASN,188,0.0
BASN,189,0.0
BASN,190,0.0
BASN,191,0.0
BASN,192,0.0
BASN,193,0.0
BASN,194,0.0
BASN,195,0.0
BASN,196,0.0
BASN,197,0.0
BASN,198,0.0
BASN,199,0.0
BASN,200,0.0
BASN,201,0.0
BASN,202,0.0
BASN,203,0.0
BASN,204,0.0
BASN,205,0.0
BASN,206,0.0
BASN,207,0.0
BASN,208,0.0
BASN,209,0.0
BASN,210,0.0
BASN,211,0.0
BASN,212,0.0
BASN,213,0.0
BASN,214,0.0
BASN,215,0.0
BASN,216,0.0
BASN,217,0.0
BASN,218,0.0
BASN,219,0.0
BASN,220,0.0
BASN,221,0.0
BASN,222,0.0
BASN,223,0.0
BASN,224,0.0
BASN,225,0.0
BASN,226,0.0
BASN,227,0.0
BASN,228,0.0
BASN,229,0.0
BASN,230,0.0
BASN,231,0.0
BASN,232,0.0
BASN,233,0.0
BASN,234,0.0
BASN,235,0.0
BASN,236,0.0
BASN,237,0.0
BASN,238,0.0
BASN,239,0.0
BASN,240,0.0
BASN,241,0.0
BASN,242,0.0
BASN,243,0.0
BASN,244,0.0
BASN,245,0.0
BASN,246,0.0
BASN,247,0.0
BASN,248,0.0
BASN,249,0.0
BASN,250,0.0
BASN,251,0.0
BASN,252,0.0
BASN,253,0.0
BASN,254,0.0
BASN,255,0.0
BASN,256,0.0
BASN,257,0.0
BASN,258,0.0
BASN,259,0.0
BASN,260,0.0
BASN,261,0.0
BASN,262,0.0
BASN,263,0.0
BASN,264,0.0
BASN,265,0.0
BASN,266,0.0
BASN,267,0.0
BASN,268,0.0
BASN,269,0.0
BASN,270,0.0
BASN,271,0.0
BASN,272,0.0
BASN,273,0.0
BASN,274,0.0
BASN,275,0.0
BASN,276,0.0
BASN,277,0.0
BASN,278,0.0
BASN,279,0.0
BASN,280,0.0
BASN,281,0.0
BASN,282,0.0
BASN,283,0.0
BASN,284,0.0
BASN,285,0.0
BASN,286,0.0
BASN,287,0.0
BASN,288,0.0
BASN,289,0.0
BASN,290,0.0
BASN,291,0.0
BASN,292,0.0
BASN,293,0.0
BASN,294,0.0
BASN,295,0.0
BASN,296,0.0
BASN,297,0.0
BASN,298,0.0
BASN,299,0.0
BASN,300,0.0
BASN,301,0.0
BASN,302,0.0
BASN,303,0.0
BASN,304,0.0
BASN,305,0.0
BASN,306,0.0
BASN,307,0.0
BASN,308,0.0
BASN,309,0.0
BASN,310,0.0
BASN,311,0.0
BASN,312,0.0
BASN,313,0.0
BASN,314,0.0
BASN,315,0.0
BASN,316,0.0
BASN,317,0.0
BASN,318,0.0
BASN,319,0.0
BASN,320,0.0
BASN,321,0.0
BASN,322,0.0
BASN,323,0.0
BASN,324,0.0
BASN,325,0.0
BASN,326,0.0
BASN,327,0.0
BASN,328,0.0
BASN,329,0.0
BASN,330,0.0
BASN,331,0.0
BASN,332,0.0
BASN,333,0.0
BASN,334,0.0
BASN,335,0.0
BASN,336,0.0
BASN,337,0.0
BASN,338,0.0
BASN,339,0.0
BASN,340,0.0
BASN,341,0.0
BASN,342,0.0
BASN,343,0.0
BASN,344,0.0
BASN,345,0.0
BASN,346,0.0
BASN,347,0.0
BASN,348,0.0
BASN,349,0.0
BASN,350,0.0
BASN,351,0.0
BASN,352,0.0
BASN,353,0.0
BASN,354,0.0
BASN,355,0.0
BASN,356,0.0
BASN,357,0.0
BASN,358,0.0
BASN,359,0.0
BASN,360,0.0
BASN,361,0.0
BASN,362,0.0
BASN,363,0.0
BASN,364,0.0
BASN,365,0.0
BASN,366,0.0
BASN,367,0.0
BASN,368,0.0
BASN,369,0.0
BASN,370,0.0
BASN,371,0.0
BASN,372,0.0
BASN,373,0.0
BASN,374,0.0
BASN,375,0.0
BASN,376,0.0
BASN,377,0.0
BASN,378,0.0
BASN,379,0.0
BASN,380,0.0
BASN,381,0.0
BASN,382,0.0
BASN,383,0.0
BASN,384,0.0
BASN,385,0.0
BASN,386,0.0
BASN,387,0.0
BASN,388,0.0
BASN,389,0.0
BASN,390,0.0
BASN,391,0.0
BASN,392,0.0
BASN,393,0.0
BASN,394,0.0
BASN,395,0.0
BASN,396,0.0
BASN,397,0.0
BASN,398,0.0
BASN,399,0.0
BASN,400,0.0
BASN,401,0.0
BASN,402,0.0
BASN,403,0.0
BASN,404,0.0
BASN,405,0.0
BASN,406,0.0
BASN,407,0.0
BASN,408,0.0
BASN,409,0.0
BASN,410,0.0
BASN,411,0.0
BASN,412,0.0
BASN,413,0.0
BASN,414,0.0
BASN,415,0.0
BASN,416,0.0
BASN,417,0.0
BASN,418,0.0
BASN,419,0.0
BASN,420,0.0
BASN,421,0.0
BASN,422,0.0
BASN,423,0.0
BASN,424,0.0
BASN,425,0.0
BASN,426,0.0
BASN,427,0.0
BASN,428,0.0
BASN,429,0.0
BASN,430,0.0
BASN,431,0.0
BASN,432,0.0
BASN,433,0.0
BASN,434,0.0
BASN,435,0.0
BASN,436,0.0
BASN,437,0.0
BASN,438,0.0
BASN,439,0.0
BASN,440,0.0
BASN,441,0.0
BASN,442,0.0
BASN,443,0.0
BASN,444,0.0
BASN,445,0.0
BASN,446,0.0
BASN,447,0.0
BASN,448,0.0
BASN,449,0.0
BASN,450,0.0
BASN,451,0.0
BASN,452,0.0
BASN,453,0.0
BASN,454,0.0
BASN,455,0.0
BASN,456,0.0
BASN,457,0.0
BASN,458,0.0
BASN,459,0.0
BASN,460,0.0
BASN,461,0.0
BASN,462,0.0
BASN,463,0.0
BASN,464,0.0
BASN,465,0.0
BASN,466,0.0
BASN,467,0.0
BASN,468,0.0
BASN,469,0.0
BASN,470,0.0
BASN,471,0.0
BASN,472,0.0
BASN,473,0.0
BASN,474,0.0
BASN,475,0.0
BASN,476,0.0
BASN,477,0.0
BASN,478,0.0
BASN,479,0.0
BASN,480,0.0
BASN,481,0.0
BASN,482,0.0
BASN,483,0.0
BASN,484,0.0
BASN,485,0.0
BASN,486,0.0
BASN,487,0.0
BASN,488,0.0
BASN,489,0.0
BASN,490,0.0
BASN,491,0.0
BASN,492,0.0
BASN,493,0.0
BASN,494,0.0
BASN,495,0.0
BASN,496,0.0
BASN,497,0.0
BASN,498,0.0
BASN,499,0.0
BASN,500,0.0
BASN,501,0.0
BASN,502,0.0
BASN,503,0.0
BASN,504,0.0
BASN,505,0.0
BASN,506,0.0
BASN,507,0.0
BASN,508,0.0
BASN,509,0.0
BASN,510,0.0
BASN,511,0.0
BASN,512,0.0
BASN,513,0.0
BASN,514,0.0
BASN,515,0.0
BASN,516,0.0
BASN,517,0.0
BASN,518,0.0
BASN,519,0.0
BASN,520,0.0
BASN,521,0.0
BASN,522,0.0
BASN,523,0.0
BASN,524,0.0
BASN,525,0.0
BASN,526,0.0
BASN,527,0.0
BASN,528,0.0
BASN,529,0.0
BASN,530,0.0
BASN,531,0.0
BASN,532,0.0
BASN,533,0.0
BASN,534,0.0
BASN,535,0.0
BASN,536,0.0
BASN,537,0.0
BASN,538,0.0
BASN,539,0.0
BASN,540,0.0
BASN,541,0.0
BASN,542,0.0
BASN,543,0.0
BASN,544,0.0
BASN,545,0.0
BASN,546,0.0
BASN,547,0.0
BASN,548,0.0
BASN,549,0.0
BASN,550,0.0
BASN,551,0.0
BASN,552,0.0
BASN,553,0.0
BASN,554,0.0
BASN,555,0.0
BASN,556,0.0
BASN,557,0.0
BASN,558,0.0
BASN,559,0.0
BASN,560,0.0
BASN,561,0.0
BASN,562,0.0
BASN,563,0.0
BASN,564,0.0
BASN,565,0.0
BASN,566,0.0
BASN,567,0.0
BASN,568,0.0
BASN,569,0.0
BASN,570,0.0
BASN,571,0.0
BASN,572,0.0
BASN,573,0.0
BASN,574,0.0
BASN,575,0.0
BASN,576,0.0
CANO,1,0.0
CANO,2,0.0
CANO,3,0.0
CANO,4,0.0
CANO,5,0.0
CANO,6,0.0
CANO,7,0.0
CANO,8,0.0
CANO,9,0.0
CANO,10,0.0
CANO,11,0.0
CANO,12,0.0
CANO,13,0.0
CANO,14,0.0
CANO,15,0.0
CANO,16,0.0
CANO,17,0.0
CANO,18,0.0
CANO,19,0.0
CANO,20,0.0
CANO,21,0.0
CANO,22,0.0
CANO,23,0.0
CANO,24,0.0
CANO,25,0.0
CANO,26,0.0
CANO,27,0.0
CANO,28,0.0
CANO,29,0.0
CANO,30,0.0
CANO,31,0.0
CANO,32,0.0
CANO,33,0.0
CANO,34,0.0
CANO,35,0.0
CANO,36,0.0
CANO,37,0.0
CANO,38,0.0
CANO,39,0.0
CANO,40,0.0
CANO,41,0.0
CANO,42,0.0
CANO,43,0.0
CANO,44,0.0
CANO,45,0.0
CANO,46,0.0
CANO,47,0.0
CANO,48,0.0
CANO,49,0.0
CANO,50,0.0
CANO,51,0.0
CANO,52,0.0
CANO,53,0.0
CANO,54,0.0
CANO,55,0.0
CANO,56,0.0
CANO,57,0.0
CANO,58,0.0
CANO,59,0.0
CANO,60,0.0
CANO,61,0.0
CANO,62,0.0
CANO,63,0.0
CANO,64,0.0
CANO,65,0.0
CANO,66,0.0
CANO,67,0.0
CANO,68,0.0
CANO,69,0.0
CANO,70,0.0
CANO,71,0.0
CANO,72,0.0
CANO,73,0.0
CANO,74,0.0
CANO,75,0.0
CANO,76,0.0
CANO,77,0.0
CANO,78,0.0
CANO,79,0.0
CANO,80,0.0
CANO,81,0.0
CANO,82,0.0
CANO,83,0.0
CANO,84,0.0
CANO,85,0.0
CANO,86,0.0
CANO,87,0.0
CANO,88,0.0
CANO,89,0.0
CANO,90,0.0
CANO,91,0.0
CANO,92,0.0
CANO,93,0.0
CANO,94,0.0
CANO,95,0.0
CANO,96,0.0
CANO,97,0.0
CANO,98,0.0
CANO,99,0.0
CANO,100,0.0
CANO,101,0.0
CANO,102,0.0
CANO,103,0.0
CANO,104,0.0
CANO,105,0.0
CANO,106,0.0
CANO,107,0.0
CANO,108,0.0
CANO,109,0.0
CANO,110,0.0
CANO,111,0.0
CANO,112,0.0
CANO,113,0.0
CANO,114,0.0
CANO,115,0.0
CANO,116,0.0
CANO,117,0.0
CANO,118,0.0
CANO,119,0.0
CANO,120,0.0
CANO,121,0.0
CANO,122,0.0
CANO,123,0.0
CANO,124,0.0
CANO,125,0.0
CANO,126,0.0
CANO,127,0.0
CANO,128,0.0
CANO,129,0.0
CANO,130,0.0
CANO,131,0.0
CANO,132,0.0
CANO,133,0.0
CANO,134,0.0
CANO,135,0.0
CANO,136,0.0
CANO,137,0.0
CANO,138,0.0
CANO,139,0.0
CANO,140,0.0
CANO,141,0.0
CANO,142,0.0
CANO,143,0.0
CANO,144,0.0
CANO,145,0.0
CANO,146,0.0
CANO,147,0.0
CANO,148,0.0
CANO,149,0.0
CANO,150,0.0
CANO,151,0.0
CANO,152,0.0
CANO,153,0.0
CANO,154,0.0
CANO,155,0.0
CANO,156,0.0
CANO,157,0.0
CANO,158,0.0
CANO,159,0.0
CANO,160,0.0
CANO,161,0.0
CANO,162,0.0
CANO,163,0.0
CANO,164,0.0
CANO,165,0.0
CANO,166,0.0
CANO,167,0.0
CANO,168,0.0
CANO,169,0.0
CANO,170,0.0
CANO,171,0.0
CANO,172,0.0
CANO,173,0.0
CANO,174,0.0
CANO,175,0.0
CANO,176,0.0
CANO,177,0.0
CANO,178,0.0
CANO,179,0.0
CANO,180,0.0
CANO,181,0.0
CANO,182,0.0
CANO,183,0.0
CANO,184,0.0
CANO,185,0.0
CANO,186,0.0
CANO,187,0.0
CANO,188,0.0
CANO,189,0.0
CANO,190,0.0
CANO,191,0.0
CANO,192,0.0
CANO,193,0.0
CANO,194,0.0
CANO,195,0.0
CANO,196,0.0
CANO,197,0.0
CANO,198,0.0
CANO,199,0.0
CANO,200,0.0
CANO,201,0.0
CANO,202,0.0
CANO,203,0.0
CANO,204,0.0
CANO,205,0.0
CANO,206,0.0
CANO,207,0.0
CANO,208,0.0
CANO,209,0.0
CANO,210,0.0
CANO,211,0.0
CANO,212,0.0
CANO,213,0.0
CANO,214,0.0
CANO,215,0.0
CANO,216,0.0
CANO,217,0.0
CANO,218,0.0
CANO,219,0.0
CANO,220,0.0
CANO,221,0.0
CANO,222,0.0
CANO,223,0.0
CANO,224,0.0
CANO,225,0.0
CANO,226,0.0
CANO,227,0.0
CANO,228,0.0
CANO,229,0.0
CANO,230,0.0
CANO,231,0.0
CANO,232,0.0
CANO,233,0.0
CANO,234,0.0
CANO,235,0.0
CANO,236,0.0
CANO,237,0.0
CANO,238,0.0
CANO,239,0.0
CANO,240,0.0
CANO,241,0.0
CANO,242,0.0
CANO,243,0.0
CANO,244,0.0
CANO,245,0.0
CANO,246,0.0
CANO,247,0.0
CANO,248,0.0
CANO,249,0.0
CANO,250,0.0
CANO,251,0.0
CANO,252,0.0
CANO,253,0.0
CANO,254,0.0
CANO,255,0.0
CANO,256,0.0
CANO,257,0.0
CANO,258,0.0
CANO,259,0.0
CANO,260,0.0
CANO,261,0.0
CANO,262,0.0
CANO,263,0.0
CANO,264,0.0
CANO,265,0.0
CANO,266,0.0
CANO,267,0.0
CANO,268,0.0
CANO,269,0.0
CANO,270,0.0
CANO,271,0.0
CANO,272,0.0
CANO,273,0.0
CANO,274,0.0
CANO,275,0.0
CANO,276,0.0
CANO,277,0.0
CANO,278,0.0
CANO,279,0.0
CANO,280,0.0
CANO,281,0.0
CANO,282,0.0
CANO,283,0.0
CANO,284,0.0
CANO,285,0.0
CANO,286,0.0
CANO,287,0.0
CANO,288,0.0
CANO,289,0.0
CANO,290,0.0
CANO,291,0.0
CANO,292,0.0
CANO,293,0.0
CANO,294,0.0
CANO,295,0.0
CANO,296,0.0
CANO,297,0.0
CANO,298,0.0
CANO,299,0.0
CANO,300,0.0
CANO,301,0.0
CANO,302,0.0
CANO,303,0.0
CANO,304,0.0
CANO,305,0.0
CANO,306,0.0
CANO,307,0.0
CANO,308,0.0
CANO,309,0.0
CANO,310,0.0
CANO,311,0.0
CANO,312,0.0
CANO,313,0.0
CANO,314,0.0
CANO,315,0.0
CANO,316,0.0
CANO,317,0.0
CANO,318,0.0
CANO,319,0.0
CANO,320,0.0
CANO,321,0.0
CANO,322,0.0
CANO,323,0.0
CANO,324,0.0
CANO,325,0.0
CANO,326,0.0
CANO,327,0.0
CANO,328,0.0
CANO,329,0.0
CANO,330,0.0
CANO,331,0.0
CANO,332,0.0
CANO,333,0.0
CANO,334,0.0
CANO,335,0.0
CANO,336,0.0
CANO,337,0.0
CANO,338,0.0
CANO,339,0.0
CANO,340,0.0
CANO,341,0.0
CANO,342,0.0
CANO,343,0.0
CANO,344,0.0
CANO,345,0.0
CANO,346,0.0
CANO,347,0.0
CANO,348,0.0
CANO,349,0.0
CANO,350,0.0
CANO,351,0.0
CANO,352,0.0
CANO,353,0.0
CANO,354,0.0
CANO,355,0.0
CANO,356,0.0
CANO,357,0.0
CANO,358,0.0
CANO,359,0.0
CANO,360,0.0
CANO,361,0.0
CANO,362,0.0
CANO,363,0.0
CANO,364,0.0
CANO,365,0.0
CANO,366,0.0
CANO,367,0.0
CANO,368,0.0
CANO,369,0.0
CANO,370,0.0
CANO,371,0.0
CANO,372,0.0
CANO,373,0.0
CANO,374,0.0
CANO,375,0.0
CANO,376,0.0
CANO,377,0.0
CANO,378,0.0
CANO,379,0.0
CANO,380,0.0
CANO,381,0.0
CANO,382,0.0
CANO,383,0.0
CANO,384,0.0
CANO,385,0.0
CANO,386,0.0
CANO,387,0.0
CANO,388,0.0
CANO,389,0.0
CANO,390,0.0
CANO,391,0.0
CANO,392,0.0
CANO,393,0.0
CANO,394,0.0
CANO,395,0.0
CANO,396,0.0
CANO,397,0.0
CANO,398,0.0
CANO,399,0.0
CANO,400,0.0
CANO,401,0.0
CANO,402,0.0
CANO,403,0.0
CANO,404,0.0
CANO,405,0.0
CANO,406,0.0
CANO,407,0.0
CANO,408,0.0
CANO,409,0.0
CANO,410,0.0
CANO,411,0.0
CANO,412,0.0
CANO,413,0.0
CANO,414,0.0
CANO,415,0.0
CANO,416,0.0
CANO,417,0.0
CANO,418,0.0
CANO,419,0.0
CANO,420,0.0
CANO,421,0.0
CANO,422,0.0
CANO,423,0.0
CANO,424,0.0
CANO,425,0.0
CANO,426,0.0
CANO,427,0.0
CANO,428,0.0
CANO,429,0.0
CANO,430,0.0
CANO,431,0.0
CANO,432,0.0
CANO,433,0.0
CANO,434,0.0
CANO,435,0.0
CANO,436,0.0
CANO,437,0.0
CANO,438,0.0
CANO,439,0.0
CANO,440,0.0
CANO,441,0.0
CANO,442,0.0
CANO,443,0.0
CANO,444,0.0
CANO,445,0.0
CANO,446,0.0
CANO,447,0.0
CANO,448,0.0
CANO,449,0.0
CANO,450,0.0
CANO,451,0.0
CANO,452,0.0
CANO,453,0.0
CANO,454,0.0
CANO,455,0.0
CANO,456,0.0
CANO,457,0.0
CANO,458,0.0
CANO,459,0.0
CANO,460,0.0
CANO,461,0.0
CANO,462,0.0
CANO,463,0.0
CANO,464,0.0
CANO,465,0.0
CANO,466,0.0
CANO,467,0.0
CANO,468,0.0
CANO,469,0.0
CANO,470,0.0
CANO,471,0.0
CANO,472,0.0
CANO,473,0.0
CANO,474,0.0
CANO,475,0.0
CANO,476,0.0
CANO,477,0.0
CANO,478,0.0
CANO,479,0.0
CANO,480,0.0
CANO,481,0.0
CANO,482,0.0
CANO,483,0.0
CANO,484,0.0
CANO,485,0.0
CANO,486,0.0
CANO,487,0.0
CANO,488,0.0
CANO,489,0.0
CANO,490,0.0
CANO,491,0.0
CANO,492,0.0
CANO,493,0.0
CANO,494,0.0
CANO,495,0.0
CANO,496,0.0
CANO,497,0.0
CANO,498,0.0
CANO,499,0.0
CANO,500,0.0
CANO,501,0.0
CANO,502,0.0
CANO,503,0.0
CANO,504,0.0
CANO,505,0.0
CANO,506,0.0
CANO,507,0.0
CANO,508,0.0
CANO,509,0.0
CANO,510,0.0
CANO,511,0.0
CANO,512,0.0
CANO,513,0.0
CANO,514,0.0
CANO,515,0.0
CANO,516,0.0
CANO,517,0.0
CANO,518,0.0
CANO,519,0.0
CANO,520,0.0
CANO,521,0.0
CANO,522,0.0
CANO,523,0.0
CANO,524,0.0
CANO,525,0.0
CANO,526,0.0
CANO,527,0.0
CANO,528,0.0
CANO,529,0.0
CANO,530,0.0
CANO,531,0.0
CANO,532,0.0
CANO,533,0.0
CANO,534,0.0
CANO,535,0.0
CANO,536,0.0
CANO,537,0.0
CANO,538,0.0
CANO,539,0.0
CANO,540,0.0
CANO,541,0.0
CANO,542,0.0
CANO,543,0.0
CANO,544,0.0
CANO,545,0.0
CANO,546,0.0
CANO,547,0.0
CANO,548,0.0
CANO,549,0.0
CANO,550,0.0
CANO,551,0.0
CANO,552,0.0
CANO,553,0.0
CANO,554,0.0
CANO,555,0.0
CANO,556,0.0
CANO,557,0.0
CANO,558,0.0
CANO,559,0.0
CANO,560,0.0
CANO,561,0.0
CANO,562,0.0
CANO,563,0.0
CANO,564,0.0
CANO,565,0.0
CANO,566,0.0
CANO,567,0.0
CANO,568,0.0
CANO,569,0.0
CANO,570,0.0
CANO,571,0.0
CANO,572,0.0
CANO,573,0.0
CANO,574,0.0
CANO,575,0.0
CANO,576,0.0
CASO,1,0.0
CASO,2,0.0
CASO,3,0.0
CASO,4,0.0
CASO,5,0.0
CASO,6,0.0
CASO,7,0.0
CASO,8,0.0
CASO,9,0.0
CASO,10,0.0
CASO,11,0.0
CASO,12,0.0
CASO,13,0.0
CASO,14,0.0
CASO,15,0.0
CASO,16,0.0
CASO,17,0.0
CASO,18,0.0
CASO,19,0.0
CASO,20,0.0
CASO,21,0.0
CASO,22,0.0
CASO,23,0.0
CASO,24,0.0
CASO,25,0.0
CASO,26,0.0
CASO,27,0.0
CASO,28,0.0
CASO,29,0.0
CASO,30,0.0
CASO,31,0.0
CASO,32,0.0
CASO,33,0.0
CASO,34,0.0
CASO,35,0.0
CASO,36,0.0
CASO,37,0.0
CASO,38,0.0
CASO,39,0.0
CASO,40,0.0
CASO,41,0.0
CASO,42,0.0
CASO,43,0.0
CASO,44,0.0
CASO,45,0.0
CASO,46,0.0
CASO,47,0.0
CASO,48,0.0
CASO,49,0.0
CASO,50,0.0
CASO,51,0.0
CASO,52,0.0
CASO,53,0.0
CASO,54,0.0
CASO,55,0.0
CASO,56,0.0
CASO,57,0.0
CASO,58,0.0
CASO,59,0.0
CASO,60,0.0
CASO,61,0.0
CASO,62,0.0
CASO,63,0.0
CASO,64,0.0
CASO,65,0.0
CASO,66,0.0
CASO,67,0.0
CASO,68,0.0
CASO,69,0.0
CASO,70,0.0
CASO,71,0.0
CASO,72,0.0
CASO,73,0.0
CASO,74,0.0
CASO,75,0.0
CASO,76,0.0
CASO,77,0.0
CASO,78,0.0
CASO,79,0.0
CASO,80,0.0
CASO,81,0.0
CASO,82,0.0
CASO,83,0.0
CASO,84,0.0
CASO,85,0.0
CASO,86,0.0
CASO,87,0.0
CASO,88,0.0
CASO,89,0.0
CASO,90,0.0
CASO,91,0.0
CASO,92,0.0
CASO,93,0.0
CASO,94,0.0
CASO,95,0.0
CASO,96,0.0
CASO,97,0.0
CASO,98,0.0
CASO,99,0.0
CASO,100,0.0
CASO,101,0.0
CASO,102,0.0
CASO,103,0.0
CASO,104,0.0
CASO,105,0.0
CASO,106,0.0
CASO,107,0.0
CASO,108,0.0
CASO,109,0.0
CASO,110,0.0
CASO,111,0.0
CASO,112,0.0
CASO,113,0.0
CASO,114,0.0
CASO,115,0.0
CASO,116,0.0
CASO,117,0.0
CASO,118,0.0
CASO,119,0.0
CASO,120,0.0
CASO,121,0.0
CASO,122,0.0
CASO,123,0.0
CASO,124,0.0
CASO,125,0.0
CASO,126,0.0
CASO,127,0.0
CASO,128,0.0
CASO,129,0.0
CASO,130,0.0
CASO,131,0.0
CASO,132,0.0
CASO,133,0.0
CASO,134,0.0
CASO,135,0.0
CASO,136,0.0
CASO,137,0.0
CASO,138,0.0
CASO,139,0.0
CASO,140,0.0
CASO,141,0.0
CASO,142,0.0
CASO,143,0.0
CASO,144,0.0
CASO,145,0.0
CASO,146,0.0
CASO,147,0.0
CASO,148,0.0
CASO,149,0.0
CASO,150,0.0
CASO,151,0.0
CASO,152,0.0
CASO,153,0.0
CASO,154,0.0
CASO,155,0.0
CASO,156,0.0
CASO,157,0.0
CASO,158,0.0
CASO,159,0.0
CASO,160,0.0
CASO,161,0.0
CASO,162,0.0
CASO,163,0.0
CASO,164,0.0
CASO,165,0.0
CASO,166,0.0
CASO,167,0.0
CASO,168,0.0
CASO,169,0.0
CASO,170,0.0
CASO,171,0.0
CASO,172,0.0
CASO,173,0.0
CASO,174,0.0
CASO,175,0.0
CASO,176,0.0
CASO,177,0.0
CASO,178,0.0
CASO,179,0.0
CASO,180,0.0
CASO,181,0.0
CASO,182,0.0
CASO,183,0.0
CASO,184,0.0
CASO,185,0.0
CASO,186,0.0
CASO,187,0.0
CASO,188,0.0
CASO,189,0.0
CASO,190,0.0
CASO,191,0.0
CASO,192,0.0
CASO,193,0.0
CASO,194,0.0
CASO,195,0.0
CASO,196,0.0
CASO,197,0.0
CASO,198,0.0
CASO,199,0.0
CASO,200,0.0
CASO,201,0.0
CASO,202,0.0
CASO,203,0.0
CASO,204,0.0
CASO,205,0.0
CASO,206,0.0
CASO,207,0.0
CASO,208,0.0
CASO,209,0.0
CASO,210,0.0
CASO,211,0.0
CASO,212,0.0
CASO,213,0.0
CASO,214,0.0
CASO,215,0.0
CASO,216,0.0
CASO,217,0.0
CASO,218,0.0
CASO,219,0.0
CASO,220,0.0
CASO,221,0.0
CASO,222,0.0
CASO,223,0.0
CASO,224,0.0
CASO,225,0.0
CASO,226,0.0
CASO,227,0.0
CASO,228,0.0
CASO,229,0.0
CASO,230,0.0
CASO,231,0.0
CASO,232,0.0
CASO,233,0.0
CASO,234,0.0
CASO,235,0.0
CASO,236,0.0
CASO,237,0.0
CASO,238,0.0
CASO,239,0.0
CASO,240,0.0
CASO,241,0.0
CASO,242,0.0
CASO,243,0.0
CASO,244,0.0
CASO,245,0.0
CASO,246,0.0
CASO,247,0.0
CASO,248,0.0
CASO,249,0.0
CASO,250,0.0
CASO,251,0.0
CASO,252,0.0
CASO,253,0.0
CASO,254,0.0
CASO,255,0.0
CASO,256,0.0
CASO,257,0.0
CASO,258,0.0
CASO,259,0.0
CASO,260,0.0
CASO,261,0.0
CASO,262,0.0
CASO,263,0.0
CASO,264,0.0
CASO,265,0.0
CASO,266,0.0
CASO,267,0.0
CASO,268,0.0
CASO,269,0.0
CASO,270,0.0
CASO,271,0.0
CASO,272,0.0
CASO,273,0.0
CASO,274,0.0
CASO,275,0.0
CASO,276,0.0
CASO,277,0.0
CASO,278,0.0
CASO,279,0.0
CASO,280,0.0
CASO,281,0.0
CASO,282,0.0
CASO,283,0.0
CASO,284,0.0
CASO,285,0.0
CASO,286,0.0
CASO,287,0.0
CASO,288,0.0
CASO,289,0.0
CASO,290,0.0
CASO,291,0.0
CASO,292,0.0
CASO,293,0.0
CASO,294,0.0
CASO,295,0.0
CASO,296,0.0
CASO,297,0.0
CASO,298,0.0
CASO,299,0.0
CASO,300,0.0
CASO,301,0.0
CASO,302,0.0
CASO,303,0.0
CASO,304,0.0
CASO,305,0.0
CASO,306,0.0
CASO,307,0.0
CASO,308,0.0
CASO,309,0.0
CASO,310,0.0
CASO,311,0.0
CASO,312,0.0
CASO,313,0.0
CASO,314,0.0
CASO,315,0.0
CASO,316,0.0
CASO,317,0.0
CASO,318,0.0
CASO,319,0.0
CASO,320,0.0
CASO,321,0.0
CASO,322,0.0
CASO,323,0.0
CASO,324,0.0
CASO,325,0.0
CASO,326,0.0
CASO,327,0.0
CASO,328,0.0
CASO,329,0.0
CASO,330,0.0
CASO,331,0.0
CASO,332,0.0
CASO,333,0.0
CASO,334,0.0
CASO,335,0.0
CASO,336,0.0
CASO,337,0.0
CASO,338,0.0
CASO,339,0.0
CASO,340,0.0
CASO,341,0.0
CASO,342,0.0
CASO,343,0.0
CASO,344,0.0
CASO,345,0.0
CASO,346,0.0
CASO,347,0.0
CASO,348,0.0
CASO,349,0.0
CASO,350,0.0
CASO,351,0.0
CASO,352,0.0
CASO,353,0.0
CASO,354,0.0
CASO,355,0.0
CASO,356,0.0
CASO,357,0.0
CASO,358,0.0
CASO,359,0.0
CASO,360,0.0
CASO,361,0.0
CASO,362,0.0
CASO,363,0.0
CASO,364,0.0
CASO,365,0.0
CASO,366,0.0
CASO,367,0.0
CASO,368,0.0
CASO,369,0.0
CASO,370,0.0
CASO,371,0.0
CASO,372,0.0
CASO,373,0.0
CASO,374,0.0
CASO,375,0.0
CASO,376,0.0
CASO,377,0.0
CASO,378,0.0
CASO,379,0.0
CASO,380,0.0
CASO,381,0.0
CASO,382,0.0
CASO,383,0.0
CASO,384,0.0
CASO,385,0.0
CASO,386,0.0
CASO,387,0.0
CASO,388,0.0
CASO,389,0.0
CASO,390,0.0
CASO,391,0.0
CASO,392,0.0
CASO,393,0.0
CASO,394,0.0
CASO,395,0.0
CASO,396,0.0
CASO,397,0.0
CASO,398,0.0
CASO,399,0.0
CASO,400,0.0
CASO,401,0.0
CASO,402,0.0
CASO,403,0.0
CASO,404,0.0
CASO,405,0.0
CASO,406,0.0
CASO,407,0.0
CASO,408,0.0
CASO,409,0.0
CASO,410,0.0
CASO,411,0.0
CASO,412,0.0
CASO,413,0.0
CASO,414,0.0
CASO,415,0.0
CASO,416,0.0
CASO,417,0.0
CASO,418,0.0
CASO,419,0.0
CASO,420,0.0
CASO,421,0.0
CASO,422,0.0
CASO,423,0.0
CASO,424,0.0
CASO,425,0.0
CASO,426,0.0
CASO,427,0.0
CASO,428,0.0
CASO,429,0.0
CASO,430,0.0
CASO,431,0.0
CASO,432,0.0
CASO,433,0.0
CASO,434,0.0
CASO,435,0.0
CASO,436,0.0
CASO,437,0.0
CASO,438,0.0
CASO,439,0.0
CASO,440,0.0
CASO,441,0.0
CASO,442,0.0
CASO,443,0.0
CASO,444,0.0
CASO,445,0.0
CASO,446,0.0
CASO,447,0.0
CASO,448,0.0
CASO,449,0.0
CASO,450,0.0
CASO,451,0.0
CASO,452,0.0
CASO,453,0.0
CASO,454,0.0
CASO,455,0.0
CASO,456,0.0
CASO,457,0.0
CASO,458,0.0
CASO,459,0.0
CASO,460,0.0
CASO,461,0.0
CASO,462,0.0
CASO,463,0.0
CASO,464,0.0
CASO,465,0.0
CASO,466,0.0
CASO,467,0.0
CASO,468,0.0
CASO,469,0.0
CASO,470,0.0
CASO,471,0.0
CASO,472,0.0
CASO,473,0.0
CASO,474,0.0
CASO,475,0.0
CASO,476,0.0
CASO,477,0.0
CASO,478,0.0
CASO,479,0.0
CASO,480,0.0
CASO,481,0.0
CASO,482,0.0
CASO,483,0.0
CASO,484,0.0
CASO,485,0.0
CASO,486,0.0
CASO,487,0.0
CASO,488,0.0
CASO,489,0.0
CASO,490,0.0
CASO,491,0.0
CASO,492,0.0
CASO,493,0.0
CASO,494,0.0
CASO,495,0.0
CASO,496,0.0
CASO,497,0.0
CASO,498,0.0
CASO,499,0.0
CASO,500,0.0
CASO,501,0.0
CASO,502,0.0
CASO,503,0.0
CASO,504,0.0
CASO,505,0.0
CASO,506,0.0
CASO,507,0.0
CASO,508,0.0
CASO,509,0.0
CASO,510,0.0
CASO,511,0.0
CASO,512,0.0
CASO,513,0.0
CASO,514,0.0
CASO,515,0.0
CASO,516,0.0
CASO,517,0.0
CASO,518,0.0
CASO,519,0.0
CASO,520,0.0
CASO,521,0.0
CASO,522,0.0
CASO,523,0.0
CASO,524,0.0
CASO,525,0.0
CASO,526,0.0
CASO,527,0.0
CASO,528,0.0
CASO,529,0.0
CASO,530,0.0
CASO,531,0.0
CASO,532,0.0
CASO,533,0.0
CASO,534,0.0
CASO,535,0.0
CASO,536,0.0
CASO,537,0.0
CASO,538,0.0
CASO,539,0.0
CASO,540,0.0
CASO,541,0.0
CASO,542,0.0
CASO,543,0.0
CASO,544,0.0
CASO,545,0.0
CASO,546,0.0
CASO,547,0.0
CASO,548,0.0
CASO,549,0.0
CASO,550,0.0
CASO,551,0.0
CASO,552,0.0
CASO,553,0.0
CASO,554,0.0
CASO,555,0.0
CASO,556,0.0
CASO,557,0.0
CASO,558,0.0
CASO,559,0.0
CASO,560,0.0
CASO,561,0.0
CASO,562,0.0
CASO,563,0.0
CASO,564,0.0
CASO,565,0.0
CASO,566,0.0
CASO,567,0.0
CASO,568,0.0
CASO,569,0.0
CASO,570,0.0
CASO,571,0.0
CASO,572,0.0
CASO,573,0.0
CASO,574,0.0
CASO,575,0.0
CASO,576,0.0
FRCC,1,0.0
FRCC,2,0.0
FRCC,3,0.0
FRCC,4,0.0
FRCC,5,0.0
FRCC,6,0.0
FRCC,7,0.0
FRCC,8,0.0
FRCC,9,0.0
FRCC,10,0.0
FRCC,11,0.0
FRCC,12,0.0
FRCC,13,0.0
FRCC,14,0.0
FRCC,15,0.0
FRCC,16,0.0
FRCC,17,0.0
FRCC,18,0.0
FRCC,19,0.0
FRCC,20,0.0
FRCC,21,0.0
FRCC,22,0.0
FRCC,23,0.0
FRCC,24,0.0
FRCC,25,0.0
FRCC,26,0.0
FRCC,27,0.0
FRCC,28,0.0
FRCC,29,0.0
FRCC,30,0.0
FRCC,31,0.0
FRCC,32,0.0
FRCC,33,0.0
FRCC,34,0.0
FRCC,35,0.0
FRCC,36,0.0
FRCC,37,0.0
FRCC,38,0.0
FRCC,39,0.0
FRCC,40,0.0
FRCC,41,0.0
FRCC,42,0.0
FRCC,43,0.0
FRCC,44,0.0
FRCC,45,0.0
FRCC,46,0.0
FRCC,47,0.0
FRCC,48,0.0
FRCC,49,0.0
FRCC,50,0.0
FRCC,51,0.0
FRCC,52,0.0
FRCC,53,0.0
FRCC,54,0.0
FRCC,55,0.0
FRCC,56,0.0
FRCC,57,0.0
FRCC,58,0.0
FRCC,59,0.0
FRCC,60,0.0
FRCC,61,0.0
FRCC,62,0.0
FRCC,63,0.0
FRCC,64,0.0
FRCC,65,0.0
FRCC,66,0.0
FRCC,67,0.0
FRCC,68,0.0
FRCC,69,0.0
FRCC,70,0.0
FRCC,71,0.0
FRCC,72,0.0
FRCC,73,0.0
FRCC,74,0.0
FRCC,75,0.0
FRCC,76,0.0
FRCC,77,0.0
FRCC,78,0.0
FRCC,79,0.0
FRCC,80,0.0
FRCC,81,0.0
FRCC,82,0.0
FRCC,83,0.0
FRCC,84,0.0
FRCC,85,0.0
FRCC,86,0.0
FRCC,87,0.0
FRCC,88,0.0
FRCC,89,0.0
FRCC,90,0.0
FRCC,91,0.0
FRCC,92,0.0
FRCC,93,0.0
FRCC,94,0.0
FRCC,95,0.0
FRCC,96,0.0
FRCC,97,0.0
FRCC,98,0.0
FRCC,99,0.0
FRCC,100,0.0
FRCC,101,0.0
FRCC,102,0.0
FRCC,103,0.0
FRCC,104,0.0
FRCC,105,0.0
FRCC,106,0.0
FRCC,107,0.0
FRCC,108,0.0
FRCC,109,0.0
FRCC,110,0.0
FRCC,111,0.0
FRCC,112,0.0
FRCC,113,0.0
FRCC,114,0.0
FRCC,115,0.0
FRCC,116,0.0
FRCC,117,0.0
FRCC,118,0.0
FRCC,119,0.0
FRCC,120,0.0
FRCC,121,0.0
FRCC,122,0.0
FRCC,123,0.0
FRCC,124,0.0
FRCC,125,0.0
FRCC,126,0.0
FRCC,127,0.0
FRCC,128,0.0
FRCC,129,0.0
FRCC,130,0.0
FRCC,131,0.0
FRCC,132,0.0
FRCC,133,0.0
FRCC,134,0.0
FRCC,135,0.0
FRCC,136,0.0
FRCC,137,0.0
FRCC,138,0.0
FRCC,139,0.0
FRCC,140,0.0
FRCC,141,0.0
FRCC,142,0.0
FRCC,143,0.0
FRCC,144,0.0
FRCC,145,0.0
FRCC,146,0.0
FRCC,147,0.0
FRCC,148,0.0
FRCC,149,0.0
FRCC,150,0.0
FRCC,151,0.0
FRCC,152,0.0
FRCC,153,0.0
FRCC,154,0.0
FRCC,155,0.0
FRCC,156,0.0
FRCC,157,0.0
FRCC,158,0.0
FRCC,159,0.0
FRCC,160,0.0
FRCC,161,0.0
FRCC,162,0.0
FRCC,163,0.0
FRCC,164,0.0
FRCC,165,0.0
FRCC,166,0.0
FRCC,167,0.0
FRCC,168,0.0
FRCC,169,0.0
FRCC,170,0.0
FRCC,171,0.0
FRCC,172,0.0
FRCC,173,0.0
FRCC,174,0.0
FRCC,175,0.0
FRCC,176,0.0
FRCC,177,0.0
FRCC,178,0.0
FRCC,179,0.0
FRCC,180,0.0
FRCC,181,0.0
FRCC,182,0.0
FRCC,183,0.0
FRCC,184,0.0
FRCC,185,0.0
FRCC,186,0.0
FRCC,187,0.0
FRCC,188,0.0
FRCC,189,0.0
FRCC,190,0.0
FRCC,191,0.0
FRCC,192,0.0
FRCC,193,0.0
FRCC,194,0.0
FRCC,195,0.0
FRCC,196,0.0
FRCC,197,0.0
FRCC,198,0.0
FRCC,199,0.0
FRCC,200,0.0
FRCC,201,0.0
FRCC,202,0.0
FRCC,203,0.0
FRCC,204,0.0
FRCC,205,0.0
FRCC,206,0.0
FRCC,207,0.0
FRCC,208,0.0
FRCC,209,0.0
FRCC,210,0.0
FRCC,211,0.0
FRCC,212,0.0
FRCC,213,0.0
FRCC,214,0.0
FRCC,215,0.0
FRCC,216,0.0
FRCC,217,0.0
FRCC,218,0.0
FRCC,219,0.0
FRCC,220,0.0
FRCC,221,0.0
FRCC,222,0.0
FRCC,223,0.0
FRCC,224,0.0
FRCC,225,0.0
FRCC,226,0.0
FRCC,227,0.0
FRCC,228,0.0
FRCC,229,0.0
FRCC,230,0.0
FRCC,231,0.0
FRCC,232,0.0
FRCC,233,0.0
FRCC,234,0.0
FRCC,235,0.0
FRCC,236,0.0
FRCC,237,0.0
FRCC,238,0.0
FRCC,239,0.0
FRCC,240,0.0
FRCC,241,0.0
FRCC,242,0.0
FRCC,243,0.0
FRCC,244,0.0
FRCC,245,0.0
FRCC,246,0.0
FRCC,247,0.0
FRCC,248,0.0
FRCC,249,0.0
FRCC,250,0.0
FRCC,251,0.0
FRCC,252,0.0
FRCC,253,0.0
FRCC,254,0.0
FRCC,255,0.0
FRCC,256,0.0
FRCC,257,0.0
FRCC,258,0.0
FRCC,259,0.0
FRCC,260,0.0
FRCC,261,0.0
FRCC,262,0.0
FRCC,263,0.0
FRCC,264,0.0
FRCC,265,0.0
FRCC,266,0.0
FRCC,267,0.0
FRCC,268,0.0
FRCC,269,0.0
FRCC,270,0.0
FRCC,271,0.0
FRCC,272,0.0
FRCC,273,0.0
FRCC,274,0.0
FRCC,275,0.0
FRCC,276,0.0
FRCC,277,0.0
FRCC,278,0.0
FRCC,279,0.0
FRCC,280,0.0
FRCC,281,0.0
FRCC,282,0.0
FRCC,283,0.0
FRCC,284,0.0
FRCC,285,0.0
FRCC,286,0.0
FRCC,287,0.0
FRCC,288,0.0
FRCC,289,0.0
FRCC,290,0.0
FRCC,291,0.0
FRCC,292,0.0
FRCC,293,0.0
FRCC,294,0.0
FRCC,295,0.0
FRCC,296,0.0
FRCC,297,0.0
FRCC,298,0.0
FRCC,299,0.0
FRCC,300,0.0
FRCC,301,0.0
FRCC,302,0.0
FRCC,303,0.0
FRCC,304,0.0
FRCC,305,0.0
FRCC,306,0.0
FRCC,307,0.0
FRCC,308,0.0
FRCC,309,0.0
FRCC,310,0.0
FRCC,311,0.0
FRCC,312,0.0
FRCC,313,0.0
FRCC,314,0.0
FRCC,315,0.0
FRCC,316,0.0
FRCC,317,0.0
FRCC,318,0.0
FRCC,319,0.0
FRCC,320,0.0
FRCC,321,0.0
FRCC,322,0.0
FRCC,323,0.0
FRCC,324,0.0
FRCC,325,0.0
FRCC,326,0.0
FRCC,327,0.0
FRCC,328,0.0
FRCC,329,0.0
FRCC,330,0.0
FRCC,331,0.0
FRCC,332,0.0
FRCC,333,0.0
FRCC,334,0.0
FRCC,335,0.0
FRCC,336,0.0
FRCC,337,0.0
FRCC,338,0.0
FRCC,339,0.0
FRCC,340,0.0
FRCC,341,0.0
FRCC,342,0.0
FRCC,343,0.0
FRCC,344,0.0
FRCC,345,0.0
FRCC,346,0.0
FRCC,347,0.0
FRCC,348,0.0
FRCC,349,0.0
FRCC,350,0.0
FRCC,351,0.0
FRCC,352,0.0
FRCC,353,0.0
FRCC,354,0.0
FRCC,355,0.0
FRCC,356,0.0
FRCC,357,0.0
FRCC,358,0.0
FRCC,359,0.0
FRCC,360,0.0
FRCC,361,0.0
FRCC,362,0.0
FRCC,363,0.0
FRCC,364,0.0
FRCC,365,0.0
FRCC,366,0.0
FRCC,367,0.0
FRCC,368,0.0
FRCC,369,0.0
FRCC,370,0.0
FRCC,371,0.0
FRCC,372,0.0
FRCC,373,0.0
FRCC,374,0.0
FRCC,375,0.0
FRCC,376,0.0
FRCC,377,0.0
FRCC,378,0.0
FRCC,379,0.0
FRCC,380,0.0
FRCC,381,0.0
FRCC,382,0.0
FRCC,383,0.0
FRCC,384,0.0
FRCC,385,0.0
FRCC,386,0.0
FRCC,387,0.0
FRCC,388,0.0
FRCC,389,0.0
FRCC,390,0.0
FRCC,391,0.0
FRCC,392,0.0
FRCC,393,0.0
FRCC,394,0.0
FRCC,395,0.0
FRCC,396,0.0
FRCC,397,0.0
FRCC,398,0.0
FRCC,399,0.0
FRCC,400,0.0
FRCC,401,0.0
FRCC,402,0.0
FRCC,403,0.0
FRCC,404,0.0
FRCC,405,0.0
FRCC,406,0.0
FRCC,407,0.0
FRCC,408,0.0
FRCC,409,0.0
FRCC,410,0.0
FRCC,411,0.0
FRCC,412,0.0
FRCC,413,0.0
FRCC,414,0.0
FRCC,415,0.0
FRCC,416,0.0
FRCC,417,0.0
FRCC,418,0.0
FRCC,419,0.0
FRCC,420,0.0
FRCC,421,0.0
FRCC,422,0.0
FRCC,423,0.0
FRCC,424,0.0
FRCC,425,0.0
FRCC,426,0.0
FRCC,427,0.0
FRCC,428,0.0
FRCC,429,0.0
FRCC,430,0.0
FRCC,431,0.0
FRCC,432,0.0
FRCC,433,0.0
FRCC,434,0.0
FRCC,435,0.0
FRCC,436,0.0
FRCC,437,0.0
FRCC,438,0.0
FRCC,439,0.0
FRCC,440,0.0
FRCC,441,0.0
FRCC,442,0.0
FRCC,443,0.0
FRCC,444,0.0
FRCC,445,0.0
FRCC,446,0.0
FRCC,447,0.0
FRCC,448,0.0
FRCC,449,0.0
FRCC,450,0.0
FRCC,451,0.0
FRCC,452,0.0
FRCC,453,0.0
FRCC,454,0.0
FRCC,455,0.0
FRCC,456,0.0
FRCC,457,0.0
FRCC,458,0.0
FRCC,459,0.0
FRCC,460,0.0
FRCC,461,0.0
FRCC,462,0.0
FRCC,463,0.0
FRCC,464,0.0
FRCC,465,0.0
FRCC,466,0.0
FRCC,467,0.0
FRCC,468,0.0
FRCC,469,0.0
FRCC,470,0.0
FRCC,471,0.0
FRCC,472,0.0
FRCC,473,0.0
FRCC,474,0.0
FRCC,475,0.0
FRCC,476,0.0
FRCC,477,0.0
FRCC,478,0.0
FRCC,479,0.0
FRCC,480,0.0
FRCC,481,0.0
FRCC,482,0.0
FRCC,483,0.0
FRCC,484,0.0
FRCC,485,0.0
FRCC,486,0.0
FRCC,487,0.0
FRCC,488,0.0
FRCC,489,0.0
FRCC,490,0.0
FRCC,491,0.0
FRCC,492,0.0
FRCC,493,0.0
FRCC,494,0.0
FRCC,495,0.0
FRCC,496,0.0
FRCC,497,0.0
FRCC,498,0.0
FRCC,499,0.0
FRCC,500,0.0
FRCC,501,0.0
FRCC,502,0.0
FRCC,503,0.0
FRCC,504,0.0
FRCC,505,0.0
FRCC,506,0.0
FRCC,507,0.0
FRCC,508,0.0
FRCC,509,0.0
FRCC,510,0.0
FRCC,511,0.0
FRCC,512,0.0
FRCC,513,0.0
FRCC,514,0.0
FRCC,515,0.0
FRCC,516,0.0
FRCC,517,0.0
FRCC,518,0.0
FRCC,519,0.0
FRCC,520,0.0
FRCC,521,0.0
FRCC,522,0.0
FRCC,523,0.0
FRCC,524,0.0
FRCC,525,0.0
FRCC,526,0.0
FRCC,527,0.0
FRCC,528,0.0
FRCC,529,0.0
FRCC,530,0.0
FRCC,531,0.0
FRCC,532,0.0
FRCC,533,0.0
FRCC,534,0.0
FRCC,535,0.0
FRCC,536,0.0
FRCC,537,0.0
FRCC,538,0.0
FRCC,539,0.0
FRCC,540,0.0
FRCC,541,0.0
FRCC,542,0.0
FRCC,543,0.0
FRCC,544,0.0
FRCC,545,0.0
FRCC,546,0.0
FRCC,547,0.0
FRCC,548,0.0
FRCC,549,0.0
FRCC,550,0.0
FRCC,551,0.0
FRCC,552,0.0
FRCC,553,0.0
FRCC,554,0.0
FRCC,555,0.0
FRCC,556,0.0
FRCC,557,0.0
FRCC,558,0.0
FRCC,559,0.0
FRCC,560,0.0
FRCC,561,0.0
FRCC,562,0.0
FRCC,563,0.0
FRCC,564,0.0
FRCC,565,0.0
FRCC,566,0.0
FRCC,567,0.0
FRCC,568,0.0
FRCC,569,0.0
FRCC,570,0.0
FRCC,571,0.0
FRCC,572,0.0
FRCC,573,0.0
FRCC,574,0.0
FRCC,575,0.0
FRCC,576,0.0
ISNE,1,0.0
ISNE,2,0.0
ISNE,3,0.0
ISNE,4,0.0
ISNE,5,0.0
ISNE,6,0.0
ISNE,7,0.0
ISNE,8,0.0
ISNE,9,0.0
ISNE,10,0.0
ISNE,11,0.0
ISNE,12,0.0
ISNE,13,0.0
ISNE,14,0.0
ISNE,15,0.0
ISNE,16,0.0
ISNE,17,0.0
ISNE,18,0.0
ISNE,19,0.0
ISNE,20,0.0
ISNE,21,0.0
ISNE,22,0.0
ISNE,23,0.0
ISNE,24,0.0
ISNE,25,0.0
ISNE,26,0.0
ISNE,27,0.0
ISNE,28,0.0
ISNE,29,0.0
ISNE,30,0.0
ISNE,31,0.0
ISNE,32,0.0
ISNE,33,0.0
ISNE,34,0.0
ISNE,35,0.0
ISNE,36,0.0
ISNE,37,0.0
ISNE,38,0.0
ISNE,39,0.0
ISNE,40,0.0
ISNE,41,0.0
ISNE,42,0.0
ISNE,43,0.0
ISNE,44,0.0
ISNE,45,0.0
ISNE,46,0.0
ISNE,47,0.0
ISNE,48,0.0
ISNE,49,0.0
ISNE,50,0.0
ISNE,51,0.0
ISNE,52,0.0
ISNE,53,0.0
ISNE,54,0.0
ISNE,55,0.0
ISNE,56,0.0
ISNE,57,0.0
ISNE,58,0.0
ISNE,59,0.0
ISNE,60,0.0
ISNE,61,0.0
ISNE,62,0.0
ISNE,63,0.0
ISNE,64,0.0
ISNE,65,0.0
ISNE,66,0.0
ISNE,67,0.0
ISNE,68,0.0
ISNE,69,0.0
ISNE,70,0.0
ISNE,71,0.0
ISNE,72,0.0
ISNE,73,0.0
ISNE,74,0.0
ISNE,75,0.0
ISNE,76,0.0
ISNE,77,0.0
ISNE,78,0.0
ISNE,79,0.0
ISNE,80,0.0
ISNE,81,0.0
ISNE,82,0.0
ISNE,83,0.0
ISNE,84,0.0
ISNE,85,0.0
ISNE,86,0.0
ISNE,87,0.0
ISNE,88,0.0
ISNE,89,0.0
ISNE,90,0.0
ISNE,91,0.0
ISNE,92,0.0
ISNE,93,0.0
ISNE,94,0.0
ISNE,95,0.0
ISNE,96,0.0
ISNE,97,0.0
ISNE,98,0.0
ISNE,99,0.0
ISNE,100,0.0
ISNE,101,0.0
ISNE,102,0.0
ISNE,103,0.0
ISNE,104,0.0
ISNE,105,0.0
ISNE,106,0.0
ISNE,107,0.0
ISNE,108,0.0
ISNE,109,0.0
ISNE,110,0.0
ISNE,111,0.0
ISNE,112,0.0
ISNE,113,0.0
ISNE,114,0.0
ISNE,115,0.0
ISNE,116,0.0
ISNE,117,0.0
ISNE,118,0.0
ISNE,119,0.0
ISNE,120,0.0
ISNE,121,0.0
ISNE,122,0.0
ISNE,123,0.0
ISNE,124,0.0
ISNE,125,0.0
ISNE,126,0.0
ISNE,127,0.0
ISNE,128,0.0
ISNE,129,0.0
ISNE,130,0.0
ISNE,131,0.0
ISNE,132,0.0
ISNE,133,0.0
ISNE,134,0.0
ISNE,135,0.0
ISNE,136,0.0
ISNE,137,0.0
ISNE,138,0.0
ISNE,139,0.0
ISNE,140,0.0
ISNE,141,0.0
ISNE,142,0.0
ISNE,143,0.0
ISNE,144,0.0
ISNE,145,0.0
ISNE,146,0.0
ISNE,147,0.0
ISNE,148,0.0
ISNE,149,0.0
ISNE,150,0.0
ISNE,151,0.0
ISNE,152,0.0
ISNE,153,0.0
ISNE,154,0.0
ISNE,155,0.0
ISNE,156,0.0
ISNE,157,0.0
ISNE,158,0.0
ISNE,159,0.0
ISNE,160,0.0
ISNE,161,0.0
ISNE,162,0.0
ISNE,163,0.0
ISNE,164,0.0
ISNE,165,0.0
ISNE,166,0.0
ISNE,167,0.0
ISNE,168,0.0
ISNE,169,0.0
ISNE,170,0.0
ISNE,171,0.0
ISNE,172,0.0
ISNE,173,0.0
ISNE,174,0.0
ISNE,175,0.0
ISNE,176,0.0
ISNE,177,0.0
ISNE,178,0.0
ISNE,179,0.0
ISNE,180,0.0
ISNE,181,0.0
ISNE,182,0.0
ISNE,183,0.0
ISNE,184,0.0
ISNE,185,0.0
ISNE,186,0.0
ISNE,187,0.0
ISNE,188,0.0
ISNE,189,0.0
ISNE,190,0.0
ISNE,191,0.0
ISNE,192,0.0
ISNE,193,0.0
ISNE,194,0.0
ISNE,195,0.0
ISNE,196,0.0
ISNE,197,0.0
ISNE,198,0.0
ISNE,199,0.0
ISNE,200,0.0
ISNE,201,0.0
ISNE,202,0.0
ISNE,203,0.0
ISNE,204,0.0
ISNE,205,0.0
ISNE,206,0.0
ISNE,207,0.0
ISNE,208,0.0
ISNE,209,0.0
ISNE,210,0.0
ISNE,211,0.0
ISNE,212,0.0
ISNE,213,0.0
ISNE,214,0.0
ISNE,215,0.0
ISNE,216,0.0
ISNE,217,0.0
ISNE,218,0.0
ISNE,219,0.0
ISNE,220,0.0
ISNE,221,0.0
ISNE,222,0.0
ISNE,223,0.0
ISNE,224,0.0
ISNE,225,0.0
ISNE,226,0.0
ISNE,227,0.0
ISNE,228,0.0
ISNE,229,0.0
ISNE,230,0.0
ISNE,231,0.0
ISNE,232,0.0
ISNE,233,0.0
ISNE,234,0.0
ISNE,235,0.0
ISNE,236,0.0
ISNE,237,0.0
ISNE,238,0.0
ISNE,239,0.0
ISNE,240,0.0
ISNE,241,0.0
ISNE,242,0.0
ISNE,243,0.0
ISNE,244,0.0
ISNE,245,0.0
ISNE,246,0.0
ISNE,247,0.0
ISNE,248,0.0
ISNE,249,0.0
ISNE,250,0.0
ISNE,251,0.0
ISNE,252,0.0
ISNE,253,0.0
ISNE,254,0.0
ISNE,255,0.0
ISNE,256,0.0
ISNE,257,0.0
ISNE,258,0.0
ISNE,259,0.0
ISNE,260,0.0
ISNE,261,0.0
ISNE,262,0.0
ISNE,263,0.0
ISNE,264,0.0
ISNE,265,0.0
ISNE,266,0.0
ISNE,267,0.0
ISNE,268,0.0
ISNE,269,0.0
ISNE,270,0.0
ISNE,271,0.0
ISNE,272,0.0
ISNE,273,0.0
ISNE,274,0.0
ISNE,275,0.0
ISNE,276,0.0
ISNE,277,0.0
ISNE,278,0.0
ISNE,279,0.0
ISNE,280,0.0
ISNE,281,0.0
ISNE,282,0.0
ISNE,283,0.0
ISNE,284,0.0
ISNE,285,0.0
ISNE,286,0.0
ISNE,287,0.0
ISNE,288,0.0
ISNE,289,0.0
ISNE,290,0.0
ISNE,291,0.0
ISNE,292,0.0
ISNE,293,0.0
ISNE,294,0.0
ISNE,295,0.0
ISNE,296,0.0
ISNE,297,0.0
ISNE,298,0.0
ISNE,299,0.0
ISNE,300,0.0
ISNE,301,0.0
ISNE,302,0.0
ISNE,303,0.0
ISNE,304,0.0
ISNE,305,0.0
ISNE,306,0.0
ISNE,307,0.0
ISNE,308,0.0
ISNE,309,0.0
ISNE,310,0.0
ISNE,311,0.0
ISNE,312,0.0
ISNE,313,0.0
ISNE,314,0.0
ISNE,315,0.0
ISNE,316,0.0
ISNE,317,0.0
ISNE,318,0.0
ISNE,319,0.0
ISNE,320,0.0
ISNE,321,0.0
ISNE,322,0.0
ISNE,323,0.0
ISNE,324,0.0
ISNE,325,0.0
ISNE,326,0.0
ISNE,327,0.0
ISNE,328,0.0
ISNE,329,0.0
ISNE,330,0.0
ISNE,331,0.0
ISNE,332,0.0
ISNE,333,0.0
ISNE,334,0.0
ISNE,335,0.0
ISNE,336,0.0
ISNE,337,0.0
ISNE,338,0.0
ISNE,339,0.0
ISNE,340,0.0
ISNE,341,0.0
ISNE,342,0.0
ISNE,343,0.0
ISNE,344,0.0
ISNE,345,0.0
ISNE,346,0.0
ISNE,347,0.0
ISNE,348,0.0
ISNE,349,0.0
ISNE,350,0.0
ISNE,351,0.0
ISNE,352,0.0
ISNE,353,0.0
ISNE,354,0.0
ISNE,355,0.0
ISNE,356,0.0
ISNE,357,0.0
ISNE,358,0.0
ISNE,359,0.0
ISNE,360,0.0
ISNE,361,0.0
ISNE,362,0.0
ISNE,363,0.0
ISNE,364,0.0
ISNE,365,0.0
ISNE,366,0.0
ISNE,367,0.0
ISNE,368,0.0
ISNE,369,0.0
ISNE,370,0.0
ISNE,371,0.0
ISNE,372,0.0
ISNE,373,0.0
ISNE,374,0.0
ISNE,375,0.0
ISNE,376,0.0
ISNE,377,0.0
ISNE,378,0.0
ISNE,379,0.0
ISNE,380,0.0
ISNE,381,0.0
ISNE,382,0.0
ISNE,383,0.0
ISNE,384,0.0
ISNE,385,0.0
ISNE,386,0.0
ISNE,387,0.0
ISNE,388,0.0
ISNE,389,0.0
ISNE,390,0.0
ISNE,391,0.0
ISNE,392,0.0
ISNE,393,0.0
ISNE,394,0.0
ISNE,395,0.0
ISNE,396,0.0
ISNE,397,0.0
ISNE,398,0.0
ISNE,399,0.0
ISNE,400,0.0
ISNE,401,0.0
ISNE,402,0.0
ISNE,403,0.0
ISNE,404,0.0
ISNE,405,0.0
ISNE,406,0.0
ISNE,407,0.0
ISNE,408,0.0
ISNE,409,0.0
ISNE,410,0.0
ISNE,411,0.0
ISNE,412,0.0
ISNE,413,0.0
ISNE,414,0.0
ISNE,415,0.0
ISNE,416,0.0
ISNE,417,0.0
ISNE,418,0.0
ISNE,419,0.0
ISNE,420,0.0
ISNE,421,0.0
ISNE,422,0.0
ISNE,423,0.0
ISNE,424,0.0
ISNE,425,0.0
ISNE,426,0.0
ISNE,427,0.0
ISNE,428,0.0
ISNE,429,0.0
ISNE,430,0.0
ISNE,431,0.0
ISNE,432,0.0
ISNE,433,0.0
ISNE,434,0.0
ISNE,435,0.0
ISNE,436,0.0
ISNE,437,0.0
ISNE,438,0.0
ISNE,439,0.0
ISNE,440,0.0
ISNE,441,0.0
ISNE,442,0.0
ISNE,443,0.0
ISNE,444,0.0
ISNE,445,0.0
ISNE,446,0.0
ISNE,447,0.0
ISNE,448,0.0
ISNE,449,0.0
ISNE,450,0.0
ISNE,451,0.0
ISNE,452,0.0
ISNE,453,0.0
ISNE,454,0.0
ISNE,455,0.0
ISNE,456,0.0
ISNE,457,0.0
ISNE,458,0.0
ISNE,459,0.0
ISNE,460,0.0
ISNE,461,0.0
ISNE,462,0.0
ISNE,463,0.0
ISNE,464,0.0
ISNE,465,0.0
ISNE,466,0.0
ISNE,467,0.0
ISNE,468,0.0
ISNE,469,0.0
ISNE,470,0.0
ISNE,471,0.0
ISNE,472,0.0
ISNE,473,0.0
ISNE,474,0.0
ISNE,475,0.0
ISNE,476,0.0
ISNE,477,0.0
ISNE,478,0.0
ISNE,479,0.0
ISNE,480,0.0
ISNE,481,0.0
ISNE,482,0.0
ISNE,483,0.0
ISNE,484,0.0
ISNE,485,0.0
ISNE,486,0.0
ISNE,487,0.0
ISNE,488,0.0
ISNE,489,0.0
ISNE,490,0.0
ISNE,491,0.0
ISNE,492,0.0
ISNE,493,0.0
ISNE,494,0.0
ISNE,495,0.0
ISNE,496,0.0
ISNE,497,0.0
ISNE,498,0.0
ISNE,499,0.0
ISNE,500,0.0
ISNE,501,0.0
ISNE,502,0.0
ISNE,503,0.0
ISNE,504,0.0
ISNE,505,0.0
ISNE,506,0.0
ISNE,507,0.0
ISNE,508,0.0
ISNE,509,0.0
ISNE,510,0.0
ISNE,511,0.0
ISNE,512,0.0
ISNE,513,0.0
ISNE,514,0.0
ISNE,515,0.0
ISNE,516,0.0
ISNE,517,0.0
ISNE,518,0.0
ISNE,519,0.0
ISNE,520,0.0
ISNE,521,0.0
ISNE,522,0.0
ISNE,523,0.0
ISNE,524,0.0
ISNE,525,0.0
ISNE,526,0.0
ISNE,527,0.0
ISNE,528,0.0
ISNE,529,0.0
ISNE,530,0.0
ISNE,531,0.0
ISNE,532,0.0
ISNE,533,0.0
ISNE,534,0.0
ISNE,535,0.0
ISNE,536,0.0
ISNE,537,0.0
ISNE,538,0.0
ISNE,539,0.0
ISNE,540,0.0
ISNE,541,0.0
ISNE,542,0.0
ISNE,543,0.0
ISNE,544,0.0
ISNE,545,0.0
ISNE,546,0.0
ISNE,547,0.0
ISNE,548,0.0
ISNE,549,0.0
ISNE,550,0.0
ISNE,551,0.0
ISNE,552,0.0
ISNE,553,0.0
ISNE,554,0.0
ISNE,555,0.0
ISNE,556,0.0
ISNE,557,0.0
ISNE,558,0.0
ISNE,559,0.0
ISNE,560,0.0
ISNE,561,0.0
ISNE,562,0.0
ISNE,563,0.0
ISNE,564,0.0
ISNE,565,0.0
ISNE,566,0.0
ISNE,567,0.0
ISNE,568,0.0
ISNE,569,0.0
ISNE,570,0.0
ISNE,571,0.0
ISNE,572,0.0
ISNE,573,0.0
ISNE,574,0.0
ISNE,575,0.0
ISNE,576,0.0
MISC,1,0.0
MISC,2,0.0
MISC,3,0.0
MISC,4,0.0
MISC,5,0.0
MISC,6,0.0
MISC,7,0.0
MISC,8,0.0
MISC,9,0.0
MISC,10,0.0
MISC,11,0.0
MISC,12,0.0
MISC,13,0.0
MISC,14,0.0
MISC,15,0.0
MISC,16,0.0
MISC,17,0.0
MISC,18,0.0
MISC,19,0.0
MISC,20,0.0
MISC,21,0.0
MISC,22,0.0
MISC,23,0.0
MISC,24,0.0
MISC,25,0.0
MISC,26,0.0
MISC,27,0.0
MISC,28,0.0
MISC,29,0.0
MISC,30,0.0
MISC,31,0.0
MISC,32,0.0
MISC,33,0.0
MISC,34,0.0
MISC,35,0.0
MISC,36,0.0
MISC,37,0.0
MISC,38,0.0
MISC,39,0.0
MISC,40,0.0
MISC,41,0.0
MISC,42,0.0
MISC,43,0.0
MISC,44,0.0
MISC,45,0.0
MISC,46,0.0
MISC,47,0.0
MISC,48,0.0
MISC,49,0.0
MISC,50,0.0
MISC,51,0.0
MISC,52,0.0
MISC,53,0.0
MISC,54,0.0
MISC,55,0.0
MISC,56,0.0
MISC,57,0.0
MISC,58,0.0
MISC,59,0.0
MISC,60,0.0
MISC,61,0.0
MISC,62,0.0
MISC,63,0.0
MISC,64,0.0
MISC,65,0.0
MISC,66,0.0
MISC,67,0.0
MISC,68,0.0
MISC,69,0.0
MISC,70,0.0
MISC,71,0.0
MISC,72,0.0
MISC,73,0.0
MISC,74,0.0
MISC,75,0.0
MISC,76,0.0
MISC,77,0.0
MISC,78,0.0
MISC,79,0.0
MISC,80,0.0
MISC,81,0.0
MISC,82,0.0
MISC,83,0.0
MISC,84,0.0
MISC,85,0.0
MISC,86,0.0
MISC,87,0.0
MISC,88,0.0
MISC,89,0.0
MISC,90,0.0
MISC,91,0.0
MISC,92,0.0
MISC,93,0.0
MISC,94,0.0
MISC,95,0.0
MISC,96,0.0
MISC,97,0.0
MISC,98,0.0
MISC,99,0.0
MISC,100,0.0
MISC,101,0.0
MISC,102,0.0
MISC,103,0.0
MISC,104,0.0
MISC,105,0.0
MISC,106,0.0
MISC,107,0.0
MISC,108,0.0
MISC,109,0.0
MISC,110,0.0
MISC,111,0.0
MISC,112,0.0
MISC,113,0.0
MISC,114,0.0
MISC,115,0.0
MISC,116,0.0
MISC,117,0.0
MISC,118,0.0
MISC,119,0.0
MISC,120,0.0
MISC,121,0.0
MISC,122,0.0
MISC,123,0.0
MISC,124,0.0
MISC,125,0.0
MISC,126,0.0
MISC,127,0.0
MISC,128,0.0
MISC,129,0.0
MISC,130,0.0
MISC,131,0.0
MISC,132,0.0
MISC,133,0.0
MISC,134,0.0
MISC,135,0.0
MISC,136,0.0
MISC,137,0.0
MISC,138,0.0
MISC,139,0.0
MISC,140,0.0
MISC,141,0.0
MISC,142,0.0
MISC,143,0.0
MISC,144,0.0
MISC,145,0.0
MISC,146,0.0
MISC,147,0.0
MISC,148,0.0
MISC,149,0.0
MISC,150,0.0
MISC,151,0.0
MISC,152,0.0
MISC,153,0.0
MISC,154,0.0
MISC,155,0.0
MISC,156,0.0
MISC,157,0.0
MISC,158,0.0
MISC,159,0.0
MISC,160,0.0
MISC,161,0.0
MISC,162,0.0
MISC,163,0.0
MISC,164,0.0
MISC,165,0.0
MISC,166,0.0
MISC,167,0.0
MISC,168,0.0
MISC,169,0.0
MISC,170,0.0
MISC,171,0.0
MISC,172,0.0
MISC,173,0.0
MISC,174,0.0
MISC,175,0.0
MISC,176,0.0
MISC,177,0.0
MISC,178,0.0
MISC,179,0.0
MISC,180,0.0
MISC,181,0.0
MISC,182,0.0
MISC,183,0.0
MISC,184,0.0
MISC,185,0.0
MISC,186,0.0
MISC,187,0.0
MISC,188,0.0
MISC,189,0.0
MISC,190,0.0
MISC,191,0.0
MISC,192,0.0
MISC,193,0.0
MISC,194,0.0
MISC,195,0.0
MISC,196,0.0
MISC,197,0.0
MISC,198,0.0
MISC,199,0.0
MISC,200,0.0
MISC,201,0.0
MISC,202,0.0
MISC,203,0.0
MISC,204,0.0
MISC,205,0.0
MISC,206,0.0
MISC,207,0.0
MISC,208,0.0
MISC,209,0.0
MISC,210,0.0
MISC,211,0.0
MISC,212,0.0
MISC,213,0.0
MISC,214,0.0
MISC,215,0.0
MISC,216,0.0
MISC,217,0.0
MISC,218,0.0
MISC,219,0.0
MISC,220,0.0
MISC,221,0.0
MISC,222,0.0
MISC,223,0.0
MISC,224,0.0
MISC,225,0.0
MISC,226,0.0
MISC,227,0.0
MISC,228,0.0
MISC,229,0.0
MISC,230,0.0
MISC,231,0.0
MISC,232,0.0
MISC,233,0.0
MISC,234,0.0
MISC,235,0.0
MISC,236,0.0
MISC,237,0.0
MISC,238,0.0
MISC,239,0.0
MISC,240,0.0
MISC,241,0.0
MISC,242,0.0
MISC,243,0.0
MISC,244,0.0
MISC,245,0.0
MISC,246,0.0
MISC,247,0.0
MISC,248,0.0
MISC,249,0.0
MISC,250,0.0
MISC,251,0.0
MISC,252,0.0
MISC,253,0.0
MISC,254,0.0
MISC,255,0.0
MISC,256,0.0
MISC,257,0.0
MISC,258,0.0
MISC,259,0.0
MISC,260,0.0
MISC,261,0.0
MISC,262,0.0
MISC,263,0.0
MISC,264,0.0
MISC,265,0.0
MISC,266,0.0
MISC,267,0.0
MISC,268,0.0
MISC,269,0.0
MISC,270,0.0
MISC,271,0.0
MISC,272,0.0
MISC,273,0.0
MISC,274,0.0
MISC,275,0.0
MISC,276,0.0
MISC,277,0.0
MISC,278,0.0
MISC,279,0.0
MISC,280,0.0
MISC,281,0.0
MISC,282,0.0
MISC,283,0.0
MISC,284,0.0
MISC,285,0.0
MISC,286,0.0
MISC,287,0.0
MISC,288,0.0
MISC,289,0.0
MISC,290,0.0
MISC,291,0.0
MISC,292,0.0
MISC,293,0.0
MISC,294,0.0
MISC,295,0.0
MISC,296,0.0
MISC,297,0.0
MISC,298,0.0
MISC,299,0.0
MISC,300,0.0
MISC,301,0.0
MISC,302,0.0
MISC,303,0.0
MISC,304,0.0
MISC,305,0.0
MISC,306,0.0
MISC,307,0.0
MISC,308,0.0
MISC,309,0.0
MISC,310,0.0
MISC,311,0.0
MISC,312,0.0
MISC,313,0.0
MISC,314,0.0
MISC,315,0.0
MISC,316,0.0
MISC,317,0.0
MISC,318,0.0
MISC,319,0.0
MISC,320,0.0
MISC,321,0.0
MISC,322,0.0
MISC,323,0.0
MISC,324,0.0
MISC,325,0.0
MISC,326,0.0
MISC,327,0.0
MISC,328,0.0
MISC,329,0.0
MISC,330,0.0
MISC,331,0.0
MISC,332,0.0
MISC,333,0.0
MISC,334,0.0
MISC,335,0.0
MISC,336,0.0
MISC,337,0.0
MISC,338,0.0
MISC,339,0.0
MISC,340,0.0
MISC,341,0.0
MISC,342,0.0
MISC,343,0.0
MISC,344,0.0
MISC,345,0.0
MISC,346,0.0
MISC,347,0.0
MISC,348,0.0
MISC,349,0.0
MISC,350,0.0
MISC,351,0.0
MISC,352,0.0
MISC,353,0.0
MISC,354,0.0
MISC,355,0.0
MISC,356,0.0
MISC,357,0.0
MISC,358,0.0
MISC,359,0.0
MISC,360,0.0
MISC,361,0.0
MISC,362,0.0
MISC,363,0.0
MISC,364,0.0
MISC,365,0.0
MISC,366,0.0
MISC,367,0.0
MISC,368,0.0
MISC,369,0.0
MISC,370,0.0
MISC,371,0.0
MISC,372,0.0
MISC,373,0.0
MISC,374,0.0
MISC,375,0.0
MISC,376,0.0
MISC,377,0.0
MISC,378,0.0
MISC,379,0.0
MISC,380,0.0
MISC,381,0.0
MISC,382,0.0
MISC,383,0.0
MISC,384,0.0
MISC,385,0.0
MISC,386,0.0
MISC,387,0.0
MISC,388,0.0
MISC,389,0.0
MISC,390,0.0
MISC,391,0.0
MISC,392,0.0
MISC,393,0.0
MISC,394,0.0
MISC,395,0.0
MISC,396,0.0
MISC,397,0.0
MISC,398,0.0
MISC,399,0.0
MISC,400,0.0
MISC,401,0.0
MISC,402,0.0
MISC,403,0.0
MISC,404,0.0
MISC,405,0.0
MISC,406,0.0
MISC,407,0.0
MISC,408,0.0
MISC,409,0.0
MISC,410,0.0
MISC,411,0.0
MISC,412,0.0
MISC,413,0.0
MISC,414,0.0
MISC,415,0.0
MISC,416,0.0
MISC,417,0.0
MISC,418,0.0
MISC,419,0.0
MISC,420,0.0
MISC,421,0.0
MISC,422,0.0
MISC,423,0.0
MISC,424,0.0
MISC,425,0.0
MISC,426,0.0
MISC,427,0.0
MISC,428,0.0
MISC,429,0.0
MISC,430,0.0
MISC,431,0.0
MISC,432,0.0
MISC,433,0.0
MISC,434,0.0
MISC,435,0.0
MISC,436,0.0
MISC,437,0.0
MISC,438,0.0
MISC,439,0.0
MISC,440,0.0
MISC,441,0.0
MISC,442,0.0
MISC,443,0.0
MISC,444,0.0
MISC,445,0.0
MISC,446,0.0
MISC,447,0.0
MISC,448,0.0
MISC,449,0.0
MISC,450,0.0
MISC,451,0.0
MISC,452,0.0
MISC,453,0.0
MISC,454,0.0
MISC,455,0.0
MISC,456,0.0
MISC,457,0.0
MISC,458,0.0
MISC,459,0.0
MISC,460,0.0
MISC,461,0.0
MISC,462,0.0
MISC,463,0.0
MISC,464,0.0
MISC,465,0.0
MISC,466,0.0
MISC,467,0.0
MISC,468,0.0
MISC,469,0.0
MISC,470,0.0
MISC,471,0.0
MISC,472,0.0
MISC,473,0.0
MISC,474,0.0
MISC,475,0.0
MISC,476,0.0
MISC,477,0.0
MISC,478,0.0
MISC,479,0.0
MISC,480,0.0
MISC,481,0.0
MISC,482,0.0
MISC,483,0.0
MISC,484,0.0
MISC,485,0.0
MISC,486,0.0
MISC,487,0.0
MISC,488,0.0
MISC,489,0.0
MISC,490,0.0
MISC,491,0.0
MISC,492,0.0
MISC,493,0.0
MISC,494,0.0
MISC,495,0.0
MISC,496,0.0
MISC,497,0.0
MISC,498,0.0
MISC,499,0.0
MISC,500,0.0
MISC,501,0.0
MISC,502,0.0
MISC,503,0.0
MISC,504,0.0
MISC,505,0.0
MISC,506,0.0
MISC,507,0.0
MISC,508,0.0
MISC,509,0.0
MISC,510,0.0
MISC,511,0.0
MISC,512,0.0
MISC,513,0.0
MISC,514,0.0
MISC,515,0.0
MISC,516,0.0
MISC,517,0.0
MISC,518,0.0
MISC,519,0.0
MISC,520,0.0
MISC,521,0.0
MISC,522,0.0
MISC,523,0.0
MISC,524,0.0
MISC,525,0.0
MISC,526,0.0
MISC,527,0.0
MISC,528,0.0
MISC,529,0.0
MISC,530,0.0
MISC,531,0.0
MISC,532,0.0
MISC,533,0.0
MISC,534,0.0
MISC,535,0.0
MISC,536,0.0
MISC,537,0.0
MISC,538,0.0
MISC,539,0.0
MISC,540,0.0
MISC,541,0.0
MISC,542,0.0
MISC,543,0.0
MISC,544,0.0
MISC,545,0.0
MISC,546,0.0
MISC,547,0.0
MISC,548,0.0
MISC,549,0.0
MISC,550,0.0
MISC,551,0.0
MISC,552,0.0
MISC,553,0.0
MISC,554,0.0
MISC,555,0.0
MISC,556,0.0
MISC,557,0.0
MISC,558,0.0
MISC,559,0.0
MISC,560,0.0
MISC,561,0.0
MISC,562,0.0
MISC,563,0.0
MISC,564,0.0
MISC,565,0.0
MISC,566,0.0
MISC,567,0.0
MISC,568,0.0
MISC,569,0.0
MISC,570,0.0
MISC,571,0.0
MISC,572,0.0
MISC,573,0.0
MISC,574,0.0
MISC,575,0.0
MISC,576,0.0
MISE,1,0.0
MISE,2,0.0
MISE,3,0.0
MISE,4,0.0
MISE,5,0.0
MISE,6,0.0
MISE,7,0.0
MISE,8,0.0
MISE,9,0.0
MISE,10,0.0
MISE,11,0.0
MISE,12,0.0
MISE,13,0.0
MISE,14,0.0
MISE,15,0.0
MISE,16,0.0
MISE,17,0.0
MISE,18,0.0
MISE,19,0.0
MISE,20,0.0
MISE,21,0.0
MISE,22,0.0
MISE,23,0.0
MISE,24,0.0
MISE,25,0.0
MISE,26,0.0
MISE,27,0.0
MISE,28,0.0
MISE,29,0.0
MISE,30,0.0
MISE,31,0.0
MISE,32,0.0
MISE,33,0.0
MISE,34,0.0
MISE,35,0.0
MISE,36,0.0
MISE,37,0.0
MISE,38,0.0
MISE,39,0.0
MISE,40,0.0
MISE,41,0.0
MISE,42,0.0
MISE,43,0.0
MISE,44,0.0
MISE,45,0.0
MISE,46,0.0
MISE,47,0.0
MISE,48,0.0
MISE,49,0.0
MISE,50,0.0
MISE,51,0.0
MISE,52,0.0
MISE,53,0.0
MISE,54,0.0
MISE,55,0.0
MISE,56,0.0
MISE,57,0.0
MISE,58,0.0
MISE,59,0.0
MISE,60,0.0
MISE,61,0.0
MISE,62,0.0
MISE,63,0.0
MISE,64,0.0
MISE,65,0.0
MISE,66,0.0
MISE,67,0.0
MISE,68,0.0
MISE,69,0.0
MISE,70,0.0
MISE,71,0.0
MISE,72,0.0
MISE,73,0.0
MISE,74,0.0
MISE,75,0.0
MISE,76,0.0
MISE,77,0.0
MISE,78,0.0
MISE,79,0.0
MISE,80,0.0
MISE,81,0.0
MISE,82,0.0
MISE,83,0.0
MISE,84,0.0
MISE,85,0.0
MISE,86,0.0
MISE,87,0.0
MISE,88,0.0
MISE,89,0.0
MISE,90,0.0
MISE,91,0.0
MISE,92,0.0
MISE,93,0.0
MISE,94,0.0
MISE,95,0.0
MISE,96,0.0
MISE,97,0.0
MISE,98,0.0
MISE,99,0.0
MISE,100,0.0
MISE,101,0.0
MISE,102,0.0
MISE,103,0.0
MISE,104,0.0
MISE,105,0.0
MISE,106,0.0
MISE,107,0.0
MISE,108,0.0
MISE,109,0.0
MISE,110,0.0
MISE,111,0.0
MISE,112,0.0
MISE,113,0.0
MISE,114,0.0
MISE,115,0.0
MISE,116,0.0
MISE,117,0.0
MISE,118,0.0
MISE,119,0.0
MISE,120,0.0
MISE,121,0.0
MISE,122,0.0
MISE,123,0.0
MISE,124,0.0
MISE,125,0.0
MISE,126,0.0
MISE,127,0.0
MISE,128,0.0
MISE,129,0.0
MISE,130,0.0
MISE,131,0.0
MISE,132,0.0
MISE,133,0.0
MISE,134,0.0
MISE,135,0.0
MISE,136,0.0
MISE,137,0.0
MISE,138,0.0
MISE,139,0.0
MISE,140,0.0
MISE,141,0.0
MISE,142,0.0
MISE,143,0.0
MISE,144,0.0
MISE,145,0.0
MISE,146,0.0
MISE,147,0.0
MISE,148,0.0
MISE,149,0.0
MISE,150,0.0
MISE,151,0.0
MISE,152,0.0
MISE,153,0.0
MISE,154,0.0
MISE,155,0.0
MISE,156,0.0
MISE,157,0.0
MISE,158,0.0
MISE,159,0.0
MISE,160,0.0
MISE,161,0.0
MISE,162,0.0
MISE,163,0.0
MISE,164,0.0
MISE,165,0.0
MISE,166,0.0
MISE,167,0.0
MISE,168,0.0
MISE,169,0.0
MISE,170,0.0
MISE,171,0.0
MISE,172,0.0
MISE,173,0.0
MISE,174,0.0
MISE,175,0.0
MISE,176,0.0
MISE,177,0.0
MISE,178,0.0
MISE,179,0.0
MISE,180,0.0
MISE,181,0.0
MISE,182,0.0
MISE,183,0.0
MISE,184,0.0
MISE,185,0.0
MISE,186,0.0
MISE,187,0.0
MISE,188,0.0
MISE,189,0.0
MISE,190,0.0
MISE,191,0.0
MISE,192,0.0
MISE,193,0.0
MISE,194,0.0
MISE,195,0.0
MISE,196,0.0
MISE,197,0.0
MISE,198,0.0
MISE,199,0.0
MISE,200,0.0
MISE,201,0.0
MISE,202,0.0
MISE,203,0.0
MISE,204,0.0
MISE,205,0.0
MISE,206,0.0
MISE,207,0.0
MISE,208,0.0
MISE,209,0.0
MISE,210,0.0
MISE,211,0.0
MISE,212,0.0
MISE,213,0.0
MISE,214,0.0
MISE,215,0.0
MISE,216,0.0
MISE,217,0.0
MISE,218,0.0
MISE,219,0.0
MISE,220,0.0
MISE,221,0.0
MISE,222,0.0
MISE,223,0.0
MISE,224,0.0
MISE,225,0.0
MISE,226,0.0
MISE,227,0.0
MISE,228,0.0
MISE,229,0.0
MISE,230,0.0
MISE,231,0.0
MISE,232,0.0
MISE,233,0.0
MISE,234,0.0
MISE,235,0.0
MISE,236,0.0
MISE,237,0.0
MISE,238,0.0
MISE,239,0.0
MISE,240,0.0
MISE,241,0.0
MISE,242,0.0
MISE,243,0.0
MISE,244,0.0
MISE,245,0.0
MISE,246,0.0
MISE,247,0.0
MISE,248,0.0
MISE,249,0.0
MISE,250,0.0
MISE,251,0.0
MISE,252,0.0
MISE,253,0.0
MISE,254,0.0
MISE,255,0.0
MISE,256,0.0
MISE,257,0.0
MISE,258,0.0
MISE,259,0.0
MISE,260,0.0
MISE,261,0.0
MISE,262,0.0
MISE,263,0.0
MISE,264,0.0
MISE,265,0.0
MISE,266,0.0
MISE,267,0.0
MISE,268,0.0
MISE,269,0.0
MISE,270,0.0
MISE,271,0.0
MISE,272,0.0
MISE,273,0.0
MISE,274,0.0
MISE,275,0.0
MISE,276,0.0
MISE,277,0.0
MISE,278,0.0
MISE,279,0.0
MISE,280,0.0
MISE,281,0.0
MISE,282,0.0
MISE,283,0.0
MISE,284,0.0
MISE,285,0.0
MISE,286,0.0
MISE,287,0.0
MISE,288,0.0
MISE,289,0.0
MISE,290,0.0
MISE,291,0.0
MISE,292,0.0
MISE,293,0.0
MISE,294,0.0
MISE,295,0.0
MISE,296,0.0
MISE,297,0.0
MISE,298,0.0
MISE,299,0.0
MISE,300,0.0
MISE,301,0.0
MISE,302,0.0
MISE,303,0.0
MISE,304,0.0
MISE,305,0.0
MISE,306,0.0
MISE,307,0.0
MISE,308,0.0
MISE,309,0.0
MISE,310,0.0
MISE,311,0.0
MISE,312,0.0
MISE,313,0.0
MISE,314,0.0
MISE,315,0.0
MISE,316,0.0
MISE,317,0.0
MISE,318,0.0
MISE,319,0.0
MISE,320,0.0
MISE,321,0.0
MISE,322,0.0
MISE,323,0.0
MISE,324,0.0
MISE,325,0.0
MISE,326,0.0
MISE,327,0.0
MISE,328,0.0
MISE,329,0.0
MISE,330,0.0
MISE,331,0.0
MISE,332,0.0
MISE,333,0.0
MISE,334,0.0
MISE,335,0.0
MISE,336,0.0
MISE,337,0.0
MISE,338,0.0
MISE,339,0.0
MISE,340,0.0
MISE,341,0.0
MISE,342,0.0
MISE,343,0.0
MISE,344,0.0
MISE,345,0.0
MISE,346,0.0
MISE,347,0.0
MISE,348,0.0
MISE,349,0.0
MISE,350,0.0
MISE,351,0.0
MISE,352,0.0
MISE,353,0.0
MISE,354,0.0
MISE,355,0.0
MISE,356,0.0
MISE,357,0.0
MISE,358,0.0
MISE,359,0.0
MISE,360,0.0
MISE,361,0.0
MISE,362,0.0
MISE,363,0.0
MISE,364,0.0
MISE,365,0.0
MISE,366,0.0
MISE,367,0.0
MISE,368,0.0
MISE,369,0.0
MISE,370,0.0
MISE,371,0.0
MISE,372,0.0
MISE,373,0.0
MISE,374,0.0
MISE,375,0.0
MISE,376,0.0
MISE,377,0.0
MISE,378,0.0
MISE,379,0.0
MISE,380,0.0
MISE,381,0.0
MISE,382,0.0
MISE,383,0.0
MISE,384,0.0
MISE,385,0.0
MISE,386,0.0
MISE,387,0.0
MISE,388,0.0
MISE,389,0.0
MISE,390,0.0
MISE,391,0.0
MISE,392,0.0
MISE,393,0.0
MISE,394,0.0
MISE,395,0.0
MISE,396,0.0
MISE,397,0.0
MISE,398,0.0
MISE,399,0.0
MISE,400,0.0
MISE,401,0.0
MISE,402,0.0
MISE,403,0.0
MISE,404,0.0
MISE,405,0.0
MISE,406,0.0
MISE,407,0.0
MISE,408,0.0
MISE,409,0.0
MISE,410,0.0
MISE,411,0.0
MISE,412,0.0
MISE,413,0.0
MISE,414,0.0
MISE,415,0.0
MISE,416,0.0
MISE,417,0.0
MISE,418,0.0
MISE,419,0.0
MISE,420,0.0
MISE,421,0.0
MISE,422,0.0
MISE,423,0.0
MISE,424,0.0
MISE,425,0.0
MISE,426,0.0
MISE,427,0.0
MISE,428,0.0
MISE,429,0.0
MISE,430,0.0
MISE,431,0.0
MISE,432,0.0
MISE,433,0.0
MISE,434,0.0
MISE,435,0.0
MISE,436,0.0
MISE,437,0.0
MISE,438,0.0
MISE,439,0.0
MISE,440,0.0
MISE,441,0.0
MISE,442,0.0
MISE,443,0.0
MISE,444,0.0
MISE,445,0.0
MISE,446,0.0
MISE,447,0.0
MISE,448,0.0
MISE,449,0.0
MISE,450,0.0
MISE,451,0.0
MISE,452,0.0
MISE,453,0.0
MISE,454,0.0
MISE,455,0.0
MISE,456,0.0
MISE,457,0.0
MISE,458,0.0
MISE,459,0.0
MISE,460,0.0
MISE,461,0.0
MISE,462,0.0
MISE,463,0.0
MISE,464,0.0
MISE,465,0.0
MISE,466,0.0
MISE,467,0.0
MISE,468,0.0
MISE,469,0.0
MISE,470,0.0
MISE,471,0.0
MISE,472,0.0
MISE,473,0.0
MISE,474,0.0
MISE,475,0.0
MISE,476,0.0
MISE,477,0.0
MISE,478,0.0
MISE,479,0.0
MISE,480,0.0
MISE,481,0.0
MISE,482,0.0
MISE,483,0.0
MISE,484,0.0
MISE,485,0.0
MISE,486,0.0
MISE,487,0.0
MISE,488,0.0
MISE,489,0.0
MISE,490,0.0
MISE,491,0.0
MISE,492,0.0
MISE,493,0.0
MISE,494,0.0
MISE,495,0.0
MISE,496,0.0
MISE,497,0.0
MISE,498,0.0
MISE,499,0.0
MISE,500,0.0
MISE,501,0.0
MISE,502,0.0
MISE,503,0.0
MISE,504,0.0
MISE,505,0.0
MISE,506,0.0
MISE,507,0.0
MISE,508,0.0
MISE,509,0.0
MISE,510,0.0
MISE,511,0.0
MISE,512,0.0
MISE,513,0.0
MISE,514,0.0
MISE,515,0.0
MISE,516,0.0
MISE,517,0.0
MISE,518,0.0
MISE,519,0.0
MISE,520,0.0
MISE,521,0.0
MISE,522,0.0
MISE,523,0.0
MISE,524,0.0
MISE,525,0.0
MISE,526,0.0
MISE,527,0.0
MISE,528,0.0
MISE,529,0.0
MISE,530,0.0
MISE,531,0.0
MISE,532,0.0
MISE,533,0.0
MISE,534,0.0
MISE,535,0.0
MISE,536,0.0
MISE,537,0.0
MISE,538,0.0
MISE,539,0.0
MISE,540,0.0
MISE,541,0.0
MISE,542,0.0
MISE,543,0.0
MISE,544,0.0
MISE,545,0.0
MISE,546,0.0
MISE,547,0.0
MISE,548,0.0
MISE,549,0.0
MISE,550,0.0
MISE,551,0.0
MISE,552,0.0
MISE,553,0.0
MISE,554,0.0
MISE,555,0.0
MISE,556,0.0
MISE,557,0.0
MISE,558,0.0
MISE,559,0.0
MISE,560,0.0
MISE,561,0.0
MISE,562,0.0
MISE,563,0.0
MISE,564,0.0
MISE,565,0.0
MISE,566,0.0
MISE,567,0.0
MISE,568,0.0
MISE,569,0.0
MISE,570,0.0
MISE,571,0.0
MISE,572,0.0
MISE,573,0.0
MISE,574,0.0
MISE,575,0.0
MISE,576,0.0
MISS,1,0.0
MISS,2,0.0
MISS,3,0.0
MISS,4,0.0
MISS,5,0.0
MISS,6,0.0
MISS,7,0.0
MISS,8,0.0
MISS,9,0.0
MISS,10,0.0
MISS,11,0.0
MISS,12,0.0
MISS,13,0.0
MISS,14,0.0
MISS,15,0.0
MISS,16,0.0
MISS,17,0.0
MISS,18,0.0
MISS,19,0.0
MISS,20,0.0
MISS,21,0.0
MISS,22,0.0
MISS,23,0.0
MISS,24,0.0
MISS,25,0.0
MISS,26,0.0
MISS,27,0.0
MISS,28,0.0
MISS,29,0.0
MISS,30,0.0
MISS,31,0.0
MISS,32,0.0
MISS,33,0.0
MISS,34,0.0
MISS,35,0.0
MISS,36,0.0
MISS,37,0.0
MISS,38,0.0
MISS,39,0.0
MISS,40,0.0
MISS,41,0.0
MISS,42,0.0
MISS,43,0.0
MISS,44,0.0
MISS,45,0.0
MISS,46,0.0
MISS,47,0.0
MISS,48,0.0
MISS,49,0.0
MISS,50,0.0
MISS,51,0.0
MISS,52,0.0
MISS,53,0.0
MISS,54,0.0
MISS,55,0.0
MISS,56,0.0
MISS,57,0.0
MISS,58,0.0
MISS,59,0.0
MISS,60,0.0
MISS,61,0.0
MISS,62,0.0
MISS,63,0.0
MISS,64,0.0
MISS,65,0.0
MISS,66,0.0
MISS,67,0.0
MISS,68,0.0
MISS,69,0.0
MISS,70,0.0
MISS,71,0.0
MISS,72,0.0
MISS,73,0.0
MISS,74,0.0
MISS,75,0.0
MISS,76,0.0
MISS,77,0.0
MISS,78,0.0
MISS,79,0.0
MISS,80,0.0
MISS,81,0.0
MISS,82,0.0
MISS,83,0.0
MISS,84,0.0
MISS,85,0.0
MISS,86,0.0
MISS,87,0.0
MISS,88,0.0
MISS,89,0.0
MISS,90,0.0
MISS,91,0.0
MISS,92,0.0
MISS,93,0.0
MISS,94,0.0
MISS,95,0.0
MISS,96,0.0
MISS,97,0.0
MISS,98,0.0
MISS,99,0.0
MISS,100,0.0
MISS,101,0.0
MISS,102,0.0
MISS,103,0.0
MISS,104,0.0
MISS,105,0.0
MISS,106,0.0
MISS,107,0.0
MISS,108,0.0
MISS,109,0.0
MISS,110,0.0
MISS,111,0.0
MISS,112,0.0
MISS,113,0.0
MISS,114,0.0
MISS,115,0.0
MISS,116,0.0
MISS,117,0.0
MISS,118,0.0
MISS,119,0.0
MISS,120,0.0
MISS,121,0.0
MISS,122,0.0
MISS,123,0.0
MISS,124,0.0
MISS,125,0.0
MISS,126,0.0
MISS,127,0.0
MISS,128,0.0
MISS,129,0.0
MISS,130,0.0
MISS,131,0.0
MISS,132,0.0
MISS,133,0.0
MISS,134,0.0
MISS,135,0.0
MISS,136,0.0
MISS,137,0.0
MISS,138,0.0
MISS,139,0.0
MISS,140,0.0
MISS,141,0.0
MISS,142,0.0
MISS,143,0.0
MISS,144,0.0
MISS,145,0.0
MISS,146,0.0
MISS,147,0.0
MISS,148,0.0
MISS,149,0.0
MISS,150,0.0
MISS,151,0.0
MISS,152,0.0
MISS,153,0.0
MISS,154,0.0
MISS,155,0.0
MISS,156,0.0
MISS,157,0.0
MISS,158,0.0
MISS,159,0.0
MISS,160,0.0
MISS,161,0.0
MISS,162,0.0
MISS,163,0.0
MISS,164,0.0
MISS,165,0.0
MISS,166,0.0
MISS,167,0.0
MISS,168,0.0
MISS,169,0.0
MISS,170,0.0
MISS,171,0.0
MISS,172,0.0
MISS,173,0.0
MISS,174,0.0
MISS,175,0.0
MISS,176,0.0
MISS,177,0.0
MISS,178,0.0
MISS,179,0.0
MISS,180,0.0
MISS,181,0.0
MISS,182,0.0
MISS,183,0.0
MISS,184,0.0
MISS,185,0.0
MISS,186,0.0
MISS,187,0.0
MISS,188,0.0
MISS,189,0.0
MISS,190,0.0
MISS,191,0.0
MISS,192,0.0
MISS,193,0.0
MISS,194,0.0
MISS,195,0.0
MISS,196,0.0
MISS,197,0.0
MISS,198,0.0
MISS,199,0.0
MISS,200,0.0
MISS,201,0.0
MISS,202,0.0
MISS,203,0.0
MISS,204,0.0
MISS,205,0.0
MISS,206,0.0
MISS,207,0.0
MISS,208,0.0
MISS,209,0.0
MISS,210,0.0
MISS,211,0.0
MISS,212,0.0
MISS,213,0.0
MISS,214,0.0
MISS,215,0.0
MISS,216,0.0
MISS,217,0.0
MISS,218,0.0
MISS,219,0.0
MISS,220,0.0
MISS,221,0.0
MISS,222,0.0
MISS,223,0.0
MISS,224,0.0
MISS,225,0.0
MISS,226,0.0
MISS,227,0.0
MISS,228,0.0
MISS,229,0.0
MISS,230,0.0
MISS,231,0.0
MISS,232,0.0
MISS,233,0.0
MISS,234,0.0
MISS,235,0.0
MISS,236,0.0
MISS,237,0.0
MISS,238,0.0
MISS,239,0.0
MISS,240,0.0
MISS,241,0.0
MISS,242,0.0
MISS,243,0.0
MISS,244,0.0
MISS,245,0.0
MISS,246,0.0
MISS,247,0.0
MISS,248,0.0
MISS,249,0.0
MISS,250,0.0
MISS,251,0.0
MISS,252,0.0
MISS,253,0.0
MISS,254,0.0
MISS,255,0.0
MISS,256,0.0
MISS,257,0.0
MISS,258,0.0
MISS,259,0.0
MISS,260,0.0
MISS,261,0.0
MISS,262,0.0
MISS,263,0.0
MISS,264,0.0
MISS,265,0.0
MISS,266,0.0
MISS,267,0.0
MISS,268,0.0
MISS,269,0.0
MISS,270,0.0
MISS,271,0.0
MISS,272,0.0
MISS,273,0.0
MISS,274,0.0
MISS,275,0.0
MISS,276,0.0
MISS,277,0.0
MISS,278,0.0
MISS,279,0.0
MISS,280,0.0
MISS,281,0.0
MISS,282,0.0
MISS,283,0.0
MISS,284,0.0
MISS,285,0.0
MISS,286,0.0
MISS,287,0.0
MISS,288,0.0
MISS,289,0.0
MISS,290,0.0
MISS,291,0.0
MISS,292,0.0
MISS,293,0.0
MISS,294,0.0
MISS,295,0.0
MISS,296,0.0
MISS,297,0.0
MISS,298,0.0
MISS,299,0.0
MISS,300,0.0
MISS,301,0.0
MISS,302,0.0
MISS,303,0.0
MISS,304,0.0
MISS,305,0.0
MISS,306,0.0
MISS,307,0.0
MISS,308,0.0
MISS,309,0.0
MISS,310,0.0
MISS,311,0.0
MISS,312,0.0
MISS,313,0.0
MISS,314,0.0
MISS,315,0.0
MISS,316,0.0
MISS,317,0.0
MISS,318,0.0
MISS,319,0.0
MISS,320,0.0
MISS,321,0.0
MISS,322,0.0
MISS,323,0.0
MISS,324,0.0
MISS,325,0.0
MISS,326,0.0
MISS,327,0.0
MISS,328,0.0
MISS,329,0.0
MISS,330,0.0
MISS,331,0.0
MISS,332,0.0
MISS,333,0.0
MISS,334,0.0
MISS,335,0.0
MISS,336,0.0
MISS,337,0.0
MISS,338,0.0
MISS,339,0.0
MISS,340,0.0
MISS,341,0.0
MISS,342,0.0
MISS,343,0.0
MISS,344,0.0
MISS,345,0.0
MISS,346,0.0
MISS,347,0.0
MISS,348,0.0
MISS,349,0.0
MISS,350,0.0
MISS,351,0.0
MISS,352,0.0
MISS,353,0.0
MISS,354,0.0
MISS,355,0.0
MISS,356,0.0
MISS,357,0.0
MISS,358,0.0
MISS,359,0.0
MISS,360,0.0
MISS,361,0.0
MISS,362,0.0
MISS,363,0.0
MISS,364,0.0
MISS,365,0.0
MISS,366,0.0
MISS,367,0.0
MISS,368,0.0
MISS,369,0.0
MISS,370,0.0
MISS,371,0.0
MISS,372,0.0
MISS,373,0.0
MISS,374,0.0
MISS,375,0.0
MISS,376,0.0
MISS,377,0.0
MISS,378,0.0
MISS,379,0.0
MISS,380,0.0
MISS,381,0.0
MISS,382,0.0
MISS,383,0.0
MISS,384,0.0
MISS,385,0.0
MISS,386,0.0
MISS,387,0.0
MISS,388,0.0
MISS,389,0.0
MISS,390,0.0
MISS,391,0.0
MISS,392,0.0
MISS,393,0.0
MISS,394,0.0
MISS,395,0.0
MISS,396,0.0
MISS,397,0.0
MISS,398,0.0
MISS,399,0.0
MISS,400,0.0
MISS,401,0.0
MISS,402,0.0
MISS,403,0.0
MISS,404,0.0
MISS,405,0.0
MISS,406,0.0
MISS,407,0.0
MISS,408,0.0
MISS,409,0.0
MISS,410,0.0
MISS,411,0.0
MISS,412,0.0
MISS,413,0.0
MISS,414,0.0
MISS,415,0.0
MISS,416,0.0
MISS,417,0.0
MISS,418,0.0
MISS,419,0.0
MISS,420,0.0
MISS,421,0.0
MISS,422,0.0
MISS,423,0.0
MISS,424,0.0
MISS,425,0.0
MISS,426,0.0
MISS,427,0.0
MISS,428,0.0
MISS,429,0.0
MISS,430,0.0
MISS,431,0.0
MISS,432,0.0
MISS,433,0.0
MISS,434,0.0
MISS,435,0.0
MISS,436,0.0
MISS,437,0.0
MISS,438,0.0
MISS,439,0.0
MISS,440,0.0
MISS,441,0.0
MISS,442,0.0
MISS,443,0.0
MISS,444,0.0
MISS,445,0.0
MISS,446,0.0
MISS,447,0.0
MISS,448,0.0
MISS,449,0.0
MISS,450,0.0
MISS,451,0.0
MISS,452,0.0
MISS,453,0.0
MISS,454,0.0
MISS,455,0.0
MISS,456,0.0
MISS,457,0.0
MISS,458,0.0
MISS,459,0.0
MISS,460,0.0
MISS,461,0.0
MISS,462,0.0
MISS,463,0.0
MISS,464,0.0
MISS,465,0.0
MISS,466,0.0
MISS,467,0.0
MISS,468,0.0
MISS,469,0.0
MISS,470,0.0
MISS,471,0.0
MISS,472,0.0
MISS,473,0.0
MISS,474,0.0
MISS,475,0.0
MISS,476,0.0
MISS,477,0.0
MISS,478,0.0
MISS,479,0.0
MISS,480,0.0
MISS,481,0.0
MISS,482,0.0
MISS,483,0.0
MISS,484,0.0
MISS,485,0.0
MISS,486,0.0
MISS,487,0.0
MISS,488,0.0
MISS,489,0.0
MISS,490,0.0
MISS,491,0.0
MISS,492,0.0
MISS,493,0.0
MISS,494,0.0
MISS,495,0.0
MISS,496,0.0
MISS,497,0.0
MISS,498,0.0
MISS,499,0.0
MISS,500,0.0
MISS,501,0.0
MISS,502,0.0
MISS,503,0.0
MISS,504,0.0
MISS,505,0.0
MISS,506,0.0
MISS,507,0.0
MISS,508,0.0
MISS,509,0.0
MISS,510,0.0
MISS,511,0.0
MISS,512,0.0
MISS,513,0.0
MISS,514,0.0
MISS,515,0.0
MISS,516,0.0
MISS,517,0.0
MISS,518,0.0
MISS,519,0.0
MISS,520,0.0
MISS,521,0.0
MISS,522,0.0
MISS,523,0.0
MISS,524,0.0
MISS,525,0.0
MISS,526,0.0
MISS,527,0.0
MISS,528,0.0
MISS,529,0.0
MISS,530,0.0
MISS,531,0.0
MISS,532,0.0
MISS,533,0.0
MISS,534,0.0
MISS,535,0.0
MISS,536,0.0
MISS,537,0.0
MISS,538,0.0
MISS,539,0.0
MISS,540,0.0
MISS,541,0.0
MISS,542,0.0
MISS,543,0.0
MISS,544,0.0
MISS,545,0.0
MISS,546,0.0
MISS,547,0.0
MISS,548,0.0
MISS,549,0.0
MISS,550,0.0
MISS,551,0.0
MISS,552,0.0
MISS,553,0.0
MISS,554,0.0
MISS,555,0.0
MISS,556,0.0
MISS,557,0.0
MISS,558,0.0
MISS,559,0.0
MISS,560,0.0
MISS,561,0.0
MISS,562,0.0
MISS,563,0.0
MISS,564,0.0
MISS,565,0.0
MISS,566,0.0
MISS,567,0.0
MISS,568,0.0
MISS,569,0.0
MISS,570,0.0
MISS,571,0.0
MISS,572,0.0
MISS,573,0.0
MISS,574,0.0
MISS,575,0.0
MISS,576,0.0
MISW,1,0.0
MISW,2,0.0
MISW,3,0.0
MISW,4,0.0
MISW,5,0.0
MISW,6,0.0
MISW,7,0.0
MISW,8,0.0
MISW,9,0.0
MISW,10,0.0
MISW,11,0.0
MISW,12,0.0
MISW,13,0.0
MISW,14,0.0
MISW,15,0.0
MISW,16,0.0
MISW,17,0.0
MISW,18,0.0
MISW,19,0.0
MISW,20,0.0
MISW,21,0.0
MISW,22,0.0
MISW,23,0.0
MISW,24,0.0
MISW,25,0.0
MISW,26,0.0
MISW,27,0.0
MISW,28,0.0
MISW,29,0.0
MISW,30,0.0
MISW,31,0.0
MISW,32,0.0
MISW,33,0.0
MISW,34,0.0
MISW,35,0.0
MISW,36,0.0
MISW,37,0.0
MISW,38,0.0
MISW,39,0.0
MISW,40,0.0
MISW,41,0.0
MISW,42,0.0
MISW,43,0.0
MISW,44,0.0
MISW,45,0.0
MISW,46,0.0
MISW,47,0.0
MISW,48,0.0
MISW,49,0.0
MISW,50,0.0
MISW,51,0.0
MISW,52,0.0
MISW,53,0.0
MISW,54,0.0
MISW,55,0.0
MISW,56,0.0
MISW,57,0.0
MISW,58,0.0
MISW,59,0.0
MISW,60,0.0
MISW,61,0.0
MISW,62,0.0
MISW,63,0.0
MISW,64,0.0
MISW,65,0.0
MISW,66,0.0
MISW,67,0.0
MISW,68,0.0
MISW,69,0.0
MISW,70,0.0
MISW,71,0.0
MISW,72,0.0
MISW,73,0.0
MISW,74,0.0
MISW,75,0.0
MISW,76,0.0
MISW,77,0.0
MISW,78,0.0
MISW,79,0.0
MISW,80,0.0
MISW,81,0.0
MISW,82,0.0
MISW,83,0.0
MISW,84,0.0
MISW,85,0.0
MISW,86,0.0
MISW,87,0.0
MISW,88,0.0
MISW,89,0.0
MISW,90,0.0
MISW,91,0.0
MISW,92,0.0
MISW,93,0.0
MISW,94,0.0
MISW,95,0.0
MISW,96,0.0
MISW,97,0.0
MISW,98,0.0
MISW,99,0.0
MISW,100,0.0
MISW,101,0.0
MISW,102,0.0
MISW,103,0.0
MISW,104,0.0
MISW,105,0.0
MISW,106,0.0
MISW,107,0.0
MISW,108,0.0
MISW,109,0.0
MISW,110,0.0
MISW,111,0.0
MISW,112,0.0
MISW,113,0.0
MISW,114,0.0
MISW,115,0.0
MISW,116,0.0
MISW,117,0.0
MISW,118,0.0
MISW,119,0.0
MISW,120,0.0
MISW,121,0.0
MISW,122,0.0
MISW,123,0.0
MISW,124,0.0
MISW,125,0.0
MISW,126,0.0
MISW,127,0.0
MISW,128,0.0
MISW,129,0.0
MISW,130,0.0
MISW,131,0.0
MISW,132,0.0
MISW,133,0.0
MISW,134,0.0
MISW,135,0.0
MISW,136,0.0
MISW,137,0.0
MISW,138,0.0
MISW,139,0.0
MISW,140,0.0
MISW,141,0.0
MISW,142,0.0
MISW,143,0.0
MISW,144,0.0
MISW,145,0.0
MISW,146,0.0
MISW,147,0.0
MISW,148,0.0
MISW,149,0.0
MISW,150,0.0
MISW,151,0.0
MISW,152,0.0
MISW,153,0.0
MISW,154,0.0
MISW,155,0.0
MISW,156,0.0
MISW,157,0.0
MISW,158,0.0
MISW,159,0.0
MISW,160,0.0
MISW,161,0.0
MISW,162,0.0
MISW,163,0.0
MISW,164,0.0
MISW,165,0.0
MISW,166,0.0
MISW,167,0.0
MISW,168,0.0
MISW,169,0.0
MISW,170,0.0
MISW,171,0.0
MISW,172,0.0
MISW,173,0.0
MISW,174,0.0
MISW,175,0.0
MISW,176,0.0
MISW,177,0.0
MISW,178,0.0
MISW,179,0.0
MISW,180,0.0
MISW,181,0.0
MISW,182,0.0
MISW,183,0.0
MISW,184,0.0
MISW,185,0.0
MISW,186,0.0
MISW,187,0.0
MISW,188,0.0
MISW,189,0.0
MISW,190,0.0
MISW,191,0.0
MISW,192,0.0
MISW,193,0.0
MISW,194,0.0
MISW,195,0.0
MISW,196,0.0
MISW,197,0.0
MISW,198,0.0
MISW,199,0.0
MISW,200,0.0
MISW,201,0.0
MISW,202,0.0
MISW,203,0.0
MISW,204,0.0
MISW,205,0.0
MISW,206,0.0
MISW,207,0.0
MISW,208,0.0
MISW,209,0.0
MISW,210,0.0
MISW,211,0.0
MISW,212,0.0
MISW,213,0.0
MISW,214,0.0
MISW,215,0.0
MISW,216,0.0
MISW,217,0.0
MISW,218,0.0
MISW,219,0.0
MISW,220,0.0
MISW,221,0.0
MISW,222,0.0
MISW,223,0.0
MISW,224,0.0
MISW,225,0.0
MISW,226,0.0
MISW,227,0.0
MISW,228,0.0
MISW,229,0.0
MISW,230,0.0
MISW,231,0.0
MISW,232,0.0
MISW,233,0.0
MISW,234,0.0
MISW,235,0.0
MISW,236,0.0
MISW,237,0.0
MISW,238,0.0
MISW,239,0.0
MISW,240,0.0
MISW,241,0.0
MISW,242,0.0
MISW,243,0.0
MISW,244,0.0
MISW,245,0.0
MISW,246,0.0
MISW,247,0.0
MISW,248,0.0
MISW,249,0.0
MISW,250,0.0
MISW,251,0.0
MISW,252,0.0
MISW,253,0.0
MISW,254,0.0
MISW,255,0.0
MISW,256,0.0
MISW,257,0.0
MISW,258,0.0
MISW,259,0.0
MISW,260,0.0
MISW,261,0.0
MISW,262,0.0
MISW,263,0.0
MISW,264,0.0
MISW,265,0.0
MISW,266,0.0
MISW,267,0.0
MISW,268,0.0
MISW,269,0.0
MISW,270,0.0
MISW,271,0.0
MISW,272,0.0
MISW,273,0.0
MISW,274,0.0
MISW,275,0.0
MISW,276,0.0
MISW,277,0.0
MISW,278,0.0
MISW,279,0.0
MISW,280,0.0
MISW,281,0.0
MISW,282,0.0
MISW,283,0.0
MISW,284,0.0
MISW,285,0.0
MISW,286,0.0
MISW,287,0.0
MISW,288,0.0
MISW,289,0.0
MISW,290,0.0
MISW,291,0.0
MISW,292,0.0
MISW,293,0.0
MISW,294,0.0
MISW,295,0.0
MISW,296,0.0
MISW,297,0.0
MISW,298,0.0
MISW,299,0.0
MISW,300,0.0
MISW,301,0.0
MISW,302,0.0
MISW,303,0.0
MISW,304,0.0
MISW,305,0.0
MISW,306,0.0
MISW,307,0.0
MISW,308,0.0
MISW,309,0.0
MISW,310,0.0
MISW,311,0.0
MISW,312,0.0
MISW,313,0.0
MISW,314,0.0
MISW,315,0.0
MISW,316,0.0
MISW,317,0.0
MISW,318,0.0
MISW,319,0.0
MISW,320,0.0
MISW,321,0.0
MISW,322,0.0
MISW,323,0.0
MISW,324,0.0
MISW,325,0.0
MISW,326,0.0
MISW,327,0.0
MISW,328,0.0
MISW,329,0.0
MISW,330,0.0
MISW,331,0.0
MISW,332,0.0
MISW,333,0.0
MISW,334,0.0
MISW,335,0.0
MISW,336,0.0
MISW,337,0.0
MISW,338,0.0
MISW,339,0.0
MISW,340,0.0
MISW,341,0.0
MISW,342,0.0
MISW,343,0.0
MISW,344,0.0
MISW,345,0.0
MISW,346,0.0
MISW,347,0.0
MISW,348,0.0
MISW,349,0.0
MISW,350,0.0
MISW,351,0.0
MISW,352,0.0
MISW,353,0.0
MISW,354,0.0
MISW,355,0.0
MISW,356,0.0
MISW,357,0.0
MISW,358,0.0
MISW,359,0.0
MISW,360,0.0
MISW,361,0.0
MISW,362,0.0
MISW,363,0.0
MISW,364,0.0
MISW,365,0.0
MISW,366,0.0
MISW,367,0.0
MISW,368,0.0
MISW,369,0.0
MISW,370,0.0
MISW,371,0.0
MISW,372,0.0
MISW,373,0.0
MISW,374,0.0
MISW,375,0.0
MISW,376,0.0
MISW,377,0.0
MISW,378,0.0
MISW,379,0.0
MISW,380,0.0
MISW,381,0.0
MISW,382,0.0
MISW,383,0.0
MISW,384,0.0
MISW,385,0.0
MISW,386,0.0
MISW,387,0.0
MISW,388,0.0
MISW,389,0.0
MISW,390,0.0
MISW,391,0.0
MISW,392,0.0
MISW,393,0.0
MISW,394,0.0
MISW,395,0.0
MISW,396,0.0
MISW,397,0.0
MISW,398,0.0
MISW,399,0.0
MISW,400,0.0
MISW,401,0.0
MISW,402,0.0
MISW,403,0.0
MISW,404,0.0
MISW,405,0.0
MISW,406,0.0
MISW,407,0.0
MISW,408,0.0
MISW,409,0.0
MISW,410,0.0
MISW,411,0.0
MISW,412,0.0
MISW,413,0.0
MISW,414,0.0
MISW,415,0.0
MISW,416,0.0
MISW,417,0.0
MISW,418,0.0
MISW,419,0.0
MISW,420,0.0
MISW,421,0.0
MISW,422,0.0
MISW,423,0.0
MISW,424,0.0
MISW,425,0.0
MISW,426,0.0
MISW,427,0.0
MISW,428,0.0
MISW,429,0.0
MISW,430,0.0
MISW,431,0.0
MISW,432,0.0
MISW,433,0.0
MISW,434,0.0
MISW,435,0.0
MISW,436,0.0
MISW,437,0.0
MISW,438,0.0
MISW,439,0.0
MISW,440,0.0
MISW,441,0.0
MISW,442,0.0
MISW,443,0.0
MISW,444,0.0
MISW,445,0.0
MISW,446,0.0
MISW,447,0.0
MISW,448,0.0
MISW,449,0.0
MISW,450,0.0
MISW,451,0.0
MISW,452,0.0
MISW,453,0.0
MISW,454,0.0
MISW,455,0.0
MISW,456,0.0
MISW,457,0.0
MISW,458,0.0
MISW,459,0.0
MISW,460,0.0
MISW,461,0.0
MISW,462,0.0
MISW,463,0.0
MISW,464,0.0
MISW,465,0.0
MISW,466,0.0
MISW,467,0.0
MISW,468,0.0
MISW,469,0.0
MISW,470,0.0
MISW,471,0.0
MISW,472,0.0
MISW,473,0.0
MISW,474,0.0
MISW,475,0.0
MISW,476,0.0
MISW,477,0.0
MISW,478,0.0
MISW,479,0.0
MISW,480,0.0
MISW,481,0.0
MISW,482,0.0
MISW,483,0.0
MISW,484,0.0
MISW,485,0.0
MISW,486,0.0
MISW,487,0.0
MISW,488,0.0
MISW,489,0.0
MISW,490,0.0
MISW,491,0.0
MISW,492,0.0
MISW,493,0.0
MISW,494,0.0
MISW,495,0.0
MISW,496,0.0
MISW,497,0.0
MISW,498,0.0
MISW,499,0.0
MISW,500,0.0
MISW,501,0.0
MISW,502,0.0
MISW,503,0.0
MISW,504,0.0
MISW,505,0.0
MISW,506,0.0
MISW,507,0.0
MISW,508,0.0
MISW,509,0.0
MISW,510,0.0
MISW,511,0.0
MISW,512,0.0
MISW,513,0.0
MISW,514,0.0
MISW,515,0.0
MISW,516,0.0
MISW,517,0.0
MISW,518,0.0
MISW,519,0.0
MISW,520,0.0
MISW,521,0.0
MISW,522,0.0
MISW,523,0.0
MISW,524,0.0
MISW,525,0.0
MISW,526,0.0
MISW,527,0.0
MISW,528,0.0
MISW,529,0.0
MISW,530,0.0
MISW,531,0.0
MISW,532,0.0
MISW,533,0.0
MISW,534,0.0
MISW,535,0.0
MISW,536,0.0
MISW,537,0.0
MISW,538,0.0
MISW,539,0.0
MISW,540,0.0
MISW,541,0.0
MISW,542,0.0
MISW,543,0.0
MISW,544,0.0
MISW,545,0.0
MISW,546,0.0
MISW,547,0.0
MISW,548,0.0
MISW,549,0.0
MISW,550,0.0
MISW,551,0.0
MISW,552,0.0
MISW,553,0.0
MISW,554,0.0
MISW,555,0.0
MISW,556,0.0
MISW,557,0.0
MISW,558,0.0
MISW,559,0.0
MISW,560,0.0
MISW,561,0.0
MISW,562,0.0
MISW,563,0.0
MISW,564,0.0
MISW,565,0.0
MISW,566,0.0
MISW,567,0.0
MISW,568,0.0
MISW,569,0.0
MISW,570,0.0
MISW,571,0.0
MISW,572,0.0
MISW,573,0.0
MISW,574,0.0
MISW,575,0.0
MISW,576,0.0
NWPP,1,0.0
NWPP,2,0.0
NWPP,3,0.0
NWPP,4,0.0
NWPP,5,0.0
NWPP,6,0.0
NWPP,7,0.0
NWPP,8,0.0
NWPP,9,0.0
NWPP,10,0.0
NWPP,11,0.0
NWPP,12,0.0
NWPP,13,0.0
NWPP,14,0.0
NWPP,15,0.0
NWPP,16,0.0
NWPP,17,0.0
NWPP,18,0.0
NWPP,19,0.0
NWPP,20,0.0
NWPP,21,0.0
NWPP,22,0.0
NWPP,23,0.0
NWPP,24,0.0
NWPP,25,0.0
NWPP,26,0.0
NWPP,27,0.0
NWPP,28,0.0
NWPP,29,0.0
NWPP,30,0.0
NWPP,31,0.0
NWPP,32,0.0
NWPP,33,0.0
NWPP,34,0.0
NWPP,35,0.0
NWPP,36,0.0
NWPP,37,0.0
NWPP,38,0.0
NWPP,39,0.0
NWPP,40,0.0
NWPP,41,0.0
NWPP,42,0.0
NWPP,43,0.0
NWPP,44,0.0
NWPP,45,0.0
NWPP,46,0.0
NWPP,47,0.0
NWPP,48,0.0
NWPP,49,0.0
NWPP,50,0.0
NWPP,51,0.0
NWPP,52,0.0
NWPP,53,0.0
NWPP,54,0.0
NWPP,55,0.0
NWPP,56,0.0
NWPP,57,0.0
NWPP,58,0.0
NWPP,59,0.0
NWPP,60,0.0
NWPP,61,0.0
NWPP,62,0.0
NWPP,63,0.0
NWPP,64,0.0
NWPP,65,0.0
NWPP,66,0.0
NWPP,67,0.0
NWPP,68,0.0
NWPP,69,0.0
NWPP,70,0.0
NWPP,71,0.0
NWPP,72,0.0
NWPP,73,0.0
NWPP,74,0.0
NWPP,75,0.0
NWPP,76,0.0
NWPP,77,0.0
NWPP,78,0.0
NWPP,79,0.0
NWPP,80,0.0
NWPP,81,0.0
NWPP,82,0.0
NWPP,83,0.0
NWPP,84,0.0
NWPP,85,0.0
NWPP,86,0.0
NWPP,87,0.0
NWPP,88,0.0
NWPP,89,0.0
NWPP,90,0.0
NWPP,91,0.0
NWPP,92,0.0
NWPP,93,0.0
NWPP,94,0.0
NWPP,95,0.0
NWPP,96,0.0
NWPP,97,0.0
NWPP,98,0.0
NWPP,99,0.0
NWPP,100,0.0
NWPP,101,0.0
NWPP,102,0.0
NWPP,103,0.0
NWPP,104,0.0
NWPP,105,0.0
NWPP,106,0.0
NWPP,107,0.0
NWPP,108,0.0
NWPP,109,0.0
NWPP,110,0.0
NWPP,111,0.0
NWPP,112,0.0
NWPP,113,0.0
NWPP,114,0.0
NWPP,115,0.0
NWPP,116,0.0
NWPP,117,0.0
NWPP,118,0.0
NWPP,119,0.0
NWPP,120,0.0
NWPP,121,0.0
NWPP,122,0.0
NWPP,123,0.0
NWPP,124,0.0
NWPP,125,0.0
NWPP,126,0.0
NWPP,127,0.0
NWPP,128,0.0
NWPP,129,0.0
NWPP,130,0.0
NWPP,131,0.0
NWPP,132,0.0
NWPP,133,0.0
NWPP,134,0.0
NWPP,135,0.0
NWPP,136,0.0
NWPP,137,0.0
NWPP,138,0.0
NWPP,139,0.0
NWPP,140,0.0
NWPP,141,0.0
NWPP,142,0.0
NWPP,143,0.0
NWPP,144,0.0
NWPP,145,0.0
NWPP,146,0.0
NWPP,147,0.0
NWPP,148,0.0
NWPP,149,0.0
NWPP,150,0.0
NWPP,151,0.0
NWPP,152,0.0
NWPP,153,0.0
NWPP,154,0.0
NWPP,155,0.0
NWPP,156,0.0
NWPP,157,0.0
NWPP,158,0.0
NWPP,159,0.0
NWPP,160,0.0
NWPP,161,0.0
NWPP,162,0.0
NWPP,163,0.0
NWPP,164,0.0
NWPP,165,0.0
NWPP,166,0.0
NWPP,167,0.0
NWPP,168,0.0
NWPP,169,0.0
NWPP,170,0.0
NWPP,171,0.0
NWPP,172,0.0
NWPP,173,0.0
NWPP,174,0.0
NWPP,175,0.0
NWPP,176,0.0
NWPP,177,0.0
NWPP,178,0.0
NWPP,179,0.0
NWPP,180,0.0
NWPP,181,0.0
NWPP,182,0.0
NWPP,183,0.0
NWPP,184,0.0
NWPP,185,0.0
NWPP,186,0.0
NWPP,187,0.0
NWPP,188,0.0
NWPP,189,0.0
NWPP,190,0.0
NWPP,191,0.0
NWPP,192,0.0
NWPP,193,0.0
NWPP,194,0.0
NWPP,195,0.0
NWPP,196,0.0
NWPP,197,0.0
NWPP,198,0.0
NWPP,199,0.0
NWPP,200,0.0
NWPP,201,0.0
NWPP,202,0.0
NWPP,203,0.0
NWPP,204,0.0
NWPP,205,0.0
NWPP,206,0.0
NWPP,207,0.0
NWPP,208,0.0
NWPP,209,0.0
NWPP,210,0.0
NWPP,211,0.0
NWPP,212,0.0
NWPP,213,0.0
NWPP,214,0.0
NWPP,215,0.0
NWPP,216,0.0
NWPP,217,0.0
NWPP,218,0.0
NWPP,219,0.0
NWPP,220,0.0
NWPP,221,0.0
NWPP,222,0.0
NWPP,223,0.0
NWPP,224,0.0
NWPP,225,0.0
NWPP,226,0.0
NWPP,227,0.0
NWPP,228,0.0
NWPP,229,0.0
NWPP,230,0.0
NWPP,231,0.0
NWPP,232,0.0
NWPP,233,0.0
NWPP,234,0.0
NWPP,235,0.0
NWPP,236,0.0
NWPP,237,0.0
NWPP,238,0.0
NWPP,239,0.0
NWPP,240,0.0
NWPP,241,0.0
NWPP,242,0.0
NWPP,243,0.0
NWPP,244,0.0
NWPP,245,0.0
NWPP,246,0.0
NWPP,247,0.0
NWPP,248,0.0
NWPP,249,0.0
NWPP,250,0.0
NWPP,251,0.0
NWPP,252,0.0
NWPP,253,0.0
NWPP,254,0.0
NWPP,255,0.0
NWPP,256,0.0
NWPP,257,0.0
NWPP,258,0.0
NWPP,259,0.0
NWPP,260,0.0
NWPP,261,0.0
NWPP,262,0.0
NWPP,263,0.0
NWPP,264,0.0
NWPP,265,0.0
NWPP,266,0.0
NWPP,267,0.0
NWPP,268,0.0
NWPP,269,0.0
NWPP,270,0.0
NWPP,271,0.0
NWPP,272,0.0
NWPP,273,0.0
NWPP,274,0.0
NWPP,275,0.0
NWPP,276,0.0
NWPP,277,0.0
NWPP,278,0.0
NWPP,279,0.0
NWPP,280,0.0
NWPP,281,0.0
NWPP,282,0.0
NWPP,283,0.0
NWPP,284,0.0
NWPP,285,0.0
NWPP,286,0.0
NWPP,287,0.0
NWPP,288,0.0
NWPP,289,0.0
NWPP,290,0.0
NWPP,291,0.0
NWPP,292,0.0
NWPP,293,0.0
NWPP,294,0.0
NWPP,295,0.0
NWPP,296,0.0
NWPP,297,0.0
NWPP,298,0.0
NWPP,299,0.0
NWPP,300,0.0
NWPP,301,0.0
NWPP,302,0.0
NWPP,303,0.0
NWPP,304,0.0
NWPP,305,0.0
NWPP,306,0.0
NWPP,307,0.0
NWPP,308,0.0
NWPP,309,0.0
NWPP,310,0.0
NWPP,311,0.0
NWPP,312,0.0
NWPP,313,0.0
NWPP,314,0.0
NWPP,315,0.0
NWPP,316,0.0
NWPP,317,0.0
NWPP,318,0.0
NWPP,319,0.0
NWPP,320,0.0
NWPP,321,0.0
NWPP,322,0.0
NWPP,323,0.0
NWPP,324,0.0
NWPP,325,0.0
NWPP,326,0.0
NWPP,327,0.0
NWPP,328,0.0
NWPP,329,0.0
NWPP,330,0.0
NWPP,331,0.0
NWPP,332,0.0
NWPP,333,0.0
NWPP,334,0.0
NWPP,335,0.0
NWPP,336,0.0
NWPP,337,0.0
NWPP,338,0.0
NWPP,339,0.0
NWPP,340,0.0
NWPP,341,0.0
NWPP,342,0.0
NWPP,343,0.0
NWPP,344,0.0
NWPP,345,0.0
NWPP,346,0.0
NWPP,347,0.0
NWPP,348,0.0
NWPP,349,0.0
NWPP,350,0.0
NWPP,351,0.0
NWPP,352,0.0
NWPP,353,0.0
NWPP,354,0.0
NWPP,355,0.0
NWPP,356,0.0
NWPP,357,0.0
NWPP,358,0.0
NWPP,359,0.0
NWPP,360,0.0
NWPP,361,0.0
NWPP,362,0.0
NWPP,363,0.0
NWPP,364,0.0
NWPP,365,0.0
NWPP,366,0.0
NWPP,367,0.0
NWPP,368,0.0
NWPP,369,0.0
NWPP,370,0.0
NWPP,371,0.0
NWPP,372,0.0
NWPP,373,0.0
NWPP,374,0.0
NWPP,375,0.0
NWPP,376,0.0
NWPP,377,0.0
NWPP,378,0.0
NWPP,379,0.0
NWPP,380,0.0
NWPP,381,0.0
NWPP,382,0.0
NWPP,383,0.0
NWPP,384,0.0
NWPP,385,0.0
NWPP,386,0.0
NWPP,387,0.0
NWPP,388,0.0
NWPP,389,0.0
NWPP,390,0.0
NWPP,391,0.0
NWPP,392,0.0
NWPP,393,0.0
NWPP,394,0.0
NWPP,395,0.0
NWPP,396,0.0
NWPP,397,0.0
NWPP,398,0.0
NWPP,399,0.0
NWPP,400,0.0
NWPP,401,0.0
NWPP,402,0.0
NWPP,403,0.0
NWPP,404,0.0
NWPP,405,0.0
NWPP,406,0.0
NWPP,407,0.0
NWPP,408,0.0
NWPP,409,0.0
NWPP,410,0.0
NWPP,411,0.0
NWPP,412,0.0
NWPP,413,0.0
NWPP,414,0.0
NWPP,415,0.0
NWPP,416,0.0
NWPP,417,0.0
NWPP,418,0.0
NWPP,419,0.0
NWPP,420,0.0
NWPP,421,0.0
NWPP,422,0.0
NWPP,423,0.0
NWPP,424,0.0
NWPP,425,0.0
NWPP,426,0.0
NWPP,427,0.0
NWPP,428,0.0
NWPP,429,0.0
NWPP,430,0.0
NWPP,431,0.0
NWPP,432,0.0
NWPP,433,0.0
NWPP,434,0.0
NWPP,435,0.0
NWPP,436,0.0
NWPP,437,0.0
NWPP,438,0.0
NWPP,439,0.0
NWPP,440,0.0
NWPP,441,0.0
NWPP,442,0.0
NWPP,443,0.0
NWPP,444,0.0
NWPP,445,0.0
NWPP,446,0.0
NWPP,447,0.0
NWPP,448,0.0
NWPP,449,0.0
NWPP,450,0.0
NWPP,451,0.0
NWPP,452,0.0
NWPP,453,0.0
NWPP,454,0.0
NWPP,455,0.0
NWPP,456,0.0
NWPP,457,0.0
NWPP,458,0.0
NWPP,459,0.0
NWPP,460,0.0
NWPP,461,0.0
NWPP,462,0.0
NWPP,463,0.0
NWPP,464,0.0
NWPP,465,0.0
NWPP,466,0.0
NWPP,467,0.0
NWPP,468,0.0
NWPP,469,0.0
NWPP,470,0.0
NWPP,471,0.0
NWPP,472,0.0
NWPP,473,0.0
NWPP,474,0.0
NWPP,475,0.0
NWPP,476,0.0
NWPP,477,0.0
NWPP,478,0.0
NWPP,479,0.0
NWPP,480,0.0
NWPP,481,0.0
NWPP,482,0.0
NWPP,483,0.0
NWPP,484,0.0
NWPP,485,0.0
NWPP,486,0.0
NWPP,487,0.0
NWPP,488,0.0
NWPP,489,0.0
NWPP,490,0.0
NWPP,491,0.0
NWPP,492,0.0
NWPP,493,0.0
NWPP,494,0.0
NWPP,495,0.0
NWPP,496,0.0
NWPP,497,0.0
NWPP,498,0.0
NWPP,499,0.0
NWPP,500,0.0
NWPP,501,0.0
NWPP,502,0.0
NWPP,503,0.0
NWPP,504,0.0
NWPP,505,0.0
NWPP,506,0.0
NWPP,507,0.0
NWPP,508,0.0
NWPP,509,0.0
NWPP,510,0.0
NWPP,511,0.0
NWPP,512,0.0
NWPP,513,0.0
NWPP,514,0.0
NWPP,515,0.0
NWPP,516,0.0
NWPP,517,0.0
NWPP,518,0.0
NWPP,519,0.0
NWPP,520,0.0
NWPP,521,0.0
NWPP,522,0.0
NWPP,523,0.0
NWPP,524,0.0
NWPP,525,0.0
NWPP,526,0.0
NWPP,527,0.0
NWPP,528,0.0
NWPP,529,0.0
NWPP,530,0.0
NWPP,531,0.0
NWPP,532,0.0
NWPP,533,0.0
NWPP,534,0.0
NWPP,535,0.0
NWPP,536,0.0
NWPP,537,0.0
NWPP,538,0.0
NWPP,539,0.0
NWPP,540,0.0
NWPP,541,0.0
NWPP,542,0.0
NWPP,543,0.0
NWPP,544,0.0
NWPP,545,0.0
NWPP,546,0.0
NWPP,547,0.0
NWPP,548,0.0
NWPP,549,0.0
NWPP,550,0.0
NWPP,551,0.0
NWPP,552,0.0
NWPP,553,0.0
NWPP,554,0.0
NWPP,555,0.0
NWPP,556,0.0
NWPP,557,0.0
NWPP,558,0.0
NWPP,559,0.0
NWPP,560,0.0
NWPP,561,0.0
NWPP,562,0.0
NWPP,563,0.0
NWPP,564,0.0
NWPP,565,0.0
NWPP,566,0.0
NWPP,567,0.0
NWPP,568,0.0
NWPP,569,0.0
NWPP,570,0.0
NWPP,571,0.0
NWPP,572,0.0
NWPP,573,0.0
NWPP,574,0.0
NWPP,575,0.0
NWPP,576,0.0
NYCW,1,0.0
NYCW,2,0.0
NYCW,3,0.0
NYCW,4,0.0
NYCW,5,0.0
NYCW,6,0.0
NYCW,7,0.0
NYCW,8,0.0
NYCW,9,0.0
NYCW,10,0.0
NYCW,11,0.0
NYCW,12,0.0
NYCW,13,0.0
NYCW,14,0.0
NYCW,15,0.0
NYCW,16,0.0
NYCW,17,0.0
NYCW,18,0.0
NYCW,19,737.3093552427522
NYCW,20,741.3093552427522
NYCW,21,666.3093552427522
NYCW,22,0.0
NYCW,23,0.0
NYCW,24,0.0
NYCW,25,0.0
NYCW,26,0.0
NYCW,27,0.0
NYCW,28,0.0
NYCW,29,0.0
NYCW,30,0.0
NYCW,31,0.0
NYCW,32,0.0
NYCW,33,0.0
NYCW,34,0.0
NYCW,35,0.0
NYCW,36,0.0
NYCW,37,0.0
NYCW,38,0.0
NYCW,39,0.0
NYCW,40,0.0
NYCW,41,0.0
NYCW,42,0.0
NYCW,43,0.0
NYCW,44,0.0
NYCW,45,0.0
NYCW,46,0.0
NYCW,47,0.0
NYCW,48,0.0
NYCW,49,0.0
NYCW,50,0.0
NYCW,51,0.0
NYCW,52,0.0
NYCW,53,0.0
NYCW,54,0.0
NYCW,55,0.0
NYCW,56,0.0
NYCW,57,0.0
NYCW,58,0.0
NYCW,59,0.0
NYCW,60,0.0
NYCW,61,0.0
NYCW,62,0.0
NYCW,63,0.0
NYCW,64,0.0
NYCW,65,0.0
NYCW,66,0.0
NYCW,67,0.0
NYCW,68,0.0
NYCW,69,0.0
NYCW,70,0.0
NYCW,71,0.0
NYCW,72,0.0
NYCW,73,0.0
NYCW,74,0.0
NYCW,75,0.0
NYCW,76,0.0
NYCW,77,0.0
NYCW,78,0.0
NYCW,79,0.0
NYCW,80,0.0
NYCW,81,0.0
NYCW,82,0.0
NYCW,83,0.0
NYCW,84,0.0
NYCW,85,0.0
NYCW,86,0.0
NYCW,87,0.0
NYCW,88,0.0
NYCW,89,0.0
NYCW,90,0.0
NYCW,91,0.0
NYCW,92,0.0
NYCW,93,0.0
NYCW,94,0.0
NYCW,95,0.0
NYCW,96,0.0
NYCW,97,0.0
NYCW,98,0.0
NYCW,99,0.0
NYCW,100,0.0
NYCW,101,0.0
NYCW,102,0.0
NYCW,103,0.0
NYCW,104,0.0
NYCW,105,0.0
NYCW,106,0.0
NYCW,107,0.0
NYCW,108,0.0
NYCW,109,0.0
NYCW,110,0.0
NYCW,111,0.0
NYCW,112,0.0
NYCW,113,0.0
NYCW,114,0.0
NYCW,115,0.0
NYCW,116,0.0
NYCW,117,0.0
NYCW,118,0.0
NYCW,119,0.0
NYCW,120,0.0
NYCW,121,0.0
NYCW,122,0.0
NYCW,123,0.0
NYCW,124,0.0
NYCW,125,0.0
NYCW,126,0.0
NYCW,127,0.0
NYCW,128,0.0
NYCW,129,0.0
NYCW,130,0.0
NYCW,131,0.0
NYCW,132,0.0
NYCW,133,0.0
NYCW,134,0.0
NYCW,135,0.0
NYCW,136,0.0
NYCW,137,0.0
NYCW,138,0.0
NYCW,139,0.0
NYCW,140,0.0
NYCW,141,0.0
NYCW,142,0.0
NYCW,143,0.0
NYCW,144,0.0
NYCW,145,0.0
NYCW,146,0.0
NYCW,147,0.0
NYCW,148,0.0
NYCW,149,0.0
NYCW,150,0.0
NYCW,151,0.0
NYCW,152,0.0
NYCW,153,0.0
NYCW,154,0.0
NYCW,155,0.0
NYCW,156,0.0
NYCW,157,0.0
NYCW,158,0.0
NYCW,159,0.0
NYCW,160,0.0
NYCW,161,0.0
NYCW,162,0.0
NYCW,163,0.0
NYCW,164,0.0
NYCW,165,0.0
NYCW,166,0.0
NYCW,167,0.0
NYCW,168,0.0
NYCW,169,0.0
NYCW,170,0.0
NYCW,171,0.0
NYCW,172,0.0
NYCW,173,0.0
NYCW,174,0.0
NYCW,175,0.0
NYCW,176,0.0
NYCW,177,0.0
NYCW,178,0.0
NYCW,179,0.0
NYCW,180,0.0
NYCW,181,0.0
NYCW,182,0.0
NYCW,183,0.0
NYCW,184,0.0
NYCW,185,0.0
NYCW,186,0.0
NYCW,187,0.0
NYCW,188,0.0
NYCW,189,0.0
NYCW,190,0.0
NYCW,191,0.0
NYCW,192,0.0
NYCW,193,0.0
NYCW,194,0.0
NYCW,195,0.0
NYCW,196,0.0
NYCW,197,0.0
NYCW,198,0.0
NYCW,199,0.0
NYCW,200,0.0
NYCW,201,0.0
NYCW,202,0.0
NYCW,203,0.0
NYCW,204,0.0
NYCW,205,0.0
NYCW,206,0.0
NYCW,207,0.0
NYCW,208,0.0
NYCW,209,0.0
NYCW,210,0.0
NYCW,211,0.0
NYCW,212,0.0
NYCW,213,0.0
NYCW,214,0.0
NYCW,215,0.0
NYCW,216,0.0
NYCW,217,0.0
NYCW,218,0.0
NYCW,219,0.0
NYCW,220,0.0
NYCW,221,0.0
NYCW,222,0.0
NYCW,223,0.0
NYCW,224,0.0
NYCW,225,0.0
NYCW,226,0.0
NYCW,227,329.51303729340043
NYCW,228,802.9211634947601
NYCW,229,1100.0982894552303
NYCW,230,1117.5433215491153
NYCW,231,1179.1450162371925
NYCW,232,1282.3019438838887
NYCW,233,1581.7915883125502
NYCW,234,1653.749168442257
NYCW,235,1281.3093552427522
NYCW,236,829.3093552427522
NYCW,237,514.3093552427522
NYCW,238,0.0
NYCW,239,0.0
NYCW,240,0.0
NYCW,241,0.0
NYCW,242,0.0
NYCW,243,0.0
NYCW,244,0.0
NYCW,245,0.0
NYCW,246,0.0
NYCW,247,0.0
NYCW,248,0.0
NYCW,249,0.0
NYCW,250,0.0
NYCW,251,0.0
NYCW,252,0.0
NYCW,253,0.0
NYCW,254,0.0
NYCW,255,0.0
NYCW,256,0.0
NYCW,257,0.0
NYCW,258,0.0
NYCW,259,0.0
NYCW,260,0.0
NYCW,261,0.0
NYCW,262,0.0
NYCW,263,0.0
NYCW,264,0.0
NYCW,265,0.0
NYCW,266,0.0
NYCW,267,0.0
NYCW,268,0.0
NYCW,269,0.0
NYCW,270,0.0
NYCW,271,0.0
NYCW,272,0.0
NYCW,273,0.0
NYCW,274,0.0
NYCW,275,0.0
NYCW,276,634.5582359468895
NYCW,277,1131.6961917776493
NYCW,278,1727.0790468054442
NYCW,279,2290.3607228956257
NYCW,280,2772.0715957492407
NYCW,281,3178.224466206311
NYCW,282,3478.391916935156
NYCW,283,3071.658391685001
NYCW,284,2377.309355242754
NYCW,285,1838.309355242754
NYCW,286,1493.309355242753
NYCW,287,734.3093552427522
NYCW,288,0.0
NYCW,289,0.0
NYCW,290,0.0
NYCW,291,0.0
NYCW,292,0.0
NYCW,293,0.0
NYCW,294,0.0
NYCW,295,0.0
NYCW,296,0.0
NYCW,297,0.0
NYCW,298,0.0
NYCW,299,0.0
NYCW,300,0.0
NYCW,301,0.0
NYCW,302,158.86318914021967
NYCW,303,482.7328984422579
NYCW,304,801.52364474862
NYCW,305,1149.9015819073588
NYCW,306,1481.5713510982173
NYCW,307,1082.266602135896
NYCW,308,545.3093552427522
NYCW,309,76.30935524275219
NYCW,310,0.0
NYCW,311,0.0
NYCW,312,0.0
NYCW,313,0.0
NYCW,314,0.0
NYCW,315,0.0
NYCW,316,0.0
NYCW,317,0.0
NYCW,318,0.0
NYCW,319,0.0
NYCW,320,0.0
NYCW,321,0.0
NYCW,322,0.0
NYCW,323,0.0
NYCW,324,0.0
NYCW,325,100.5685215429371
NYCW,326,623.4864569042725
NYCW,327,1147.7111242791957
NYCW,328,1939.6902091278694
NYCW,329,2412.19110109822
NYCW,330,2624.7522386275573
NYCW,331,2144.309355242754
NYCW,332,1574.309355242753
NYCW,333,912.3093552427522
NYCW,334,397.3093552427522
NYCW,335,0.0
NYCW,336,0.0
NYCW,337,0.0
NYCW,338,0.0
NYCW,339,0.0
NYCW,340,0.0
NYCW,341,0.0
NYCW,342,0.0
NYCW,343,0.0
NYCW,344,0.0
NYCW,345,0.0
NYCW,346,0.0
NYCW,347,0.0
NYCW,348,475.27235058555607
NYCW,349,855.2193108511524
NYCW,350,1166.3324775528195
NYCW,351,1408.090327262515
NYCW,352,2063.2613551068657
NYCW,353,2452.113014810389
NYCW,354,2657.5316127782694
NYCW,355,2293.309355242754
NYCW,356,1721.309355242753
NYCW,357,1448.309355242753
NYCW,358,1137.3093552427522
NYCW,359,276.3093552427522
NYCW,360,0.0
NYCW,361,0.0
NYCW,362,0.0
NYCW,363,0.0
NYCW,364,0.0
NYCW,365,0.0
NYCW,366,0.0
NYCW,367,0.0
NYCW,368,0.0
NYCW,369,0.0
NYCW,370,0.0
NYCW,371,0.0
NYCW,372,0.0
NYCW,373,0.0
NYCW,374,0.0
NYCW,375,0.0
NYCW,376,0.0
NYCW,377,0.0
NYCW,378,0.0
NYCW,379,0.0
NYCW,380,0.0
NYCW,381,0.0
NYCW,382,0.0
NYCW,383,0.0
NYCW,384,0.0
NYCW,385,0.0
NYCW,386,0.0
NYCW,387,0.0
NYCW,388,0.0
NYCW,389,0.0
NYCW,390,0.0
NYCW,391,0.0
NYCW,392,0.0
NYCW,393,0.0
NYCW,394,0.0
NYCW,395,0.0
NYCW,396,86.2904654774643
NYCW,397,28.732198016069106
NYCW,398,134.6905886460877
NYCW,399,458.7426709190954
NYCW,400,759.1303509005661
NYCW,401,905.4065781210716
NYCW,402,1270.309355242753
NYCW,403,899.3093552427522
NYCW,404,625.3093552427522
NYCW,405,565.3093552427522
NYCW,406,0.0
NYCW,407,0.0
NYCW,408,0.0
NYCW,409,0.0
NYCW,410,0.0
NYCW,411,0.0
NYCW,412,0.0
NYCW,413,0.0
NYCW,414,0.0
NYCW,415,0.0
NYCW,416,0.0
NYCW,417,0.0
NYCW,418,0.0
NYCW,419,0.0
NYCW,420,0.0
NYCW,421,0.0
NYCW,422,0.0
NYCW,423,0.0
NYCW,424,0.0
NYCW,425,0.0
NYCW,426,0.0
NYCW,427,0.0
NYCW,428,0.0
NYCW,429,0.0
NYCW,430,0.0
NYCW,431,0.0
NYCW,432,0.0
NYCW,433,0.0
NYCW,434,0.0
NYCW,435,0.0
NYCW,436,0.0
NYCW,437,0.0
NYCW,438,0.0
NYCW,439,0.0
NYCW,440,0.0
NYCW,441,0.0
NYCW,442,0.0
NYCW,443,0.0
NYCW,444,0.0
NYCW,445,0.0
NYCW,446,0.0
NYCW,447,0.0
NYCW,448,0.0
NYCW,449,0.0
NYCW,450,0.0
NYCW,451,0.0
NYCW,452,0.0
NYCW,453,0.0
NYCW,454,0.0
NYCW,455,0.0
NYCW,456,0.0
NYCW,457,0.0
NYCW,458,0.0
NYCW,459,0.0
NYCW,460,0.0
NYCW,461,0.0
NYCW,462,0.0
NYCW,463,0.0
NYCW,464,0.0
NYCW,465,0.0
NYCW,466,0.0
NYCW,467,0.0
NYCW,468,0.0
NYCW,469,0.0
NYCW,470,0.0
NYCW,471,0.0
NYCW,472,0.0
NYCW,473,0.0
NYCW,474,0.0
NYCW,475,0.0
NYCW,476,0.0
NYCW,477,0.0
NYCW,478,0.0
NYCW,479,0.0
NYCW,480,0.0
NYCW,481,0.0
NYCW,482,0.0
NYCW,483,0.0
NYCW,484,0.0
NYCW,485,0.0
NYCW,486,0.0
NYCW,487,0.0
NYCW,488,0.0
NYCW,489,0.0
NYCW,490,0.0
NYCW,491,0.0
NYCW,492,0.0
NYCW,493,0.0
NYCW,494,0.0
NYCW,495,0.0
NYCW,496,0.0
NYCW,497,0.0
NYCW,498,0.0
NYCW,499,0.0
NYCW,500,0.0
NYCW,501,0.0
NYCW,502,0.0
NYCW,503,0.0
NYCW,504,0.0
NYCW,505,0.0
NYCW,506,0.0
NYCW,507,0.0
NYCW,508,0.0
NYCW,509,0.0
NYCW,510,0.0
NYCW,511,0.0
NYCW,512,0.0
NYCW,513,0.0
NYCW,514,0.0
NYCW,515,0.0
NYCW,516,0.0
NYCW,517,0.0
NYCW,518,0.0
NYCW,519,0.0
NYCW,520,0.0
NYCW,521,0.0
NYCW,522,0.0
NYCW,523,0.0
NYCW,524,0.0
NYCW,525,0.0
NYCW,526,0.0
NYCW,527,0.0
NYCW,528,0.0
NYCW,529,0.0
NYCW,530,0.0
NYCW,531,0.0
NYCW,532,0.0
NYCW,533,0.0
NYCW,534,0.0
NYCW,535,0.0
NYCW,536,0.0
NYCW,537,0.0
NYCW,538,0.0
NYCW,539,0.0
NYCW,540,0.0
NYCW,541,0.0
NYCW,542,0.0
NYCW,543,0.0
NYCW,544,0.0
NYCW,545,0.0
NYCW,546,0.0
NYCW,547,0.0
NYCW,548,0.0
NYCW,549,0.0
NYCW,550,0.0
NYCW,551,0.0
NYCW,552,0.0
NYCW,553,0.0
NYCW,554,0.0
NYCW,555,0.0
NYCW,556,0.0
NYCW,557,0.0
NYCW,558,0.0
NYCW,559,0.0
NYCW,560,0.0
NYCW,561,0.0
NYCW,562,0.0
NYCW,563,0.0
NYCW,564,0.0
NYCW,565,0.0
NYCW,566,0.0
NYCW,567,0.0
NYCW,568,0.0
NYCW,569,0.0
NYCW,570,0.0
NYCW,571,0.0
NYCW,572,0.0
NYCW,573,0.0
NYCW,574,0.0
NYCW,575,0.0
NYCW,576,0.0
NYUP,1,0.0
NYUP,2,0.0
NYUP,3,0.0
NYUP,4,0.0
NYUP,5,0.0
NYUP,6,0.0
NYUP,7,0.0
NYUP,8,0.0
NYUP,9,0.0
NYUP,10,0.0
NYUP,11,0.0
NYUP,12,0.0
NYUP,13,0.0
NYUP,14,0.0
NYUP,15,0.0
NYUP,16,0.0
NYUP,17,0.0
NYUP,18,0.0
NYUP,19,0.0
NYUP,20,0.0
NYUP,21,0.0
NYUP,22,0.0
NYUP,23,0.0
NYUP,24,0.0
NYUP,25,0.0
NYUP,26,0.0
NYUP,27,0.0
NYUP,28,0.0
NYUP,29,0.0
NYUP,30,0.0
NYUP,31,0.0
NYUP,32,0.0
NYUP,33,0.0
NYUP,34,0.0
NYUP,35,0.0
NYUP,36,0.0
NYUP,37,0.0
NYUP,38,0.0
NYUP,39,0.0
NYUP,40,0.0
NYUP,41,0.0
NYUP,42,0.0
NYUP,43,0.0
NYUP,44,0.0
NYUP,45,0.0
NYUP,46,0.0
NYUP,47,0.0
NYUP,48,0.0
NYUP,49,0.0
NYUP,50,0.0
NYUP,51,0.0
NYUP,52,0.0
NYUP,53,0.0
NYUP,54,0.0
NYUP,55,0.0
NYUP,56,0.0
NYUP,57,0.0
NYUP,58,0.0
NYUP,59,0.0
NYUP,60,0.0
NYUP,61,0.0
NYUP,62,0.0
NYUP,63,0.0
NYUP,64,0.0
NYUP,65,0.0
NYUP,66,0.0
NYUP,67,0.0
NYUP,68,0.0
NYUP,69,0.0
NYUP,70,0.0
NYUP,71,0.0
NYUP,72,0.0
NYUP,73,0.0
NYUP,74,0.0
NYUP,75,0.0
NYUP,76,0.0
NYUP,77,0.0
NYUP,78,0.0
NYUP,79,0.0
NYUP,80,0.0
NYUP,81,0.0
NYUP,82,0.0
NYUP,83,0.0
NYUP,84,0.0
NYUP,85,0.0
NYUP,86,0.0
NYUP,87,0.0
NYUP,88,0.0
NYUP,89,0.0
NYUP,90,0.0
NYUP,91,0.0
NYUP,92,0.0
NYUP,93,0.0
NYUP,94,0.0
NYUP,95,0.0
NYUP,96,0.0
NYUP,97,0.0
NYUP,98,0.0
NYUP,99,0.0
NYUP,100,0.0
NYUP,101,0.0
NYUP,102,0.0
NYUP,103,0.0
NYUP,104,0.0
NYUP,105,0.0
NYUP,106,0.0
NYUP,107,0.0
NYUP,108,0.0
NYUP,109,0.0
NYUP,110,0.0
NYUP,111,0.0
NYUP,112,0.0
NYUP,113,0.0
NYUP,114,0.0
NYUP,115,0.0
NYUP,116,0.0
NYUP,117,0.0
NYUP,118,0.0
NYUP,119,0.0
NYUP,120,0.0
NYUP,121,0.0
NYUP,122,0.0
NYUP,123,0.0
NYUP,124,0.0
NYUP,125,0.0
NYUP,126,0.0
NYUP,127,0.0
NYUP,128,0.0
NYUP,129,0.0
NYUP,130,0.0
NYUP,131,0.0
NYUP,132,0.0
NYUP,133,0.0
NYUP,134,0.0
NYUP,135,0.0
NYUP,136,0.0
NYUP,137,0.0
NYUP,138,0.0
NYUP,139,0.0
NYUP,140,0.0
NYUP,141,0.0
NYUP,142,0.0
NYUP,143,0.0
NYUP,144,0.0
NYUP,145,0.0
NYUP,146,0.0
NYUP,147,0.0
NYUP,148,0.0
NYUP,149,0.0
NYUP,150,0.0
NYUP,151,0.0
NYUP,152,0.0
NYUP,153,0.0
NYUP,154,0.0
NYUP,155,0.0
NYUP,156,0.0
NYUP,157,0.0
NYUP,158,0.0
NYUP,159,0.0
NYUP,160,0.0
NYUP,161,0.0
NYUP,162,0.0
NYUP,163,0.0
NYUP,164,0.0
NYUP,165,0.0
NYUP,166,0.0
NYUP,167,0.0
NYUP,168,0.0
NYUP,169,0.0
NYUP,170,0.0
NYUP,171,0.0
NYUP,172,0.0
NYUP,173,0.0
NYUP,174,0.0
NYUP,175,0.0
NYUP,176,0.0
NYUP,177,0.0
NYUP,178,0.0
NYUP,179,0.0
NYUP,180,0.0
NYUP,181,0.0
NYUP,182,0.0
NYUP,183,0.0
NYUP,184,0.0
NYUP,185,0.0
NYUP,186,0.0
NYUP,187,0.0
NYUP,188,0.0
NYUP,189,0.0
NYUP,190,0.0
NYUP,191,0.0
NYUP,192,0.0
NYUP,193,0.0
NYUP,194,0.0
NYUP,195,0.0
NYUP,196,0.0
NYUP,197,0.0
NYUP,198,0.0
NYUP,199,0.0
NYUP,200,0.0
NYUP,201,0.0
NYUP,202,0.0
NYUP,203,0.0
NYUP,204,0.0
NYUP,205,0.0
NYUP,206,0.0
NYUP,207,0.0
NYUP,208,0.0
NYUP,209,0.0
NYUP,210,0.0
NYUP,211,0.0
NYUP,212,0.0
NYUP,213,0.0
NYUP,214,0.0
NYUP,215,0.0
NYUP,216,0.0
NYUP,217,0.0
NYUP,218,0.0
NYUP,219,0.0
NYUP,220,0.0
NYUP,221,0.0
NYUP,222,0.0
NYUP,223,0.0
NYUP,224,0.0
NYUP,225,0.0
NYUP,226,0.0
NYUP,227,0.0
NYUP,228,0.0
NYUP,229,0.0
NYUP,230,0.0
NYUP,231,0.0
NYUP,232,0.0
NYUP,233,0.0
NYUP,234,0.0
NYUP,235,0.0
NYUP,236,0.0
NYUP,237,0.0
NYUP,238,0.0
NYUP,239,0.0
NYUP,240,0.0
NYUP,241,0.0
NYUP,242,0.0
NYUP,243,0.0
NYUP,244,0.0
NYUP,245,0.0
NYUP,246,0.0
NYUP,247,0.0
NYUP,248,0.0
NYUP,249,0.0
NYUP,250,0.0
NYUP,251,0.0
NYUP,252,0.0
NYUP,253,0.0
NYUP,254,0.0
NYUP,255,0.0
NYUP,256,0.0
NYUP,257,0.0
NYUP,258,0.0
NYUP,259,0.0
NYUP,260,0.0
NYUP,261,0.0
NYUP,262,0.0
NYUP,263,0.0
NYUP,264,0.0
NYUP,265,0.0
NYUP,266,0.0
NYUP,267,0.0
NYUP,268,0.0
NYUP,269,0.0
NYUP,270,0.0
NYUP,271,0.0
NYUP,272,0.0
NYUP,273,0.0
NYUP,274,0.0
NYUP,275,0.0
NYUP,276,0.0
NYUP,277,0.0
NYUP,278,0.0
NYUP,279,0.0
NYUP,280,0.0
NYUP,281,0.0
NYUP,282,0.0
NYUP,283,0.0
NYUP,284,0.0
NYUP,285,0.0
NYUP,286,0.0
NYUP,287,0.0
NYUP,288,0.0
NYUP,289,0.0
NYUP,290,0.0
NYUP,291,0.0
NYUP,292,0.0
NYUP,293,0.0
NYUP,294,0.0
NYUP,295,0.0
NYUP,296,0.0
NYUP,297,0.0
NYUP,298,0.0
NYUP,299,0.0
NYUP,300,0.0
NYUP,301,0.0
NYUP,302,0.0
NYUP,303,0.0
NYUP,304,0.0
NYUP,305,0.0
NYUP,306,0.0
NYUP,307,0.0
NYUP,308,0.0
NYUP,309,0.0
NYUP,310,0.0
NYUP,311,0.0
NYUP,312,0.0
NYUP,313,0.0
NYUP,314,0.0
NYUP,315,0.0
NYUP,316,0.0
NYUP,317,0.0
NYUP,318,0.0
NYUP,319,0.0
NYUP,320,0.0
NYUP,321,0.0
NYUP,322,0.0
NYUP,323,0.0
NYUP,324,0.0
NYUP,325,0.0
NYUP,326,0.0
NYUP,327,0.0
NYUP,328,0.0
NYUP,329,0.0
NYUP,330,0.0
NYUP,331,0.0
NYUP,332,0.0
NYUP,333,0.0
NYUP,334,0.0
NYUP,335,0.0
NYUP,336,0.0
NYUP,337,0.0
NYUP,338,0.0
NYUP,339,0.0
NYUP,340,0.0
NYUP,341,0.0
NYUP,342,0.0
NYUP,343,0.0
NYUP,344,0.0
NYUP,345,0.0
NYUP,346,0.0
NYUP,347,0.0
NYUP,348,0.0
NYUP,349,0.0
NYUP,350,0.0
NYUP,351,0.0
NYUP,352,0.0
NYUP,353,0.0
NYUP,354,0.0
NYUP,355,0.0
NYUP,356,0.0
NYUP,357,0.0
NYUP,358,0.0
NYUP,359,0.0
NYUP,360,0.0
NYUP,361,0.0
NYUP,362,0.0
NYUP,363,0.0
NYUP,364,0.0
NYUP,365,0.0
NYUP,366,0.0
NYUP,367,0.0
NYUP,368,0.0
NYUP,369,0.0
NYUP,370,0.0
NYUP,371,0.0
NYUP,372,0.0
NYUP,373,0.0
NYUP,374,0.0
NYUP,375,0.0
NYUP,376,0.0
NYUP,377,0.0
NYUP,378,0.0
NYUP,379,0.0
NYUP,380,0.0
NYUP,381,0.0
NYUP,382,0.0
NYUP,383,0.0
NYUP,384,0.0
NYUP,385,0.0
NYUP,386,0.0
NYUP,387,0.0
NYUP,388,0.0
NYUP,389,0.0
NYUP,390,0.0
NYUP,391,0.0
NYUP,392,0.0
NYUP,393,0.0
NYUP,394,0.0
NYUP,395,0.0
NYUP,396,0.0
NYUP,397,0.0
NYUP,398,0.0
NYUP,399,0.0
NYUP,400,0.0
NYUP,401,0.0
NYUP,402,0.0
NYUP,403,0.0
NYUP,404,0.0
NYUP,405,0.0
NYUP,406,0.0
NYUP,407,0.0
NYUP,408,0.0
NYUP,409,0.0
NYUP,410,0.0
NYUP,411,0.0
NYUP,412,0.0
NYUP,413,0.0
NYUP,414,0.0
NYUP,415,0.0
NYUP,416,0.0
NYUP,417,0.0
NYUP,418,0.0
NYUP,419,0.0
NYUP,420,0.0
NYUP,421,0.0
NYUP,422,0.0
NYUP,423,0.0
NYUP,424,0.0
NYUP,425,0.0
NYUP,426,0.0
NYUP,427,0.0
NYUP,428,0.0
NYUP,429,0.0
NYUP,430,0.0
NYUP,431,0.0
NYUP,432,0.0
NYUP,433,0.0
NYUP,434,0.0
NYUP,435,0.0
NYUP,436,0.0
NYUP,437,0.0
NYUP,438,0.0
NYUP,439,0.0
NYUP,440,0.0
NYUP,441,0.0
NYUP,442,0.0
NYUP,443,0.0
NYUP,444,0.0
NYUP,445,0.0
NYUP,446,0.0
NYUP,447,0.0
NYUP,448,0.0
NYUP,449,0.0
NYUP,450,0.0
NYUP,451,0.0
NYUP,452,0.0
NYUP,453,0.0
NYUP,454,0.0
NYUP,455,0.0
NYUP,456,0.0
NYUP,457,0.0
NYUP,458,0.0
NYUP,459,0.0
NYUP,460,0.0
NYUP,461,0.0
NYUP,462,0.0
NYUP,463,0.0
NYUP,464,0.0
NYUP,465,0.0
NYUP,466,0.0
NYUP,467,0.0
NYUP,468,0.0
NYUP,469,0.0
NYUP,470,0.0
NYUP,471,0.0
NYUP,472,0.0
NYUP,473,0.0
NYUP,474,0.0
NYUP,475,0.0
NYUP,476,0.0
NYUP,477,0.0
NYUP,478,0.0
NYUP,479,0.0
NYUP,480,0.0
NYUP,481,0.0
NYUP,482,0.0
NYUP,483,0.0
NYUP,484,0.0
NYUP,485,0.0
NYUP,486,0.0
NYUP,487,0.0
NYUP,488,0.0
NYUP,489,0.0
NYUP,490,0.0
NYUP,491,0.0
NYUP,492,0.0
NYUP,493,0.0
NYUP,494,0.0
NYUP,495,0.0
NYUP,496,0.0
NYUP,497,0.0
NYUP,498,0.0
NYUP,499,0.0
NYUP,500,0.0
NYUP,501,0.0
NYUP,502,0.0
NYUP,503,0.0
NYUP,504,0.0
NYUP,505,0.0
NYUP,506,0.0
NYUP,507,0.0
NYUP,508,0.0
NYUP,509,0.0
NYUP,510,0.0
NYUP,511,0.0
NYUP,512,0.0
NYUP,513,0.0
NYUP,514,0.0
NYUP,515,0.0
NYUP,516,0.0
NYUP,517,0.0
NYUP,518,0.0
NYUP,519,0.0
NYUP,520,0.0
NYUP,521,0.0
NYUP,522,0.0
NYUP,523,0.0
NYUP,524,0.0
NYUP,525,0.0
NYUP,526,0.0
NYUP,527,0.0
NYUP,528,0.0
NYUP,529,0.0
NYUP,530,0.0
NYUP,531,0.0
NYUP,532,0.0
NYUP,533,0.0
NYUP,534,0.0
NYUP,535,0.0
NYUP,536,0.0
NYUP,537,0.0
NYUP,538,0.0
NYUP,539,0.0
NYUP,540,0.0
NYUP,541,0.0
NYUP,542,0.0
NYUP,543,0.0
NYUP,544,0.0
NYUP,545,0.0
NYUP,546,0.0
NYUP,547,0.0
NYUP,548,0.0
NYUP,549,0.0
NYUP,550,0.0
NYUP,551,0.0
NYUP,552,0.0
NYUP,553,0.0
NYUP,554,0.0
NYUP,555,0.0
NYUP,556,0.0
NYUP,557,0.0
NYUP,558,0.0
NYUP,559,0.0
NYUP,560,0.0
NYUP,561,0.0
NYUP,562,0.0
NYUP,563,0.0
NYUP,564,0.0
NYUP,565,0.0
NYUP,566,0.0
NYUP,567,0.0
NYUP,568,0.0
NYUP,569,0.0
NYUP,570,0.0
NYUP,571,0.0
NYUP,572,0.0
NYUP,573,0.0
NYUP,574,0.0
NYUP,575,0.0
NYUP,576,0.0
PJMC,1,0.0
PJMC,2,0.0
PJMC,3,0.0
PJMC,4,0.0
PJMC,5,0.0
PJMC,6,0.0
PJMC,7,0.0
PJMC,8,0.0
PJMC,9,0.0
PJMC,10,0.0
PJMC,11,0.0
PJMC,12,0.0
PJMC,13,0.0
PJMC,14,0.0
PJMC,15,0.0
PJMC,16,0.0
PJMC,17,0.0
PJMC,18,0.0
PJMC,19,0.0
PJMC,20,0.0
PJMC,21,0.0
PJMC,22,0.0
PJMC,23,0.0
PJMC,24,0.0
PJMC,25,0.0
PJMC,26,0.0
PJMC,27,0.0
PJMC,28,0.0
PJMC,29,0.0
PJMC,30,0.0
PJMC,31,0.0
PJMC,32,0.0
PJMC,33,0.0
PJMC,34,0.0
PJMC,35,0.0
PJMC,36,0.0
PJMC,37,0.0
PJMC,38,0.0
PJMC,39,0.0
PJMC,40,0.0
PJMC,41,0.0
PJMC,42,0.0
PJMC,43,0.0
PJMC,44,0.0
PJMC,45,0.0
PJMC,46,0.0
PJMC,47,0.0
PJMC,48,0.0
PJMC,49,0.0
PJMC,50,0.0
PJMC,51,0.0
PJMC,52,0.0
PJMC,53,0.0
PJMC,54,0.0
PJMC,55,0.0
PJMC,56,0.0
PJMC,57,0.0
PJMC,58,0.0
PJMC,59,0.0
PJMC,60,0.0
PJMC,61,0.0
PJMC,62,0.0
PJMC,63,0.0
PJMC,64,0.0
PJMC,65,0.0
PJMC,66,0.0
PJMC,67,0.0
PJMC,68,0.0
PJMC,69,0.0
PJMC,70,0.0
PJMC,71,0.0
PJMC,72,0.0
PJMC,73,0.0
PJMC,74,0.0
PJMC,75,0.0
PJMC,76,0.0
PJMC,77,0.0
PJMC,78,0.0
PJMC,79,0.0
PJMC,80,0.0
PJMC,81,0.0
PJMC,82,0.0
PJMC,83,0.0
PJMC,84,0.0
PJMC,85,0.0
PJMC,86,0.0
PJMC,87,0.0
PJMC,88,0.0
PJMC,89,0.0
PJMC,90,0.0
PJMC,91,0.0
PJMC,92,0.0
PJMC,93,0.0
PJMC,94,0.0
PJMC,95,0.0
PJMC,96,0.0
PJMC,97,0.0
PJMC,98,0.0
PJMC,99,0.0
PJMC,100,0.0
PJMC,101,0.0
PJMC,102,0.0
PJMC,103,0.0
PJMC,104,0.0
PJMC,105,0.0
PJMC,106,0.0
PJMC,107,0.0
PJMC,108,0.0
PJMC,109,0.0
PJMC,110,0.0
PJMC,111,0.0
PJMC,112,0.0
PJMC,113,0.0
PJMC,114,0.0
PJMC,115,0.0
PJMC,116,0.0
PJMC,117,0.0
PJMC,118,0.0
PJMC,119,0.0
PJMC,120,0.0
PJMC,121,0.0
PJMC,122,0.0
PJMC,123,0.0
PJMC,124,0.0
PJMC,125,0.0
PJMC,126,0.0
PJMC,127,0.0
PJMC,128,0.0
PJMC,129,0.0
PJMC,130,0.0
PJMC,131,0.0
PJMC,132,0.0
PJMC,133,0.0
PJMC,134,0.0
PJMC,135,0.0
PJMC,136,0.0
PJMC,137,0.0
PJMC,138,0.0
PJMC,139,0.0
PJMC,140,0.0
PJMC,141,0.0
PJMC,142,0.0
PJMC,143,0.0
PJMC,144,0.0
PJMC,145,0.0
PJMC,146,0.0
PJMC,147,0.0
PJMC,148,0.0
PJMC,149,0.0
PJMC,150,0.0
PJMC,151,0.0
PJMC,152,0.0
PJMC,153,0.0
PJMC,154,0.0
PJMC,155,0.0
PJMC,156,0.0
PJMC,157,0.0
PJMC,158,0.0
PJMC,159,0.0
PJMC,160,0.0
PJMC,161,0.0
PJMC,162,0.0
PJMC,163,0.0
PJMC,164,0.0
PJMC,165,0.0
PJMC,166,0.0
PJMC,167,0.0
PJMC,168,0.0
PJMC,169,0.0
PJMC,170,0.0
PJMC,171,0.0
PJMC,172,0.0
PJMC,173,0.0
PJMC,174,0.0
PJMC,175,0.0
PJMC,176,0.0
PJMC,177,0.0
PJMC,178,0.0
PJMC,179,0.0
PJMC,180,0.0
PJMC,181,0.0
PJMC,182,0.0
PJMC,183,0.0
PJMC,184,0.0
PJMC,185,0.0
PJMC,186,0.0
PJMC,187,0.0
PJMC,188,0.0
PJMC,189,0.0
PJMC,190,0.0
PJMC,191,0.0
PJMC,192,0.0
PJMC,193,0.0
PJMC,194,0.0
PJMC,195,0.0
PJMC,196,0.0
PJMC,197,0.0
PJMC,198,0.0
PJMC,199,0.0
PJMC,200,0.0
PJMC,201,0.0
PJMC,202,0.0
PJMC,203,0.0
PJMC,204,0.0
PJMC,205,0.0
PJMC,206,0.0
PJMC,207,0.0
PJMC,208,0.0
PJMC,209,0.0
PJMC,210,0.0
PJMC,211,0.0
PJMC,212,0.0
PJMC,213,0.0
PJMC,214,0.0
PJMC,215,0.0
PJMC,216,0.0
PJMC,217,0.0
PJMC,218,0.0
PJMC,219,0.0
PJMC,220,0.0
PJMC,221,0.0
PJMC,222,0.0
PJMC,223,0.0
PJMC,224,0.0
PJMC,225,0.0
PJMC,226,0.0
PJMC,227,0.0
PJMC,228,0.0
PJMC,229,0.0
PJMC,230,0.0
PJMC,231,0.0
PJMC,232,0.0
PJMC,233,0.0
PJMC,234,0.0
PJMC,235,0.0
PJMC,236,0.0
PJMC,237,0.0
PJMC,238,0.0
PJMC,239,0.0
PJMC,240,0.0
PJMC,241,0.0
PJMC,242,0.0
PJMC,243,0.0
PJMC,244,0.0
PJMC,245,0.0
PJMC,246,0.0
PJMC,247,0.0
PJMC,248,0.0
PJMC,249,0.0
PJMC,250,0.0
PJMC,251,0.0
PJMC,252,0.0
PJMC,253,0.0
PJMC,254,0.0
PJMC,255,0.0
PJMC,256,0.0
PJMC,257,0.0
PJMC,258,0.0
PJMC,259,0.0
PJMC,260,0.0
PJMC,261,0.0
PJMC,262,0.0
PJMC,263,0.0
PJMC,264,0.0
PJMC,265,0.0
PJMC,266,0.0
PJMC,267,0.0
PJMC,268,0.0
PJMC,269,0.0
PJMC,270,0.0
PJMC,271,0.0
PJMC,272,0.0
PJMC,273,0.0
PJMC,274,0.0
PJMC,275,0.0
PJMC,276,0.0
PJMC,277,0.0
PJMC,278,0.0
PJMC,279,0.0
PJMC,280,0.0
PJMC,281,0.0
PJMC,282,0.0
PJMC,283,0.0
PJMC,284,0.0
PJMC,285,0.0
PJMC,286,0.0
PJMC,287,0.0
PJMC,288,0.0
PJMC,289,0.0
PJMC,290,0.0
PJMC,291,0.0
PJMC,292,0.0
PJMC,293,0.0
PJMC,294,0.0
PJMC,295,0.0
PJMC,296,0.0
PJMC,297,0.0
PJMC,298,0.0
PJMC,299,0.0
PJMC,300,0.0
PJMC,301,0.0
PJMC,302,0.0
PJMC,303,0.0
PJMC,304,0.0
PJMC,305,0.0
PJMC,306,0.0
PJMC,307,0.0
PJMC,308,0.0
PJMC,309,0.0
PJMC,310,0.0
PJMC,311,0.0
PJMC,312,0.0
PJMC,313,0.0
PJMC,314,0.0
PJMC,315,0.0
PJMC,316,0.0
PJMC,317,0.0
PJMC,318,0.0
PJMC,319,0.0
PJMC,320,0.0
PJMC,321,0.0
PJMC,322,0.0
PJMC,323,0.0
PJMC,324,0.0
PJMC,325,0.0
PJMC,326,0.0
PJMC,327,0.0
PJMC,328,0.0
PJMC,329,0.0
PJMC,330,0.0
PJMC,331,0.0
PJMC,332,0.0
PJMC,333,0.0
PJMC,334,0.0
PJMC,335,0.0
PJMC,336,0.0
PJMC,337,0.0
PJMC,338,0.0
PJMC,339,0.0
PJMC,340,0.0
PJMC,341,0.0
PJMC,342,0.0
PJMC,343,0.0
PJMC,344,0.0
PJMC,345,0.0
PJMC,346,0.0
PJMC,347,0.0
PJMC,348,0.0
PJMC,349,0.0
PJMC,350,0.0
PJMC,351,0.0
PJMC,352,0.0
PJMC,353,0.0
PJMC,354,0.0
PJMC,355,0.0
PJMC,356,0.0
PJMC,357,0.0
PJMC,358,0.0
PJMC,359,0.0
PJMC,360,0.0
PJMC,361,0.0
PJMC,362,0.0
PJMC,363,0.0
PJMC,364,0.0
PJMC,365,0.0
PJMC,366,0.0
PJMC,367,0.0
PJMC,368,0.0
PJMC,369,0.0
PJMC,370,0.0
PJMC,371,0.0
PJMC,372,0.0
PJMC,373,0.0
PJMC,374,0.0
PJMC,375,0.0
PJMC,376,0.0
PJMC,377,0.0
PJMC,378,0.0
PJMC,379,0.0
PJMC,380,0.0
PJMC,381,0.0
PJMC,382,0.0
PJMC,383,0.0
PJMC,384,0.0
PJMC,385,0.0
PJMC,386,0.0
PJMC,387,0.0
PJMC,388,0.0
PJMC,389,0.0
PJMC,390,0.0
PJMC,391,0.0
PJMC,392,0.0
PJMC,393,0.0
PJMC,394,0.0
PJMC,395,0.0
PJMC,396,0.0
PJMC,397,0.0
PJMC,398,0.0
PJMC,399,0.0
PJMC,400,0.0
PJMC,401,0.0
PJMC,402,0.0
PJMC,403,0.0
PJMC,404,0.0
PJMC,405,0.0
PJMC,406,0.0
PJMC,407,0.0
PJMC,408,0.0
PJMC,409,0.0
PJMC,410,0.0
PJMC,411,0.0
PJMC,412,0.0
PJMC,413,0.0
PJMC,414,0.0
PJMC,415,0.0
PJMC,416,0.0
PJMC,417,0.0
PJMC,418,0.0
PJMC,419,0.0
PJMC,420,0.0
PJMC,421,0.0
PJMC,422,0.0
PJMC,423,0.0
PJMC,424,0.0
PJMC,425,0.0
PJMC,426,0.0
PJMC,427,0.0
PJMC,428,0.0
PJMC,429,0.0
PJMC,430,0.0
PJMC,431,0.0
PJMC,432,0.0
PJMC,433,0.0
PJMC,434,0.0
PJMC,435,0.0
PJMC,436,0.0
PJMC,437,0.0
PJMC,438,0.0
PJMC,439,0.0
PJMC,440,0.0
PJMC,441,0.0
PJMC,442,0.0
PJMC,443,0.0
PJMC,444,0.0
PJMC,445,0.0
PJMC,446,0.0
PJMC,447,0.0
PJMC,448,0.0
PJMC,449,0.0
PJMC,450,0.0
PJMC,451,0.0
PJMC,452,0.0
PJMC,453,0.0
PJMC,454,0.0
PJMC,455,0.0
PJMC,456,0.0
PJMC,457,0.0
PJMC,458,0.0
PJMC,459,0.0
PJMC,460,0.0
PJMC,461,0.0
PJMC,462,0.0
PJMC,463,0.0
PJMC,464,0.0
PJMC,465,0.0
PJMC,466,0.0
PJMC,467,0.0
PJMC,468,0.0
PJMC,469,0.0
PJMC,470,0.0
PJMC,471,0.0
PJMC,472,0.0
PJMC,473,0.0
PJMC,474,0.0
PJMC,475,0.0
PJMC,476,0.0
PJMC,477,0.0
PJMC,478,0.0
PJMC,479,0.0
PJMC,480,0.0
PJMC,481,0.0
PJMC,482,0.0
PJMC,483,0.0
PJMC,484,0.0
PJMC,485,0.0
PJMC,486,0.0
PJMC,487,0.0
PJMC,488,0.0
PJMC,489,0.0
PJMC,490,0.0
PJMC,491,0.0
PJMC,492,0.0
PJMC,493,0.0
PJMC,494,0.0
PJMC,495,0.0
PJMC,496,0.0
PJMC,497,0.0
PJMC,498,0.0
PJMC,499,0.0
PJMC,500,0.0
PJMC,501,0.0
PJMC,502,0.0
PJMC,503,0.0
PJMC,504,0.0
PJMC,505,0.0
PJMC,506,0.0
PJMC,507,0.0
PJMC,508,0.0
PJMC,509,0.0
PJMC,510,0.0
PJMC,511,0.0
PJMC,512,0.0
PJMC,513,0.0
PJMC,514,0.0
PJMC,515,0.0
PJMC,516,0.0
PJMC,517,0.0
PJMC,518,0.0
PJMC,519,0.0
PJMC,520,0.0
PJMC,521,0.0
PJMC,522,0.0
PJMC,523,0.0
PJMC,524,0.0
PJMC,525,0.0
PJMC,526,0.0
PJMC,527,0.0
PJMC,528,0.0
PJMC,529,0.0
PJMC,530,0.0
PJMC,531,0.0
PJMC,532,0.0
PJMC,533,0.0
PJMC,534,0.0
PJMC,535,0.0
PJMC,536,0.0
PJMC,537,0.0
PJMC,538,0.0
PJMC,539,0.0
PJMC,540,0.0
PJMC,541,0.0
PJMC,542,0.0
PJMC,543,0.0
PJMC,544,0.0
PJMC,545,0.0
PJMC,546,0.0
PJMC,547,0.0
PJMC,548,0.0
PJMC,549,0.0
PJMC,550,0.0
PJMC,551,0.0
PJMC,552,0.0
PJMC,553,0.0
PJMC,554,0.0
PJMC,555,0.0
PJMC,556,0.0
PJMC,557,0.0
PJMC,558,0.0
PJMC,559,0.0
PJMC,560,0.0
PJMC,561,0.0
PJMC,562,0.0
PJMC,563,0.0
PJMC,564,0.0
PJMC,565,0.0
PJMC,566,0.0
PJMC,567,0.0
PJMC,568,0.0
PJMC,569,0.0
PJMC,570,0.0
PJMC,571,0.0
PJMC,572,0.0
PJMC,573,0.0
PJMC,574,0.0
PJMC,575,0.0
PJMC,576,0.0
PJMD,1,0.0
PJMD,2,0.0
PJMD,3,0.0
PJMD,4,0.0
PJMD,5,0.0
PJMD,6,0.0
PJMD,7,0.0
PJMD,8,0.0
PJMD,9,0.0
PJMD,10,0.0
PJMD,11,0.0
PJMD,12,0.0
PJMD,13,0.0
PJMD,14,0.0
PJMD,15,0.0
PJMD,16,0.0
PJMD,17,0.0
PJMD,18,0.0
PJMD,19,0.0
PJMD,20,0.0
PJMD,21,0.0
PJMD,22,0.0
PJMD,23,0.0
PJMD,24,0.0
PJMD,25,0.0
PJMD,26,0.0
PJMD,27,0.0
PJMD,28,0.0
PJMD,29,0.0
PJMD,30,0.0
PJMD,31,0.0
PJMD,32,0.0
PJMD,33,0.0
PJMD,34,0.0
PJMD,35,0.0
PJMD,36,0.0
PJMD,37,0.0
PJMD,38,0.0
PJMD,39,0.0
PJMD,40,0.0
PJMD,41,0.0
PJMD,42,0.0
PJMD,43,0.0
PJMD,44,0.0
PJMD,45,0.0
PJMD,46,0.0
PJMD,47,0.0
PJMD,48,0.0
PJMD,49,0.0
PJMD,50,0.0
PJMD,51,0.0
PJMD,52,0.0
PJMD,53,0.0
PJMD,54,0.0
PJMD,55,0.0
PJMD,56,0.0
PJMD,57,0.0
PJMD,58,0.0
PJMD,59,0.0
PJMD,60,0.0
PJMD,61,0.0
PJMD,62,0.0
PJMD,63,0.0
PJMD,64,0.0
PJMD,65,0.0
PJMD,66,0.0
PJMD,67,0.0
PJMD,68,0.0
PJMD,69,0.0
PJMD,70,0.0
PJMD,71,0.0
PJMD,72,0.0
PJMD,73,0.0
PJMD,74,0.0
PJMD,75,0.0
PJMD,76,0.0
PJMD,77,0.0
PJMD,78,0.0
PJMD,79,0.0
PJMD,80,0.0
PJMD,81,0.0
PJMD,82,0.0
PJMD,83,0.0
PJMD,84,0.0
PJMD,85,0.0
PJMD,86,0.0
PJMD,87,0.0
PJMD,88,0.0
PJMD,89,0.0
PJMD,90,0.0
PJMD,91,0.0
PJMD,92,0.0
PJMD,93,0.0
PJMD,94,0.0
PJMD,95,0.0
PJMD,96,0.0
PJMD,97,0.0
PJMD,98,0.0
PJMD,99,0.0
PJMD,100,0.0
PJMD,101,0.0
PJMD,102,0.0
PJMD,103,0.0
PJMD,104,0.0
PJMD,105,0.0
PJMD,106,0.0
PJMD,107,0.0
PJMD,108,0.0
PJMD,109,0.0
PJMD,110,0.0
PJMD,111,0.0
PJMD,112,0.0
PJMD,113,0.0
PJMD,114,0.0
PJMD,115,0.0
PJMD,116,0.0
PJMD,117,0.0
PJMD,118,0.0
PJMD,119,0.0
PJMD,120,0.0
PJMD,121,0.0
PJMD,122,0.0
PJMD,123,0.0
PJMD,124,0.0
PJMD,125,0.0
PJMD,126,0.0
PJMD,127,0.0
PJMD,128,0.0
PJMD,129,0.0
PJMD,130,0.0
PJMD,131,0.0
PJMD,132,0.0
PJMD,133,0.0
PJMD,134,0.0
PJMD,135,0.0
PJMD,136,0.0
PJMD,137,0.0
PJMD,138,0.0
PJMD,139,0.0
PJMD,140,0.0
PJMD,141,0.0
PJMD,142,0.0
PJMD,143,0.0
PJMD,144,0.0
PJMD,145,0.0
PJMD,146,0.0
PJMD,147,0.0
PJMD,148,0.0
PJMD,149,0.0
PJMD,150,0.0
PJMD,151,0.0
PJMD,152,0.0
PJMD,153,0.0
PJMD,154,0.0
PJMD,155,0.0
PJMD,156,0.0
PJMD,157,0.0
PJMD,158,0.0
PJMD,159,0.0
PJMD,160,0.0
PJMD,161,0.0
PJMD,162,0.0
PJMD,163,0.0
PJMD,164,0.0
PJMD,165,0.0
PJMD,166,0.0
PJMD,167,0.0
PJMD,168,0.0
PJMD,169,0.0
PJMD,170,0.0
PJMD,171,0.0
PJMD,172,0.0
PJMD,173,0.0
PJMD,174,0.0
PJMD,175,0.0
PJMD,176,0.0
PJMD,177,0.0
PJMD,178,0.0
PJMD,179,0.0
PJMD,180,0.0
PJMD,181,0.0
PJMD,182,0.0
PJMD,183,0.0
PJMD,184,0.0
PJMD,185,0.0
PJMD,186,0.0
PJMD,187,0.0
PJMD,188,0.0
PJMD,189,0.0
PJMD,190,0.0
PJMD,191,0.0
PJMD,192,0.0
PJMD,193,0.0
PJMD,194,0.0
PJMD,195,0.0
PJMD,196,0.0
PJMD,197,0.0
PJMD,198,0.0
PJMD,199,0.0
PJMD,200,0.0
PJMD,201,0.0
PJMD,202,0.0
PJMD,203,0.0
PJMD,204,0.0
PJMD,205,0.0
PJMD,206,0.0
PJMD,207,0.0
PJMD,208,0.0
PJMD,209,0.0
PJMD,210,0.0
PJMD,211,0.0
PJMD,212,0.0
PJMD,213,0.0
PJMD,214,0.0
PJMD,215,0.0
PJMD,216,0.0
PJMD,217,0.0
PJMD,218,0.0
PJMD,219,0.0
PJMD,220,0.0
PJMD,221,0.0
PJMD,222,0.0
PJMD,223,0.0
PJMD,224,0.0
PJMD,225,0.0
PJMD,226,0.0
PJMD,227,0.0
PJMD,228,0.0
PJMD,229,0.0
PJMD,230,0.0
PJMD,231,0.0
PJMD,232,0.0
PJMD,233,0.0
PJMD,234,0.0
PJMD,235,0.0
PJMD,236,0.0
PJMD,237,0.0
PJMD,238,0.0
PJMD,239,0.0
PJMD,240,0.0
PJMD,241,0.0
PJMD,242,0.0
PJMD,243,0.0
PJMD,244,0.0
PJMD,245,0.0
PJMD,246,0.0
PJMD,247,0.0
PJMD,248,0.0
PJMD,249,0.0
PJMD,250,0.0
PJMD,251,0.0
PJMD,252,0.0
PJMD,253,0.0
PJMD,254,0.0
PJMD,255,0.0
PJMD,256,0.0
PJMD,257,0.0
PJMD,258,0.0
PJMD,259,0.0
PJMD,260,0.0
PJMD,261,0.0
PJMD,262,0.0
PJMD,263,0.0
PJMD,264,0.0
PJMD,265,0.0
PJMD,266,0.0
PJMD,267,0.0
PJMD,268,0.0
PJMD,269,0.0
PJMD,270,0.0
PJMD,271,0.0
PJMD,272,0.0
PJMD,273,0.0
PJMD,274,0.0
PJMD,275,0.0
PJMD,276,0.0
PJMD,277,0.0
PJMD,278,0.0
PJMD,279,0.0
PJMD,280,0.0
PJMD,281,0.0
PJMD,282,0.0
PJMD,283,0.0
PJMD,284,0.0
PJMD,285,0.0
PJMD,286,0.0
PJMD,287,0.0
PJMD,288,0.0
PJMD,289,0.0
PJMD,290,0.0
PJMD,291,0.0
PJMD,292,0.0
PJMD,293,0.0
PJMD,294,0.0
PJMD,295,0.0
PJMD,296,0.0
PJMD,297,0.0
PJMD,298,0.0
PJMD,299,0.0
PJMD,300,0.0
PJMD,301,0.0
PJMD,302,0.0
PJMD,303,0.0
PJMD,304,0.0
PJMD,305,0.0
PJMD,306,0.0
PJMD,307,0.0
PJMD,308,0.0
PJMD,309,0.0
PJMD,310,0.0
PJMD,311,0.0
PJMD,312,0.0
PJMD,313,0.0
PJMD,314,0.0
PJMD,315,0.0
PJMD,316,0.0
PJMD,317,0.0
PJMD,318,0.0
PJMD,319,0.0
PJMD,320,0.0
PJMD,321,0.0
PJMD,322,0.0
PJMD,323,0.0
PJMD,324,0.0
PJMD,325,0.0
PJMD,326,0.0
PJMD,327,0.0
PJMD,328,0.0
PJMD,329,0.0
PJMD,330,0.0
PJMD,331,0.0
PJMD,332,0.0
PJMD,333,0.0
PJMD,334,0.0
PJMD,335,0.0
PJMD,336,0.0
PJMD,337,0.0
PJMD,338,0.0
PJMD,339,0.0
PJMD,340,0.0
PJMD,341,0.0
PJMD,342,0.0
PJMD,343,0.0
PJMD,344,0.0
PJMD,345,0.0
PJMD,346,0.0
PJMD,347,0.0
PJMD,348,0.0
PJMD,349,0.0
PJMD,350,0.0
PJMD,351,0.0
PJMD,352,0.0
PJMD,353,0.0
PJMD,354,0.0
PJMD,355,0.0
PJMD,356,0.0
PJMD,357,0.0
PJMD,358,0.0
PJMD,359,0.0
PJMD,360,0.0
PJMD,361,0.0
PJMD,362,0.0
PJMD,363,0.0
PJMD,364,0.0
PJMD,365,0.0
PJMD,366,0.0
PJMD,367,0.0
PJMD,368,0.0
PJMD,369,0.0
PJMD,370,0.0
PJMD,371,0.0
PJMD,372,0.0
PJMD,373,0.0
PJMD,374,0.0
PJMD,375,0.0
PJMD,376,0.0
PJMD,377,0.0
PJMD,378,0.0
PJMD,379,0.0
PJMD,380,0.0
PJMD,381,0.0
PJMD,382,0.0
PJMD,383,0.0
PJMD,384,0.0
PJMD,385,0.0
PJMD,386,0.0
PJMD,387,0.0
PJMD,388,0.0
PJMD,389,0.0
PJMD,390,0.0
PJMD,391,0.0
PJMD,392,0.0
PJMD,393,0.0
PJMD,394,0.0
PJMD,395,0.0
PJMD,396,0.0
PJMD,397,0.0
PJMD,398,0.0
PJMD,399,0.0
PJMD,400,0.0
PJMD,401,0.0
PJMD,402,0.0
PJMD,403,0.0
PJMD,404,0.0
PJMD,405,0.0
PJMD,406,0.0
PJMD,407,0.0
PJMD,408,0.0
PJMD,409,0.0
PJMD,410,0.0
PJMD,411,0.0
PJMD,412,0.0
PJMD,413,0.0
PJMD,414,0.0
PJMD,415,0.0
PJMD,416,0.0
PJMD,417,0.0
PJMD,418,0.0
PJMD,419,0.0
PJMD,420,0.0
PJMD,421,0.0
PJMD,422,0.0
PJMD,423,0.0
PJMD,424,0.0
PJMD,425,0.0
PJMD,426,0.0
PJMD,427,0.0
PJMD,428,0.0
PJMD,429,0.0
PJMD,430,0.0
PJMD,431,0.0
PJMD,432,0.0
PJMD,433,0.0
PJMD,434,0.0
PJMD,435,0.0
PJMD,436,0.0
PJMD,437,0.0
PJMD,438,0.0
PJMD,439,0.0
PJMD,440,0.0
PJMD,441,0.0
PJMD,442,0.0
PJMD,443,0.0
PJMD,444,0.0
PJMD,445,0.0
PJMD,446,0.0
PJMD,447,0.0
PJMD,448,0.0
PJMD,449,0.0
PJMD,450,0.0
PJMD,451,0.0
PJMD,452,0.0
PJMD,453,0.0
PJMD,454,0.0
PJMD,455,0.0
PJMD,456,0.0
PJMD,457,0.0
PJMD,458,0.0
PJMD,459,0.0
PJMD,460,0.0
PJMD,461,0.0
PJMD,462,0.0
PJMD,463,0.0
PJMD,464,0.0
PJMD,465,0.0
PJMD,466,0.0
PJMD,467,0.0
PJMD,468,0.0
PJMD,469,0.0
PJMD,470,0.0
PJMD,471,0.0
PJMD,472,0.0
PJMD,473,0.0
PJMD,474,0.0
PJMD,475,0.0
PJMD,476,0.0
PJMD,477,0.0
PJMD,478,0.0
PJMD,479,0.0
PJMD,480,0.0
PJMD,481,0.0
PJMD,482,0.0
PJMD,483,0.0
PJMD,484,0.0
PJMD,485,0.0
PJMD,486,0.0
PJMD,487,0.0
PJMD,488,0.0
PJMD,489,0.0
PJMD,490,0.0
PJMD,491,0.0
PJMD,492,0.0
PJMD,493,0.0
PJMD,494,0.0
PJMD,495,0.0
PJMD,496,0.0
PJMD,497,0.0
PJMD,498,0.0
PJMD,499,0.0
PJMD,500,0.0
PJMD,501,0.0
PJMD,502,0.0
PJMD,503,0.0
PJMD,504,0.0
PJMD,505,0.0
PJMD,506,0.0
PJMD,507,0.0
PJMD,508,0.0
PJMD,509,0.0
PJMD,510,0.0
PJMD,511,0.0
PJMD,512,0.0
PJMD,513,0.0
PJMD,514,0.0
PJMD,515,0.0
PJMD,516,0.0
PJMD,517,0.0
PJMD,518,0.0
PJMD,519,0.0
PJMD,520,0.0
PJMD,521,0.0
PJMD,522,0.0
PJMD,523,0.0
PJMD,524,0.0
PJMD,525,0.0
PJMD,526,0.0
PJMD,527,0.0
PJMD,528,0.0
PJMD,529,0.0
PJMD,530,0.0
PJMD,531,0.0
PJMD,532,0.0
PJMD,533,0.0
PJMD,534,0.0
PJMD,535,0.0
PJMD,536,0.0
PJMD,537,0.0
PJMD,538,0.0
PJMD,539,0.0
PJMD,540,0.0
PJMD,541,0.0
PJMD,542,0.0
PJMD,543,0.0
PJMD,544,0.0
PJMD,545,0.0
PJMD,546,0.0
PJMD,547,0.0
PJMD,548,0.0
PJMD,549,0.0
PJMD,550,0.0
PJMD,551,0.0
PJMD,552,0.0
PJMD,553,0.0
PJMD,554,0.0
PJMD,555,0.0
PJMD,556,0.0
PJMD,557,0.0
PJMD,558,0.0
PJMD,559,0.0
PJMD,560,0.0
PJMD,561,0.0
PJMD,562,0.0
PJMD,563,0.0
PJMD,564,0.0
PJMD,565,0.0
PJMD,566,0.0
PJMD,567,0.0
PJMD,568,0.0
PJMD,569,0.0
PJMD,570,0.0
PJMD,571,0.0
PJMD,572,0.0
PJMD,573,0.0
PJMD,574,0.0
PJMD,575,0.0
PJMD,576,0.0
PJME,1,0.0
PJME,2,0.0
PJME,3,0.0
PJME,4,0.0
PJME,5,0.0
PJME,6,0.0
PJME,7,0.0
PJME,8,0.0
PJME,9,0.0
PJME,10,0.0
PJME,11,0.0
PJME,12,0.0
PJME,13,0.0
PJME,14,0.0
PJME,15,0.0
PJME,16,0.0
PJME,17,0.0
PJME,18,0.0
PJME,19,0.0
PJME,20,0.0
PJME,21,0.0
PJME,22,0.0
PJME,23,0.0
PJME,24,0.0
PJME,25,0.0
PJME,26,0.0
PJME,27,0.0
PJME,28,0.0
PJME,29,0.0
PJME,30,0.0
PJME,31,0.0
PJME,32,0.0
PJME,33,0.0
PJME,34,0.0
PJME,35,0.0
PJME,36,0.0
PJME,37,0.0
PJME,38,0.0
PJME,39,0.0
PJME,40,0.0
PJME,41,0.0
PJME,42,0.0
PJME,43,0.0
PJME,44,0.0
PJME,45,0.0
PJME,46,0.0
PJME,47,0.0
PJME,48,0.0
PJME,49,0.0
PJME,50,0.0
PJME,51,0.0
PJME,52,0.0
PJME,53,0.0
PJME,54,0.0
PJME,55,0.0
PJME,56,0.0
PJME,57,0.0
PJME,58,0.0
PJME,59,0.0
PJME,60,0.0
PJME,61,0.0
PJME,62,0.0
PJME,63,0.0
PJME,64,0.0
PJME,65,0.0
PJME,66,0.0
PJME,67,0.0
PJME,68,0.0
PJME,69,0.0
PJME,70,0.0
PJME,71,0.0
PJME,72,0.0
PJME,73,0.0
PJME,74,0.0
PJME,75,0.0
PJME,76,0.0
PJME,77,0.0
PJME,78,0.0
PJME,79,0.0
PJME,80,0.0
PJME,81,0.0
PJME,82,0.0
PJME,83,0.0
PJME,84,0.0
PJME,85,0.0
PJME,86,0.0
PJME,87,0.0
PJME,88,0.0
PJME,89,0.0
PJME,90,0.0
PJME,91,0.0
PJME,92,0.0
PJME,93,0.0
PJME,94,0.0
PJME,95,0.0
PJME,96,0.0
PJME,97,0.0
PJME,98,0.0
PJME,99,0.0
PJME,100,0.0
PJME,101,0.0
PJME,102,0.0
PJME,103,0.0
PJME,104,0.0
PJME,105,0.0
PJME,106,0.0
PJME,107,0.0
PJME,108,0.0
PJME,109,0.0
PJME,110,0.0
PJME,111,0.0
PJME,112,0.0
PJME,113,0.0
PJME,114,0.0
PJME,115,0.0
PJME,116,0.0
PJME,117,0.0
PJME,118,0.0
PJME,119,0.0
PJME,120,0.0
PJME,121,0.0
PJME,122,0.0
PJME,123,0.0
PJME,124,0.0
PJME,125,0.0
PJME,126,0.0
PJME,127,0.0
PJME,128,0.0
PJME,129,0.0
PJME,130,0.0
PJME,131,0.0
PJME,132,0.0
PJME,133,0.0
PJME,134,0.0
PJME,135,0.0
PJME,136,0.0
PJME,137,0.0
PJME,138,0.0
PJME,139,0.0
PJME,140,0.0
PJME,141,0.0
PJME,142,0.0
PJME,143,0.0
PJME,144,0.0
PJME,145,0.0
PJME,146,0.0
PJME,147,0.0
PJME,148,0.0
PJME,149,0.0
PJME,150,0.0
PJME,151,0.0
PJME,152,0.0
PJME,153,0.0
PJME,154,0.0
PJME,155,0.0
PJME,156,0.0
PJME,157,0.0
PJME,158,0.0
PJME,159,0.0
PJME,160,0.0
PJME,161,0.0
PJME,162,0.0
PJME,163,0.0
PJME,164,0.0
PJME,165,0.0
PJME,166,0.0
PJME,167,0.0
PJME,168,0.0
PJME,169,0.0
PJME,170,0.0
PJME,171,0.0
PJME,172,0.0
PJME,173,0.0
PJME,174,0.0
PJME,175,0.0
PJME,176,0.0
PJME,177,0.0
PJME,178,0.0
PJME,179,0.0
PJME,180,0.0
PJME,181,0.0
PJME,182,0.0
PJME,183,0.0
PJME,184,0.0
PJME,185,0.0
PJME,186,0.0
PJME,187,0.0
PJME,188,0.0
PJME,189,0.0
PJME,190,0.0
PJME,191,0.0
PJME,192,0.0
PJME,193,0.0
PJME,194,0.0
PJME,195,0.0
PJME,196,0.0
PJME,197,0.0
PJME,198,0.0
PJME,199,0.0
PJME,200,0.0
PJME,201,0.0
PJME,202,0.0
PJME,203,0.0
PJME,204,0.0
PJME,205,0.0
PJME,206,0.0
PJME,207,0.0
PJME,208,0.0
PJME,209,0.0
PJME,210,0.0
PJME,211,0.0
PJME,212,0.0
PJME,213,0.0
PJME,214,0.0
PJME,215,0.0
PJME,216,0.0
PJME,217,0.0
PJME,218,0.0
PJME,219,0.0
PJME,220,0.0
PJME,221,0.0
PJME,222,0.0
PJME,223,0.0
PJME,224,0.0
PJME,225,0.0
PJME,226,0.0
PJME,227,0.0
PJME,228,0.0
PJME,229,0.0
PJME,230,0.0
PJME,231,0.0
PJME,232,0.0
PJME,233,0.0
PJME,234,0.0
PJME,235,0.0
PJME,236,0.0
PJME,237,0.0
PJME,238,0.0
PJME,239,0.0
PJME,240,0.0
PJME,241,0.0
PJME,242,0.0
PJME,243,0.0
PJME,244,0.0
PJME,245,0.0
PJME,246,0.0
PJME,247,0.0
PJME,248,0.0
PJME,249,0.0
PJME,250,0.0
PJME,251,0.0
PJME,252,0.0
PJME,253,0.0
PJME,254,0.0
PJME,255,0.0
PJME,256,0.0
PJME,257,0.0
PJME,258,0.0
PJME,259,0.0
PJME,260,0.0
PJME,261,0.0
PJME,262,0.0
PJME,263,0.0
PJME,264,0.0
PJME,265,0.0
PJME,266,0.0
PJME,267,0.0
PJME,268,0.0
PJME,269,0.0
PJME,270,0.0
PJME,271,0.0
PJME,272,0.0
PJME,273,0.0
PJME,274,0.0
PJME,275,0.0
PJME,276,0.0
PJME,277,0.0
PJME,278,0.0
PJME,279,0.0
PJME,280,0.0
PJME,281,0.0
PJME,282,0.0
PJME,283,0.0
PJME,284,0.0
PJME,285,0.0
PJME,286,0.0
PJME,287,0.0
PJME,288,0.0
PJME,289,0.0
PJME,290,0.0
PJME,291,0.0
PJME,292,0.0
PJME,293,0.0
PJME,294,0.0
PJME,295,0.0
PJME,296,0.0
PJME,297,0.0
PJME,298,0.0
PJME,299,0.0
PJME,300,0.0
PJME,301,0.0
PJME,302,0.0
PJME,303,0.0
PJME,304,0.0
PJME,305,0.0
PJME,306,0.0
PJME,307,0.0
PJME,308,0.0
PJME,309,0.0
PJME,310,0.0
PJME,311,0.0
PJME,312,0.0
PJME,313,0.0
PJME,314,0.0
PJME,315,0.0
PJME,316,0.0
PJME,317,0.0
PJME,318,0.0
PJME,319,0.0
PJME,320,0.0
PJME,321,0.0
PJME,322,0.0
PJME,323,0.0
PJME,324,0.0
PJME,325,0.0
PJME,326,0.0
PJME,327,0.0
PJME,328,0.0
PJME,329,0.0
PJME,330,0.0
PJME,331,0.0
PJME,332,0.0
PJME,333,0.0
PJME,334,0.0
PJME,335,0.0
PJME,336,0.0
PJME,337,0.0
PJME,338,0.0
PJME,339,0.0
PJME,340,0.0
PJME,341,0.0
PJME,342,0.0
PJME,343,0.0
PJME,344,0.0
PJME,345,0.0
PJME,346,0.0
PJME,347,0.0
PJME,348,0.0
PJME,349,0.0
PJME,350,0.0
PJME,351,0.0
PJME,352,0.0
PJME,353,0.0
PJME,354,0.0
PJME,355,0.0
PJME,356,0.0
PJME,357,0.0
PJME,358,0.0
PJME,359,0.0
PJME,360,0.0
PJME,361,0.0
PJME,362,0.0
PJME,363,0.0
PJME,364,0.0
PJME,365,0.0
PJME,366,0.0
PJME,367,0.0
PJME,368,0.0
PJME,369,0.0
PJME,370,0.0
PJME,371,0.0
PJME,372,0.0
PJME,373,0.0
PJME,374,0.0
PJME,375,0.0
PJME,376,0.0
PJME,377,0.0
PJME,378,0.0
PJME,379,0.0
PJME,380,0.0
PJME,381,0.0
PJME,382,0.0
PJME,383,0.0
PJME,384,0.0
PJME,385,0.0
PJME,386,0.0
PJME,387,0.0
PJME,388,0.0
PJME,389,0.0
PJME,390,0.0
PJME,391,0.0
PJME,392,0.0
PJME,393,0.0
PJME,394,0.0
PJME,395,0.0
PJME,396,0.0
PJME,397,0.0
PJME,398,0.0
PJME,399,0.0
PJME,400,0.0
PJME,401,0.0
PJME,402,0.0
PJME,403,0.0
PJME,404,0.0
PJME,405,0.0
PJME,406,0.0
PJME,407,0.0
PJME,408,0.0
PJME,409,0.0
PJME,410,0.0
PJME,411,0.0
PJME,412,0.0
PJME,413,0.0
PJME,414,0.0
PJME,415,0.0
PJME,416,0.0
PJME,417,0.0
PJME,418,0.0
PJME,419,0.0
PJME,420,0.0
PJME,421,0.0
PJME,422,0.0
PJME,423,0.0
PJME,424,0.0
PJME,425,0.0
PJME,426,0.0
PJME,427,0.0
PJME,428,0.0
PJME,429,0.0
PJME,430,0.0
PJME,431,0.0
PJME,432,0.0
PJME,433,0.0
PJME,434,0.0
PJME,435,0.0
PJME,436,0.0
PJME,437,0.0
PJME,438,0.0
PJME,439,0.0
PJME,440,0.0
PJME,441,0.0
PJME,442,0.0
PJME,443,0.0
PJME,444,0.0
PJME,445,0.0
PJME,446,0.0
PJME,447,0.0
PJME,448,0.0
PJME,449,0.0
PJME,450,0.0
PJME,451,0.0
PJME,452,0.0
PJME,453,0.0
PJME,454,0.0
PJME,455,0.0
PJME,456,0.0
PJME,457,0.0
PJME,458,0.0
PJME,459,0.0
PJME,460,0.0
PJME,461,0.0
PJME,462,0.0
PJME,463,0.0
PJME,464,0.0
PJME,465,0.0
PJME,466,0.0
PJME,467,0.0
PJME,468,0.0
PJME,469,0.0
PJME,470,0.0
PJME,471,0.0
PJME,472,0.0
PJME,473,0.0
PJME,474,0.0
PJME,475,0.0
PJME,476,0.0
PJME,477,0.0
PJME,478,0.0
PJME,479,0.0
PJME,480,0.0
PJME,481,0.0
PJME,482,0.0
PJME,483,0.0
PJME,484,0.0
PJME,485,0.0
PJME,486,0.0
PJME,487,0.0
PJME,488,0.0
PJME,489,0.0
PJME,490,0.0
PJME,491,0.0
PJME,492,0.0
PJME,493,0.0
PJME,494,0.0
PJME,495,0.0
PJME,496,0.0
PJME,497,0.0
PJME,498,0.0
PJME,499,0.0
PJME,500,0.0
PJME,501,0.0
PJME,502,0.0
PJME,503,0.0
PJME,504,0.0
PJME,505,0.0
PJME,506,0.0
PJME,507,0.0
PJME,508,0.0
PJME,509,0.0
PJME,510,0.0
PJME,511,0.0
PJME,512,0.0
PJME,513,0.0
PJME,514,0.0
PJME,515,0.0
PJME,516,0.0
PJME,517,0.0
PJME,518,0.0
PJME,519,0.0
PJME,520,0.0
PJME,521,0.0
PJME,522,0.0
PJME,523,0.0
PJME,524,0.0
PJME,525,0.0
PJME,526,0.0
PJME,527,0.0
PJME,528,0.0
PJME,529,0.0
PJME,530,0.0
PJME,531,0.0
PJME,532,0.0
PJME,533,0.0
PJME,534,0.0
PJME,535,0.0
PJME,536,0.0
PJME,537,0.0
PJME,538,0.0
PJME,539,0.0
PJME,540,0.0
PJME,541,0.0
PJME,542,0.0
PJME,543,0.0
PJME,544,0.0
PJME,545,0.0
PJME,546,0.0
PJME,547,0.0
PJME,548,0.0
PJME,549,0.0
PJME,550,0.0
PJME,551,0.0
PJME,552,0.0
PJME,553,0.0
PJME,554,0.0
PJME,555,0.0
PJME,556,0.0
PJME,557,0.0
PJME,558,0.0
PJME,559,0.0
PJME,560,0.0
PJME,561,0.0
PJME,562,0.0
PJME,563,0.0
PJME,564,0.0
PJME,565,0.0
PJME,566,0.0
PJME,567,0.0
PJME,568,0.0
PJME,569,0.0
PJME,570,0.0
PJME,571,0.0
PJME,572,0.0
PJME,573,0.0
PJME,574,0.0
PJME,575,0.0
PJME,576,0.0
PJMW,1,0.0
PJMW,2,0.0
PJMW,3,0.0
PJMW,4,0.0
PJMW,5,0.0
PJMW,6,0.0
PJMW,7,0.0
PJMW,8,0.0
PJMW,9,0.0
PJMW,10,0.0
PJMW,11,0.0
PJMW,12,0.0
PJMW,13,0.0
PJMW,14,0.0
PJMW,15,0.0
PJMW,16,0.0
PJMW,17,0.0
PJMW,18,0.0
PJMW,19,0.0
PJMW,20,0.0
PJMW,21,0.0
PJMW,22,0.0
PJMW,23,0.0
PJMW,24,0.0
PJMW,25,0.0
PJMW,26,0.0
PJMW,27,0.0
PJMW,28,0.0
PJMW,29,0.0
PJMW,30,0.0
PJMW,31,0.0
PJMW,32,0.0
PJMW,33,0.0
PJMW,34,0.0
PJMW,35,0.0
PJMW,36,0.0
PJMW,37,0.0
PJMW,38,0.0
PJMW,39,0.0
PJMW,40,0.0
PJMW,41,0.0
PJMW,42,0.0
PJMW,43,0.0
PJMW,44,0.0
PJMW,45,0.0
PJMW,46,0.0
PJMW,47,0.0
PJMW,48,0.0
PJMW,49,0.0
PJMW,50,0.0
PJMW,51,0.0
PJMW,52,0.0
PJMW,53,0.0
PJMW,54,0.0
PJMW,55,0.0
PJMW,56,0.0
PJMW,57,0.0
PJMW,58,0.0
PJMW,59,0.0
PJMW,60,0.0
PJMW,61,0.0
PJMW,62,0.0
PJMW,63,0.0
PJMW,64,0.0
PJMW,65,0.0
PJMW,66,0.0
PJMW,67,0.0
PJMW,68,0.0
PJMW,69,0.0
PJMW,70,0.0
PJMW,71,0.0
PJMW,72,0.0
PJMW,73,0.0
PJMW,74,0.0
PJMW,75,0.0
PJMW,76,0.0
PJMW,77,0.0
PJMW,78,0.0
PJMW,79,0.0
PJMW,80,0.0
PJMW,81,0.0
PJMW,82,0.0
PJMW,83,0.0
PJMW,84,0.0
PJMW,85,0.0
PJMW,86,0.0
PJMW,87,0.0
PJMW,88,0.0
PJMW,89,0.0
PJMW,90,0.0
PJMW,91,0.0
PJMW,92,0.0
PJMW,93,0.0
PJMW,94,0.0
PJMW,95,0.0
PJMW,96,0.0
PJMW,97,0.0
PJMW,98,0.0
PJMW,99,0.0
PJMW,100,0.0
PJMW,101,0.0
PJMW,102,0.0
PJMW,103,0.0
PJMW,104,0.0
PJMW,105,0.0
PJMW,106,0.0
PJMW,107,0.0
PJMW,108,0.0
PJMW,109,0.0
PJMW,110,0.0
PJMW,111,0.0
PJMW,112,0.0
PJMW,113,0.0
PJMW,114,0.0
PJMW,115,0.0
PJMW,116,0.0
PJMW,117,0.0
PJMW,118,0.0
PJMW,119,0.0
PJMW,120,0.0
PJMW,121,0.0
PJMW,122,0.0
PJMW,123,0.0
PJMW,124,0.0
PJMW,125,0.0
PJMW,126,0.0
PJMW,127,0.0
PJMW,128,0.0
PJMW,129,0.0
PJMW,130,0.0
PJMW,131,0.0
PJMW,132,0.0
PJMW,133,0.0
PJMW,134,0.0
PJMW,135,0.0
PJMW,136,0.0
PJMW,137,0.0
PJMW,138,0.0
PJMW,139,0.0
PJMW,140,0.0
PJMW,141,0.0
PJMW,142,0.0
PJMW,143,0.0
PJMW,144,0.0
PJMW,145,0.0
PJMW,146,0.0
PJMW,147,0.0
PJMW,148,0.0
PJMW,149,0.0
PJMW,150,0.0
PJMW,151,0.0
PJMW,152,0.0
PJMW,153,0.0
PJMW,154,0.0
PJMW,155,0.0
PJMW,156,0.0
PJMW,157,0.0
PJMW,158,0.0
PJMW,159,0.0
PJMW,160,0.0
PJMW,161,0.0
PJMW,162,0.0
PJMW,163,0.0
PJMW,164,0.0
PJMW,165,0.0
PJMW,166,0.0
PJMW,167,0.0
PJMW,168,0.0
PJMW,169,0.0
PJMW,170,0.0
PJMW,171,0.0
PJMW,172,0.0
PJMW,173,0.0
PJMW,174,0.0
PJMW,175,0.0
PJMW,176,0.0
PJMW,177,0.0
PJMW,178,0.0
PJMW,179,0.0
PJMW,180,0.0
PJMW,181,0.0
PJMW,182,0.0
PJMW,183,0.0
PJMW,184,0.0
PJMW,185,0.0
PJMW,186,0.0
PJMW,187,0.0
PJMW,188,0.0
PJMW,189,0.0
PJMW,190,0.0
PJMW,191,0.0
PJMW,192,0.0
PJMW,193,0.0
PJMW,194,0.0
PJMW,195,0.0
PJMW,196,0.0
PJMW,197,0.0
PJMW,198,0.0
PJMW,199,0.0
PJMW,200,0.0
PJMW,201,0.0
PJMW,202,0.0
PJMW,203,0.0
PJMW,204,0.0
PJMW,205,0.0
PJMW,206,0.0
PJMW,207,0.0
PJMW,208,0.0
PJMW,209,0.0
PJMW,210,0.0
PJMW,211,0.0
PJMW,212,0.0
PJMW,213,0.0
PJMW,214,0.0
PJMW,215,0.0
PJMW,216,0.0
PJMW,217,0.0
PJMW,218,0.0
PJMW,219,0.0
PJMW,220,0.0
PJMW,221,0.0
PJMW,222,0.0
PJMW,223,0.0
PJMW,224,0.0
PJMW,225,0.0
PJMW,226,0.0
PJMW,227,0.0
PJMW,228,0.0
PJMW,229,0.0
PJMW,230,0.0
PJMW,231,0.0
PJMW,232,0.0
PJMW,233,0.0
PJMW,234,0.0
PJMW,235,0.0
PJMW,236,0.0
PJMW,237,0.0
PJMW,238,0.0
PJMW,239,0.0
PJMW,240,0.0
PJMW,241,0.0
PJMW,242,0.0
PJMW,243,0.0
PJMW,244,0.0
PJMW,245,0.0
PJMW,246,0.0
PJMW,247,0.0
PJMW,248,0.0
PJMW,249,0.0
PJMW,250,0.0
PJMW,251,0.0
PJMW,252,0.0
PJMW,253,0.0
PJMW,254,0.0
PJMW,255,0.0
PJMW,256,0.0
PJMW,257,0.0
PJMW,258,0.0
PJMW,259,0.0
PJMW,260,0.0
PJMW,261,0.0
PJMW,262,0.0
PJMW,263,0.0
PJMW,264,0.0
PJMW,265,0.0
PJMW,266,0.0
PJMW,267,0.0
PJMW,268,0.0
PJMW,269,0.0
PJMW,270,0.0
PJMW,271,0.0
PJMW,272,0.0
PJMW,273,0.0
PJMW,274,0.0
PJMW,275,0.0
PJMW,276,0.0
PJMW,277,0.0
PJMW,278,0.0
PJMW,279,0.0
PJMW,280,0.0
PJMW,281,0.0
PJMW,282,0.0
PJMW,283,0.0
PJMW,284,0.0
PJMW,285,0.0
PJMW,286,0.0
PJMW,287,0.0
PJMW,288,0.0
PJMW,289,0.0
PJMW,290,0.0
PJMW,291,0.0
PJMW,292,0.0
PJMW,293,0.0
PJMW,294,0.0
PJMW,295,0.0
PJMW,296,0.0
PJMW,297,0.0
PJMW,298,0.0
PJMW,299,0.0
PJMW,300,0.0
PJMW,301,0.0
PJMW,302,0.0
PJMW,303,0.0
PJMW,304,0.0
PJMW,305,0.0
PJMW,306,0.0
PJMW,307,0.0
PJMW,308,0.0
PJMW,309,0.0
PJMW,310,0.0
PJMW,311,0.0
PJMW,312,0.0
PJMW,313,0.0
PJMW,314,0.0
PJMW,315,0.0
PJMW,316,0.0
PJMW,317,0.0
PJMW,318,0.0
PJMW,319,0.0
PJMW,320,0.0
PJMW,321,0.0
PJMW,322,0.0
PJMW,323,0.0
PJMW,324,0.0
PJMW,325,0.0
PJMW,326,0.0
PJMW,327,0.0
PJMW,328,0.0
PJMW,329,0.0
PJMW,330,0.0
PJMW,331,0.0
PJMW,332,0.0
PJMW,333,0.0
PJMW,334,0.0
PJMW,335,0.0
PJMW,336,0.0
PJMW,337,0.0
PJMW,338,0.0
PJMW,339,0.0
PJMW,340,0.0
PJMW,341,0.0
PJMW,342,0.0
PJMW,343,0.0
PJMW,344,0.0
PJMW,345,0.0
PJMW,346,0.0
PJMW,347,0.0
PJMW,348,0.0
PJMW,349,0.0
PJMW,350,0.0
PJMW,351,0.0
PJMW,352,0.0
PJMW,353,0.0
PJMW,354,0.0
PJMW,355,0.0
PJMW,356,0.0
PJMW,357,0.0
PJMW,358,0.0
PJMW,359,0.0
PJMW,360,0.0
PJMW,361,0.0
PJMW,362,0.0
PJMW,363,0.0
PJMW,364,0.0
PJMW,365,0.0
PJMW,366,0.0
PJMW,367,0.0
PJMW,368,0.0
PJMW,369,0.0
PJMW,370,0.0
PJMW,371,0.0
PJMW,372,0.0
PJMW,373,0.0
PJMW,374,0.0
PJMW,375,0.0
PJMW,376,0.0
PJMW,377,0.0
PJMW,378,0.0
PJMW,379,0.0
PJMW,380,0.0
PJMW,381,0.0
PJMW,382,0.0
PJMW,383,0.0
PJMW,384,0.0
PJMW,385,0.0
PJMW,386,0.0
PJMW,387,0.0
PJMW,388,0.0
PJMW,389,0.0
PJMW,390,0.0
PJMW,391,0.0
PJMW,392,0.0
PJMW,393,0.0
PJMW,394,0.0
PJMW,395,0.0
PJMW,396,0.0
PJMW,397,0.0
PJMW,398,0.0
PJMW,399,0.0
PJMW,400,0.0
PJMW,401,0.0
PJMW,402,0.0
PJMW,403,0.0
PJMW,404,0.0
PJMW,405,0.0
PJMW,406,0.0
PJMW,407,0.0
PJMW,408,0.0
PJMW,409,0.0
PJMW,410,0.0
PJMW,411,0.0
PJMW,412,0.0
PJMW,413,0.0
PJMW,414,0.0
PJMW,415,0.0
PJMW,416,0.0
PJMW,417,0.0
PJMW,418,0.0
PJMW,419,0.0
PJMW,420,0.0
PJMW,421,0.0
PJMW,422,0.0
PJMW,423,0.0
PJMW,424,0.0
PJMW,425,0.0
PJMW,426,0.0
PJMW,427,0.0
PJMW,428,0.0
PJMW,429,0.0
PJMW,430,0.0
PJMW,431,0.0
PJMW,432,0.0
PJMW,433,0.0
PJMW,434,0.0
PJMW,435,0.0
PJMW,436,0.0
PJMW,437,0.0
PJMW,438,0.0
PJMW,439,0.0
PJMW,440,0.0
PJMW,441,0.0
PJMW,442,0.0
PJMW,443,0.0
PJMW,444,0.0
PJMW,445,0.0
PJMW,446,0.0
PJMW,447,0.0
PJMW,448,0.0
PJMW,449,0.0
PJMW,450,0.0
PJMW,451,0.0
PJMW,452,0.0
PJMW,453,0.0
PJMW,454,0.0
PJMW,455,0.0
PJMW,456,0.0
PJMW,457,0.0
PJMW,458,0.0
PJMW,459,0.0
PJMW,460,0.0
PJMW,461,0.0
PJMW,462,0.0
PJMW,463,0.0
PJMW,464,0.0
PJMW,465,0.0
PJMW,466,0.0
PJMW,467,0.0
PJMW,468,0.0
PJMW,469,0.0
PJMW,470,0.0
PJMW,471,0.0
PJMW,472,0.0
PJMW,473,0.0
PJMW,474,0.0
PJMW,475,0.0
PJMW,476,0.0
PJMW,477,0.0
PJMW,478,0.0
PJMW,479,0.0
PJMW,480,0.0
PJMW,481,0.0
PJMW,482,0.0
PJMW,483,0.0
PJMW,484,0.0
PJMW,485,0.0
PJMW,486,0.0
PJMW,487,0.0
PJMW,488,0.0
PJMW,489,0.0
PJMW,490,0.0
PJMW,491,0.0
PJMW,492,0.0
PJMW,493,0.0
PJMW,494,0.0
PJMW,495,0.0
PJMW,496,0.0
PJMW,497,0.0
PJMW,498,0.0
PJMW,499,0.0
PJMW,500,0.0
PJMW,501,0.0
PJMW,502,0.0
PJMW,503,0.0
PJMW,504,0.0
PJMW,505,0.0
PJMW,506,0.0
PJMW,507,0.0
PJMW,508,0.0
PJMW,509,0.0
PJMW,510,0.0
PJMW,511,0.0
PJMW,512,0.0
PJMW,513,0.0
PJMW,514,0.0
PJMW,515,0.0
PJMW,516,0.0
PJMW,517,0.0
PJMW,518,0.0
PJMW,519,0.0
PJMW,520,0.0
PJMW,521,0.0
PJMW,522,0.0
PJMW,523,0.0
PJMW,524,0.0
PJMW,525,0.0
PJMW,526,0.0
PJMW,527,0.0
PJMW,528,0.0
PJMW,529,0.0
PJMW,530,0.0
PJMW,531,0.0
PJMW,532,0.0
PJMW,533,0.0
PJMW,534,0.0
PJMW,535,0.0
PJMW,536,0.0
PJMW,537,0.0
PJMW,538,0.0
PJMW,539,0.0
PJMW,540,0.0
PJMW,541,0.0
PJMW,542,0.0
PJMW,543,0.0
PJMW,544,0.0
PJMW,545,0.0
PJMW,546,0.0
PJMW,547,0.0
PJMW,548,0.0
PJMW,549,0.0
PJMW,550,0.0
PJMW,551,0.0
PJMW,552,0.0
PJMW,553,0.0
PJMW,554,0.0
PJMW,555,0.0
PJMW,556,0.0
PJMW,557,0.0
PJMW,558,0.0
PJMW,559,0.0
PJMW,560,0.0
PJMW,561,0.0
PJMW,562,0.0
PJMW,563,0.0
PJMW,564,0.0
PJMW,565,0.0
PJMW,566,0.0
PJMW,567,0.0
PJMW,568,0.0
PJMW,569,0.0
PJMW,570,0.0
PJMW,571,0.0
PJMW,572,0.0
PJMW,573,0.0
PJMW,574,0.0
PJMW,575,0.0
PJMW,576,0.0
RMRG,1,0.0
RMRG,2,0.0
RMRG,3,0.0
RMRG,4,0.0
RMRG,5,0.0
RMRG,6,0.0
RMRG,7,0.0
RMRG,8,0.0
RMRG,9,0.0
RMRG,10,0.0
RMRG,11,0.0
RMRG,12,0.0
RMRG,13,0.0
RMRG,14,0.0
RMRG,15,0.0
RMRG,16,0.0
RMRG,17,0.0
RMRG,18,0.0
RMRG,19,0.0
RMRG,20,0.0
RMRG,21,0.0
RMRG,22,0.0
RMRG,23,0.0
RMRG,24,0.0
RMRG,25,0.0
RMRG,26,0.0
RMRG,27,0.0
RMRG,28,0.0
RMRG,29,0.0
RMRG,30,0.0
RMRG,31,0.0
RMRG,32,0.0
RMRG,33,0.0
RMRG,34,0.0
RMRG,35,0.0
RMRG,36,0.0
RMRG,37,0.0
RMRG,38,0.0
RMRG,39,0.0
RMRG,40,0.0
RMRG,41,0.0
RMRG,42,0.0
RMRG,43,0.0
RMRG,44,0.0
RMRG,45,0.0
RMRG,46,0.0
RMRG,47,0.0
RMRG,48,0.0
RMRG,49,0.0
RMRG,50,0.0
RMRG,51,0.0
RMRG,52,0.0
RMRG,53,0.0
RMRG,54,0.0
RMRG,55,0.0
RMRG,56,0.0
RMRG,57,0.0
RMRG,58,0.0
RMRG,59,0.0
RMRG,60,0.0
RMRG,61,0.0
RMRG,62,0.0
RMRG,63,0.0
RMRG,64,0.0
RMRG,65,0.0
RMRG,66,0.0
RMRG,67,0.0
RMRG,68,0.0
RMRG,69,0.0
RMRG,70,0.0
RMRG,71,0.0
RMRG,72,0.0
RMRG,73,0.0
RMRG,74,0.0
RMRG,75,0.0
RMRG,76,0.0
RMRG,77,0.0
RMRG,78,0.0
RMRG,79,0.0
RMRG,80,0.0
RMRG,81,0.0
RMRG,82,0.0
RMRG,83,0.0
RMRG,84,0.0
RMRG,85,0.0
RMRG,86,0.0
RMRG,87,0.0
RMRG,88,0.0
RMRG,89,0.0
RMRG,90,0.0
RMRG,91,0.0
RMRG,92,0.0
RMRG,93,0.0
RMRG,94,0.0
RMRG,95,0.0
RMRG,96,0.0
RMRG,97,0.0
RMRG,98,0.0
RMRG,99,0.0
RMRG,100,0.0
RMRG,101,0.0
RMRG,102,0.0
RMRG,103,0.0
RMRG,104,0.0
RMRG,105,0.0
RMRG,106,0.0
RMRG,107,0.0
RMRG,108,0.0
RMRG,109,0.0
RMRG,110,0.0
RMRG,111,0.0
RMRG,112,0.0
RMRG,113,0.0
RMRG,114,0.0
RMRG,115,0.0
RMRG,116,0.0
RMRG,117,0.0
RMRG,118,0.0
RMRG,119,0.0
RMRG,120,0.0
RMRG,121,0.0
RMRG,122,0.0
RMRG,123,0.0
RMRG,124,0.0
RMRG,125,0.0
RMRG,126,0.0
RMRG,127,0.0
RMRG,128,0.0
RMRG,129,0.0
RMRG,130,0.0
RMRG,131,0.0
RMRG,132,0.0
RMRG,133,0.0
RMRG,134,0.0
RMRG,135,0.0
RMRG,136,0.0
RMRG,137,0.0
RMRG,138,0.0
RMRG,139,0.0
RMRG,140,0.0
RMRG,141,0.0
RMRG,142,0.0
RMRG,143,0.0
RMRG,144,0.0
RMRG,145,0.0
RMRG,146,0.0
RMRG,147,0.0
RMRG,148,0.0
RMRG,149,0.0
RMRG,150,0.0
RMRG,151,0.0
RMRG,152,0.0
RMRG,153,0.0
RMRG,154,0.0
RMRG,155,0.0
RMRG,156,0.0
RMRG,157,0.0
RMRG,158,0.0
RMRG,159,0.0
RMRG,160,0.0
RMRG,161,0.0
RMRG,162,0.0
RMRG,163,0.0
RMRG,164,0.0
RMRG,165,0.0
RMRG,166,0.0
RMRG,167,0.0
RMRG,168,0.0
RMRG,169,0.0
RMRG,170,0.0
RMRG,171,0.0
RMRG,172,0.0
RMRG,173,0.0
RMRG,174,0.0
RMRG,175,0.0
RMRG,176,0.0
RMRG,177,0.0
RMRG,178,0.0
RMRG,179,0.0
RMRG,180,0.0
RMRG,181,0.0
RMRG,182,0.0
RMRG,183,0.0
RMRG,184,0.0
RMRG,185,0.0
RMRG,186,0.0
RMRG,187,0.0
RMRG,188,0.0
RMRG,189,0.0
RMRG,190,0.0
RMRG,191,0.0
RMRG,192,0.0
RMRG,193,0.0
RMRG,194,0.0
RMRG,195,0.0
RMRG,196,0.0
RMRG,197,0.0
RMRG,198,0.0
RMRG,199,0.0
RMRG,200,0.0
RMRG,201,0.0
RMRG,202,0.0
RMRG,203,0.0
RMRG,204,0.0
RMRG,205,0.0
RMRG,206,0.0
RMRG,207,0.0
RMRG,208,0.0
RMRG,209,0.0
RMRG,210,0.0
RMRG,211,0.0
RMRG,212,0.0
RMRG,213,0.0
RMRG,214,0.0
RMRG,215,0.0
RMRG,216,0.0
RMRG,217,0.0
RMRG,218,0.0
RMRG,219,0.0
RMRG,220,0.0
RMRG,221,0.0
RMRG,222,0.0
RMRG,223,0.0
RMRG,224,0.0
RMRG,225,0.0
RMRG,226,0.0
RMRG,227,0.0
RMRG,228,0.0
RMRG,229,0.0
RMRG,230,0.0
RMRG,231,0.0
RMRG,232,0.0
RMRG,233,0.0
RMRG,234,0.0
RMRG,235,0.0
RMRG,236,0.0
RMRG,237,0.0
RMRG,238,0.0
RMRG,239,0.0
RMRG,240,0.0
RMRG,241,0.0
RMRG,242,0.0
RMRG,243,0.0
RMRG,244,0.0
RMRG,245,0.0
RMRG,246,0.0
RMRG,247,0.0
RMRG,248,0.0
RMRG,249,0.0
RMRG,250,0.0
RMRG,251,0.0
RMRG,252,0.0
RMRG,253,0.0
RMRG,254,0.0
RMRG,255,0.0
RMRG,256,0.0
RMRG,257,0.0
RMRG,258,0.0
RMRG,259,0.0
RMRG,260,0.0
RMRG,261,0.0
RMRG,262,0.0
RMRG,263,0.0
RMRG,264,0.0
RMRG,265,0.0
RMRG,266,0.0
RMRG,267,0.0
RMRG,268,0.0
RMRG,269,0.0
RMRG,270,0.0
RMRG,271,0.0
RMRG,272,0.0
RMRG,273,0.0
RMRG,274,0.0
RMRG,275,0.0
RMRG,276,0.0
RMRG,277,0.0
RMRG,278,0.0
RMRG,279,0.0
RMRG,280,0.0
RMRG,281,0.0
RMRG,282,0.0
RMRG,283,0.0
RMRG,284,0.0
RMRG,285,0.0
RMRG,286,0.0
RMRG,287,0.0
RMRG,288,0.0
RMRG,289,0.0
RMRG,290,0.0
RMRG,291,0.0
RMRG,292,0.0
RMRG,293,0.0
RMRG,294,0.0
RMRG,295,0.0
RMRG,296,0.0
RMRG,297,0.0
RMRG,298,0.0
RMRG,299,0.0
RMRG,300,0.0
RMRG,301,0.0
RMRG,302,0.0
RMRG,303,0.0
RMRG,304,0.0
RMRG,305,0.0
RMRG,306,0.0
RMRG,307,0.0
RMRG,308,0.0
RMRG,309,0.0
RMRG,310,0.0
RMRG,311,0.0
RMRG,312,0.0
RMRG,313,0.0
RMRG,314,0.0
RMRG,315,0.0
RMRG,316,0.0
RMRG,317,0.0
RMRG,318,0.0
RMRG,319,0.0
RMRG,320,0.0
RMRG,321,0.0
RMRG,322,0.0
RMRG,323,0.0
RMRG,324,0.0
RMRG,325,0.0
RMRG,326,0.0
RMRG,327,0.0
RMRG,328,0.0
RMRG,329,0.0
RMRG,330,0.0
RMRG,331,0.0
RMRG,332,0.0
RMRG,333,0.0
RMRG,334,0.0
RMRG,335,0.0
RMRG,336,0.0
RMRG,337,0.0
RMRG,338,0.0
RMRG,339,0.0
RMRG,340,0.0
RMRG,341,0.0
RMRG,342,0.0
RMRG,343,0.0
RMRG,344,0.0
RMRG,345,0.0
RMRG,346,0.0
RMRG,347,0.0
RMRG,348,0.0
RMRG,349,0.0
RMRG,350,0.0
RMRG,351,0.0
RMRG,352,0.0
RMRG,353,0.0
RMRG,354,0.0
RMRG,355,0.0
RMRG,356,0.0
RMRG,357,0.0
RMRG,358,0.0
RMRG,359,0.0
RMRG,360,0.0
RMRG,361,0.0
RMRG,362,0.0
RMRG,363,0.0
RMRG,364,0.0
RMRG,365,0.0
RMRG,366,0.0
RMRG,367,0.0
RMRG,368,0.0
RMRG,369,0.0
RMRG,370,0.0
RMRG,371,0.0
RMRG,372,0.0
RMRG,373,0.0
RMRG,374,0.0
RMRG,375,0.0
RMRG,376,0.0
RMRG,377,0.0
RMRG,378,0.0
RMRG,379,0.0
RMRG,380,0.0
RMRG,381,0.0
RMRG,382,0.0
RMRG,383,0.0
RMRG,384,0.0
RMRG,385,0.0
RMRG,386,0.0
RMRG,387,0.0
RMRG,388,0.0
RMRG,389,0.0
RMRG,390,0.0
RMRG,391,0.0
RMRG,392,0.0
RMRG,393,0.0
RMRG,394,0.0
RMRG,395,0.0
RMRG,396,0.0
RMRG,397,0.0
RMRG,398,0.0
RMRG,399,0.0
RMRG,400,0.0
RMRG,401,0.0
RMRG,402,0.0
RMRG,403,0.0
RMRG,404,0.0
RMRG,405,0.0
RMRG,406,0.0
RMRG,407,0.0
RMRG,408,0.0
RMRG,409,0.0
RMRG,410,0.0
RMRG,411,0.0
RMRG,412,0.0
RMRG,413,0.0
RMRG,414,0.0
RMRG,415,0.0
RMRG,416,0.0
RMRG,417,0.0
RMRG,418,0.0
RMRG,419,0.0
RMRG,420,0.0
RMRG,421,0.0
RMRG,422,0.0
RMRG,423,0.0
RMRG,424,0.0
RMRG,425,0.0
RMRG,426,0.0
RMRG,427,0.0
RMRG,428,0.0
RMRG,429,0.0
RMRG,430,0.0
RMRG,431,0.0
RMRG,432,0.0
RMRG,433,0.0
RMRG,434,0.0
RMRG,435,0.0
RMRG,436,0.0
RMRG,437,0.0
RMRG,438,0.0
RMRG,439,0.0
RMRG,440,0.0
RMRG,441,0.0
RMRG,442,0.0
RMRG,443,0.0
RMRG,444,0.0
RMRG,445,0.0
RMRG,446,0.0
RMRG,447,0.0
RMRG,448,0.0
RMRG,449,0.0
RMRG,450,0.0
RMRG,451,0.0
RMRG,452,0.0
RMRG,453,0.0
RMRG,454,0.0
RMRG,455,0.0
RMRG,456,0.0
RMRG,457,0.0
RMRG,458,0.0
RMRG,459,0.0
RMRG,460,0.0
RMRG,461,0.0
RMRG,462,0.0
RMRG,463,0.0
RMRG,464,0.0
RMRG,465,0.0
RMRG,466,0.0
RMRG,467,0.0
RMRG,468,0.0
RMRG,469,0.0
RMRG,470,0.0
RMRG,471,0.0
RMRG,472,0.0
RMRG,473,0.0
RMRG,474,0.0
RMRG,475,0.0
RMRG,476,0.0
RMRG,477,0.0
RMRG,478,0.0
RMRG,479,0.0
RMRG,480,0.0
RMRG,481,0.0
RMRG,482,0.0
RMRG,483,0.0
RMRG,484,0.0
RMRG,485,0.0
RMRG,486,0.0
RMRG,487,0.0
RMRG,488,0.0
RMRG,489,0.0
RMRG,490,0.0
RMRG,491,0.0
RMRG,492,0.0
RMRG,493,0.0
RMRG,494,0.0
RMRG,495,0.0
RMRG,496,0.0
RMRG,497,0.0
RMRG,498,0.0
RMRG,499,0.0
RMRG,500,0.0
RMRG,501,0.0
RMRG,502,0.0
RMRG,503,0.0
RMRG,504,0.0
RMRG,505,0.0
RMRG,506,0.0
RMRG,507,0.0
RMRG,508,0.0
RMRG,509,0.0
RMRG,510,0.0
RMRG,511,0.0
RMRG,512,0.0
RMRG,513,0.0
RMRG,514,0.0
RMRG,515,0.0
RMRG,516,0.0
RMRG,517,0.0
RMRG,518,0.0
RMRG,519,0.0
RMRG,520,0.0
RMRG,521,0.0
RMRG,522,0.0
RMRG,523,0.0
RMRG,524,0.0
RMRG,525,0.0
RMRG,526,0.0
RMRG,527,0.0
RMRG,528,0.0
RMRG,529,0.0
RMRG,530,0.0
RMRG,531,0.0
RMRG,532,0.0
RMRG,533,0.0
RMRG,534,0.0
RMRG,535,0.0
RMRG,536,0.0
RMRG,537,0.0
RMRG,538,0.0
RMRG,539,0.0
RMRG,540,0.0
RMRG,541,0.0
RMRG,542,0.0
RMRG,543,0.0
RMRG,544,0.0
RMRG,545,0.0
RMRG,546,0.0
RMRG,547,0.0
RMRG,548,0.0
RMRG,549,0.0
RMRG,550,0.0
RMRG,551,0.0
RMRG,552,0.0
RMRG,553,0.0
RMRG,554,0.0
RMRG,555,0.0
RMRG,556,0.0
RMRG,557,0.0
RMRG,558,0.0
RMRG,559,0.0
RMRG,560,0.0
RMRG,561,0.0
RMRG,562,0.0
RMRG,563,0.0
RMRG,564,0.0
RMRG,565,0.0
RMRG,566,0.0
RMRG,567,0.0
RMRG,568,0.0
RMRG,569,0.0
RMRG,570,0.0
RMRG,571,0.0
RMRG,572,0.0
RMRG,573,0.0
RMRG,574,0.0
RMRG,575,0.0
RMRG,576,0.0
SPPC,1,0.0
SPPC,2,0.0
SPPC,3,0.0
SPPC,4,0.0
SPPC,5,0.0
SPPC,6,0.0
SPPC,7,0.0
SPPC,8,0.0
SPPC,9,0.0
SPPC,10,0.0
SPPC,11,0.0
SPPC,12,0.0
SPPC,13,0.0
SPPC,14,0.0
SPPC,15,0.0
SPPC,16,0.0
SPPC,17,0.0
SPPC,18,0.0
SPPC,19,0.0
SPPC,20,0.0
SPPC,21,0.0
SPPC,22,0.0
SPPC,23,0.0
SPPC,24,0.0
SPPC,25,0.0
SPPC,26,0.0
SPPC,27,0.0
SPPC,28,0.0
SPPC,29,0.0
SPPC,30,0.0
SPPC,31,0.0
SPPC,32,0.0
SPPC,33,0.0
SPPC,34,0.0
SPPC,35,0.0
SPPC,36,0.0
SPPC,37,0.0
SPPC,38,0.0
SPPC,39,0.0
SPPC,40,0.0
SPPC,41,0.0
SPPC,42,0.0
SPPC,43,0.0
SPPC,44,0.0
SPPC,45,0.0
SPPC,46,0.0
SPPC,47,0.0
SPPC,48,0.0
SPPC,49,0.0
SPPC,50,0.0
SPPC,51,0.0
SPPC,52,0.0
SPPC,53,0.0
SPPC,54,0.0
SPPC,55,0.0
SPPC,56,0.0
SPPC,57,0.0
SPPC,58,0.0
SPPC,59,0.0
SPPC,60,0.0
SPPC,61,0.0
SPPC,62,0.0
SPPC,63,0.0
SPPC,64,0.0
SPPC,65,0.0
SPPC,66,0.0
SPPC,67,0.0
SPPC,68,0.0
SPPC,69,0.0
SPPC,70,0.0
SPPC,71,0.0
SPPC,72,0.0
SPPC,73,0.0
SPPC,74,0.0
SPPC,75,0.0
SPPC,76,0.0
SPPC,77,0.0
SPPC,78,0.0
SPPC,79,0.0
SPPC,80,0.0
SPPC,81,0.0
SPPC,82,0.0
SPPC,83,0.0
SPPC,84,0.0
SPPC,85,0.0
SPPC,86,0.0
SPPC,87,0.0
SPPC,88,0.0
SPPC,89,0.0
SPPC,90,0.0
SPPC,91,0.0
SPPC,92,0.0
SPPC,93,0.0
SPPC,94,0.0
SPPC,95,0.0
SPPC,96,0.0
SPPC,97,0.0
SPPC,98,0.0
SPPC,99,0.0
SPPC,100,0.0
SPPC,101,0.0
SPPC,102,0.0
SPPC,103,0.0
SPPC,104,0.0
SPPC,105,0.0
SPPC,106,0.0
SPPC,107,0.0
SPPC,108,0.0
SPPC,109,0.0
SPPC,110,0.0
SPPC,111,0.0
SPPC,112,0.0
SPPC,113,0.0
SPPC,114,0.0
SPPC,115,0.0
SPPC,116,0.0
SPPC,117,0.0
SPPC,118,0.0
SPPC,119,0.0
SPPC,120,0.0
SPPC,121,0.0
SPPC,122,0.0
SPPC,123,0.0
SPPC,124,0.0
SPPC,125,0.0
SPPC,126,0.0
SPPC,127,0.0
SPPC,128,0.0
SPPC,129,0.0
SPPC,130,0.0
SPPC,131,0.0
SPPC,132,0.0
SPPC,133,0.0
SPPC,134,0.0
SPPC,135,0.0
SPPC,136,0.0
SPPC,137,0.0
SPPC,138,0.0
SPPC,139,0.0
SPPC,140,0.0
SPPC,141,0.0
SPPC,142,0.0
SPPC,143,0.0
SPPC,144,0.0
SPPC,145,0.0
SPPC,146,0.0
SPPC,147,0.0
SPPC,148,0.0
SPPC,149,0.0
SPPC,150,0.0
SPPC,151,0.0
SPPC,152,0.0
SPPC,153,0.0
SPPC,154,0.0
SPPC,155,0.0
SPPC,156,0.0
SPPC,157,0.0
SPPC,158,0.0
SPPC,159,0.0
SPPC,160,0.0
SPPC,161,0.0
SPPC,162,0.0
SPPC,163,0.0
SPPC,164,0.0
SPPC,165,0.0
SPPC,166,0.0
SPPC,167,0.0
SPPC,168,0.0
SPPC,169,0.0
SPPC,170,0.0
SPPC,171,0.0
SPPC,172,0.0
SPPC,173,0.0
SPPC,174,0.0
SPPC,175,0.0
SPPC,176,0.0
SPPC,177,0.0
SPPC,178,0.0
SPPC,179,0.0
SPPC,180,0.0
SPPC,181,0.0
SPPC,182,0.0
SPPC,183,0.0
SPPC,184,0.0
SPPC,185,0.0
SPPC,186,0.0
SPPC,187,0.0
SPPC,188,0.0
SPPC,189,0.0
SPPC,190,0.0
SPPC,191,0.0
SPPC,192,0.0
SPPC,193,0.0
SPPC,194,0.0
SPPC,195,0.0
SPPC,196,0.0
SPPC,197,0.0
SPPC,198,0.0
SPPC,199,0.0
SPPC,200,0.0
SPPC,201,0.0
SPPC,202,0.0
SPPC,203,0.0
SPPC,204,0.0
SPPC,205,0.0
SPPC,206,0.0
SPPC,207,0.0
SPPC,208,0.0
SPPC,209,0.0
SPPC,210,0.0
SPPC,211,0.0
SPPC,212,0.0
SPPC,213,0.0
SPPC,214,0.0
SPPC,215,0.0
SPPC,216,0.0
SPPC,217,0.0
SPPC,218,0.0
SPPC,219,0.0
SPPC,220,0.0
SPPC,221,0.0
SPPC,222,0.0
SPPC,223,0.0
SPPC,224,0.0
SPPC,225,0.0
SPPC,226,0.0
SPPC,227,0.0
SPPC,228,0.0
SPPC,229,0.0
SPPC,230,0.0
SPPC,231,0.0
SPPC,232,0.0
SPPC,233,0.0
SPPC,234,0.0
SPPC,235,0.0
SPPC,236,0.0
SPPC,237,0.0
SPPC,238,0.0
SPPC,239,0.0
SPPC,240,0.0
SPPC,241,0.0
SPPC,242,0.0
SPPC,243,0.0
SPPC,244,0.0
SPPC,245,0.0
SPPC,246,0.0
SPPC,247,0.0
SPPC,248,0.0
SPPC,249,0.0
SPPC,250,0.0
SPPC,251,0.0
SPPC,252,0.0
SPPC,253,0.0
SPPC,254,0.0
SPPC,255,0.0
SPPC,256,0.0
SPPC,257,0.0
SPPC,258,0.0
SPPC,259,0.0
SPPC,260,0.0
SPPC,261,0.0
SPPC,262,0.0
SPPC,263,0.0
SPPC,264,0.0
SPPC,265,0.0
SPPC,266,0.0
SPPC,267,0.0
SPPC,268,0.0
SPPC,269,0.0
SPPC,270,0.0
SPPC,271,0.0
SPPC,272,0.0
SPPC,273,0.0
SPPC,274,0.0
SPPC,275,0.0
SPPC,276,0.0
SPPC,277,0.0
SPPC,278,0.0
SPPC,279,0.0
SPPC,280,0.0
SPPC,281,0.0
SPPC,282,0.0
SPPC,283,0.0
SPPC,284,0.0
SPPC,285,0.0
SPPC,286,0.0
SPPC,287,0.0
SPPC,288,0.0
SPPC,289,0.0
SPPC,290,0.0
SPPC,291,0.0
SPPC,292,0.0
SPPC,293,0.0
SPPC,294,0.0
SPPC,295,0.0
SPPC,296,0.0
SPPC,297,0.0
SPPC,298,0.0
SPPC,299,0.0
SPPC,300,0.0
SPPC,301,0.0
SPPC,302,0.0
SPPC,303,0.0
SPPC,304,0.0
SPPC,305,0.0
SPPC,306,0.0
SPPC,307,0.0
SPPC,308,0.0
SPPC,309,0.0
SPPC,310,0.0
SPPC,311,0.0
SPPC,312,0.0
SPPC,313,0.0
SPPC,314,0.0
SPPC,315,0.0
SPPC,316,0.0
SPPC,317,0.0
SPPC,318,0.0
SPPC,319,0.0
SPPC,320,0.0
SPPC,321,0.0
SPPC,322,0.0
SPPC,323,0.0
SPPC,324,0.0
SPPC,325,0.0
SPPC,326,0.0
SPPC,327,0.0
SPPC,328,0.0
SPPC,329,0.0
SPPC,330,0.0
SPPC,331,0.0
SPPC,332,0.0
SPPC,333,0.0
SPPC,334,0.0
SPPC,335,0.0
SPPC,336,0.0
SPPC,337,0.0
SPPC,338,0.0
SPPC,339,0.0
SPPC,340,0.0
SPPC,341,0.0
SPPC,342,0.0
SPPC,343,0.0
SPPC,344,0.0
SPPC,345,0.0
SPPC,346,0.0
SPPC,347,0.0
SPPC,348,0.0
SPPC,349,0.0
SPPC,350,0.0
SPPC,351,0.0
SPPC,352,0.0
SPPC,353,0.0
SPPC,354,0.0
SPPC,355,0.0
SPPC,356,0.0
SPPC,357,0.0
SPPC,358,0.0
SPPC,359,0.0
SPPC,360,0.0
SPPC,361,0.0
SPPC,362,0.0
SPPC,363,0.0
SPPC,364,0.0
SPPC,365,0.0
SPPC,366,0.0
SPPC,367,0.0
SPPC,368,0.0
SPPC,369,0.0
SPPC,370,0.0
SPPC,371,0.0
SPPC,372,0.0
SPPC,373,0.0
SPPC,374,0.0
SPPC,375,0.0
SPPC,376,0.0
SPPC,377,0.0
SPPC,378,0.0
SPPC,379,0.0
SPPC,380,0.0
SPPC,381,0.0
SPPC,382,0.0
SPPC,383,0.0
SPPC,384,0.0
SPPC,385,0.0
SPPC,386,0.0
SPPC,387,0.0
SPPC,388,0.0
SPPC,389,0.0
SPPC,390,0.0
SPPC,391,0.0
SPPC,392,0.0
SPPC,393,0.0
SPPC,394,0.0
SPPC,395,0.0
SPPC,396,0.0
SPPC,397,0.0
SPPC,398,0.0
SPPC,399,0.0
SPPC,400,0.0
SPPC,401,0.0
SPPC,402,0.0
SPPC,403,0.0
SPPC,404,0.0
SPPC,405,0.0
SPPC,406,0.0
SPPC,407,0.0
SPPC,408,0.0
SPPC,409,0.0
SPPC,410,0.0
SPPC,411,0.0
SPPC,412,0.0
SPPC,413,0.0
SPPC,414,0.0
SPPC,415,0.0
SPPC,416,0.0
SPPC,417,0.0
SPPC,418,0.0
SPPC,419,0.0
SPPC,420,0.0
SPPC,421,0.0
SPPC,422,0.0
SPPC,423,0.0
SPPC,424,0.0
SPPC,425,0.0
SPPC,426,0.0
SPPC,427,0.0
SPPC,428,0.0
SPPC,429,0.0
SPPC,430,0.0
SPPC,431,0.0
SPPC,432,0.0
SPPC,433,0.0
SPPC,434,0.0
SPPC,435,0.0
SPPC,436,0.0
SPPC,437,0.0
SPPC,438,0.0
SPPC,439,0.0
SPPC,440,0.0
SPPC,441,0.0
SPPC,442,0.0
SPPC,443,0.0
SPPC,444,0.0
SPPC,445,0.0
SPPC,446,0.0
SPPC,447,0.0
SPPC,448,0.0
SPPC,449,0.0
SPPC,450,0.0
SPPC,451,0.0
SPPC,452,0.0
SPPC,453,0.0
SPPC,454,0.0
SPPC,455,0.0
SPPC,456,0.0
SPPC,457,0.0
SPPC,458,0.0
SPPC,459,0.0
SPPC,460,0.0
SPPC,461,0.0
SPPC,462,0.0
SPPC,463,0.0
SPPC,464,0.0
SPPC,465,0.0
SPPC,466,0.0
SPPC,467,0.0
SPPC,468,0.0
SPPC,469,0.0
SPPC,470,0.0
SPPC,471,0.0
SPPC,472,0.0
SPPC,473,0.0
SPPC,474,0.0
SPPC,475,0.0
SPPC,476,0.0
SPPC,477,0.0
SPPC,478,0.0
SPPC,479,0.0
SPPC,480,0.0
SPPC,481,0.0
SPPC,482,0.0
SPPC,483,0.0
SPPC,484,0.0
SPPC,485,0.0
SPPC,486,0.0
SPPC,487,0.0
SPPC,488,0.0
SPPC,489,0.0
SPPC,490,0.0
SPPC,491,0.0
SPPC,492,0.0
SPPC,493,0.0
SPPC,494,0.0
SPPC,495,0.0
SPPC,496,0.0
SPPC,497,0.0
SPPC,498,0.0
SPPC,499,0.0
SPPC,500,0.0
SPPC,501,0.0
SPPC,502,0.0
SPPC,503,0.0
SPPC,504,0.0
SPPC,505,0.0
SPPC,506,0.0
SPPC,507,0.0
SPPC,508,0.0
SPPC,509,0.0
SPPC,510,0.0
SPPC,511,0.0
SPPC,512,0.0
SPPC,513,0.0
SPPC,514,0.0
SPPC,515,0.0
SPPC,516,0.0
SPPC,517,0.0
SPPC,518,0.0
SPPC,519,0.0
SPPC,520,0.0
SPPC,521,0.0
SPPC,522,0.0
SPPC,523,0.0
SPPC,524,0.0
SPPC,525,0.0
SPPC,526,0.0
SPPC,527,0.0
SPPC,528,0.0
SPPC,529,0.0
SPPC,530,0.0
SPPC,531,0.0
SPPC,532,0.0
SPPC,533,0.0
SPPC,534,0.0
SPPC,535,0.0
SPPC,536,0.0
SPPC,537,0.0
SPPC,538,0.0
SPPC,539,0.0
SPPC,540,0.0
SPPC,541,0.0
SPPC,542,0.0
SPPC,543,0.0
SPPC,544,0.0
SPPC,545,0.0
SPPC,546,0.0
SPPC,547,0.0
SPPC,548,0.0
SPPC,549,0.0
SPPC,550,0.0
SPPC,551,0.0
SPPC,552,0.0
SPPC,553,0.0
SPPC,554,0.0
SPPC,555,0.0
SPPC,556,0.0
SPPC,557,0.0
SPPC,558,0.0
SPPC,559,0.0
SPPC,560,0.0
SPPC,561,0.0
SPPC,562,0.0
SPPC,563,0.0
SPPC,564,0.0
SPPC,565,0.0
SPPC,566,0.0
SPPC,567,0.0
SPPC,568,0.0
SPPC,569,0.0
SPPC,570,0.0
SPPC,571,0.0
SPPC,572,0.0
SPPC,573,0.0
SPPC,574,0.0
SPPC,575,0.0
SPPC,576,0.0
SPPN,1,0.0
SPPN,2,0.0
SPPN,3,0.0
SPPN,4,0.0
SPPN,5,0.0
SPPN,6,0.0
SPPN,7,0.0
SPPN,8,0.0
SPPN,9,0.0
SPPN,10,0.0
SPPN,11,0.0
SPPN,12,0.0
SPPN,13,0.0
SPPN,14,0.0
SPPN,15,0.0
SPPN,16,0.0
SPPN,17,0.0
SPPN,18,0.0
SPPN,19,0.0
SPPN,20,0.0
SPPN,21,0.0
SPPN,22,0.0
SPPN,23,0.0
SPPN,24,0.0
SPPN,25,0.0
SPPN,26,0.0
SPPN,27,0.0
SPPN,28,0.0
SPPN,29,0.0
SPPN,30,0.0
SPPN,31,0.0
SPPN,32,0.0
SPPN,33,0.0
SPPN,34,0.0
SPPN,35,0.0
SPPN,36,0.0
SPPN,37,0.0
SPPN,38,0.0
SPPN,39,0.0
SPPN,40,0.0
SPPN,41,0.0
SPPN,42,0.0
SPPN,43,0.0
SPPN,44,0.0
SPPN,45,0.0
SPPN,46,0.0
SPPN,47,0.0
SPPN,48,0.0
SPPN,49,0.0
SPPN,50,0.0
SPPN,51,0.0
SPPN,52,0.0
SPPN,53,0.0
SPPN,54,0.0
SPPN,55,0.0
SPPN,56,0.0
SPPN,57,0.0
SPPN,58,0.0
SPPN,59,0.0
SPPN,60,0.0
SPPN,61,0.0
SPPN,62,0.0
SPPN,63,0.0
SPPN,64,0.0
SPPN,65,0.0
SPPN,66,0.0
SPPN,67,0.0
SPPN,68,0.0
SPPN,69,0.0
SPPN,70,0.0
SPPN,71,0.0
SPPN,72,0.0
SPPN,73,0.0
SPPN,74,0.0
SPPN,75,0.0
SPPN,76,0.0
SPPN,77,0.0
SPPN,78,0.0
SPPN,79,0.0
SPPN,80,0.0
SPPN,81,0.0
SPPN,82,0.0
SPPN,83,0.0
SPPN,84,0.0
SPPN,85,0.0
SPPN,86,0.0
SPPN,87,0.0
SPPN,88,0.0
SPPN,89,0.0
SPPN,90,0.0
SPPN,91,0.0
SPPN,92,0.0
SPPN,93,0.0
SPPN,94,0.0
SPPN,95,0.0
SPPN,96,0.0
SPPN,97,0.0
SPPN,98,0.0
SPPN,99,0.0
SPPN,100,0.0
SPPN,101,0.0
SPPN,102,0.0
SPPN,103,0.0
SPPN,104,0.0
SPPN,105,0.0
SPPN,106,0.0
SPPN,107,0.0
SPPN,108,0.0
SPPN,109,0.0
SPPN,110,0.0
SPPN,111,0.0
SPPN,112,0.0
SPPN,113,0.0
SPPN,114,0.0
SPPN,115,0.0
SPPN,116,0.0
SPPN,117,0.0
SPPN,118,0.0
SPPN,119,0.0
SPPN,120,0.0
SPPN,121,0.0
SPPN,122,0.0
SPPN,123,0.0
SPPN,124,0.0
SPPN,125,0.0
SPPN,126,0.0
SPPN,127,0.0
SPPN,128,0.0
SPPN,129,0.0
SPPN,130,0.0
SPPN,131,0.0
SPPN,132,0.0
SPPN,133,0.0
SPPN,134,0.0
SPPN,135,0.0
SPPN,136,0.0
SPPN,137,0.0
SPPN,138,0.0
SPPN,139,0.0
SPPN,140,0.0
SPPN,141,0.0
SPPN,142,0.0
SPPN,143,0.0
SPPN,144,0.0
SPPN,145,0.0
SPPN,146,0.0
SPPN,147,0.0
SPPN,148,0.0
SPPN,149,0.0
SPPN,150,0.0
SPPN,151,0.0
SPPN,152,0.0
SPPN,153,0.0
SPPN,154,0.0
SPPN,155,0.0
SPPN,156,0.0
SPPN,157,0.0
SPPN,158,0.0
SPPN,159,0.0
SPPN,160,0.0
SPPN,161,0.0
SPPN,162,0.0
SPPN,163,0.0
SPPN,164,0.0
SPPN,165,0.0
SPPN,166,0.0
SPPN,167,0.0
SPPN,168,0.0
SPPN,169,0.0
SPPN,170,0.0
SPPN,171,0.0
SPPN,172,0.0
SPPN,173,0.0
SPPN,174,0.0
SPPN,175,0.0
SPPN,176,0.0
SPPN,177,0.0
SPPN,178,0.0
SPPN,179,0.0
SPPN,180,0.0
SPPN,181,0.0
SPPN,182,0.0
SPPN,183,0.0
SPPN,184,0.0
SPPN,185,0.0
SPPN,186,0.0
SPPN,187,0.0
SPPN,188,0.0
SPPN,189,0.0
SPPN,190,0.0
SPPN,191,0.0
SPPN,192,0.0
SPPN,193,0.0
SPPN,194,0.0
SPPN,195,0.0
SPPN,196,0.0
SPPN,197,0.0
SPPN,198,0.0
SPPN,199,0.0
SPPN,200,0.0
SPPN,201,0.0
SPPN,202,0.0
SPPN,203,0.0
SPPN,204,0.0
SPPN,205,0.0
SPPN,206,0.0
SPPN,207,0.0
SPPN,208,0.0
SPPN,209,0.0
SPPN,210,0.0
SPPN,211,0.0
SPPN,212,0.0
SPPN,213,0.0
SPPN,214,0.0
SPPN,215,0.0
SPPN,216,0.0
SPPN,217,0.0
SPPN,218,0.0
SPPN,219,0.0
SPPN,220,0.0
SPPN,221,0.0
SPPN,222,0.0
SPPN,223,0.0
SPPN,224,0.0
SPPN,225,0.0
SPPN,226,0.0
SPPN,227,0.0
SPPN,228,0.0
SPPN,229,0.0
SPPN,230,0.0
SPPN,231,0.0
SPPN,232,0.0
SPPN,233,0.0
SPPN,234,0.0
SPPN,235,0.0
SPPN,236,0.0
SPPN,237,0.0
SPPN,238,0.0
SPPN,239,0.0
SPPN,240,0.0
SPPN,241,0.0
SPPN,242,0.0
SPPN,243,0.0
SPPN,244,0.0
SPPN,245,0.0
SPPN,246,0.0
SPPN,247,0.0
SPPN,248,0.0
SPPN,249,0.0
SPPN,250,0.0
SPPN,251,0.0
SPPN,252,0.0
SPPN,253,0.0
SPPN,254,0.0
SPPN,255,0.0
SPPN,256,0.0
SPPN,257,0.0
SPPN,258,0.0
SPPN,259,0.0
SPPN,260,0.0
SPPN,261,0.0
SPPN,262,0.0
SPPN,263,0.0
SPPN,264,0.0
SPPN,265,0.0
SPPN,266,0.0
SPPN,267,0.0
SPPN,268,0.0
SPPN,269,0.0
SPPN,270,0.0
SPPN,271,0.0
SPPN,272,0.0
SPPN,273,0.0
SPPN,274,0.0
SPPN,275,0.0
SPPN,276,0.0
SPPN,277,0.0
SPPN,278,0.0
SPPN,279,0.0
SPPN,280,0.0
SPPN,281,0.0
SPPN,282,0.0
SPPN,283,0.0
SPPN,284,0.0
SPPN,285,0.0
SPPN,286,0.0
SPPN,287,0.0
SPPN,288,0.0
SPPN,289,0.0
SPPN,290,0.0
SPPN,291,0.0
SPPN,292,0.0
SPPN,293,0.0
SPPN,294,0.0
SPPN,295,0.0
SPPN,296,0.0
SPPN,297,0.0
SPPN,298,0.0
SPPN,299,0.0
SPPN,300,0.0
SPPN,301,0.0
SPPN,302,0.0
SPPN,303,0.0
SPPN,304,0.0
SPPN,305,0.0
SPPN,306,0.0
SPPN,307,0.0
SPPN,308,0.0
SPPN,309,0.0
SPPN,310,0.0
SPPN,311,0.0
SPPN,312,0.0
SPPN,313,0.0
SPPN,314,0.0
SPPN,315,0.0
SPPN,316,0.0
SPPN,317,0.0
SPPN,318,0.0
SPPN,319,0.0
SPPN,320,0.0
SPPN,321,0.0
SPPN,322,0.0
SPPN,323,0.0
SPPN,324,0.0
SPPN,325,0.0
SPPN,326,0.0
SPPN,327,0.0
SPPN,328,0.0
SPPN,329,0.0
SPPN,330,0.0
SPPN,331,0.0
SPPN,332,0.0
SPPN,333,0.0
SPPN,334,0.0
SPPN,335,0.0
SPPN,336,0.0
SPPN,337,0.0
SPPN,338,0.0
SPPN,339,0.0
SPPN,340,0.0
SPPN,341,0.0
SPPN,342,0.0
SPPN,343,0.0
SPPN,344,0.0
SPPN,345,0.0
SPPN,346,0.0
SPPN,347,0.0
SPPN,348,0.0
SPPN,349,0.0
SPPN,350,0.0
SPPN,351,0.0
SPPN,352,0.0
SPPN,353,0.0
SPPN,354,0.0
SPPN,355,0.0
SPPN,356,0.0
SPPN,357,0.0
SPPN,358,0.0
SPPN,359,0.0
SPPN,360,0.0
SPPN,361,0.0
SPPN,362,0.0
SPPN,363,0.0
SPPN,364,0.0
SPPN,365,0.0
SPPN,366,0.0
SPPN,367,0.0
SPPN,368,0.0
SPPN,369,0.0
SPPN,370,0.0
SPPN,371,0.0
SPPN,372,0.0
SPPN,373,0.0
SPPN,374,0.0
SPPN,375,0.0
SPPN,376,0.0
SPPN,377,0.0
SPPN,378,0.0
SPPN,379,0.0
SPPN,380,0.0
SPPN,381,0.0
SPPN,382,0.0
SPPN,383,0.0
SPPN,384,0.0
SPPN,385,0.0
SPPN,386,0.0
SPPN,387,0.0
SPPN,388,0.0
SPPN,389,0.0
SPPN,390,0.0
SPPN,391,0.0
SPPN,392,0.0
SPPN,393,0.0
SPPN,394,0.0
SPPN,395,0.0
SPPN,396,0.0
SPPN,397,0.0
SPPN,398,0.0
SPPN,399,0.0
SPPN,400,0.0
SPPN,401,0.0
SPPN,402,0.0
SPPN,403,0.0
SPPN,404,0.0
SPPN,405,0.0
SPPN,406,0.0
SPPN,407,0.0
SPPN,408,0.0
SPPN,409,0.0
SPPN,410,0.0
SPPN,411,0.0
SPPN,412,0.0
SPPN,413,0.0
SPPN,414,0.0
SPPN,415,0.0
SPPN,416,0.0
SPPN,417,0.0
SPPN,418,0.0
SPPN,419,0.0
SPPN,420,0.0
SPPN,421,0.0
SPPN,422,0.0
SPPN,423,0.0
SPPN,424,0.0
SPPN,425,0.0
SPPN,426,0.0
SPPN,427,0.0
SPPN,428,0.0
SPPN,429,0.0
SPPN,430,0.0
SPPN,431,0.0
SPPN,432,0.0
SPPN,433,0.0
SPPN,434,0.0
SPPN,435,0.0
SPPN,436,0.0
SPPN,437,0.0
SPPN,438,0.0
SPPN,439,0.0
SPPN,440,0.0
SPPN,441,0.0
SPPN,442,0.0
SPPN,443,0.0
SPPN,444,0.0
SPPN,445,0.0
SPPN,446,0.0
SPPN,447,0.0
SPPN,448,0.0
SPPN,449,0.0
SPPN,450,0.0
SPPN,451,0.0
SPPN,452,0.0
SPPN,453,0.0
SPPN,454,0.0
SPPN,455,0.0
SPPN,456,0.0
SPPN,457,0.0
SPPN,458,0.0
SPPN,459,0.0
SPPN,460,0.0
SPPN,461,0.0
SPPN,462,0.0
SPPN,463,0.0
SPPN,464,0.0
SPPN,465,0.0
SPPN,466,0.0
SPPN,467,0.0
SPPN,468,0.0
SPPN,469,0.0
SPPN,470,0.0
SPPN,471,0.0
SPPN,472,0.0
SPPN,473,0.0
SPPN,474,0.0
SPPN,475,0.0
SPPN,476,0.0
SPPN,477,0.0
SPPN,478,0.0
SPPN,479,0.0
SPPN,480,0.0
SPPN,481,0.0
SPPN,482,0.0
SPPN,483,0.0
SPPN,484,0.0
SPPN,485,0.0
SPPN,486,0.0
SPPN,487,0.0
SPPN,488,0.0
SPPN,489,0.0
SPPN,490,0.0
SPPN,491,0.0
SPPN,492,0.0
SPPN,493,0.0
SPPN,494,0.0
SPPN,495,0.0
SPPN,496,0.0
SPPN,497,0.0
SPPN,498,0.0
SPPN,499,0.0
SPPN,500,0.0
SPPN,501,0.0
SPPN,502,0.0
SPPN,503,0.0
SPPN,504,0.0
SPPN,505,0.0
SPPN,506,0.0
SPPN,507,0.0
SPPN,508,0.0
SPPN,509,0.0
SPPN,510,0.0
SPPN,511,0.0
SPPN,512,0.0
SPPN,513,0.0
SPPN,514,0.0
SPPN,515,0.0
SPPN,516,0.0
SPPN,517,0.0
SPPN,518,0.0
SPPN,519,0.0
SPPN,520,0.0
SPPN,521,0.0
SPPN,522,0.0
SPPN,523,0.0
SPPN,524,0.0
SPPN,525,0.0
SPPN,526,0.0
SPPN,527,0.0
SPPN,528,0.0
SPPN,529,0.0
SPPN,530,0.0
SPPN,531,0.0
SPPN,532,0.0
SPPN,533,0.0
SPPN,534,0.0
SPPN,535,0.0
SPPN,536,0.0
SPPN,537,0.0
SPPN,538,0.0
SPPN,539,0.0
SPPN,540,0.0
SPPN,541,0.0
SPPN,542,0.0
SPPN,543,0.0
SPPN,544,0.0
SPPN,545,0.0
SPPN,546,0.0
SPPN,547,0.0
SPPN,548,0.0
SPPN,549,0.0
SPPN,550,0.0
SPPN,551,0.0
SPPN,552,0.0
SPPN,553,0.0
SPPN,554,0.0
SPPN,555,0.0
SPPN,556,0.0
SPPN,557,0.0
SPPN,558,0.0
SPPN,559,0.0
SPPN,560,0.0
SPPN,561,0.0
SPPN,562,0.0
SPPN,563,0.0
SPPN,564,0.0
SPPN,565,0.0
SPPN,566,0.0
SPPN,567,0.0
SPPN,568,0.0
SPPN,569,0.0
SPPN,570,0.0
SPPN,571,0.0
SPPN,572,0.0
SPPN,573,0.0
SPPN,574,0.0
SPPN,575,0.0
SPPN,576,0.0
SPPS,1,0.0
SPPS,2,0.0
SPPS,3,0.0
SPPS,4,0.0
SPPS,5,0.0
SPPS,6,0.0
SPPS,7,0.0
SPPS,8,0.0
SPPS,9,0.0
SPPS,10,0.0
SPPS,11,0.0
SPPS,12,0.0
SPPS,13,0.0
SPPS,14,0.0
SPPS,15,0.0
SPPS,16,0.0
SPPS,17,0.0
SPPS,18,0.0
SPPS,19,0.0
SPPS,20,0.0
SPPS,21,0.0
SPPS,22,0.0
SPPS,23,0.0
SPPS,24,0.0
SPPS,25,0.0
SPPS,26,0.0
SPPS,27,0.0
SPPS,28,0.0
SPPS,29,0.0
SPPS,30,0.0
SPPS,31,0.0
SPPS,32,0.0
SPPS,33,0.0
SPPS,34,0.0
SPPS,35,0.0
SPPS,36,0.0
SPPS,37,0.0
SPPS,38,0.0
SPPS,39,0.0
SPPS,40,0.0
SPPS,41,0.0
SPPS,42,0.0
SPPS,43,0.0
SPPS,44,0.0
SPPS,45,0.0
SPPS,46,0.0
SPPS,47,0.0
SPPS,48,0.0
SPPS,49,0.0
SPPS,50,0.0
SPPS,51,0.0
SPPS,52,0.0
SPPS,53,0.0
SPPS,54,0.0
SPPS,55,0.0
SPPS,56,0.0
SPPS,57,0.0
SPPS,58,0.0
SPPS,59,0.0
SPPS,60,0.0
SPPS,61,0.0
SPPS,62,0.0
SPPS,63,0.0
SPPS,64,0.0
SPPS,65,0.0
SPPS,66,0.0
SPPS,67,0.0
SPPS,68,0.0
SPPS,69,0.0
SPPS,70,0.0
SPPS,71,0.0
SPPS,72,0.0
SPPS,73,0.0
SPPS,74,0.0
SPPS,75,0.0
SPPS,76,0.0
SPPS,77,0.0
SPPS,78,0.0
SPPS,79,0.0
SPPS,80,0.0
SPPS,81,0.0
SPPS,82,0.0
SPPS,83,0.0
SPPS,84,0.0
SPPS,85,0.0
SPPS,86,0.0
SPPS,87,0.0
SPPS,88,0.0
SPPS,89,0.0
SPPS,90,0.0
SPPS,91,0.0
SPPS,92,0.0
SPPS,93,0.0
SPPS,94,0.0
SPPS,95,0.0
SPPS,96,0.0
SPPS,97,0.0
SPPS,98,0.0
SPPS,99,0.0
SPPS,100,0.0
SPPS,101,0.0
SPPS,102,0.0
SPPS,103,0.0
SPPS,104,0.0
SPPS,105,0.0
SPPS,106,0.0
SPPS,107,0.0
SPPS,108,0.0
SPPS,109,0.0
SPPS,110,0.0
SPPS,111,0.0
SPPS,112,0.0
SPPS,113,0.0
SPPS,114,0.0
SPPS,115,0.0
SPPS,116,0.0
SPPS,117,0.0
SPPS,118,0.0
SPPS,119,0.0
SPPS,120,0.0
SPPS,121,0.0
SPPS,122,0.0
SPPS,123,0.0
SPPS,124,0.0
SPPS,125,0.0
SPPS,126,0.0
SPPS,127,0.0
SPPS,128,0.0
SPPS,129,0.0
SPPS,130,0.0
SPPS,131,0.0
SPPS,132,0.0
SPPS,133,0.0
SPPS,134,0.0
SPPS,135,0.0
SPPS,136,0.0
SPPS,137,0.0
SPPS,138,0.0
SPPS,139,0.0
SPPS,140,0.0
SPPS,141,0.0
SPPS,142,0.0
SPPS,143,0.0
SPPS,144,0.0
SPPS,145,0.0
SPPS,146,0.0
SPPS,147,0.0
SPPS,148,0.0
SPPS,149,0.0
SPPS,150,0.0
SPPS,151,0.0
SPPS,152,0.0
SPPS,153,0.0
SPPS,154,0.0
SPPS,155,0.0
SPPS,156,0.0
SPPS,157,0.0
SPPS,158,0.0
SPPS,159,0.0
SPPS,160,0.0
SPPS,161,0.0
SPPS,162,0.0
SPPS,163,0.0
SPPS,164,0.0
SPPS,165,0.0
SPPS,166,0.0
SPPS,167,0.0
SPPS,168,0.0
SPPS,169,0.0
SPPS,170,0.0
SPPS,171,0.0
SPPS,172,0.0
SPPS,173,0.0
SPPS,174,0.0
SPPS,175,0.0
SPPS,176,0.0
SPPS,177,0.0
SPPS,178,0.0
SPPS,179,0.0
SPPS,180,0.0
SPPS,181,0.0
SPPS,182,0.0
SPPS,183,0.0
SPPS,184,0.0
SPPS,185,0.0
SPPS,186,0.0
SPPS,187,0.0
SPPS,188,0.0
SPPS,189,0.0
SPPS,190,0.0
SPPS,191,0.0
SPPS,192,0.0
SPPS,193,0.0
SPPS,194,0.0
SPPS,195,0.0
SPPS,196,0.0
SPPS,197,0.0
SPPS,198,0.0
SPPS,199,0.0
SPPS,200,0.0
SPPS,201,0.0
SPPS,202,0.0
SPPS,203,0.0
SPPS,204,0.0
SPPS,205,0.0
SPPS,206,0.0
SPPS,207,0.0
SPPS,208,0.0
SPPS,209,0.0
SPPS,210,0.0
SPPS,211,0.0
SPPS,212,0.0
SPPS,213,0.0
SPPS,214,0.0
SPPS,215,0.0
SPPS,216,0.0
SPPS,217,0.0
SPPS,218,0.0
SPPS,219,0.0
SPPS,220,0.0
SPPS,221,0.0
SPPS,222,0.0
SPPS,223,0.0
SPPS,224,0.0
SPPS,225,0.0
SPPS,226,0.0
SPPS,227,0.0
SPPS,228,0.0
SPPS,229,0.0
SPPS,230,0.0
SPPS,231,0.0
SPPS,232,0.0
SPPS,233,0.0
SPPS,234,0.0
SPPS,235,0.0
SPPS,236,0.0
SPPS,237,0.0
SPPS,238,0.0
SPPS,239,0.0
SPPS,240,0.0
SPPS,241,0.0
SPPS,242,0.0
SPPS,243,0.0
SPPS,244,0.0
SPPS,245,0.0
SPPS,246,0.0
SPPS,247,0.0
SPPS,248,0.0
SPPS,249,0.0
SPPS,250,0.0
SPPS,251,0.0
SPPS,252,0.0
SPPS,253,0.0
SPPS,254,0.0
SPPS,255,0.0
SPPS,256,0.0
SPPS,257,0.0
SPPS,258,0.0
SPPS,259,0.0
SPPS,260,0.0
SPPS,261,0.0
SPPS,262,0.0
SPPS,263,0.0
SPPS,264,0.0
SPPS,265,0.0
SPPS,266,0.0
SPPS,267,0.0
SPPS,268,0.0
SPPS,269,0.0
SPPS,270,0.0
SPPS,271,0.0
SPPS,272,0.0
SPPS,273,0.0
SPPS,274,0.0
SPPS,275,0.0
SPPS,276,0.0
SPPS,277,0.0
SPPS,278,0.0
SPPS,279,0.0
SPPS,280,0.0
SPPS,281,0.0
SPPS,282,0.0
SPPS,283,0.0
SPPS,284,0.0
SPPS,285,0.0
SPPS,286,0.0
SPPS,287,0.0
SPPS,288,0.0
SPPS,289,0.0
SPPS,290,0.0
SPPS,291,0.0
SPPS,292,0.0
SPPS,293,0.0
SPPS,294,0.0
SPPS,295,0.0
SPPS,296,0.0
SPPS,297,0.0
SPPS,298,0.0
SPPS,299,0.0
SPPS,300,0.0
SPPS,301,0.0
SPPS,302,0.0
SPPS,303,0.0
SPPS,304,0.0
SPPS,305,0.0
SPPS,306,0.0
SPPS,307,0.0
SPPS,308,0.0
SPPS,309,0.0
SPPS,310,0.0
SPPS,311,0.0
SPPS,312,0.0
SPPS,313,0.0
SPPS,314,0.0
SPPS,315,0.0
SPPS,316,0.0
SPPS,317,0.0
SPPS,318,0.0
SPPS,319,0.0
SPPS,320,0.0
SPPS,321,0.0
SPPS,322,0.0
SPPS,323,0.0
SPPS,324,0.0
SPPS,325,0.0
SPPS,326,0.0
SPPS,327,0.0
SPPS,328,0.0
SPPS,329,0.0
SPPS,330,0.0
SPPS,331,0.0
SPPS,332,0.0
SPPS,333,0.0
SPPS,334,0.0
SPPS,335,0.0
SPPS,336,0.0
SPPS,337,0.0
SPPS,338,0.0
SPPS,339,0.0
SPPS,340,0.0
SPPS,341,0.0
SPPS,342,0.0
SPPS,343,0.0
SPPS,344,0.0
SPPS,345,0.0
SPPS,346,0.0
SPPS,347,0.0
SPPS,348,0.0
SPPS,349,0.0
SPPS,350,0.0
SPPS,351,0.0
SPPS,352,0.0
SPPS,353,0.0
SPPS,354,0.0
SPPS,355,0.0
SPPS,356,0.0
SPPS,357,0.0
SPPS,358,0.0
SPPS,359,0.0
SPPS,360,0.0
SPPS,361,0.0
SPPS,362,0.0
SPPS,363,0.0
SPPS,364,0.0
SPPS,365,0.0
SPPS,366,0.0
SPPS,367,0.0
SPPS,368,0.0
SPPS,369,0.0
SPPS,370,0.0
SPPS,371,0.0
SPPS,372,0.0
SPPS,373,0.0
SPPS,374,0.0
SPPS,375,0.0
SPPS,376,0.0
SPPS,377,0.0
SPPS,378,0.0
SPPS,379,0.0
SPPS,380,0.0
SPPS,381,0.0
SPPS,382,0.0
SPPS,383,0.0
SPPS,384,0.0
SPPS,385,0.0
SPPS,386,0.0
SPPS,387,0.0
SPPS,388,0.0
SPPS,389,0.0
SPPS,390,0.0
SPPS,391,0.0
SPPS,392,0.0
SPPS,393,0.0
SPPS,394,0.0
SPPS,395,0.0
SPPS,396,0.0
SPPS,397,0.0
SPPS,398,0.0
SPPS,399,0.0
SPPS,400,0.0
SPPS,401,0.0
SPPS,402,0.0
SPPS,403,0.0
SPPS,404,0.0
SPPS,405,0.0
SPPS,406,0.0
SPPS,407,0.0
SPPS,408,0.0
SPPS,409,0.0
SPPS,410,0.0
SPPS,411,0.0
SPPS,412,0.0
SPPS,413,0.0
SPPS,414,0.0
SPPS,415,0.0
SPPS,416,0.0
SPPS,417,0.0
SPPS,418,0.0
SPPS,419,0.0
SPPS,420,0.0
SPPS,421,0.0
SPPS,422,0.0
SPPS,423,0.0
SPPS,424,0.0
SPPS,425,0.0
SPPS,426,0.0
SPPS,427,0.0
SPPS,428,0.0
SPPS,429,0.0
SPPS,430,0.0
SPPS,431,0.0
SPPS,432,0.0
SPPS,433,0.0
SPPS,434,0.0
SPPS,435,0.0
SPPS,436,0.0
SPPS,437,0.0
SPPS,438,0.0
SPPS,439,0.0
SPPS,440,0.0
SPPS,441,0.0
SPPS,442,0.0
SPPS,443,0.0
SPPS,444,0.0
SPPS,445,0.0
SPPS,446,0.0
SPPS,447,0.0
SPPS,448,0.0
SPPS,449,0.0
SPPS,450,0.0
SPPS,451,0.0
SPPS,452,0.0
SPPS,453,0.0
SPPS,454,0.0
SPPS,455,0.0
SPPS,456,0.0
SPPS,457,0.0
SPPS,458,0.0
SPPS,459,0.0
SPPS,460,0.0
SPPS,461,0.0
SPPS,462,0.0
SPPS,463,0.0
SPPS,464,0.0
SPPS,465,0.0
SPPS,466,0.0
SPPS,467,0.0
SPPS,468,0.0
SPPS,469,0.0
SPPS,470,0.0
SPPS,471,0.0
SPPS,472,0.0
SPPS,473,0.0
SPPS,474,0.0
SPPS,475,0.0
SPPS,476,0.0
SPPS,477,0.0
SPPS,478,0.0
SPPS,479,0.0
SPPS,480,0.0
SPPS,481,0.0
SPPS,482,0.0
SPPS,483,0.0
SPPS,484,0.0
SPPS,485,0.0
SPPS,486,0.0
SPPS,487,0.0
SPPS,488,0.0
SPPS,489,0.0
SPPS,490,0.0
SPPS,491,0.0
SPPS,492,0.0
SPPS,493,0.0
SPPS,494,0.0
SPPS,495,0.0
SPPS,496,0.0
SPPS,497,0.0
SPPS,498,0.0
SPPS,499,0.0
SPPS,500,0.0
SPPS,501,0.0
SPPS,502,0.0
SPPS,503,0.0
SPPS,504,0.0
SPPS,505,0.0
SPPS,506,0.0
SPPS,507,0.0
SPPS,508,0.0
SPPS,509,0.0
SPPS,510,0.0
SPPS,511,0.0
SPPS,512,0.0
SPPS,513,0.0
SPPS,514,0.0
SPPS,515,0.0
SPPS,516,0.0
SPPS,517,0.0
SPPS,518,0.0
SPPS,519,0.0
SPPS,520,0.0
SPPS,521,0.0
SPPS,522,0.0
SPPS,523,0.0
SPPS,524,0.0
SPPS,525,0.0
SPPS,526,0.0
SPPS,527,0.0
SPPS,528,0.0
SPPS,529,0.0
SPPS,530,0.0
SPPS,531,0.0
SPPS,532,0.0
SPPS,533,0.0
SPPS,534,0.0
SPPS,535,0.0
SPPS,536,0.0
SPPS,537,0.0
SPPS,538,0.0
SPPS,539,0.0
SPPS,540,0.0
SPPS,541,0.0
SPPS,542,0.0
SPPS,543,0.0
SPPS,544,0.0
SPPS,545,0.0
SPPS,546,0.0
SPPS,547,0.0
SPPS,548,0.0
SPPS,549,0.0
SPPS,550,0.0
SPPS,551,0.0
SPPS,552,0.0
SPPS,553,0.0
SPPS,554,0.0
SPPS,555,0.0
SPPS,556,0.0
SPPS,557,0.0
SPPS,558,0.0
SPPS,559,0.0
SPPS,560,0.0
SPPS,561,0.0
SPPS,562,0.0
SPPS,563,0.0
SPPS,564,0.0
SPPS,565,0.0
SPPS,566,0.0
SPPS,567,0.0
SPPS,568,0.0
SPPS,569,0.0
SPPS,570,0.0
SPPS,571,0.0
SPPS,572,0.0
SPPS,573,0.0
SPPS,574,0.0
SPPS,575,0.0
SPPS,576,0.0
SRCA,1,0.0
SRCA,2,0.0
SRCA,3,0.0
SRCA,4,0.0
SRCA,5,0.0
SRCA,6,0.0
SRCA,7,0.0
SRCA,8,0.0
SRCA,9,0.0
SRCA,10,0.0
SRCA,11,0.0
SRCA,12,0.0
SRCA,13,0.0
SRCA,14,0.0
SRCA,15,0.0
SRCA,16,0.0
SRCA,17,0.0
SRCA,18,0.0
SRCA,19,0.0
SRCA,20,0.0
SRCA,21,0.0
SRCA,22,0.0
SRCA,23,0.0
SRCA,24,0.0
SRCA,25,0.0
SRCA,26,0.0
SRCA,27,0.0
SRCA,28,0.0
SRCA,29,0.0
SRCA,30,0.0
SRCA,31,0.0
SRCA,32,0.0
SRCA,33,0.0
SRCA,34,0.0
SRCA,35,0.0
SRCA,36,0.0
SRCA,37,0.0
SRCA,38,0.0
SRCA,39,0.0
SRCA,40,0.0
SRCA,41,0.0
SRCA,42,0.0
SRCA,43,0.0
SRCA,44,0.0
SRCA,45,0.0
SRCA,46,0.0
SRCA,47,0.0
SRCA,48,0.0
SRCA,49,0.0
SRCA,50,0.0
SRCA,51,0.0
SRCA,52,0.0
SRCA,53,0.0
SRCA,54,0.0
SRCA,55,0.0
SRCA,56,0.0
SRCA,57,0.0
SRCA,58,0.0
SRCA,59,0.0
SRCA,60,0.0
SRCA,61,0.0
SRCA,62,0.0
SRCA,63,0.0
SRCA,64,0.0
SRCA,65,0.0
SRCA,66,0.0
SRCA,67,0.0
SRCA,68,0.0
SRCA,69,0.0
SRCA,70,0.0
SRCA,71,0.0
SRCA,72,0.0
SRCA,73,0.0
SRCA,74,0.0
SRCA,75,0.0
SRCA,76,0.0
SRCA,77,0.0
SRCA,78,0.0
SRCA,79,0.0
SRCA,80,0.0
SRCA,81,0.0
SRCA,82,0.0
SRCA,83,0.0
SRCA,84,0.0
SRCA,85,0.0
SRCA,86,0.0
SRCA,87,0.0
SRCA,88,0.0
SRCA,89,0.0
SRCA,90,0.0
SRCA,91,0.0
SRCA,92,0.0
SRCA,93,0.0
SRCA,94,0.0
SRCA,95,0.0
SRCA,96,0.0
SRCA,97,0.0
SRCA,98,0.0
SRCA,99,0.0
SRCA,100,0.0
SRCA,101,0.0
SRCA,102,0.0
SRCA,103,0.0
SRCA,104,0.0
SRCA,105,0.0
SRCA,106,0.0
SRCA,107,0.0
SRCA,108,0.0
SRCA,109,0.0
SRCA,110,0.0
SRCA,111,0.0
SRCA,112,0.0
SRCA,113,0.0
SRCA,114,0.0
SRCA,115,0.0
SRCA,116,0.0
SRCA,117,0.0
SRCA,118,0.0
SRCA,119,0.0
SRCA,120,0.0
SRCA,121,0.0
SRCA,122,0.0
SRCA,123,0.0
SRCA,124,0.0
SRCA,125,0.0
SRCA,126,0.0
SRCA,127,0.0
SRCA,128,0.0
SRCA,129,0.0
SRCA,130,0.0
SRCA,131,0.0
SRCA,132,0.0
SRCA,133,0.0
SRCA,134,0.0
SRCA,135,0.0
SRCA,136,0.0
SRCA,137,0.0
SRCA,138,0.0
SRCA,139,0.0
SRCA,140,0.0
SRCA,141,0.0
SRCA,142,0.0
SRCA,143,0.0
SRCA,144,0.0
SRCA,145,0.0
SRCA,146,0.0
SRCA,147,0.0
SRCA,148,0.0
SRCA,149,0.0
SRCA,150,0.0
SRCA,151,0.0
SRCA,152,0.0
SRCA,153,0.0
SRCA,154,0.0
SRCA,155,0.0
SRCA,156,0.0
SRCA,157,0.0
SRCA,158,0.0
SRCA,159,0.0
SRCA,160,0.0
SRCA,161,0.0
SRCA,162,0.0
SRCA,163,0.0
SRCA,164,0.0
SRCA,165,0.0
SRCA,166,0.0
SRCA,167,0.0
SRCA,168,0.0
SRCA,169,0.0
SRCA,170,0.0
SRCA,171,0.0
SRCA,172,0.0
SRCA,173,0.0
SRCA,174,0.0
SRCA,175,0.0
SRCA,176,0.0
SRCA,177,0.0
SRCA,178,0.0
SRCA,179,0.0
SRCA,180,0.0
SRCA,181,0.0
SRCA,182,0.0
SRCA,183,0.0
SRCA,184,0.0
SRCA,185,0.0
SRCA,186,0.0
SRCA,187,0.0
SRCA,188,0.0
SRCA,189,0.0
SRCA,190,0.0
SRCA,191,0.0
SRCA,192,0.0
SRCA,193,0.0
SRCA,194,0.0
SRCA,195,0.0
SRCA,196,0.0
SRCA,197,0.0
SRCA,198,0.0
SRCA,199,0.0
SRCA,200,0.0
SRCA,201,0.0
SRCA,202,0.0
SRCA,203,0.0
SRCA,204,0.0
SRCA,205,0.0
SRCA,206,0.0
SRCA,207,0.0
SRCA,208,0.0
SRCA,209,0.0
SRCA,210,0.0
SRCA,211,0.0
SRCA,212,0.0
SRCA,213,0.0
SRCA,214,0.0
SRCA,215,0.0
SRCA,216,0.0
SRCA,217,0.0
SRCA,218,0.0
SRCA,219,0.0
SRCA,220,0.0
SRCA,221,0.0
SRCA,222,0.0
SRCA,223,0.0
SRCA,224,0.0
SRCA,225,0.0
SRCA,226,0.0
SRCA,227,0.0
SRCA,228,0.0
SRCA,229,0.0
SRCA,230,0.0
SRCA,231,0.0
SRCA,232,0.0
SRCA,233,0.0
SRCA,234,0.0
SRCA,235,0.0
SRCA,236,0.0
SRCA,237,0.0
SRCA,238,0.0
SRCA,239,0.0
SRCA,240,0.0
SRCA,241,0.0
SRCA,242,0.0
SRCA,243,0.0
SRCA,244,0.0
SRCA,245,0.0
SRCA,246,0.0
SRCA,247,0.0
SRCA,248,0.0
SRCA,249,0.0
SRCA,250,0.0
SRCA,251,0.0
SRCA,252,0.0
SRCA,253,0.0
SRCA,254,0.0
SRCA,255,0.0
SRCA,256,0.0
SRCA,257,0.0
SRCA,258,0.0
SRCA,259,0.0
SRCA,260,0.0
SRCA,261,0.0
SRCA,262,0.0
SRCA,263,0.0
SRCA,264,0.0
SRCA,265,0.0
SRCA,266,0.0
SRCA,267,0.0
SRCA,268,0.0
SRCA,269,0.0
SRCA,270,0.0
SRCA,271,0.0
SRCA,272,0.0
SRCA,273,0.0
SRCA,274,0.0
SRCA,275,0.0
SRCA,276,0.0
SRCA,277,0.0
SRCA,278,0.0
SRCA,279,0.0
SRCA,280,0.0
SRCA,281,0.0
SRCA,282,0.0
SRCA,283,0.0
SRCA,284,0.0
SRCA,285,0.0
SRCA,286,0.0
SRCA,287,0.0
SRCA,288,0.0
SRCA,289,0.0
SRCA,290,0.0
SRCA,291,0.0
SRCA,292,0.0
SRCA,293,0.0
SRCA,294,0.0
SRCA,295,0.0
SRCA,296,0.0
SRCA,297,0.0
SRCA,298,0.0
SRCA,299,0.0
SRCA,300,0.0
SRCA,301,0.0
SRCA,302,0.0
SRCA,303,0.0
SRCA,304,0.0
SRCA,305,0.0
SRCA,306,0.0
SRCA,307,0.0
SRCA,308,0.0
SRCA,309,0.0
SRCA,310,0.0
SRCA,311,0.0
SRCA,312,0.0
SRCA,313,0.0
SRCA,314,0.0
SRCA,315,0.0
SRCA,316,0.0
SRCA,317,0.0
SRCA,318,0.0
SRCA,319,0.0
SRCA,320,0.0
SRCA,321,0.0
SRCA,322,0.0
SRCA,323,0.0
SRCA,324,0.0
SRCA,325,0.0
SRCA,326,0.0
SRCA,327,0.0
SRCA,328,0.0
SRCA,329,0.0
SRCA,330,0.0
SRCA,331,0.0
SRCA,332,0.0
SRCA,333,0.0
SRCA,334,0.0
SRCA,335,0.0
SRCA,336,0.0
SRCA,337,0.0
SRCA,338,0.0
SRCA,339,0.0
SRCA,340,0.0
SRCA,341,0.0
SRCA,342,0.0
SRCA,343,0.0
SRCA,344,0.0
SRCA,345,0.0
SRCA,346,0.0
SRCA,347,0.0
SRCA,348,0.0
SRCA,349,0.0
SRCA,350,0.0
SRCA,351,0.0
SRCA,352,0.0
SRCA,353,0.0
SRCA,354,0.0
SRCA,355,0.0
SRCA,356,0.0
SRCA,357,0.0
SRCA,358,0.0
SRCA,359,0.0
SRCA,360,0.0
SRCA,361,0.0
SRCA,362,0.0
SRCA,363,0.0
SRCA,364,0.0
SRCA,365,0.0
SRCA,366,0.0
SRCA,367,0.0
SRCA,368,0.0
SRCA,369,0.0
SRCA,370,0.0
SRCA,371,0.0
SRCA,372,0.0
SRCA,373,0.0
SRCA,374,0.0
SRCA,375,0.0
SRCA,376,0.0
SRCA,377,0.0
SRCA,378,0.0
SRCA,379,0.0
SRCA,380,0.0
SRCA,381,0.0
SRCA,382,0.0
SRCA,383,0.0
SRCA,384,0.0
SRCA,385,0.0
SRCA,386,0.0
SRCA,387,0.0
SRCA,388,0.0
SRCA,389,0.0
SRCA,390,0.0
SRCA,391,0.0
SRCA,392,0.0
SRCA,393,0.0
SRCA,394,0.0
SRCA,395,0.0
SRCA,396,0.0
SRCA,397,0.0
SRCA,398,0.0
SRCA,399,0.0
SRCA,400,0.0
SRCA,401,0.0
SRCA,402,0.0
SRCA,403,0.0
SRCA,404,0.0
SRCA,405,0.0
SRCA,406,0.0
SRCA,407,0.0
SRCA,408,0.0
SRCA,409,0.0
SRCA,410,0.0
SRCA,411,0.0
SRCA,412,0.0
SRCA,413,0.0
SRCA,414,0.0
SRCA,415,0.0
SRCA,416,0.0
SRCA,417,0.0
SRCA,418,0.0
SRCA,419,0.0
SRCA,420,0.0
SRCA,421,0.0
SRCA,422,0.0
SRCA,423,0.0
SRCA,424,0.0
SRCA,425,0.0
SRCA,426,0.0
SRCA,427,0.0
SRCA,428,0.0
SRCA,429,0.0
SRCA,430,0.0
SRCA,431,0.0
SRCA,432,0.0
SRCA,433,0.0
SRCA,434,0.0
SRCA,435,0.0
SRCA,436,0.0
SRCA,437,0.0
SRCA,438,0.0
SRCA,439,0.0
SRCA,440,0.0
SRCA,441,0.0
SRCA,442,0.0
SRCA,443,0.0
SRCA,444,0.0
SRCA,445,0.0
SRCA,446,0.0
SRCA,447,0.0
SRCA,448,0.0
SRCA,449,0.0
SRCA,450,0.0
SRCA,451,0.0
SRCA,452,0.0
SRCA,453,0.0
SRCA,454,0.0
SRCA,455,0.0
SRCA,456,0.0
SRCA,457,0.0
SRCA,458,0.0
SRCA,459,0.0
SRCA,460,0.0
SRCA,461,0.0
SRCA,462,0.0
SRCA,463,0.0
SRCA,464,0.0
SRCA,465,0.0
SRCA,466,0.0
SRCA,467,0.0
SRCA,468,0.0
SRCA,469,0.0
SRCA,470,0.0
SRCA,471,0.0
SRCA,472,0.0
SRCA,473,0.0
SRCA,474,0.0
SRCA,475,0.0
SRCA,476,0.0
SRCA,477,0.0
SRCA,478,0.0
SRCA,479,0.0
SRCA,480,0.0
SRCA,481,0.0
SRCA,482,0.0
SRCA,483,0.0
SRCA,484,0.0
SRCA,485,0.0
SRCA,486,0.0
SRCA,487,0.0
SRCA,488,0.0
SRCA,489,0.0
SRCA,490,0.0
SRCA,491,0.0
SRCA,492,0.0
SRCA,493,0.0
SRCA,494,0.0
SRCA,495,0.0
SRCA,496,0.0
SRCA,497,0.0
SRCA,498,0.0
SRCA,499,0.0
SRCA,500,0.0
SRCA,501,0.0
SRCA,502,0.0
SRCA,503,0.0
SRCA,504,0.0
SRCA,505,0.0
SRCA,506,0.0
SRCA,507,0.0
SRCA,508,0.0
SRCA,509,0.0
SRCA,510,0.0
SRCA,511,0.0
SRCA,512,0.0
SRCA,513,0.0
SRCA,514,0.0
SRCA,515,0.0
SRCA,516,0.0
SRCA,517,0.0
SRCA,518,0.0
SRCA,519,0.0
SRCA,520,0.0
SRCA,521,0.0
SRCA,522,0.0
SRCA,523,0.0
SRCA,524,0.0
SRCA,525,0.0
SRCA,526,0.0
SRCA,527,0.0
SRCA,528,0.0
SRCA,529,0.0
SRCA,530,0.0
SRCA,531,0.0
SRCA,532,0.0
SRCA,533,0.0
SRCA,534,0.0
SRCA,535,0.0
SRCA,536,0.0
SRCA,537,0.0
SRCA,538,0.0
SRCA,539,0.0
SRCA,540,0.0
SRCA,541,0.0
SRCA,542,0.0
SRCA,543,0.0
SRCA,544,0.0
SRCA,545,0.0
SRCA,546,0.0
SRCA,547,0.0
SRCA,548,0.0
SRCA,549,0.0
SRCA,550,0.0
SRCA,551,0.0
SRCA,552,0.0
SRCA,553,0.0
SRCA,554,0.0
SRCA,555,0.0
SRCA,556,0.0
SRCA,557,0.0
SRCA,558,0.0
SRCA,559,0.0
SRCA,560,0.0
SRCA,561,0.0
SRCA,562,0.0
SRCA,563,0.0
SRCA,564,0.0
SRCA,565,0.0
SRCA,566,0.0
SRCA,567,0.0
SRCA,568,0.0
SRCA,569,0.0
SRCA,570,0.0
SRCA,571,0.0
SRCA,572,0.0
SRCA,573,0.0
SRCA,574,0.0
SRCA,575,0.0
SRCA,576,0.0
SRCE,1,0.0
SRCE,2,0.0
SRCE,3,0.0
SRCE,4,0.0
SRCE,5,0.0
SRCE,6,0.0
SRCE,7,0.0
SRCE,8,0.0
SRCE,9,0.0
SRCE,10,0.0
SRCE,11,0.0
SRCE,12,0.0
SRCE,13,0.0
SRCE,14,0.0
SRCE,15,0.0
SRCE,16,0.0
SRCE,17,0.0
SRCE,18,0.0
SRCE,19,0.0
SRCE,20,0.0
SRCE,21,0.0
SRCE,22,0.0
SRCE,23,0.0
SRCE,24,0.0
SRCE,25,0.0
SRCE,26,0.0
SRCE,27,0.0
SRCE,28,0.0
SRCE,29,0.0
SRCE,30,0.0
SRCE,31,0.0
SRCE,32,0.0
SRCE,33,0.0
SRCE,34,0.0
SRCE,35,0.0
SRCE,36,0.0
SRCE,37,0.0
SRCE,38,0.0
SRCE,39,0.0
SRCE,40,0.0
SRCE,41,0.0
SRCE,42,0.0
SRCE,43,0.0
SRCE,44,0.0
SRCE,45,0.0
SRCE,46,0.0
SRCE,47,0.0
SRCE,48,0.0
SRCE,49,0.0
SRCE,50,0.0
SRCE,51,0.0
SRCE,52,0.0
SRCE,53,0.0
SRCE,54,0.0
SRCE,55,0.0
SRCE,56,0.0
SRCE,57,0.0
SRCE,58,0.0
SRCE,59,0.0
SRCE,60,0.0
SRCE,61,0.0
SRCE,62,0.0
SRCE,63,0.0
SRCE,64,0.0
SRCE,65,0.0
SRCE,66,0.0
SRCE,67,0.0
SRCE,68,0.0
SRCE,69,0.0
SRCE,70,0.0
SRCE,71,0.0
SRCE,72,0.0
SRCE,73,0.0
SRCE,74,0.0
SRCE,75,0.0
SRCE,76,0.0
SRCE,77,0.0
SRCE,78,0.0
SRCE,79,0.0
SRCE,80,0.0
SRCE,81,0.0
SRCE,82,0.0
SRCE,83,0.0
SRCE,84,0.0
SRCE,85,0.0
SRCE,86,0.0
SRCE,87,0.0
SRCE,88,0.0
SRCE,89,0.0
SRCE,90,0.0
SRCE,91,0.0
SRCE,92,0.0
SRCE,93,0.0
SRCE,94,0.0
SRCE,95,0.0
SRCE,96,0.0
SRCE,97,0.0
SRCE,98,0.0
SRCE,99,0.0
SRCE,100,0.0
SRCE,101,0.0
SRCE,102,0.0
SRCE,103,0.0
SRCE,104,0.0
SRCE,105,0.0
SRCE,106,0.0
SRCE,107,0.0
SRCE,108,0.0
SRCE,109,0.0
SRCE,110,0.0
SRCE,111,0.0
SRCE,112,0.0
SRCE,113,0.0
SRCE,114,0.0
SRCE,115,0.0
SRCE,116,0.0
SRCE,117,0.0
SRCE,118,0.0
SRCE,119,0.0
SRCE,120,0.0
SRCE,121,0.0
SRCE,122,0.0
SRCE,123,0.0
SRCE,124,0.0
SRCE,125,0.0
SRCE,126,0.0
SRCE,127,0.0
SRCE,128,0.0
SRCE,129,0.0
SRCE,130,0.0
SRCE,131,0.0
SRCE,132,0.0
SRCE,133,0.0
SRCE,134,0.0
SRCE,135,0.0
SRCE,136,0.0
SRCE,137,0.0
SRCE,138,0.0
SRCE,139,0.0
SRCE,140,0.0
SRCE,141,0.0
SRCE,142,0.0
SRCE,143,0.0
SRCE,144,0.0
SRCE,145,0.0
SRCE,146,0.0
SRCE,147,0.0
SRCE,148,0.0
SRCE,149,0.0
SRCE,150,0.0
SRCE,151,0.0
SRCE,152,0.0
SRCE,153,0.0
SRCE,154,0.0
SRCE,155,0.0
SRCE,156,0.0
SRCE,157,0.0
SRCE,158,0.0
SRCE,159,0.0
SRCE,160,0.0
SRCE,161,0.0
SRCE,162,0.0
SRCE,163,0.0
SRCE,164,0.0
SRCE,165,0.0
SRCE,166,0.0
SRCE,167,0.0
SRCE,168,0.0
SRCE,169,0.0
SRCE,170,0.0
SRCE,171,0.0
SRCE,172,0.0
SRCE,173,0.0
SRCE,174,0.0
SRCE,175,0.0
SRCE,176,0.0
SRCE,177,0.0
SRCE,178,0.0
SRCE,179,0.0
SRCE,180,0.0
SRCE,181,0.0
SRCE,182,0.0
SRCE,183,0.0
SRCE,184,0.0
SRCE,185,0.0
SRCE,186,0.0
SRCE,187,0.0
SRCE,188,0.0
SRCE,189,0.0
SRCE,190,0.0
SRCE,191,0.0
SRCE,192,0.0
SRCE,193,0.0
SRCE,194,0.0
SRCE,195,0.0
SRCE,196,0.0
SRCE,197,0.0
SRCE,198,0.0
SRCE,199,0.0
SRCE,200,0.0
SRCE,201,0.0
SRCE,202,0.0
SRCE,203,0.0
SRCE,204,0.0
SRCE,205,0.0
SRCE,206,0.0
SRCE,207,0.0
SRCE,208,0.0
SRCE,209,0.0
SRCE,210,0.0
SRCE,211,0.0
SRCE,212,0.0
SRCE,213,0.0
SRCE,214,0.0
SRCE,215,0.0
SRCE,216,0.0
SRCE,217,0.0
SRCE,218,0.0
SRCE,219,0.0
SRCE,220,0.0
SRCE,221,0.0
SRCE,222,0.0
SRCE,223,0.0
SRCE,224,0.0
SRCE,225,0.0
SRCE,226,0.0
SRCE,227,0.0
SRCE,228,0.0
SRCE,229,0.0
SRCE,230,0.0
SRCE,231,0.0
SRCE,232,0.0
SRCE,233,0.0
SRCE,234,0.0
SRCE,235,0.0
SRCE,236,0.0
SRCE,237,0.0
SRCE,238,0.0
SRCE,239,0.0
SRCE,240,0.0
SRCE,241,0.0
SRCE,242,0.0
SRCE,243,0.0
SRCE,244,0.0
SRCE,245,0.0
SRCE,246,0.0
SRCE,247,0.0
SRCE,248,0.0
SRCE,249,0.0
SRCE,250,0.0
SRCE,251,0.0
SRCE,252,0.0
SRCE,253,0.0
SRCE,254,0.0
SRCE,255,0.0
SRCE,256,0.0
SRCE,257,0.0
SRCE,258,0.0
SRCE,259,0.0
SRCE,260,0.0
SRCE,261,0.0
SRCE,262,0.0
SRCE,263,0.0
SRCE,264,0.0
SRCE,265,0.0
SRCE,266,0.0
SRCE,267,0.0
SRCE,268,0.0
SRCE,269,0.0
SRCE,270,0.0
SRCE,271,0.0
SRCE,272,0.0
SRCE,273,0.0
SRCE,274,0.0
SRCE,275,0.0
SRCE,276,0.0
SRCE,277,0.0
SRCE,278,0.0
SRCE,279,0.0
SRCE,280,0.0
SRCE,281,0.0
SRCE,282,0.0
SRCE,283,0.0
SRCE,284,0.0
SRCE,285,0.0
SRCE,286,0.0
SRCE,287,0.0
SRCE,288,0.0
SRCE,289,0.0
SRCE,290,0.0
SRCE,291,0.0
SRCE,292,0.0
SRCE,293,0.0
SRCE,294,0.0
SRCE,295,0.0
SRCE,296,0.0
SRCE,297,0.0
SRCE,298,0.0
SRCE,299,0.0
SRCE,300,0.0
SRCE,301,0.0
SRCE,302,0.0
SRCE,303,0.0
SRCE,304,0.0
SRCE,305,0.0
SRCE,306,0.0
SRCE,307,0.0
SRCE,308,0.0
SRCE,309,0.0
SRCE,310,0.0
SRCE,311,0.0
SRCE,312,0.0
SRCE,313,0.0
SRCE,314,0.0
SRCE,315,0.0
SRCE,316,0.0
SRCE,317,0.0
SRCE,318,0.0
SRCE,319,0.0
SRCE,320,0.0
SRCE,321,0.0
SRCE,322,0.0
SRCE,323,0.0
SRCE,324,0.0
SRCE,325,0.0
SRCE,326,0.0
SRCE,327,0.0
SRCE,328,0.0
SRCE,329,0.0
SRCE,330,0.0
SRCE,331,0.0
SRCE,332,0.0
SRCE,333,0.0
SRCE,334,0.0
SRCE,335,0.0
SRCE,336,0.0
SRCE,337,0.0
SRCE,338,0.0
SRCE,339,0.0
SRCE,340,0.0
SRCE,341,0.0
SRCE,342,0.0
SRCE,343,0.0
SRCE,344,0.0
SRCE,345,0.0
SRCE,346,0.0
SRCE,347,0.0
SRCE,348,0.0
SRCE,349,0.0
SRCE,350,0.0
SRCE,351,0.0
SRCE,352,0.0
SRCE,353,0.0
SRCE,354,0.0
SRCE,355,0.0
SRCE,356,0.0
SRCE,357,0.0
SRCE,358,0.0
SRCE,359,0.0
SRCE,360,0.0
SRCE,361,0.0
SRCE,362,0.0
SRCE,363,0.0
SRCE,364,0.0
SRCE,365,0.0
SRCE,366,0.0
SRCE,367,0.0
SRCE,368,0.0
SRCE,369,0.0
SRCE,370,0.0
SRCE,371,0.0
SRCE,372,0.0
SRCE,373,0.0
SRCE,374,0.0
SRCE,375,0.0
SRCE,376,0.0
SRCE,377,0.0
SRCE,378,0.0
SRCE,379,0.0
SRCE,380,0.0
SRCE,381,0.0
SRCE,382,0.0
SRCE,383,0.0
SRCE,384,0.0
SRCE,385,0.0
SRCE,386,0.0
SRCE,387,0.0
SRCE,388,0.0
SRCE,389,0.0
SRCE,390,0.0
SRCE,391,0.0
SRCE,392,0.0
SRCE,393,0.0
SRCE,394,0.0
SRCE,395,0.0
SRCE,396,0.0
SRCE,397,0.0
SRCE,398,0.0
SRCE,399,0.0
SRCE,400,0.0
SRCE,401,0.0
SRCE,402,0.0
SRCE,403,0.0
SRCE,404,0.0
SRCE,405,0.0
SRCE,406,0.0
SRCE,407,0.0
SRCE,408,0.0
SRCE,409,0.0
SRCE,410,0.0
SRCE,411,0.0
SRCE,412,0.0
SRCE,413,0.0
SRCE,414,0.0
SRCE,415,0.0
SRCE,416,0.0
SRCE,417,0.0
SRCE,418,0.0
SRCE,419,0.0
SRCE,420,0.0
SRCE,421,0.0
SRCE,422,0.0
SRCE,423,0.0
SRCE,424,0.0
SRCE,425,0.0
SRCE,426,0.0
SRCE,427,0.0
SRCE,428,0.0
SRCE,429,0.0
SRCE,430,0.0
SRCE,431,0.0
SRCE,432,0.0
SRCE,433,0.0
SRCE,434,0.0
SRCE,435,0.0
SRCE,436,0.0
SRCE,437,0.0
SRCE,438,0.0
SRCE,439,0.0
SRCE,440,0.0
SRCE,441,0.0
SRCE,442,0.0
SRCE,443,0.0
SRCE,444,0.0
SRCE,445,0.0
SRCE,446,0.0
SRCE,447,0.0
SRCE,448,0.0
SRCE,449,0.0
SRCE,450,0.0
SRCE,451,0.0
SRCE,452,0.0
SRCE,453,0.0
SRCE,454,0.0
SRCE,455,0.0
SRCE,456,0.0
SRCE,457,0.0
SRCE,458,0.0
SRCE,459,0.0
SRCE,460,0.0
SRCE,461,0.0
SRCE,462,0.0
SRCE,463,0.0
SRCE,464,0.0
SRCE,465,0.0
SRCE,466,0.0
SRCE,467,0.0
SRCE,468,0.0
SRCE,469,0.0
SRCE,470,0.0
SRCE,471,0.0
SRCE,472,0.0
SRCE,473,0.0
SRCE,474,0.0
SRCE,475,0.0
SRCE,476,0.0
SRCE,477,0.0
SRCE,478,0.0
SRCE,479,0.0
SRCE,480,0.0
SRCE,481,0.0
SRCE,482,0.0
SRCE,483,0.0
SRCE,484,0.0
SRCE,485,0.0
SRCE,486,0.0
SRCE,487,0.0
SRCE,488,0.0
SRCE,489,0.0
SRCE,490,0.0
SRCE,491,0.0
SRCE,492,0.0
SRCE,493,0.0
SRCE,494,0.0
SRCE,495,0.0
SRCE,496,0.0
SRCE,497,0.0
SRCE,498,0.0
SRCE,499,0.0
SRCE,500,0.0
SRCE,501,0.0
SRCE,502,0.0
SRCE,503,0.0
SRCE,504,0.0
SRCE,505,0.0
SRCE,506,0.0
SRCE,507,0.0
SRCE,508,0.0
SRCE,509,0.0
SRCE,510,0.0
SRCE,511,0.0
SRCE,512,0.0
SRCE,513,0.0
SRCE,514,0.0
SRCE,515,0.0
SRCE,516,0.0
SRCE,517,0.0
SRCE,518,0.0
SRCE,519,0.0
SRCE,520,0.0
SRCE,521,0.0
SRCE,522,0.0
SRCE,523,0.0
SRCE,524,0.0
SRCE,525,0.0
SRCE,526,0.0
SRCE,527,0.0
SRCE,528,0.0
SRCE,529,0.0
SRCE,530,0.0
SRCE,531,0.0
SRCE,532,0.0
SRCE,533,0.0
SRCE,534,0.0
SRCE,535,0.0
SRCE,536,0.0
SRCE,537,0.0
SRCE,538,0.0
SRCE,539,0.0
SRCE,540,0.0
SRCE,541,0.0
SRCE,542,0.0
SRCE,543,0.0
SRCE,544,0.0
SRCE,545,0.0
SRCE,546,0.0
SRCE,547,0.0
SRCE,548,0.0
SRCE,549,0.0
SRCE,550,0.0
SRCE,551,0.0
SRCE,552,0.0
SRCE,553,0.0
SRCE,554,0.0
SRCE,555,0.0
SRCE,556,0.0
SRCE,557,0.0
SRCE,558,0.0
SRCE,559,0.0
SRCE,560,0.0
SRCE,561,0.0
SRCE,562,0.0
SRCE,563,0.0
SRCE,564,0.0
SRCE,565,0.0
SRCE,566,0.0
SRCE,567,0.0
SRCE,568,0.0
SRCE,569,0.0
SRCE,570,0.0
SRCE,571,0.0
SRCE,572,0.0
SRCE,573,0.0
SRCE,574,0.0
SRCE,575,0.0
SRCE,576,0.0
SRSE,1,0.0
SRSE,2,0.0
SRSE,3,0.0
SRSE,4,0.0
SRSE,5,0.0
SRSE,6,0.0
SRSE,7,0.0
SRSE,8,0.0
SRSE,9,0.0
SRSE,10,0.0
SRSE,11,0.0
SRSE,12,0.0
SRSE,13,0.0
SRSE,14,0.0
SRSE,15,0.0
SRSE,16,0.0
SRSE,17,0.0
SRSE,18,0.0
SRSE,19,0.0
SRSE,20,0.0
SRSE,21,0.0
SRSE,22,0.0
SRSE,23,0.0
SRSE,24,0.0
SRSE,25,0.0
SRSE,26,0.0
SRSE,27,0.0
SRSE,28,0.0
SRSE,29,0.0
SRSE,30,0.0
SRSE,31,0.0
SRSE,32,0.0
SRSE,33,0.0
SRSE,34,0.0
SRSE,35,0.0
SRSE,36,0.0
SRSE,37,0.0
SRSE,38,0.0
SRSE,39,0.0
SRSE,40,0.0
SRSE,41,0.0
SRSE,42,0.0
SRSE,43,0.0
SRSE,44,0.0
SRSE,45,0.0
SRSE,46,0.0
SRSE,47,0.0
SRSE,48,0.0
SRSE,49,0.0
SRSE,50,0.0
SRSE,51,0.0
SRSE,52,0.0
SRSE,53,0.0
SRSE,54,0.0
SRSE,55,0.0
SRSE,56,0.0
SRSE,57,0.0
SRSE,58,0.0
SRSE,59,0.0
SRSE,60,0.0
SRSE,61,0.0
SRSE,62,0.0
SRSE,63,0.0
SRSE,64,0.0
SRSE,65,0.0
SRSE,66,0.0
SRSE,67,0.0
SRSE,68,0.0
SRSE,69,0.0
SRSE,70,0.0
SRSE,71,0.0
SRSE,72,0.0
SRSE,73,0.0
SRSE,74,0.0
SRSE,75,0.0
SRSE,76,0.0
SRSE,77,0.0
SRSE,78,0.0
SRSE,79,0.0
SRSE,80,0.0
SRSE,81,0.0
SRSE,82,0.0
SRSE,83,0.0
SRSE,84,0.0
SRSE,85,0.0
SRSE,86,0.0
SRSE,87,0.0
SRSE,88,0.0
SRSE,89,0.0
SRSE,90,0.0
SRSE,91,0.0
SRSE,92,0.0
SRSE,93,0.0
SRSE,94,0.0
SRSE,95,0.0
SRSE,96,0.0
SRSE,97,0.0
SRSE,98,0.0
SRSE,99,0.0
SRSE,100,0.0
SRSE,101,0.0
SRSE,102,0.0
SRSE,103,0.0
SRSE,104,0.0
SRSE,105,0.0
SRSE,106,0.0
SRSE,107,0.0
SRSE,108,0.0
SRSE,109,0.0
SRSE,110,0.0
SRSE,111,0.0
SRSE,112,0.0
SRSE,113,0.0
SRSE,114,0.0
SRSE,115,0.0
SRSE,116,0.0
SRSE,117,0.0
SRSE,118,0.0
SRSE,119,0.0
SRSE,120,0.0
SRSE,121,0.0
SRSE,122,0.0
SRSE,123,0.0
SRSE,124,0.0
SRSE,125,0.0
SRSE,126,0.0
SRSE,127,0.0
SRSE,128,0.0
SRSE,129,0.0
SRSE,130,0.0
SRSE,131,0.0
SRSE,132,0.0
SRSE,133,0.0
SRSE,134,0.0
SRSE,135,0.0
SRSE,136,0.0
SRSE,137,0.0
SRSE,138,0.0
SRSE,139,0.0
SRSE,140,0.0
SRSE,141,0.0
SRSE,142,0.0
SRSE,143,0.0
SRSE,144,0.0
SRSE,145,0.0
SRSE,146,0.0
SRSE,147,0.0
SRSE,148,0.0
SRSE,149,0.0
SRSE,150,0.0
SRSE,151,0.0
SRSE,152,0.0
SRSE,153,0.0
SRSE,154,0.0
SRSE,155,0.0
SRSE,156,0.0
SRSE,157,0.0
SRSE,158,0.0
SRSE,159,0.0
SRSE,160,0.0
SRSE,161,0.0
SRSE,162,0.0
SRSE,163,0.0
SRSE,164,0.0
SRSE,165,0.0
SRSE,166,0.0
SRSE,167,0.0
SRSE,168,0.0
SRSE,169,0.0
SRSE,170,0.0
SRSE,171,0.0
SRSE,172,0.0
SRSE,173,0.0
SRSE,174,0.0
SRSE,175,0.0
SRSE,176,0.0
SRSE,177,0.0
SRSE,178,0.0
SRSE,179,0.0
SRSE,180,0.0
SRSE,181,0.0
SRSE,182,0.0
SRSE,183,0.0
SRSE,184,0.0
SRSE,185,0.0
SRSE,186,0.0
SRSE,187,0.0
SRSE,188,0.0
SRSE,189,0.0
SRSE,190,0.0
SRSE,191,0.0
SRSE,192,0.0
SRSE,193,0.0
SRSE,194,0.0
SRSE,195,0.0
SRSE,196,0.0
SRSE,197,0.0
SRSE,198,0.0
SRSE,199,0.0
SRSE,200,0.0
SRSE,201,0.0
SRSE,202,0.0
SRSE,203,0.0
SRSE,204,0.0
SRSE,205,0.0
SRSE,206,0.0
SRSE,207,0.0
SRSE,208,0.0
SRSE,209,0.0
SRSE,210,0.0
SRSE,211,0.0
SRSE,212,0.0
SRSE,213,0.0
SRSE,214,0.0
SRSE,215,0.0
SRSE,216,0.0
SRSE,217,0.0
SRSE,218,0.0
SRSE,219,0.0
SRSE,220,0.0
SRSE,221,0.0
SRSE,222,0.0
SRSE,223,0.0
SRSE,224,0.0
SRSE,225,0.0
SRSE,226,0.0
SRSE,227,0.0
SRSE,228,0.0
SRSE,229,0.0
SRSE,230,0.0
SRSE,231,0.0
SRSE,232,0.0
SRSE,233,0.0
SRSE,234,0.0
SRSE,235,0.0
SRSE,236,0.0
SRSE,237,0.0
SRSE,238,0.0
SRSE,239,0.0
SRSE,240,0.0
SRSE,241,0.0
SRSE,242,0.0
SRSE,243,0.0
SRSE,244,0.0
SRSE,245,0.0
SRSE,246,0.0
SRSE,247,0.0
SRSE,248,0.0
SRSE,249,0.0
SRSE,250,0.0
SRSE,251,0.0
SRSE,252,0.0
SRSE,253,0.0
SRSE,254,0.0
SRSE,255,0.0
SRSE,256,0.0
SRSE,257,0.0
SRSE,258,0.0
SRSE,259,0.0
SRSE,260,0.0
SRSE,261,0.0
SRSE,262,0.0
SRSE,263,0.0
SRSE,264,0.0
SRSE,265,0.0
SRSE,266,0.0
SRSE,267,0.0
SRSE,268,0.0
SRSE,269,0.0
SRSE,270,0.0
SRSE,271,0.0
SRSE,272,0.0
SRSE,273,0.0
SRSE,274,0.0
SRSE,275,0.0
SRSE,276,0.0
SRSE,277,0.0
SRSE,278,0.0
SRSE,279,0.0
SRSE,280,0.0
SRSE,281,0.0
SRSE,282,0.0
SRSE,283,0.0
SRSE,284,0.0
SRSE,285,0.0
SRSE,286,0.0
SRSE,287,0.0
SRSE,288,0.0
SRSE,289,0.0
SRSE,290,0.0
SRSE,291,0.0
SRSE,292,0.0
SRSE,293,0.0
SRSE,294,0.0
SRSE,295,0.0
SRSE,296,0.0
SRSE,297,0.0
SRSE,298,0.0
SRSE,299,0.0
SRSE,300,0.0
SRSE,301,0.0
SRSE,302,0.0
SRSE,303,0.0
SRSE,304,0.0
SRSE,305,0.0
SRSE,306,0.0
SRSE,307,0.0
SRSE,308,0.0
SRSE,309,0.0
SRSE,310,0.0
SRSE,311,0.0
SRSE,312,0.0
SRSE,313,0.0
SRSE,314,0.0
SRSE,315,0.0
SRSE,316,0.0
SRSE,317,0.0
SRSE,318,0.0
SRSE,319,0.0
SRSE,320,0.0
SRSE,321,0.0
SRSE,322,0.0
SRSE,323,0.0
SRSE,324,0.0
SRSE,325,0.0
SRSE,326,0.0
SRSE,327,0.0
SRSE,328,0.0
SRSE,329,0.0
SRSE,330,0.0
SRSE,331,0.0
SRSE,332,0.0
SRSE,333,0.0
SRSE,334,0.0
SRSE,335,0.0
SRSE,336,0.0
SRSE,337,0.0
SRSE,338,0.0
SRSE,339,0.0
SRSE,340,0.0
SRSE,341,0.0
SRSE,342,0.0
SRSE,343,0.0
SRSE,344,0.0
SRSE,345,0.0
SRSE,346,0.0
SRSE,347,0.0
SRSE,348,0.0
SRSE,349,0.0
SRSE,350,0.0
SRSE,351,0.0
SRSE,352,0.0
SRSE,353,0.0
SRSE,354,0.0
SRSE,355,0.0
SRSE,356,0.0
SRSE,357,0.0
SRSE,358,0.0
SRSE,359,0.0
SRSE,360,0.0
SRSE,361,0.0
SRSE,362,0.0
SRSE,363,0.0
SRSE,364,0.0
SRSE,365,0.0
SRSE,366,0.0
SRSE,367,0.0
SRSE,368,0.0
SRSE,369,0.0
SRSE,370,0.0
SRSE,371,0.0
SRSE,372,0.0
SRSE,373,0.0
SRSE,374,0.0
SRSE,375,0.0
SRSE,376,0.0
SRSE,377,0.0
SRSE,378,0.0
SRSE,379,0.0
SRSE,380,0.0
SRSE,381,0.0
SRSE,382,0.0
SRSE,383,0.0
SRSE,384,0.0
SRSE,385,0.0
SRSE,386,0.0
SRSE,387,0.0
SRSE,388,0.0
SRSE,389,0.0
SRSE,390,0.0
SRSE,391,0.0
SRSE,392,0.0
SRSE,393,0.0
SRSE,394,0.0
SRSE,395,0.0
SRSE,396,0.0
SRSE,397,0.0
SRSE,398,0.0
SRSE,399,0.0
SRSE,400,0.0
SRSE,401,0.0
SRSE,402,0.0
SRSE,403,0.0
SRSE,404,0.0
SRSE,405,0.0
SRSE,406,0.0
SRSE,407,0.0
SRSE,408,0.0
SRSE,409,0.0
SRSE,410,0.0
SRSE,411,0.0
SRSE,412,0.0
SRSE,413,0.0
SRSE,414,0.0
SRSE,415,0.0
SRSE,416,0.0
SRSE,417,0.0
SRSE,418,0.0
SRSE,419,0.0
SRSE,420,0.0
SRSE,421,0.0
SRSE,422,0.0
SRSE,423,0.0
SRSE,424,0.0
SRSE,425,0.0
SRSE,426,0.0
SRSE,427,0.0
SRSE,428,0.0
SRSE,429,0.0
SRSE,430,0.0
SRSE,431,0.0
SRSE,432,0.0
SRSE,433,0.0
SRSE,434,0.0
SRSE,435,0.0
SRSE,436,0.0
SRSE,437,0.0
SRSE,438,0.0
SRSE,439,0.0
SRSE,440,0.0
SRSE,441,0.0
SRSE,442,0.0
SRSE,443,0.0
SRSE,444,0.0
SRSE,445,0.0
SRSE,446,0.0
SRSE,447,0.0
SRSE,448,0.0
SRSE,449,0.0
SRSE,450,0.0
SRSE,451,0.0
SRSE,452,0.0
SRSE,453,0.0
SRSE,454,0.0
SRSE,455,0.0
SRSE,456,0.0
SRSE,457,0.0
SRSE,458,0.0
SRSE,459,0.0
SRSE,460,0.0
SRSE,461,0.0
SRSE,462,0.0
SRSE,463,0.0
SRSE,464,0.0
SRSE,465,0.0
SRSE,466,0.0
SRSE,467,0.0
SRSE,468,0.0
SRSE,469,0.0
SRSE,470,0.0
SRSE,471,0.0
SRSE,472,0.0
SRSE,473,0.0
SRSE,474,0.0
SRSE,475,0.0
SRSE,476,0.0
SRSE,477,0.0
SRSE,478,0.0
SRSE,479,0.0
SRSE,480,0.0
SRSE,481,0.0
SRSE,482,0.0
SRSE,483,0.0
SRSE,484,0.0
SRSE,485,0.0
SRSE,486,0.0
SRSE,487,0.0
SRSE,488,0.0
SRSE,489,0.0
SRSE,490,0.0
SRSE,491,0.0
SRSE,492,0.0
SRSE,493,0.0
SRSE,494,0.0
SRSE,495,0.0
SRSE,496,0.0
SRSE,497,0.0
SRSE,498,0.0
SRSE,499,0.0
SRSE,500,0.0
SRSE,501,0.0
SRSE,502,0.0
SRSE,503,0.0
SRSE,504,0.0
SRSE,505,0.0
SRSE,506,0.0
SRSE,507,0.0
SRSE,508,0.0
SRSE,509,0.0
SRSE,510,0.0
SRSE,511,0.0
SRSE,512,0.0
SRSE,513,0.0
SRSE,514,0.0
SRSE,515,0.0
SRSE,516,0.0
SRSE,517,0.0
SRSE,518,0.0
SRSE,519,0.0
SRSE,520,0.0
SRSE,521,0.0
SRSE,522,0.0
SRSE,523,0.0
SRSE,524,0.0
SRSE,525,0.0
SRSE,526,0.0
SRSE,527,0.0
SRSE,528,0.0
SRSE,529,0.0
SRSE,530,0.0
SRSE,531,0.0
SRSE,532,0.0
SRSE,533,0.0
SRSE,534,0.0
SRSE,535,0.0
SRSE,536,0.0
SRSE,537,0.0
SRSE,538,0.0
SRSE,539,0.0
SRSE,540,0.0
SRSE,541,0.0
SRSE,542,0.0
SRSE,543,0.0
SRSE,544,0.0
SRSE,545,0.0
SRSE,546,0.0
SRSE,547,0.0
SRSE,548,0.0
SRSE,549,0.0
SRSE,550,0.0
SRSE,551,0.0
SRSE,552,0.0
SRSE,553,0.0
SRSE,554,0.0
SRSE,555,0.0
SRSE,556,0.0
SRSE,557,0.0
SRSE,558,0.0
SRSE,559,0.0
SRSE,560,0.0
SRSE,561,0.0
SRSE,562,0.0
SRSE,563,0.0
SRSE,564,0.0
SRSE,565,0.0
SRSE,566,0.0
SRSE,567,0.0
SRSE,568,0.0
SRSE,569,0.0
SRSE,570,0.0
SRSE,571,0.0
SRSE,572,0.0
SRSE,573,0.0
SRSE,574,0.0
SRSE,575,0.0
SRSE,576,0.0
SRSG,1,0.0
SRSG,2,0.0
SRSG,3,0.0
SRSG,4,0.0
SRSG,5,0.0
SRSG,6,0.0
SRSG,7,0.0
SRSG,8,0.0
SRSG,9,0.0
SRSG,10,0.0
SRSG,11,0.0
SRSG,12,0.0
SRSG,13,0.0
SRSG,14,0.0
SRSG,15,0.0
SRSG,16,0.0
SRSG,17,0.0
SRSG,18,0.0
SRSG,19,0.0
SRSG,20,0.0
SRSG,21,0.0
SRSG,22,0.0
SRSG,23,0.0
SRSG,24,0.0
SRSG,25,0.0
SRSG,26,0.0
SRSG,27,0.0
SRSG,28,0.0
SRSG,29,0.0
SRSG,30,0.0
SRSG,31,0.0
SRSG,32,0.0
SRSG,33,0.0
SRSG,34,0.0
SRSG,35,0.0
SRSG,36,0.0
SRSG,37,0.0
SRSG,38,0.0
SRSG,39,0.0
SRSG,40,0.0
SRSG,41,0.0
SRSG,42,0.0
SRSG,43,0.0
SRSG,44,0.0
SRSG,45,0.0
SRSG,46,0.0
SRSG,47,0.0
SRSG,48,0.0
SRSG,49,0.0
SRSG,50,0.0
SRSG,51,0.0
SRSG,52,0.0
SRSG,53,0.0
SRSG,54,0.0
SRSG,55,0.0
SRSG,56,0.0
SRSG,57,0.0
SRSG,58,0.0
SRSG,59,0.0
SRSG,60,0.0
SRSG,61,0.0
SRSG,62,0.0
SRSG,63,0.0
SRSG,64,0.0
SRSG,65,0.0
SRSG,66,0.0
SRSG,67,0.0
SRSG,68,0.0
SRSG,69,0.0
SRSG,70,0.0
SRSG,71,0.0
SRSG,72,0.0
SRSG,73,0.0
SRSG,74,0.0
SRSG,75,0.0
SRSG,76,0.0
SRSG,77,0.0
SRSG,78,0.0
SRSG,79,0.0
SRSG,80,0.0
SRSG,81,0.0
SRSG,82,0.0
SRSG,83,0.0
SRSG,84,0.0
SRSG,85,0.0
SRSG,86,0.0
SRSG,87,0.0
SRSG,88,0.0
SRSG,89,0.0
SRSG,90,0.0
SRSG,91,0.0
SRSG,92,0.0
SRSG,93,0.0
SRSG,94,0.0
SRSG,95,0.0
SRSG,96,0.0
SRSG,97,0.0
SRSG,98,0.0
SRSG,99,0.0
SRSG,100,0.0
SRSG,101,0.0
SRSG,102,0.0
SRSG,103,0.0
SRSG,104,0.0
SRSG,105,0.0
SRSG,106,0.0
SRSG,107,0.0
SRSG,108,0.0
SRSG,109,0.0
SRSG,110,0.0
SRSG,111,0.0
SRSG,112,0.0
SRSG,113,0.0
SRSG,114,0.0
SRSG,115,0.0
SRSG,116,0.0
SRSG,117,0.0
SRSG,118,0.0
SRSG,119,0.0
SRSG,120,0.0
SRSG,121,0.0
SRSG,122,0.0
SRSG,123,0.0
SRSG,124,0.0
SRSG,125,0.0
SRSG,126,0.0
SRSG,127,0.0
SRSG,128,0.0
SRSG,129,0.0
SRSG,130,0.0
SRSG,131,0.0
SRSG,132,0.0
SRSG,133,0.0
SRSG,134,0.0
SRSG,135,0.0
SRSG,136,0.0
SRSG,137,0.0
SRSG,138,0.0
SRSG,139,0.0
SRSG,140,0.0
SRSG,141,0.0
SRSG,142,0.0
SRSG,143,0.0
SRSG,144,0.0
SRSG,145,0.0
SRSG,146,0.0
SRSG,147,0.0
SRSG,148,0.0
SRSG,149,0.0
SRSG,150,0.0
SRSG,151,0.0
SRSG,152,0.0
SRSG,153,0.0
SRSG,154,0.0
SRSG,155,0.0
SRSG,156,0.0
SRSG,157,0.0
SRSG,158,0.0
SRSG,159,0.0
SRSG,160,0.0
SRSG,161,0.0
SRSG,162,0.0
SRSG,163,0.0
SRSG,164,0.0
SRSG,165,0.0
SRSG,166,0.0
SRSG,167,0.0
SRSG,168,0.0
SRSG,169,0.0
SRSG,170,0.0
SRSG,171,0.0
SRSG,172,0.0
SRSG,173,0.0
SRSG,174,0.0
SRSG,175,0.0
SRSG,176,0.0
SRSG,177,0.0
SRSG,178,0.0
SRSG,179,0.0
SRSG,180,0.0
SRSG,181,0.0
SRSG,182,0.0
SRSG,183,0.0
SRSG,184,0.0
SRSG,185,0.0
SRSG,186,0.0
SRSG,187,0.0
SRSG,188,0.0
SRSG,189,0.0
SRSG,190,0.0
SRSG,191,0.0
SRSG,192,0.0
SRSG,193,0.0
SRSG,194,0.0
SRSG,195,0.0
SRSG,196,0.0
SRSG,197,0.0
SRSG,198,0.0
SRSG,199,0.0
SRSG,200,0.0
SRSG,201,0.0
SRSG,202,0.0
SRSG,203,0.0
SRSG,204,0.0
SRSG,205,0.0
SRSG,206,0.0
SRSG,207,0.0
SRSG,208,0.0
SRSG,209,0.0
SRSG,210,0.0
SRSG,211,0.0
SRSG,212,0.0
SRSG,213,0.0
SRSG,214,0.0
SRSG,215,0.0
SRSG,216,0.0
SRSG,217,0.0
SRSG,218,0.0
SRSG,219,0.0
SRSG,220,0.0
SRSG,221,0.0
SRSG,222,0.0
SRSG,223,0.0
SRSG,224,0.0
SRSG,225,0.0
SRSG,226,0.0
SRSG,227,0.0
SRSG,228,0.0
SRSG,229,0.0
SRSG,230,0.0
SRSG,231,0.0
SRSG,232,0.0
SRSG,233,0.0
SRSG,234,0.0
SRSG,235,0.0
SRSG,236,0.0
SRSG,237,0.0
SRSG,238,0.0
SRSG,239,0.0
SRSG,240,0.0
SRSG,241,0.0
SRSG,242,0.0
SRSG,243,0.0
SRSG,244,0.0
SRSG,245,0.0
SRSG,246,0.0
SRSG,247,0.0
SRSG,248,0.0
SRSG,249,0.0
SRSG,250,0.0
SRSG,251,0.0
SRSG,252,0.0
SRSG,253,0.0
SRSG,254,0.0
SRSG,255,0.0
SRSG,256,0.0
SRSG,257,0.0
SRSG,258,0.0
SRSG,259,0.0
SRSG,260,0.0
SRSG,261,0.0
SRSG,262,0.0
SRSG,263,0.0
SRSG,264,0.0
SRSG,265,0.0
SRSG,266,0.0
SRSG,267,0.0
SRSG,268,0.0
SRSG,269,0.0
SRSG,270,0.0
SRSG,271,0.0
SRSG,272,0.0
SRSG,273,0.0
SRSG,274,0.0
SRSG,275,0.0
SRSG,276,0.0
SRSG,277,0.0
SRSG,278,0.0
SRSG,279,0.0
SRSG,280,0.0
SRSG,281,0.0
SRSG,282,0.0
SRSG,283,0.0
SRSG,284,0.0
SRSG,285,0.0
SRSG,286,0.0
SRSG,287,0.0
SRSG,288,0.0
SRSG,289,0.0
SRSG,290,0.0
SRSG,291,0.0
SRSG,292,0.0
SRSG,293,0.0
SRSG,294,0.0
SRSG,295,0.0
SRSG,296,0.0
SRSG,297,0.0
SRSG,298,0.0
SRSG,299,0.0
SRSG,300,0.0
SRSG,301,0.0
SRSG,302,0.0
SRSG,303,0.0
SRSG,304,0.0
SRSG,305,0.0
SRSG,306,0.0
SRSG,307,0.0
SRSG,308,0.0
SRSG,309,0.0
SRSG,310,0.0
SRSG,311,0.0
SRSG,312,0.0
SRSG,313,0.0
SRSG,314,0.0
SRSG,315,0.0
SRSG,316,0.0
SRSG,317,0.0
SRSG,318,0.0
SRSG,319,0.0
SRSG,320,0.0
SRSG,321,0.0
SRSG,322,0.0
SRSG,323,0.0
SRSG,324,0.0
SRSG,325,0.0
SRSG,326,0.0
SRSG,327,0.0
SRSG,328,0.0
SRSG,329,0.0
SRSG,330,0.0
SRSG,331,0.0
SRSG,332,0.0
SRSG,333,0.0
SRSG,334,0.0
SRSG,335,0.0
SRSG,336,0.0
SRSG,337,0.0
SRSG,338,0.0
SRSG,339,0.0
SRSG,340,0.0
SRSG,341,0.0
SRSG,342,0.0
SRSG,343,0.0
SRSG,344,0.0
SRSG,345,0.0
SRSG,346,0.0
SRSG,347,0.0
SRSG,348,0.0
SRSG,349,0.0
SRSG,350,0.0
SRSG,351,0.0
SRSG,352,0.0
SRSG,353,0.0
SRSG,354,0.0
SRSG,355,0.0
SRSG,356,0.0
SRSG,357,0.0
SRSG,358,0.0
SRSG,359,0.0
SRSG,360,0.0
SRSG,361,0.0
SRSG,362,0.0
SRSG,363,0.0
SRSG,364,0.0
SRSG,365,0.0
SRSG,366,0.0
SRSG,367,0.0
SRSG,368,0.0
SRSG,369,0.0
SRSG,370,0.0
SRSG,371,0.0
SRSG,372,0.0
SRSG,373,0.0
SRSG,374,0.0
SRSG,375,0.0
SRSG,376,0.0
SRSG,377,0.0
SRSG,378,0.0
SRSG,379,0.0
SRSG,380,0.0
SRSG,381,0.0
SRSG,382,0.0
SRSG,383,0.0
SRSG,384,0.0
SRSG,385,0.0
SRSG,386,0.0
SRSG,387,0.0
SRSG,388,0.0
SRSG,389,0.0
SRSG,390,0.0
SRSG,391,0.0
SRSG,392,0.0
SRSG,393,0.0
SRSG,394,0.0
SRSG,395,0.0
SRSG,396,0.0
SRSG,397,0.0
SRSG,398,0.0
SRSG,399,0.0
SRSG,400,0.0
SRSG,401,0.0
SRSG,402,0.0
SRSG,403,0.0
SRSG,404,0.0
SRSG,405,0.0
SRSG,406,0.0
SRSG,407,0.0
SRSG,408,0.0
SRSG,409,0.0
SRSG,410,0.0
SRSG,411,0.0
SRSG,412,0.0
SRSG,413,0.0
SRSG,414,0.0
SRSG,415,0.0
SRSG,416,0.0
SRSG,417,0.0
SRSG,418,0.0
SRSG,419,0.0
SRSG,420,0.0
SRSG,421,0.0
SRSG,422,0.0
SRSG,423,0.0
SRSG,424,0.0
SRSG,425,0.0
SRSG,426,0.0
SRSG,427,0.0
SRSG,428,0.0
SRSG,429,0.0
SRSG,430,0.0
SRSG,431,0.0
SRSG,432,0.0
SRSG,433,0.0
SRSG,434,0.0
SRSG,435,0.0
SRSG,436,0.0
SRSG,437,0.0
SRSG,438,0.0
SRSG,439,0.0
SRSG,440,0.0
SRSG,441,0.0
SRSG,442,0.0
SRSG,443,0.0
SRSG,444,0.0
SRSG,445,0.0
SRSG,446,0.0
SRSG,447,0.0
SRSG,448,0.0
SRSG,449,0.0
SRSG,450,0.0
SRSG,451,0.0
SRSG,452,0.0
SRSG,453,0.0
SRSG,454,0.0
SRSG,455,0.0
SRSG,456,0.0
SRSG,457,0.0
SRSG,458,0.0
SRSG,459,0.0
SRSG,460,0.0
SRSG,461,0.0
SRSG,462,0.0
SRSG,463,0.0
SRSG,464,0.0
SRSG,465,0.0
SRSG,466,0.0
SRSG,467,0.0
SRSG,468,0.0
SRSG,469,0.0
SRSG,470,0.0
SRSG,471,0.0
SRSG,472,0.0
SRSG,473,0.0
SRSG,474,0.0
SRSG,475,0.0
SRSG,476,0.0
SRSG,477,0.0
SRSG,478,0.0
SRSG,479,0.0
SRSG,480,0.0
SRSG,481,0.0
SRSG,482,0.0
SRSG,483,0.0
SRSG,484,0.0
SRSG,485,0.0
SRSG,486,0.0
SRSG,487,0.0
SRSG,488,0.0
SRSG,489,0.0
SRSG,490,0.0
SRSG,491,0.0
SRSG,492,0.0
SRSG,493,0.0
SRSG,494,0.0
SRSG,495,0.0
SRSG,496,0.0
SRSG,497,0.0
SRSG,498,0.0
SRSG,499,0.0
SRSG,500,0.0
SRSG,501,0.0
SRSG,502,0.0
SRSG,503,0.0
SRSG,504,0.0
SRSG,505,0.0
SRSG,506,0.0
SRSG,507,0.0
SRSG,508,0.0
SRSG,509,0.0
SRSG,510,0.0
SRSG,511,0.0
SRSG,512,0.0
SRSG,513,0.0
SRSG,514,0.0
SRSG,515,0.0
SRSG,516,0.0
SRSG,517,0.0
SRSG,518,0.0
SRSG,519,0.0
SRSG,520,0.0
SRSG,521,0.0
SRSG,522,0.0
SRSG,523,0.0
SRSG,524,0.0
SRSG,525,0.0
SRSG,526,0.0
SRSG,527,0.0
SRSG,528,0.0
SRSG,529,0.0
SRSG,530,0.0
SRSG,531,0.0
SRSG,532,0.0
SRSG,533,0.0
SRSG,534,0.0
SRSG,535,0.0
SRSG,536,0.0
SRSG,537,0.0
SRSG,538,0.0
SRSG,539,0.0
SRSG,540,0.0
SRSG,541,0.0
SRSG,542,0.0
SRSG,543,0.0
SRSG,544,0.0
SRSG,545,0.0
SRSG,546,0.0
SRSG,547,0.0
SRSG,548,0.0
SRSG,549,0.0
SRSG,550,0.0
SRSG,551,0.0
SRSG,552,0.0
SRSG,553,0.0
SRSG,554,0.0
SRSG,555,0.0
SRSG,556,0.0
SRSG,557,0.0
SRSG,558,0.0
SRSG,559,0.0
SRSG,560,0.0
SRSG,561,0.0
SRSG,562,0.0
SRSG,563,0.0
SRSG,564,0.0
SRSG,565,0.0
SRSG,566,0.0
SRSG,567,0.0
SRSG,568,0.0
SRSG,569,0.0
SRSG,570,0.0
SRSG,571,0.0
SRSG,572,0.0
SRSG,573,0.0
SRSG,574,0.0
SRSG,575,0.0
SRSG,576,0.0
TRE,1,0.0
TRE,2,0.0
TRE,3,0.0
TRE,4,0.0
TRE,5,0.0
TRE,6,0.0
TRE,7,0.0
TRE,8,0.0
TRE,9,0.0
TRE,10,0.0
TRE,11,0.0
TRE,12,0.0
TRE,13,0.0
TRE,14,0.0
TRE,15,0.0
TRE,16,0.0
TRE,17,0.0
TRE,18,0.0
TRE,19,0.0
TRE,20,0.0
TRE,21,0.0
TRE,22,0.0
TRE,23,0.0
TRE,24,0.0
TRE,25,0.0
TRE,26,0.0
TRE,27,0.0
TRE,28,0.0
TRE,29,0.0
TRE,30,0.0
TRE,31,0.0
TRE,32,0.0
TRE,33,0.0
TRE,34,0.0
TRE,35,0.0
TRE,36,0.0
TRE,37,0.0
TRE,38,0.0
TRE,39,0.0
TRE,40,0.0
TRE,41,0.0
TRE,42,0.0
TRE,43,0.0
TRE,44,0.0
TRE,45,0.0
TRE,46,0.0
TRE,47,0.0
TRE,48,0.0
TRE,49,0.0
TRE,50,0.0
TRE,51,0.0
TRE,52,0.0
TRE,53,0.0
TRE,54,0.0
TRE,55,0.0
TRE,56,0.0
TRE,57,0.0
TRE,58,0.0
TRE,59,0.0
TRE,60,0.0
TRE,61,0.0
TRE,62,0.0
TRE,63,0.0
TRE,64,0.0
TRE,65,0.0
TRE,66,0.0
TRE,67,0.0
TRE,68,0.0
TRE,69,0.0
TRE,70,0.0
TRE,71,0.0
TRE,72,0.0
TRE,73,0.0
TRE,74,0.0
TRE,75,0.0
TRE,76,0.0
TRE,77,0.0
TRE,78,0.0
TRE,79,0.0
TRE,80,0.0
TRE,81,0.0
TRE,82,0.0
TRE,83,0.0
TRE,84,0.0
TRE,85,0.0
TRE,86,0.0
TRE,87,0.0
TRE,88,0.0
TRE,89,0.0
TRE,90,0.0
TRE,91,0.0
TRE,92,0.0
TRE,93,0.0
TRE,94,0.0
TRE,95,0.0
TRE,96,0.0
TRE,97,0.0
TRE,98,0.0
TRE,99,0.0
TRE,100,0.0
TRE,101,0.0
TRE,102,0.0
TRE,103,0.0
TRE,104,0.0
TRE,105,0.0
TRE,106,0.0
TRE,107,0.0
TRE,108,0.0
TRE,109,0.0
TRE,110,0.0
TRE,111,0.0
TRE,112,0.0
TRE,113,0.0
TRE,114,0.0
TRE,115,0.0
TRE,116,0.0
TRE,117,0.0
TRE,118,0.0
TRE,119,0.0
TRE,120,0.0
TRE,121,0.0
TRE,122,0.0
TRE,123,0.0
TRE,124,0.0
TRE,125,0.0
TRE,126,0.0
TRE,127,0.0
TRE,128,0.0
TRE,129,0.0
TRE,130,0.0
TRE,131,0.0
TRE,132,0.0
TRE,133,0.0
TRE,134,0.0
TRE,135,0.0
TRE,136,0.0
TRE,137,0.0
TRE,138,0.0
TRE,139,0.0
TRE,140,0.0
TRE,141,0.0
TRE,142,0.0
TRE,143,0.0
TRE,144,0.0
TRE,145,0.0
TRE,146,0.0
TRE,147,0.0
TRE,148,0.0
TRE,149,0.0
TRE,150,0.0
TRE,151,0.0
TRE,152,0.0
TRE,153,0.0
TRE,154,0.0
TRE,155,0.0
TRE,156,0.0
TRE,157,0.0
TRE,158,0.0
TRE,159,0.0
TRE,160,0.0
TRE,161,0.0
TRE,162,0.0
TRE,163,0.0
TRE,164,0.0
TRE,165,0.0
TRE,166,0.0
TRE,167,0.0
TRE,168,0.0
TRE,169,0.0
TRE,170,0.0
TRE,171,0.0
TRE,172,0.0
TRE,173,0.0
TRE,174,0.0
TRE,175,0.0
TRE,176,0.0
TRE,177,0.0
TRE,178,0.0
TRE,179,0.0
TRE,180,0.0
TRE,181,0.0
TRE,182,0.0
TRE,183,0.0
TRE,184,0.0
TRE,185,0.0
TRE,186,0.0
TRE,187,0.0
TRE,188,0.0
TRE,189,0.0
TRE,190,0.0
TRE,191,0.0
TRE,192,0.0
TRE,193,0.0
TRE,194,0.0
TRE,195,0.0
TRE,196,0.0
TRE,197,0.0
TRE,198,0.0
TRE,199,0.0
TRE,200,0.0
TRE,201,0.0
TRE,202,0.0
TRE,203,0.0
TRE,204,0.0
TRE,205,0.0
TRE,206,0.0
TRE,207,0.0
TRE,208,0.0
TRE,209,0.0
TRE,210,0.0
TRE,211,0.0
TRE,212,0.0
TRE,213,0.0
TRE,214,0.0
TRE,215,0.0
TRE,216,0.0
TRE,217,0.0
TRE,218,0.0
TRE,219,0.0
TRE,220,0.0
TRE,221,0.0
TRE,222,0.0
TRE,223,0.0
TRE,224,0.0
TRE,225,0.0
TRE,226,0.0
TRE,227,0.0
TRE,228,0.0
TRE,229,0.0
TRE,230,0.0
TRE,231,0.0
TRE,232,0.0
TRE,233,0.0
TRE,234,0.0
TRE,235,0.0
TRE,236,0.0
TRE,237,0.0
TRE,238,0.0
TRE,239,0.0
TRE,240,0.0
TRE,241,0.0
TRE,242,0.0
TRE,243,0.0
TRE,244,0.0
TRE,245,0.0
TRE,246,0.0
TRE,247,0.0
TRE,248,0.0
TRE,249,0.0
TRE,250,0.0
TRE,251,0.0
TRE,252,0.0
TRE,253,0.0
TRE,254,0.0
TRE,255,0.0
TRE,256,0.0
TRE,257,0.0
TRE,258,0.0
TRE,259,0.0
TRE,260,0.0
TRE,261,0.0
TRE,262,0.0
TRE,263,0.0
TRE,264,0.0
TRE,265,0.0
TRE,266,0.0
TRE,267,0.0
TRE,268,0.0
TRE,269,0.0
TRE,270,0.0
TRE,271,0.0
TRE,272,0.0
TRE,273,0.0
TRE,274,0.0
TRE,275,0.0
TRE,276,0.0
TRE,277,0.0
TRE,278,0.0
TRE,279,0.0
TRE,280,0.0
TRE,281,0.0
TRE,282,0.0
TRE,283,0.0
TRE,284,0.0
TRE,285,0.0
TRE,286,0.0
TRE,287,0.0
TRE,288,0.0
TRE,289,0.0
TRE,290,0.0
TRE,291,0.0
TRE,292,0.0
TRE,293,0.0
TRE,294,0.0
TRE,295,0.0
TRE,296,0.0
TRE,297,0.0
TRE,298,0.0
TRE,299,0.0
TRE,300,0.0
TRE,301,0.0
TRE,302,0.0
TRE,303,0.0
TRE,304,0.0
TRE,305,0.0
TRE,306,0.0
TRE,307,0.0
TRE,308,0.0
TRE,309,0.0
TRE,310,0.0
TRE,311,0.0
TRE,312,0.0
TRE,313,0.0
TRE,314,0.0
TRE,315,0.0
TRE,316,0.0
TRE,317,0.0
TRE,318,0.0
TRE,319,0.0
TRE,320,0.0
TRE,321,0.0
TRE,322,0.0
TRE,323,0.0
TRE,324,0.0
TRE,325,0.0
TRE,326,0.0
TRE,327,0.0
TRE,328,0.0
TRE,329,0.0
TRE,330,0.0
TRE,331,0.0
TRE,332,0.0
TRE,333,0.0
TRE,334,0.0
TRE,335,0.0
TRE,336,0.0
TRE,337,0.0
TRE,338,0.0
TRE,339,0.0
TRE,340,0.0
TRE,341,0.0
TRE,342,0.0
TRE,343,0.0
TRE,344,0.0
TRE,345,0.0
TRE,346,0.0
TRE,347,0.0
TRE,348,0.0
TRE,349,0.0
TRE,350,0.0
TRE,351,0.0
TRE,352,0.0
TRE,353,0.0
TRE,354,0.0
TRE,355,0.0
TRE,356,0.0
TRE,357,0.0
TRE,358,0.0
TRE,359,0.0
TRE,360,0.0
TRE,361,0.0
TRE,362,0.0
TRE,363,0.0
TRE,364,0.0
TRE,365,0.0
TRE,366,0.0
TRE,367,0.0
TRE,368,0.0
TRE,369,0.0
TRE,370,0.0
TRE,371,0.0
TRE,372,0.0
TRE,373,0.0
TRE,374,0.0
TRE,375,0.0
TRE,376,0.0
TRE,377,0.0
TRE,378,0.0
TRE,379,0.0
TRE,380,0.0
TRE,381,0.0
TRE,382,0.0
TRE,383,0.0
TRE,384,0.0
TRE,385,0.0
TRE,386,0.0
TRE,387,0.0
TRE,388,0.0
TRE,389,0.0
TRE,390,0.0
TRE,391,0.0
TRE,392,0.0
TRE,393,0.0
TRE,394,0.0
TRE,395,0.0
TRE,396,0.0
TRE,397,0.0
TRE,398,0.0
TRE,399,0.0
TRE,400,0.0
TRE,401,0.0
TRE,402,0.0
TRE,403,0.0
TRE,404,0.0
TRE,405,0.0
TRE,406,0.0
TRE,407,0.0
TRE,408,0.0
TRE,409,0.0
TRE,410,0.0
TRE,411,0.0
TRE,412,0.0
TRE,413,0.0
TRE,414,0.0
TRE,415,0.0
TRE,416,0.0
TRE,417,0.0
TRE,418,0.0
TRE,419,0.0
TRE,420,0.0
TRE,421,0.0
TRE,422,0.0
TRE,423,0.0
TRE,424,0.0
TRE,425,0.0
TRE,426,0.0
TRE,427,0.0
TRE,428,0.0
TRE,429,0.0
TRE,430,0.0
TRE,431,0.0
TRE,432,0.0
TRE,433,0.0
TRE,434,0.0
TRE,435,0.0
TRE,436,0.0
TRE,437,0.0
TRE,438,0.0
TRE,439,0.0
TRE,440,0.0
TRE,441,0.0
TRE,442,0.0
TRE,443,0.0
TRE,444,0.0
TRE,445,0.0
TRE,446,0.0
TRE,447,0.0
TRE,448,0.0
TRE,449,0.0
TRE,450,0.0
TRE,451,0.0
TRE,452,0.0
TRE,453,0.0
TRE,454,0.0
TRE,455,0.0
TRE,456,0.0
TRE,457,0.0
TRE,458,0.0
TRE,459,0.0
TRE,460,0.0
TRE,461,0.0
TRE,462,0.0
TRE,463,0.0
TRE,464,0.0
TRE,465,0.0
TRE,466,0.0
TRE,467,0.0
TRE,468,0.0
TRE,469,0.0
TRE,470,0.0
TRE,471,0.0
TRE,472,0.0
TRE,473,0.0
TRE,474,0.0
TRE,475,0.0
TRE,476,0.0
TRE,477,0.0
TRE,478,0.0
TRE,479,0.0
TRE,480,0.0
TRE,481,0.0
TRE,482,0.0
TRE,483,0.0
TRE,484,0.0
TRE,485,0.0
TRE,486,0.0
TRE,487,0.0
TRE,488,0.0
TRE,489,0.0
TRE,490,0.0
TRE,491,0.0
TRE,492,0.0
TRE,493,0.0
TRE,494,0.0
TRE,495,0.0
TRE,496,0.0
TRE,497,0.0
TRE,498,0.0
TRE,499,0.0
TRE,500,0.0
TRE,501,0.0
TRE,502,0.0
TRE,503,0.0
TRE,504,0.0
TRE,505,0.0
TRE,506,0.0
TRE,507,0.0
TRE,508,0.0
TRE,509,0.0
TRE,510,0.0
TRE,511,0.0
TRE,512,0.0
TRE,513,0.0
TRE,514,0.0
TRE,515,0.0
TRE,516,0.0
TRE,517,0.0
TRE,518,0.0
TRE,519,0.0
TRE,520,0.0
TRE,521,0.0
TRE,522,0.0
TRE,523,0.0
TRE,524,0.0
TRE,525,0.0
TRE,526,0.0
TRE,527,0.0
TRE,528,0.0
TRE,529,0.0
TRE,530,0.0
TRE,531,0.0
TRE,532,0.0
TRE,533,0.0
TRE,534,0.0
TRE,535,0.0
TRE,536,0.0
TRE,537,0.0
TRE,538,0.0
TRE,539,0.0
TRE,540,0.0
TRE,541,0.0
TRE,542,0.0
TRE,543,0.0
TRE,544,0.0
TRE,545,0.0
TRE,546,0.0
TRE,547,0.0
TRE,548,0.0
TRE,549,0.0
TRE,550,0.0
TRE,551,0.0
TRE,552,0.0
TRE,553,0.0
TRE,554,0.0
TRE,555,0.0
TRE,556,0.0
TRE,557,0.0
TRE,558,0.0
TRE,559,0.0
TRE,560,0.0
TRE,561,0.0
TRE,562,0.0
TRE,563,0.0
TRE,564,0.0
TRE,565,0.0
TRE,566,0.0
TRE,567,0.0
TRE,568,0.0
TRE,569,0.0
TRE,570,0.0
TRE,571,0.0
TRE,572,0.0
TRE,573,0.0
TRE,574,0.0
TRE,575,0.0
TRE,576,0.0
TREW,1,0.0
TREW,2,0.0
TREW,3,0.0
TREW,4,0.0
TREW,5,0.0
TREW,6,0.0
TREW,7,0.0
TREW,8,0.0
TREW,9,0.0
TREW,10,0.0
TREW,11,0.0
TREW,12,0.0
TREW,13,0.0
TREW,14,0.0
TREW,15,0.0
TREW,16,0.0
TREW,17,0.0
TREW,18,0.0
TREW,19,0.0
TREW,20,0.0
TREW,21,0.0
TREW,22,0.0
TREW,23,0.0
TREW,24,0.0
TREW,25,0.0
TREW,26,0.0
TREW,27,0.0
TREW,28,0.0
TREW,29,0.0
TREW,30,0.0
TREW,31,0.0
TREW,32,0.0
TREW,33,0.0
TREW,34,0.0
TREW,35,0.0
TREW,36,0.0
TREW,37,0.0
TREW,38,0.0
TREW,39,0.0
TREW,40,0.0
TREW,41,0.0
TREW,42,0.0
TREW,43,0.0
TREW,44,0.0
TREW,45,0.0
TREW,46,0.0
TREW,47,0.0
TREW,48,0.0
TREW,49,0.0
TREW,50,0.0
TREW,51,0.0
TREW,52,0.0
TREW,53,0.0
TREW,54,0.0
TREW,55,0.0
TREW,56,0.0
TREW,57,0.0
TREW,58,0.0
TREW,59,0.0
TREW,60,0.0
TREW,61,0.0
TREW,62,0.0
TREW,63,0.0
TREW,64,0.0
TREW,65,0.0
TREW,66,0.0
TREW,67,0.0
TREW,68,0.0
TREW,69,0.0
TREW,70,0.0
TREW,71,0.0
TREW,72,0.0
TREW,73,0.0
TREW,74,0.0
TREW,75,0.0
TREW,76,0.0
TREW,77,0.0
TREW,78,0.0
TREW,79,0.0
TREW,80,0.0
TREW,81,0.0
TREW,82,0.0
TREW,83,0.0
TREW,84,0.0
TREW,85,0.0
TREW,86,0.0
TREW,87,0.0
TREW,88,0.0
TREW,89,0.0
TREW,90,0.0
TREW,91,0.0
TREW,92,0.0
TREW,93,0.0
TREW,94,0.0
TREW,95,0.0
TREW,96,0.0
TREW,97,0.0
TREW,98,0.0
TREW,99,0.0
TREW,100,0.0
TREW,101,0.0
TREW,102,0.0
TREW,103,0.0
TREW,104,0.0
TREW,105,0.0
TREW,106,0.0
TREW,107,0.0
TREW,108,0.0
TREW,109,0.0
TREW,110,0.0
TREW,111,0.0
TREW,112,0.0
TREW,113,0.0
TREW,114,0.0
TREW,115,0.0
TREW,116,0.0
TREW,117,0.0
TREW,118,0.0
TREW,119,0.0
TREW,120,0.0
TREW,121,0.0
TREW,122,0.0
TREW,123,0.0
TREW,124,0.0
TREW,125,0.0
TREW,126,0.0
TREW,127,0.0
TREW,128,0.0
TREW,129,0.0
TREW,130,0.0
TREW,131,0.0
TREW,132,0.0
TREW,133,0.0
TREW,134,0.0
TREW,135,0.0
TREW,136,0.0
TREW,137,0.0
TREW,138,0.0
TREW,139,0.0
TREW,140,0.0
TREW,141,0.0
TREW,142,0.0
TREW,143,0.0
TREW,144,0.0
TREW,145,0.0
TREW,146,0.0
TREW,147,0.0
TREW,148,0.0
TREW,149,0.0
TREW,150,0.0
TREW,151,0.0
TREW,152,0.0
TREW,153,0.0
TREW,154,0.0
TREW,155,0.0
TREW,156,0.0
TREW,157,0.0
TREW,158,0.0
TREW,159,0.0
TREW,160,0.0
TREW,161,0.0
TREW,162,0.0
TREW,163,0.0
TREW,164,0.0
TREW,165,0.0
TREW,166,0.0
TREW,167,0.0
TREW,168,0.0
TREW,169,0.0
TREW,170,0.0
TREW,171,0.0
TREW,172,0.0
TREW,173,0.0
TREW,174,0.0
TREW,175,0.0
TREW,176,0.0
TREW,177,0.0
TREW,178,0.0
TREW,179,0.0
TREW,180,0.0
TREW,181,0.0
TREW,182,0.0
TREW,183,0.0
TREW,184,0.0
TREW,185,0.0
TREW,186,0.0
TREW,187,0.0
TREW,188,0.0
TREW,189,0.0
TREW,190,0.0
TREW,191,0.0
TREW,192,0.0
TREW,193,0.0
TREW,194,0.0
TREW,195,0.0
TREW,196,0.0
TREW,197,0.0
TREW,198,0.0
TREW,199,0.0
TREW,200,0.0
TREW,201,0.0
TREW,202,0.0
TREW,203,0.0
TREW,204,0.0
TREW,205,0.0
TREW,206,0.0
TREW,207,0.0
TREW,208,0.0
TREW,209,0.0
TREW,210,0.0
TREW,211,0.0
TREW,212,0.0
TREW,213,0.0
TREW,214,0.0
TREW,215,0.0
TREW,216,0.0
TREW,217,0.0
TREW,218,0.0
TREW,219,0.0
TREW,220,0.0
TREW,221,0.0
TREW,222,0.0
TREW,223,0.0
TREW,224,0.0
TREW,225,0.0
TREW,226,0.0
TREW,227,0.0
TREW,228,0.0
TREW,229,0.0
TREW,230,0.0
TREW,231,0.0
TREW,232,0.0
TREW,233,0.0
TREW,234,0.0
TREW,235,0.0
TREW,236,0.0
TREW,237,0.0
TREW,238,0.0
TREW,239,0.0
TREW,240,0.0
TREW,241,0.0
TREW,242,0.0
TREW,243,0.0
TREW,244,0.0
TREW,245,0.0
TREW,246,0.0
TREW,247,0.0
TREW,248,0.0
TREW,249,0.0
TREW,250,0.0
TREW,251,0.0
TREW,252,0.0
TREW,253,0.0
TREW,254,0.0
TREW,255,0.0
TREW,256,0.0
TREW,257,0.0
TREW,258,0.0
TREW,259,0.0
TREW,260,0.0
TREW,261,0.0
TREW,262,0.0
TREW,263,0.0
TREW,264,0.0
TREW,265,0.0
TREW,266,0.0
TREW,267,0.0
TREW,268,0.0
TREW,269,0.0
TREW,270,0.0
TREW,271,0.0
TREW,272,0.0
TREW,273,0.0
TREW,274,0.0
TREW,275,0.0
TREW,276,0.0
TREW,277,0.0
TREW,278,0.0
TREW,279,0.0
TREW,280,0.0
TREW,281,0.0
TREW,282,0.0
TREW,283,0.0
TREW,284,0.0
TREW,285,0.0
TREW,286,0.0
TREW,287,0.0
TREW,288,0.0
TREW,289,0.0
TREW,290,0.0
TREW,291,0.0
TREW,292,0.0
TREW,293,0.0
TREW,294,0.0
TREW,295,0.0
TREW,296,0.0
TREW,297,0.0
TREW,298,0.0
TREW,299,0.0
TREW,300,0.0
TREW,301,0.0
TREW,302,0.0
TREW,303,0.0
TREW,304,0.0
TREW,305,0.0
TREW,306,0.0
TREW,307,0.0
TREW,308,0.0
TREW,309,0.0
TREW,310,0.0
TREW,311,0.0
TREW,312,0.0
TREW,313,0.0
TREW,314,0.0
TREW,315,0.0
TREW,316,0.0
TREW,317,0.0
TREW,318,0.0
TREW,319,0.0
TREW,320,0.0
TREW,321,0.0
TREW,322,0.0
TREW,323,0.0
TREW,324,0.0
TREW,325,0.0
TREW,326,0.0
TREW,327,0.0
TREW,328,0.0
TREW,329,0.0
TREW,330,0.0
TREW,331,0.0
TREW,332,0.0
TREW,333,0.0
TREW,334,0.0
TREW,335,0.0
TREW,336,0.0
TREW,337,0.0
TREW,338,0.0
TREW,339,0.0
TREW,340,0.0
TREW,341,0.0
TREW,342,0.0
TREW,343,0.0
TREW,344,0.0
TREW,345,0.0
TREW,346,0.0
TREW,347,0.0
TREW,348,0.0
TREW,349,0.0
TREW,350,0.0
TREW,351,0.0
TREW,352,0.0
TREW,353,0.0
TREW,354,0.0
TREW,355,0.0
TREW,356,0.0
TREW,357,0.0
TREW,358,0.0
TREW,359,0.0
TREW,360,0.0
TREW,361,0.0
TREW,362,0.0
TREW,363,0.0
TREW,364,0.0
TREW,365,0.0
TREW,366,0.0
TREW,367,0.0
TREW,368,0.0
TREW,369,0.0
TREW,370,0.0
TREW,371,0.0
TREW,372,0.0
TREW,373,0.0
TREW,374,0.0
TREW,375,0.0
TREW,376,0.0
TREW,377,0.0
TREW,378,0.0
TREW,379,0.0
TREW,380,0.0
TREW,381,0.0
TREW,382,0.0
TREW,383,0.0
TREW,384,0.0
TREW,385,0.0
TREW,386,0.0
TREW,387,0.0
TREW,388,0.0
TREW,389,0.0
TREW,390,0.0
TREW,391,0.0
TREW,392,0.0
TREW,393,0.0
TREW,394,0.0
TREW,395,0.0
TREW,396,0.0
TREW,397,0.0
TREW,398,0.0
TREW,399,0.0
TREW,400,0.0
TREW,401,0.0
TREW,402,0.0
TREW,403,0.0
TREW,404,0.0
TREW,405,0.0
TREW,406,0.0
TREW,407,0.0
TREW,408,0.0
TREW,409,0.0
TREW,410,0.0
TREW,411,0.0
TREW,412,0.0
TREW,413,0.0
TREW,414,0.0
TREW,415,0.0
TREW,416,0.0
TREW,417,0.0
TREW,418,0.0
TREW,419,0.0
TREW,420,0.0
TREW,421,0.0
TREW,422,0.0
TREW,423,0.0
TREW,424,0.0
TREW,425,0.0
TREW,426,0.0
TREW,427,0.0
TREW,428,0.0
TREW,429,0.0
TREW,430,0.0
TREW,431,0.0
TREW,432,0.0
TREW,433,0.0
TREW,434,0.0
TREW,435,0.0
TREW,436,0.0
TREW,437,0.0
TREW,438,0.0
TREW,439,0.0
TREW,440,0.0
TREW,441,0.0
TREW,442,0.0
TREW,443,0.0
TREW,444,0.0
TREW,445,0.0
TREW,446,0.0
TREW,447,0.0
TREW,448,0.0
TREW,449,0.0
TREW,450,0.0
TREW,451,0.0
TREW,452,0.0
TREW,453,0.0
TREW,454,0.0
TREW,455,0.0
TREW,456,0.0
TREW,457,0.0
TREW,458,0.0
TREW,459,0.0
TREW,460,0.0
TREW,461,0.0
TREW,462,0.0
TREW,463,0.0
TREW,464,0.0
TREW,465,0.0
TREW,466,0.0
TREW,467,0.0
TREW,468,0.0
TREW,469,0.0
TREW,470,0.0
TREW,471,0.0
TREW,472,0.0
TREW,473,0.0
TREW,474,0.0
TREW,475,0.0
TREW,476,0.0
TREW,477,0.0
TREW,478,0.0
TREW,479,0.0
TREW,480,0.0
TREW,481,0.0
TREW,482,0.0
TREW,483,0.0
TREW,484,0.0
TREW,485,0.0
TREW,486,0.0
TREW,487,0.0
TREW,488,0.0
TREW,489,0.0
TREW,490,0.0
TREW,491,0.0
TREW,492,0.0
TREW,493,0.0
TREW,494,0.0
TREW,495,0.0
TREW,496,0.0
TREW,497,0.0
TREW,498,0.0
TREW,499,0.0
TREW,500,0.0
TREW,501,0.0
TREW,502,0.0
TREW,503,0.0
TREW,504,0.0
TREW,505,0.0
TREW,506,0.0
TREW,507,0.0
TREW,508,0.0
TREW,509,0.0
TREW,510,0.0
TREW,511,0.0
TREW,512,0.0
TREW,513,0.0
TREW,514,0.0
TREW,515,0.0
TREW,516,0.0
TREW,517,0.0
TREW,518,0.0
TREW,519,0.0
TREW,520,0.0
TREW,521,0.0
TREW,522,0.0
TREW,523,0.0
TREW,524,0.0
TREW,525,0.0
TREW,526,0.0
TREW,527,0.0
TREW,528,0.0
TREW,529,0.0
TREW,530,0.0
TREW,531,0.0
TREW,532,0.0
TREW,533,0.0
TREW,534,0.0
TREW,535,0.0
TREW,536,0.0
TREW,537,0.0
TREW,538,0.0
TREW,539,0.0
TREW,540,0.0
TREW,541,0.0
TREW,542,0.0
TREW,543,0.0
TREW,544,0.0
TREW,545,0.0
TREW,546,0.0
TREW,547,0.0
TREW,548,0.0
TREW,549,0.0
TREW,550,0.0
TREW,551,0.0
TREW,552,0.0
TREW,553,0.0
TREW,554,0.0
TREW,555,0.0
TREW,556,0.0
TREW,557,0.0
TREW,558,0.0
TREW,559,0.0
TREW,560,0.0
TREW,561,0.0
TREW,562,0.0
TREW,563,0.0
TREW,564,0.0
TREW,565,0.0
TREW,566,0.0
TREW,567,0.0
TREW,568,0.0
TREW,569,0.0
TREW,570,0.0
TREW,571,0.0
TREW,572,0.0
TREW,573,0.0
TREW,574,0.0
TREW,575,0.0
TREW,576,0.0
loadzone,1,0.0
loadzone,2,0.0
loadzone,3,0.0
loadzone,4,0.0
loadzone,5,0.0
loadzone,6,0.0
loadzone,7,0.0
loadzone,8,0.0
loadzone,9,0.0
loadzone,10,0.0
loadzone,11,0.0
loadzone,12,0.0
loadzone,13,0.0
loadzone,14,0.0
loadzone,15,0.0
loadzone,16,0.0
loadzone,17,0.0
loadzone,18,0.0
loadzone,19,0.0
loadzone,20,0.0
loadzone,21,0.0
loadzone,22,0.0
loadzone,23,0.0
loadzone,24,0.0
loadzone,25,0.0
loadzone,26,0.0
loadzone,27,0.0
loadzone,28,0.0
loadzone,29,0.0
loadzone,30,0.0
loadzone,31,0.0
loadzone,32,0.0
loadzone,33,0.0
loadzone,34,0.0
loadzone,35,0.0
loadzone,36,0.0
loadzone,37,0.0
loadzone,38,0.0
loadzone,39,0.0
loadzone,40,0.0
loadzone,41,0.0
loadzone,42,0.0
loadzone,43,0.0
loadzone,44,0.0
loadzone,45,0.0
loadzone,46,0.0
loadzone,47,0.0
loadzone,48,0.0
loadzone,49,0.0
loadzone,50,0.0
loadzone,51,0.0
loadzone,52,0.0
loadzone,53,0.0
loadzone,54,0.0
loadzone,55,0.0
loadzone,56,0.0
loadzone,57,0.0
loadzone,58,0.0
loadzone,59,0.0
loadzone,60,0.0
loadzone,61,0.0
loadzone,62,0.0
loadzone,63,0.0
loadzone,64,0.0
loadzone,65,0.0
loadzone,66,0.0
loadzone,67,0.0
loadzone,68,0.0
loadzone,69,0.0
loadzone,70,0.0
loadzone,71,0.0
loadzone,72,0.0
loadzone,73,0.0
loadzone,74,0.0
loadzone,75,0.0
loadzone,76,0.0
loadzone,77,0.0
loadzone,78,0.0
loadzone,79,0.0
loadzone,80,0.0
loadzone,81,0.0
loadzone,82,0.0
loadzone,83,0.0
loadzone,84,0.0
loadzone,85,0.0
loadzone,86,0.0
loadzone,87,0.0
loadzone,88,0.0
loadzone,89,0.0
loadzone,90,0.0
loadzone,91,0.0
loadzone,92,0.0
loadzone,93,0.0
loadzone,94,0.0
loadzone,95,0.0
loadzone,96,0.0
loadzone,97,0.0
loadzone,98,0.0
loadzone,99,0.0
loadzone,100,0.0
loadzone,101,0.0
loadzone,102,0.0
loadzone,103,0.0
loadzone,104,0.0
loadzone,105,0.0
loadzone,106,0.0
loadzone,107,0.0
loadzone,108,0.0
loadzone,109,0.0
loadzone,110,0.0
loadzone,111,0.0
loadzone,112,0.0
loadzone,113,0.0
loadzone,114,0.0
loadzone,115,0.0
loadzone,116,0.0
loadzone,117,0.0
loadzone,118,0.0
loadzone,119,0.0
loadzone,120,0.0
loadzone,121,0.0
loadzone,122,0.0
loadzone,123,0.0
loadzone,124,0.0
loadzone,125,0.0
loadzone,126,0.0
loadzone,127,0.0
loadzone,128,0.0
loadzone,129,0.0
loadzone,130,0.0
loadzone,131,0.0
loadzone,132,0.0
loadzone,133,0.0
loadzone,134,0.0
loadzone,135,0.0
loadzone,136,0.0
loadzone,137,0.0
loadzone,138,0.0
loadzone,139,0.0
loadzone,140,0.0
loadzone,141,0.0
loadzone,142,0.0
loadzone,143,0.0
loadzone,144,0.0
loadzone,145,0.0
loadzone,146,0.0
loadzone,147,0.0
loadzone,148,0.0
loadzone,149,0.0
loadzone,150,0.0
loadzone,151,0.0
loadzone,152,0.0
loadzone,153,0.0
loadzone,154,0.0
loadzone,155,0.0
loadzone,156,0.0
loadzone,157,0.0
loadzone,158,0.0
loadzone,159,0.0
loadzone,160,0.0
loadzone,161,0.0
loadzone,162,0.0
loadzone,163,0.0
loadzone,164,0.0
loadzone,165,0.0
loadzone,166,0.0
loadzone,167,0.0
loadzone,168,0.0
loadzone,169,0.0
loadzone,170,0.0
loadzone,171,0.0
loadzone,172,0.0
loadzone,173,0.0
loadzone,174,0.0
loadzone,175,0.0
loadzone,176,0.0
loadzone,177,0.0
loadzone,178,0.0
loadzone,179,0.0
loadzone,180,0.0
loadzone,181,0.0
loadzone,182,0.0
loadzone,183,0.0
loadzone,184,0.0
loadzone,185,0.0
loadzone,186,0.0
loadzone,187,0.0
loadzone,188,0.0
loadzone,189,0.0
loadzone,190,0.0
loadzone,191,0.0
loadzone,192,0.0
loadzone,193,0.0
loadzone,194,0.0
loadzone,195,0.0
loadzone,196,0.0
loadzone,197,0.0
loadzone,198,0.0
loadzone,199,0.0
loadzone,200,0.0
loadzone,201,0.0
loadzone,202,0.0
loadzone,203,0.0
loadzone,204,0.0
loadzone,205,0.0
loadzone,206,0.0
loadzone,207,0.0
loadzone,208,0.0
loadzone,209,0.0
loadzone,210,0.0
loadzone,211,0.0
loadzone,212,0.0
loadzone,213,0.0
loadzone,214,0.0
loadzone,215,0.0
loadzone,216,0.0
loadzone,217,0.0
loadzone,218,0.0
loadzone,219,0.0
loadzone,220,0.0
loadzone,221,0.0
loadzone,222,0.0
loadzone,223,0.0
loadzone,224,0.0
loadzone,225,0.0
loadzone,226,0.0
loadzone,227,0.0
loadzone,228,0.0
loadzone,229,0.0
loadzone,230,0.0
loadzone,231,0.0
loadzone,232,0.0
loadzone,233,0.0
loadzone,234,0.0
loadzone,235,0.0
loadzone,236,0.0
loadzone,237,0.0
loadzone,238,0.0
loadzone,239,0.0
loadzone,240,0.0
loadzone,241,0.0
loadzone,242,0.0
loadzone,243,0.0
loadzone,244,0.0
loadzone,245,0.0
loadzone,246,0.0
loadzone,247,0.0
loadzone,248,0.0
loadzone,249,0.0
loadzone,250,0.0
loadzone,251,0.0
loadzone,252,0.0
loadzone,253,0.0
loadzone,254,0.0
loadzone,255,0.0
loadzone,256,0.0
loadzone,257,0.0
loadzone,258,0.0
loadzone,259,0.0
loadzone,260,0.0
loadzone,261,0.0
loadzone,262,0.0
loadzone,263,0.0
loadzone,264,0.0
loadzone,265,0.0
loadzone,266,0.0
loadzone,267,0.0
loadzone,268,0.0
loadzone,269,0.0
loadzone,270,0.0
loadzone,271,0.0
loadzone,272,0.0
loadzone,273,0.0
loadzone,274,0.0
loadzone,275,0.0
loadzone,276,0.0
loadzone,277,0.0
loadzone,278,0.0
loadzone,279,0.0
loadzone,280,0.0
loadzone,281,0.0
loadzone,282,0.0
loadzone,283,0.0
loadzone,284,0.0
loadzone,285,0.0
loadzone,286,0.0
loadzone,287,0.0
loadzone,288,0.0
loadzone,289,0.0
loadzone,290,0.0
loadzone,291,0.0
loadzone,292,0.0
loadzone,293,0.0
loadzone,294,0.0
loadzone,295,0.0
loadzone,296,0.0
loadzone,297,0.0
loadzone,298,0.0
loadzone,299,0.0
loadzone,300,0.0
loadzone,301,0.0
loadzone,302,0.0
loadzone,303,0.0
loadzone,304,0.0
loadzone,305,0.0
loadzone,306,0.0
loadzone,307,0.0
loadzone,308,0.0
loadzone,309,0.0
loadzone,310,0.0
loadzone,311,0.0
loadzone,312,0.0
loadzone,313,0.0
loadzone,314,0.0
loadzone,315,0.0
loadzone,316,0.0
loadzone,317,0.0
loadzone,318,0.0
loadzone,319,0.0
loadzone,320,0.0
loadzone,321,0.0
loadzone,322,0.0
loadzone,323,0.0
loadzone,324,0.0
loadzone,325,0.0
loadzone,326,0.0
loadzone,327,0.0
loadzone,328,0.0
loadzone,329,0.0
loadzone,330,0.0
loadzone,331,0.0
loadzone,332,0.0
loadzone,333,0.0
loadzone,334,0.0
loadzone,335,0.0
loadzone,336,0.0
loadzone,337,0.0
loadzone,338,0.0
loadzone,339,0.0
loadzone,340,0.0
loadzone,341,0.0
loadzone,342,0.0
loadzone,343,0.0
loadzone,344,0.0
loadzone,345,0.0
loadzone,346,0.0
loadzone,347,0.0
loadzone,348,0.0
loadzone,349,0.0
loadzone,350,0.0
loadzone,351,0.0
loadzone,352,0.0
loadzone,353,0.0
loadzone,354,0.0
loadzone,355,0.0
loadzone,356,0.0
loadzone,357,0.0
loadzone,358,0.0
loadzone,359,0.0
loadzone,360,0.0
loadzone,361,0.0
loadzone,362,0.0
loadzone,363,0.0
loadzone,364,0.0
loadzone,365,0.0
loadzone,366,0.0
loadzone,367,0.0
loadzone,368,0.0
loadzone,369,0.0
loadzone,370,0.0
loadzone,371,0.0
loadzone,372,0.0
loadzone,373,0.0
loadzone,374,0.0
loadzone,375,0.0
loadzone,376,0.0
loadzone,377,0.0
loadzone,378,0.0
loadzone,379,0.0
loadzone,380,0.0
loadzone,381,0.0
loadzone,382,0.0
loadzone,383,0.0
loadzone,384,0.0
loadzone,385,0.0
loadzone,386,0.0
loadzone,387,0.0
loadzone,388,0.0
loadzone,389,0.0
loadzone,390,0.0
loadzone,391,0.0
loadzone,392,0.0
loadzone,393,0.0
loadzone,394,0.0
loadzone,395,0.0
loadzone,396,0.0
loadzone,397,0.0
loadzone,398,0.0
loadzone,399,0.0
loadzone,400,0.0
loadzone,401,0.0
loadzone,402,0.0
loadzone,403,0.0
loadzone,404,0.0
loadzone,405,0.0
loadzone,406,0.0
loadzone,407,0.0
loadzone,408,0.0
loadzone,409,0.0
loadzone,410,0.0
loadzone,411,0.0
loadzone,412,0.0
loadzone,413,0.0
loadzone,414,0.0
loadzone,415,0.0
loadzone,416,0.0
loadzone,417,0.0
loadzone,418,0.0
loadzone,419,0.0
loadzone,420,0.0
loadzone,421,0.0
loadzone,422,0.0
loadzone,423,0.0
loadzone,424,0.0
loadzone,425,0.0
loadzone,426,0.0
loadzone,427,0.0
loadzone,428,0.0
loadzone,429,0.0
loadzone,430,0.0
loadzone,431,0.0
loadzone,432,0.0
loadzone,433,0.0
loadzone,434,0.0
loadzone,435,0.0
loadzone,436,0.0
loadzone,437,0.0
loadzone,438,0.0
loadzone,439,0.0
loadzone,440,0.0
loadzone,441,0.0
loadzone,442,0.0
loadzone,443,0.0
loadzone,444,0.0
loadzone,445,0.0
loadzone,446,0.0
loadzone,447,0.0
loadzone,448,0.0
loadzone,449,0.0
loadzone,450,0.0
loadzone,451,0.0
loadzone,452,0.0
loadzone,453,0.0
loadzone,454,0.0
loadzone,455,0.0
loadzone,456,0.0
loadzone,457,0.0
loadzone,458,0.0
loadzone,459,0.0
loadzone,460,0.0
loadzone,461,0.0
loadzone,462,0.0
loadzone,463,0.0
loadzone,464,0.0
loadzone,465,0.0
loadzone,466,0.0
loadzone,467,0.0
loadzone,468,0.0
loadzone,469,0.0
loadzone,470,0.0
loadzone,471,0.0
loadzone,472,0.0
loadzone,473,0.0
loadzone,474,0.0
loadzone,475,0.0
loadzone,476,0.0
loadzone,477,0.0
loadzone,478,0.0
loadzone,479,0.0
loadzone,480,0.0
loadzone,481,0.0
loadzone,482,0.0
loadzone,483,0.0
loadzone,484,0.0
loadzone,485,0.0
loadzone,486,0.0
loadzone,487,0.0
loadzone,488,0.0
loadzone,489,0.0
loadzone,490,0.0
loadzone,491,0.0
loadzone,492,0.0
loadzone,493,0.0
loadzone,494,0.0
loadzone,495,0.0
loadzone,496,0.0
loadzone,497,0.0
loadzone,498,0.0
loadzone,499,0.0
loadzone,500,0.0
loadzone,501,0.0
loadzone,502,0.0
loadzone,503,0.0
loadzone,504,0.0
loadzone,505,0.0
loadzone,506,0.0
loadzone,507,0.0
loadzone,508,0.0
loadzone,509,0.0
loadzone,510,0.0
loadzone,511,0.0
loadzone,512,0.0
loadzone,513,0.0
loadzone,514,0.0
loadzone,515,0.0
loadzone,516,0.0
loadzone,517,0.0
loadzone,518,0.0
loadzone,519,0.0
loadzone,520,0.0
loadzone,521,0.0
loadzone,522,0.0
loadzone,523,0.0
loadzone,524,0.0
loadzone,525,0.0
loadzone,526,0.0
loadzone,527,0.0
loadzone,528,0.0
loadzone,529,0.0
loadzone,530,0.0
loadzone,531,0.0
loadzone,532,0.0
loadzone,533,0.0
loadzone,534,0.0
loadzone,535,0.0
loadzone,536,0.0
loadzone,537,0.0
loadzone,538,0.0
loadzone,539,0.0
loadzone,540,0.0
loadzone,541,0.0
loadzone,542,0.0
loadzone,543,0.0
loadzone,544,0.0
loadzone,545,0.0
loadzone,546,0.0
loadzone,547,0.0
loadzone,548,0.0
loadzone,549,0.0
loadzone,550,0.0
loadzone,551,0.0
loadzone,552,0.0
loadzone,553,0.0
loadzone,554,0.0
loadzone,555,0.0
loadzone,556,0.0
loadzone,557,0.0
loadzone,558,0.0
loadzone,559,0.0
loadzone,560,0.0
loadzone,561,0.0
loadzone,562,0.0
loadzone,563,0.0
loadzone,564,0.0
loadzone,565,0.0
loadzone,566,0.0
loadzone,567,0.0
loadzone,568,0.0
loadzone,569,0.0
loadzone,570,0.0
loadzone,571,0.0
loadzone,572,0.0
loadzone,573,0.0
loadzone,574,0.0
loadzone,575,0.0
loadzone,576,0.0
